
  .   ____          _            __ _ _
 /\\ / ___'_ __ _ _(_)_ __  __ _ \ \ \ \
( ( )\___ | '_ | '_| | '_ \/ _` | \ \ \ \
 \\/  ___)| |_)| | | | | || (_| |  ) ) ) )
  '  |____| .__|_| |_|_| |_\__, | / / / /
 =========|_|==============|___/=/_/_/_/

 :: Spring Boot ::                (v4.1.1)

2026-09-04T15:58:20.403+05:00  INFO 2793723 --- [a1-observability] [           main] u.m.MasterThesisObservabilityApplication : Starting MasterThesisObservabilityApplication v0.0.1-SNAPSHOT using Java 21.0.12 with PID 2793723 (/mnt/c/Users/O.Ustemirov/IdeaProjects/master-thesis-observability/target/master-thesis-observability-0.0.1-SNAPSHOT.jar started by stemirovustemirov in /mnt/c/Users/O.Ustemirov/IdeaProjects/master-thesis-observability)
2026-09-04T15:58:20.412+05:00  INFO 2793723 --- [a1-observability] [           main] u.m.MasterThesisObservabilityApplication : No active profile set, falling back to 1 default profile: "default"
2026-09-04T15:58:21.790+05:00  INFO 2793723 --- [a1-observability] [           main] .s.d.r.c.RepositoryConfigurationDelegate : Bootstrapping Spring Data JPA repositories in DEFAULT mode.
2026-09-04T15:58:21.853+05:00  INFO 2793723 --- [a1-observability] [           main] .s.d.r.c.RepositoryConfigurationDelegate : Finished Spring Data repository scanning in 46 ms. Found 2 JPA repository interfaces.
2026-09-04T15:58:22.886+05:00  INFO 2793723 --- [a1-observability] [           main] o.s.boot.tomcat.TomcatWebServer          : Tomcat initialized with port 8095 (http)
2026-09-04T15:58:22.902+05:00  INFO 2793723 --- [a1-observability] [           main] o.apache.catalina.core.StandardService   : Starting service [Tomcat]
2026-09-04T15:58:22.903+05:00  INFO 2793723 --- [a1-observability] [           main] o.apache.catalina.core.StandardEngine    : Starting Servlet engine: [Apache Tomcat/11.0.24]
2026-09-04T15:58:22.935+05:00  INFO 2793723 --- [a1-observability] [           main] b.w.c.s.WebApplicationContextInitializer : Root WebApplicationContext: initialization completed in 2405 ms
2026-09-04T15:58:23.550+05:00  INFO 2793723 --- [a1-observability] [           main] org.hibernate.orm.jpa                    : HHH008540: Processing PersistenceUnitInfo [name: default]
2026-09-04T15:58:23.677+05:00  INFO 2793723 --- [a1-observability] [           main] org.hibernate.orm.core                   : HHH000001: Hibernate ORM core version 7.4.5.Final
2026-09-04T15:58:24.628+05:00  INFO 2793723 --- [a1-observability] [           main] com.zaxxer.hikari.HikariDataSource       : a1-oltp - Starting...
2026-09-04T15:58:25.130+05:00  INFO 2793723 --- [a1-observability] [           main] com.zaxxer.hikari.pool.HikariPool        : a1-oltp - Added connection oracle.jdbc.driver.T4CConnection@1734b1a
2026-09-04T15:58:25.133+05:00  INFO 2793723 --- [a1-observability] [           main] com.zaxxer.hikari.HikariDataSource       : a1-oltp - Start completed.
2026-09-04T15:58:25.608+05:00  WARN 2793723 --- [a1-observability] [           main] org.hibernate.orm.jdbc                   : HHH100123: Low default JDBC fetch size: 10 (consider setting 'hibernate.jdbc.fetch_size')
2026-09-04T15:58:25.617+05:00  INFO 2793723 --- [a1-observability] [           main] org.hibernate.orm.connections.pooling    : HHH10001005: Database info:
	Database JDBC URL [jdbc:oracle:thin:@//localhost:1521/OBSVPDB]
	Database driver: Oracle JDBC driver
	Database dialect: OracleDialect
	Database version: 23.26.3
	Default catalog/schema: undefined/OBSV
	Autocommit mode: undefined/unknown
	Isolation level: READ_COMMITTED [default READ_COMMITTED]
	JDBC fetch size: 10
	Pool: DataSourceConnectionProvider
	Minimum pool size: undefined/unknown
	Maximum pool size: undefined/unknown
2026-09-04T15:58:26.874+05:00  INFO 2793723 --- [a1-observability] [           main] org.hibernate.orm.core                   : HHH000489: No JTA platform available (set 'hibernate.transaction.jta.platform' to enable JTA platform integration)
2026-09-04T15:58:26.882+05:00  INFO 2793723 --- [a1-observability] [           main] org.hibernate.orm.jdbc.batch             : HHH100501: Automatic JDBC statement batching enabled (maximum batch size 50)
2026-09-04T15:58:27.279+05:00  INFO 2793723 --- [a1-observability] [           main] o.s.d.j.r.query.QueryEnhancerFactories   : Hibernate is in classpath; If applicable, HQL parser will be used.
2026-09-04T15:58:28.511+05:00  INFO 2793723 --- [a1-observability] [           main] i.u.m.config.EventEmitterConfiguration   : observability.mode=WRAPPER_B3 -> emitter=OutboxEventEmitter
2026-09-04T15:58:29.079+05:00  INFO 2793723 --- [a1-observability] [           main] o.s.b.a.e.web.EndpointLinksResolver      : Exposing 4 endpoints beneath base path '/actuator'
2026-09-04T15:58:29.157+05:00  INFO 2793723 --- [a1-observability] [           main] o.s.boot.tomcat.TomcatWebServer          : Tomcat started on port 8095 (http) with context path '/'
2026-09-04T15:58:29.168+05:00  INFO 2793723 --- [a1-observability] [           main] u.m.MasterThesisObservabilityApplication : Started MasterThesisObservabilityApplication in 9.49 seconds (process running for 10.25)
2026-09-04T15:58:29.175+05:00  INFO 2793723 --- [a1-observability] [           main] i.u.m.harness.EnvironmentAssertions      : environment ok: mode=WRAPPER_B3 oltpPool=a1-oltp maxSize=32
2026-09-04T15:58:29.198+05:00  INFO 2793723 --- [a1-observability] [           main] i.u.m.harness.ModeActivator              : mode=WRAPPER_B3 activated: groundTruth=true aqCapture=false supplementalLogging=none
2026-09-04T15:58:31.022+05:00  INFO 2793723 --- [a1-observability] [nio-8095-exec-1] o.a.c.c.C.[Tomcat].[localhost].[/]       : Initializing Spring DispatcherServlet 'dispatcherServlet'
2026-09-04T15:58:31.023+05:00  INFO 2793723 --- [a1-observability] [nio-8095-exec-1] o.s.web.servlet.DispatcherServlet        : Initializing Servlet 'dispatcherServlet'
2026-09-04T15:58:31.024+05:00  INFO 2793723 --- [a1-observability] [nio-8095-exec-1] o.s.web.servlet.DispatcherServlet        : Completed initialization in 1 ms
2026-09-04T15:58:35.813+05:00  INFO 2793723 --- [a1-observability] [   scheduling-1] o.a.kafka.common.config.AbstractConfig   : ProducerConfig values: 
	acks = -1
	batch.size = 16384
	bootstrap.servers = [localhost:19092, localhost:29092, localhost:39092]
	buffer.memory = 33554432
	client.dns.lookup = use_all_dns_ips
	client.id = a1-observability-producer-1
	compression.gzip.level = -1
	compression.lz4.level = 9
	compression.type = lz4
	compression.zstd.level = 3
	config.providers = []
	connections.max.idle.ms = 540000
	delivery.timeout.ms = 120000
	enable.idempotence = true
	enable.metrics.push = true
	interceptor.classes = []
	key.serializer = class org.apache.kafka.common.serialization.StringSerializer
	linger.ms = 5
	max.block.ms = 60000
	max.in.flight.requests.per.connection = 5
	max.request.size = 1048576
	metadata.max.age.ms = 300000
	metadata.max.idle.ms = 300000
	metadata.recovery.rebootstrap.trigger.ms = 300000
	metadata.recovery.strategy = rebootstrap
	metric.reporters = [org.apache.kafka.common.metrics.JmxReporter]
	metrics.num.samples = 2
	metrics.recording.level = INFO
	metrics.sample.window.ms = 30000
	partitioner.adaptive.partitioning.enable = true
	partitioner.availability.timeout.ms = 0
	partitioner.class = null
	partitioner.ignore.keys = false
	receive.buffer.bytes = 32768
	reconnect.backoff.max.ms = 1000
	reconnect.backoff.ms = 50
	request.timeout.ms = 30000
	retries = 2147483647
	retry.backoff.max.ms = 1000
	retry.backoff.ms = 100
	sasl.client.callback.handler.class = null
	sasl.jaas.config = null
	sasl.kerberos.kinit.cmd = /usr/bin/kinit
	sasl.kerberos.min.time.before.relogin = 60000
	sasl.kerberos.service.name = null
	sasl.kerberos.ticket.renew.jitter = 0.05
	sasl.kerberos.ticket.renew.window.factor = 0.8
	sasl.login.callback.handler.class = null
	sasl.login.class = null
	sasl.login.connect.timeout.ms = null
	sasl.login.read.timeout.ms = null
	sasl.login.refresh.buffer.seconds = 300
	sasl.login.refresh.min.period.seconds = 60
	sasl.login.refresh.window.factor = 0.8
	sasl.login.refresh.window.jitter = 0.05
	sasl.login.retry.backoff.max.ms = 10000
	sasl.login.retry.backoff.ms = 100
	sasl.mechanism = GSSAPI
	sasl.oauthbearer.assertion.algorithm = RS256
	sasl.oauthbearer.assertion.claim.aud = null
	sasl.oauthbearer.assertion.claim.exp.seconds = 300
	sasl.oauthbearer.assertion.claim.iss = null
	sasl.oauthbearer.assertion.claim.jti.include = false
	sasl.oauthbearer.assertion.claim.nbf.seconds = 60
	sasl.oauthbearer.assertion.claim.sub = null
	sasl.oauthbearer.assertion.file = null
	sasl.oauthbearer.assertion.private.key.file = null
	sasl.oauthbearer.assertion.private.key.passphrase = null
	sasl.oauthbearer.assertion.template.file = null
	sasl.oauthbearer.client.credentials.client.id = null
	sasl.oauthbearer.client.credentials.client.secret = null
	sasl.oauthbearer.clock.skew.seconds = 30
	sasl.oauthbearer.expected.audience = []
	sasl.oauthbearer.expected.issuer = null
	sasl.oauthbearer.header.urlencode = false
	sasl.oauthbearer.jwks.endpoint.refresh.ms = 3600000
	sasl.oauthbearer.jwks.endpoint.retry.backoff.max.ms = 10000
	sasl.oauthbearer.jwks.endpoint.retry.backoff.ms = 100
	sasl.oauthbearer.jwks.endpoint.url = null
	sasl.oauthbearer.jwt.retriever.class = class org.apache.kafka.common.security.oauthbearer.DefaultJwtRetriever
	sasl.oauthbearer.jwt.validator.class = class org.apache.kafka.common.security.oauthbearer.DefaultJwtValidator
	sasl.oauthbearer.scope = null
	sasl.oauthbearer.scope.claim.name = scope
	sasl.oauthbearer.sub.claim.name = sub
	sasl.oauthbearer.token.endpoint.url = null
	security.protocol = PLAINTEXT
	security.providers = null
	send.buffer.bytes = 131072
	socket.connection.setup.timeout.max.ms = 30000
	socket.connection.setup.timeout.ms = 10000
	ssl.cipher.suites = []
	ssl.enabled.protocols = [TLSv1.2, TLSv1.3]
	ssl.endpoint.identification.algorithm = https
	ssl.engine.factory.class = null
	ssl.key.password = null
	ssl.keymanager.algorithm = SunX509
	ssl.keystore.certificate.chain = null
	ssl.keystore.key = null
	ssl.keystore.location = null
	ssl.keystore.password = null
	ssl.keystore.type = JKS
	ssl.protocol = TLSv1.3
	ssl.provider = null
	ssl.secure.random.implementation = null
	ssl.trustmanager.algorithm = PKIX
	ssl.truststore.certificates = null
	ssl.truststore.location = null
	ssl.truststore.password = null
	ssl.truststore.type = JKS
	transaction.timeout.ms = 60000
	transaction.two.phase.commit.enable = false
	transactional.id = null
	value.serializer = class org.apache.kafka.common.serialization.StringSerializer

2026-09-04T15:58:35.921+05:00  INFO 2793723 --- [a1-observability] [   scheduling-1] o.a.k.c.t.i.KafkaMetricsCollector        : initializing Kafka metrics collector
2026-09-04T15:58:35.995+05:00  INFO 2793723 --- [a1-observability] [   scheduling-1] o.a.k.clients.producer.KafkaProducer     : [Producer clientId=a1-observability-producer-1] Instantiated an idempotent producer.
2026-09-04T15:58:36.086+05:00  INFO 2793723 --- [a1-observability] [   scheduling-1] o.a.kafka.common.utils.AppInfoParser     : Kafka version: 4.2.1
2026-09-04T15:58:36.086+05:00  INFO 2793723 --- [a1-observability] [   scheduling-1] o.a.kafka.common.utils.AppInfoParser     : Kafka commitId: 92f61c44867f39dc
2026-09-04T15:58:36.087+05:00  INFO 2793723 --- [a1-observability] [   scheduling-1] o.a.kafka.common.utils.AppInfoParser     : Kafka startTimeMs: 1788519516079
2026-09-04T15:58:36.774+05:00  INFO 2793723 --- [a1-observability] [lity-producer-1] org.apache.kafka.clients.Metadata        : [Producer clientId=a1-observability-producer-1] Cluster ID: 4L6g3nShT-eMCtK--X86sw
2026-09-04T15:58:36.775+05:00  INFO 2793723 --- [a1-observability] [lity-producer-1] o.a.k.c.p.internals.TransactionManager   : [Producer clientId=a1-observability-producer-1] ProducerId set to 3015 with epoch 0
2026-09-04T15:59:40.809+05:00  WARN 2793723 --- [a1-observability] [lity-producer-1] o.a.k.clients.producer.internals.Sender  : [Producer clientId=a1-observability-producer-1] Got error produce response with correlation id 776 on topic-partition bank.a1.transaction.events-3, retrying (2147483646 attempts left). Error: NOT_ENOUGH_REPLICAS
2026-09-04T15:59:40.811+05:00  WARN 2793723 --- [a1-observability] [lity-producer-1] o.a.k.clients.producer.internals.Sender  : [Producer clientId=a1-observability-producer-1] Got error produce response with correlation id 776 on topic-partition bank.a1.transaction.events-2, retrying (2147483646 attempts left). Error: NOT_ENOUGH_REPLICAS
2026-09-04T15:59:40.813+05:00  WARN 2793723 --- [a1-observability] [lity-producer-1] o.a.k.clients.producer.internals.Sender  : [Producer clientId=a1-observability-producer-1] Got error produce response with correlation id 778 on topic-partition bank.a1.transaction.events-5, retrying (2147483646 attempts left). Error: NOT_LEADER_OR_FOLLOWER
2026-09-04T15:59:40.814+05:00  WARN 2793723 --- [a1-observability] [lity-producer-1] o.a.k.clients.producer.internals.Sender  : [Producer clientId=a1-observability-producer-1] Received invalid metadata error in produce request on partition bank.a1.transaction.events-5 due to org.apache.kafka.common.errors.NotLeaderOrFollowerException: For requests intended only for the leader, this error indicates that the broker is not the current leader. For requests intended for any replica, this error indicates that the broker is not a replica of the topic partition. Going to request metadata update now
2026-09-04T15:59:40.821+05:00  WARN 2793723 --- [a1-observability] [lity-producer-1] o.a.k.clients.producer.internals.Sender  : [Producer clientId=a1-observability-producer-1] Got error produce response with correlation id 777 on topic-partition bank.a1.transaction.events-4, retrying (2147483646 attempts left). Error: NOT_LEADER_OR_FOLLOWER
2026-09-04T15:59:40.822+05:00  WARN 2793723 --- [a1-observability] [lity-producer-1] o.a.k.clients.producer.internals.Sender  : [Producer clientId=a1-observability-producer-1] Received invalid metadata error in produce request on partition bank.a1.transaction.events-4 due to org.apache.kafka.common.errors.NotLeaderOrFollowerException: For requests intended only for the leader, this error indicates that the broker is not the current leader. For requests intended for any replica, this error indicates that the broker is not a replica of the topic partition. Going to request metadata update now
2026-09-04T15:59:40.826+05:00  WARN 2793723 --- [a1-observability] [lity-producer-1] o.a.k.clients.producer.internals.Sender  : [Producer clientId=a1-observability-producer-1] Got error produce response with correlation id 780 on topic-partition bank.a1.transaction.events-4, retrying (2147483645 attempts left). Error: NOT_ENOUGH_REPLICAS
2026-09-04T15:59:40.827+05:00  WARN 2793723 --- [a1-observability] [lity-producer-1] o.a.k.clients.producer.internals.Sender  : [Producer clientId=a1-observability-producer-1] Got error produce response with correlation id 780 on topic-partition bank.a1.transaction.events-5, retrying (2147483645 attempts left). Error: NOT_ENOUGH_REPLICAS
2026-09-04T15:59:40.922+05:00  WARN 2793723 --- [a1-observability] [lity-producer-1] o.a.k.clients.producer.internals.Sender  : [Producer clientId=a1-observability-producer-1] Got error produce response with correlation id 781 on topic-partition bank.a1.transaction.events-3, retrying (2147483645 attempts left). Error: NOT_ENOUGH_REPLICAS
2026-09-04T15:59:40.923+05:00  WARN 2793723 --- [a1-observability] [lity-producer-1] o.a.k.clients.producer.internals.Sender  : [Producer clientId=a1-observability-producer-1] Got error produce response with correlation id 781 on topic-partition bank.a1.transaction.events-2, retrying (2147483645 attempts left). Error: NOT_ENOUGH_REPLICAS
2026-09-04T15:59:41.037+05:00  WARN 2793723 --- [a1-observability] [lity-producer-1] o.a.k.clients.producer.internals.Sender  : [Producer clientId=a1-observability-producer-1] Got error produce response with correlation id 782 on topic-partition bank.a1.transaction.events-4, retrying (2147483644 attempts left). Error: NOT_ENOUGH_REPLICAS
2026-09-04T15:59:41.038+05:00  WARN 2793723 --- [a1-observability] [lity-producer-1] o.a.k.clients.producer.internals.Sender  : [Producer clientId=a1-observability-producer-1] Got error produce response with correlation id 783 on topic-partition bank.a1.transaction.events-5, retrying (2147483644 attempts left). Error: NOT_ENOUGH_REPLICAS
2026-09-04T15:59:41.114+05:00  WARN 2793723 --- [a1-observability] [lity-producer-1] o.a.k.clients.producer.internals.Sender  : [Producer clientId=a1-observability-producer-1] Got error produce response with correlation id 784 on topic-partition bank.a1.transaction.events-2, retrying (2147483644 attempts left). Error: NOT_ENOUGH_REPLICAS
2026-09-04T15:59:41.116+05:00  WARN 2793723 --- [a1-observability] [lity-producer-1] o.a.k.clients.producer.internals.Sender  : [Producer clientId=a1-observability-producer-1] Got error produce response with correlation id 785 on topic-partition bank.a1.transaction.events-3, retrying (2147483644 attempts left). Error: NOT_ENOUGH_REPLICAS
2026-09-04T15:59:41.395+05:00  WARN 2793723 --- [a1-observability] [lity-producer-1] o.a.k.clients.producer.internals.Sender  : [Producer clientId=a1-observability-producer-1] Got error produce response with correlation id 786 on topic-partition bank.a1.transaction.events-4, retrying (2147483643 attempts left). Error: NOT_ENOUGH_REPLICAS
2026-09-04T15:59:41.457+05:00  WARN 2793723 --- [a1-observability] [lity-producer-1] o.a.k.clients.producer.internals.Sender  : [Producer clientId=a1-observability-producer-1] Got error produce response with correlation id 787 on topic-partition bank.a1.transaction.events-5, retrying (2147483643 attempts left). Error: NOT_ENOUGH_REPLICAS
2026-09-04T15:59:41.536+05:00  WARN 2793723 --- [a1-observability] [lity-producer-1] o.a.k.clients.producer.internals.Sender  : [Producer clientId=a1-observability-producer-1] Got error produce response with correlation id 788 on topic-partition bank.a1.transaction.events-3, retrying (2147483643 attempts left). Error: NOT_ENOUGH_REPLICAS
2026-09-04T15:59:41.538+05:00  WARN 2793723 --- [a1-observability] [lity-producer-1] o.a.k.clients.producer.internals.Sender  : [Producer clientId=a1-observability-producer-1] Got error produce response with correlation id 789 on topic-partition bank.a1.transaction.events-2, retrying (2147483643 attempts left). Error: NOT_ENOUGH_REPLICAS
2026-09-04T15:59:42.291+05:00  WARN 2793723 --- [a1-observability] [lity-producer-1] o.a.k.clients.producer.internals.Sender  : [Producer clientId=a1-observability-producer-1] Got error produce response with correlation id 790 on topic-partition bank.a1.transaction.events-4, retrying (2147483642 attempts left). Error: NOT_ENOUGH_REPLICAS
2026-09-04T15:59:42.292+05:00  WARN 2793723 --- [a1-observability] [lity-producer-1] o.a.k.clients.producer.internals.Sender  : [Producer clientId=a1-observability-producer-1] Got error produce response with correlation id 790 on topic-partition bank.a1.transaction.events-5, retrying (2147483642 attempts left). Error: NOT_ENOUGH_REPLICAS
2026-09-04T15:59:42.293+05:00  WARN 2793723 --- [a1-observability] [lity-producer-1] o.a.k.clients.producer.internals.Sender  : [Producer clientId=a1-observability-producer-1] Got error produce response with correlation id 791 on topic-partition bank.a1.transaction.events-3, retrying (2147483642 attempts left). Error: NOT_ENOUGH_REPLICAS
2026-09-04T15:59:42.295+05:00  WARN 2793723 --- [a1-observability] [lity-producer-1] o.a.k.clients.producer.internals.Sender  : [Producer clientId=a1-observability-producer-1] Got error produce response with correlation id 792 on topic-partition bank.a1.transaction.events-2, retrying (2147483642 attempts left). Error: NOT_ENOUGH_REPLICAS
2026-09-04T15:59:42.700+05:00  INFO 2793723 --- [a1-observability] [lity-producer-1] org.apache.kafka.clients.NetworkClient   : [Producer clientId=a1-observability-producer-1] Node 3 disconnected.
2026-09-04T15:59:42.704+05:00  INFO 2793723 --- [a1-observability] [lity-producer-1] org.apache.kafka.clients.NetworkClient   : [Producer clientId=a1-observability-producer-1] Node -3 disconnected.
2026-09-04T15:59:42.706+05:00  INFO 2793723 --- [a1-observability] [lity-producer-1] org.apache.kafka.clients.NetworkClient   : [Producer clientId=a1-observability-producer-1] Node 2 disconnected.
2026-09-04T15:59:43.182+05:00  WARN 2793723 --- [a1-observability] [lity-producer-1] o.a.k.clients.producer.internals.Sender  : [Producer clientId=a1-observability-producer-1] Got error produce response with correlation id 794 on topic-partition bank.a1.transaction.events-4, retrying (2147483641 attempts left). Error: NOT_ENOUGH_REPLICAS
2026-09-04T15:59:43.182+05:00  WARN 2793723 --- [a1-observability] [lity-producer-1] o.a.k.clients.producer.internals.Sender  : [Producer clientId=a1-observability-producer-1] Got error produce response with correlation id 794 on topic-partition bank.a1.transaction.events-5, retrying (2147483641 attempts left). Error: NOT_ENOUGH_REPLICAS
2026-09-04T15:59:43.294+05:00  WARN 2793723 --- [a1-observability] [lity-producer-1] o.a.k.clients.producer.internals.Sender  : [Producer clientId=a1-observability-producer-1] Got error produce response with correlation id 795 on topic-partition bank.a1.transaction.events-3, retrying (2147483641 attempts left). Error: NOT_ENOUGH_REPLICAS
2026-09-04T15:59:43.295+05:00  WARN 2793723 --- [a1-observability] [lity-producer-1] o.a.k.clients.producer.internals.Sender  : [Producer clientId=a1-observability-producer-1] Got error produce response with correlation id 795 on topic-partition bank.a1.transaction.events-2, retrying (2147483641 attempts left). Error: NOT_ENOUGH_REPLICAS
2026-09-04T15:59:44.061+05:00  WARN 2793723 --- [a1-observability] [lity-producer-1] o.a.k.clients.producer.internals.Sender  : [Producer clientId=a1-observability-producer-1] Got error produce response with correlation id 796 on topic-partition bank.a1.transaction.events-5, retrying (2147483640 attempts left). Error: NOT_ENOUGH_REPLICAS
2026-09-04T15:59:44.182+05:00  WARN 2793723 --- [a1-observability] [lity-producer-1] o.a.k.clients.producer.internals.Sender  : [Producer clientId=a1-observability-producer-1] Got error produce response with correlation id 797 on topic-partition bank.a1.transaction.events-4, retrying (2147483640 attempts left). Error: NOT_ENOUGH_REPLICAS
2026-09-04T15:59:44.183+05:00  WARN 2793723 --- [a1-observability] [lity-producer-1] o.a.k.clients.producer.internals.Sender  : [Producer clientId=a1-observability-producer-1] Got error produce response with correlation id 797 on topic-partition bank.a1.transaction.events-2, retrying (2147483640 attempts left). Error: NOT_ENOUGH_REPLICAS
2026-09-04T15:59:44.295+05:00  WARN 2793723 --- [a1-observability] [lity-producer-1] o.a.k.clients.producer.internals.Sender  : [Producer clientId=a1-observability-producer-1] Got error produce response with correlation id 798 on topic-partition bank.a1.transaction.events-3, retrying (2147483640 attempts left). Error: NOT_ENOUGH_REPLICAS
2026-09-04T15:59:45.062+05:00  WARN 2793723 --- [a1-observability] [lity-producer-1] o.a.k.clients.producer.internals.Sender  : [Producer clientId=a1-observability-producer-1] Got error produce response with correlation id 799 on topic-partition bank.a1.transaction.events-5, retrying (2147483639 attempts left). Error: NOT_ENOUGH_REPLICAS
2026-09-04T15:59:45.063+05:00  WARN 2793723 --- [a1-observability] [lity-producer-1] o.a.k.clients.producer.internals.Sender  : [Producer clientId=a1-observability-producer-1] Got error produce response with correlation id 800 on topic-partition bank.a1.transaction.events-2, retrying (2147483639 attempts left). Error: NOT_ENOUGH_REPLICAS
2026-09-04T15:59:45.168+05:00  WARN 2793723 --- [a1-observability] [lity-producer-1] o.a.k.clients.producer.internals.Sender  : [Producer clientId=a1-observability-producer-1] Got error produce response with correlation id 801 on topic-partition bank.a1.transaction.events-4, retrying (2147483639 attempts left). Error: NOT_ENOUGH_REPLICAS
2026-09-04T15:59:45.296+05:00  WARN 2793723 --- [a1-observability] [lity-producer-1] o.a.k.clients.producer.internals.Sender  : [Producer clientId=a1-observability-producer-1] Got error produce response with correlation id 802 on topic-partition bank.a1.transaction.events-3, retrying (2147483639 attempts left). Error: NOT_ENOUGH_REPLICAS
2026-09-04T15:59:46.063+05:00  WARN 2793723 --- [a1-observability] [lity-producer-1] o.a.k.clients.producer.internals.Sender  : [Producer clientId=a1-observability-producer-1] Got error produce response with correlation id 803 on topic-partition bank.a1.transaction.events-4, retrying (2147483638 attempts left). Error: NOT_ENOUGH_REPLICAS
2026-09-04T15:59:46.064+05:00  WARN 2793723 --- [a1-observability] [lity-producer-1] o.a.k.clients.producer.internals.Sender  : [Producer clientId=a1-observability-producer-1] Got error produce response with correlation id 803 on topic-partition bank.a1.transaction.events-5, retrying (2147483638 attempts left). Error: NOT_ENOUGH_REPLICAS
2026-09-04T15:59:46.065+05:00  WARN 2793723 --- [a1-observability] [lity-producer-1] o.a.k.clients.producer.internals.Sender  : [Producer clientId=a1-observability-producer-1] Got error produce response with correlation id 804 on topic-partition bank.a1.transaction.events-2, retrying (2147483638 attempts left). Error: NOT_ENOUGH_REPLICAS
2026-09-04T15:59:46.296+05:00  WARN 2793723 --- [a1-observability] [lity-producer-1] o.a.k.clients.producer.internals.Sender  : [Producer clientId=a1-observability-producer-1] Got error produce response with correlation id 805 on topic-partition bank.a1.transaction.events-3, retrying (2147483638 attempts left). Error: NOT_ENOUGH_REPLICAS
2026-09-04T15:59:47.064+05:00  WARN 2793723 --- [a1-observability] [lity-producer-1] o.a.k.clients.producer.internals.Sender  : [Producer clientId=a1-observability-producer-1] Got error produce response with correlation id 806 on topic-partition bank.a1.transaction.events-4, retrying (2147483637 attempts left). Error: NOT_ENOUGH_REPLICAS
2026-09-04T15:59:47.065+05:00  WARN 2793723 --- [a1-observability] [lity-producer-1] o.a.k.clients.producer.internals.Sender  : [Producer clientId=a1-observability-producer-1] Got error produce response with correlation id 806 on topic-partition bank.a1.transaction.events-5, retrying (2147483637 attempts left). Error: NOT_ENOUGH_REPLICAS
2026-09-04T15:59:47.066+05:00  WARN 2793723 --- [a1-observability] [lity-producer-1] o.a.k.clients.producer.internals.Sender  : [Producer clientId=a1-observability-producer-1] Got error produce response with correlation id 807 on topic-partition bank.a1.transaction.events-2, retrying (2147483637 attempts left). Error: NOT_ENOUGH_REPLICAS
2026-09-04T15:59:47.297+05:00  WARN 2793723 --- [a1-observability] [lity-producer-1] o.a.k.clients.producer.internals.Sender  : [Producer clientId=a1-observability-producer-1] Got error produce response with correlation id 808 on topic-partition bank.a1.transaction.events-3, retrying (2147483637 attempts left). Error: NOT_ENOUGH_REPLICAS
2026-09-04T15:59:48.035+05:00  WARN 2793723 --- [a1-observability] [lity-producer-1] o.a.k.clients.producer.internals.Sender  : [Producer clientId=a1-observability-producer-1] Got error produce response with correlation id 809 on topic-partition bank.a1.transaction.events-5, retrying (2147483636 attempts left). Error: NOT_ENOUGH_REPLICAS
2026-09-04T15:59:48.036+05:00  WARN 2793723 --- [a1-observability] [lity-producer-1] o.a.k.clients.producer.internals.Sender  : [Producer clientId=a1-observability-producer-1] Got error produce response with correlation id 810 on topic-partition bank.a1.transaction.events-2, retrying (2147483636 attempts left). Error: NOT_ENOUGH_REPLICAS
2026-09-04T15:59:48.037+05:00  WARN 2793723 --- [a1-observability] [lity-producer-1] o.a.k.clients.producer.internals.Sender  : [Producer clientId=a1-observability-producer-1] Got error produce response with correlation id 811 on topic-partition bank.a1.transaction.events-4, retrying (2147483636 attempts left). Error: NOT_ENOUGH_REPLICAS
2026-09-04T15:59:48.297+05:00  WARN 2793723 --- [a1-observability] [lity-producer-1] o.a.k.clients.producer.internals.Sender  : [Producer clientId=a1-observability-producer-1] Got error produce response with correlation id 812 on topic-partition bank.a1.transaction.events-3, retrying (2147483636 attempts left). Error: NOT_ENOUGH_REPLICAS
2026-09-04T15:59:48.952+05:00  WARN 2793723 --- [a1-observability] [lity-producer-1] o.a.k.clients.producer.internals.Sender  : [Producer clientId=a1-observability-producer-1] Got error produce response with correlation id 813 on topic-partition bank.a1.transaction.events-2, retrying (2147483635 attempts left). Error: NOT_ENOUGH_REPLICAS
2026-09-04T15:59:48.953+05:00  WARN 2793723 --- [a1-observability] [lity-producer-1] o.a.k.clients.producer.internals.Sender  : [Producer clientId=a1-observability-producer-1] Got error produce response with correlation id 814 on topic-partition bank.a1.transaction.events-4, retrying (2147483635 attempts left). Error: NOT_ENOUGH_REPLICAS
2026-09-04T15:59:49.036+05:00  WARN 2793723 --- [a1-observability] [lity-producer-1] o.a.k.clients.producer.internals.Sender  : [Producer clientId=a1-observability-producer-1] Got error produce response with correlation id 815 on topic-partition bank.a1.transaction.events-5, retrying (2147483635 attempts left). Error: NOT_ENOUGH_REPLICAS
2026-09-04T15:59:49.298+05:00  WARN 2793723 --- [a1-observability] [lity-producer-1] o.a.k.clients.producer.internals.Sender  : [Producer clientId=a1-observability-producer-1] Got error produce response with correlation id 816 on topic-partition bank.a1.transaction.events-3, retrying (2147483635 attempts left). Error: NOT_ENOUGH_REPLICAS
2026-09-04T15:59:49.923+05:00  WARN 2793723 --- [a1-observability] [lity-producer-1] o.a.k.clients.producer.internals.Sender  : [Producer clientId=a1-observability-producer-1] Got error produce response with correlation id 817 on topic-partition bank.a1.transaction.events-4, retrying (2147483634 attempts left). Error: NOT_ENOUGH_REPLICAS
2026-09-04T15:59:49.923+05:00  WARN 2793723 --- [a1-observability] [lity-producer-1] o.a.k.clients.producer.internals.Sender  : [Producer clientId=a1-observability-producer-1] Got error produce response with correlation id 817 on topic-partition bank.a1.transaction.events-2, retrying (2147483634 attempts left). Error: NOT_ENOUGH_REPLICAS
2026-09-04T15:59:52.970+05:00  WARN 2793723 --- [a1-observability] [lity-producer-1] o.a.k.clients.producer.internals.Sender  : [Producer clientId=a1-observability-producer-1] Got error produce response with correlation id 818 on topic-partition bank.a1.transaction.events-4, retrying (2147483633 attempts left). Error: NOT_ENOUGH_REPLICAS
2026-09-04T15:59:52.970+05:00  WARN 2793723 --- [a1-observability] [lity-producer-1] o.a.k.clients.producer.internals.Sender  : [Producer clientId=a1-observability-producer-1] Got error produce response with correlation id 818 on topic-partition bank.a1.transaction.events-3, retrying (2147483634 attempts left). Error: NOT_ENOUGH_REPLICAS
2026-09-04T15:59:52.971+05:00  WARN 2793723 --- [a1-observability] [lity-producer-1] o.a.k.clients.producer.internals.Sender  : [Producer clientId=a1-observability-producer-1] Got error produce response with correlation id 818 on topic-partition bank.a1.transaction.events-5, retrying (2147483634 attempts left). Error: NOT_ENOUGH_REPLICAS
2026-09-04T15:59:52.971+05:00  WARN 2793723 --- [a1-observability] [lity-producer-1] o.a.k.clients.producer.internals.Sender  : [Producer clientId=a1-observability-producer-1] Got error produce response with correlation id 818 on topic-partition bank.a1.transaction.events-2, retrying (2147483633 attempts left). Error: NOT_ENOUGH_REPLICAS
2026-09-04T15:59:53.888+05:00  WARN 2793723 --- [a1-observability] [lity-producer-1] o.a.k.clients.producer.internals.Sender  : [Producer clientId=a1-observability-producer-1] Got error produce response with correlation id 819 on topic-partition bank.a1.transaction.events-2, retrying (2147483632 attempts left). Error: NOT_ENOUGH_REPLICAS
2026-09-04T15:59:53.888+05:00  WARN 2793723 --- [a1-observability] [lity-producer-1] o.a.k.clients.producer.internals.Sender  : [Producer clientId=a1-observability-producer-1] Got error produce response with correlation id 820 on topic-partition bank.a1.transaction.events-4, retrying (2147483632 attempts left). Error: NOT_ENOUGH_REPLICAS
2026-09-04T15:59:53.971+05:00  WARN 2793723 --- [a1-observability] [lity-producer-1] o.a.k.clients.producer.internals.Sender  : [Producer clientId=a1-observability-producer-1] Got error produce response with correlation id 821 on topic-partition bank.a1.transaction.events-3, retrying (2147483633 attempts left). Error: NOT_ENOUGH_REPLICAS
2026-09-04T15:59:53.972+05:00  WARN 2793723 --- [a1-observability] [lity-producer-1] o.a.k.clients.producer.internals.Sender  : [Producer clientId=a1-observability-producer-1] Got error produce response with correlation id 821 on topic-partition bank.a1.transaction.events-5, retrying (2147483633 attempts left). Error: NOT_ENOUGH_REPLICAS
2026-09-04T15:59:54.823+05:00  WARN 2793723 --- [a1-observability] [lity-producer-1] o.a.k.clients.producer.internals.Sender  : [Producer clientId=a1-observability-producer-1] Got error produce response with correlation id 822 on topic-partition bank.a1.transaction.events-2, retrying (2147483631 attempts left). Error: NOT_ENOUGH_REPLICAS
2026-09-04T15:59:54.824+05:00  WARN 2793723 --- [a1-observability] [lity-producer-1] o.a.k.clients.producer.internals.Sender  : [Producer clientId=a1-observability-producer-1] Got error produce response with correlation id 823 on topic-partition bank.a1.transaction.events-4, retrying (2147483631 attempts left). Error: NOT_ENOUGH_REPLICAS
2026-09-04T15:59:54.898+05:00  WARN 2793723 --- [a1-observability] [lity-producer-1] o.a.k.clients.producer.internals.Sender  : [Producer clientId=a1-observability-producer-1] Got error produce response with correlation id 824 on topic-partition bank.a1.transaction.events-3, retrying (2147483632 attempts left). Error: NOT_ENOUGH_REPLICAS
2026-09-04T15:59:54.972+05:00  WARN 2793723 --- [a1-observability] [lity-producer-1] o.a.k.clients.producer.internals.Sender  : [Producer clientId=a1-observability-producer-1] Got error produce response with correlation id 825 on topic-partition bank.a1.transaction.events-5, retrying (2147483632 attempts left). Error: NOT_ENOUGH_REPLICAS
2026-09-04T15:59:55.822+05:00  WARN 2793723 --- [a1-observability] [lity-producer-1] o.a.k.clients.producer.internals.Sender  : [Producer clientId=a1-observability-producer-1] Got error produce response with correlation id 826 on topic-partition bank.a1.transaction.events-5, retrying (2147483631 attempts left). Error: NOT_ENOUGH_REPLICAS
2026-09-04T15:59:55.823+05:00  WARN 2793723 --- [a1-observability] [lity-producer-1] o.a.k.clients.producer.internals.Sender  : [Producer clientId=a1-observability-producer-1] Got error produce response with correlation id 826 on topic-partition bank.a1.transaction.events-2, retrying (2147483630 attempts left). Error: NOT_ENOUGH_REPLICAS
2026-09-04T15:59:55.824+05:00  WARN 2793723 --- [a1-observability] [lity-producer-1] o.a.k.clients.producer.internals.Sender  : [Producer clientId=a1-observability-producer-1] Got error produce response with correlation id 827 on topic-partition bank.a1.transaction.events-4, retrying (2147483630 attempts left). Error: NOT_ENOUGH_REPLICAS
2026-09-04T15:59:55.824+05:00  WARN 2793723 --- [a1-observability] [lity-producer-1] o.a.k.clients.producer.internals.Sender  : [Producer clientId=a1-observability-producer-1] Got error produce response with correlation id 827 on topic-partition bank.a1.transaction.events-3, retrying (2147483631 attempts left). Error: NOT_ENOUGH_REPLICAS
2026-09-04T15:59:56.815+05:00  WARN 2793723 --- [a1-observability] [lity-producer-1] o.a.k.clients.producer.internals.Sender  : [Producer clientId=a1-observability-producer-1] Got error produce response with correlation id 828 on topic-partition bank.a1.transaction.events-4, retrying (2147483629 attempts left). Error: NOT_ENOUGH_REPLICAS
2026-09-04T15:59:56.816+05:00  WARN 2793723 --- [a1-observability] [lity-producer-1] o.a.k.clients.producer.internals.Sender  : [Producer clientId=a1-observability-producer-1] Got error produce response with correlation id 828 on topic-partition bank.a1.transaction.events-3, retrying (2147483630 attempts left). Error: NOT_ENOUGH_REPLICAS
2026-09-04T15:59:56.816+05:00  WARN 2793723 --- [a1-observability] [lity-producer-1] o.a.k.clients.producer.internals.Sender  : [Producer clientId=a1-observability-producer-1] Got error produce response with correlation id 828 on topic-partition bank.a1.transaction.events-5, retrying (2147483630 attempts left). Error: NOT_ENOUGH_REPLICAS
2026-09-04T15:59:56.817+05:00  WARN 2793723 --- [a1-observability] [lity-producer-1] o.a.k.clients.producer.internals.Sender  : [Producer clientId=a1-observability-producer-1] Got error produce response with correlation id 828 on topic-partition bank.a1.transaction.events-2, retrying (2147483629 attempts left). Error: NOT_ENOUGH_REPLICAS
2026-09-04T15:59:57.726+05:00  WARN 2793723 --- [a1-observability] [lity-producer-1] o.a.k.clients.producer.internals.Sender  : [Producer clientId=a1-observability-producer-1] Got error produce response with correlation id 829 on topic-partition bank.a1.transaction.events-4, retrying (2147483628 attempts left). Error: NOT_ENOUGH_REPLICAS
2026-09-04T15:59:57.727+05:00  WARN 2793723 --- [a1-observability] [lity-producer-1] o.a.k.clients.producer.internals.Sender  : [Producer clientId=a1-observability-producer-1] Got error produce response with correlation id 829 on topic-partition bank.a1.transaction.events-2, retrying (2147483628 attempts left). Error: NOT_ENOUGH_REPLICAS
2026-09-04T15:59:57.816+05:00  WARN 2793723 --- [a1-observability] [lity-producer-1] o.a.k.clients.producer.internals.Sender  : [Producer clientId=a1-observability-producer-1] Got error produce response with correlation id 830 on topic-partition bank.a1.transaction.events-3, retrying (2147483629 attempts left). Error: NOT_ENOUGH_REPLICAS
2026-09-04T15:59:57.816+05:00  WARN 2793723 --- [a1-observability] [lity-producer-1] o.a.k.clients.producer.internals.Sender  : [Producer clientId=a1-observability-producer-1] Got error produce response with correlation id 830 on topic-partition bank.a1.transaction.events-5, retrying (2147483629 attempts left). Error: NOT_ENOUGH_REPLICAS
2026-09-04T15:59:58.697+05:00  WARN 2793723 --- [a1-observability] [lity-producer-1] o.a.k.clients.producer.internals.Sender  : [Producer clientId=a1-observability-producer-1] Got error produce response with correlation id 831 on topic-partition bank.a1.transaction.events-2, retrying (2147483627 attempts left). Error: NOT_ENOUGH_REPLICAS
2026-09-04T15:59:58.698+05:00  WARN 2793723 --- [a1-observability] [lity-producer-1] o.a.k.clients.producer.internals.Sender  : [Producer clientId=a1-observability-producer-1] Got error produce response with correlation id 832 on topic-partition bank.a1.transaction.events-3, retrying (2147483628 attempts left). Error: NOT_ENOUGH_REPLICAS
2026-09-04T15:59:58.698+05:00  WARN 2793723 --- [a1-observability] [lity-producer-1] o.a.k.clients.producer.internals.Sender  : [Producer clientId=a1-observability-producer-1] Got error produce response with correlation id 833 on topic-partition bank.a1.transaction.events-4, retrying (2147483627 attempts left). Error: NOT_ENOUGH_REPLICAS
2026-09-04T15:59:58.699+05:00  WARN 2793723 --- [a1-observability] [lity-producer-1] o.a.k.clients.producer.internals.Sender  : [Producer clientId=a1-observability-producer-1] Got error produce response with correlation id 833 on topic-partition bank.a1.transaction.events-5, retrying (2147483628 attempts left). Error: NOT_ENOUGH_REPLICAS
2026-09-04T15:59:59.566+05:00  WARN 2793723 --- [a1-observability] [lity-producer-1] o.a.k.clients.producer.internals.Sender  : [Producer clientId=a1-observability-producer-1] Got error produce response with correlation id 834 on topic-partition bank.a1.transaction.events-3, retrying (2147483627 attempts left). Error: NOT_ENOUGH_REPLICAS
2026-09-04T15:59:59.665+05:00  WARN 2793723 --- [a1-observability] [lity-producer-1] o.a.k.clients.producer.internals.Sender  : [Producer clientId=a1-observability-producer-1] Got error produce response with correlation id 835 on topic-partition bank.a1.transaction.events-5, retrying (2147483627 attempts left). Error: NOT_ENOUGH_REPLICAS
2026-09-04T15:59:59.666+05:00  WARN 2793723 --- [a1-observability] [lity-producer-1] o.a.k.clients.producer.internals.Sender  : [Producer clientId=a1-observability-producer-1] Got error produce response with correlation id 835 on topic-partition bank.a1.transaction.events-2, retrying (2147483626 attempts left). Error: NOT_ENOUGH_REPLICAS
2026-09-04T15:59:59.699+05:00  WARN 2793723 --- [a1-observability] [lity-producer-1] o.a.k.clients.producer.internals.Sender  : [Producer clientId=a1-observability-producer-1] Got error produce response with correlation id 836 on topic-partition bank.a1.transaction.events-4, retrying (2147483626 attempts left). Error: NOT_ENOUGH_REPLICAS
2026-09-04T16:00:00.567+05:00  WARN 2793723 --- [a1-observability] [lity-producer-1] o.a.k.clients.producer.internals.Sender  : [Producer clientId=a1-observability-producer-1] Got error produce response with correlation id 837 on topic-partition bank.a1.transaction.events-3, retrying (2147483626 attempts left). Error: NOT_ENOUGH_REPLICAS
2026-09-04T16:00:00.568+05:00  WARN 2793723 --- [a1-observability] [lity-producer-1] o.a.k.clients.producer.internals.Sender  : [Producer clientId=a1-observability-producer-1] Got error produce response with correlation id 838 on topic-partition bank.a1.transaction.events-4, retrying (2147483625 attempts left). Error: NOT_ENOUGH_REPLICAS
2026-09-04T16:00:00.569+05:00  WARN 2793723 --- [a1-observability] [lity-producer-1] o.a.k.clients.producer.internals.Sender  : [Producer clientId=a1-observability-producer-1] Got error produce response with correlation id 838 on topic-partition bank.a1.transaction.events-5, retrying (2147483626 attempts left). Error: NOT_ENOUGH_REPLICAS
2026-09-04T16:00:00.666+05:00  WARN 2793723 --- [a1-observability] [lity-producer-1] o.a.k.clients.producer.internals.Sender  : [Producer clientId=a1-observability-producer-1] Got error produce response with correlation id 839 on topic-partition bank.a1.transaction.events-2, retrying (2147483625 attempts left). Error: NOT_ENOUGH_REPLICAS
2026-09-04T16:00:01.468+05:00  WARN 2793723 --- [a1-observability] [lity-producer-1] o.a.k.clients.producer.internals.Sender  : [Producer clientId=a1-observability-producer-1] Got error produce response with correlation id 840 on topic-partition bank.a1.transaction.events-4, retrying (2147483624 attempts left). Error: NOT_ENOUGH_REPLICAS
2026-09-04T16:00:01.469+05:00  WARN 2793723 --- [a1-observability] [lity-producer-1] o.a.k.clients.producer.internals.Sender  : [Producer clientId=a1-observability-producer-1] Got error produce response with correlation id 841 on topic-partition bank.a1.transaction.events-3, retrying (2147483625 attempts left). Error: NOT_ENOUGH_REPLICAS
2026-09-04T16:00:01.469+05:00  WARN 2793723 --- [a1-observability] [lity-producer-1] o.a.k.clients.producer.internals.Sender  : [Producer clientId=a1-observability-producer-1] Got error produce response with correlation id 841 on topic-partition bank.a1.transaction.events-5, retrying (2147483625 attempts left). Error: NOT_ENOUGH_REPLICAS
2026-09-04T16:00:01.667+05:00  WARN 2793723 --- [a1-observability] [lity-producer-1] o.a.k.clients.producer.internals.Sender  : [Producer clientId=a1-observability-producer-1] Got error produce response with correlation id 842 on topic-partition bank.a1.transaction.events-2, retrying (2147483624 attempts left). Error: NOT_ENOUGH_REPLICAS
2026-09-04T16:00:02.469+05:00  WARN 2793723 --- [a1-observability] [lity-producer-1] o.a.k.clients.producer.internals.Sender  : [Producer clientId=a1-observability-producer-1] Got error produce response with correlation id 843 on topic-partition bank.a1.transaction.events-4, retrying (2147483623 attempts left). Error: NOT_ENOUGH_REPLICAS
2026-09-04T16:00:02.469+05:00  WARN 2793723 --- [a1-observability] [lity-producer-1] o.a.k.clients.producer.internals.Sender  : [Producer clientId=a1-observability-producer-1] Got error produce response with correlation id 843 on topic-partition bank.a1.transaction.events-3, retrying (2147483624 attempts left). Error: NOT_ENOUGH_REPLICAS
2026-09-04T16:00:02.470+05:00  WARN 2793723 --- [a1-observability] [lity-producer-1] o.a.k.clients.producer.internals.Sender  : [Producer clientId=a1-observability-producer-1] Got error produce response with correlation id 844 on topic-partition bank.a1.transaction.events-5, retrying (2147483624 attempts left). Error: NOT_ENOUGH_REPLICAS
2026-09-04T16:00:02.667+05:00  WARN 2793723 --- [a1-observability] [lity-producer-1] o.a.k.clients.producer.internals.Sender  : [Producer clientId=a1-observability-producer-1] Got error produce response with correlation id 845 on topic-partition bank.a1.transaction.events-2, retrying (2147483623 attempts left). Error: NOT_ENOUGH_REPLICAS
2026-09-04T16:00:03.421+05:00  WARN 2793723 --- [a1-observability] [lity-producer-1] o.a.k.clients.producer.internals.Sender  : [Producer clientId=a1-observability-producer-1] Got error produce response with correlation id 846 on topic-partition bank.a1.transaction.events-3, retrying (2147483623 attempts left). Error: NOT_ENOUGH_REPLICAS
2026-09-04T16:00:03.422+05:00  WARN 2793723 --- [a1-observability] [lity-producer-1] o.a.k.clients.producer.internals.Sender  : [Producer clientId=a1-observability-producer-1] Got error produce response with correlation id 846 on topic-partition bank.a1.transaction.events-5, retrying (2147483623 attempts left). Error: NOT_ENOUGH_REPLICAS
2026-09-04T16:00:03.470+05:00  WARN 2793723 --- [a1-observability] [lity-producer-1] o.a.k.clients.producer.internals.Sender  : [Producer clientId=a1-observability-producer-1] Got error produce response with correlation id 847 on topic-partition bank.a1.transaction.events-4, retrying (2147483622 attempts left). Error: NOT_ENOUGH_REPLICAS
2026-09-04T16:00:03.668+05:00  WARN 2793723 --- [a1-observability] [lity-producer-1] o.a.k.clients.producer.internals.Sender  : [Producer clientId=a1-observability-producer-1] Got error produce response with correlation id 848 on topic-partition bank.a1.transaction.events-2, retrying (2147483622 attempts left). Error: NOT_ENOUGH_REPLICAS
2026-09-04T16:00:04.308+05:00  WARN 2793723 --- [a1-observability] [lity-producer-1] o.a.k.clients.producer.internals.Sender  : [Producer clientId=a1-observability-producer-1] Got error produce response with correlation id 849 on topic-partition bank.a1.transaction.events-4, retrying (2147483621 attempts left). Error: NOT_ENOUGH_REPLICAS
2026-09-04T16:00:04.309+05:00  WARN 2793723 --- [a1-observability] [lity-producer-1] o.a.k.clients.producer.internals.Sender  : [Producer clientId=a1-observability-producer-1] Got error produce response with correlation id 849 on topic-partition bank.a1.transaction.events-5, retrying (2147483622 attempts left). Error: NOT_ENOUGH_REPLICAS
2026-09-04T16:00:04.422+05:00  WARN 2793723 --- [a1-observability] [lity-producer-1] o.a.k.clients.producer.internals.Sender  : [Producer clientId=a1-observability-producer-1] Got error produce response with correlation id 850 on topic-partition bank.a1.transaction.events-3, retrying (2147483622 attempts left). Error: NOT_ENOUGH_REPLICAS
2026-09-04T16:00:04.669+05:00  WARN 2793723 --- [a1-observability] [lity-producer-1] o.a.k.clients.producer.internals.Sender  : [Producer clientId=a1-observability-producer-1] Got error produce response with correlation id 851 on topic-partition bank.a1.transaction.events-2, retrying (2147483621 attempts left). Error: NOT_ENOUGH_REPLICAS
2026-09-04T16:00:05.309+05:00  WARN 2793723 --- [a1-observability] [lity-producer-1] o.a.k.clients.producer.internals.Sender  : [Producer clientId=a1-observability-producer-1] Got error produce response with correlation id 852 on topic-partition bank.a1.transaction.events-4, retrying (2147483620 attempts left). Error: NOT_ENOUGH_REPLICAS
2026-09-04T16:00:05.310+05:00  WARN 2793723 --- [a1-observability] [lity-producer-1] o.a.k.clients.producer.internals.Sender  : [Producer clientId=a1-observability-producer-1] Got error produce response with correlation id 852 on topic-partition bank.a1.transaction.events-3, retrying (2147483621 attempts left). Error: NOT_ENOUGH_REPLICAS
2026-09-04T16:00:05.310+05:00  WARN 2793723 --- [a1-observability] [lity-producer-1] o.a.k.clients.producer.internals.Sender  : [Producer clientId=a1-observability-producer-1] Got error produce response with correlation id 852 on topic-partition bank.a1.transaction.events-5, retrying (2147483621 attempts left). Error: NOT_ENOUGH_REPLICAS
2026-09-04T16:00:05.670+05:00  WARN 2793723 --- [a1-observability] [lity-producer-1] o.a.k.clients.producer.internals.Sender  : [Producer clientId=a1-observability-producer-1] Got error produce response with correlation id 853 on topic-partition bank.a1.transaction.events-2, retrying (2147483620 attempts left). Error: NOT_ENOUGH_REPLICAS
2026-09-04T16:00:06.310+05:00  WARN 2793723 --- [a1-observability] [lity-producer-1] o.a.k.clients.producer.internals.Sender  : [Producer clientId=a1-observability-producer-1] Got error produce response with correlation id 854 on topic-partition bank.a1.transaction.events-4, retrying (2147483619 attempts left). Error: NOT_ENOUGH_REPLICAS
2026-09-04T16:00:06.310+05:00  WARN 2793723 --- [a1-observability] [lity-producer-1] o.a.k.clients.producer.internals.Sender  : [Producer clientId=a1-observability-producer-1] Got error produce response with correlation id 854 on topic-partition bank.a1.transaction.events-3, retrying (2147483620 attempts left). Error: NOT_ENOUGH_REPLICAS
2026-09-04T16:00:06.311+05:00  WARN 2793723 --- [a1-observability] [lity-producer-1] o.a.k.clients.producer.internals.Sender  : [Producer clientId=a1-observability-producer-1] Got error produce response with correlation id 854 on topic-partition bank.a1.transaction.events-5, retrying (2147483620 attempts left). Error: NOT_ENOUGH_REPLICAS
2026-09-04T16:00:06.671+05:00  WARN 2793723 --- [a1-observability] [lity-producer-1] o.a.k.clients.producer.internals.Sender  : [Producer clientId=a1-observability-producer-1] Got error produce response with correlation id 855 on topic-partition bank.a1.transaction.events-2, retrying (2147483619 attempts left). Error: NOT_ENOUGH_REPLICAS
2026-09-04T16:00:07.260+05:00  WARN 2793723 --- [a1-observability] [lity-producer-1] o.a.k.clients.producer.internals.Sender  : [Producer clientId=a1-observability-producer-1] Got error produce response with correlation id 856 on topic-partition bank.a1.transaction.events-5, retrying (2147483619 attempts left). Error: NOT_ENOUGH_REPLICAS
2026-09-04T16:00:07.261+05:00  WARN 2793723 --- [a1-observability] [lity-producer-1] o.a.k.clients.producer.internals.Sender  : [Producer clientId=a1-observability-producer-1] Got error produce response with correlation id 857 on topic-partition bank.a1.transaction.events-3, retrying (2147483619 attempts left). Error: NOT_ENOUGH_REPLICAS
2026-09-04T16:00:07.310+05:00  WARN 2793723 --- [a1-observability] [lity-producer-1] o.a.k.clients.producer.internals.Sender  : [Producer clientId=a1-observability-producer-1] Got error produce response with correlation id 858 on topic-partition bank.a1.transaction.events-4, retrying (2147483618 attempts left). Error: NOT_ENOUGH_REPLICAS
2026-09-04T16:00:07.672+05:00  WARN 2793723 --- [a1-observability] [lity-producer-1] o.a.k.clients.producer.internals.Sender  : [Producer clientId=a1-observability-producer-1] Got error produce response with correlation id 859 on topic-partition bank.a1.transaction.events-2, retrying (2147483618 attempts left). Error: NOT_ENOUGH_REPLICAS
2026-09-04T16:00:08.261+05:00  WARN 2793723 --- [a1-observability] [lity-producer-1] o.a.k.clients.producer.internals.Sender  : [Producer clientId=a1-observability-producer-1] Got error produce response with correlation id 860 on topic-partition bank.a1.transaction.events-3, retrying (2147483618 attempts left). Error: NOT_ENOUGH_REPLICAS
2026-09-04T16:00:08.262+05:00  WARN 2793723 --- [a1-observability] [lity-producer-1] o.a.k.clients.producer.internals.Sender  : [Producer clientId=a1-observability-producer-1] Got error produce response with correlation id 860 on topic-partition bank.a1.transaction.events-5, retrying (2147483618 attempts left). Error: NOT_ENOUGH_REPLICAS
2026-09-04T16:00:08.311+05:00  WARN 2793723 --- [a1-observability] [lity-producer-1] o.a.k.clients.producer.internals.Sender  : [Producer clientId=a1-observability-producer-1] Got error produce response with correlation id 861 on topic-partition bank.a1.transaction.events-4, retrying (2147483617 attempts left). Error: NOT_ENOUGH_REPLICAS
2026-09-04T16:00:08.673+05:00  WARN 2793723 --- [a1-observability] [lity-producer-1] o.a.k.clients.producer.internals.Sender  : [Producer clientId=a1-observability-producer-1] Got error produce response with correlation id 862 on topic-partition bank.a1.transaction.events-2, retrying (2147483617 attempts left). Error: NOT_ENOUGH_REPLICAS
2026-09-04T16:00:09.156+05:00  WARN 2793723 --- [a1-observability] [lity-producer-1] o.a.k.clients.producer.internals.Sender  : [Producer clientId=a1-observability-producer-1] Got error produce response with correlation id 863 on topic-partition bank.a1.transaction.events-4, retrying (2147483616 attempts left). Error: NOT_ENOUGH_REPLICAS
2026-09-04T16:00:09.156+05:00  WARN 2793723 --- [a1-observability] [lity-producer-1] o.a.k.clients.producer.internals.Sender  : [Producer clientId=a1-observability-producer-1] Got error produce response with correlation id 864 on topic-partition bank.a1.transaction.events-3, retrying (2147483617 attempts left). Error: NOT_ENOUGH_REPLICAS
2026-09-04T16:00:09.157+05:00  WARN 2793723 --- [a1-observability] [lity-producer-1] o.a.k.clients.producer.internals.Sender  : [Producer clientId=a1-observability-producer-1] Got error produce response with correlation id 864 on topic-partition bank.a1.transaction.events-5, retrying (2147483617 attempts left). Error: NOT_ENOUGH_REPLICAS
2026-09-04T16:00:09.674+05:00  WARN 2793723 --- [a1-observability] [lity-producer-1] o.a.k.clients.producer.internals.Sender  : [Producer clientId=a1-observability-producer-1] Got error produce response with correlation id 865 on topic-partition bank.a1.transaction.events-2, retrying (2147483616 attempts left). Error: NOT_ENOUGH_REPLICAS
2026-09-04T16:00:10.090+05:00  WARN 2793723 --- [a1-observability] [lity-producer-1] o.a.k.clients.producer.internals.Sender  : [Producer clientId=a1-observability-producer-1] Got error produce response with correlation id 866 on topic-partition bank.a1.transaction.events-5, retrying (2147483616 attempts left). Error: NOT_ENOUGH_REPLICAS
2026-09-04T16:00:10.091+05:00  WARN 2793723 --- [a1-observability] [lity-producer-1] o.a.k.clients.producer.internals.Sender  : [Producer clientId=a1-observability-producer-1] Got error produce response with correlation id 867 on topic-partition bank.a1.transaction.events-3, retrying (2147483616 attempts left). Error: NOT_ENOUGH_REPLICAS
2026-09-04T16:00:10.156+05:00  WARN 2793723 --- [a1-observability] [lity-producer-1] o.a.k.clients.producer.internals.Sender  : [Producer clientId=a1-observability-producer-1] Got error produce response with correlation id 868 on topic-partition bank.a1.transaction.events-4, retrying (2147483615 attempts left). Error: NOT_ENOUGH_REPLICAS
2026-09-04T16:00:10.675+05:00  WARN 2793723 --- [a1-observability] [lity-producer-1] o.a.k.clients.producer.internals.Sender  : [Producer clientId=a1-observability-producer-1] Got error produce response with correlation id 869 on topic-partition bank.a1.transaction.events-2, retrying (2147483615 attempts left). Error: NOT_ENOUGH_REPLICAS
2026-09-04T16:00:11.082+05:00  WARN 2793723 --- [a1-observability] [lity-producer-1] o.a.k.clients.producer.internals.Sender  : [Producer clientId=a1-observability-producer-1] Got error produce response with correlation id 870 on topic-partition bank.a1.transaction.events-5, retrying (2147483615 attempts left). Error: NOT_ENOUGH_REPLICAS
2026-09-04T16:00:11.091+05:00  WARN 2793723 --- [a1-observability] [lity-producer-1] o.a.k.clients.producer.internals.Sender  : [Producer clientId=a1-observability-producer-1] Got error produce response with correlation id 871 on topic-partition bank.a1.transaction.events-4, retrying (2147483614 attempts left). Error: NOT_ENOUGH_REPLICAS
2026-09-04T16:00:11.092+05:00  WARN 2793723 --- [a1-observability] [lity-producer-1] o.a.k.clients.producer.internals.Sender  : [Producer clientId=a1-observability-producer-1] Got error produce response with correlation id 871 on topic-partition bank.a1.transaction.events-3, retrying (2147483615 attempts left). Error: NOT_ENOUGH_REPLICAS
2026-09-04T16:00:11.675+05:00  WARN 2793723 --- [a1-observability] [lity-producer-1] o.a.k.clients.producer.internals.Sender  : [Producer clientId=a1-observability-producer-1] Got error produce response with correlation id 872 on topic-partition bank.a1.transaction.events-2, retrying (2147483614 attempts left). Error: NOT_ENOUGH_REPLICAS
2026-09-04T16:00:12.071+05:00  WARN 2793723 --- [a1-observability] [lity-producer-1] o.a.k.clients.producer.internals.Sender  : [Producer clientId=a1-observability-producer-1] Got error produce response with correlation id 873 on topic-partition bank.a1.transaction.events-4, retrying (2147483613 attempts left). Error: NOT_ENOUGH_REPLICAS
2026-09-04T16:00:12.072+05:00  WARN 2793723 --- [a1-observability] [lity-producer-1] o.a.k.clients.producer.internals.Sender  : [Producer clientId=a1-observability-producer-1] Got error produce response with correlation id 874 on topic-partition bank.a1.transaction.events-5, retrying (2147483614 attempts left). Error: NOT_ENOUGH_REPLICAS
2026-09-04T16:00:12.073+05:00  WARN 2793723 --- [a1-observability] [lity-producer-1] o.a.k.clients.producer.internals.Sender  : [Producer clientId=a1-observability-producer-1] Got error produce response with correlation id 875 on topic-partition bank.a1.transaction.events-3, retrying (2147483614 attempts left). Error: NOT_ENOUGH_REPLICAS
2026-09-04T16:00:12.676+05:00  WARN 2793723 --- [a1-observability] [lity-producer-1] o.a.k.clients.producer.internals.Sender  : [Producer clientId=a1-observability-producer-1] Got error produce response with correlation id 876 on topic-partition bank.a1.transaction.events-2, retrying (2147483613 attempts left). Error: NOT_ENOUGH_REPLICAS
2026-09-04T16:00:12.996+05:00  WARN 2793723 --- [a1-observability] [lity-producer-1] o.a.k.clients.producer.internals.Sender  : [Producer clientId=a1-observability-producer-1] Got error produce response with correlation id 877 on topic-partition bank.a1.transaction.events-5, retrying (2147483613 attempts left). Error: NOT_ENOUGH_REPLICAS
2026-09-04T16:00:12.997+05:00  WARN 2793723 --- [a1-observability] [lity-producer-1] o.a.k.clients.producer.internals.Sender  : [Producer clientId=a1-observability-producer-1] Got error produce response with correlation id 878 on topic-partition bank.a1.transaction.events-3, retrying (2147483613 attempts left). Error: NOT_ENOUGH_REPLICAS
2026-09-04T16:00:13.071+05:00  WARN 2793723 --- [a1-observability] [lity-producer-1] o.a.k.clients.producer.internals.Sender  : [Producer clientId=a1-observability-producer-1] Got error produce response with correlation id 879 on topic-partition bank.a1.transaction.events-4, retrying (2147483612 attempts left). Error: NOT_ENOUGH_REPLICAS
2026-09-04T16:00:13.677+05:00  WARN 2793723 --- [a1-observability] [lity-producer-1] o.a.k.clients.producer.internals.Sender  : [Producer clientId=a1-observability-producer-1] Got error produce response with correlation id 880 on topic-partition bank.a1.transaction.events-2, retrying (2147483612 attempts left). Error: NOT_ENOUGH_REPLICAS
2026-09-04T16:00:13.997+05:00  WARN 2793723 --- [a1-observability] [lity-producer-1] o.a.k.clients.producer.internals.Sender  : [Producer clientId=a1-observability-producer-1] Got error produce response with correlation id 881 on topic-partition bank.a1.transaction.events-5, retrying (2147483612 attempts left). Error: NOT_ENOUGH_REPLICAS
2026-09-04T16:00:13.998+05:00  WARN 2793723 --- [a1-observability] [lity-producer-1] o.a.k.clients.producer.internals.Sender  : [Producer clientId=a1-observability-producer-1] Got error produce response with correlation id 882 on topic-partition bank.a1.transaction.events-3, retrying (2147483612 attempts left). Error: NOT_ENOUGH_REPLICAS
2026-09-04T16:00:14.072+05:00  WARN 2793723 --- [a1-observability] [lity-producer-1] o.a.k.clients.producer.internals.Sender  : [Producer clientId=a1-observability-producer-1] Got error produce response with correlation id 883 on topic-partition bank.a1.transaction.events-4, retrying (2147483611 attempts left). Error: NOT_ENOUGH_REPLICAS
2026-09-04T16:00:14.678+05:00  WARN 2793723 --- [a1-observability] [lity-producer-1] o.a.k.clients.producer.internals.Sender  : [Producer clientId=a1-observability-producer-1] Got error produce response with correlation id 884 on topic-partition bank.a1.transaction.events-2, retrying (2147483611 attempts left). Error: NOT_ENOUGH_REPLICAS
2026-09-04T16:00:14.998+05:00  WARN 2793723 --- [a1-observability] [lity-producer-1] o.a.k.clients.producer.internals.Sender  : [Producer clientId=a1-observability-producer-1] Got error produce response with correlation id 885 on topic-partition bank.a1.transaction.events-4, retrying (2147483610 attempts left). Error: NOT_ENOUGH_REPLICAS
2026-09-04T16:00:14.999+05:00  WARN 2793723 --- [a1-observability] [lity-producer-1] o.a.k.clients.producer.internals.Sender  : [Producer clientId=a1-observability-producer-1] Got error produce response with correlation id 885 on topic-partition bank.a1.transaction.events-3, retrying (2147483611 attempts left). Error: NOT_ENOUGH_REPLICAS
2026-09-04T16:00:15.000+05:00  WARN 2793723 --- [a1-observability] [lity-producer-1] o.a.k.clients.producer.internals.Sender  : [Producer clientId=a1-observability-producer-1] Got error produce response with correlation id 885 on topic-partition bank.a1.transaction.events-5, retrying (2147483611 attempts left). Error: NOT_ENOUGH_REPLICAS
2026-09-04T16:00:15.679+05:00  WARN 2793723 --- [a1-observability] [lity-producer-1] o.a.k.clients.producer.internals.Sender  : [Producer clientId=a1-observability-producer-1] Got error produce response with correlation id 886 on topic-partition bank.a1.transaction.events-2, retrying (2147483610 attempts left). Error: NOT_ENOUGH_REPLICAS
2026-09-04T16:00:15.948+05:00  WARN 2793723 --- [a1-observability] [lity-producer-1] o.a.k.clients.producer.internals.Sender  : [Producer clientId=a1-observability-producer-1] Got error produce response with correlation id 887 on topic-partition bank.a1.transaction.events-3, retrying (2147483610 attempts left). Error: NOT_ENOUGH_REPLICAS
2026-09-04T16:00:15.949+05:00  WARN 2793723 --- [a1-observability] [lity-producer-1] o.a.k.clients.producer.internals.Sender  : [Producer clientId=a1-observability-producer-1] Got error produce response with correlation id 888 on topic-partition bank.a1.transaction.events-4, retrying (2147483609 attempts left). Error: NOT_ENOUGH_REPLICAS
2026-09-04T16:00:15.950+05:00  WARN 2793723 --- [a1-observability] [lity-producer-1] o.a.k.clients.producer.internals.Sender  : [Producer clientId=a1-observability-producer-1] Got error produce response with correlation id 889 on topic-partition bank.a1.transaction.events-5, retrying (2147483610 attempts left). Error: NOT_ENOUGH_REPLICAS
2026-09-04T16:00:16.671+05:00  WARN 2793723 --- [a1-observability] [lity-producer-1] o.a.k.clients.producer.internals.Sender  : [Producer clientId=a1-observability-producer-1] Got error produce response with correlation id 890 on topic-partition bank.a1.transaction.events-2, retrying (2147483609 attempts left). Error: NOT_ENOUGH_REPLICAS
2026-09-04T16:00:16.896+05:00  WARN 2793723 --- [a1-observability] [lity-producer-1] o.a.k.clients.producer.internals.Sender  : [Producer clientId=a1-observability-producer-1] Got error produce response with correlation id 891 on topic-partition bank.a1.transaction.events-3, retrying (2147483609 attempts left). Error: NOT_ENOUGH_REPLICAS
2026-09-04T16:00:16.897+05:00  WARN 2793723 --- [a1-observability] [lity-producer-1] o.a.k.clients.producer.internals.Sender  : [Producer clientId=a1-observability-producer-1] Got error produce response with correlation id 891 on topic-partition bank.a1.transaction.events-5, retrying (2147483609 attempts left). Error: NOT_ENOUGH_REPLICAS
2026-09-04T16:00:16.950+05:00  WARN 2793723 --- [a1-observability] [lity-producer-1] o.a.k.clients.producer.internals.Sender  : [Producer clientId=a1-observability-producer-1] Got error produce response with correlation id 892 on topic-partition bank.a1.transaction.events-4, retrying (2147483608 attempts left). Error: NOT_ENOUGH_REPLICAS
2026-09-04T16:00:17.672+05:00  WARN 2793723 --- [a1-observability] [lity-producer-1] o.a.k.clients.producer.internals.Sender  : [Producer clientId=a1-observability-producer-1] Got error produce response with correlation id 893 on topic-partition bank.a1.transaction.events-2, retrying (2147483608 attempts left). Error: NOT_ENOUGH_REPLICAS
2026-09-04T16:00:17.897+05:00  WARN 2793723 --- [a1-observability] [lity-producer-1] o.a.k.clients.producer.internals.Sender  : [Producer clientId=a1-observability-producer-1] Got error produce response with correlation id 894 on topic-partition bank.a1.transaction.events-4, retrying (2147483607 attempts left). Error: NOT_ENOUGH_REPLICAS
2026-09-04T16:00:17.898+05:00  WARN 2793723 --- [a1-observability] [lity-producer-1] o.a.k.clients.producer.internals.Sender  : [Producer clientId=a1-observability-producer-1] Got error produce response with correlation id 894 on topic-partition bank.a1.transaction.events-3, retrying (2147483608 attempts left). Error: NOT_ENOUGH_REPLICAS
2026-09-04T16:00:17.899+05:00  WARN 2793723 --- [a1-observability] [lity-producer-1] o.a.k.clients.producer.internals.Sender  : [Producer clientId=a1-observability-producer-1] Got error produce response with correlation id 894 on topic-partition bank.a1.transaction.events-5, retrying (2147483608 attempts left). Error: NOT_ENOUGH_REPLICAS
2026-09-04T16:00:18.673+05:00  WARN 2793723 --- [a1-observability] [lity-producer-1] o.a.k.clients.producer.internals.Sender  : [Producer clientId=a1-observability-producer-1] Got error produce response with correlation id 895 on topic-partition bank.a1.transaction.events-2, retrying (2147483607 attempts left). Error: NOT_ENOUGH_REPLICAS
2026-09-04T16:00:18.813+05:00  WARN 2793723 --- [a1-observability] [lity-producer-1] o.a.k.clients.producer.internals.Sender  : [Producer clientId=a1-observability-producer-1] Got error produce response with correlation id 896 on topic-partition bank.a1.transaction.events-3, retrying (2147483607 attempts left). Error: NOT_ENOUGH_REPLICAS
2026-09-04T16:00:18.814+05:00  WARN 2793723 --- [a1-observability] [lity-producer-1] o.a.k.clients.producer.internals.Sender  : [Producer clientId=a1-observability-producer-1] Got error produce response with correlation id 897 on topic-partition bank.a1.transaction.events-5, retrying (2147483607 attempts left). Error: NOT_ENOUGH_REPLICAS
2026-09-04T16:00:18.883+05:00  WARN 2793723 --- [a1-observability] [lity-producer-1] o.a.k.clients.producer.internals.Sender  : [Producer clientId=a1-observability-producer-1] Got error produce response with correlation id 898 on topic-partition bank.a1.transaction.events-4, retrying (2147483606 attempts left). Error: NOT_ENOUGH_REPLICAS
2026-09-04T16:00:19.674+05:00  WARN 2793723 --- [a1-observability] [lity-producer-1] o.a.k.clients.producer.internals.Sender  : [Producer clientId=a1-observability-producer-1] Got error produce response with correlation id 899 on topic-partition bank.a1.transaction.events-2, retrying (2147483606 attempts left). Error: NOT_ENOUGH_REPLICAS
2026-09-04T16:00:19.717+05:00  WARN 2793723 --- [a1-observability] [lity-producer-1] o.a.k.clients.producer.internals.Sender  : [Producer clientId=a1-observability-producer-1] Got error produce response with correlation id 900 on topic-partition bank.a1.transaction.events-3, retrying (2147483606 attempts left). Error: NOT_ENOUGH_REPLICAS
2026-09-04T16:00:19.718+05:00  WARN 2793723 --- [a1-observability] [lity-producer-1] o.a.k.clients.producer.internals.Sender  : [Producer clientId=a1-observability-producer-1] Got error produce response with correlation id 901 on topic-partition bank.a1.transaction.events-5, retrying (2147483606 attempts left). Error: NOT_ENOUGH_REPLICAS
2026-09-04T16:00:19.720+05:00  WARN 2793723 --- [a1-observability] [lity-producer-1] o.a.k.clients.producer.internals.Sender  : [Producer clientId=a1-observability-producer-1] Got error produce response with correlation id 902 on topic-partition bank.a1.transaction.events-4, retrying (2147483605 attempts left). Error: NOT_ENOUGH_REPLICAS
2026-09-04T16:00:20.635+05:00  WARN 2793723 --- [a1-observability] [lity-producer-1] o.a.k.clients.producer.internals.Sender  : [Producer clientId=a1-observability-producer-1] Got error produce response with correlation id 903 on topic-partition bank.a1.transaction.events-4, retrying (2147483604 attempts left). Error: NOT_ENOUGH_REPLICAS
2026-09-04T16:00:20.635+05:00  WARN 2793723 --- [a1-observability] [lity-producer-1] o.a.k.clients.producer.internals.Sender  : [Producer clientId=a1-observability-producer-1] Got error produce response with correlation id 903 on topic-partition bank.a1.transaction.events-3, retrying (2147483605 attempts left). Error: NOT_ENOUGH_REPLICAS
2026-09-04T16:00:20.636+05:00  WARN 2793723 --- [a1-observability] [lity-producer-1] o.a.k.clients.producer.internals.Sender  : [Producer clientId=a1-observability-producer-1] Got error produce response with correlation id 904 on topic-partition bank.a1.transaction.events-5, retrying (2147483605 attempts left). Error: NOT_ENOUGH_REPLICAS
2026-09-04T16:00:20.636+05:00  WARN 2793723 --- [a1-observability] [lity-producer-1] o.a.k.clients.producer.internals.Sender  : [Producer clientId=a1-observability-producer-1] Got error produce response with correlation id 905 on topic-partition bank.a1.transaction.events-2, retrying (2147483605 attempts left). Error: NOT_ENOUGH_REPLICAS
2026-09-04T16:00:21.498+05:00  WARN 2793723 --- [a1-observability] [lity-producer-1] o.a.k.clients.producer.internals.Sender  : [Producer clientId=a1-observability-producer-1] Got error produce response with correlation id 906 on topic-partition bank.a1.transaction.events-5, retrying (2147483604 attempts left). Error: NOT_ENOUGH_REPLICAS
2026-09-04T16:00:21.500+05:00  WARN 2793723 --- [a1-observability] [lity-producer-1] o.a.k.clients.producer.internals.Sender  : [Producer clientId=a1-observability-producer-1] Got error produce response with correlation id 907 on topic-partition bank.a1.transaction.events-4, retrying (2147483603 attempts left). Error: NOT_ENOUGH_REPLICAS
2026-09-04T16:00:21.500+05:00  WARN 2793723 --- [a1-observability] [lity-producer-1] o.a.k.clients.producer.internals.Sender  : [Producer clientId=a1-observability-producer-1] Got error produce response with correlation id 907 on topic-partition bank.a1.transaction.events-2, retrying (2147483604 attempts left). Error: NOT_ENOUGH_REPLICAS
2026-09-04T16:00:21.636+05:00  WARN 2793723 --- [a1-observability] [lity-producer-1] o.a.k.clients.producer.internals.Sender  : [Producer clientId=a1-observability-producer-1] Got error produce response with correlation id 908 on topic-partition bank.a1.transaction.events-3, retrying (2147483604 attempts left). Error: NOT_ENOUGH_REPLICAS
2026-09-04T16:00:22.433+05:00  WARN 2793723 --- [a1-observability] [lity-producer-1] o.a.k.clients.producer.internals.Sender  : [Producer clientId=a1-observability-producer-1] Got error produce response with correlation id 909 on topic-partition bank.a1.transaction.events-4, retrying (2147483602 attempts left). Error: NOT_ENOUGH_REPLICAS
2026-09-04T16:00:22.434+05:00  WARN 2793723 --- [a1-observability] [lity-producer-1] o.a.k.clients.producer.internals.Sender  : [Producer clientId=a1-observability-producer-1] Got error produce response with correlation id 910 on topic-partition bank.a1.transaction.events-5, retrying (2147483603 attempts left). Error: NOT_ENOUGH_REPLICAS
2026-09-04T16:00:22.501+05:00  WARN 2793723 --- [a1-observability] [lity-producer-1] o.a.k.clients.producer.internals.Sender  : [Producer clientId=a1-observability-producer-1] Got error produce response with correlation id 911 on topic-partition bank.a1.transaction.events-2, retrying (2147483603 attempts left). Error: NOT_ENOUGH_REPLICAS
2026-09-04T16:00:22.637+05:00  WARN 2793723 --- [a1-observability] [lity-producer-1] o.a.k.clients.producer.internals.Sender  : [Producer clientId=a1-observability-producer-1] Got error produce response with correlation id 912 on topic-partition bank.a1.transaction.events-3, retrying (2147483603 attempts left). Error: NOT_ENOUGH_REPLICAS
2026-09-04T16:00:23.372+05:00  WARN 2793723 --- [a1-observability] [lity-producer-1] o.a.k.clients.producer.internals.Sender  : [Producer clientId=a1-observability-producer-1] Got error produce response with correlation id 913 on topic-partition bank.a1.transaction.events-2, retrying (2147483602 attempts left). Error: NOT_ENOUGH_REPLICAS
2026-09-04T16:00:23.434+05:00  WARN 2793723 --- [a1-observability] [lity-producer-1] o.a.k.clients.producer.internals.Sender  : [Producer clientId=a1-observability-producer-1] Got error produce response with correlation id 914 on topic-partition bank.a1.transaction.events-4, retrying (2147483601 attempts left). Error: NOT_ENOUGH_REPLICAS
2026-09-04T16:00:23.435+05:00  WARN 2793723 --- [a1-observability] [lity-producer-1] o.a.k.clients.producer.internals.Sender  : [Producer clientId=a1-observability-producer-1] Got error produce response with correlation id 914 on topic-partition bank.a1.transaction.events-5, retrying (2147483602 attempts left). Error: NOT_ENOUGH_REPLICAS
2026-09-04T16:00:23.638+05:00  WARN 2793723 --- [a1-observability] [lity-producer-1] o.a.k.clients.producer.internals.Sender  : [Producer clientId=a1-observability-producer-1] Got error produce response with correlation id 915 on topic-partition bank.a1.transaction.events-3, retrying (2147483602 attempts left). Error: NOT_ENOUGH_REPLICAS
2026-09-04T16:00:24.343+05:00  WARN 2793723 --- [a1-observability] [lity-producer-1] o.a.k.clients.producer.internals.Sender  : [Producer clientId=a1-observability-producer-1] Got error produce response with correlation id 916 on topic-partition bank.a1.transaction.events-5, retrying (2147483601 attempts left). Error: NOT_ENOUGH_REPLICAS
2026-09-04T16:00:24.344+05:00  WARN 2793723 --- [a1-observability] [lity-producer-1] o.a.k.clients.producer.internals.Sender  : [Producer clientId=a1-observability-producer-1] Got error produce response with correlation id 917 on topic-partition bank.a1.transaction.events-2, retrying (2147483601 attempts left). Error: NOT_ENOUGH_REPLICAS
2026-09-04T16:00:24.345+05:00  WARN 2793723 --- [a1-observability] [lity-producer-1] o.a.k.clients.producer.internals.Sender  : [Producer clientId=a1-observability-producer-1] Got error produce response with correlation id 918 on topic-partition bank.a1.transaction.events-4, retrying (2147483600 attempts left). Error: NOT_ENOUGH_REPLICAS
2026-09-04T16:00:24.639+05:00  WARN 2793723 --- [a1-observability] [lity-producer-1] o.a.k.clients.producer.internals.Sender  : [Producer clientId=a1-observability-producer-1] Got error produce response with correlation id 919 on topic-partition bank.a1.transaction.events-3, retrying (2147483601 attempts left). Error: NOT_ENOUGH_REPLICAS
2026-09-04T16:00:28.279+05:00  WARN 2793723 --- [a1-observability] [lity-producer-1] o.a.k.clients.producer.internals.Sender  : [Producer clientId=a1-observability-producer-1] Got error produce response with correlation id 920 on topic-partition bank.a1.transaction.events-4, retrying (2147483599 attempts left). Error: NOT_ENOUGH_REPLICAS
2026-09-04T16:00:28.280+05:00  WARN 2793723 --- [a1-observability] [lity-producer-1] o.a.k.clients.producer.internals.Sender  : [Producer clientId=a1-observability-producer-1] Got error produce response with correlation id 920 on topic-partition bank.a1.transaction.events-3, retrying (2147483600 attempts left). Error: NOT_ENOUGH_REPLICAS
2026-09-04T16:00:28.281+05:00  WARN 2793723 --- [a1-observability] [lity-producer-1] o.a.k.clients.producer.internals.Sender  : [Producer clientId=a1-observability-producer-1] Got error produce response with correlation id 920 on topic-partition bank.a1.transaction.events-5, retrying (2147483600 attempts left). Error: NOT_ENOUGH_REPLICAS
2026-09-04T16:00:28.283+05:00  WARN 2793723 --- [a1-observability] [lity-producer-1] o.a.k.clients.producer.internals.Sender  : [Producer clientId=a1-observability-producer-1] Got error produce response with correlation id 920 on topic-partition bank.a1.transaction.events-2, retrying (2147483600 attempts left). Error: NOT_ENOUGH_REPLICAS
2026-09-04T16:00:29.155+05:00  WARN 2793723 --- [a1-observability] [lity-producer-1] o.a.k.clients.producer.internals.Sender  : [Producer clientId=a1-observability-producer-1] Got error produce response with correlation id 921 on topic-partition bank.a1.transaction.events-3, retrying (2147483599 attempts left). Error: NOT_ENOUGH_REPLICAS
2026-09-04T16:00:29.157+05:00  WARN 2793723 --- [a1-observability] [lity-producer-1] o.a.k.clients.producer.internals.Sender  : [Producer clientId=a1-observability-producer-1] Got error produce response with correlation id 922 on topic-partition bank.a1.transaction.events-5, retrying (2147483599 attempts left). Error: NOT_ENOUGH_REPLICAS
2026-09-04T16:00:29.157+05:00  WARN 2793723 --- [a1-observability] [lity-producer-1] o.a.k.clients.producer.internals.Sender  : [Producer clientId=a1-observability-producer-1] Got error produce response with correlation id 922 on topic-partition bank.a1.transaction.events-2, retrying (2147483599 attempts left). Error: NOT_ENOUGH_REPLICAS
2026-09-04T16:00:29.199+05:00  WARN 2793723 --- [a1-observability] [lity-producer-1] o.a.k.clients.producer.internals.Sender  : [Producer clientId=a1-observability-producer-1] Got error produce response with correlation id 923 on topic-partition bank.a1.transaction.events-4, retrying (2147483598 attempts left). Error: NOT_ENOUGH_REPLICAS
2026-09-04T16:00:30.122+05:00  WARN 2793723 --- [a1-observability] [lity-producer-1] o.a.k.clients.producer.internals.Sender  : [Producer clientId=a1-observability-producer-1] Got error produce response with correlation id 924 on topic-partition bank.a1.transaction.events-4, retrying (2147483597 attempts left). Error: NOT_ENOUGH_REPLICAS
2026-09-04T16:00:30.122+05:00  WARN 2793723 --- [a1-observability] [lity-producer-1] o.a.k.clients.producer.internals.Sender  : [Producer clientId=a1-observability-producer-1] Got error produce response with correlation id 924 on topic-partition bank.a1.transaction.events-2, retrying (2147483598 attempts left). Error: NOT_ENOUGH_REPLICAS
2026-09-04T16:00:30.123+05:00  WARN 2793723 --- [a1-observability] [lity-producer-1] o.a.k.clients.producer.internals.Sender  : [Producer clientId=a1-observability-producer-1] Got error produce response with correlation id 925 on topic-partition bank.a1.transaction.events-3, retrying (2147483598 attempts left). Error: NOT_ENOUGH_REPLICAS
2026-09-04T16:00:30.157+05:00  WARN 2793723 --- [a1-observability] [lity-producer-1] o.a.k.clients.producer.internals.Sender  : [Producer clientId=a1-observability-producer-1] Got error produce response with correlation id 926 on topic-partition bank.a1.transaction.events-5, retrying (2147483598 attempts left). Error: NOT_ENOUGH_REPLICAS
2026-09-04T16:00:31.018+05:00  WARN 2793723 --- [a1-observability] [lity-producer-1] o.a.k.clients.producer.internals.Sender  : [Producer clientId=a1-observability-producer-1] Got error produce response with correlation id 927 on topic-partition bank.a1.transaction.events-3, retrying (2147483597 attempts left). Error: NOT_ENOUGH_REPLICAS
2026-09-04T16:00:31.018+05:00  WARN 2793723 --- [a1-observability] [lity-producer-1] o.a.k.clients.producer.internals.Sender  : [Producer clientId=a1-observability-producer-1] Got error produce response with correlation id 927 on topic-partition bank.a1.transaction.events-5, retrying (2147483597 attempts left). Error: NOT_ENOUGH_REPLICAS
2026-09-04T16:00:31.019+05:00  WARN 2793723 --- [a1-observability] [lity-producer-1] o.a.k.clients.producer.internals.Sender  : [Producer clientId=a1-observability-producer-1] Got error produce response with correlation id 928 on topic-partition bank.a1.transaction.events-2, retrying (2147483597 attempts left). Error: NOT_ENOUGH_REPLICAS
2026-09-04T16:00:31.123+05:00  WARN 2793723 --- [a1-observability] [lity-producer-1] o.a.k.clients.producer.internals.Sender  : [Producer clientId=a1-observability-producer-1] Got error produce response with correlation id 929 on topic-partition bank.a1.transaction.events-4, retrying (2147483596 attempts left). Error: NOT_ENOUGH_REPLICAS
2026-09-04T16:00:31.998+05:00  WARN 2793723 --- [a1-observability] [lity-producer-1] o.a.k.clients.producer.internals.Sender  : [Producer clientId=a1-observability-producer-1] Got error produce response with correlation id 930 on topic-partition bank.a1.transaction.events-2, retrying (2147483596 attempts left). Error: NOT_ENOUGH_REPLICAS
2026-09-04T16:00:31.999+05:00  WARN 2793723 --- [a1-observability] [lity-producer-1] o.a.k.clients.producer.internals.Sender  : [Producer clientId=a1-observability-producer-1] Got error produce response with correlation id 931 on topic-partition bank.a1.transaction.events-3, retrying (2147483596 attempts left). Error: NOT_ENOUGH_REPLICAS
2026-09-04T16:00:32.000+05:00  WARN 2793723 --- [a1-observability] [lity-producer-1] o.a.k.clients.producer.internals.Sender  : [Producer clientId=a1-observability-producer-1] Got error produce response with correlation id 932 on topic-partition bank.a1.transaction.events-5, retrying (2147483596 attempts left). Error: NOT_ENOUGH_REPLICAS
2026-09-04T16:00:32.124+05:00  WARN 2793723 --- [a1-observability] [lity-producer-1] o.a.k.clients.producer.internals.Sender  : [Producer clientId=a1-observability-producer-1] Got error produce response with correlation id 933 on topic-partition bank.a1.transaction.events-4, retrying (2147483595 attempts left). Error: NOT_ENOUGH_REPLICAS
2026-09-04T16:00:32.961+05:00  WARN 2793723 --- [a1-observability] [lity-producer-1] o.a.k.clients.producer.internals.Sender  : [Producer clientId=a1-observability-producer-1] Got error produce response with correlation id 934 on topic-partition bank.a1.transaction.events-3, retrying (2147483595 attempts left). Error: NOT_ENOUGH_REPLICAS
2026-09-04T16:00:32.962+05:00  WARN 2793723 --- [a1-observability] [lity-producer-1] o.a.k.clients.producer.internals.Sender  : [Producer clientId=a1-observability-producer-1] Got error produce response with correlation id 935 on topic-partition bank.a1.transaction.events-5, retrying (2147483595 attempts left). Error: NOT_ENOUGH_REPLICAS
2026-09-04T16:00:32.962+05:00  WARN 2793723 --- [a1-observability] [lity-producer-1] o.a.k.clients.producer.internals.Sender  : [Producer clientId=a1-observability-producer-1] Got error produce response with correlation id 936 on topic-partition bank.a1.transaction.events-4, retrying (2147483594 attempts left). Error: NOT_ENOUGH_REPLICAS
2026-09-04T16:00:32.999+05:00  WARN 2793723 --- [a1-observability] [lity-producer-1] o.a.k.clients.producer.internals.Sender  : [Producer clientId=a1-observability-producer-1] Got error produce response with correlation id 937 on topic-partition bank.a1.transaction.events-2, retrying (2147483595 attempts left). Error: NOT_ENOUGH_REPLICAS
2026-09-04T16:00:33.963+05:00  WARN 2793723 --- [a1-observability] [lity-producer-1] o.a.k.clients.producer.internals.Sender  : [Producer clientId=a1-observability-producer-1] Got error produce response with correlation id 938 on topic-partition bank.a1.transaction.events-4, retrying (2147483593 attempts left). Error: NOT_ENOUGH_REPLICAS
2026-09-04T16:00:33.963+05:00  WARN 2793723 --- [a1-observability] [lity-producer-1] o.a.k.clients.producer.internals.Sender  : [Producer clientId=a1-observability-producer-1] Got error produce response with correlation id 938 on topic-partition bank.a1.transaction.events-3, retrying (2147483594 attempts left). Error: NOT_ENOUGH_REPLICAS
2026-09-04T16:00:33.963+05:00  WARN 2793723 --- [a1-observability] [lity-producer-1] o.a.k.clients.producer.internals.Sender  : [Producer clientId=a1-observability-producer-1] Got error produce response with correlation id 938 on topic-partition bank.a1.transaction.events-5, retrying (2147483594 attempts left). Error: NOT_ENOUGH_REPLICAS
2026-09-04T16:00:33.964+05:00  WARN 2793723 --- [a1-observability] [lity-producer-1] o.a.k.clients.producer.internals.Sender  : [Producer clientId=a1-observability-producer-1] Got error produce response with correlation id 939 on topic-partition bank.a1.transaction.events-2, retrying (2147483594 attempts left). Error: NOT_ENOUGH_REPLICAS
2026-09-04T16:00:34.938+05:00  WARN 2793723 --- [a1-observability] [lity-producer-1] o.a.k.clients.producer.internals.Sender  : [Producer clientId=a1-observability-producer-1] Got error produce response with correlation id 940 on topic-partition bank.a1.transaction.events-4, retrying (2147483592 attempts left). Error: NOT_ENOUGH_REPLICAS
2026-09-04T16:00:34.939+05:00  WARN 2793723 --- [a1-observability] [lity-producer-1] o.a.k.clients.producer.internals.Sender  : [Producer clientId=a1-observability-producer-1] Got error produce response with correlation id 940 on topic-partition bank.a1.transaction.events-2, retrying (2147483593 attempts left). Error: NOT_ENOUGH_REPLICAS
2026-09-04T16:00:34.940+05:00  WARN 2793723 --- [a1-observability] [lity-producer-1] o.a.k.clients.producer.internals.Sender  : [Producer clientId=a1-observability-producer-1] Got error produce response with correlation id 941 on topic-partition bank.a1.transaction.events-3, retrying (2147483593 attempts left). Error: NOT_ENOUGH_REPLICAS
2026-09-04T16:00:34.941+05:00  WARN 2793723 --- [a1-observability] [lity-producer-1] o.a.k.clients.producer.internals.Sender  : [Producer clientId=a1-observability-producer-1] Got error produce response with correlation id 942 on topic-partition bank.a1.transaction.events-5, retrying (2147483593 attempts left). Error: NOT_ENOUGH_REPLICAS
2026-09-04T16:00:35.895+05:00  WARN 2793723 --- [a1-observability] [lity-producer-1] o.a.k.clients.producer.internals.Sender  : [Producer clientId=a1-observability-producer-1] Got error produce response with correlation id 943 on topic-partition bank.a1.transaction.events-4, retrying (2147483591 attempts left). Error: NOT_ENOUGH_REPLICAS
2026-09-04T16:00:35.896+05:00  WARN 2793723 --- [a1-observability] [lity-producer-1] o.a.k.clients.producer.internals.Sender  : [Producer clientId=a1-observability-producer-1] Got error produce response with correlation id 943 on topic-partition bank.a1.transaction.events-2, retrying (2147483592 attempts left). Error: NOT_ENOUGH_REPLICAS
2026-09-04T16:00:35.896+05:00  WARN 2793723 --- [a1-observability] [lity-producer-1] o.a.k.clients.producer.internals.Sender  : [Producer clientId=a1-observability-producer-1] Got error produce response with correlation id 944 on topic-partition bank.a1.transaction.events-5, retrying (2147483592 attempts left). Error: NOT_ENOUGH_REPLICAS
2026-09-04T16:00:35.897+05:00  WARN 2793723 --- [a1-observability] [lity-producer-1] o.a.k.clients.producer.internals.Sender  : [Producer clientId=a1-observability-producer-1] Got error produce response with correlation id 945 on topic-partition bank.a1.transaction.events-3, retrying (2147483592 attempts left). Error: NOT_ENOUGH_REPLICAS
2026-09-04T16:00:36.760+05:00  WARN 2793723 --- [a1-observability] [lity-producer-1] o.a.k.clients.producer.internals.Sender  : [Producer clientId=a1-observability-producer-1] Got error produce response with correlation id 946 on topic-partition bank.a1.transaction.events-4, retrying (2147483590 attempts left). Error: NOT_ENOUGH_REPLICAS
2026-09-04T16:00:36.761+05:00  WARN 2793723 --- [a1-observability] [lity-producer-1] o.a.k.clients.producer.internals.Sender  : [Producer clientId=a1-observability-producer-1] Got error produce response with correlation id 946 on topic-partition bank.a1.transaction.events-3, retrying (2147483591 attempts left). Error: NOT_ENOUGH_REPLICAS
2026-09-04T16:00:36.845+05:00  WARN 2793723 --- [a1-observability] [lity-producer-1] o.a.k.clients.producer.internals.Sender  : [Producer clientId=a1-observability-producer-1] Got error produce response with correlation id 947 on topic-partition bank.a1.transaction.events-5, retrying (2147483591 attempts left). Error: NOT_ENOUGH_REPLICAS
2026-09-04T16:00:36.896+05:00  WARN 2793723 --- [a1-observability] [lity-producer-1] o.a.k.clients.producer.internals.Sender  : [Producer clientId=a1-observability-producer-1] Got error produce response with correlation id 948 on topic-partition bank.a1.transaction.events-2, retrying (2147483591 attempts left). Error: NOT_ENOUGH_REPLICAS
2026-09-04T16:00:37.686+05:00  WARN 2793723 --- [a1-observability] [lity-producer-1] o.a.k.clients.producer.internals.Sender  : [Producer clientId=a1-observability-producer-1] Got error produce response with correlation id 949 on topic-partition bank.a1.transaction.events-4, retrying (2147483589 attempts left). Error: NOT_ENOUGH_REPLICAS
2026-09-04T16:00:37.761+05:00  WARN 2793723 --- [a1-observability] [lity-producer-1] o.a.k.clients.producer.internals.Sender  : [Producer clientId=a1-observability-producer-1] Got error produce response with correlation id 950 on topic-partition bank.a1.transaction.events-3, retrying (2147483590 attempts left). Error: NOT_ENOUGH_REPLICAS
2026-09-04T16:00:37.846+05:00  WARN 2793723 --- [a1-observability] [lity-producer-1] o.a.k.clients.producer.internals.Sender  : [Producer clientId=a1-observability-producer-1] Got error produce response with correlation id 951 on topic-partition bank.a1.transaction.events-5, retrying (2147483590 attempts left). Error: NOT_ENOUGH_REPLICAS
2026-09-04T16:00:37.847+05:00  WARN 2793723 --- [a1-observability] [lity-producer-1] o.a.k.clients.producer.internals.Sender  : [Producer clientId=a1-observability-producer-1] Got error produce response with correlation id 952 on topic-partition bank.a1.transaction.events-2, retrying (2147483590 attempts left). Error: NOT_ENOUGH_REPLICAS
2026-09-04T16:00:38.686+05:00  WARN 2793723 --- [a1-observability] [lity-producer-1] o.a.k.clients.producer.internals.Sender  : [Producer clientId=a1-observability-producer-1] Got error produce response with correlation id 953 on topic-partition bank.a1.transaction.events-4, retrying (2147483588 attempts left). Error: NOT_ENOUGH_REPLICAS
2026-09-04T16:00:38.687+05:00  WARN 2793723 --- [a1-observability] [lity-producer-1] o.a.k.clients.producer.internals.Sender  : [Producer clientId=a1-observability-producer-1] Got error produce response with correlation id 953 on topic-partition bank.a1.transaction.events-3, retrying (2147483589 attempts left). Error: NOT_ENOUGH_REPLICAS
2026-09-04T16:00:38.824+05:00  WARN 2793723 --- [a1-observability] [lity-producer-1] o.a.k.clients.producer.internals.Sender  : [Producer clientId=a1-observability-producer-1] Got error produce response with correlation id 954 on topic-partition bank.a1.transaction.events-5, retrying (2147483589 attempts left). Error: NOT_ENOUGH_REPLICAS
2026-09-04T16:00:38.825+05:00  WARN 2793723 --- [a1-observability] [lity-producer-1] o.a.k.clients.producer.internals.Sender  : [Producer clientId=a1-observability-producer-1] Got error produce response with correlation id 955 on topic-partition bank.a1.transaction.events-2, retrying (2147483589 attempts left). Error: NOT_ENOUGH_REPLICAS
2026-09-04T16:00:39.643+05:00  WARN 2793723 --- [a1-observability] [lity-producer-1] o.a.k.clients.producer.internals.Sender  : [Producer clientId=a1-observability-producer-1] Got error produce response with correlation id 956 on topic-partition bank.a1.transaction.events-3, retrying (2147483588 attempts left). Error: NOT_ENOUGH_REPLICAS
2026-09-04T16:00:39.644+05:00  WARN 2793723 --- [a1-observability] [lity-producer-1] o.a.k.clients.producer.internals.Sender  : [Producer clientId=a1-observability-producer-1] Got error produce response with correlation id 957 on topic-partition bank.a1.transaction.events-4, retrying (2147483587 attempts left). Error: NOT_ENOUGH_REPLICAS
2026-09-04T16:00:39.825+05:00  WARN 2793723 --- [a1-observability] [lity-producer-1] o.a.k.clients.producer.internals.Sender  : [Producer clientId=a1-observability-producer-1] Got error produce response with correlation id 958 on topic-partition bank.a1.transaction.events-5, retrying (2147483588 attempts left). Error: NOT_ENOUGH_REPLICAS
2026-09-04T16:00:39.826+05:00  WARN 2793723 --- [a1-observability] [lity-producer-1] o.a.k.clients.producer.internals.Sender  : [Producer clientId=a1-observability-producer-1] Got error produce response with correlation id 958 on topic-partition bank.a1.transaction.events-2, retrying (2147483588 attempts left). Error: NOT_ENOUGH_REPLICAS
2026-09-04T16:00:40.581+05:00  WARN 2793723 --- [a1-observability] [lity-producer-1] o.a.k.clients.producer.internals.Sender  : [Producer clientId=a1-observability-producer-1] Got error produce response with correlation id 959 on topic-partition bank.a1.transaction.events-3, retrying (2147483587 attempts left). Error: NOT_ENOUGH_REPLICAS
2026-09-04T16:00:40.584+05:00  WARN 2793723 --- [a1-observability] [lity-producer-1] o.a.k.clients.producer.internals.Sender  : [Producer clientId=a1-observability-producer-1] Got error produce response with correlation id 960 on topic-partition bank.a1.transaction.events-4, retrying (2147483586 attempts left). Error: NOT_ENOUGH_REPLICAS
2026-09-04T16:00:40.802+05:00  WARN 2793723 --- [a1-observability] [lity-producer-1] o.a.k.clients.producer.internals.Sender  : [Producer clientId=a1-observability-producer-1] Got error produce response with correlation id 961 on topic-partition bank.a1.transaction.events-2, retrying (2147483587 attempts left). Error: NOT_ENOUGH_REPLICAS
2026-09-04T16:00:40.803+05:00  WARN 2793723 --- [a1-observability] [lity-producer-1] o.a.k.clients.producer.internals.Sender  : [Producer clientId=a1-observability-producer-1] Got error produce response with correlation id 962 on topic-partition bank.a1.transaction.events-5, retrying (2147483587 attempts left). Error: NOT_ENOUGH_REPLICAS
2026-09-04T16:00:41.580+05:00  WARN 2793723 --- [a1-observability] [lity-producer-1] o.a.k.clients.producer.internals.Sender  : [Producer clientId=a1-observability-producer-1] Got error produce response with correlation id 963 on topic-partition bank.a1.transaction.events-4, retrying (2147483585 attempts left). Error: NOT_ENOUGH_REPLICAS
2026-09-04T16:00:41.581+05:00  WARN 2793723 --- [a1-observability] [lity-producer-1] o.a.k.clients.producer.internals.Sender  : [Producer clientId=a1-observability-producer-1] Got error produce response with correlation id 963 on topic-partition bank.a1.transaction.events-3, retrying (2147483586 attempts left). Error: NOT_ENOUGH_REPLICAS
2026-09-04T16:00:41.666+05:00  WARN 2793723 --- [a1-observability] [lity-producer-1] o.a.k.clients.producer.internals.Sender  : [Producer clientId=a1-observability-producer-1] Got error produce response with correlation id 964 on topic-partition bank.a1.transaction.events-5, retrying (2147483586 attempts left). Error: NOT_ENOUGH_REPLICAS
2026-09-04T16:00:41.666+05:00  WARN 2793723 --- [a1-observability] [lity-producer-1] o.a.k.clients.producer.internals.Sender  : [Producer clientId=a1-observability-producer-1] Got error produce response with correlation id 964 on topic-partition bank.a1.transaction.events-2, retrying (2147483586 attempts left). Error: NOT_ENOUGH_REPLICAS
2026-09-04T16:00:42.580+05:00  WARN 2793723 --- [a1-observability] [lity-producer-1] o.a.k.clients.producer.internals.Sender  : [Producer clientId=a1-observability-producer-1] Got error produce response with correlation id 965 on topic-partition bank.a1.transaction.events-4, retrying (2147483584 attempts left). Error: NOT_ENOUGH_REPLICAS
2026-09-04T16:00:42.581+05:00  WARN 2793723 --- [a1-observability] [lity-producer-1] o.a.k.clients.producer.internals.Sender  : [Producer clientId=a1-observability-producer-1] Got error produce response with correlation id 965 on topic-partition bank.a1.transaction.events-3, retrying (2147483585 attempts left). Error: NOT_ENOUGH_REPLICAS
2026-09-04T16:00:42.593+05:00  WARN 2793723 --- [a1-observability] [lity-producer-1] o.a.k.clients.producer.internals.Sender  : [Producer clientId=a1-observability-producer-1] Got error produce response with correlation id 966 on topic-partition bank.a1.transaction.events-2, retrying (2147483585 attempts left). Error: NOT_ENOUGH_REPLICAS
2026-09-04T16:00:42.667+05:00  WARN 2793723 --- [a1-observability] [lity-producer-1] o.a.k.clients.producer.internals.Sender  : [Producer clientId=a1-observability-producer-1] Got error produce response with correlation id 967 on topic-partition bank.a1.transaction.events-5, retrying (2147483585 attempts left). Error: NOT_ENOUGH_REPLICAS
2026-09-04T16:00:43.539+05:00  WARN 2793723 --- [a1-observability] [lity-producer-1] o.a.k.clients.producer.internals.Sender  : [Producer clientId=a1-observability-producer-1] Got error produce response with correlation id 968 on topic-partition bank.a1.transaction.events-4, retrying (2147483583 attempts left). Error: NOT_ENOUGH_REPLICAS
2026-09-04T16:00:43.539+05:00  WARN 2793723 --- [a1-observability] [lity-producer-1] o.a.k.clients.producer.internals.Sender  : [Producer clientId=a1-observability-producer-1] Got error produce response with correlation id 968 on topic-partition bank.a1.transaction.events-3, retrying (2147483584 attempts left). Error: NOT_ENOUGH_REPLICAS
2026-09-04T16:00:43.540+05:00  WARN 2793723 --- [a1-observability] [lity-producer-1] o.a.k.clients.producer.internals.Sender  : [Producer clientId=a1-observability-producer-1] Got error produce response with correlation id 969 on topic-partition bank.a1.transaction.events-2, retrying (2147483584 attempts left). Error: NOT_ENOUGH_REPLICAS
2026-09-04T16:00:43.668+05:00  WARN 2793723 --- [a1-observability] [lity-producer-1] o.a.k.clients.producer.internals.Sender  : [Producer clientId=a1-observability-producer-1] Got error produce response with correlation id 970 on topic-partition bank.a1.transaction.events-5, retrying (2147483584 attempts left). Error: NOT_ENOUGH_REPLICAS
2026-09-04T16:00:44.490+05:00  WARN 2793723 --- [a1-observability] [lity-producer-1] o.a.k.clients.producer.internals.Sender  : [Producer clientId=a1-observability-producer-1] Got error produce response with correlation id 971 on topic-partition bank.a1.transaction.events-3, retrying (2147483583 attempts left). Error: NOT_ENOUGH_REPLICAS
2026-09-04T16:00:44.491+05:00  WARN 2793723 --- [a1-observability] [lity-producer-1] o.a.k.clients.producer.internals.Sender  : [Producer clientId=a1-observability-producer-1] Got error produce response with correlation id 971 on topic-partition bank.a1.transaction.events-2, retrying (2147483583 attempts left). Error: NOT_ENOUGH_REPLICAS
2026-09-04T16:00:44.540+05:00  WARN 2793723 --- [a1-observability] [lity-producer-1] o.a.k.clients.producer.internals.Sender  : [Producer clientId=a1-observability-producer-1] Got error produce response with correlation id 972 on topic-partition bank.a1.transaction.events-4, retrying (2147483582 attempts left). Error: NOT_ENOUGH_REPLICAS
2026-09-04T16:00:44.543+05:00  WARN 2793723 --- [a1-observability] [lity-producer-1] o.a.k.clients.producer.internals.Sender  : [Producer clientId=a1-observability-producer-1] Got error produce response with correlation id 972 on topic-partition bank.a1.transaction.events-5, retrying (2147483583 attempts left). Error: NOT_ENOUGH_REPLICAS
2026-09-04T16:00:45.438+05:00  WARN 2793723 --- [a1-observability] [lity-producer-1] o.a.k.clients.producer.internals.Sender  : [Producer clientId=a1-observability-producer-1] Got error produce response with correlation id 973 on topic-partition bank.a1.transaction.events-2, retrying (2147483582 attempts left). Error: NOT_ENOUGH_REPLICAS
2026-09-04T16:00:45.439+05:00  WARN 2793723 --- [a1-observability] [lity-producer-1] o.a.k.clients.producer.internals.Sender  : [Producer clientId=a1-observability-producer-1] Got error produce response with correlation id 974 on topic-partition bank.a1.transaction.events-5, retrying (2147483582 attempts left). Error: NOT_ENOUGH_REPLICAS
2026-09-04T16:00:45.439+05:00  WARN 2793723 --- [a1-observability] [lity-producer-1] o.a.k.clients.producer.internals.Sender  : [Producer clientId=a1-observability-producer-1] Got error produce response with correlation id 975 on topic-partition bank.a1.transaction.events-3, retrying (2147483582 attempts left). Error: NOT_ENOUGH_REPLICAS
2026-09-04T16:00:45.541+05:00  WARN 2793723 --- [a1-observability] [lity-producer-1] o.a.k.clients.producer.internals.Sender  : [Producer clientId=a1-observability-producer-1] Got error produce response with correlation id 976 on topic-partition bank.a1.transaction.events-4, retrying (2147483581 attempts left). Error: NOT_ENOUGH_REPLICAS
2026-09-04T16:00:46.440+05:00  WARN 2793723 --- [a1-observability] [lity-producer-1] o.a.k.clients.producer.internals.Sender  : [Producer clientId=a1-observability-producer-1] Got error produce response with correlation id 977 on topic-partition bank.a1.transaction.events-3, retrying (2147483581 attempts left). Error: NOT_ENOUGH_REPLICAS
2026-09-04T16:00:46.440+05:00  WARN 2793723 --- [a1-observability] [lity-producer-1] o.a.k.clients.producer.internals.Sender  : [Producer clientId=a1-observability-producer-1] Got error produce response with correlation id 977 on topic-partition bank.a1.transaction.events-5, retrying (2147483581 attempts left). Error: NOT_ENOUGH_REPLICAS
2026-09-04T16:00:46.441+05:00  WARN 2793723 --- [a1-observability] [lity-producer-1] o.a.k.clients.producer.internals.Sender  : [Producer clientId=a1-observability-producer-1] Got error produce response with correlation id 977 on topic-partition bank.a1.transaction.events-2, retrying (2147483581 attempts left). Error: NOT_ENOUGH_REPLICAS
2026-09-04T16:00:46.525+05:00  WARN 2793723 --- [a1-observability] [lity-producer-1] o.a.k.clients.producer.internals.Sender  : [Producer clientId=a1-observability-producer-1] Got error produce response with correlation id 978 on topic-partition bank.a1.transaction.events-4, retrying (2147483580 attempts left). Error: NOT_ENOUGH_REPLICAS
2026-09-04T16:00:47.442+05:00  WARN 2793723 --- [a1-observability] [lity-producer-1] o.a.k.clients.producer.internals.Sender  : [Producer clientId=a1-observability-producer-1] Got error produce response with correlation id 979 on topic-partition bank.a1.transaction.events-3, retrying (2147483580 attempts left). Error: NOT_ENOUGH_REPLICAS
2026-09-04T16:00:47.442+05:00  WARN 2793723 --- [a1-observability] [lity-producer-1] o.a.k.clients.producer.internals.Sender  : [Producer clientId=a1-observability-producer-1] Got error produce response with correlation id 979 on topic-partition bank.a1.transaction.events-5, retrying (2147483580 attempts left). Error: NOT_ENOUGH_REPLICAS
2026-09-04T16:00:47.443+05:00  WARN 2793723 --- [a1-observability] [lity-producer-1] o.a.k.clients.producer.internals.Sender  : [Producer clientId=a1-observability-producer-1] Got error produce response with correlation id 979 on topic-partition bank.a1.transaction.events-2, retrying (2147483580 attempts left). Error: NOT_ENOUGH_REPLICAS
2026-09-04T16:00:47.526+05:00  WARN 2793723 --- [a1-observability] [lity-producer-1] o.a.k.clients.producer.internals.Sender  : [Producer clientId=a1-observability-producer-1] Got error produce response with correlation id 980 on topic-partition bank.a1.transaction.events-4, retrying (2147483579 attempts left). Error: NOT_ENOUGH_REPLICAS
2026-09-04T16:00:48.442+05:00  WARN 2793723 --- [a1-observability] [lity-producer-1] o.a.k.clients.producer.internals.Sender  : [Producer clientId=a1-observability-producer-1] Got error produce response with correlation id 981 on topic-partition bank.a1.transaction.events-4, retrying (2147483578 attempts left). Error: NOT_ENOUGH_REPLICAS
2026-09-04T16:00:48.443+05:00  WARN 2793723 --- [a1-observability] [lity-producer-1] o.a.k.clients.producer.internals.Sender  : [Producer clientId=a1-observability-producer-1] Got error produce response with correlation id 981 on topic-partition bank.a1.transaction.events-3, retrying (2147483579 attempts left). Error: NOT_ENOUGH_REPLICAS
2026-09-04T16:00:48.443+05:00  WARN 2793723 --- [a1-observability] [lity-producer-1] o.a.k.clients.producer.internals.Sender  : [Producer clientId=a1-observability-producer-1] Got error produce response with correlation id 981 on topic-partition bank.a1.transaction.events-5, retrying (2147483579 attempts left). Error: NOT_ENOUGH_REPLICAS
2026-09-04T16:00:48.443+05:00  WARN 2793723 --- [a1-observability] [lity-producer-1] o.a.k.clients.producer.internals.Sender  : [Producer clientId=a1-observability-producer-1] Got error produce response with correlation id 981 on topic-partition bank.a1.transaction.events-2, retrying (2147483579 attempts left). Error: NOT_ENOUGH_REPLICAS
2026-09-04T16:00:49.375+05:00  WARN 2793723 --- [a1-observability] [lity-producer-1] o.a.k.clients.producer.internals.Sender  : [Producer clientId=a1-observability-producer-1] Got error produce response with correlation id 982 on topic-partition bank.a1.transaction.events-5, retrying (2147483578 attempts left). Error: NOT_ENOUGH_REPLICAS
2026-09-04T16:00:49.376+05:00  WARN 2793723 --- [a1-observability] [lity-producer-1] o.a.k.clients.producer.internals.Sender  : [Producer clientId=a1-observability-producer-1] Got error produce response with correlation id 983 on topic-partition bank.a1.transaction.events-4, retrying (2147483577 attempts left). Error: NOT_ENOUGH_REPLICAS
2026-09-04T16:00:49.376+05:00  WARN 2793723 --- [a1-observability] [lity-producer-1] o.a.k.clients.producer.internals.Sender  : [Producer clientId=a1-observability-producer-1] Got error produce response with correlation id 984 on topic-partition bank.a1.transaction.events-2, retrying (2147483578 attempts left). Error: NOT_ENOUGH_REPLICAS
2026-09-04T16:00:49.442+05:00  WARN 2793723 --- [a1-observability] [lity-producer-1] o.a.k.clients.producer.internals.Sender  : [Producer clientId=a1-observability-producer-1] Got error produce response with correlation id 985 on topic-partition bank.a1.transaction.events-3, retrying (2147483578 attempts left). Error: NOT_ENOUGH_REPLICAS
2026-09-04T16:00:50.301+05:00  WARN 2793723 --- [a1-observability] [lity-producer-1] o.a.k.clients.producer.internals.Sender  : [Producer clientId=a1-observability-producer-1] Got error produce response with correlation id 986 on topic-partition bank.a1.transaction.events-3, retrying (2147483577 attempts left). Error: NOT_ENOUGH_REPLICAS
2026-09-04T16:00:50.302+05:00  WARN 2793723 --- [a1-observability] [lity-producer-1] o.a.k.clients.producer.internals.Sender  : [Producer clientId=a1-observability-producer-1] Got error produce response with correlation id 987 on topic-partition bank.a1.transaction.events-5, retrying (2147483577 attempts left). Error: NOT_ENOUGH_REPLICAS
2026-09-04T16:00:50.377+05:00  WARN 2793723 --- [a1-observability] [lity-producer-1] o.a.k.clients.producer.internals.Sender  : [Producer clientId=a1-observability-producer-1] Got error produce response with correlation id 988 on topic-partition bank.a1.transaction.events-4, retrying (2147483576 attempts left). Error: NOT_ENOUGH_REPLICAS
2026-09-04T16:00:50.377+05:00  WARN 2793723 --- [a1-observability] [lity-producer-1] o.a.k.clients.producer.internals.Sender  : [Producer clientId=a1-observability-producer-1] Got error produce response with correlation id 988 on topic-partition bank.a1.transaction.events-2, retrying (2147483577 attempts left). Error: NOT_ENOUGH_REPLICAS
2026-09-04T16:00:51.302+05:00  WARN 2793723 --- [a1-observability] [lity-producer-1] o.a.k.clients.producer.internals.Sender  : [Producer clientId=a1-observability-producer-1] Got error produce response with correlation id 989 on topic-partition bank.a1.transaction.events-3, retrying (2147483576 attempts left). Error: NOT_ENOUGH_REPLICAS
2026-09-04T16:00:51.302+05:00  WARN 2793723 --- [a1-observability] [lity-producer-1] o.a.k.clients.producer.internals.Sender  : [Producer clientId=a1-observability-producer-1] Got error produce response with correlation id 989 on topic-partition bank.a1.transaction.events-5, retrying (2147483576 attempts left). Error: NOT_ENOUGH_REPLICAS
2026-09-04T16:00:51.303+05:00  WARN 2793723 --- [a1-observability] [lity-producer-1] o.a.k.clients.producer.internals.Sender  : [Producer clientId=a1-observability-producer-1] Got error produce response with correlation id 990 on topic-partition bank.a1.transaction.events-2, retrying (2147483576 attempts left). Error: NOT_ENOUGH_REPLICAS
2026-09-04T16:00:51.377+05:00  WARN 2793723 --- [a1-observability] [lity-producer-1] o.a.k.clients.producer.internals.Sender  : [Producer clientId=a1-observability-producer-1] Got error produce response with correlation id 991 on topic-partition bank.a1.transaction.events-4, retrying (2147483575 attempts left). Error: NOT_ENOUGH_REPLICAS
2026-09-04T16:00:52.239+05:00  WARN 2793723 --- [a1-observability] [lity-producer-1] o.a.k.clients.producer.internals.Sender  : [Producer clientId=a1-observability-producer-1] Got error produce response with correlation id 992 on topic-partition bank.a1.transaction.events-3, retrying (2147483575 attempts left). Error: NOT_ENOUGH_REPLICAS
2026-09-04T16:00:52.240+05:00  WARN 2793723 --- [a1-observability] [lity-producer-1] o.a.k.clients.producer.internals.Sender  : [Producer clientId=a1-observability-producer-1] Got error produce response with correlation id 992 on topic-partition bank.a1.transaction.events-5, retrying (2147483575 attempts left). Error: NOT_ENOUGH_REPLICAS
2026-09-04T16:00:52.240+05:00  WARN 2793723 --- [a1-observability] [lity-producer-1] o.a.k.clients.producer.internals.Sender  : [Producer clientId=a1-observability-producer-1] Got error produce response with correlation id 992 on topic-partition bank.a1.transaction.events-2, retrying (2147483575 attempts left). Error: NOT_ENOUGH_REPLICAS
2026-09-04T16:00:52.240+05:00  WARN 2793723 --- [a1-observability] [lity-producer-1] o.a.k.clients.producer.internals.Sender  : [Producer clientId=a1-observability-producer-1] Got error produce response with correlation id 993 on topic-partition bank.a1.transaction.events-4, retrying (2147483574 attempts left). Error: NOT_ENOUGH_REPLICAS
2026-09-04T16:00:53.087+05:00  WARN 2793723 --- [a1-observability] [lity-producer-1] o.a.k.clients.producer.internals.Sender  : [Producer clientId=a1-observability-producer-1] Got error produce response with correlation id 994 on topic-partition bank.a1.transaction.events-5, retrying (2147483574 attempts left). Error: NOT_ENOUGH_REPLICAS
2026-09-04T16:00:53.240+05:00  WARN 2793723 --- [a1-observability] [lity-producer-1] o.a.k.clients.producer.internals.Sender  : [Producer clientId=a1-observability-producer-1] Got error produce response with correlation id 995 on topic-partition bank.a1.transaction.events-3, retrying (2147483574 attempts left). Error: NOT_ENOUGH_REPLICAS
2026-09-04T16:00:53.241+05:00  WARN 2793723 --- [a1-observability] [lity-producer-1] o.a.k.clients.producer.internals.Sender  : [Producer clientId=a1-observability-producer-1] Got error produce response with correlation id 995 on topic-partition bank.a1.transaction.events-2, retrying (2147483574 attempts left). Error: NOT_ENOUGH_REPLICAS
2026-09-04T16:00:53.241+05:00  WARN 2793723 --- [a1-observability] [lity-producer-1] o.a.k.clients.producer.internals.Sender  : [Producer clientId=a1-observability-producer-1] Got error produce response with correlation id 996 on topic-partition bank.a1.transaction.events-4, retrying (2147483573 attempts left). Error: NOT_ENOUGH_REPLICAS
2026-09-04T16:00:54.088+05:00  WARN 2793723 --- [a1-observability] [lity-producer-1] o.a.k.clients.producer.internals.Sender  : [Producer clientId=a1-observability-producer-1] Got error produce response with correlation id 997 on topic-partition bank.a1.transaction.events-5, retrying (2147483573 attempts left). Error: NOT_ENOUGH_REPLICAS
2026-09-04T16:00:54.090+05:00  WARN 2793723 --- [a1-observability] [lity-producer-1] o.a.k.clients.producer.internals.Sender  : [Producer clientId=a1-observability-producer-1] Got error produce response with correlation id 998 on topic-partition bank.a1.transaction.events-2, retrying (2147483573 attempts left). Error: NOT_ENOUGH_REPLICAS
2026-09-04T16:00:54.191+05:00  WARN 2793723 --- [a1-observability] [lity-producer-1] o.a.k.clients.producer.internals.Sender  : [Producer clientId=a1-observability-producer-1] Got error produce response with correlation id 999 on topic-partition bank.a1.transaction.events-4, retrying (2147483572 attempts left). Error: NOT_ENOUGH_REPLICAS
2026-09-04T16:00:54.241+05:00  WARN 2793723 --- [a1-observability] [lity-producer-1] o.a.k.clients.producer.internals.Sender  : [Producer clientId=a1-observability-producer-1] Got error produce response with correlation id 1000 on topic-partition bank.a1.transaction.events-3, retrying (2147483573 attempts left). Error: NOT_ENOUGH_REPLICAS
2026-09-04T16:00:55.083+05:00  WARN 2793723 --- [a1-observability] [lity-producer-1] o.a.k.clients.producer.internals.Sender  : [Producer clientId=a1-observability-producer-1] Got error produce response with correlation id 1001 on topic-partition bank.a1.transaction.events-2, retrying (2147483572 attempts left). Error: NOT_ENOUGH_REPLICAS
2026-09-04T16:00:55.084+05:00  WARN 2793723 --- [a1-observability] [lity-producer-1] o.a.k.clients.producer.internals.Sender  : [Producer clientId=a1-observability-producer-1] Got error produce response with correlation id 1002 on topic-partition bank.a1.transaction.events-3, retrying (2147483572 attempts left). Error: NOT_ENOUGH_REPLICAS
2026-09-04T16:00:55.084+05:00  WARN 2793723 --- [a1-observability] [lity-producer-1] o.a.k.clients.producer.internals.Sender  : [Producer clientId=a1-observability-producer-1] Got error produce response with correlation id 1003 on topic-partition bank.a1.transaction.events-4, retrying (2147483571 attempts left). Error: NOT_ENOUGH_REPLICAS
2026-09-04T16:00:55.084+05:00  WARN 2793723 --- [a1-observability] [lity-producer-1] o.a.k.clients.producer.internals.Sender  : [Producer clientId=a1-observability-producer-1] Got error produce response with correlation id 1004 on topic-partition bank.a1.transaction.events-5, retrying (2147483572 attempts left). Error: NOT_ENOUGH_REPLICAS
2026-09-04T16:00:56.001+05:00  WARN 2793723 --- [a1-observability] [lity-producer-1] o.a.k.clients.producer.internals.Sender  : [Producer clientId=a1-observability-producer-1] Got error produce response with correlation id 1005 on topic-partition bank.a1.transaction.events-3, retrying (2147483571 attempts left). Error: NOT_ENOUGH_REPLICAS
2026-09-04T16:00:56.002+05:00  WARN 2793723 --- [a1-observability] [lity-producer-1] o.a.k.clients.producer.internals.Sender  : [Producer clientId=a1-observability-producer-1] Got error produce response with correlation id 1005 on topic-partition bank.a1.transaction.events-2, retrying (2147483571 attempts left). Error: NOT_ENOUGH_REPLICAS
2026-09-04T16:00:56.002+05:00  WARN 2793723 --- [a1-observability] [lity-producer-1] o.a.k.clients.producer.internals.Sender  : [Producer clientId=a1-observability-producer-1] Got error produce response with correlation id 1006 on topic-partition bank.a1.transaction.events-4, retrying (2147483570 attempts left). Error: NOT_ENOUGH_REPLICAS
2026-09-04T16:00:56.003+05:00  WARN 2793723 --- [a1-observability] [lity-producer-1] o.a.k.clients.producer.internals.Sender  : [Producer clientId=a1-observability-producer-1] Got error produce response with correlation id 1006 on topic-partition bank.a1.transaction.events-5, retrying (2147483571 attempts left). Error: NOT_ENOUGH_REPLICAS
2026-09-04T16:00:56.874+05:00  WARN 2793723 --- [a1-observability] [lity-producer-1] o.a.k.clients.producer.internals.Sender  : [Producer clientId=a1-observability-producer-1] Got error produce response with correlation id 1007 on topic-partition bank.a1.transaction.events-3, retrying (2147483570 attempts left). Error: NOT_ENOUGH_REPLICAS
2026-09-04T16:00:56.874+05:00  WARN 2793723 --- [a1-observability] [lity-producer-1] o.a.k.clients.producer.internals.Sender  : [Producer clientId=a1-observability-producer-1] Got error produce response with correlation id 1007 on topic-partition bank.a1.transaction.events-2, retrying (2147483570 attempts left). Error: NOT_ENOUGH_REPLICAS
2026-09-04T16:00:56.974+05:00  WARN 2793723 --- [a1-observability] [lity-producer-1] o.a.k.clients.producer.internals.Sender  : [Producer clientId=a1-observability-producer-1] Got error produce response with correlation id 1008 on topic-partition bank.a1.transaction.events-5, retrying (2147483570 attempts left). Error: NOT_ENOUGH_REPLICAS
2026-09-04T16:00:56.975+05:00  WARN 2793723 --- [a1-observability] [lity-producer-1] o.a.k.clients.producer.internals.Sender  : [Producer clientId=a1-observability-producer-1] Got error produce response with correlation id 1009 on topic-partition bank.a1.transaction.events-4, retrying (2147483569 attempts left). Error: NOT_ENOUGH_REPLICAS
2026-09-04T16:00:57.799+05:00  WARN 2793723 --- [a1-observability] [lity-producer-1] o.a.k.clients.producer.internals.Sender  : [Producer clientId=a1-observability-producer-1] Got error produce response with correlation id 1010 on topic-partition bank.a1.transaction.events-2, retrying (2147483569 attempts left). Error: NOT_ENOUGH_REPLICAS
2026-09-04T16:00:57.801+05:00  WARN 2793723 --- [a1-observability] [lity-producer-1] o.a.k.clients.producer.internals.Sender  : [Producer clientId=a1-observability-producer-1] Got error produce response with correlation id 1011 on topic-partition bank.a1.transaction.events-5, retrying (2147483569 attempts left). Error: NOT_ENOUGH_REPLICAS
2026-09-04T16:00:57.874+05:00  WARN 2793723 --- [a1-observability] [lity-producer-1] o.a.k.clients.producer.internals.Sender  : [Producer clientId=a1-observability-producer-1] Got error produce response with correlation id 1012 on topic-partition bank.a1.transaction.events-3, retrying (2147483569 attempts left). Error: NOT_ENOUGH_REPLICAS
2026-09-04T16:00:57.976+05:00  WARN 2793723 --- [a1-observability] [lity-producer-1] o.a.k.clients.producer.internals.Sender  : [Producer clientId=a1-observability-producer-1] Got error produce response with correlation id 1013 on topic-partition bank.a1.transaction.events-4, retrying (2147483568 attempts left). Error: NOT_ENOUGH_REPLICAS
2026-09-04T16:00:58.686+05:00  WARN 2793723 --- [a1-observability] [lity-producer-1] o.a.k.clients.producer.internals.Sender  : [Producer clientId=a1-observability-producer-1] Got error produce response with correlation id 1014 on topic-partition bank.a1.transaction.events-5, retrying (2147483568 attempts left). Error: NOT_ENOUGH_REPLICAS
2026-09-04T16:00:58.800+05:00  WARN 2793723 --- [a1-observability] [lity-producer-1] o.a.k.clients.producer.internals.Sender  : [Producer clientId=a1-observability-producer-1] Got error produce response with correlation id 1015 on topic-partition bank.a1.transaction.events-3, retrying (2147483568 attempts left). Error: NOT_ENOUGH_REPLICAS
2026-09-04T16:00:58.800+05:00  WARN 2793723 --- [a1-observability] [lity-producer-1] o.a.k.clients.producer.internals.Sender  : [Producer clientId=a1-observability-producer-1] Got error produce response with correlation id 1015 on topic-partition bank.a1.transaction.events-2, retrying (2147483568 attempts left). Error: NOT_ENOUGH_REPLICAS
2026-09-04T16:00:58.977+05:00  WARN 2793723 --- [a1-observability] [lity-producer-1] o.a.k.clients.producer.internals.Sender  : [Producer clientId=a1-observability-producer-1] Got error produce response with correlation id 1016 on topic-partition bank.a1.transaction.events-4, retrying (2147483567 attempts left). Error: NOT_ENOUGH_REPLICAS
2026-09-04T16:00:59.652+05:00  WARN 2793723 --- [a1-observability] [lity-producer-1] o.a.k.clients.producer.internals.Sender  : [Producer clientId=a1-observability-producer-1] Got error produce response with correlation id 1017 on topic-partition bank.a1.transaction.events-3, retrying (2147483567 attempts left). Error: NOT_ENOUGH_REPLICAS
2026-09-04T16:00:59.687+05:00  WARN 2793723 --- [a1-observability] [lity-producer-1] o.a.k.clients.producer.internals.Sender  : [Producer clientId=a1-observability-producer-1] Got error produce response with correlation id 1018 on topic-partition bank.a1.transaction.events-5, retrying (2147483567 attempts left). Error: NOT_ENOUGH_REPLICAS
2026-09-04T16:00:59.694+05:00  WARN 2793723 --- [a1-observability] [lity-producer-1] o.a.k.clients.producer.internals.Sender  : [Producer clientId=a1-observability-producer-1] Got error produce response with correlation id 1019 on topic-partition bank.a1.transaction.events-2, retrying (2147483567 attempts left). Error: NOT_ENOUGH_REPLICAS
2026-09-04T16:00:59.978+05:00  WARN 2793723 --- [a1-observability] [lity-producer-1] o.a.k.clients.producer.internals.Sender  : [Producer clientId=a1-observability-producer-1] Got error produce response with correlation id 1020 on topic-partition bank.a1.transaction.events-4, retrying (2147483566 attempts left). Error: NOT_ENOUGH_REPLICAS
2026-09-04T16:01:03.586+05:00  WARN 2793723 --- [a1-observability] [lity-producer-1] o.a.k.clients.producer.internals.Sender  : [Producer clientId=a1-observability-producer-1] Got error produce response with correlation id 1021 on topic-partition bank.a1.transaction.events-4, retrying (2147483565 attempts left). Error: NOT_ENOUGH_REPLICAS
2026-09-04T16:01:03.586+05:00  WARN 2793723 --- [a1-observability] [lity-producer-1] o.a.k.clients.producer.internals.Sender  : [Producer clientId=a1-observability-producer-1] Got error produce response with correlation id 1021 on topic-partition bank.a1.transaction.events-3, retrying (2147483566 attempts left). Error: NOT_ENOUGH_REPLICAS
2026-09-04T16:01:03.587+05:00  WARN 2793723 --- [a1-observability] [lity-producer-1] o.a.k.clients.producer.internals.Sender  : [Producer clientId=a1-observability-producer-1] Got error produce response with correlation id 1021 on topic-partition bank.a1.transaction.events-5, retrying (2147483566 attempts left). Error: NOT_ENOUGH_REPLICAS
2026-09-04T16:01:03.587+05:00  WARN 2793723 --- [a1-observability] [lity-producer-1] o.a.k.clients.producer.internals.Sender  : [Producer clientId=a1-observability-producer-1] Got error produce response with correlation id 1021 on topic-partition bank.a1.transaction.events-2, retrying (2147483566 attempts left). Error: NOT_ENOUGH_REPLICAS
2026-09-04T16:01:04.449+05:00  WARN 2793723 --- [a1-observability] [lity-producer-1] o.a.k.clients.producer.internals.Sender  : [Producer clientId=a1-observability-producer-1] Got error produce response with correlation id 1022 on topic-partition bank.a1.transaction.events-4, retrying (2147483564 attempts left). Error: NOT_ENOUGH_REPLICAS
2026-09-04T16:01:04.449+05:00  WARN 2793723 --- [a1-observability] [lity-producer-1] o.a.k.clients.producer.internals.Sender  : [Producer clientId=a1-observability-producer-1] Got error produce response with correlation id 1022 on topic-partition bank.a1.transaction.events-5, retrying (2147483565 attempts left). Error: NOT_ENOUGH_REPLICAS
2026-09-04T16:01:04.450+05:00  WARN 2793723 --- [a1-observability] [lity-producer-1] o.a.k.clients.producer.internals.Sender  : [Producer clientId=a1-observability-producer-1] Got error produce response with correlation id 1022 on topic-partition bank.a1.transaction.events-2, retrying (2147483565 attempts left). Error: NOT_ENOUGH_REPLICAS
2026-09-04T16:01:04.587+05:00  WARN 2793723 --- [a1-observability] [lity-producer-1] o.a.k.clients.producer.internals.Sender  : [Producer clientId=a1-observability-producer-1] Got error produce response with correlation id 1023 on topic-partition bank.a1.transaction.events-3, retrying (2147483565 attempts left). Error: NOT_ENOUGH_REPLICAS
2026-09-04T16:01:05.450+05:00  WARN 2793723 --- [a1-observability] [lity-producer-1] o.a.k.clients.producer.internals.Sender  : [Producer clientId=a1-observability-producer-1] Got error produce response with correlation id 1024 on topic-partition bank.a1.transaction.events-4, retrying (2147483563 attempts left). Error: NOT_ENOUGH_REPLICAS
2026-09-04T16:01:05.451+05:00  WARN 2793723 --- [a1-observability] [lity-producer-1] o.a.k.clients.producer.internals.Sender  : [Producer clientId=a1-observability-producer-1] Got error produce response with correlation id 1024 on topic-partition bank.a1.transaction.events-3, retrying (2147483564 attempts left). Error: NOT_ENOUGH_REPLICAS
2026-09-04T16:01:05.451+05:00  WARN 2793723 --- [a1-observability] [lity-producer-1] o.a.k.clients.producer.internals.Sender  : [Producer clientId=a1-observability-producer-1] Got error produce response with correlation id 1024 on topic-partition bank.a1.transaction.events-5, retrying (2147483564 attempts left). Error: NOT_ENOUGH_REPLICAS
2026-09-04T16:01:05.451+05:00  WARN 2793723 --- [a1-observability] [lity-producer-1] o.a.k.clients.producer.internals.Sender  : [Producer clientId=a1-observability-producer-1] Got error produce response with correlation id 1024 on topic-partition bank.a1.transaction.events-2, retrying (2147483564 attempts left). Error: NOT_ENOUGH_REPLICAS
2026-09-04T16:01:06.367+05:00  WARN 2793723 --- [a1-observability] [lity-producer-1] o.a.k.clients.producer.internals.Sender  : [Producer clientId=a1-observability-producer-1] Got error produce response with correlation id 1025 on topic-partition bank.a1.transaction.events-3, retrying (2147483563 attempts left). Error: NOT_ENOUGH_REPLICAS
2026-09-04T16:01:06.367+05:00  WARN 2793723 --- [a1-observability] [lity-producer-1] o.a.k.clients.producer.internals.Sender  : [Producer clientId=a1-observability-producer-1] Got error produce response with correlation id 1026 on topic-partition bank.a1.transaction.events-4, retrying (2147483562 attempts left). Error: NOT_ENOUGH_REPLICAS
2026-09-04T16:01:06.368+05:00  WARN 2793723 --- [a1-observability] [lity-producer-1] o.a.k.clients.producer.internals.Sender  : [Producer clientId=a1-observability-producer-1] Got error produce response with correlation id 1027 on topic-partition bank.a1.transaction.events-5, retrying (2147483563 attempts left). Error: NOT_ENOUGH_REPLICAS
2026-09-04T16:01:06.451+05:00  WARN 2793723 --- [a1-observability] [lity-producer-1] o.a.k.clients.producer.internals.Sender  : [Producer clientId=a1-observability-producer-1] Got error produce response with correlation id 1028 on topic-partition bank.a1.transaction.events-2, retrying (2147483563 attempts left). Error: NOT_ENOUGH_REPLICAS
2026-09-04T16:01:07.321+05:00  WARN 2793723 --- [a1-observability] [lity-producer-1] o.a.k.clients.producer.internals.Sender  : [Producer clientId=a1-observability-producer-1] Got error produce response with correlation id 1029 on topic-partition bank.a1.transaction.events-3, retrying (2147483562 attempts left). Error: NOT_ENOUGH_REPLICAS
2026-09-04T16:01:07.323+05:00  WARN 2793723 --- [a1-observability] [lity-producer-1] o.a.k.clients.producer.internals.Sender  : [Producer clientId=a1-observability-producer-1] Got error produce response with correlation id 1029 on topic-partition bank.a1.transaction.events-5, retrying (2147483562 attempts left). Error: NOT_ENOUGH_REPLICAS
2026-09-04T16:01:07.323+05:00  WARN 2793723 --- [a1-observability] [lity-producer-1] o.a.k.clients.producer.internals.Sender  : [Producer clientId=a1-observability-producer-1] Got error produce response with correlation id 1030 on topic-partition bank.a1.transaction.events-4, retrying (2147483561 attempts left). Error: NOT_ENOUGH_REPLICAS
2026-09-04T16:01:07.324+05:00  WARN 2793723 --- [a1-observability] [lity-producer-1] o.a.k.clients.producer.internals.Sender  : [Producer clientId=a1-observability-producer-1] Got error produce response with correlation id 1030 on topic-partition bank.a1.transaction.events-2, retrying (2147483562 attempts left). Error: NOT_ENOUGH_REPLICAS
2026-09-04T16:01:08.232+05:00  WARN 2793723 --- [a1-observability] [lity-producer-1] o.a.k.clients.producer.internals.Sender  : [Producer clientId=a1-observability-producer-1] Got error produce response with correlation id 1031 on topic-partition bank.a1.transaction.events-4, retrying (2147483560 attempts left). Error: NOT_ENOUGH_REPLICAS
2026-09-04T16:01:08.233+05:00  WARN 2793723 --- [a1-observability] [lity-producer-1] o.a.k.clients.producer.internals.Sender  : [Producer clientId=a1-observability-producer-1] Got error produce response with correlation id 1031 on topic-partition bank.a1.transaction.events-3, retrying (2147483561 attempts left). Error: NOT_ENOUGH_REPLICAS
2026-09-04T16:01:08.233+05:00  WARN 2793723 --- [a1-observability] [lity-producer-1] o.a.k.clients.producer.internals.Sender  : [Producer clientId=a1-observability-producer-1] Got error produce response with correlation id 1032 on topic-partition bank.a1.transaction.events-2, retrying (2147483561 attempts left). Error: NOT_ENOUGH_REPLICAS
2026-09-04T16:01:08.322+05:00  WARN 2793723 --- [a1-observability] [lity-producer-1] o.a.k.clients.producer.internals.Sender  : [Producer clientId=a1-observability-producer-1] Got error produce response with correlation id 1033 on topic-partition bank.a1.transaction.events-5, retrying (2147483561 attempts left). Error: NOT_ENOUGH_REPLICAS
2026-09-04T16:01:09.171+05:00  WARN 2793723 --- [a1-observability] [lity-producer-1] o.a.k.clients.producer.internals.Sender  : [Producer clientId=a1-observability-producer-1] Got error produce response with correlation id 1034 on topic-partition bank.a1.transaction.events-4, retrying (2147483559 attempts left). Error: NOT_ENOUGH_REPLICAS
2026-09-04T16:01:09.172+05:00  WARN 2793723 --- [a1-observability] [lity-producer-1] o.a.k.clients.producer.internals.Sender  : [Producer clientId=a1-observability-producer-1] Got error produce response with correlation id 1034 on topic-partition bank.a1.transaction.events-3, retrying (2147483560 attempts left). Error: NOT_ENOUGH_REPLICAS
2026-09-04T16:01:09.172+05:00  WARN 2793723 --- [a1-observability] [lity-producer-1] o.a.k.clients.producer.internals.Sender  : [Producer clientId=a1-observability-producer-1] Got error produce response with correlation id 1035 on topic-partition bank.a1.transaction.events-2, retrying (2147483560 attempts left). Error: NOT_ENOUGH_REPLICAS
2026-09-04T16:01:09.322+05:00  WARN 2793723 --- [a1-observability] [lity-producer-1] o.a.k.clients.producer.internals.Sender  : [Producer clientId=a1-observability-producer-1] Got error produce response with correlation id 1036 on topic-partition bank.a1.transaction.events-5, retrying (2147483560 attempts left). Error: NOT_ENOUGH_REPLICAS
2026-09-04T16:01:10.147+05:00  WARN 2793723 --- [a1-observability] [lity-producer-1] o.a.k.clients.producer.internals.Sender  : [Producer clientId=a1-observability-producer-1] Got error produce response with correlation id 1037 on topic-partition bank.a1.transaction.events-4, retrying (2147483558 attempts left). Error: NOT_ENOUGH_REPLICAS
2026-09-04T16:01:10.148+05:00  WARN 2793723 --- [a1-observability] [lity-producer-1] o.a.k.clients.producer.internals.Sender  : [Producer clientId=a1-observability-producer-1] Got error produce response with correlation id 1038 on topic-partition bank.a1.transaction.events-2, retrying (2147483559 attempts left). Error: NOT_ENOUGH_REPLICAS
2026-09-04T16:01:10.149+05:00  WARN 2793723 --- [a1-observability] [lity-producer-1] o.a.k.clients.producer.internals.Sender  : [Producer clientId=a1-observability-producer-1] Got error produce response with correlation id 1039 on topic-partition bank.a1.transaction.events-5, retrying (2147483559 attempts left). Error: NOT_ENOUGH_REPLICAS
2026-09-04T16:01:10.149+05:00  WARN 2793723 --- [a1-observability] [lity-producer-1] o.a.k.clients.producer.internals.Sender  : [Producer clientId=a1-observability-producer-1] Got error produce response with correlation id 1040 on topic-partition bank.a1.transaction.events-3, retrying (2147483559 attempts left). Error: NOT_ENOUGH_REPLICAS
2026-09-04T16:01:11.022+05:00  WARN 2793723 --- [a1-observability] [lity-producer-1] o.a.k.clients.producer.internals.Sender  : [Producer clientId=a1-observability-producer-1] Got error produce response with correlation id 1041 on topic-partition bank.a1.transaction.events-5, retrying (2147483558 attempts left). Error: NOT_ENOUGH_REPLICAS
2026-09-04T16:01:11.128+05:00  WARN 2793723 --- [a1-observability] [lity-producer-1] o.a.k.clients.producer.internals.Sender  : [Producer clientId=a1-observability-producer-1] Got error produce response with correlation id 1042 on topic-partition bank.a1.transaction.events-3, retrying (2147483558 attempts left). Error: NOT_ENOUGH_REPLICAS
2026-09-04T16:01:11.128+05:00  WARN 2793723 --- [a1-observability] [lity-producer-1] o.a.k.clients.producer.internals.Sender  : [Producer clientId=a1-observability-producer-1] Got error produce response with correlation id 1042 on topic-partition bank.a1.transaction.events-2, retrying (2147483558 attempts left). Error: NOT_ENOUGH_REPLICAS
2026-09-04T16:01:11.147+05:00  WARN 2793723 --- [a1-observability] [lity-producer-1] o.a.k.clients.producer.internals.Sender  : [Producer clientId=a1-observability-producer-1] Got error produce response with correlation id 1043 on topic-partition bank.a1.transaction.events-4, retrying (2147483557 attempts left). Error: NOT_ENOUGH_REPLICAS
2026-09-04T16:01:11.995+05:00  WARN 2793723 --- [a1-observability] [lity-producer-1] o.a.k.clients.producer.internals.Sender  : [Producer clientId=a1-observability-producer-1] Got error produce response with correlation id 1044 on topic-partition bank.a1.transaction.events-5, retrying (2147483557 attempts left). Error: NOT_ENOUGH_REPLICAS
2026-09-04T16:01:11.996+05:00  WARN 2793723 --- [a1-observability] [lity-producer-1] o.a.k.clients.producer.internals.Sender  : [Producer clientId=a1-observability-producer-1] Got error produce response with correlation id 1045 on topic-partition bank.a1.transaction.events-2, retrying (2147483557 attempts left). Error: NOT_ENOUGH_REPLICAS
2026-09-04T16:01:11.997+05:00  WARN 2793723 --- [a1-observability] [lity-producer-1] o.a.k.clients.producer.internals.Sender  : [Producer clientId=a1-observability-producer-1] Got error produce response with correlation id 1046 on topic-partition bank.a1.transaction.events-3, retrying (2147483557 attempts left). Error: NOT_ENOUGH_REPLICAS
2026-09-04T16:01:12.148+05:00  WARN 2793723 --- [a1-observability] [lity-producer-1] o.a.k.clients.producer.internals.Sender  : [Producer clientId=a1-observability-producer-1] Got error produce response with correlation id 1047 on topic-partition bank.a1.transaction.events-4, retrying (2147483556 attempts left). Error: NOT_ENOUGH_REPLICAS
2026-09-04T16:01:12.996+05:00  WARN 2793723 --- [a1-observability] [lity-producer-1] o.a.k.clients.producer.internals.Sender  : [Producer clientId=a1-observability-producer-1] Got error produce response with correlation id 1048 on topic-partition bank.a1.transaction.events-3, retrying (2147483556 attempts left). Error: NOT_ENOUGH_REPLICAS
2026-09-04T16:01:12.997+05:00  WARN 2793723 --- [a1-observability] [lity-producer-1] o.a.k.clients.producer.internals.Sender  : [Producer clientId=a1-observability-producer-1] Got error produce response with correlation id 1048 on topic-partition bank.a1.transaction.events-5, retrying (2147483556 attempts left). Error: NOT_ENOUGH_REPLICAS
2026-09-04T16:01:12.998+05:00  WARN 2793723 --- [a1-observability] [lity-producer-1] o.a.k.clients.producer.internals.Sender  : [Producer clientId=a1-observability-producer-1] Got error produce response with correlation id 1048 on topic-partition bank.a1.transaction.events-2, retrying (2147483556 attempts left). Error: NOT_ENOUGH_REPLICAS
2026-09-04T16:01:13.149+05:00  WARN 2793723 --- [a1-observability] [lity-producer-1] o.a.k.clients.producer.internals.Sender  : [Producer clientId=a1-observability-producer-1] Got error produce response with correlation id 1049 on topic-partition bank.a1.transaction.events-4, retrying (2147483555 attempts left). Error: NOT_ENOUGH_REPLICAS
2026-09-04T16:01:13.997+05:00  WARN 2793723 --- [a1-observability] [lity-producer-1] o.a.k.clients.producer.internals.Sender  : [Producer clientId=a1-observability-producer-1] Got error produce response with correlation id 1050 on topic-partition bank.a1.transaction.events-3, retrying (2147483555 attempts left). Error: NOT_ENOUGH_REPLICAS
2026-09-04T16:01:13.998+05:00  WARN 2793723 --- [a1-observability] [lity-producer-1] o.a.k.clients.producer.internals.Sender  : [Producer clientId=a1-observability-producer-1] Got error produce response with correlation id 1050 on topic-partition bank.a1.transaction.events-5, retrying (2147483555 attempts left). Error: NOT_ENOUGH_REPLICAS
2026-09-04T16:01:13.999+05:00  WARN 2793723 --- [a1-observability] [lity-producer-1] o.a.k.clients.producer.internals.Sender  : [Producer clientId=a1-observability-producer-1] Got error produce response with correlation id 1050 on topic-partition bank.a1.transaction.events-2, retrying (2147483555 attempts left). Error: NOT_ENOUGH_REPLICAS
2026-09-04T16:01:14.150+05:00  WARN 2793723 --- [a1-observability] [lity-producer-1] o.a.k.clients.producer.internals.Sender  : [Producer clientId=a1-observability-producer-1] Got error produce response with correlation id 1051 on topic-partition bank.a1.transaction.events-4, retrying (2147483554 attempts left). Error: NOT_ENOUGH_REPLICAS
2026-09-04T16:01:14.954+05:00  WARN 2793723 --- [a1-observability] [lity-producer-1] o.a.k.clients.producer.internals.Sender  : [Producer clientId=a1-observability-producer-1] Got error produce response with correlation id 1052 on topic-partition bank.a1.transaction.events-3, retrying (2147483554 attempts left). Error: NOT_ENOUGH_REPLICAS
2026-09-04T16:01:14.955+05:00  WARN 2793723 --- [a1-observability] [lity-producer-1] o.a.k.clients.producer.internals.Sender  : [Producer clientId=a1-observability-producer-1] Got error produce response with correlation id 1052 on topic-partition bank.a1.transaction.events-2, retrying (2147483554 attempts left). Error: NOT_ENOUGH_REPLICAS
2026-09-04T16:01:14.998+05:00  WARN 2793723 --- [a1-observability] [lity-producer-1] o.a.k.clients.producer.internals.Sender  : [Producer clientId=a1-observability-producer-1] Got error produce response with correlation id 1053 on topic-partition bank.a1.transaction.events-5, retrying (2147483554 attempts left). Error: NOT_ENOUGH_REPLICAS
2026-09-04T16:01:15.099+05:00  WARN 2793723 --- [a1-observability] [lity-producer-1] o.a.k.clients.producer.internals.Sender  : [Producer clientId=a1-observability-producer-1] Got error produce response with correlation id 1054 on topic-partition bank.a1.transaction.events-4, retrying (2147483553 attempts left). Error: NOT_ENOUGH_REPLICAS
2026-09-04T16:01:15.956+05:00  WARN 2793723 --- [a1-observability] [lity-producer-1] o.a.k.clients.producer.internals.Sender  : [Producer clientId=a1-observability-producer-1] Got error produce response with correlation id 1055 on topic-partition bank.a1.transaction.events-4, retrying (2147483552 attempts left). Error: NOT_ENOUGH_REPLICAS
2026-09-04T16:01:15.957+05:00  WARN 2793723 --- [a1-observability] [lity-producer-1] o.a.k.clients.producer.internals.Sender  : [Producer clientId=a1-observability-producer-1] Got error produce response with correlation id 1055 on topic-partition bank.a1.transaction.events-3, retrying (2147483553 attempts left). Error: NOT_ENOUGH_REPLICAS
2026-09-04T16:01:15.957+05:00  WARN 2793723 --- [a1-observability] [lity-producer-1] o.a.k.clients.producer.internals.Sender  : [Producer clientId=a1-observability-producer-1] Got error produce response with correlation id 1055 on topic-partition bank.a1.transaction.events-5, retrying (2147483553 attempts left). Error: NOT_ENOUGH_REPLICAS
2026-09-04T16:01:15.958+05:00  WARN 2793723 --- [a1-observability] [lity-producer-1] o.a.k.clients.producer.internals.Sender  : [Producer clientId=a1-observability-producer-1] Got error produce response with correlation id 1055 on topic-partition bank.a1.transaction.events-2, retrying (2147483553 attempts left). Error: NOT_ENOUGH_REPLICAS
2026-09-04T16:01:16.839+05:00  WARN 2793723 --- [a1-observability] [lity-producer-1] o.a.k.clients.producer.internals.Sender  : [Producer clientId=a1-observability-producer-1] Got error produce response with correlation id 1056 on topic-partition bank.a1.transaction.events-3, retrying (2147483552 attempts left). Error: NOT_ENOUGH_REPLICAS
2026-09-04T16:01:16.840+05:00  WARN 2793723 --- [a1-observability] [lity-producer-1] o.a.k.clients.producer.internals.Sender  : [Producer clientId=a1-observability-producer-1] Got error produce response with correlation id 1056 on topic-partition bank.a1.transaction.events-5, retrying (2147483552 attempts left). Error: NOT_ENOUGH_REPLICAS
2026-09-04T16:01:16.952+05:00  WARN 2793723 --- [a1-observability] [lity-producer-1] o.a.k.clients.producer.internals.Sender  : [Producer clientId=a1-observability-producer-1] Got error produce response with correlation id 1057 on topic-partition bank.a1.transaction.events-2, retrying (2147483552 attempts left). Error: NOT_ENOUGH_REPLICAS
2026-09-04T16:01:16.952+05:00  WARN 2793723 --- [a1-observability] [lity-producer-1] o.a.k.clients.producer.internals.Sender  : [Producer clientId=a1-observability-producer-1] Got error produce response with correlation id 1058 on topic-partition bank.a1.transaction.events-4, retrying (2147483551 attempts left). Error: NOT_ENOUGH_REPLICAS
2026-09-04T16:01:17.814+05:00  WARN 2793723 --- [a1-observability] [lity-producer-1] o.a.k.clients.producer.internals.Sender  : [Producer clientId=a1-observability-producer-1] Got error produce response with correlation id 1059 on topic-partition bank.a1.transaction.events-3, retrying (2147483551 attempts left). Error: NOT_ENOUGH_REPLICAS
2026-09-04T16:01:17.815+05:00  WARN 2793723 --- [a1-observability] [lity-producer-1] o.a.k.clients.producer.internals.Sender  : [Producer clientId=a1-observability-producer-1] Got error produce response with correlation id 1060 on topic-partition bank.a1.transaction.events-5, retrying (2147483551 attempts left). Error: NOT_ENOUGH_REPLICAS
2026-09-04T16:01:17.953+05:00  WARN 2793723 --- [a1-observability] [lity-producer-1] o.a.k.clients.producer.internals.Sender  : [Producer clientId=a1-observability-producer-1] Got error produce response with correlation id 1061 on topic-partition bank.a1.transaction.events-4, retrying (2147483550 attempts left). Error: NOT_ENOUGH_REPLICAS
2026-09-04T16:01:17.953+05:00  WARN 2793723 --- [a1-observability] [lity-producer-1] o.a.k.clients.producer.internals.Sender  : [Producer clientId=a1-observability-producer-1] Got error produce response with correlation id 1061 on topic-partition bank.a1.transaction.events-2, retrying (2147483551 attempts left). Error: NOT_ENOUGH_REPLICAS
2026-09-04T16:01:18.815+05:00  WARN 2793723 --- [a1-observability] [lity-producer-1] o.a.k.clients.producer.internals.Sender  : [Producer clientId=a1-observability-producer-1] Got error produce response with correlation id 1062 on topic-partition bank.a1.transaction.events-3, retrying (2147483550 attempts left). Error: NOT_ENOUGH_REPLICAS
2026-09-04T16:01:18.816+05:00  WARN 2793723 --- [a1-observability] [lity-producer-1] o.a.k.clients.producer.internals.Sender  : [Producer clientId=a1-observability-producer-1] Got error produce response with correlation id 1062 on topic-partition bank.a1.transaction.events-5, retrying (2147483550 attempts left). Error: NOT_ENOUGH_REPLICAS
2026-09-04T16:01:18.913+05:00  WARN 2793723 --- [a1-observability] [lity-producer-1] o.a.k.clients.producer.internals.Sender  : [Producer clientId=a1-observability-producer-1] Got error produce response with correlation id 1063 on topic-partition bank.a1.transaction.events-2, retrying (2147483550 attempts left). Error: NOT_ENOUGH_REPLICAS
2026-09-04T16:01:18.914+05:00  WARN 2793723 --- [a1-observability] [lity-producer-1] o.a.k.clients.producer.internals.Sender  : [Producer clientId=a1-observability-producer-1] Got error produce response with correlation id 1064 on topic-partition bank.a1.transaction.events-4, retrying (2147483549 attempts left). Error: NOT_ENOUGH_REPLICAS
2026-09-04T16:01:19.810+05:00  WARN 2793723 --- [a1-observability] [lity-producer-1] o.a.k.clients.producer.internals.Sender  : [Producer clientId=a1-observability-producer-1] Got error produce response with correlation id 1065 on topic-partition bank.a1.transaction.events-4, retrying (2147483548 attempts left). Error: NOT_ENOUGH_REPLICAS
2026-09-04T16:01:19.810+05:00  WARN 2793723 --- [a1-observability] [lity-producer-1] o.a.k.clients.producer.internals.Sender  : [Producer clientId=a1-observability-producer-1] Got error produce response with correlation id 1065 on topic-partition bank.a1.transaction.events-3, retrying (2147483549 attempts left). Error: NOT_ENOUGH_REPLICAS
2026-09-04T16:01:19.811+05:00  WARN 2793723 --- [a1-observability] [lity-producer-1] o.a.k.clients.producer.internals.Sender  : [Producer clientId=a1-observability-producer-1] Got error produce response with correlation id 1066 on topic-partition bank.a1.transaction.events-2, retrying (2147483549 attempts left). Error: NOT_ENOUGH_REPLICAS
2026-09-04T16:01:19.812+05:00  WARN 2793723 --- [a1-observability] [lity-producer-1] o.a.k.clients.producer.internals.Sender  : [Producer clientId=a1-observability-producer-1] Got error produce response with correlation id 1067 on topic-partition bank.a1.transaction.events-5, retrying (2147483549 attempts left). Error: NOT_ENOUGH_REPLICAS
2026-09-04T16:01:20.753+05:00  WARN 2793723 --- [a1-observability] [lity-producer-1] o.a.k.clients.producer.internals.Sender  : [Producer clientId=a1-observability-producer-1] Got error produce response with correlation id 1068 on topic-partition bank.a1.transaction.events-4, retrying (2147483547 attempts left). Error: NOT_ENOUGH_REPLICAS
2026-09-04T16:01:20.754+05:00  WARN 2793723 --- [a1-observability] [lity-producer-1] o.a.k.clients.producer.internals.Sender  : [Producer clientId=a1-observability-producer-1] Got error produce response with correlation id 1068 on topic-partition bank.a1.transaction.events-2, retrying (2147483548 attempts left). Error: NOT_ENOUGH_REPLICAS
2026-09-04T16:01:20.754+05:00  WARN 2793723 --- [a1-observability] [lity-producer-1] o.a.k.clients.producer.internals.Sender  : [Producer clientId=a1-observability-producer-1] Got error produce response with correlation id 1069 on topic-partition bank.a1.transaction.events-3, retrying (2147483548 attempts left). Error: NOT_ENOUGH_REPLICAS
2026-09-04T16:01:20.812+05:00  WARN 2793723 --- [a1-observability] [lity-producer-1] o.a.k.clients.producer.internals.Sender  : [Producer clientId=a1-observability-producer-1] Got error produce response with correlation id 1070 on topic-partition bank.a1.transaction.events-5, retrying (2147483548 attempts left). Error: NOT_ENOUGH_REPLICAS
2026-09-04T16:01:21.754+05:00  WARN 2793723 --- [a1-observability] [lity-producer-1] o.a.k.clients.producer.internals.Sender  : [Producer clientId=a1-observability-producer-1] Got error produce response with correlation id 1071 on topic-partition bank.a1.transaction.events-4, retrying (2147483546 attempts left). Error: NOT_ENOUGH_REPLICAS
2026-09-04T16:01:21.755+05:00  WARN 2793723 --- [a1-observability] [lity-producer-1] o.a.k.clients.producer.internals.Sender  : [Producer clientId=a1-observability-producer-1] Got error produce response with correlation id 1071 on topic-partition bank.a1.transaction.events-3, retrying (2147483547 attempts left). Error: NOT_ENOUGH_REPLICAS
2026-09-04T16:01:21.756+05:00  WARN 2793723 --- [a1-observability] [lity-producer-1] o.a.k.clients.producer.internals.Sender  : [Producer clientId=a1-observability-producer-1] Got error produce response with correlation id 1071 on topic-partition bank.a1.transaction.events-2, retrying (2147483547 attempts left). Error: NOT_ENOUGH_REPLICAS
2026-09-04T16:01:21.756+05:00  WARN 2793723 --- [a1-observability] [lity-producer-1] o.a.k.clients.producer.internals.Sender  : [Producer clientId=a1-observability-producer-1] Got error produce response with correlation id 1072 on topic-partition bank.a1.transaction.events-5, retrying (2147483547 attempts left). Error: NOT_ENOUGH_REPLICAS
2026-09-04T16:01:22.636+05:00  WARN 2793723 --- [a1-observability] [lity-producer-1] o.a.k.clients.producer.internals.Sender  : [Producer clientId=a1-observability-producer-1] Got error produce response with correlation id 1073 on topic-partition bank.a1.transaction.events-4, retrying (2147483545 attempts left). Error: NOT_ENOUGH_REPLICAS
2026-09-04T16:01:22.637+05:00  WARN 2793723 --- [a1-observability] [lity-producer-1] o.a.k.clients.producer.internals.Sender  : [Producer clientId=a1-observability-producer-1] Got error produce response with correlation id 1073 on topic-partition bank.a1.transaction.events-3, retrying (2147483546 attempts left). Error: NOT_ENOUGH_REPLICAS
2026-09-04T16:01:22.755+05:00  WARN 2793723 --- [a1-observability] [lity-producer-1] o.a.k.clients.producer.internals.Sender  : [Producer clientId=a1-observability-producer-1] Got error produce response with correlation id 1074 on topic-partition bank.a1.transaction.events-2, retrying (2147483546 attempts left). Error: NOT_ENOUGH_REPLICAS
2026-09-04T16:01:22.757+05:00  WARN 2793723 --- [a1-observability] [lity-producer-1] o.a.k.clients.producer.internals.Sender  : [Producer clientId=a1-observability-producer-1] Got error produce response with correlation id 1075 on topic-partition bank.a1.transaction.events-5, retrying (2147483546 attempts left). Error: NOT_ENOUGH_REPLICAS
2026-09-04T16:01:23.622+05:00  WARN 2793723 --- [a1-observability] [lity-producer-1] o.a.k.clients.producer.internals.Sender  : [Producer clientId=a1-observability-producer-1] Got error produce response with correlation id 1076 on topic-partition bank.a1.transaction.events-4, retrying (2147483544 attempts left). Error: NOT_ENOUGH_REPLICAS
2026-09-04T16:01:23.623+05:00  WARN 2793723 --- [a1-observability] [lity-producer-1] o.a.k.clients.producer.internals.Sender  : [Producer clientId=a1-observability-producer-1] Got error produce response with correlation id 1077 on topic-partition bank.a1.transaction.events-3, retrying (2147483545 attempts left). Error: NOT_ENOUGH_REPLICAS
2026-09-04T16:01:23.623+05:00  WARN 2793723 --- [a1-observability] [lity-producer-1] o.a.k.clients.producer.internals.Sender  : [Producer clientId=a1-observability-producer-1] Got error produce response with correlation id 1077 on topic-partition bank.a1.transaction.events-2, retrying (2147483545 attempts left). Error: NOT_ENOUGH_REPLICAS
2026-09-04T16:01:23.758+05:00  WARN 2793723 --- [a1-observability] [lity-producer-1] o.a.k.clients.producer.internals.Sender  : [Producer clientId=a1-observability-producer-1] Got error produce response with correlation id 1078 on topic-partition bank.a1.transaction.events-5, retrying (2147483545 attempts left). Error: NOT_ENOUGH_REPLICAS
2026-09-04T16:01:24.613+05:00  WARN 2793723 --- [a1-observability] [lity-producer-1] o.a.k.clients.producer.internals.Sender  : [Producer clientId=a1-observability-producer-1] Got error produce response with correlation id 1079 on topic-partition bank.a1.transaction.events-3, retrying (2147483544 attempts left). Error: NOT_ENOUGH_REPLICAS
2026-09-04T16:01:24.614+05:00  WARN 2793723 --- [a1-observability] [lity-producer-1] o.a.k.clients.producer.internals.Sender  : [Producer clientId=a1-observability-producer-1] Got error produce response with correlation id 1079 on topic-partition bank.a1.transaction.events-2, retrying (2147483544 attempts left). Error: NOT_ENOUGH_REPLICAS
2026-09-04T16:01:24.615+05:00  WARN 2793723 --- [a1-observability] [lity-producer-1] o.a.k.clients.producer.internals.Sender  : [Producer clientId=a1-observability-producer-1] Got error produce response with correlation id 1080 on topic-partition bank.a1.transaction.events-4, retrying (2147483543 attempts left). Error: NOT_ENOUGH_REPLICAS
2026-09-04T16:01:24.759+05:00  WARN 2793723 --- [a1-observability] [lity-producer-1] o.a.k.clients.producer.internals.Sender  : [Producer clientId=a1-observability-producer-1] Got error produce response with correlation id 1081 on topic-partition bank.a1.transaction.events-5, retrying (2147483544 attempts left). Error: NOT_ENOUGH_REPLICAS
2026-09-04T16:01:25.536+05:00  WARN 2793723 --- [a1-observability] [lity-producer-1] o.a.k.clients.producer.internals.Sender  : [Producer clientId=a1-observability-producer-1] Got error produce response with correlation id 1082 on topic-partition bank.a1.transaction.events-3, retrying (2147483543 attempts left). Error: NOT_ENOUGH_REPLICAS
2026-09-04T16:01:25.537+05:00  WARN 2793723 --- [a1-observability] [lity-producer-1] o.a.k.clients.producer.internals.Sender  : [Producer clientId=a1-observability-producer-1] Got error produce response with correlation id 1083 on topic-partition bank.a1.transaction.events-2, retrying (2147483543 attempts left). Error: NOT_ENOUGH_REPLICAS
2026-09-04T16:01:25.617+05:00  WARN 2793723 --- [a1-observability] [lity-producer-1] o.a.k.clients.producer.internals.Sender  : [Producer clientId=a1-observability-producer-1] Got error produce response with correlation id 1084 on topic-partition bank.a1.transaction.events-4, retrying (2147483542 attempts left). Error: NOT_ENOUGH_REPLICAS
2026-09-04T16:01:25.617+05:00  WARN 2793723 --- [a1-observability] [lity-producer-1] o.a.k.clients.producer.internals.Sender  : [Producer clientId=a1-observability-producer-1] Got error produce response with correlation id 1084 on topic-partition bank.a1.transaction.events-5, retrying (2147483543 attempts left). Error: NOT_ENOUGH_REPLICAS
2026-09-04T16:01:26.498+05:00  WARN 2793723 --- [a1-observability] [lity-producer-1] o.a.k.clients.producer.internals.Sender  : [Producer clientId=a1-observability-producer-1] Got error produce response with correlation id 1085 on topic-partition bank.a1.transaction.events-4, retrying (2147483541 attempts left). Error: NOT_ENOUGH_REPLICAS
2026-09-04T16:01:26.499+05:00  WARN 2793723 --- [a1-observability] [lity-producer-1] o.a.k.clients.producer.internals.Sender  : [Producer clientId=a1-observability-producer-1] Got error produce response with correlation id 1085 on topic-partition bank.a1.transaction.events-3, retrying (2147483542 attempts left). Error: NOT_ENOUGH_REPLICAS
2026-09-04T16:01:26.500+05:00  WARN 2793723 --- [a1-observability] [lity-producer-1] o.a.k.clients.producer.internals.Sender  : [Producer clientId=a1-observability-producer-1] Got error produce response with correlation id 1086 on topic-partition bank.a1.transaction.events-2, retrying (2147483542 attempts left). Error: NOT_ENOUGH_REPLICAS
2026-09-04T16:01:26.619+05:00  WARN 2793723 --- [a1-observability] [lity-producer-1] o.a.k.clients.producer.internals.Sender  : [Producer clientId=a1-observability-producer-1] Got error produce response with correlation id 1087 on topic-partition bank.a1.transaction.events-5, retrying (2147483542 attempts left). Error: NOT_ENOUGH_REPLICAS
2026-09-04T16:01:27.355+05:00  WARN 2793723 --- [a1-observability] [lity-producer-1] o.a.k.clients.producer.internals.Sender  : [Producer clientId=a1-observability-producer-1] Got error produce response with correlation id 1088 on topic-partition bank.a1.transaction.events-4, retrying (2147483540 attempts left). Error: NOT_ENOUGH_REPLICAS
2026-09-04T16:01:27.356+05:00  WARN 2793723 --- [a1-observability] [lity-producer-1] o.a.k.clients.producer.internals.Sender  : [Producer clientId=a1-observability-producer-1] Got error produce response with correlation id 1089 on topic-partition bank.a1.transaction.events-3, retrying (2147483541 attempts left). Error: NOT_ENOUGH_REPLICAS
2026-09-04T16:01:27.501+05:00  WARN 2793723 --- [a1-observability] [lity-producer-1] o.a.k.clients.producer.internals.Sender  : [Producer clientId=a1-observability-producer-1] Got error produce response with correlation id 1090 on topic-partition bank.a1.transaction.events-2, retrying (2147483541 attempts left). Error: NOT_ENOUGH_REPLICAS
2026-09-04T16:01:27.503+05:00  WARN 2793723 --- [a1-observability] [lity-producer-1] o.a.k.clients.producer.internals.Sender  : [Producer clientId=a1-observability-producer-1] Got error produce response with correlation id 1091 on topic-partition bank.a1.transaction.events-5, retrying (2147483541 attempts left). Error: NOT_ENOUGH_REPLICAS
2026-09-04T16:01:28.289+05:00  WARN 2793723 --- [a1-observability] [lity-producer-1] o.a.k.clients.producer.internals.Sender  : [Producer clientId=a1-observability-producer-1] Got error produce response with correlation id 1092 on topic-partition bank.a1.transaction.events-4, retrying (2147483539 attempts left). Error: NOT_ENOUGH_REPLICAS
2026-09-04T16:01:28.291+05:00  WARN 2793723 --- [a1-observability] [lity-producer-1] o.a.k.clients.producer.internals.Sender  : [Producer clientId=a1-observability-producer-1] Got error produce response with correlation id 1092 on topic-partition bank.a1.transaction.events-3, retrying (2147483540 attempts left). Error: NOT_ENOUGH_REPLICAS
2026-09-04T16:01:28.503+05:00  WARN 2793723 --- [a1-observability] [lity-producer-1] o.a.k.clients.producer.internals.Sender  : [Producer clientId=a1-observability-producer-1] Got error produce response with correlation id 1093 on topic-partition bank.a1.transaction.events-5, retrying (2147483540 attempts left). Error: NOT_ENOUGH_REPLICAS
2026-09-04T16:01:28.504+05:00  WARN 2793723 --- [a1-observability] [lity-producer-1] o.a.k.clients.producer.internals.Sender  : [Producer clientId=a1-observability-producer-1] Got error produce response with correlation id 1093 on topic-partition bank.a1.transaction.events-2, retrying (2147483540 attempts left). Error: NOT_ENOUGH_REPLICAS
2026-09-04T16:01:29.255+05:00  WARN 2793723 --- [a1-observability] [lity-producer-1] o.a.k.clients.producer.internals.Sender  : [Producer clientId=a1-observability-producer-1] Got error produce response with correlation id 1094 on topic-partition bank.a1.transaction.events-4, retrying (2147483538 attempts left). Error: NOT_ENOUGH_REPLICAS
2026-09-04T16:01:29.256+05:00  WARN 2793723 --- [a1-observability] [lity-producer-1] o.a.k.clients.producer.internals.Sender  : [Producer clientId=a1-observability-producer-1] Got error produce response with correlation id 1094 on topic-partition bank.a1.transaction.events-3, retrying (2147483539 attempts left). Error: NOT_ENOUGH_REPLICAS
2026-09-04T16:01:29.504+05:00  WARN 2793723 --- [a1-observability] [lity-producer-1] o.a.k.clients.producer.internals.Sender  : [Producer clientId=a1-observability-producer-1] Got error produce response with correlation id 1095 on topic-partition bank.a1.transaction.events-5, retrying (2147483539 attempts left). Error: NOT_ENOUGH_REPLICAS
2026-09-04T16:01:29.505+05:00  WARN 2793723 --- [a1-observability] [lity-producer-1] o.a.k.clients.producer.internals.Sender  : [Producer clientId=a1-observability-producer-1] Got error produce response with correlation id 1095 on topic-partition bank.a1.transaction.events-2, retrying (2147483539 attempts left). Error: NOT_ENOUGH_REPLICAS
2026-09-04T16:01:30.257+05:00  WARN 2793723 --- [a1-observability] [lity-producer-1] o.a.k.clients.producer.internals.Sender  : [Producer clientId=a1-observability-producer-1] Got error produce response with correlation id 1096 on topic-partition bank.a1.transaction.events-4, retrying (2147483537 attempts left). Error: NOT_ENOUGH_REPLICAS
2026-09-04T16:01:30.257+05:00  WARN 2793723 --- [a1-observability] [lity-producer-1] o.a.k.clients.producer.internals.Sender  : [Producer clientId=a1-observability-producer-1] Got error produce response with correlation id 1096 on topic-partition bank.a1.transaction.events-3, retrying (2147483538 attempts left). Error: NOT_ENOUGH_REPLICAS
2026-09-04T16:01:30.505+05:00  WARN 2793723 --- [a1-observability] [lity-producer-1] o.a.k.clients.producer.internals.Sender  : [Producer clientId=a1-observability-producer-1] Got error produce response with correlation id 1097 on topic-partition bank.a1.transaction.events-5, retrying (2147483538 attempts left). Error: NOT_ENOUGH_REPLICAS
2026-09-04T16:01:30.506+05:00  WARN 2793723 --- [a1-observability] [lity-producer-1] o.a.k.clients.producer.internals.Sender  : [Producer clientId=a1-observability-producer-1] Got error produce response with correlation id 1097 on topic-partition bank.a1.transaction.events-2, retrying (2147483538 attempts left). Error: NOT_ENOUGH_REPLICAS
2026-09-04T16:01:31.258+05:00  WARN 2793723 --- [a1-observability] [lity-producer-1] o.a.k.clients.producer.internals.Sender  : [Producer clientId=a1-observability-producer-1] Got error produce response with correlation id 1098 on topic-partition bank.a1.transaction.events-4, retrying (2147483536 attempts left). Error: NOT_ENOUGH_REPLICAS
2026-09-04T16:01:31.259+05:00  WARN 2793723 --- [a1-observability] [lity-producer-1] o.a.k.clients.producer.internals.Sender  : [Producer clientId=a1-observability-producer-1] Got error produce response with correlation id 1098 on topic-partition bank.a1.transaction.events-3, retrying (2147483537 attempts left). Error: NOT_ENOUGH_REPLICAS
2026-09-04T16:01:31.506+05:00  WARN 2793723 --- [a1-observability] [lity-producer-1] o.a.k.clients.producer.internals.Sender  : [Producer clientId=a1-observability-producer-1] Got error produce response with correlation id 1099 on topic-partition bank.a1.transaction.events-5, retrying (2147483537 attempts left). Error: NOT_ENOUGH_REPLICAS
2026-09-04T16:01:31.507+05:00  WARN 2793723 --- [a1-observability] [lity-producer-1] o.a.k.clients.producer.internals.Sender  : [Producer clientId=a1-observability-producer-1] Got error produce response with correlation id 1099 on topic-partition bank.a1.transaction.events-2, retrying (2147483537 attempts left). Error: NOT_ENOUGH_REPLICAS
2026-09-04T16:01:32.258+05:00  WARN 2793723 --- [a1-observability] [lity-producer-1] o.a.k.clients.producer.internals.Sender  : [Producer clientId=a1-observability-producer-1] Got error produce response with correlation id 1100 on topic-partition bank.a1.transaction.events-4, retrying (2147483535 attempts left). Error: NOT_ENOUGH_REPLICAS
2026-09-04T16:01:32.259+05:00  WARN 2793723 --- [a1-observability] [lity-producer-1] o.a.k.clients.producer.internals.Sender  : [Producer clientId=a1-observability-producer-1] Got error produce response with correlation id 1100 on topic-partition bank.a1.transaction.events-3, retrying (2147483536 attempts left). Error: NOT_ENOUGH_REPLICAS
2026-09-04T16:01:32.507+05:00  WARN 2793723 --- [a1-observability] [lity-producer-1] o.a.k.clients.producer.internals.Sender  : [Producer clientId=a1-observability-producer-1] Got error produce response with correlation id 1101 on topic-partition bank.a1.transaction.events-5, retrying (2147483536 attempts left). Error: NOT_ENOUGH_REPLICAS
2026-09-04T16:01:32.507+05:00  WARN 2793723 --- [a1-observability] [lity-producer-1] o.a.k.clients.producer.internals.Sender  : [Producer clientId=a1-observability-producer-1] Got error produce response with correlation id 1101 on topic-partition bank.a1.transaction.events-2, retrying (2147483536 attempts left). Error: NOT_ENOUGH_REPLICAS
2026-09-04T16:01:33.259+05:00  WARN 2793723 --- [a1-observability] [lity-producer-1] o.a.k.clients.producer.internals.Sender  : [Producer clientId=a1-observability-producer-1] Got error produce response with correlation id 1102 on topic-partition bank.a1.transaction.events-4, retrying (2147483534 attempts left). Error: NOT_ENOUGH_REPLICAS
2026-09-04T16:01:33.260+05:00  WARN 2793723 --- [a1-observability] [lity-producer-1] o.a.k.clients.producer.internals.Sender  : [Producer clientId=a1-observability-producer-1] Got error produce response with correlation id 1102 on topic-partition bank.a1.transaction.events-3, retrying (2147483535 attempts left). Error: NOT_ENOUGH_REPLICAS
2026-09-04T16:01:33.507+05:00  WARN 2793723 --- [a1-observability] [lity-producer-1] o.a.k.clients.producer.internals.Sender  : [Producer clientId=a1-observability-producer-1] Got error produce response with correlation id 1103 on topic-partition bank.a1.transaction.events-5, retrying (2147483535 attempts left). Error: NOT_ENOUGH_REPLICAS
2026-09-04T16:01:33.507+05:00  WARN 2793723 --- [a1-observability] [lity-producer-1] o.a.k.clients.producer.internals.Sender  : [Producer clientId=a1-observability-producer-1] Got error produce response with correlation id 1103 on topic-partition bank.a1.transaction.events-2, retrying (2147483535 attempts left). Error: NOT_ENOUGH_REPLICAS
2026-09-04T16:02:50.060+05:00  INFO 2793723 --- [a1-observability] [ionShutdownHook] o.s.boot.tomcat.GracefulShutdown         : Commencing graceful shutdown. Waiting for active requests to complete
2026-09-04T16:02:50.064+05:00  INFO 2793723 --- [a1-observability] [tomcat-shutdown] o.s.boot.tomcat.GracefulShutdown         : Graceful shutdown complete
2026-09-04T16:02:50.068+05:00  INFO 2793723 --- [a1-observability] [ionShutdownHook] o.a.k.clients.producer.KafkaProducer     : [Producer clientId=a1-observability-producer-1] Closing the Kafka producer with timeoutMillis = 30000 ms.
2026-09-04T16:02:50.074+05:00  INFO 2793723 --- [a1-observability] [ionShutdownHook] o.apache.kafka.common.metrics.Metrics    : Metrics scheduler closed
2026-09-04T16:02:50.075+05:00  INFO 2793723 --- [a1-observability] [ionShutdownHook] o.apache.kafka.common.metrics.Metrics    : Closing reporter org.apache.kafka.common.metrics.JmxReporter
2026-09-04T16:02:50.075+05:00  INFO 2793723 --- [a1-observability] [ionShutdownHook] o.apache.kafka.common.metrics.Metrics    : Closing reporter org.apache.kafka.common.telemetry.internals.ClientTelemetryReporter
2026-09-04T16:02:50.076+05:00  INFO 2793723 --- [a1-observability] [ionShutdownHook] o.apache.kafka.common.metrics.Metrics    : Metrics reporters closed
2026-09-04T16:02:50.077+05:00  INFO 2793723 --- [a1-observability] [ionShutdownHook] o.a.kafka.common.utils.AppInfoParser     : App info kafka.producer for a1-observability-producer-1 unregistered
2026-09-04T16:02:50.085+05:00  INFO 2793723 --- [a1-observability] [ionShutdownHook] com.zaxxer.hikari.HikariDataSource       : a1-oltp - Shutdown initiated...
2026-09-04T16:02:50.101+05:00  INFO 2793723 --- [a1-observability] [ionShutdownHook] com.zaxxer.hikari.HikariDataSource       : a1-oltp - Shutdown completed.
