
  .   ____          _            __ _ _
 /\\ / ___'_ __ _ _(_)_ __  __ _ \ \ \ \
( ( )\___ | '_ | '_| | '_ \/ _` | \ \ \ \
 \\/  ___)| |_)| | | | | || (_| |  ) ) ) )
  '  |____| .__|_| |_|_| |_\__, | / / / /
 =========|_|==============|___/=/_/_/_/

 :: Spring Boot ::                (v4.1.1)

2026-09-04T15:48:59.555+05:00  INFO 2704561 --- [a1-observability] [           main] u.m.MasterThesisObservabilityApplication : Starting MasterThesisObservabilityApplication v0.0.1-SNAPSHOT using Java 21.0.12 with PID 2704561 (/mnt/c/Users/O.Ustemirov/IdeaProjects/master-thesis-observability/target/master-thesis-observability-0.0.1-SNAPSHOT.jar started by stemirovustemirov in /mnt/c/Users/O.Ustemirov/IdeaProjects/master-thesis-observability)
2026-09-04T15:48:59.562+05:00  INFO 2704561 --- [a1-observability] [           main] u.m.MasterThesisObservabilityApplication : No active profile set, falling back to 1 default profile: "default"
2026-09-04T15:49:00.904+05:00  INFO 2704561 --- [a1-observability] [           main] .s.d.r.c.RepositoryConfigurationDelegate : Bootstrapping Spring Data JPA repositories in DEFAULT mode.
2026-09-04T15:49:00.966+05:00  INFO 2704561 --- [a1-observability] [           main] .s.d.r.c.RepositoryConfigurationDelegate : Finished Spring Data repository scanning in 46 ms. Found 2 JPA repository interfaces.
2026-09-04T15:49:02.030+05:00  INFO 2704561 --- [a1-observability] [           main] o.s.boot.tomcat.TomcatWebServer          : Tomcat initialized with port 8095 (http)
2026-09-04T15:49:02.047+05:00  INFO 2704561 --- [a1-observability] [           main] o.apache.catalina.core.StandardService   : Starting service [Tomcat]
2026-09-04T15:49:02.048+05:00  INFO 2704561 --- [a1-observability] [           main] o.apache.catalina.core.StandardEngine    : Starting Servlet engine: [Apache Tomcat/11.0.24]
2026-09-04T15:49:02.079+05:00  INFO 2704561 --- [a1-observability] [           main] b.w.c.s.WebApplicationContextInitializer : Root WebApplicationContext: initialization completed in 2418 ms
2026-09-04T15:49:02.592+05:00  INFO 2704561 --- [a1-observability] [           main] org.hibernate.orm.jpa                    : HHH008540: Processing PersistenceUnitInfo [name: default]
2026-09-04T15:49:02.687+05:00  INFO 2704561 --- [a1-observability] [           main] org.hibernate.orm.core                   : HHH000001: Hibernate ORM core version 7.4.5.Final
2026-09-04T15:49:03.421+05:00  INFO 2704561 --- [a1-observability] [           main] com.zaxxer.hikari.HikariDataSource       : a1-oltp - Starting...
2026-09-04T15:49:03.793+05:00  INFO 2704561 --- [a1-observability] [           main] com.zaxxer.hikari.pool.HikariPool        : a1-oltp - Added connection oracle.jdbc.driver.T4CConnection@451a4187
2026-09-04T15:49:03.795+05:00  INFO 2704561 --- [a1-observability] [           main] com.zaxxer.hikari.HikariDataSource       : a1-oltp - Start completed.
2026-09-04T15:49:04.277+05:00  WARN 2704561 --- [a1-observability] [           main] org.hibernate.orm.jdbc                   : HHH100123: Low default JDBC fetch size: 10 (consider setting 'hibernate.jdbc.fetch_size')
2026-09-04T15:49:04.286+05:00  INFO 2704561 --- [a1-observability] [           main] org.hibernate.orm.connections.pooling    : HHH10001005: Database info:
	Database JDBC URL [jdbc:oracle:thin:@//localhost:1521/OBSVPDB]
	Database driver: Oracle JDBC driver
	Database dialect: OracleDialect
	Database version: 23.26.3
	Default catalog/schema: undefined/OBSV
	Autocommit mode: undefined/unknown
	Isolation level: READ_COMMITTED [default READ_COMMITTED]
	JDBC fetch size: 10
	Pool: DataSourceConnectionProvider
	Minimum pool size: undefined/unknown
	Maximum pool size: undefined/unknown
2026-09-04T15:49:05.543+05:00  INFO 2704561 --- [a1-observability] [           main] org.hibernate.orm.core                   : HHH000489: No JTA platform available (set 'hibernate.transaction.jta.platform' to enable JTA platform integration)
2026-09-04T15:49:05.550+05:00  INFO 2704561 --- [a1-observability] [           main] org.hibernate.orm.jdbc.batch             : HHH100501: Automatic JDBC statement batching enabled (maximum batch size 50)
2026-09-04T15:49:05.837+05:00  INFO 2704561 --- [a1-observability] [           main] o.s.d.j.r.query.QueryEnhancerFactories   : Hibernate is in classpath; If applicable, HQL parser will be used.
2026-09-04T15:49:06.775+05:00  INFO 2704561 --- [a1-observability] [           main] i.u.m.config.EventEmitterConfiguration   : observability.mode=WRAPPER_B1 -> emitter=DirectKafkaEventEmitter
2026-09-04T15:49:07.417+05:00  INFO 2704561 --- [a1-observability] [           main] o.s.b.a.e.web.EndpointLinksResolver      : Exposing 4 endpoints beneath base path '/actuator'
2026-09-04T15:49:07.501+05:00  INFO 2704561 --- [a1-observability] [           main] o.s.boot.tomcat.TomcatWebServer          : Tomcat started on port 8095 (http) with context path '/'
2026-09-04T15:49:07.514+05:00  INFO 2704561 --- [a1-observability] [           main] u.m.MasterThesisObservabilityApplication : Started MasterThesisObservabilityApplication in 11.779 seconds (process running for 9.67)
2026-09-04T15:49:07.521+05:00  INFO 2704561 --- [a1-observability] [           main] i.u.m.harness.EnvironmentAssertions      : environment ok: mode=WRAPPER_B1 oltpPool=a1-oltp maxSize=32
2026-09-04T15:49:07.553+05:00  INFO 2704561 --- [a1-observability] [           main] i.u.m.harness.ModeActivator              : supplemental logging on A1_EVENT_OUTBOX -> off
2026-09-04T15:49:07.554+05:00  INFO 2704561 --- [a1-observability] [           main] i.u.m.harness.ModeActivator              : mode=WRAPPER_B1 activated: groundTruth=true aqCapture=false supplementalLogging=none
2026-09-04T15:49:07.935+05:00  INFO 2704561 --- [a1-observability] [nio-8095-exec-1] o.a.c.c.C.[Tomcat].[localhost].[/]       : Initializing Spring DispatcherServlet 'dispatcherServlet'
2026-09-04T15:49:07.936+05:00  INFO 2704561 --- [a1-observability] [nio-8095-exec-1] o.s.web.servlet.DispatcherServlet        : Initializing Servlet 'dispatcherServlet'
2026-09-04T15:49:07.938+05:00  INFO 2704561 --- [a1-observability] [nio-8095-exec-1] o.s.web.servlet.DispatcherServlet        : Completed initialization in 1 ms
2026-09-04T15:49:12.031+05:00  INFO 2704561 --- [a1-observability] [nio-8095-exec-2] o.a.kafka.common.config.AbstractConfig   : ProducerConfig values: 
	acks = -1
	batch.size = 16384
	bootstrap.servers = [localhost:19092, localhost:29092, localhost:39092]
	buffer.memory = 33554432
	client.dns.lookup = use_all_dns_ips
	client.id = a1-observability-producer-1
	compression.gzip.level = -1
	compression.lz4.level = 9
	compression.type = lz4
	compression.zstd.level = 3
	config.providers = []
	connections.max.idle.ms = 540000
	delivery.timeout.ms = 120000
	enable.idempotence = true
	enable.metrics.push = true
	interceptor.classes = []
	key.serializer = class org.apache.kafka.common.serialization.StringSerializer
	linger.ms = 5
	max.block.ms = 60000
	max.in.flight.requests.per.connection = 5
	max.request.size = 1048576
	metadata.max.age.ms = 300000
	metadata.max.idle.ms = 300000
	metadata.recovery.rebootstrap.trigger.ms = 300000
	metadata.recovery.strategy = rebootstrap
	metric.reporters = [org.apache.kafka.common.metrics.JmxReporter]
	metrics.num.samples = 2
	metrics.recording.level = INFO
	metrics.sample.window.ms = 30000
	partitioner.adaptive.partitioning.enable = true
	partitioner.availability.timeout.ms = 0
	partitioner.class = null
	partitioner.ignore.keys = false
	receive.buffer.bytes = 32768
	reconnect.backoff.max.ms = 1000
	reconnect.backoff.ms = 50
	request.timeout.ms = 30000
	retries = 2147483647
	retry.backoff.max.ms = 1000
	retry.backoff.ms = 100
	sasl.client.callback.handler.class = null
	sasl.jaas.config = null
	sasl.kerberos.kinit.cmd = /usr/bin/kinit
	sasl.kerberos.min.time.before.relogin = 60000
	sasl.kerberos.service.name = null
	sasl.kerberos.ticket.renew.jitter = 0.05
	sasl.kerberos.ticket.renew.window.factor = 0.8
	sasl.login.callback.handler.class = null
	sasl.login.class = null
	sasl.login.connect.timeout.ms = null
	sasl.login.read.timeout.ms = null
	sasl.login.refresh.buffer.seconds = 300
	sasl.login.refresh.min.period.seconds = 60
	sasl.login.refresh.window.factor = 0.8
	sasl.login.refresh.window.jitter = 0.05
	sasl.login.retry.backoff.max.ms = 10000
	sasl.login.retry.backoff.ms = 100
	sasl.mechanism = GSSAPI
	sasl.oauthbearer.assertion.algorithm = RS256
	sasl.oauthbearer.assertion.claim.aud = null
	sasl.oauthbearer.assertion.claim.exp.seconds = 300
	sasl.oauthbearer.assertion.claim.iss = null
	sasl.oauthbearer.assertion.claim.jti.include = false
	sasl.oauthbearer.assertion.claim.nbf.seconds = 60
	sasl.oauthbearer.assertion.claim.sub = null
	sasl.oauthbearer.assertion.file = null
	sasl.oauthbearer.assertion.private.key.file = null
	sasl.oauthbearer.assertion.private.key.passphrase = null
	sasl.oauthbearer.assertion.template.file = null
	sasl.oauthbearer.client.credentials.client.id = null
	sasl.oauthbearer.client.credentials.client.secret = null
	sasl.oauthbearer.clock.skew.seconds = 30
	sasl.oauthbearer.expected.audience = []
	sasl.oauthbearer.expected.issuer = null
	sasl.oauthbearer.header.urlencode = false
	sasl.oauthbearer.jwks.endpoint.refresh.ms = 3600000
	sasl.oauthbearer.jwks.endpoint.retry.backoff.max.ms = 10000
	sasl.oauthbearer.jwks.endpoint.retry.backoff.ms = 100
	sasl.oauthbearer.jwks.endpoint.url = null
	sasl.oauthbearer.jwt.retriever.class = class org.apache.kafka.common.security.oauthbearer.DefaultJwtRetriever
	sasl.oauthbearer.jwt.validator.class = class org.apache.kafka.common.security.oauthbearer.DefaultJwtValidator
	sasl.oauthbearer.scope = null
	sasl.oauthbearer.scope.claim.name = scope
	sasl.oauthbearer.sub.claim.name = sub
	sasl.oauthbearer.token.endpoint.url = null
	security.protocol = PLAINTEXT
	security.providers = null
	send.buffer.bytes = 131072
	socket.connection.setup.timeout.max.ms = 30000
	socket.connection.setup.timeout.ms = 10000
	ssl.cipher.suites = []
	ssl.enabled.protocols = [TLSv1.2, TLSv1.3]
	ssl.endpoint.identification.algorithm = https
	ssl.engine.factory.class = null
	ssl.key.password = null
	ssl.keymanager.algorithm = SunX509
	ssl.keystore.certificate.chain = null
	ssl.keystore.key = null
	ssl.keystore.location = null
	ssl.keystore.password = null
	ssl.keystore.type = JKS
	ssl.protocol = TLSv1.3
	ssl.provider = null
	ssl.secure.random.implementation = null
	ssl.trustmanager.algorithm = PKIX
	ssl.truststore.certificates = null
	ssl.truststore.location = null
	ssl.truststore.password = null
	ssl.truststore.type = JKS
	transaction.timeout.ms = 60000
	transaction.two.phase.commit.enable = false
	transactional.id = null
	value.serializer = class org.apache.kafka.common.serialization.StringSerializer

2026-09-04T15:49:12.081+05:00  INFO 2704561 --- [a1-observability] [nio-8095-exec-2] o.a.k.c.t.i.KafkaMetricsCollector        : initializing Kafka metrics collector
2026-09-04T15:49:12.110+05:00  INFO 2704561 --- [a1-observability] [nio-8095-exec-2] o.a.k.clients.producer.KafkaProducer     : [Producer clientId=a1-observability-producer-1] Instantiated an idempotent producer.
2026-09-04T15:49:12.167+05:00  INFO 2704561 --- [a1-observability] [nio-8095-exec-2] o.a.kafka.common.utils.AppInfoParser     : Kafka version: 4.2.1
2026-09-04T15:49:12.167+05:00  INFO 2704561 --- [a1-observability] [nio-8095-exec-2] o.a.kafka.common.utils.AppInfoParser     : Kafka commitId: 92f61c44867f39dc
2026-09-04T15:49:12.168+05:00  INFO 2704561 --- [a1-observability] [nio-8095-exec-2] o.a.kafka.common.utils.AppInfoParser     : Kafka startTimeMs: 1788518952164
2026-09-04T15:49:12.673+05:00  INFO 2704561 --- [a1-observability] [lity-producer-1] org.apache.kafka.clients.Metadata        : [Producer clientId=a1-observability-producer-1] Cluster ID: 4L6g3nShT-eMCtK--X86sw
2026-09-04T15:49:12.677+05:00  INFO 2704561 --- [a1-observability] [lity-producer-1] o.a.k.c.p.internals.TransactionManager   : [Producer clientId=a1-observability-producer-1] ProducerId set to 9002 with epoch 0
2026-09-04T15:50:17.564+05:00  WARN 2704561 --- [a1-observability] [lity-producer-1] o.a.k.clients.producer.internals.Sender  : [Producer clientId=a1-observability-producer-1] Got error produce response with correlation id 5608 on topic-partition bank.a1.transaction.events-2, retrying (2147483646 attempts left). Error: NOT_LEADER_OR_FOLLOWER
2026-09-04T15:50:17.566+05:00  WARN 2704561 --- [a1-observability] [lity-producer-1] o.a.k.clients.producer.internals.Sender  : [Producer clientId=a1-observability-producer-1] Received invalid metadata error in produce request on partition bank.a1.transaction.events-2 due to org.apache.kafka.common.errors.NotLeaderOrFollowerException: For requests intended only for the leader, this error indicates that the broker is not the current leader. For requests intended for any replica, this error indicates that the broker is not a replica of the topic partition. Going to request metadata update now
2026-09-04T15:50:17.574+05:00  WARN 2704561 --- [a1-observability] [lity-producer-1] o.a.k.clients.producer.internals.Sender  : [Producer clientId=a1-observability-producer-1] Got error produce response with correlation id 5609 on topic-partition bank.a1.transaction.events-2, retrying (2147483646 attempts left). Error: NOT_LEADER_OR_FOLLOWER
2026-09-04T15:50:17.575+05:00  WARN 2704561 --- [a1-observability] [lity-producer-1] o.a.k.clients.producer.internals.Sender  : [Producer clientId=a1-observability-producer-1] Received invalid metadata error in produce request on partition bank.a1.transaction.events-2 due to org.apache.kafka.common.errors.NotLeaderOrFollowerException: For requests intended only for the leader, this error indicates that the broker is not the current leader. For requests intended for any replica, this error indicates that the broker is not a replica of the topic partition. Going to request metadata update now
2026-09-04T15:50:17.578+05:00  WARN 2704561 --- [a1-observability] [lity-producer-1] o.a.k.clients.producer.internals.Sender  : [Producer clientId=a1-observability-producer-1] Got error produce response with correlation id 5612 on topic-partition bank.a1.transaction.events-5, retrying (2147483646 attempts left). Error: NOT_LEADER_OR_FOLLOWER
2026-09-04T15:50:17.580+05:00  WARN 2704561 --- [a1-observability] [lity-producer-1] o.a.k.clients.producer.internals.Sender  : [Producer clientId=a1-observability-producer-1] Received invalid metadata error in produce request on partition bank.a1.transaction.events-5 due to org.apache.kafka.common.errors.NotLeaderOrFollowerException: For requests intended only for the leader, this error indicates that the broker is not the current leader. For requests intended for any replica, this error indicates that the broker is not a replica of the topic partition. Going to request metadata update now
2026-09-04T15:50:17.589+05:00  WARN 2704561 --- [a1-observability] [lity-producer-1] o.a.k.clients.producer.internals.Sender  : [Producer clientId=a1-observability-producer-1] Got error produce response with correlation id 5611 on topic-partition bank.a1.transaction.events-2, retrying (2147483645 attempts left). Error: NOT_LEADER_OR_FOLLOWER
2026-09-04T15:50:17.590+05:00  WARN 2704561 --- [a1-observability] [lity-producer-1] o.a.k.clients.producer.internals.Sender  : [Producer clientId=a1-observability-producer-1] Received invalid metadata error in produce request on partition bank.a1.transaction.events-2 due to org.apache.kafka.common.errors.NotLeaderOrFollowerException: For requests intended only for the leader, this error indicates that the broker is not the current leader. For requests intended for any replica, this error indicates that the broker is not a replica of the topic partition. Going to request metadata update now
2026-09-04T15:50:17.592+05:00  WARN 2704561 --- [a1-observability] [lity-producer-1] o.a.k.clients.producer.internals.Sender  : [Producer clientId=a1-observability-producer-1] Got error produce response with correlation id 5613 on topic-partition bank.a1.transaction.events-5, retrying (2147483645 attempts left). Error: NOT_LEADER_OR_FOLLOWER
2026-09-04T15:50:17.594+05:00  WARN 2704561 --- [a1-observability] [lity-producer-1] o.a.k.clients.producer.internals.Sender  : [Producer clientId=a1-observability-producer-1] Received invalid metadata error in produce request on partition bank.a1.transaction.events-5 due to org.apache.kafka.common.errors.NotLeaderOrFollowerException: For requests intended only for the leader, this error indicates that the broker is not the current leader. For requests intended for any replica, this error indicates that the broker is not a replica of the topic partition. Going to request metadata update now
2026-09-04T15:50:17.595+05:00  WARN 2704561 --- [a1-observability] [lity-producer-1] o.a.k.clients.producer.internals.Sender  : [Producer clientId=a1-observability-producer-1] Got error produce response with correlation id 5614 on topic-partition bank.a1.transaction.events-5, retrying (2147483646 attempts left). Error: NOT_LEADER_OR_FOLLOWER
2026-09-04T15:50:17.596+05:00  WARN 2704561 --- [a1-observability] [lity-producer-1] o.a.k.clients.producer.internals.Sender  : [Producer clientId=a1-observability-producer-1] Received invalid metadata error in produce request on partition bank.a1.transaction.events-5 due to org.apache.kafka.common.errors.NotLeaderOrFollowerException: For requests intended only for the leader, this error indicates that the broker is not the current leader. For requests intended for any replica, this error indicates that the broker is not a replica of the topic partition. Going to request metadata update now
2026-09-04T15:50:19.616+05:00  INFO 2704561 --- [a1-observability] [lity-producer-1] org.apache.kafka.clients.NetworkClient   : [Producer clientId=a1-observability-producer-1] Node 2 disconnected.
2026-09-04T15:50:19.619+05:00  INFO 2704561 --- [a1-observability] [lity-producer-1] org.apache.kafka.clients.NetworkClient   : [Producer clientId=a1-observability-producer-1] Node -2 disconnected.
2026-09-04T15:50:19.639+05:00  INFO 2704561 --- [a1-observability] [lity-producer-1] org.apache.kafka.clients.NetworkClient   : [Producer clientId=a1-observability-producer-1] Node 3 disconnected.
2026-09-04T15:50:19.645+05:00  INFO 2704561 --- [a1-observability] [lity-producer-1] org.apache.kafka.clients.NetworkClient   : [Producer clientId=a1-observability-producer-1] Node -3 disconnected.
2026-09-04T15:50:47.616+05:00  INFO 2704561 --- [a1-observability] [lity-producer-1] org.apache.kafka.clients.NetworkClient   : [Producer clientId=a1-observability-producer-1] Disconnecting from node 1 due to request timeout.
2026-09-04T15:50:47.617+05:00  INFO 2704561 --- [a1-observability] [lity-producer-1] org.apache.kafka.clients.NetworkClient   : [Producer clientId=a1-observability-producer-1] Cancelled in-flight PRODUCE request with correlation id 5615 due to node 1 being disconnected (elapsed time since creation: 30006ms, elapsed time since send: 30006ms, throttle time: 0ms, request timeout: 30000ms)
2026-09-04T15:50:47.617+05:00  INFO 2704561 --- [a1-observability] [lity-producer-1] org.apache.kafka.clients.NetworkClient   : [Producer clientId=a1-observability-producer-1] Cancelled in-flight PRODUCE request with correlation id 5616 due to node 1 being disconnected (elapsed time since creation: 29995ms, elapsed time since send: 29995ms, throttle time: 0ms, request timeout: 30000ms)
2026-09-04T15:50:47.618+05:00  INFO 2704561 --- [a1-observability] [lity-producer-1] org.apache.kafka.clients.NetworkClient   : [Producer clientId=a1-observability-producer-1] Cancelled in-flight PRODUCE request with correlation id 5617 due to node 1 being disconnected (elapsed time since creation: 29985ms, elapsed time since send: 29985ms, throttle time: 0ms, request timeout: 30000ms)
2026-09-04T15:50:47.618+05:00  INFO 2704561 --- [a1-observability] [lity-producer-1] org.apache.kafka.clients.NetworkClient   : [Producer clientId=a1-observability-producer-1] Cancelled in-flight PRODUCE request with correlation id 5618 due to node 1 being disconnected (elapsed time since creation: 29975ms, elapsed time since send: 29975ms, throttle time: 0ms, request timeout: 30000ms)
2026-09-04T15:50:47.619+05:00  INFO 2704561 --- [a1-observability] [lity-producer-1] org.apache.kafka.clients.NetworkClient   : [Producer clientId=a1-observability-producer-1] Cancelled in-flight PRODUCE request with correlation id 5619 due to node 1 being disconnected (elapsed time since creation: 29966ms, elapsed time since send: 29966ms, throttle time: 0ms, request timeout: 30000ms)
2026-09-04T15:50:47.620+05:00  WARN 2704561 --- [a1-observability] [lity-producer-1] o.a.k.clients.producer.internals.Sender  : [Producer clientId=a1-observability-producer-1] Got error produce response with correlation id 5615 on topic-partition bank.a1.transaction.events-4, retrying (2147483646 attempts left). Error: REQUEST_TIMED_OUT. Error Message: Disconnected from node 1 due to timeout
2026-09-04T15:50:47.620+05:00  WARN 2704561 --- [a1-observability] [lity-producer-1] o.a.k.clients.producer.internals.Sender  : [Producer clientId=a1-observability-producer-1] Got error produce response with correlation id 5616 on topic-partition bank.a1.transaction.events-4, retrying (2147483646 attempts left). Error: REQUEST_TIMED_OUT. Error Message: Disconnected from node 1 due to timeout
2026-09-04T15:50:47.621+05:00  WARN 2704561 --- [a1-observability] [lity-producer-1] o.a.k.clients.producer.internals.Sender  : [Producer clientId=a1-observability-producer-1] Got error produce response with correlation id 5617 on topic-partition bank.a1.transaction.events-3, retrying (2147483646 attempts left). Error: REQUEST_TIMED_OUT. Error Message: Disconnected from node 1 due to timeout
2026-09-04T15:50:47.621+05:00  WARN 2704561 --- [a1-observability] [lity-producer-1] o.a.k.clients.producer.internals.Sender  : [Producer clientId=a1-observability-producer-1] Got error produce response with correlation id 5618 on topic-partition bank.a1.transaction.events-3, retrying (2147483646 attempts left). Error: REQUEST_TIMED_OUT. Error Message: Disconnected from node 1 due to timeout
2026-09-04T15:50:47.622+05:00  WARN 2704561 --- [a1-observability] [lity-producer-1] o.a.k.clients.producer.internals.Sender  : [Producer clientId=a1-observability-producer-1] Got error produce response with correlation id 5619 on topic-partition bank.a1.transaction.events-3, retrying (2147483646 attempts left). Error: REQUEST_TIMED_OUT. Error Message: Disconnected from node 1 due to timeout
2026-09-04T15:50:47.677+05:00  WARN 2704561 --- [a1-observability] [lity-producer-1] o.a.k.clients.producer.internals.Sender  : [Producer clientId=a1-observability-producer-1] Got error produce response with correlation id 5623 on topic-partition bank.a1.transaction.events-0, retrying (2147483646 attempts left). Error: NOT_ENOUGH_REPLICAS
2026-09-04T15:50:47.678+05:00  WARN 2704561 --- [a1-observability] [lity-producer-1] o.a.k.clients.producer.internals.Sender  : [Producer clientId=a1-observability-producer-1] Got error produce response with correlation id 5623 on topic-partition bank.a1.transaction.events-1, retrying (2147483646 attempts left). Error: NOT_ENOUGH_REPLICAS
2026-09-04T15:50:47.679+05:00  WARN 2704561 --- [a1-observability] [lity-producer-1] o.a.k.clients.producer.internals.Sender  : [Producer clientId=a1-observability-producer-1] Got error produce response with correlation id 5623 on topic-partition bank.a1.transaction.events-2, retrying (2147483644 attempts left). Error: NOT_ENOUGH_REPLICAS
2026-09-04T15:50:47.679+05:00  WARN 2704561 --- [a1-observability] [lity-producer-1] o.a.k.clients.producer.internals.Sender  : [Producer clientId=a1-observability-producer-1] Got error produce response with correlation id 5623 on topic-partition bank.a1.transaction.events-5, retrying (2147483644 attempts left). Error: NOT_ENOUGH_REPLICAS
2026-09-04T15:50:47.680+05:00  WARN 2704561 --- [a1-observability] [lity-producer-1] o.a.k.clients.producer.internals.Sender  : [Producer clientId=a1-observability-producer-1] Got error produce response with correlation id 5624 on topic-partition bank.a1.transaction.events-0, retrying (2147483646 attempts left). Error: NOT_ENOUGH_REPLICAS
2026-09-04T15:50:47.680+05:00  WARN 2704561 --- [a1-observability] [lity-producer-1] o.a.k.clients.producer.internals.Sender  : [Producer clientId=a1-observability-producer-1] Got error produce response with correlation id 5624 on topic-partition bank.a1.transaction.events-1, retrying (2147483646 attempts left). Error: NOT_ENOUGH_REPLICAS
2026-09-04T15:50:47.718+05:00  WARN 2704561 --- [a1-observability] [lity-producer-1] o.a.k.clients.producer.internals.Sender  : [Producer clientId=a1-observability-producer-1] Got error produce response with correlation id 5626 on topic-partition bank.a1.transaction.events-3, retrying (2147483645 attempts left). Error: NOT_ENOUGH_REPLICAS
2026-09-04T15:50:47.718+05:00  WARN 2704561 --- [a1-observability] [lity-producer-1] o.a.k.clients.producer.internals.Sender  : [Producer clientId=a1-observability-producer-1] Got error produce response with correlation id 5627 on topic-partition bank.a1.transaction.events-4, retrying (2147483645 attempts left). Error: NOT_ENOUGH_REPLICAS
2026-09-04T15:50:47.762+05:00  WARN 2704561 --- [a1-observability] [lity-producer-1] o.a.k.clients.producer.internals.Sender  : [Producer clientId=a1-observability-producer-1] Got error produce response with correlation id 5628 on topic-partition bank.a1.transaction.events-1, retrying (2147483645 attempts left). Error: NOT_ENOUGH_REPLICAS
2026-09-04T15:50:47.780+05:00  WARN 2704561 --- [a1-observability] [lity-producer-1] o.a.k.clients.producer.internals.Sender  : [Producer clientId=a1-observability-producer-1] Got error produce response with correlation id 5629 on topic-partition bank.a1.transaction.events-0, retrying (2147483645 attempts left). Error: NOT_ENOUGH_REPLICAS
2026-09-04T15:50:47.900+05:00  WARN 2704561 --- [a1-observability] [lity-producer-1] o.a.k.clients.producer.internals.Sender  : [Producer clientId=a1-observability-producer-1] Got error produce response with correlation id 5630 on topic-partition bank.a1.transaction.events-4, retrying (2147483644 attempts left). Error: NOT_ENOUGH_REPLICAS
2026-09-04T15:50:47.917+05:00  WARN 2704561 --- [a1-observability] [lity-producer-1] o.a.k.clients.producer.internals.Sender  : [Producer clientId=a1-observability-producer-1] Got error produce response with correlation id 5631 on topic-partition bank.a1.transaction.events-3, retrying (2147483644 attempts left). Error: NOT_ENOUGH_REPLICAS
2026-09-04T15:50:47.958+05:00  WARN 2704561 --- [a1-observability] [lity-producer-1] o.a.k.clients.producer.internals.Sender  : [Producer clientId=a1-observability-producer-1] Got error produce response with correlation id 5632 on topic-partition bank.a1.transaction.events-0, retrying (2147483644 attempts left). Error: NOT_ENOUGH_REPLICAS
2026-09-04T15:50:47.959+05:00  WARN 2704561 --- [a1-observability] [lity-producer-1] o.a.k.clients.producer.internals.Sender  : [Producer clientId=a1-observability-producer-1] Got error produce response with correlation id 5632 on topic-partition bank.a1.transaction.events-1, retrying (2147483644 attempts left). Error: NOT_ENOUGH_REPLICAS
2026-09-04T15:50:48.037+05:00  WARN 2704561 --- [a1-observability] [lity-producer-1] o.a.k.clients.producer.internals.Sender  : [Producer clientId=a1-observability-producer-1] Got error produce response with correlation id 5633 on topic-partition bank.a1.transaction.events-2, retrying (2147483643 attempts left). Error: NOT_ENOUGH_REPLICAS
2026-09-04T15:50:48.058+05:00  WARN 2704561 --- [a1-observability] [lity-producer-1] o.a.k.clients.producer.internals.Sender  : [Producer clientId=a1-observability-producer-1] Got error produce response with correlation id 5634 on topic-partition bank.a1.transaction.events-5, retrying (2147483643 attempts left). Error: NOT_ENOUGH_REPLICAS
2026-09-04T15:50:48.239+05:00  WARN 2704561 --- [a1-observability] [lity-producer-1] o.a.k.clients.producer.internals.Sender  : [Producer clientId=a1-observability-producer-1] Got error produce response with correlation id 5635 on topic-partition bank.a1.transaction.events-4, retrying (2147483643 attempts left). Error: NOT_ENOUGH_REPLICAS
2026-09-04T15:50:48.297+05:00  WARN 2704561 --- [a1-observability] [lity-producer-1] o.a.k.clients.producer.internals.Sender  : [Producer clientId=a1-observability-producer-1] Got error produce response with correlation id 5636 on topic-partition bank.a1.transaction.events-0, retrying (2147483643 attempts left). Error: NOT_ENOUGH_REPLICAS
2026-09-04T15:50:48.298+05:00  WARN 2704561 --- [a1-observability] [lity-producer-1] o.a.k.clients.producer.internals.Sender  : [Producer clientId=a1-observability-producer-1] Got error produce response with correlation id 5637 on topic-partition bank.a1.transaction.events-3, retrying (2147483643 attempts left). Error: NOT_ENOUGH_REPLICAS
2026-09-04T15:50:48.341+05:00  WARN 2704561 --- [a1-observability] [lity-producer-1] o.a.k.clients.producer.internals.Sender  : [Producer clientId=a1-observability-producer-1] Got error produce response with correlation id 5638 on topic-partition bank.a1.transaction.events-1, retrying (2147483643 attempts left). Error: NOT_ENOUGH_REPLICAS
2026-09-04T15:50:48.758+05:00  WARN 2704561 --- [a1-observability] [lity-producer-1] o.a.k.clients.producer.internals.Sender  : [Producer clientId=a1-observability-producer-1] Got error produce response with correlation id 5639 on topic-partition bank.a1.transaction.events-5, retrying (2147483642 attempts left). Error: NOT_ENOUGH_REPLICAS
2026-09-04T15:50:48.784+05:00  WARN 2704561 --- [a1-observability] [lity-producer-1] o.a.k.clients.producer.internals.Sender  : [Producer clientId=a1-observability-producer-1] Got error produce response with correlation id 5640 on topic-partition bank.a1.transaction.events-2, retrying (2147483642 attempts left). Error: NOT_ENOUGH_REPLICAS
2026-09-04T15:50:48.978+05:00  WARN 2704561 --- [a1-observability] [lity-producer-1] o.a.k.clients.producer.internals.Sender  : [Producer clientId=a1-observability-producer-1] Got error produce response with correlation id 5641 on topic-partition bank.a1.transaction.events-3, retrying (2147483642 attempts left). Error: NOT_ENOUGH_REPLICAS
2026-09-04T15:50:48.979+05:00  WARN 2704561 --- [a1-observability] [lity-producer-1] o.a.k.clients.producer.internals.Sender  : [Producer clientId=a1-observability-producer-1] Got error produce response with correlation id 5641 on topic-partition bank.a1.transaction.events-4, retrying (2147483642 attempts left). Error: NOT_ENOUGH_REPLICAS
2026-09-04T15:50:49.046+05:00  WARN 2704561 --- [a1-observability] [lity-producer-1] o.a.k.clients.producer.internals.Sender  : [Producer clientId=a1-observability-producer-1] Got error produce response with correlation id 5642 on topic-partition bank.a1.transaction.events-1, retrying (2147483642 attempts left). Error: NOT_ENOUGH_REPLICAS
2026-09-04T15:50:49.084+05:00  WARN 2704561 --- [a1-observability] [lity-producer-1] o.a.k.clients.producer.internals.Sender  : [Producer clientId=a1-observability-producer-1] Got error produce response with correlation id 5643 on topic-partition bank.a1.transaction.events-0, retrying (2147483642 attempts left). Error: NOT_ENOUGH_REPLICAS
2026-09-04T15:50:49.602+05:00  WARN 2704561 --- [a1-observability] [lity-producer-1] o.a.k.clients.producer.internals.Sender  : [Producer clientId=a1-observability-producer-1] Got error produce response with correlation id 5644 on topic-partition bank.a1.transaction.events-5, retrying (2147483641 attempts left). Error: NOT_ENOUGH_REPLICAS
2026-09-04T15:50:49.678+05:00  WARN 2704561 --- [a1-observability] [lity-producer-1] o.a.k.clients.producer.internals.Sender  : [Producer clientId=a1-observability-producer-1] Got error produce response with correlation id 5645 on topic-partition bank.a1.transaction.events-2, retrying (2147483641 attempts left). Error: NOT_ENOUGH_REPLICAS
2026-09-04T15:50:49.817+05:00  WARN 2704561 --- [a1-observability] [lity-producer-1] o.a.k.clients.producer.internals.Sender  : [Producer clientId=a1-observability-producer-1] Got error produce response with correlation id 5646 on topic-partition bank.a1.transaction.events-3, retrying (2147483641 attempts left). Error: NOT_ENOUGH_REPLICAS
2026-09-04T15:50:49.857+05:00  WARN 2704561 --- [a1-observability] [lity-producer-1] o.a.k.clients.producer.internals.Sender  : [Producer clientId=a1-observability-producer-1] Got error produce response with correlation id 5647 on topic-partition bank.a1.transaction.events-4, retrying (2147483641 attempts left). Error: NOT_ENOUGH_REPLICAS
2026-09-04T15:50:49.923+05:00  WARN 2704561 --- [a1-observability] [lity-producer-1] o.a.k.clients.producer.internals.Sender  : [Producer clientId=a1-observability-producer-1] Got error produce response with correlation id 5648 on topic-partition bank.a1.transaction.events-1, retrying (2147483641 attempts left). Error: NOT_ENOUGH_REPLICAS
2026-09-04T15:50:49.957+05:00  WARN 2704561 --- [a1-observability] [lity-producer-1] o.a.k.clients.producer.internals.Sender  : [Producer clientId=a1-observability-producer-1] Got error produce response with correlation id 5649 on topic-partition bank.a1.transaction.events-0, retrying (2147483641 attempts left). Error: NOT_ENOUGH_REPLICAS
2026-09-04T15:50:50.518+05:00  WARN 2704561 --- [a1-observability] [lity-producer-1] o.a.k.clients.producer.internals.Sender  : [Producer clientId=a1-observability-producer-1] Got error produce response with correlation id 5650 on topic-partition bank.a1.transaction.events-5, retrying (2147483640 attempts left). Error: NOT_ENOUGH_REPLICAS
2026-09-04T15:50:50.604+05:00  WARN 2704561 --- [a1-observability] [lity-producer-1] o.a.k.clients.producer.internals.Sender  : [Producer clientId=a1-observability-producer-1] Got error produce response with correlation id 5651 on topic-partition bank.a1.transaction.events-2, retrying (2147483640 attempts left). Error: NOT_ENOUGH_REPLICAS
2026-09-04T15:50:50.684+05:00  WARN 2704561 --- [a1-observability] [lity-producer-1] o.a.k.clients.producer.internals.Sender  : [Producer clientId=a1-observability-producer-1] Got error produce response with correlation id 5652 on topic-partition bank.a1.transaction.events-3, retrying (2147483640 attempts left). Error: NOT_ENOUGH_REPLICAS
2026-09-04T15:50:50.759+05:00  WARN 2704561 --- [a1-observability] [lity-producer-1] o.a.k.clients.producer.internals.Sender  : [Producer clientId=a1-observability-producer-1] Got error produce response with correlation id 5653 on topic-partition bank.a1.transaction.events-1, retrying (2147483640 attempts left). Error: NOT_ENOUGH_REPLICAS
2026-09-04T15:50:50.761+05:00  WARN 2704561 --- [a1-observability] [lity-producer-1] o.a.k.clients.producer.internals.Sender  : [Producer clientId=a1-observability-producer-1] Got error produce response with correlation id 5654 on topic-partition bank.a1.transaction.events-4, retrying (2147483640 attempts left). Error: NOT_ENOUGH_REPLICAS
2026-09-04T15:50:50.958+05:00  WARN 2704561 --- [a1-observability] [lity-producer-1] o.a.k.clients.producer.internals.Sender  : [Producer clientId=a1-observability-producer-1] Got error produce response with correlation id 5655 on topic-partition bank.a1.transaction.events-0, retrying (2147483640 attempts left). Error: NOT_ENOUGH_REPLICAS
2026-09-04T15:50:51.405+05:00  WARN 2704561 --- [a1-observability] [lity-producer-1] o.a.k.clients.producer.internals.Sender  : [Producer clientId=a1-observability-producer-1] Got error produce response with correlation id 5656 on topic-partition bank.a1.transaction.events-5, retrying (2147483639 attempts left). Error: NOT_ENOUGH_REPLICAS
2026-09-04T15:50:51.480+05:00  WARN 2704561 --- [a1-observability] [lity-producer-1] o.a.k.clients.producer.internals.Sender  : [Producer clientId=a1-observability-producer-1] Got error produce response with correlation id 5657 on topic-partition bank.a1.transaction.events-2, retrying (2147483639 attempts left). Error: NOT_ENOUGH_REPLICAS
2026-09-04T15:50:51.583+05:00  WARN 2704561 --- [a1-observability] [lity-producer-1] o.a.k.clients.producer.internals.Sender  : [Producer clientId=a1-observability-producer-1] Got error produce response with correlation id 5658 on topic-partition bank.a1.transaction.events-3, retrying (2147483639 attempts left). Error: NOT_ENOUGH_REPLICAS
2026-09-04T15:50:51.620+05:00  WARN 2704561 --- [a1-observability] [lity-producer-1] o.a.k.clients.producer.internals.Sender  : [Producer clientId=a1-observability-producer-1] Got error produce response with correlation id 5659 on topic-partition bank.a1.transaction.events-4, retrying (2147483639 attempts left). Error: NOT_ENOUGH_REPLICAS
2026-09-04T15:50:51.625+05:00  WARN 2704561 --- [a1-observability] [lity-producer-1] o.a.k.clients.producer.internals.Sender  : [Producer clientId=a1-observability-producer-1] Got error produce response with correlation id 5660 on topic-partition bank.a1.transaction.events-1, retrying (2147483639 attempts left). Error: NOT_ENOUGH_REPLICAS
2026-09-04T15:50:51.880+05:00  WARN 2704561 --- [a1-observability] [lity-producer-1] o.a.k.clients.producer.internals.Sender  : [Producer clientId=a1-observability-producer-1] Got error produce response with correlation id 5661 on topic-partition bank.a1.transaction.events-0, retrying (2147483639 attempts left). Error: NOT_ENOUGH_REPLICAS
2026-09-04T15:50:52.337+05:00  WARN 2704561 --- [a1-observability] [lity-producer-1] o.a.k.clients.producer.internals.Sender  : [Producer clientId=a1-observability-producer-1] Got error produce response with correlation id 5662 on topic-partition bank.a1.transaction.events-5, retrying (2147483638 attempts left). Error: NOT_ENOUGH_REPLICAS
2026-09-04T15:50:52.420+05:00  WARN 2704561 --- [a1-observability] [lity-producer-1] o.a.k.clients.producer.internals.Sender  : [Producer clientId=a1-observability-producer-1] Got error produce response with correlation id 5663 on topic-partition bank.a1.transaction.events-2, retrying (2147483638 attempts left). Error: NOT_ENOUGH_REPLICAS
2026-09-04T15:50:52.444+05:00  WARN 2704561 --- [a1-observability] [lity-producer-1] o.a.k.clients.producer.internals.Sender  : [Producer clientId=a1-observability-producer-1] Got error produce response with correlation id 5664 on topic-partition bank.a1.transaction.events-3, retrying (2147483638 attempts left). Error: NOT_ENOUGH_REPLICAS
2026-09-04T15:50:52.518+05:00  WARN 2704561 --- [a1-observability] [lity-producer-1] o.a.k.clients.producer.internals.Sender  : [Producer clientId=a1-observability-producer-1] Got error produce response with correlation id 5665 on topic-partition bank.a1.transaction.events-4, retrying (2147483638 attempts left). Error: NOT_ENOUGH_REPLICAS
2026-09-04T15:50:52.524+05:00  WARN 2704561 --- [a1-observability] [lity-producer-1] o.a.k.clients.producer.internals.Sender  : [Producer clientId=a1-observability-producer-1] Got error produce response with correlation id 5666 on topic-partition bank.a1.transaction.events-1, retrying (2147483638 attempts left). Error: NOT_ENOUGH_REPLICAS
2026-09-04T15:50:52.783+05:00  WARN 2704561 --- [a1-observability] [lity-producer-1] o.a.k.clients.producer.internals.Sender  : [Producer clientId=a1-observability-producer-1] Got error produce response with correlation id 5667 on topic-partition bank.a1.transaction.events-0, retrying (2147483638 attempts left). Error: NOT_ENOUGH_REPLICAS
2026-09-04T15:50:53.280+05:00  WARN 2704561 --- [a1-observability] [lity-producer-1] o.a.k.clients.producer.internals.Sender  : [Producer clientId=a1-observability-producer-1] Got error produce response with correlation id 5668 on topic-partition bank.a1.transaction.events-3, retrying (2147483637 attempts left). Error: NOT_ENOUGH_REPLICAS
2026-09-04T15:50:53.281+05:00  WARN 2704561 --- [a1-observability] [lity-producer-1] o.a.k.clients.producer.internals.Sender  : [Producer clientId=a1-observability-producer-1] Got error produce response with correlation id 5668 on topic-partition bank.a1.transaction.events-5, retrying (2147483637 attempts left). Error: NOT_ENOUGH_REPLICAS
2026-09-04T15:50:53.340+05:00  WARN 2704561 --- [a1-observability] [lity-producer-1] o.a.k.clients.producer.internals.Sender  : [Producer clientId=a1-observability-producer-1] Got error produce response with correlation id 5669 on topic-partition bank.a1.transaction.events-2, retrying (2147483637 attempts left). Error: NOT_ENOUGH_REPLICAS
2026-09-04T15:50:53.389+05:00  WARN 2704561 --- [a1-observability] [lity-producer-1] o.a.k.clients.producer.internals.Sender  : [Producer clientId=a1-observability-producer-1] Got error produce response with correlation id 5670 on topic-partition bank.a1.transaction.events-4, retrying (2147483637 attempts left). Error: NOT_ENOUGH_REPLICAS
2026-09-04T15:50:53.390+05:00  WARN 2704561 --- [a1-observability] [lity-producer-1] o.a.k.clients.producer.internals.Sender  : [Producer clientId=a1-observability-producer-1] Got error produce response with correlation id 5671 on topic-partition bank.a1.transaction.events-1, retrying (2147483637 attempts left). Error: NOT_ENOUGH_REPLICAS
2026-09-04T15:50:53.757+05:00  WARN 2704561 --- [a1-observability] [lity-producer-1] o.a.k.clients.producer.internals.Sender  : [Producer clientId=a1-observability-producer-1] Got error produce response with correlation id 5672 on topic-partition bank.a1.transaction.events-0, retrying (2147483637 attempts left). Error: NOT_ENOUGH_REPLICAS
2026-09-04T15:50:54.160+05:00  WARN 2704561 --- [a1-observability] [lity-producer-1] o.a.k.clients.producer.internals.Sender  : [Producer clientId=a1-observability-producer-1] Got error produce response with correlation id 5673 on topic-partition bank.a1.transaction.events-3, retrying (2147483636 attempts left). Error: NOT_ENOUGH_REPLICAS
2026-09-04T15:50:54.161+05:00  WARN 2704561 --- [a1-observability] [lity-producer-1] o.a.k.clients.producer.internals.Sender  : [Producer clientId=a1-observability-producer-1] Got error produce response with correlation id 5673 on topic-partition bank.a1.transaction.events-5, retrying (2147483636 attempts left). Error: NOT_ENOUGH_REPLICAS
2026-09-04T15:50:54.240+05:00  WARN 2704561 --- [a1-observability] [lity-producer-1] o.a.k.clients.producer.internals.Sender  : [Producer clientId=a1-observability-producer-1] Got error produce response with correlation id 5674 on topic-partition bank.a1.transaction.events-2, retrying (2147483636 attempts left). Error: NOT_ENOUGH_REPLICAS
2026-09-04T15:50:54.278+05:00  WARN 2704561 --- [a1-observability] [lity-producer-1] o.a.k.clients.producer.internals.Sender  : [Producer clientId=a1-observability-producer-1] Got error produce response with correlation id 5675 on topic-partition bank.a1.transaction.events-1, retrying (2147483636 attempts left). Error: NOT_ENOUGH_REPLICAS
2026-09-04T15:50:54.280+05:00  WARN 2704561 --- [a1-observability] [lity-producer-1] o.a.k.clients.producer.internals.Sender  : [Producer clientId=a1-observability-producer-1] Got error produce response with correlation id 5676 on topic-partition bank.a1.transaction.events-4, retrying (2147483636 attempts left). Error: NOT_ENOUGH_REPLICAS
2026-09-04T15:50:54.680+05:00  WARN 2704561 --- [a1-observability] [lity-producer-1] o.a.k.clients.producer.internals.Sender  : [Producer clientId=a1-observability-producer-1] Got error produce response with correlation id 5677 on topic-partition bank.a1.transaction.events-0, retrying (2147483636 attempts left). Error: NOT_ENOUGH_REPLICAS
2026-09-04T15:50:55.044+05:00  WARN 2704561 --- [a1-observability] [lity-producer-1] o.a.k.clients.producer.internals.Sender  : [Producer clientId=a1-observability-producer-1] Got error produce response with correlation id 5678 on topic-partition bank.a1.transaction.events-5, retrying (2147483635 attempts left). Error: NOT_ENOUGH_REPLICAS
2026-09-04T15:50:55.064+05:00  WARN 2704561 --- [a1-observability] [lity-producer-1] o.a.k.clients.producer.internals.Sender  : [Producer clientId=a1-observability-producer-1] Got error produce response with correlation id 5679 on topic-partition bank.a1.transaction.events-3, retrying (2147483635 attempts left). Error: NOT_ENOUGH_REPLICAS
2026-09-04T15:50:55.137+05:00  WARN 2704561 --- [a1-observability] [lity-producer-1] o.a.k.clients.producer.internals.Sender  : [Producer clientId=a1-observability-producer-1] Got error produce response with correlation id 5680 on topic-partition bank.a1.transaction.events-2, retrying (2147483635 attempts left). Error: NOT_ENOUGH_REPLICAS
2026-09-04T15:50:55.164+05:00  WARN 2704561 --- [a1-observability] [lity-producer-1] o.a.k.clients.producer.internals.Sender  : [Producer clientId=a1-observability-producer-1] Got error produce response with correlation id 5681 on topic-partition bank.a1.transaction.events-1, retrying (2147483635 attempts left). Error: NOT_ENOUGH_REPLICAS
2026-09-04T15:50:55.164+05:00  WARN 2704561 --- [a1-observability] [lity-producer-1] o.a.k.clients.producer.internals.Sender  : [Producer clientId=a1-observability-producer-1] Got error produce response with correlation id 5681 on topic-partition bank.a1.transaction.events-4, retrying (2147483635 attempts left). Error: NOT_ENOUGH_REPLICAS
2026-09-04T15:50:55.617+05:00  WARN 2704561 --- [a1-observability] [lity-producer-1] o.a.k.clients.producer.internals.Sender  : [Producer clientId=a1-observability-producer-1] Got error produce response with correlation id 5682 on topic-partition bank.a1.transaction.events-0, retrying (2147483635 attempts left). Error: NOT_ENOUGH_REPLICAS
2026-09-04T15:50:55.937+05:00  WARN 2704561 --- [a1-observability] [lity-producer-1] o.a.k.clients.producer.internals.Sender  : [Producer clientId=a1-observability-producer-1] Got error produce response with correlation id 5683 on topic-partition bank.a1.transaction.events-5, retrying (2147483634 attempts left). Error: NOT_ENOUGH_REPLICAS
2026-09-04T15:50:55.979+05:00  WARN 2704561 --- [a1-observability] [lity-producer-1] o.a.k.clients.producer.internals.Sender  : [Producer clientId=a1-observability-producer-1] Got error produce response with correlation id 5684 on topic-partition bank.a1.transaction.events-1, retrying (2147483634 attempts left). Error: NOT_ENOUGH_REPLICAS
2026-09-04T15:50:55.981+05:00  WARN 2704561 --- [a1-observability] [lity-producer-1] o.a.k.clients.producer.internals.Sender  : [Producer clientId=a1-observability-producer-1] Got error produce response with correlation id 5685 on topic-partition bank.a1.transaction.events-3, retrying (2147483634 attempts left). Error: NOT_ENOUGH_REPLICAS
2026-09-04T15:50:56.004+05:00  WARN 2704561 --- [a1-observability] [lity-producer-1] o.a.k.clients.producer.internals.Sender  : [Producer clientId=a1-observability-producer-1] Got error produce response with correlation id 5686 on topic-partition bank.a1.transaction.events-2, retrying (2147483634 attempts left). Error: NOT_ENOUGH_REPLICAS
2026-09-04T15:50:56.060+05:00  WARN 2704561 --- [a1-observability] [lity-producer-1] o.a.k.clients.producer.internals.Sender  : [Producer clientId=a1-observability-producer-1] Got error produce response with correlation id 5687 on topic-partition bank.a1.transaction.events-4, retrying (2147483634 attempts left). Error: NOT_ENOUGH_REPLICAS
2026-09-04T15:50:56.603+05:00  WARN 2704561 --- [a1-observability] [lity-producer-1] o.a.k.clients.producer.internals.Sender  : [Producer clientId=a1-observability-producer-1] Got error produce response with correlation id 5688 on topic-partition bank.a1.transaction.events-0, retrying (2147483634 attempts left). Error: NOT_ENOUGH_REPLICAS
2026-09-04T15:50:56.818+05:00  WARN 2704561 --- [a1-observability] [lity-producer-1] o.a.k.clients.producer.internals.Sender  : [Producer clientId=a1-observability-producer-1] Got error produce response with correlation id 5689 on topic-partition bank.a1.transaction.events-3, retrying (2147483633 attempts left). Error: NOT_ENOUGH_REPLICAS
2026-09-04T15:50:56.837+05:00  WARN 2704561 --- [a1-observability] [lity-producer-1] o.a.k.clients.producer.internals.Sender  : [Producer clientId=a1-observability-producer-1] Got error produce response with correlation id 5690 on topic-partition bank.a1.transaction.events-1, retrying (2147483633 attempts left). Error: NOT_ENOUGH_REPLICAS
2026-09-04T15:50:56.839+05:00  WARN 2704561 --- [a1-observability] [lity-producer-1] o.a.k.clients.producer.internals.Sender  : [Producer clientId=a1-observability-producer-1] Got error produce response with correlation id 5691 on topic-partition bank.a1.transaction.events-5, retrying (2147483633 attempts left). Error: NOT_ENOUGH_REPLICAS
2026-09-04T15:50:56.898+05:00  WARN 2704561 --- [a1-observability] [lity-producer-1] o.a.k.clients.producer.internals.Sender  : [Producer clientId=a1-observability-producer-1] Got error produce response with correlation id 5692 on topic-partition bank.a1.transaction.events-4, retrying (2147483633 attempts left). Error: NOT_ENOUGH_REPLICAS
2026-09-04T15:50:56.958+05:00  WARN 2704561 --- [a1-observability] [lity-producer-1] o.a.k.clients.producer.internals.Sender  : [Producer clientId=a1-observability-producer-1] Got error produce response with correlation id 5693 on topic-partition bank.a1.transaction.events-2, retrying (2147483633 attempts left). Error: NOT_ENOUGH_REPLICAS
2026-09-04T15:50:57.503+05:00  WARN 2704561 --- [a1-observability] [lity-producer-1] o.a.k.clients.producer.internals.Sender  : [Producer clientId=a1-observability-producer-1] Got error produce response with correlation id 5694 on topic-partition bank.a1.transaction.events-0, retrying (2147483633 attempts left). Error: NOT_ENOUGH_REPLICAS
2026-09-04T15:50:57.700+05:00  WARN 2704561 --- [a1-observability] [lity-producer-1] o.a.k.clients.producer.internals.Sender  : [Producer clientId=a1-observability-producer-1] Got error produce response with correlation id 5695 on topic-partition bank.a1.transaction.events-1, retrying (2147483632 attempts left). Error: NOT_ENOUGH_REPLICAS
2026-09-04T15:50:57.701+05:00  WARN 2704561 --- [a1-observability] [lity-producer-1] o.a.k.clients.producer.internals.Sender  : [Producer clientId=a1-observability-producer-1] Got error produce response with correlation id 5695 on topic-partition bank.a1.transaction.events-3, retrying (2147483632 attempts left). Error: NOT_ENOUGH_REPLICAS
2026-09-04T15:50:57.720+05:00  WARN 2704561 --- [a1-observability] [lity-producer-1] o.a.k.clients.producer.internals.Sender  : [Producer clientId=a1-observability-producer-1] Got error produce response with correlation id 5696 on topic-partition bank.a1.transaction.events-4, retrying (2147483632 attempts left). Error: NOT_ENOUGH_REPLICAS
2026-09-04T15:50:57.757+05:00  WARN 2704561 --- [a1-observability] [lity-producer-1] o.a.k.clients.producer.internals.Sender  : [Producer clientId=a1-observability-producer-1] Got error produce response with correlation id 5697 on topic-partition bank.a1.transaction.events-5, retrying (2147483632 attempts left). Error: NOT_ENOUGH_REPLICAS
2026-09-04T15:50:57.837+05:00  WARN 2704561 --- [a1-observability] [lity-producer-1] o.a.k.clients.producer.internals.Sender  : [Producer clientId=a1-observability-producer-1] Got error produce response with correlation id 5698 on topic-partition bank.a1.transaction.events-2, retrying (2147483632 attempts left). Error: NOT_ENOUGH_REPLICAS
2026-09-04T15:50:58.478+05:00  WARN 2704561 --- [a1-observability] [lity-producer-1] o.a.k.clients.producer.internals.Sender  : [Producer clientId=a1-observability-producer-1] Got error produce response with correlation id 5699 on topic-partition bank.a1.transaction.events-0, retrying (2147483632 attempts left). Error: NOT_ENOUGH_REPLICAS
2026-09-04T15:50:58.561+05:00  WARN 2704561 --- [a1-observability] [lity-producer-1] o.a.k.clients.producer.internals.Sender  : [Producer clientId=a1-observability-producer-1] Got error produce response with correlation id 5700 on topic-partition bank.a1.transaction.events-1, retrying (2147483631 attempts left). Error: NOT_ENOUGH_REPLICAS
2026-09-04T15:50:58.599+05:00  WARN 2704561 --- [a1-observability] [lity-producer-1] o.a.k.clients.producer.internals.Sender  : [Producer clientId=a1-observability-producer-1] Got error produce response with correlation id 5701 on topic-partition bank.a1.transaction.events-4, retrying (2147483631 attempts left). Error: NOT_ENOUGH_REPLICAS
2026-09-04T15:50:58.621+05:00  WARN 2704561 --- [a1-observability] [lity-producer-1] o.a.k.clients.producer.internals.Sender  : [Producer clientId=a1-observability-producer-1] Got error produce response with correlation id 5702 on topic-partition bank.a1.transaction.events-3, retrying (2147483631 attempts left). Error: NOT_ENOUGH_REPLICAS
2026-09-04T15:50:58.680+05:00  WARN 2704561 --- [a1-observability] [lity-producer-1] o.a.k.clients.producer.internals.Sender  : [Producer clientId=a1-observability-producer-1] Got error produce response with correlation id 5703 on topic-partition bank.a1.transaction.events-5, retrying (2147483631 attempts left). Error: NOT_ENOUGH_REPLICAS
2026-09-04T15:50:58.757+05:00  WARN 2704561 --- [a1-observability] [lity-producer-1] o.a.k.clients.producer.internals.Sender  : [Producer clientId=a1-observability-producer-1] Got error produce response with correlation id 5704 on topic-partition bank.a1.transaction.events-2, retrying (2147483631 attempts left). Error: NOT_ENOUGH_REPLICAS
2026-09-04T15:50:59.386+05:00  WARN 2704561 --- [a1-observability] [lity-producer-1] o.a.k.clients.producer.internals.Sender  : [Producer clientId=a1-observability-producer-1] Got error produce response with correlation id 5705 on topic-partition bank.a1.transaction.events-0, retrying (2147483631 attempts left). Error: NOT_ENOUGH_REPLICAS
2026-09-04T15:50:59.463+05:00  WARN 2704561 --- [a1-observability] [lity-producer-1] o.a.k.clients.producer.internals.Sender  : [Producer clientId=a1-observability-producer-1] Got error produce response with correlation id 5706 on topic-partition bank.a1.transaction.events-1, retrying (2147483630 attempts left). Error: NOT_ENOUGH_REPLICAS
2026-09-04T15:50:59.483+05:00  WARN 2704561 --- [a1-observability] [lity-producer-1] o.a.k.clients.producer.internals.Sender  : [Producer clientId=a1-observability-producer-1] Got error produce response with correlation id 5707 on topic-partition bank.a1.transaction.events-4, retrying (2147483630 attempts left). Error: NOT_ENOUGH_REPLICAS
2026-09-04T15:50:59.577+05:00  WARN 2704561 --- [a1-observability] [lity-producer-1] o.a.k.clients.producer.internals.Sender  : [Producer clientId=a1-observability-producer-1] Got error produce response with correlation id 5708 on topic-partition bank.a1.transaction.events-3, retrying (2147483630 attempts left). Error: NOT_ENOUGH_REPLICAS
2026-09-04T15:50:59.617+05:00  WARN 2704561 --- [a1-observability] [lity-producer-1] o.a.k.clients.producer.internals.Sender  : [Producer clientId=a1-observability-producer-1] Got error produce response with correlation id 5709 on topic-partition bank.a1.transaction.events-5, retrying (2147483630 attempts left). Error: NOT_ENOUGH_REPLICAS
2026-09-04T15:50:59.723+05:00  WARN 2704561 --- [a1-observability] [lity-producer-1] o.a.k.clients.producer.internals.Sender  : [Producer clientId=a1-observability-producer-1] Got error produce response with correlation id 5710 on topic-partition bank.a1.transaction.events-2, retrying (2147483630 attempts left). Error: NOT_ENOUGH_REPLICAS
2026-09-04T15:51:00.308+05:00  WARN 2704561 --- [a1-observability] [lity-producer-1] o.a.k.clients.producer.internals.Sender  : [Producer clientId=a1-observability-producer-1] Got error produce response with correlation id 5711 on topic-partition bank.a1.transaction.events-0, retrying (2147483630 attempts left). Error: NOT_ENOUGH_REPLICAS
2026-09-04T15:51:00.348+05:00  WARN 2704561 --- [a1-observability] [lity-producer-1] o.a.k.clients.producer.internals.Sender  : [Producer clientId=a1-observability-producer-1] Got error produce response with correlation id 5712 on topic-partition bank.a1.transaction.events-1, retrying (2147483629 attempts left). Error: NOT_ENOUGH_REPLICAS
2026-09-04T15:51:00.398+05:00  WARN 2704561 --- [a1-observability] [lity-producer-1] o.a.k.clients.producer.internals.Sender  : [Producer clientId=a1-observability-producer-1] Got error produce response with correlation id 5713 on topic-partition bank.a1.transaction.events-4, retrying (2147483629 attempts left). Error: NOT_ENOUGH_REPLICAS
2026-09-04T15:51:00.483+05:00  WARN 2704561 --- [a1-observability] [lity-producer-1] o.a.k.clients.producer.internals.Sender  : [Producer clientId=a1-observability-producer-1] Got error produce response with correlation id 5714 on topic-partition bank.a1.transaction.events-3, retrying (2147483629 attempts left). Error: NOT_ENOUGH_REPLICAS
2026-09-04T15:51:00.541+05:00  WARN 2704561 --- [a1-observability] [lity-producer-1] o.a.k.clients.producer.internals.Sender  : [Producer clientId=a1-observability-producer-1] Got error produce response with correlation id 5715 on topic-partition bank.a1.transaction.events-5, retrying (2147483629 attempts left). Error: NOT_ENOUGH_REPLICAS
2026-09-04T15:51:00.701+05:00  WARN 2704561 --- [a1-observability] [lity-producer-1] o.a.k.clients.producer.internals.Sender  : [Producer clientId=a1-observability-producer-1] Got error produce response with correlation id 5716 on topic-partition bank.a1.transaction.events-2, retrying (2147483629 attempts left). Error: NOT_ENOUGH_REPLICAS
2026-09-04T15:51:01.164+05:00  WARN 2704561 --- [a1-observability] [lity-producer-1] o.a.k.clients.producer.internals.Sender  : [Producer clientId=a1-observability-producer-1] Got error produce response with correlation id 5717 on topic-partition bank.a1.transaction.events-0, retrying (2147483629 attempts left). Error: NOT_ENOUGH_REPLICAS
2026-09-04T15:51:01.218+05:00  WARN 2704561 --- [a1-observability] [lity-producer-1] o.a.k.clients.producer.internals.Sender  : [Producer clientId=a1-observability-producer-1] Got error produce response with correlation id 5718 on topic-partition bank.a1.transaction.events-1, retrying (2147483628 attempts left). Error: NOT_ENOUGH_REPLICAS
2026-09-04T15:51:01.220+05:00  WARN 2704561 --- [a1-observability] [lity-producer-1] o.a.k.clients.producer.internals.Sender  : [Producer clientId=a1-observability-producer-1] Got error produce response with correlation id 5719 on topic-partition bank.a1.transaction.events-4, retrying (2147483628 attempts left). Error: NOT_ENOUGH_REPLICAS
2026-09-04T15:51:01.363+05:00  WARN 2704561 --- [a1-observability] [lity-producer-1] o.a.k.clients.producer.internals.Sender  : [Producer clientId=a1-observability-producer-1] Got error produce response with correlation id 5720 on topic-partition bank.a1.transaction.events-3, retrying (2147483628 attempts left). Error: NOT_ENOUGH_REPLICAS
2026-09-04T15:51:01.457+05:00  WARN 2704561 --- [a1-observability] [lity-producer-1] o.a.k.clients.producer.internals.Sender  : [Producer clientId=a1-observability-producer-1] Got error produce response with correlation id 5721 on topic-partition bank.a1.transaction.events-5, retrying (2147483628 attempts left). Error: NOT_ENOUGH_REPLICAS
2026-09-04T15:51:01.639+05:00  WARN 2704561 --- [a1-observability] [lity-producer-1] o.a.k.clients.producer.internals.Sender  : [Producer clientId=a1-observability-producer-1] Got error produce response with correlation id 5722 on topic-partition bank.a1.transaction.events-2, retrying (2147483628 attempts left). Error: NOT_ENOUGH_REPLICAS
2026-09-04T15:51:02.057+05:00  WARN 2704561 --- [a1-observability] [lity-producer-1] o.a.k.clients.producer.internals.Sender  : [Producer clientId=a1-observability-producer-1] Got error produce response with correlation id 5723 on topic-partition bank.a1.transaction.events-0, retrying (2147483628 attempts left). Error: NOT_ENOUGH_REPLICAS
2026-09-04T15:51:02.116+05:00  WARN 2704561 --- [a1-observability] [lity-producer-1] o.a.k.clients.producer.internals.Sender  : [Producer clientId=a1-observability-producer-1] Got error produce response with correlation id 5724 on topic-partition bank.a1.transaction.events-4, retrying (2147483627 attempts left). Error: NOT_ENOUGH_REPLICAS
2026-09-04T15:51:02.180+05:00  WARN 2704561 --- [a1-observability] [lity-producer-1] o.a.k.clients.producer.internals.Sender  : [Producer clientId=a1-observability-producer-1] Got error produce response with correlation id 5725 on topic-partition bank.a1.transaction.events-1, retrying (2147483627 attempts left). Error: NOT_ENOUGH_REPLICAS
2026-09-04T15:51:02.217+05:00  WARN 2704561 --- [a1-observability] [lity-producer-1] o.a.k.clients.producer.internals.Sender  : [Producer clientId=a1-observability-producer-1] Got error produce response with correlation id 5726 on topic-partition bank.a1.transaction.events-3, retrying (2147483627 attempts left). Error: NOT_ENOUGH_REPLICAS
2026-09-04T15:51:02.402+05:00  WARN 2704561 --- [a1-observability] [lity-producer-1] o.a.k.clients.producer.internals.Sender  : [Producer clientId=a1-observability-producer-1] Got error produce response with correlation id 5727 on topic-partition bank.a1.transaction.events-5, retrying (2147483627 attempts left). Error: NOT_ENOUGH_REPLICAS
2026-09-04T15:51:02.523+05:00  WARN 2704561 --- [a1-observability] [lity-producer-1] o.a.k.clients.producer.internals.Sender  : [Producer clientId=a1-observability-producer-1] Got error produce response with correlation id 5728 on topic-partition bank.a1.transaction.events-2, retrying (2147483627 attempts left). Error: NOT_ENOUGH_REPLICAS
2026-09-04T15:51:02.973+05:00  WARN 2704561 --- [a1-observability] [lity-producer-1] o.a.k.clients.producer.internals.Sender  : [Producer clientId=a1-observability-producer-1] Got error produce response with correlation id 5729 on topic-partition bank.a1.transaction.events-0, retrying (2147483627 attempts left). Error: NOT_ENOUGH_REPLICAS
2026-09-04T15:51:02.997+05:00  WARN 2704561 --- [a1-observability] [lity-producer-1] o.a.k.clients.producer.internals.Sender  : [Producer clientId=a1-observability-producer-1] Got error produce response with correlation id 5730 on topic-partition bank.a1.transaction.events-4, retrying (2147483626 attempts left). Error: NOT_ENOUGH_REPLICAS
2026-09-04T15:51:03.061+05:00  WARN 2704561 --- [a1-observability] [lity-producer-1] o.a.k.clients.producer.internals.Sender  : [Producer clientId=a1-observability-producer-1] Got error produce response with correlation id 5731 on topic-partition bank.a1.transaction.events-1, retrying (2147483626 attempts left). Error: NOT_ENOUGH_REPLICAS
2026-09-04T15:51:03.139+05:00  WARN 2704561 --- [a1-observability] [lity-producer-1] o.a.k.clients.producer.internals.Sender  : [Producer clientId=a1-observability-producer-1] Got error produce response with correlation id 5732 on topic-partition bank.a1.transaction.events-3, retrying (2147483626 attempts left). Error: NOT_ENOUGH_REPLICAS
2026-09-04T15:51:03.361+05:00  WARN 2704561 --- [a1-observability] [lity-producer-1] o.a.k.clients.producer.internals.Sender  : [Producer clientId=a1-observability-producer-1] Got error produce response with correlation id 5733 on topic-partition bank.a1.transaction.events-2, retrying (2147483626 attempts left). Error: NOT_ENOUGH_REPLICAS
2026-09-04T15:51:03.362+05:00  WARN 2704561 --- [a1-observability] [lity-producer-1] o.a.k.clients.producer.internals.Sender  : [Producer clientId=a1-observability-producer-1] Got error produce response with correlation id 5733 on topic-partition bank.a1.transaction.events-5, retrying (2147483626 attempts left). Error: NOT_ENOUGH_REPLICAS
2026-09-04T15:51:03.860+05:00  WARN 2704561 --- [a1-observability] [lity-producer-1] o.a.k.clients.producer.internals.Sender  : [Producer clientId=a1-observability-producer-1] Got error produce response with correlation id 5734 on topic-partition bank.a1.transaction.events-0, retrying (2147483626 attempts left). Error: NOT_ENOUGH_REPLICAS
2026-09-04T15:51:03.881+05:00  WARN 2704561 --- [a1-observability] [lity-producer-1] o.a.k.clients.producer.internals.Sender  : [Producer clientId=a1-observability-producer-1] Got error produce response with correlation id 5735 on topic-partition bank.a1.transaction.events-1, retrying (2147483625 attempts left). Error: NOT_ENOUGH_REPLICAS
2026-09-04T15:51:03.882+05:00  WARN 2704561 --- [a1-observability] [lity-producer-1] o.a.k.clients.producer.internals.Sender  : [Producer clientId=a1-observability-producer-1] Got error produce response with correlation id 5735 on topic-partition bank.a1.transaction.events-4, retrying (2147483625 attempts left). Error: NOT_ENOUGH_REPLICAS
2026-09-04T15:51:04.077+05:00  WARN 2704561 --- [a1-observability] [lity-producer-1] o.a.k.clients.producer.internals.Sender  : [Producer clientId=a1-observability-producer-1] Got error produce response with correlation id 5736 on topic-partition bank.a1.transaction.events-3, retrying (2147483625 attempts left). Error: NOT_ENOUGH_REPLICAS
2026-09-04T15:51:04.239+05:00  WARN 2704561 --- [a1-observability] [lity-producer-1] o.a.k.clients.producer.internals.Sender  : [Producer clientId=a1-observability-producer-1] Got error produce response with correlation id 5737 on topic-partition bank.a1.transaction.events-5, retrying (2147483625 attempts left). Error: NOT_ENOUGH_REPLICAS
2026-09-04T15:51:04.258+05:00  WARN 2704561 --- [a1-observability] [lity-producer-1] o.a.k.clients.producer.internals.Sender  : [Producer clientId=a1-observability-producer-1] Got error produce response with correlation id 5738 on topic-partition bank.a1.transaction.events-2, retrying (2147483625 attempts left). Error: NOT_ENOUGH_REPLICAS
2026-09-04T15:51:04.717+05:00  WARN 2704561 --- [a1-observability] [lity-producer-1] o.a.k.clients.producer.internals.Sender  : [Producer clientId=a1-observability-producer-1] Got error produce response with correlation id 5739 on topic-partition bank.a1.transaction.events-1, retrying (2147483624 attempts left). Error: NOT_ENOUGH_REPLICAS
2026-09-04T15:51:04.761+05:00  WARN 2704561 --- [a1-observability] [lity-producer-1] o.a.k.clients.producer.internals.Sender  : [Producer clientId=a1-observability-producer-1] Got error produce response with correlation id 5740 on topic-partition bank.a1.transaction.events-0, retrying (2147483625 attempts left). Error: NOT_ENOUGH_REPLICAS
2026-09-04T15:51:04.762+05:00  WARN 2704561 --- [a1-observability] [lity-producer-1] o.a.k.clients.producer.internals.Sender  : [Producer clientId=a1-observability-producer-1] Got error produce response with correlation id 5740 on topic-partition bank.a1.transaction.events-4, retrying (2147483624 attempts left). Error: NOT_ENOUGH_REPLICAS
2026-09-04T15:51:05.017+05:00  WARN 2704561 --- [a1-observability] [lity-producer-1] o.a.k.clients.producer.internals.Sender  : [Producer clientId=a1-observability-producer-1] Got error produce response with correlation id 5741 on topic-partition bank.a1.transaction.events-3, retrying (2147483624 attempts left). Error: NOT_ENOUGH_REPLICAS
2026-09-04T15:51:05.122+05:00  WARN 2704561 --- [a1-observability] [lity-producer-1] o.a.k.clients.producer.internals.Sender  : [Producer clientId=a1-observability-producer-1] Got error produce response with correlation id 5742 on topic-partition bank.a1.transaction.events-5, retrying (2147483624 attempts left). Error: NOT_ENOUGH_REPLICAS
2026-09-04T15:51:05.157+05:00  WARN 2704561 --- [a1-observability] [lity-producer-1] o.a.k.clients.producer.internals.Sender  : [Producer clientId=a1-observability-producer-1] Got error produce response with correlation id 5743 on topic-partition bank.a1.transaction.events-2, retrying (2147483624 attempts left). Error: NOT_ENOUGH_REPLICAS
2026-09-04T15:51:05.599+05:00  WARN 2704561 --- [a1-observability] [lity-producer-1] o.a.k.clients.producer.internals.Sender  : [Producer clientId=a1-observability-producer-1] Got error produce response with correlation id 5744 on topic-partition bank.a1.transaction.events-1, retrying (2147483623 attempts left). Error: NOT_ENOUGH_REPLICAS
2026-09-04T15:51:05.616+05:00  WARN 2704561 --- [a1-observability] [lity-producer-1] o.a.k.clients.producer.internals.Sender  : [Producer clientId=a1-observability-producer-1] Got error produce response with correlation id 5745 on topic-partition bank.a1.transaction.events-4, retrying (2147483623 attempts left). Error: NOT_ENOUGH_REPLICAS
2026-09-04T15:51:05.658+05:00  WARN 2704561 --- [a1-observability] [lity-producer-1] o.a.k.clients.producer.internals.Sender  : [Producer clientId=a1-observability-producer-1] Got error produce response with correlation id 5746 on topic-partition bank.a1.transaction.events-0, retrying (2147483624 attempts left). Error: NOT_ENOUGH_REPLICAS
2026-09-04T15:51:05.938+05:00  WARN 2704561 --- [a1-observability] [lity-producer-1] o.a.k.clients.producer.internals.Sender  : [Producer clientId=a1-observability-producer-1] Got error produce response with correlation id 5747 on topic-partition bank.a1.transaction.events-3, retrying (2147483623 attempts left). Error: NOT_ENOUGH_REPLICAS
2026-09-04T15:51:05.975+05:00  WARN 2704561 --- [a1-observability] [lity-producer-1] o.a.k.clients.producer.internals.Sender  : [Producer clientId=a1-observability-producer-1] Got error produce response with correlation id 5748 on topic-partition bank.a1.transaction.events-5, retrying (2147483623 attempts left). Error: NOT_ENOUGH_REPLICAS
2026-09-04T15:51:06.158+05:00  WARN 2704561 --- [a1-observability] [lity-producer-1] o.a.k.clients.producer.internals.Sender  : [Producer clientId=a1-observability-producer-1] Got error produce response with correlation id 5749 on topic-partition bank.a1.transaction.events-2, retrying (2147483623 attempts left). Error: NOT_ENOUGH_REPLICAS
2026-09-04T15:51:06.457+05:00  WARN 2704561 --- [a1-observability] [lity-producer-1] o.a.k.clients.producer.internals.Sender  : [Producer clientId=a1-observability-producer-1] Got error produce response with correlation id 5750 on topic-partition bank.a1.transaction.events-4, retrying (2147483622 attempts left). Error: NOT_ENOUGH_REPLICAS
2026-09-04T15:51:06.517+05:00  WARN 2704561 --- [a1-observability] [lity-producer-1] o.a.k.clients.producer.internals.Sender  : [Producer clientId=a1-observability-producer-1] Got error produce response with correlation id 5751 on topic-partition bank.a1.transaction.events-0, retrying (2147483623 attempts left). Error: NOT_ENOUGH_REPLICAS
2026-09-04T15:51:06.518+05:00  WARN 2704561 --- [a1-observability] [lity-producer-1] o.a.k.clients.producer.internals.Sender  : [Producer clientId=a1-observability-producer-1] Got error produce response with correlation id 5752 on topic-partition bank.a1.transaction.events-1, retrying (2147483622 attempts left). Error: NOT_ENOUGH_REPLICAS
2026-09-04T15:51:06.811+05:00  WARN 2704561 --- [a1-observability] [lity-producer-1] o.a.k.clients.producer.internals.Sender  : [Producer clientId=a1-observability-producer-1] Got error produce response with correlation id 5753 on topic-partition bank.a1.transaction.events-3, retrying (2147483622 attempts left). Error: NOT_ENOUGH_REPLICAS
2026-09-04T15:51:06.812+05:00  WARN 2704561 --- [a1-observability] [lity-producer-1] o.a.k.clients.producer.internals.Sender  : [Producer clientId=a1-observability-producer-1] Got error produce response with correlation id 5754 on topic-partition bank.a1.transaction.events-5, retrying (2147483622 attempts left). Error: NOT_ENOUGH_REPLICAS
2026-09-04T15:51:07.103+05:00  WARN 2704561 --- [a1-observability] [lity-producer-1] o.a.k.clients.producer.internals.Sender  : [Producer clientId=a1-observability-producer-1] Got error produce response with correlation id 5755 on topic-partition bank.a1.transaction.events-2, retrying (2147483622 attempts left). Error: NOT_ENOUGH_REPLICAS
2026-09-04T15:51:07.356+05:00  WARN 2704561 --- [a1-observability] [lity-producer-1] o.a.k.clients.producer.internals.Sender  : [Producer clientId=a1-observability-producer-1] Got error produce response with correlation id 5756 on topic-partition bank.a1.transaction.events-1, retrying (2147483621 attempts left). Error: NOT_ENOUGH_REPLICAS
2026-09-04T15:51:07.359+05:00  WARN 2704561 --- [a1-observability] [lity-producer-1] o.a.k.clients.producer.internals.Sender  : [Producer clientId=a1-observability-producer-1] Got error produce response with correlation id 5757 on topic-partition bank.a1.transaction.events-0, retrying (2147483622 attempts left). Error: NOT_ENOUGH_REPLICAS
2026-09-04T15:51:07.360+05:00  WARN 2704561 --- [a1-observability] [lity-producer-1] o.a.k.clients.producer.internals.Sender  : [Producer clientId=a1-observability-producer-1] Got error produce response with correlation id 5758 on topic-partition bank.a1.transaction.events-4, retrying (2147483621 attempts left). Error: NOT_ENOUGH_REPLICAS
2026-09-04T15:51:07.677+05:00  WARN 2704561 --- [a1-observability] [lity-producer-1] o.a.k.clients.producer.internals.Sender  : [Producer clientId=a1-observability-producer-1] Got error produce response with correlation id 5759 on topic-partition bank.a1.transaction.events-5, retrying (2147483621 attempts left). Error: NOT_ENOUGH_REPLICAS
2026-09-04T15:51:07.743+05:00  WARN 2704561 --- [a1-observability] [lity-producer-1] o.a.k.clients.producer.internals.Sender  : [Producer clientId=a1-observability-producer-1] Got error produce response with correlation id 5760 on topic-partition bank.a1.transaction.events-3, retrying (2147483621 attempts left). Error: NOT_ENOUGH_REPLICAS
2026-09-04T15:51:07.958+05:00  WARN 2704561 --- [a1-observability] [lity-producer-1] o.a.k.clients.producer.internals.Sender  : [Producer clientId=a1-observability-producer-1] Got error produce response with correlation id 5761 on topic-partition bank.a1.transaction.events-2, retrying (2147483621 attempts left). Error: NOT_ENOUGH_REPLICAS
2026-09-04T15:51:08.240+05:00  WARN 2704561 --- [a1-observability] [lity-producer-1] o.a.k.clients.producer.internals.Sender  : [Producer clientId=a1-observability-producer-1] Got error produce response with correlation id 5762 on topic-partition bank.a1.transaction.events-4, retrying (2147483620 attempts left). Error: NOT_ENOUGH_REPLICAS
2026-09-04T15:51:08.240+05:00  WARN 2704561 --- [a1-observability] [lity-producer-1] o.a.k.clients.producer.internals.Sender  : [Producer clientId=a1-observability-producer-1] Got error produce response with correlation id 5763 on topic-partition bank.a1.transaction.events-0, retrying (2147483621 attempts left). Error: NOT_ENOUGH_REPLICAS
2026-09-04T15:51:08.277+05:00  WARN 2704561 --- [a1-observability] [lity-producer-1] o.a.k.clients.producer.internals.Sender  : [Producer clientId=a1-observability-producer-1] Got error produce response with correlation id 5764 on topic-partition bank.a1.transaction.events-1, retrying (2147483620 attempts left). Error: NOT_ENOUGH_REPLICAS
2026-09-04T15:51:08.586+05:00  WARN 2704561 --- [a1-observability] [lity-producer-1] o.a.k.clients.producer.internals.Sender  : [Producer clientId=a1-observability-producer-1] Got error produce response with correlation id 5765 on topic-partition bank.a1.transaction.events-5, retrying (2147483620 attempts left). Error: NOT_ENOUGH_REPLICAS
2026-09-04T15:51:08.661+05:00  WARN 2704561 --- [a1-observability] [lity-producer-1] o.a.k.clients.producer.internals.Sender  : [Producer clientId=a1-observability-producer-1] Got error produce response with correlation id 5766 on topic-partition bank.a1.transaction.events-3, retrying (2147483620 attempts left). Error: NOT_ENOUGH_REPLICAS
2026-09-04T15:51:08.777+05:00  WARN 2704561 --- [a1-observability] [lity-producer-1] o.a.k.clients.producer.internals.Sender  : [Producer clientId=a1-observability-producer-1] Got error produce response with correlation id 5767 on topic-partition bank.a1.transaction.events-2, retrying (2147483620 attempts left). Error: NOT_ENOUGH_REPLICAS
2026-09-04T15:51:09.099+05:00  WARN 2704561 --- [a1-observability] [lity-producer-1] o.a.k.clients.producer.internals.Sender  : [Producer clientId=a1-observability-producer-1] Got error produce response with correlation id 5768 on topic-partition bank.a1.transaction.events-4, retrying (2147483619 attempts left). Error: NOT_ENOUGH_REPLICAS
2026-09-04T15:51:09.122+05:00  WARN 2704561 --- [a1-observability] [lity-producer-1] o.a.k.clients.producer.internals.Sender  : [Producer clientId=a1-observability-producer-1] Got error produce response with correlation id 5769 on topic-partition bank.a1.transaction.events-0, retrying (2147483620 attempts left). Error: NOT_ENOUGH_REPLICAS
2026-09-04T15:51:09.181+05:00  WARN 2704561 --- [a1-observability] [lity-producer-1] o.a.k.clients.producer.internals.Sender  : [Producer clientId=a1-observability-producer-1] Got error produce response with correlation id 5770 on topic-partition bank.a1.transaction.events-1, retrying (2147483619 attempts left). Error: NOT_ENOUGH_REPLICAS
2026-09-04T15:51:09.436+05:00  WARN 2704561 --- [a1-observability] [lity-producer-1] o.a.k.clients.producer.internals.Sender  : [Producer clientId=a1-observability-producer-1] Got error produce response with correlation id 5771 on topic-partition bank.a1.transaction.events-5, retrying (2147483619 attempts left). Error: NOT_ENOUGH_REPLICAS
2026-09-04T15:51:09.539+05:00  WARN 2704561 --- [a1-observability] [lity-producer-1] o.a.k.clients.producer.internals.Sender  : [Producer clientId=a1-observability-producer-1] Got error produce response with correlation id 5772 on topic-partition bank.a1.transaction.events-3, retrying (2147483619 attempts left). Error: NOT_ENOUGH_REPLICAS
2026-09-04T15:51:09.659+05:00  WARN 2704561 --- [a1-observability] [lity-producer-1] o.a.k.clients.producer.internals.Sender  : [Producer clientId=a1-observability-producer-1] Got error produce response with correlation id 5773 on topic-partition bank.a1.transaction.events-2, retrying (2147483619 attempts left). Error: NOT_ENOUGH_REPLICAS
2026-09-04T15:51:09.962+05:00  WARN 2704561 --- [a1-observability] [lity-producer-1] o.a.k.clients.producer.internals.Sender  : [Producer clientId=a1-observability-producer-1] Got error produce response with correlation id 5774 on topic-partition bank.a1.transaction.events-4, retrying (2147483618 attempts left). Error: NOT_ENOUGH_REPLICAS
2026-09-04T15:51:09.963+05:00  WARN 2704561 --- [a1-observability] [lity-producer-1] o.a.k.clients.producer.internals.Sender  : [Producer clientId=a1-observability-producer-1] Got error produce response with correlation id 5775 on topic-partition bank.a1.transaction.events-0, retrying (2147483619 attempts left). Error: NOT_ENOUGH_REPLICAS
2026-09-04T15:51:10.077+05:00  WARN 2704561 --- [a1-observability] [lity-producer-1] o.a.k.clients.producer.internals.Sender  : [Producer clientId=a1-observability-producer-1] Got error produce response with correlation id 5776 on topic-partition bank.a1.transaction.events-1, retrying (2147483618 attempts left). Error: NOT_ENOUGH_REPLICAS
2026-09-04T15:51:10.380+05:00  WARN 2704561 --- [a1-observability] [lity-producer-1] o.a.k.clients.producer.internals.Sender  : [Producer clientId=a1-observability-producer-1] Got error produce response with correlation id 5777 on topic-partition bank.a1.transaction.events-5, retrying (2147483618 attempts left). Error: NOT_ENOUGH_REPLICAS
2026-09-04T15:51:10.399+05:00  WARN 2704561 --- [a1-observability] [lity-producer-1] o.a.k.clients.producer.internals.Sender  : [Producer clientId=a1-observability-producer-1] Got error produce response with correlation id 5778 on topic-partition bank.a1.transaction.events-3, retrying (2147483618 attempts left). Error: NOT_ENOUGH_REPLICAS
2026-09-04T15:51:10.582+05:00  WARN 2704561 --- [a1-observability] [lity-producer-1] o.a.k.clients.producer.internals.Sender  : [Producer clientId=a1-observability-producer-1] Got error produce response with correlation id 5779 on topic-partition bank.a1.transaction.events-2, retrying (2147483618 attempts left). Error: NOT_ENOUGH_REPLICAS
2026-09-04T15:51:10.867+05:00  WARN 2704561 --- [a1-observability] [lity-producer-1] o.a.k.clients.producer.internals.Sender  : [Producer clientId=a1-observability-producer-1] Got error produce response with correlation id 5780 on topic-partition bank.a1.transaction.events-0, retrying (2147483618 attempts left). Error: NOT_ENOUGH_REPLICAS
2026-09-04T15:51:10.938+05:00  WARN 2704561 --- [a1-observability] [lity-producer-1] o.a.k.clients.producer.internals.Sender  : [Producer clientId=a1-observability-producer-1] Got error produce response with correlation id 5781 on topic-partition bank.a1.transaction.events-4, retrying (2147483617 attempts left). Error: NOT_ENOUGH_REPLICAS
2026-09-04T15:51:11.003+05:00  WARN 2704561 --- [a1-observability] [lity-producer-1] o.a.k.clients.producer.internals.Sender  : [Producer clientId=a1-observability-producer-1] Got error produce response with correlation id 5782 on topic-partition bank.a1.transaction.events-1, retrying (2147483617 attempts left). Error: NOT_ENOUGH_REPLICAS
2026-09-04T15:51:11.261+05:00  WARN 2704561 --- [a1-observability] [lity-producer-1] o.a.k.clients.producer.internals.Sender  : [Producer clientId=a1-observability-producer-1] Got error produce response with correlation id 5783 on topic-partition bank.a1.transaction.events-5, retrying (2147483617 attempts left). Error: NOT_ENOUGH_REPLICAS
2026-09-04T15:51:11.262+05:00  WARN 2704561 --- [a1-observability] [lity-producer-1] o.a.k.clients.producer.internals.Sender  : [Producer clientId=a1-observability-producer-1] Got error produce response with correlation id 5784 on topic-partition bank.a1.transaction.events-3, retrying (2147483617 attempts left). Error: NOT_ENOUGH_REPLICAS
2026-09-04T15:51:11.419+05:00  WARN 2704561 --- [a1-observability] [lity-producer-1] o.a.k.clients.producer.internals.Sender  : [Producer clientId=a1-observability-producer-1] Got error produce response with correlation id 5785 on topic-partition bank.a1.transaction.events-2, retrying (2147483617 attempts left). Error: NOT_ENOUGH_REPLICAS
2026-09-04T15:51:11.759+05:00  WARN 2704561 --- [a1-observability] [lity-producer-1] o.a.k.clients.producer.internals.Sender  : [Producer clientId=a1-observability-producer-1] Got error produce response with correlation id 5786 on topic-partition bank.a1.transaction.events-4, retrying (2147483616 attempts left). Error: NOT_ENOUGH_REPLICAS
2026-09-04T15:51:11.797+05:00  WARN 2704561 --- [a1-observability] [lity-producer-1] o.a.k.clients.producer.internals.Sender  : [Producer clientId=a1-observability-producer-1] Got error produce response with correlation id 5787 on topic-partition bank.a1.transaction.events-0, retrying (2147483617 attempts left). Error: NOT_ENOUGH_REPLICAS
2026-09-04T15:51:11.884+05:00  WARN 2704561 --- [a1-observability] [lity-producer-1] o.a.k.clients.producer.internals.Sender  : [Producer clientId=a1-observability-producer-1] Got error produce response with correlation id 5788 on topic-partition bank.a1.transaction.events-1, retrying (2147483616 attempts left). Error: NOT_ENOUGH_REPLICAS
2026-09-04T15:51:12.144+05:00  WARN 2704561 --- [a1-observability] [lity-producer-1] o.a.k.clients.producer.internals.Sender  : [Producer clientId=a1-observability-producer-1] Got error produce response with correlation id 5789 on topic-partition bank.a1.transaction.events-3, retrying (2147483616 attempts left). Error: NOT_ENOUGH_REPLICAS
2026-09-04T15:51:12.242+05:00  WARN 2704561 --- [a1-observability] [lity-producer-1] o.a.k.clients.producer.internals.Sender  : [Producer clientId=a1-observability-producer-1] Got error produce response with correlation id 5790 on topic-partition bank.a1.transaction.events-5, retrying (2147483616 attempts left). Error: NOT_ENOUGH_REPLICAS
2026-09-04T15:51:12.323+05:00  WARN 2704561 --- [a1-observability] [lity-producer-1] o.a.k.clients.producer.internals.Sender  : [Producer clientId=a1-observability-producer-1] Got error produce response with correlation id 5791 on topic-partition bank.a1.transaction.events-2, retrying (2147483616 attempts left). Error: NOT_ENOUGH_REPLICAS
2026-09-04T15:51:12.659+05:00  WARN 2704561 --- [a1-observability] [lity-producer-1] o.a.k.clients.producer.internals.Sender  : [Producer clientId=a1-observability-producer-1] Got error produce response with correlation id 5792 on topic-partition bank.a1.transaction.events-0, retrying (2147483616 attempts left). Error: NOT_ENOUGH_REPLICAS
2026-09-04T15:51:12.679+05:00  WARN 2704561 --- [a1-observability] [lity-producer-1] o.a.k.clients.producer.internals.Sender  : [Producer clientId=a1-observability-producer-1] Got error produce response with correlation id 5793 on topic-partition bank.a1.transaction.events-4, retrying (2147483615 attempts left). Error: NOT_ENOUGH_REPLICAS
2026-09-04T15:51:12.760+05:00  WARN 2704561 --- [a1-observability] [lity-producer-1] o.a.k.clients.producer.internals.Sender  : [Producer clientId=a1-observability-producer-1] Got error produce response with correlation id 5794 on topic-partition bank.a1.transaction.events-1, retrying (2147483615 attempts left). Error: NOT_ENOUGH_REPLICAS
2026-09-04T15:51:13.017+05:00  WARN 2704561 --- [a1-observability] [lity-producer-1] o.a.k.clients.producer.internals.Sender  : [Producer clientId=a1-observability-producer-1] Got error produce response with correlation id 5795 on topic-partition bank.a1.transaction.events-3, retrying (2147483615 attempts left). Error: NOT_ENOUGH_REPLICAS
2026-09-04T15:51:13.118+05:00  WARN 2704561 --- [a1-observability] [lity-producer-1] o.a.k.clients.producer.internals.Sender  : [Producer clientId=a1-observability-producer-1] Got error produce response with correlation id 5796 on topic-partition bank.a1.transaction.events-5, retrying (2147483615 attempts left). Error: NOT_ENOUGH_REPLICAS
2026-09-04T15:51:13.264+05:00  WARN 2704561 --- [a1-observability] [lity-producer-1] o.a.k.clients.producer.internals.Sender  : [Producer clientId=a1-observability-producer-1] Got error produce response with correlation id 5797 on topic-partition bank.a1.transaction.events-2, retrying (2147483615 attempts left). Error: NOT_ENOUGH_REPLICAS
2026-09-04T15:51:13.545+05:00  WARN 2704561 --- [a1-observability] [lity-producer-1] o.a.k.clients.producer.internals.Sender  : [Producer clientId=a1-observability-producer-1] Got error produce response with correlation id 5798 on topic-partition bank.a1.transaction.events-4, retrying (2147483614 attempts left). Error: NOT_ENOUGH_REPLICAS
2026-09-04T15:51:13.577+05:00  WARN 2704561 --- [a1-observability] [lity-producer-1] o.a.k.clients.producer.internals.Sender  : [Producer clientId=a1-observability-producer-1] Got error produce response with correlation id 5799 on topic-partition bank.a1.transaction.events-0, retrying (2147483615 attempts left). Error: NOT_ENOUGH_REPLICAS
2026-09-04T15:51:13.645+05:00  WARN 2704561 --- [a1-observability] [lity-producer-1] o.a.k.clients.producer.internals.Sender  : [Producer clientId=a1-observability-producer-1] Got error produce response with correlation id 5800 on topic-partition bank.a1.transaction.events-1, retrying (2147483614 attempts left). Error: NOT_ENOUGH_REPLICAS
2026-09-04T15:51:13.941+05:00  WARN 2704561 --- [a1-observability] [lity-producer-1] o.a.k.clients.producer.internals.Sender  : [Producer clientId=a1-observability-producer-1] Got error produce response with correlation id 5801 on topic-partition bank.a1.transaction.events-3, retrying (2147483614 attempts left). Error: NOT_ENOUGH_REPLICAS
2026-09-04T15:51:14.084+05:00  WARN 2704561 --- [a1-observability] [lity-producer-1] o.a.k.clients.producer.internals.Sender  : [Producer clientId=a1-observability-producer-1] Got error produce response with correlation id 5802 on topic-partition bank.a1.transaction.events-5, retrying (2147483614 attempts left). Error: NOT_ENOUGH_REPLICAS
2026-09-04T15:51:14.182+05:00  WARN 2704561 --- [a1-observability] [lity-producer-1] o.a.k.clients.producer.internals.Sender  : [Producer clientId=a1-observability-producer-1] Got error produce response with correlation id 5803 on topic-partition bank.a1.transaction.events-2, retrying (2147483614 attempts left). Error: NOT_ENOUGH_REPLICAS
2026-09-04T15:51:14.419+05:00  WARN 2704561 --- [a1-observability] [lity-producer-1] o.a.k.clients.producer.internals.Sender  : [Producer clientId=a1-observability-producer-1] Got error produce response with correlation id 5804 on topic-partition bank.a1.transaction.events-0, retrying (2147483614 attempts left). Error: NOT_ENOUGH_REPLICAS
2026-09-04T15:51:14.438+05:00  WARN 2704561 --- [a1-observability] [lity-producer-1] o.a.k.clients.producer.internals.Sender  : [Producer clientId=a1-observability-producer-1] Got error produce response with correlation id 5805 on topic-partition bank.a1.transaction.events-4, retrying (2147483613 attempts left). Error: NOT_ENOUGH_REPLICAS
2026-09-04T15:51:14.582+05:00  WARN 2704561 --- [a1-observability] [lity-producer-1] o.a.k.clients.producer.internals.Sender  : [Producer clientId=a1-observability-producer-1] Got error produce response with correlation id 5806 on topic-partition bank.a1.transaction.events-1, retrying (2147483613 attempts left). Error: NOT_ENOUGH_REPLICAS
2026-09-04T15:51:14.842+05:00  WARN 2704561 --- [a1-observability] [lity-producer-1] o.a.k.clients.producer.internals.Sender  : [Producer clientId=a1-observability-producer-1] Got error produce response with correlation id 5807 on topic-partition bank.a1.transaction.events-3, retrying (2147483613 attempts left). Error: NOT_ENOUGH_REPLICAS
2026-09-04T15:51:15.002+05:00  WARN 2704561 --- [a1-observability] [lity-producer-1] o.a.k.clients.producer.internals.Sender  : [Producer clientId=a1-observability-producer-1] Got error produce response with correlation id 5808 on topic-partition bank.a1.transaction.events-5, retrying (2147483613 attempts left). Error: NOT_ENOUGH_REPLICAS
2026-09-04T15:51:15.078+05:00  WARN 2704561 --- [a1-observability] [lity-producer-1] o.a.k.clients.producer.internals.Sender  : [Producer clientId=a1-observability-producer-1] Got error produce response with correlation id 5809 on topic-partition bank.a1.transaction.events-2, retrying (2147483613 attempts left). Error: NOT_ENOUGH_REPLICAS
2026-09-04T15:51:15.300+05:00  WARN 2704561 --- [a1-observability] [lity-producer-1] o.a.k.clients.producer.internals.Sender  : [Producer clientId=a1-observability-producer-1] Got error produce response with correlation id 5810 on topic-partition bank.a1.transaction.events-0, retrying (2147483613 attempts left). Error: NOT_ENOUGH_REPLICAS
2026-09-04T15:51:15.418+05:00  WARN 2704561 --- [a1-observability] [lity-producer-1] o.a.k.clients.producer.internals.Sender  : [Producer clientId=a1-observability-producer-1] Got error produce response with correlation id 5811 on topic-partition bank.a1.transaction.events-4, retrying (2147483612 attempts left). Error: NOT_ENOUGH_REPLICAS
2026-09-04T15:51:15.477+05:00  WARN 2704561 --- [a1-observability] [lity-producer-1] o.a.k.clients.producer.internals.Sender  : [Producer clientId=a1-observability-producer-1] Got error produce response with correlation id 5812 on topic-partition bank.a1.transaction.events-1, retrying (2147483612 attempts left). Error: NOT_ENOUGH_REPLICAS
2026-09-04T15:51:15.760+05:00  WARN 2704561 --- [a1-observability] [lity-producer-1] o.a.k.clients.producer.internals.Sender  : [Producer clientId=a1-observability-producer-1] Got error produce response with correlation id 5813 on topic-partition bank.a1.transaction.events-3, retrying (2147483612 attempts left). Error: NOT_ENOUGH_REPLICAS
2026-09-04T15:51:15.898+05:00  WARN 2704561 --- [a1-observability] [lity-producer-1] o.a.k.clients.producer.internals.Sender  : [Producer clientId=a1-observability-producer-1] Got error produce response with correlation id 5814 on topic-partition bank.a1.transaction.events-5, retrying (2147483612 attempts left). Error: NOT_ENOUGH_REPLICAS
2026-09-04T15:51:15.923+05:00  WARN 2704561 --- [a1-observability] [lity-producer-1] o.a.k.clients.producer.internals.Sender  : [Producer clientId=a1-observability-producer-1] Got error produce response with correlation id 5815 on topic-partition bank.a1.transaction.events-2, retrying (2147483612 attempts left). Error: NOT_ENOUGH_REPLICAS
2026-09-04T15:51:16.197+05:00  WARN 2704561 --- [a1-observability] [lity-producer-1] o.a.k.clients.producer.internals.Sender  : [Producer clientId=a1-observability-producer-1] Got error produce response with correlation id 5816 on topic-partition bank.a1.transaction.events-0, retrying (2147483612 attempts left). Error: NOT_ENOUGH_REPLICAS
2026-09-04T15:51:16.317+05:00  WARN 2704561 --- [a1-observability] [lity-producer-1] o.a.k.clients.producer.internals.Sender  : [Producer clientId=a1-observability-producer-1] Got error produce response with correlation id 5817 on topic-partition bank.a1.transaction.events-1, retrying (2147483611 attempts left). Error: NOT_ENOUGH_REPLICAS
2026-09-04T15:51:16.339+05:00  WARN 2704561 --- [a1-observability] [lity-producer-1] o.a.k.clients.producer.internals.Sender  : [Producer clientId=a1-observability-producer-1] Got error produce response with correlation id 5818 on topic-partition bank.a1.transaction.events-4, retrying (2147483611 attempts left). Error: NOT_ENOUGH_REPLICAS
2026-09-04T15:51:16.621+05:00  WARN 2704561 --- [a1-observability] [lity-producer-1] o.a.k.clients.producer.internals.Sender  : [Producer clientId=a1-observability-producer-1] Got error produce response with correlation id 5819 on topic-partition bank.a1.transaction.events-3, retrying (2147483611 attempts left). Error: NOT_ENOUGH_REPLICAS
2026-09-04T15:51:16.805+05:00  WARN 2704561 --- [a1-observability] [lity-producer-1] o.a.k.clients.producer.internals.Sender  : [Producer clientId=a1-observability-producer-1] Got error produce response with correlation id 5820 on topic-partition bank.a1.transaction.events-5, retrying (2147483611 attempts left). Error: NOT_ENOUGH_REPLICAS
2026-09-04T15:51:16.857+05:00  WARN 2704561 --- [a1-observability] [lity-producer-1] o.a.k.clients.producer.internals.Sender  : [Producer clientId=a1-observability-producer-1] Got error produce response with correlation id 5821 on topic-partition bank.a1.transaction.events-2, retrying (2147483611 attempts left). Error: NOT_ENOUGH_REPLICAS
2026-09-04T15:51:17.079+05:00  WARN 2704561 --- [a1-observability] [lity-producer-1] o.a.k.clients.producer.internals.Sender  : [Producer clientId=a1-observability-producer-1] Got error produce response with correlation id 5822 on topic-partition bank.a1.transaction.events-0, retrying (2147483611 attempts left). Error: NOT_ENOUGH_REPLICAS
2026-09-04T15:51:17.240+05:00  WARN 2704561 --- [a1-observability] [lity-producer-1] o.a.k.clients.producer.internals.Sender  : [Producer clientId=a1-observability-producer-1] Got error produce response with correlation id 5823 on topic-partition bank.a1.transaction.events-4, retrying (2147483610 attempts left). Error: NOT_ENOUGH_REPLICAS
2026-09-04T15:51:17.278+05:00  WARN 2704561 --- [a1-observability] [lity-producer-1] o.a.k.clients.producer.internals.Sender  : [Producer clientId=a1-observability-producer-1] Got error produce response with correlation id 5824 on topic-partition bank.a1.transaction.events-1, retrying (2147483610 attempts left). Error: NOT_ENOUGH_REPLICAS
2026-09-04T15:51:17.582+05:00  WARN 2704561 --- [a1-observability] [lity-producer-1] o.a.k.clients.producer.internals.Sender  : [Producer clientId=a1-observability-producer-1] Got error produce response with correlation id 5825 on topic-partition bank.a1.transaction.events-3, retrying (2147483610 attempts left). Error: NOT_ENOUGH_REPLICAS
2026-09-04T15:51:17.705+05:00  WARN 2704561 --- [a1-observability] [lity-producer-1] o.a.k.clients.producer.internals.Sender  : [Producer clientId=a1-observability-producer-1] Got error produce response with correlation id 5826 on topic-partition bank.a1.transaction.events-5, retrying (2147483610 attempts left). Error: NOT_ENOUGH_REPLICAS
2026-09-04T15:51:17.757+05:00  WARN 2704561 --- [a1-observability] [lity-producer-1] o.a.k.clients.producer.internals.Sender  : [Producer clientId=a1-observability-producer-1] Got error produce response with correlation id 5827 on topic-partition bank.a1.transaction.events-2, retrying (2147483610 attempts left). Error: NOT_ENOUGH_REPLICAS
2026-09-04T15:51:18.016+05:00  WARN 2704561 --- [a1-observability] [lity-producer-1] o.a.k.clients.producer.internals.Sender  : [Producer clientId=a1-observability-producer-1] Got error produce response with correlation id 5828 on topic-partition bank.a1.transaction.events-0, retrying (2147483610 attempts left). Error: NOT_ENOUGH_REPLICAS
2026-09-04T15:51:18.099+05:00  WARN 2704561 --- [a1-observability] [lity-producer-1] o.a.k.clients.producer.internals.Sender  : [Producer clientId=a1-observability-producer-1] Got error produce response with correlation id 5829 on topic-partition bank.a1.transaction.events-1, retrying (2147483609 attempts left). Error: NOT_ENOUGH_REPLICAS
2026-09-04T15:51:18.100+05:00  WARN 2704561 --- [a1-observability] [lity-producer-1] o.a.k.clients.producer.internals.Sender  : [Producer clientId=a1-observability-producer-1] Got error produce response with correlation id 5830 on topic-partition bank.a1.transaction.events-4, retrying (2147483609 attempts left). Error: NOT_ENOUGH_REPLICAS
2026-09-04T15:51:18.500+05:00  WARN 2704561 --- [a1-observability] [lity-producer-1] o.a.k.clients.producer.internals.Sender  : [Producer clientId=a1-observability-producer-1] Got error produce response with correlation id 5831 on topic-partition bank.a1.transaction.events-3, retrying (2147483609 attempts left). Error: NOT_ENOUGH_REPLICAS
2026-09-04T15:51:18.584+05:00  WARN 2704561 --- [a1-observability] [lity-producer-1] o.a.k.clients.producer.internals.Sender  : [Producer clientId=a1-observability-producer-1] Got error produce response with correlation id 5832 on topic-partition bank.a1.transaction.events-5, retrying (2147483609 attempts left). Error: NOT_ENOUGH_REPLICAS
2026-09-04T15:51:18.700+05:00  WARN 2704561 --- [a1-observability] [lity-producer-1] o.a.k.clients.producer.internals.Sender  : [Producer clientId=a1-observability-producer-1] Got error produce response with correlation id 5833 on topic-partition bank.a1.transaction.events-2, retrying (2147483609 attempts left). Error: NOT_ENOUGH_REPLICAS
2026-09-04T15:51:18.858+05:00  WARN 2704561 --- [a1-observability] [lity-producer-1] o.a.k.clients.producer.internals.Sender  : [Producer clientId=a1-observability-producer-1] Got error produce response with correlation id 5834 on topic-partition bank.a1.transaction.events-0, retrying (2147483609 attempts left). Error: NOT_ENOUGH_REPLICAS
2026-09-04T15:51:18.936+05:00  WARN 2704561 --- [a1-observability] [lity-producer-1] o.a.k.clients.producer.internals.Sender  : [Producer clientId=a1-observability-producer-1] Got error produce response with correlation id 5835 on topic-partition bank.a1.transaction.events-1, retrying (2147483608 attempts left). Error: NOT_ENOUGH_REPLICAS
2026-09-04T15:51:19.002+05:00  WARN 2704561 --- [a1-observability] [lity-producer-1] o.a.k.clients.producer.internals.Sender  : [Producer clientId=a1-observability-producer-1] Got error produce response with correlation id 5836 on topic-partition bank.a1.transaction.events-4, retrying (2147483608 attempts left). Error: NOT_ENOUGH_REPLICAS
2026-09-04T15:51:19.419+05:00  WARN 2704561 --- [a1-observability] [lity-producer-1] o.a.k.clients.producer.internals.Sender  : [Producer clientId=a1-observability-producer-1] Got error produce response with correlation id 5837 on topic-partition bank.a1.transaction.events-3, retrying (2147483608 attempts left). Error: NOT_ENOUGH_REPLICAS
2026-09-04T15:51:19.500+05:00  WARN 2704561 --- [a1-observability] [lity-producer-1] o.a.k.clients.producer.internals.Sender  : [Producer clientId=a1-observability-producer-1] Got error produce response with correlation id 5838 on topic-partition bank.a1.transaction.events-5, retrying (2147483608 attempts left). Error: NOT_ENOUGH_REPLICAS
2026-09-04T15:51:19.562+05:00  WARN 2704561 --- [a1-observability] [lity-producer-1] o.a.k.clients.producer.internals.Sender  : [Producer clientId=a1-observability-producer-1] Got error produce response with correlation id 5839 on topic-partition bank.a1.transaction.events-2, retrying (2147483608 attempts left). Error: NOT_ENOUGH_REPLICAS
2026-09-04T15:51:19.757+05:00  WARN 2704561 --- [a1-observability] [lity-producer-1] o.a.k.clients.producer.internals.Sender  : [Producer clientId=a1-observability-producer-1] Got error produce response with correlation id 5840 on topic-partition bank.a1.transaction.events-0, retrying (2147483608 attempts left). Error: NOT_ENOUGH_REPLICAS
2026-09-04T15:51:19.797+05:00  WARN 2704561 --- [a1-observability] [lity-producer-1] o.a.k.clients.producer.internals.Sender  : [Producer clientId=a1-observability-producer-1] Got error produce response with correlation id 5841 on topic-partition bank.a1.transaction.events-1, retrying (2147483607 attempts left). Error: NOT_ENOUGH_REPLICAS
2026-09-04T15:51:19.977+05:00  WARN 2704561 --- [a1-observability] [lity-producer-1] o.a.k.clients.producer.internals.Sender  : [Producer clientId=a1-observability-producer-1] Got error produce response with correlation id 5842 on topic-partition bank.a1.transaction.events-4, retrying (2147483607 attempts left). Error: NOT_ENOUGH_REPLICAS
2026-09-04T15:51:20.317+05:00  WARN 2704561 --- [a1-observability] [lity-producer-1] o.a.k.clients.producer.internals.Sender  : [Producer clientId=a1-observability-producer-1] Got error produce response with correlation id 5843 on topic-partition bank.a1.transaction.events-5, retrying (2147483607 attempts left). Error: NOT_ENOUGH_REPLICAS
2026-09-04T15:51:20.322+05:00  WARN 2704561 --- [a1-observability] [lity-producer-1] o.a.k.clients.producer.internals.Sender  : [Producer clientId=a1-observability-producer-1] Got error produce response with correlation id 5844 on topic-partition bank.a1.transaction.events-3, retrying (2147483607 attempts left). Error: NOT_ENOUGH_REPLICAS
2026-09-04T15:51:20.442+05:00  WARN 2704561 --- [a1-observability] [lity-producer-1] o.a.k.clients.producer.internals.Sender  : [Producer clientId=a1-observability-producer-1] Got error produce response with correlation id 5845 on topic-partition bank.a1.transaction.events-2, retrying (2147483607 attempts left). Error: NOT_ENOUGH_REPLICAS
2026-09-04T15:51:20.617+05:00  WARN 2704561 --- [a1-observability] [lity-producer-1] o.a.k.clients.producer.internals.Sender  : [Producer clientId=a1-observability-producer-1] Got error produce response with correlation id 5846 on topic-partition bank.a1.transaction.events-1, retrying (2147483606 attempts left). Error: NOT_ENOUGH_REPLICAS
2026-09-04T15:51:20.657+05:00  WARN 2704561 --- [a1-observability] [lity-producer-1] o.a.k.clients.producer.internals.Sender  : [Producer clientId=a1-observability-producer-1] Got error produce response with correlation id 5847 on topic-partition bank.a1.transaction.events-0, retrying (2147483607 attempts left). Error: NOT_ENOUGH_REPLICAS
2026-09-04T15:51:20.841+05:00  WARN 2704561 --- [a1-observability] [lity-producer-1] o.a.k.clients.producer.internals.Sender  : [Producer clientId=a1-observability-producer-1] Got error produce response with correlation id 5848 on topic-partition bank.a1.transaction.events-4, retrying (2147483606 attempts left). Error: NOT_ENOUGH_REPLICAS
2026-09-04T15:51:21.159+05:00  WARN 2704561 --- [a1-observability] [lity-producer-1] o.a.k.clients.producer.internals.Sender  : [Producer clientId=a1-observability-producer-1] Got error produce response with correlation id 5849 on topic-partition bank.a1.transaction.events-5, retrying (2147483606 attempts left). Error: NOT_ENOUGH_REPLICAS
2026-09-04T15:51:21.160+05:00  WARN 2704561 --- [a1-observability] [lity-producer-1] o.a.k.clients.producer.internals.Sender  : [Producer clientId=a1-observability-producer-1] Got error produce response with correlation id 5850 on topic-partition bank.a1.transaction.events-3, retrying (2147483606 attempts left). Error: NOT_ENOUGH_REPLICAS
2026-09-04T15:51:21.340+05:00  WARN 2704561 --- [a1-observability] [lity-producer-1] o.a.k.clients.producer.internals.Sender  : [Producer clientId=a1-observability-producer-1] Got error produce response with correlation id 5851 on topic-partition bank.a1.transaction.events-2, retrying (2147483606 attempts left). Error: NOT_ENOUGH_REPLICAS
2026-09-04T15:51:21.519+05:00  WARN 2704561 --- [a1-observability] [lity-producer-1] o.a.k.clients.producer.internals.Sender  : [Producer clientId=a1-observability-producer-1] Got error produce response with correlation id 5852 on topic-partition bank.a1.transaction.events-0, retrying (2147483606 attempts left). Error: NOT_ENOUGH_REPLICAS
2026-09-04T15:51:21.520+05:00  WARN 2704561 --- [a1-observability] [lity-producer-1] o.a.k.clients.producer.internals.Sender  : [Producer clientId=a1-observability-producer-1] Got error produce response with correlation id 5852 on topic-partition bank.a1.transaction.events-1, retrying (2147483605 attempts left). Error: NOT_ENOUGH_REPLICAS
2026-09-04T15:51:21.761+05:00  WARN 2704561 --- [a1-observability] [lity-producer-1] o.a.k.clients.producer.internals.Sender  : [Producer clientId=a1-observability-producer-1] Got error produce response with correlation id 5853 on topic-partition bank.a1.transaction.events-4, retrying (2147483605 attempts left). Error: NOT_ENOUGH_REPLICAS
2026-09-04T15:51:21.997+05:00  WARN 2704561 --- [a1-observability] [lity-producer-1] o.a.k.clients.producer.internals.Sender  : [Producer clientId=a1-observability-producer-1] Got error produce response with correlation id 5854 on topic-partition bank.a1.transaction.events-3, retrying (2147483605 attempts left). Error: NOT_ENOUGH_REPLICAS
2026-09-04T15:51:22.059+05:00  WARN 2704561 --- [a1-observability] [lity-producer-1] o.a.k.clients.producer.internals.Sender  : [Producer clientId=a1-observability-producer-1] Got error produce response with correlation id 5855 on topic-partition bank.a1.transaction.events-5, retrying (2147483605 attempts left). Error: NOT_ENOUGH_REPLICAS
2026-09-04T15:51:22.259+05:00  WARN 2704561 --- [a1-observability] [lity-producer-1] o.a.k.clients.producer.internals.Sender  : [Producer clientId=a1-observability-producer-1] Got error produce response with correlation id 5856 on topic-partition bank.a1.transaction.events-2, retrying (2147483605 attempts left). Error: NOT_ENOUGH_REPLICAS
2026-09-04T15:51:22.361+05:00  WARN 2704561 --- [a1-observability] [lity-producer-1] o.a.k.clients.producer.internals.Sender  : [Producer clientId=a1-observability-producer-1] Got error produce response with correlation id 5857 on topic-partition bank.a1.transaction.events-0, retrying (2147483605 attempts left). Error: NOT_ENOUGH_REPLICAS
2026-09-04T15:51:22.459+05:00  WARN 2704561 --- [a1-observability] [lity-producer-1] o.a.k.clients.producer.internals.Sender  : [Producer clientId=a1-observability-producer-1] Got error produce response with correlation id 5858 on topic-partition bank.a1.transaction.events-1, retrying (2147483604 attempts left). Error: NOT_ENOUGH_REPLICAS
2026-09-04T15:51:22.661+05:00  WARN 2704561 --- [a1-observability] [lity-producer-1] o.a.k.clients.producer.internals.Sender  : [Producer clientId=a1-observability-producer-1] Got error produce response with correlation id 5859 on topic-partition bank.a1.transaction.events-4, retrying (2147483604 attempts left). Error: NOT_ENOUGH_REPLICAS
2026-09-04T15:51:22.900+05:00  WARN 2704561 --- [a1-observability] [lity-producer-1] o.a.k.clients.producer.internals.Sender  : [Producer clientId=a1-observability-producer-1] Got error produce response with correlation id 5860 on topic-partition bank.a1.transaction.events-3, retrying (2147483604 attempts left). Error: NOT_ENOUGH_REPLICAS
2026-09-04T15:51:22.901+05:00  WARN 2704561 --- [a1-observability] [lity-producer-1] o.a.k.clients.producer.internals.Sender  : [Producer clientId=a1-observability-producer-1] Got error produce response with correlation id 5860 on topic-partition bank.a1.transaction.events-5, retrying (2147483604 attempts left). Error: NOT_ENOUGH_REPLICAS
2026-09-04T15:51:23.178+05:00  WARN 2704561 --- [a1-observability] [lity-producer-1] o.a.k.clients.producer.internals.Sender  : [Producer clientId=a1-observability-producer-1] Got error produce response with correlation id 5861 on topic-partition bank.a1.transaction.events-2, retrying (2147483604 attempts left). Error: NOT_ENOUGH_REPLICAS
2026-09-04T15:51:23.303+05:00  WARN 2704561 --- [a1-observability] [lity-producer-1] o.a.k.clients.producer.internals.Sender  : [Producer clientId=a1-observability-producer-1] Got error produce response with correlation id 5862 on topic-partition bank.a1.transaction.events-0, retrying (2147483604 attempts left). Error: NOT_ENOUGH_REPLICAS
2026-09-04T15:51:23.378+05:00  WARN 2704561 --- [a1-observability] [lity-producer-1] o.a.k.clients.producer.internals.Sender  : [Producer clientId=a1-observability-producer-1] Got error produce response with correlation id 5863 on topic-partition bank.a1.transaction.events-1, retrying (2147483603 attempts left). Error: NOT_ENOUGH_REPLICAS
2026-09-04T15:51:23.523+05:00  WARN 2704561 --- [a1-observability] [lity-producer-1] o.a.k.clients.producer.internals.Sender  : [Producer clientId=a1-observability-producer-1] Got error produce response with correlation id 5864 on topic-partition bank.a1.transaction.events-4, retrying (2147483603 attempts left). Error: NOT_ENOUGH_REPLICAS
2026-09-04T15:51:23.762+05:00  WARN 2704561 --- [a1-observability] [lity-producer-1] o.a.k.clients.producer.internals.Sender  : [Producer clientId=a1-observability-producer-1] Got error produce response with correlation id 5865 on topic-partition bank.a1.transaction.events-5, retrying (2147483603 attempts left). Error: NOT_ENOUGH_REPLICAS
2026-09-04T15:51:23.799+05:00  WARN 2704561 --- [a1-observability] [lity-producer-1] o.a.k.clients.producer.internals.Sender  : [Producer clientId=a1-observability-producer-1] Got error produce response with correlation id 5866 on topic-partition bank.a1.transaction.events-3, retrying (2147483603 attempts left). Error: NOT_ENOUGH_REPLICAS
2026-09-04T15:51:24.042+05:00  WARN 2704561 --- [a1-observability] [lity-producer-1] o.a.k.clients.producer.internals.Sender  : [Producer clientId=a1-observability-producer-1] Got error produce response with correlation id 5867 on topic-partition bank.a1.transaction.events-2, retrying (2147483603 attempts left). Error: NOT_ENOUGH_REPLICAS
2026-09-04T15:51:24.158+05:00  WARN 2704561 --- [a1-observability] [lity-producer-1] o.a.k.clients.producer.internals.Sender  : [Producer clientId=a1-observability-producer-1] Got error produce response with correlation id 5868 on topic-partition bank.a1.transaction.events-0, retrying (2147483603 attempts left). Error: NOT_ENOUGH_REPLICAS
2026-09-04T15:51:24.326+05:00  WARN 2704561 --- [a1-observability] [lity-producer-1] o.a.k.clients.producer.internals.Sender  : [Producer clientId=a1-observability-producer-1] Got error produce response with correlation id 5869 on topic-partition bank.a1.transaction.events-1, retrying (2147483602 attempts left). Error: NOT_ENOUGH_REPLICAS
2026-09-04T15:51:24.420+05:00  WARN 2704561 --- [a1-observability] [lity-producer-1] o.a.k.clients.producer.internals.Sender  : [Producer clientId=a1-observability-producer-1] Got error produce response with correlation id 5870 on topic-partition bank.a1.transaction.events-4, retrying (2147483602 attempts left). Error: NOT_ENOUGH_REPLICAS
2026-09-04T15:51:24.676+05:00  WARN 2704561 --- [a1-observability] [lity-producer-1] o.a.k.clients.producer.internals.Sender  : [Producer clientId=a1-observability-producer-1] Got error produce response with correlation id 5871 on topic-partition bank.a1.transaction.events-5, retrying (2147483602 attempts left). Error: NOT_ENOUGH_REPLICAS
2026-09-04T15:51:24.737+05:00  WARN 2704561 --- [a1-observability] [lity-producer-1] o.a.k.clients.producer.internals.Sender  : [Producer clientId=a1-observability-producer-1] Got error produce response with correlation id 5872 on topic-partition bank.a1.transaction.events-3, retrying (2147483602 attempts left). Error: NOT_ENOUGH_REPLICAS
2026-09-04T15:51:24.900+05:00  WARN 2704561 --- [a1-observability] [lity-producer-1] o.a.k.clients.producer.internals.Sender  : [Producer clientId=a1-observability-producer-1] Got error produce response with correlation id 5873 on topic-partition bank.a1.transaction.events-2, retrying (2147483602 attempts left). Error: NOT_ENOUGH_REPLICAS
2026-09-04T15:51:25.084+05:00  WARN 2704561 --- [a1-observability] [lity-producer-1] o.a.k.clients.producer.internals.Sender  : [Producer clientId=a1-observability-producer-1] Got error produce response with correlation id 5874 on topic-partition bank.a1.transaction.events-0, retrying (2147483602 attempts left). Error: NOT_ENOUGH_REPLICAS
2026-09-04T15:51:25.277+05:00  WARN 2704561 --- [a1-observability] [lity-producer-1] o.a.k.clients.producer.internals.Sender  : [Producer clientId=a1-observability-producer-1] Got error produce response with correlation id 5875 on topic-partition bank.a1.transaction.events-1, retrying (2147483601 attempts left). Error: NOT_ENOUGH_REPLICAS
2026-09-04T15:51:25.278+05:00  WARN 2704561 --- [a1-observability] [lity-producer-1] o.a.k.clients.producer.internals.Sender  : [Producer clientId=a1-observability-producer-1] Got error produce response with correlation id 5875 on topic-partition bank.a1.transaction.events-4, retrying (2147483601 attempts left). Error: NOT_ENOUGH_REPLICAS
2026-09-04T15:51:25.598+05:00  WARN 2704561 --- [a1-observability] [lity-producer-1] o.a.k.clients.producer.internals.Sender  : [Producer clientId=a1-observability-producer-1] Got error produce response with correlation id 5876 on topic-partition bank.a1.transaction.events-5, retrying (2147483601 attempts left). Error: NOT_ENOUGH_REPLICAS
2026-09-04T15:51:25.599+05:00  WARN 2704561 --- [a1-observability] [lity-producer-1] o.a.k.clients.producer.internals.Sender  : [Producer clientId=a1-observability-producer-1] Got error produce response with correlation id 5877 on topic-partition bank.a1.transaction.events-3, retrying (2147483601 attempts left). Error: NOT_ENOUGH_REPLICAS
2026-09-04T15:51:25.817+05:00  WARN 2704561 --- [a1-observability] [lity-producer-1] o.a.k.clients.producer.internals.Sender  : [Producer clientId=a1-observability-producer-1] Got error produce response with correlation id 5878 on topic-partition bank.a1.transaction.events-2, retrying (2147483601 attempts left). Error: NOT_ENOUGH_REPLICAS
2026-09-04T15:51:26.001+05:00  WARN 2704561 --- [a1-observability] [lity-producer-1] o.a.k.clients.producer.internals.Sender  : [Producer clientId=a1-observability-producer-1] Got error produce response with correlation id 5879 on topic-partition bank.a1.transaction.events-0, retrying (2147483601 attempts left). Error: NOT_ENOUGH_REPLICAS
2026-09-04T15:51:26.137+05:00  WARN 2704561 --- [a1-observability] [lity-producer-1] o.a.k.clients.producer.internals.Sender  : [Producer clientId=a1-observability-producer-1] Got error produce response with correlation id 5880 on topic-partition bank.a1.transaction.events-4, retrying (2147483600 attempts left). Error: NOT_ENOUGH_REPLICAS
2026-09-04T15:51:26.177+05:00  WARN 2704561 --- [a1-observability] [lity-producer-1] o.a.k.clients.producer.internals.Sender  : [Producer clientId=a1-observability-producer-1] Got error produce response with correlation id 5881 on topic-partition bank.a1.transaction.events-1, retrying (2147483600 attempts left). Error: NOT_ENOUGH_REPLICAS
2026-09-04T15:51:26.481+05:00  WARN 2704561 --- [a1-observability] [lity-producer-1] o.a.k.clients.producer.internals.Sender  : [Producer clientId=a1-observability-producer-1] Got error produce response with correlation id 5882 on topic-partition bank.a1.transaction.events-5, retrying (2147483600 attempts left). Error: NOT_ENOUGH_REPLICAS
2026-09-04T15:51:26.481+05:00  WARN 2704561 --- [a1-observability] [lity-producer-1] o.a.k.clients.producer.internals.Sender  : [Producer clientId=a1-observability-producer-1] Got error produce response with correlation id 5883 on topic-partition bank.a1.transaction.events-3, retrying (2147483600 attempts left). Error: NOT_ENOUGH_REPLICAS
2026-09-04T15:51:26.736+05:00  WARN 2704561 --- [a1-observability] [lity-producer-1] o.a.k.clients.producer.internals.Sender  : [Producer clientId=a1-observability-producer-1] Got error produce response with correlation id 5884 on topic-partition bank.a1.transaction.events-2, retrying (2147483600 attempts left). Error: NOT_ENOUGH_REPLICAS
2026-09-04T15:51:26.957+05:00  WARN 2704561 --- [a1-observability] [lity-producer-1] o.a.k.clients.producer.internals.Sender  : [Producer clientId=a1-observability-producer-1] Got error produce response with correlation id 5885 on topic-partition bank.a1.transaction.events-0, retrying (2147483600 attempts left). Error: NOT_ENOUGH_REPLICAS
2026-09-04T15:51:26.957+05:00  WARN 2704561 --- [a1-observability] [lity-producer-1] o.a.k.clients.producer.internals.Sender  : [Producer clientId=a1-observability-producer-1] Got error produce response with correlation id 5885 on topic-partition bank.a1.transaction.events-4, retrying (2147483599 attempts left). Error: NOT_ENOUGH_REPLICAS
2026-09-04T15:51:27.097+05:00  WARN 2704561 --- [a1-observability] [lity-producer-1] o.a.k.clients.producer.internals.Sender  : [Producer clientId=a1-observability-producer-1] Got error produce response with correlation id 5886 on topic-partition bank.a1.transaction.events-1, retrying (2147483599 attempts left). Error: NOT_ENOUGH_REPLICAS
2026-09-04T15:51:27.377+05:00  WARN 2704561 --- [a1-observability] [lity-producer-1] o.a.k.clients.producer.internals.Sender  : [Producer clientId=a1-observability-producer-1] Got error produce response with correlation id 5887 on topic-partition bank.a1.transaction.events-5, retrying (2147483599 attempts left). Error: NOT_ENOUGH_REPLICAS
2026-09-04T15:51:27.423+05:00  WARN 2704561 --- [a1-observability] [lity-producer-1] o.a.k.clients.producer.internals.Sender  : [Producer clientId=a1-observability-producer-1] Got error produce response with correlation id 5888 on topic-partition bank.a1.transaction.events-3, retrying (2147483599 attempts left). Error: NOT_ENOUGH_REPLICAS
2026-09-04T15:51:27.659+05:00  WARN 2704561 --- [a1-observability] [lity-producer-1] o.a.k.clients.producer.internals.Sender  : [Producer clientId=a1-observability-producer-1] Got error produce response with correlation id 5889 on topic-partition bank.a1.transaction.events-2, retrying (2147483599 attempts left). Error: NOT_ENOUGH_REPLICAS
2026-09-04T15:51:27.859+05:00  WARN 2704561 --- [a1-observability] [lity-producer-1] o.a.k.clients.producer.internals.Sender  : [Producer clientId=a1-observability-producer-1] Got error produce response with correlation id 5890 on topic-partition bank.a1.transaction.events-4, retrying (2147483598 attempts left). Error: NOT_ENOUGH_REPLICAS
2026-09-04T15:51:27.881+05:00  WARN 2704561 --- [a1-observability] [lity-producer-1] o.a.k.clients.producer.internals.Sender  : [Producer clientId=a1-observability-producer-1] Got error produce response with correlation id 5891 on topic-partition bank.a1.transaction.events-0, retrying (2147483599 attempts left). Error: NOT_ENOUGH_REPLICAS
2026-09-04T15:51:27.963+05:00  WARN 2704561 --- [a1-observability] [lity-producer-1] o.a.k.clients.producer.internals.Sender  : [Producer clientId=a1-observability-producer-1] Got error produce response with correlation id 5892 on topic-partition bank.a1.transaction.events-1, retrying (2147483598 attempts left). Error: NOT_ENOUGH_REPLICAS
2026-09-04T15:51:28.259+05:00  WARN 2704561 --- [a1-observability] [lity-producer-1] o.a.k.clients.producer.internals.Sender  : [Producer clientId=a1-observability-producer-1] Got error produce response with correlation id 5893 on topic-partition bank.a1.transaction.events-5, retrying (2147483598 attempts left). Error: NOT_ENOUGH_REPLICAS
2026-09-04T15:51:28.297+05:00  WARN 2704561 --- [a1-observability] [lity-producer-1] o.a.k.clients.producer.internals.Sender  : [Producer clientId=a1-observability-producer-1] Got error produce response with correlation id 5894 on topic-partition bank.a1.transaction.events-3, retrying (2147483598 attempts left). Error: NOT_ENOUGH_REPLICAS
2026-09-04T15:51:28.577+05:00  WARN 2704561 --- [a1-observability] [lity-producer-1] o.a.k.clients.producer.internals.Sender  : [Producer clientId=a1-observability-producer-1] Got error produce response with correlation id 5895 on topic-partition bank.a1.transaction.events-2, retrying (2147483598 attempts left). Error: NOT_ENOUGH_REPLICAS
2026-09-04T15:51:28.717+05:00  WARN 2704561 --- [a1-observability] [lity-producer-1] o.a.k.clients.producer.internals.Sender  : [Producer clientId=a1-observability-producer-1] Got error produce response with correlation id 5896 on topic-partition bank.a1.transaction.events-4, retrying (2147483597 attempts left). Error: NOT_ENOUGH_REPLICAS
2026-09-04T15:51:28.797+05:00  WARN 2704561 --- [a1-observability] [lity-producer-1] o.a.k.clients.producer.internals.Sender  : [Producer clientId=a1-observability-producer-1] Got error produce response with correlation id 5897 on topic-partition bank.a1.transaction.events-0, retrying (2147483598 attempts left). Error: NOT_ENOUGH_REPLICAS
2026-09-04T15:51:28.897+05:00  WARN 2704561 --- [a1-observability] [lity-producer-1] o.a.k.clients.producer.internals.Sender  : [Producer clientId=a1-observability-producer-1] Got error produce response with correlation id 5898 on topic-partition bank.a1.transaction.events-1, retrying (2147483597 attempts left). Error: NOT_ENOUGH_REPLICAS
2026-09-04T15:51:29.122+05:00  WARN 2704561 --- [a1-observability] [lity-producer-1] o.a.k.clients.producer.internals.Sender  : [Producer clientId=a1-observability-producer-1] Got error produce response with correlation id 5899 on topic-partition bank.a1.transaction.events-5, retrying (2147483597 attempts left). Error: NOT_ENOUGH_REPLICAS
2026-09-04T15:51:29.202+05:00  WARN 2704561 --- [a1-observability] [lity-producer-1] o.a.k.clients.producer.internals.Sender  : [Producer clientId=a1-observability-producer-1] Got error produce response with correlation id 5900 on topic-partition bank.a1.transaction.events-3, retrying (2147483597 attempts left). Error: NOT_ENOUGH_REPLICAS
2026-09-04T15:51:29.441+05:00  WARN 2704561 --- [a1-observability] [lity-producer-1] o.a.k.clients.producer.internals.Sender  : [Producer clientId=a1-observability-producer-1] Got error produce response with correlation id 5901 on topic-partition bank.a1.transaction.events-2, retrying (2147483597 attempts left). Error: NOT_ENOUGH_REPLICAS
2026-09-04T15:51:29.639+05:00  WARN 2704561 --- [a1-observability] [lity-producer-1] o.a.k.clients.producer.internals.Sender  : [Producer clientId=a1-observability-producer-1] Got error produce response with correlation id 5902 on topic-partition bank.a1.transaction.events-4, retrying (2147483596 attempts left). Error: NOT_ENOUGH_REPLICAS
2026-09-04T15:51:29.741+05:00  WARN 2704561 --- [a1-observability] [lity-producer-1] o.a.k.clients.producer.internals.Sender  : [Producer clientId=a1-observability-producer-1] Got error produce response with correlation id 5903 on topic-partition bank.a1.transaction.events-0, retrying (2147483597 attempts left). Error: NOT_ENOUGH_REPLICAS
2026-09-04T15:51:29.759+05:00  WARN 2704561 --- [a1-observability] [lity-producer-1] o.a.k.clients.producer.internals.Sender  : [Producer clientId=a1-observability-producer-1] Got error produce response with correlation id 5904 on topic-partition bank.a1.transaction.events-1, retrying (2147483596 attempts left). Error: NOT_ENOUGH_REPLICAS
2026-09-04T15:51:30.037+05:00  WARN 2704561 --- [a1-observability] [lity-producer-1] o.a.k.clients.producer.internals.Sender  : [Producer clientId=a1-observability-producer-1] Got error produce response with correlation id 5905 on topic-partition bank.a1.transaction.events-5, retrying (2147483596 attempts left). Error: NOT_ENOUGH_REPLICAS
2026-09-04T15:51:30.081+05:00  WARN 2704561 --- [a1-observability] [lity-producer-1] o.a.k.clients.producer.internals.Sender  : [Producer clientId=a1-observability-producer-1] Got error produce response with correlation id 5906 on topic-partition bank.a1.transaction.events-3, retrying (2147483596 attempts left). Error: NOT_ENOUGH_REPLICAS
2026-09-04T15:51:30.279+05:00  WARN 2704561 --- [a1-observability] [lity-producer-1] o.a.k.clients.producer.internals.Sender  : [Producer clientId=a1-observability-producer-1] Got error produce response with correlation id 5907 on topic-partition bank.a1.transaction.events-2, retrying (2147483596 attempts left). Error: NOT_ENOUGH_REPLICAS
2026-09-04T15:51:30.542+05:00  WARN 2704561 --- [a1-observability] [lity-producer-1] o.a.k.clients.producer.internals.Sender  : [Producer clientId=a1-observability-producer-1] Got error produce response with correlation id 5908 on topic-partition bank.a1.transaction.events-4, retrying (2147483595 attempts left). Error: NOT_ENOUGH_REPLICAS
2026-09-04T15:51:30.617+05:00  WARN 2704561 --- [a1-observability] [lity-producer-1] o.a.k.clients.producer.internals.Sender  : [Producer clientId=a1-observability-producer-1] Got error produce response with correlation id 5909 on topic-partition bank.a1.transaction.events-1, retrying (2147483595 attempts left). Error: NOT_ENOUGH_REPLICAS
2026-09-04T15:51:30.679+05:00  WARN 2704561 --- [a1-observability] [lity-producer-1] o.a.k.clients.producer.internals.Sender  : [Producer clientId=a1-observability-producer-1] Got error produce response with correlation id 5910 on topic-partition bank.a1.transaction.events-0, retrying (2147483596 attempts left). Error: NOT_ENOUGH_REPLICAS
2026-09-04T15:51:30.920+05:00  WARN 2704561 --- [a1-observability] [lity-producer-1] o.a.k.clients.producer.internals.Sender  : [Producer clientId=a1-observability-producer-1] Got error produce response with correlation id 5911 on topic-partition bank.a1.transaction.events-3, retrying (2147483595 attempts left). Error: NOT_ENOUGH_REPLICAS
2026-09-04T15:51:30.961+05:00  WARN 2704561 --- [a1-observability] [lity-producer-1] o.a.k.clients.producer.internals.Sender  : [Producer clientId=a1-observability-producer-1] Got error produce response with correlation id 5912 on topic-partition bank.a1.transaction.events-5, retrying (2147483595 attempts left). Error: NOT_ENOUGH_REPLICAS
2026-09-04T15:51:31.141+05:00  WARN 2704561 --- [a1-observability] [lity-producer-1] o.a.k.clients.producer.internals.Sender  : [Producer clientId=a1-observability-producer-1] Got error produce response with correlation id 5913 on topic-partition bank.a1.transaction.events-2, retrying (2147483595 attempts left). Error: NOT_ENOUGH_REPLICAS
2026-09-04T15:51:31.421+05:00  WARN 2704561 --- [a1-observability] [lity-producer-1] o.a.k.clients.producer.internals.Sender  : [Producer clientId=a1-observability-producer-1] Got error produce response with correlation id 5914 on topic-partition bank.a1.transaction.events-4, retrying (2147483594 attempts left). Error: NOT_ENOUGH_REPLICAS
2026-09-04T15:51:31.484+05:00  WARN 2704561 --- [a1-observability] [lity-producer-1] o.a.k.clients.producer.internals.Sender  : [Producer clientId=a1-observability-producer-1] Got error produce response with correlation id 5915 on topic-partition bank.a1.transaction.events-1, retrying (2147483594 attempts left). Error: NOT_ENOUGH_REPLICAS
2026-09-04T15:51:31.617+05:00  WARN 2704561 --- [a1-observability] [lity-producer-1] o.a.k.clients.producer.internals.Sender  : [Producer clientId=a1-observability-producer-1] Got error produce response with correlation id 5916 on topic-partition bank.a1.transaction.events-0, retrying (2147483595 attempts left). Error: NOT_ENOUGH_REPLICAS
2026-09-04T15:51:31.801+05:00  WARN 2704561 --- [a1-observability] [lity-producer-1] o.a.k.clients.producer.internals.Sender  : [Producer clientId=a1-observability-producer-1] Got error produce response with correlation id 5917 on topic-partition bank.a1.transaction.events-3, retrying (2147483594 attempts left). Error: NOT_ENOUGH_REPLICAS
2026-09-04T15:51:31.883+05:00  WARN 2704561 --- [a1-observability] [lity-producer-1] o.a.k.clients.producer.internals.Sender  : [Producer clientId=a1-observability-producer-1] Got error produce response with correlation id 5918 on topic-partition bank.a1.transaction.events-5, retrying (2147483594 attempts left). Error: NOT_ENOUGH_REPLICAS
2026-09-04T15:51:32.097+05:00  WARN 2704561 --- [a1-observability] [lity-producer-1] o.a.k.clients.producer.internals.Sender  : [Producer clientId=a1-observability-producer-1] Got error produce response with correlation id 5919 on topic-partition bank.a1.transaction.events-2, retrying (2147483594 attempts left). Error: NOT_ENOUGH_REPLICAS
2026-09-04T15:51:32.297+05:00  WARN 2704561 --- [a1-observability] [lity-producer-1] o.a.k.clients.producer.internals.Sender  : [Producer clientId=a1-observability-producer-1] Got error produce response with correlation id 5920 on topic-partition bank.a1.transaction.events-4, retrying (2147483593 attempts left). Error: NOT_ENOUGH_REPLICAS
2026-09-04T15:51:32.336+05:00  WARN 2704561 --- [a1-observability] [lity-producer-1] o.a.k.clients.producer.internals.Sender  : [Producer clientId=a1-observability-producer-1] Got error produce response with correlation id 5921 on topic-partition bank.a1.transaction.events-1, retrying (2147483593 attempts left). Error: NOT_ENOUGH_REPLICAS
2026-09-04T15:51:36.835+05:00  WARN 2704561 --- [a1-observability] [lity-producer-1] o.a.k.clients.producer.internals.Sender  : [Producer clientId=a1-observability-producer-1] Got error produce response with correlation id 5922 on topic-partition bank.a1.transaction.events-0, retrying (2147483594 attempts left). Error: NOT_ENOUGH_REPLICAS
2026-09-04T15:51:36.835+05:00  WARN 2704561 --- [a1-observability] [lity-producer-1] o.a.k.clients.producer.internals.Sender  : [Producer clientId=a1-observability-producer-1] Got error produce response with correlation id 5922 on topic-partition bank.a1.transaction.events-1, retrying (2147483592 attempts left). Error: NOT_ENOUGH_REPLICAS
2026-09-04T15:51:36.836+05:00  WARN 2704561 --- [a1-observability] [lity-producer-1] o.a.k.clients.producer.internals.Sender  : [Producer clientId=a1-observability-producer-1] Got error produce response with correlation id 5922 on topic-partition bank.a1.transaction.events-4, retrying (2147483592 attempts left). Error: NOT_ENOUGH_REPLICAS
2026-09-04T15:51:36.836+05:00  WARN 2704561 --- [a1-observability] [lity-producer-1] o.a.k.clients.producer.internals.Sender  : [Producer clientId=a1-observability-producer-1] Got error produce response with correlation id 5922 on topic-partition bank.a1.transaction.events-3, retrying (2147483593 attempts left). Error: NOT_ENOUGH_REPLICAS
2026-09-04T15:51:36.837+05:00  WARN 2704561 --- [a1-observability] [lity-producer-1] o.a.k.clients.producer.internals.Sender  : [Producer clientId=a1-observability-producer-1] Got error produce response with correlation id 5922 on topic-partition bank.a1.transaction.events-5, retrying (2147483593 attempts left). Error: NOT_ENOUGH_REPLICAS
2026-09-04T15:51:36.837+05:00  WARN 2704561 --- [a1-observability] [lity-producer-1] o.a.k.clients.producer.internals.Sender  : [Producer clientId=a1-observability-producer-1] Got error produce response with correlation id 5922 on topic-partition bank.a1.transaction.events-2, retrying (2147483593 attempts left). Error: NOT_ENOUGH_REPLICAS
2026-09-04T15:51:37.661+05:00  WARN 2704561 --- [a1-observability] [lity-producer-1] o.a.k.clients.producer.internals.Sender  : [Producer clientId=a1-observability-producer-1] Got error produce response with correlation id 5923 on topic-partition bank.a1.transaction.events-1, retrying (2147483591 attempts left). Error: NOT_ENOUGH_REPLICAS
2026-09-04T15:51:37.663+05:00  WARN 2704561 --- [a1-observability] [lity-producer-1] o.a.k.clients.producer.internals.Sender  : [Producer clientId=a1-observability-producer-1] Got error produce response with correlation id 5924 on topic-partition bank.a1.transaction.events-0, retrying (2147483593 attempts left). Error: NOT_ENOUGH_REPLICAS
2026-09-04T15:51:37.680+05:00  WARN 2704561 --- [a1-observability] [lity-producer-1] o.a.k.clients.producer.internals.Sender  : [Producer clientId=a1-observability-producer-1] Got error produce response with correlation id 5925 on topic-partition bank.a1.transaction.events-4, retrying (2147483591 attempts left). Error: NOT_ENOUGH_REPLICAS
2026-09-04T15:51:37.701+05:00  WARN 2704561 --- [a1-observability] [lity-producer-1] o.a.k.clients.producer.internals.Sender  : [Producer clientId=a1-observability-producer-1] Got error produce response with correlation id 5926 on topic-partition bank.a1.transaction.events-3, retrying (2147483592 attempts left). Error: NOT_ENOUGH_REPLICAS
2026-09-04T15:51:37.737+05:00  WARN 2704561 --- [a1-observability] [lity-producer-1] o.a.k.clients.producer.internals.Sender  : [Producer clientId=a1-observability-producer-1] Got error produce response with correlation id 5927 on topic-partition bank.a1.transaction.events-2, retrying (2147483592 attempts left). Error: NOT_ENOUGH_REPLICAS
2026-09-04T15:51:37.758+05:00  WARN 2704561 --- [a1-observability] [lity-producer-1] o.a.k.clients.producer.internals.Sender  : [Producer clientId=a1-observability-producer-1] Got error produce response with correlation id 5928 on topic-partition bank.a1.transaction.events-5, retrying (2147483592 attempts left). Error: NOT_ENOUGH_REPLICAS
2026-09-04T15:51:38.515+05:00  WARN 2704561 --- [a1-observability] [lity-producer-1] o.a.k.clients.producer.internals.Sender  : [Producer clientId=a1-observability-producer-1] Got error produce response with correlation id 5929 on topic-partition bank.a1.transaction.events-1, retrying (2147483590 attempts left). Error: NOT_ENOUGH_REPLICAS
2026-09-04T15:51:38.535+05:00  WARN 2704561 --- [a1-observability] [lity-producer-1] o.a.k.clients.producer.internals.Sender  : [Producer clientId=a1-observability-producer-1] Got error produce response with correlation id 5930 on topic-partition bank.a1.transaction.events-0, retrying (2147483592 attempts left). Error: NOT_ENOUGH_REPLICAS
2026-09-04T15:51:38.537+05:00  WARN 2704561 --- [a1-observability] [lity-producer-1] o.a.k.clients.producer.internals.Sender  : [Producer clientId=a1-observability-producer-1] Got error produce response with correlation id 5930 on topic-partition bank.a1.transaction.events-4, retrying (2147483590 attempts left). Error: NOT_ENOUGH_REPLICAS
2026-09-04T15:51:38.595+05:00  WARN 2704561 --- [a1-observability] [lity-producer-1] o.a.k.clients.producer.internals.Sender  : [Producer clientId=a1-observability-producer-1] Got error produce response with correlation id 5931 on topic-partition bank.a1.transaction.events-2, retrying (2147483591 attempts left). Error: NOT_ENOUGH_REPLICAS
2026-09-04T15:51:38.598+05:00  WARN 2704561 --- [a1-observability] [lity-producer-1] o.a.k.clients.producer.internals.Sender  : [Producer clientId=a1-observability-producer-1] Got error produce response with correlation id 5932 on topic-partition bank.a1.transaction.events-3, retrying (2147483591 attempts left). Error: NOT_ENOUGH_REPLICAS
2026-09-04T15:51:38.695+05:00  WARN 2704561 --- [a1-observability] [lity-producer-1] o.a.k.clients.producer.internals.Sender  : [Producer clientId=a1-observability-producer-1] Got error produce response with correlation id 5933 on topic-partition bank.a1.transaction.events-5, retrying (2147483591 attempts left). Error: NOT_ENOUGH_REPLICAS
2026-09-04T15:51:39.399+05:00  WARN 2704561 --- [a1-observability] [lity-producer-1] o.a.k.clients.producer.internals.Sender  : [Producer clientId=a1-observability-producer-1] Got error produce response with correlation id 5934 on topic-partition bank.a1.transaction.events-0, retrying (2147483591 attempts left). Error: NOT_ENOUGH_REPLICAS
2026-09-04T15:51:39.400+05:00  WARN 2704561 --- [a1-observability] [lity-producer-1] o.a.k.clients.producer.internals.Sender  : [Producer clientId=a1-observability-producer-1] Got error produce response with correlation id 5935 on topic-partition bank.a1.transaction.events-4, retrying (2147483589 attempts left). Error: NOT_ENOUGH_REPLICAS
2026-09-04T15:51:39.415+05:00  WARN 2704561 --- [a1-observability] [lity-producer-1] o.a.k.clients.producer.internals.Sender  : [Producer clientId=a1-observability-producer-1] Got error produce response with correlation id 5936 on topic-partition bank.a1.transaction.events-1, retrying (2147483589 attempts left). Error: NOT_ENOUGH_REPLICAS
2026-09-04T15:51:39.418+05:00  WARN 2704561 --- [a1-observability] [lity-producer-1] o.a.k.clients.producer.internals.Sender  : [Producer clientId=a1-observability-producer-1] Got error produce response with correlation id 5937 on topic-partition bank.a1.transaction.events-3, retrying (2147483590 attempts left). Error: NOT_ENOUGH_REPLICAS
2026-09-04T15:51:39.537+05:00  WARN 2704561 --- [a1-observability] [lity-producer-1] o.a.k.clients.producer.internals.Sender  : [Producer clientId=a1-observability-producer-1] Got error produce response with correlation id 5938 on topic-partition bank.a1.transaction.events-5, retrying (2147483590 attempts left). Error: NOT_ENOUGH_REPLICAS
2026-09-04T15:51:39.556+05:00  WARN 2704561 --- [a1-observability] [lity-producer-1] o.a.k.clients.producer.internals.Sender  : [Producer clientId=a1-observability-producer-1] Got error produce response with correlation id 5939 on topic-partition bank.a1.transaction.events-2, retrying (2147483590 attempts left). Error: NOT_ENOUGH_REPLICAS
2026-09-04T15:51:40.257+05:00  WARN 2704561 --- [a1-observability] [lity-producer-1] o.a.k.clients.producer.internals.Sender  : [Producer clientId=a1-observability-producer-1] Got error produce response with correlation id 5940 on topic-partition bank.a1.transaction.events-0, retrying (2147483590 attempts left). Error: NOT_ENOUGH_REPLICAS
2026-09-04T15:51:40.280+05:00  WARN 2704561 --- [a1-observability] [lity-producer-1] o.a.k.clients.producer.internals.Sender  : [Producer clientId=a1-observability-producer-1] Got error produce response with correlation id 5941 on topic-partition bank.a1.transaction.events-4, retrying (2147483588 attempts left). Error: NOT_ENOUGH_REPLICAS
2026-09-04T15:51:40.297+05:00  WARN 2704561 --- [a1-observability] [lity-producer-1] o.a.k.clients.producer.internals.Sender  : [Producer clientId=a1-observability-producer-1] Got error produce response with correlation id 5942 on topic-partition bank.a1.transaction.events-3, retrying (2147483589 attempts left). Error: NOT_ENOUGH_REPLICAS
2026-09-04T15:51:40.298+05:00  WARN 2704561 --- [a1-observability] [lity-producer-1] o.a.k.clients.producer.internals.Sender  : [Producer clientId=a1-observability-producer-1] Got error produce response with correlation id 5943 on topic-partition bank.a1.transaction.events-1, retrying (2147483588 attempts left). Error: NOT_ENOUGH_REPLICAS
2026-09-04T15:51:40.417+05:00  WARN 2704561 --- [a1-observability] [lity-producer-1] o.a.k.clients.producer.internals.Sender  : [Producer clientId=a1-observability-producer-1] Got error produce response with correlation id 5944 on topic-partition bank.a1.transaction.events-2, retrying (2147483589 attempts left). Error: NOT_ENOUGH_REPLICAS
2026-09-04T15:51:40.420+05:00  WARN 2704561 --- [a1-observability] [lity-producer-1] o.a.k.clients.producer.internals.Sender  : [Producer clientId=a1-observability-producer-1] Got error produce response with correlation id 5945 on topic-partition bank.a1.transaction.events-5, retrying (2147483589 attempts left). Error: NOT_ENOUGH_REPLICAS
2026-09-04T15:51:41.150+05:00  WARN 2704561 --- [a1-observability] [lity-producer-1] o.a.k.clients.producer.internals.Sender  : [Producer clientId=a1-observability-producer-1] Got error produce response with correlation id 5946 on topic-partition bank.a1.transaction.events-0, retrying (2147483589 attempts left). Error: NOT_ENOUGH_REPLICAS
2026-09-04T15:51:41.159+05:00  WARN 2704561 --- [a1-observability] [lity-producer-1] o.a.k.clients.producer.internals.Sender  : [Producer clientId=a1-observability-producer-1] Got error produce response with correlation id 5947 on topic-partition bank.a1.transaction.events-1, retrying (2147483587 attempts left). Error: NOT_ENOUGH_REPLICAS
2026-09-04T15:51:41.160+05:00  WARN 2704561 --- [a1-observability] [lity-producer-1] o.a.k.clients.producer.internals.Sender  : [Producer clientId=a1-observability-producer-1] Got error produce response with correlation id 5948 on topic-partition bank.a1.transaction.events-4, retrying (2147483587 attempts left). Error: NOT_ENOUGH_REPLICAS
2026-09-04T15:51:41.160+05:00  WARN 2704561 --- [a1-observability] [lity-producer-1] o.a.k.clients.producer.internals.Sender  : [Producer clientId=a1-observability-producer-1] Got error produce response with correlation id 5949 on topic-partition bank.a1.transaction.events-3, retrying (2147483588 attempts left). Error: NOT_ENOUGH_REPLICAS
2026-09-04T15:51:41.277+05:00  WARN 2704561 --- [a1-observability] [lity-producer-1] o.a.k.clients.producer.internals.Sender  : [Producer clientId=a1-observability-producer-1] Got error produce response with correlation id 5950 on topic-partition bank.a1.transaction.events-2, retrying (2147483588 attempts left). Error: NOT_ENOUGH_REPLICAS
2026-09-04T15:51:41.379+05:00  WARN 2704561 --- [a1-observability] [lity-producer-1] o.a.k.clients.producer.internals.Sender  : [Producer clientId=a1-observability-producer-1] Got error produce response with correlation id 5951 on topic-partition bank.a1.transaction.events-5, retrying (2147483588 attempts left). Error: NOT_ENOUGH_REPLICAS
2026-09-04T15:51:42.003+05:00  WARN 2704561 --- [a1-observability] [lity-producer-1] o.a.k.clients.producer.internals.Sender  : [Producer clientId=a1-observability-producer-1] Got error produce response with correlation id 5952 on topic-partition bank.a1.transaction.events-4, retrying (2147483586 attempts left). Error: NOT_ENOUGH_REPLICAS
2026-09-04T15:51:42.015+05:00  WARN 2704561 --- [a1-observability] [lity-producer-1] o.a.k.clients.producer.internals.Sender  : [Producer clientId=a1-observability-producer-1] Got error produce response with correlation id 5953 on topic-partition bank.a1.transaction.events-0, retrying (2147483588 attempts left). Error: NOT_ENOUGH_REPLICAS
2026-09-04T15:51:42.045+05:00  WARN 2704561 --- [a1-observability] [lity-producer-1] o.a.k.clients.producer.internals.Sender  : [Producer clientId=a1-observability-producer-1] Got error produce response with correlation id 5954 on topic-partition bank.a1.transaction.events-1, retrying (2147483586 attempts left). Error: NOT_ENOUGH_REPLICAS
2026-09-04T15:51:42.046+05:00  WARN 2704561 --- [a1-observability] [lity-producer-1] o.a.k.clients.producer.internals.Sender  : [Producer clientId=a1-observability-producer-1] Got error produce response with correlation id 5955 on topic-partition bank.a1.transaction.events-3, retrying (2147483587 attempts left). Error: NOT_ENOUGH_REPLICAS
2026-09-04T15:51:42.197+05:00  WARN 2704561 --- [a1-observability] [lity-producer-1] o.a.k.clients.producer.internals.Sender  : [Producer clientId=a1-observability-producer-1] Got error produce response with correlation id 5956 on topic-partition bank.a1.transaction.events-2, retrying (2147483587 attempts left). Error: NOT_ENOUGH_REPLICAS
2026-09-04T15:51:42.341+05:00  WARN 2704561 --- [a1-observability] [lity-producer-1] o.a.k.clients.producer.internals.Sender  : [Producer clientId=a1-observability-producer-1] Got error produce response with correlation id 5957 on topic-partition bank.a1.transaction.events-5, retrying (2147483587 attempts left). Error: NOT_ENOUGH_REPLICAS
2026-09-04T15:51:42.897+05:00  WARN 2704561 --- [a1-observability] [lity-producer-1] o.a.k.clients.producer.internals.Sender  : [Producer clientId=a1-observability-producer-1] Got error produce response with correlation id 5958 on topic-partition bank.a1.transaction.events-0, retrying (2147483587 attempts left). Error: NOT_ENOUGH_REPLICAS
2026-09-04T15:51:42.912+05:00  WARN 2704561 --- [a1-observability] [lity-producer-1] o.a.k.clients.producer.internals.Sender  : [Producer clientId=a1-observability-producer-1] Got error produce response with correlation id 5959 on topic-partition bank.a1.transaction.events-1, retrying (2147483585 attempts left). Error: NOT_ENOUGH_REPLICAS
2026-09-04T15:51:42.913+05:00  WARN 2704561 --- [a1-observability] [lity-producer-1] o.a.k.clients.producer.internals.Sender  : [Producer clientId=a1-observability-producer-1] Got error produce response with correlation id 5959 on topic-partition bank.a1.transaction.events-4, retrying (2147483585 attempts left). Error: NOT_ENOUGH_REPLICAS
2026-09-04T15:51:42.918+05:00  WARN 2704561 --- [a1-observability] [lity-producer-1] o.a.k.clients.producer.internals.Sender  : [Producer clientId=a1-observability-producer-1] Got error produce response with correlation id 5960 on topic-partition bank.a1.transaction.events-3, retrying (2147483586 attempts left). Error: NOT_ENOUGH_REPLICAS
2026-09-04T15:51:43.157+05:00  WARN 2704561 --- [a1-observability] [lity-producer-1] o.a.k.clients.producer.internals.Sender  : [Producer clientId=a1-observability-producer-1] Got error produce response with correlation id 5961 on topic-partition bank.a1.transaction.events-2, retrying (2147483586 attempts left). Error: NOT_ENOUGH_REPLICAS
2026-09-04T15:51:43.325+05:00  WARN 2704561 --- [a1-observability] [lity-producer-1] o.a.k.clients.producer.internals.Sender  : [Producer clientId=a1-observability-producer-1] Got error produce response with correlation id 5962 on topic-partition bank.a1.transaction.events-5, retrying (2147483586 attempts left). Error: NOT_ENOUGH_REPLICAS
2026-09-04T15:51:43.761+05:00  WARN 2704561 --- [a1-observability] [lity-producer-1] o.a.k.clients.producer.internals.Sender  : [Producer clientId=a1-observability-producer-1] Got error produce response with correlation id 5963 on topic-partition bank.a1.transaction.events-4, retrying (2147483584 attempts left). Error: NOT_ENOUGH_REPLICAS
2026-09-04T15:51:43.762+05:00  WARN 2704561 --- [a1-observability] [lity-producer-1] o.a.k.clients.producer.internals.Sender  : [Producer clientId=a1-observability-producer-1] Got error produce response with correlation id 5964 on topic-partition bank.a1.transaction.events-1, retrying (2147483584 attempts left). Error: NOT_ENOUGH_REPLICAS
2026-09-04T15:51:43.835+05:00  WARN 2704561 --- [a1-observability] [lity-producer-1] o.a.k.clients.producer.internals.Sender  : [Producer clientId=a1-observability-producer-1] Got error produce response with correlation id 5965 on topic-partition bank.a1.transaction.events-0, retrying (2147483586 attempts left). Error: NOT_ENOUGH_REPLICAS
2026-09-04T15:51:43.895+05:00  WARN 2704561 --- [a1-observability] [lity-producer-1] o.a.k.clients.producer.internals.Sender  : [Producer clientId=a1-observability-producer-1] Got error produce response with correlation id 5966 on topic-partition bank.a1.transaction.events-3, retrying (2147483585 attempts left). Error: NOT_ENOUGH_REPLICAS
2026-09-04T15:51:44.022+05:00  WARN 2704561 --- [a1-observability] [lity-producer-1] o.a.k.clients.producer.internals.Sender  : [Producer clientId=a1-observability-producer-1] Got error produce response with correlation id 5967 on topic-partition bank.a1.transaction.events-2, retrying (2147483585 attempts left). Error: NOT_ENOUGH_REPLICAS
2026-09-04T15:51:44.258+05:00  WARN 2704561 --- [a1-observability] [lity-producer-1] o.a.k.clients.producer.internals.Sender  : [Producer clientId=a1-observability-producer-1] Got error produce response with correlation id 5968 on topic-partition bank.a1.transaction.events-5, retrying (2147483585 attempts left). Error: NOT_ENOUGH_REPLICAS
2026-09-04T15:51:44.582+05:00  WARN 2704561 --- [a1-observability] [lity-producer-1] o.a.k.clients.producer.internals.Sender  : [Producer clientId=a1-observability-producer-1] Got error produce response with correlation id 5969 on topic-partition bank.a1.transaction.events-1, retrying (2147483583 attempts left). Error: NOT_ENOUGH_REPLICAS
2026-09-04T15:51:44.657+05:00  WARN 2704561 --- [a1-observability] [lity-producer-1] o.a.k.clients.producer.internals.Sender  : [Producer clientId=a1-observability-producer-1] Got error produce response with correlation id 5970 on topic-partition bank.a1.transaction.events-0, retrying (2147483585 attempts left). Error: NOT_ENOUGH_REPLICAS
2026-09-04T15:51:44.695+05:00  WARN 2704561 --- [a1-observability] [lity-producer-1] o.a.k.clients.producer.internals.Sender  : [Producer clientId=a1-observability-producer-1] Got error produce response with correlation id 5971 on topic-partition bank.a1.transaction.events-4, retrying (2147483583 attempts left). Error: NOT_ENOUGH_REPLICAS
2026-09-04T15:51:44.815+05:00  WARN 2704561 --- [a1-observability] [lity-producer-1] o.a.k.clients.producer.internals.Sender  : [Producer clientId=a1-observability-producer-1] Got error produce response with correlation id 5972 on topic-partition bank.a1.transaction.events-3, retrying (2147483584 attempts left). Error: NOT_ENOUGH_REPLICAS
2026-09-04T15:51:44.982+05:00  WARN 2704561 --- [a1-observability] [lity-producer-1] o.a.k.clients.producer.internals.Sender  : [Producer clientId=a1-observability-producer-1] Got error produce response with correlation id 5973 on topic-partition bank.a1.transaction.events-2, retrying (2147483584 attempts left). Error: NOT_ENOUGH_REPLICAS
2026-09-04T15:51:45.201+05:00  WARN 2704561 --- [a1-observability] [lity-producer-1] o.a.k.clients.producer.internals.Sender  : [Producer clientId=a1-observability-producer-1] Got error produce response with correlation id 5974 on topic-partition bank.a1.transaction.events-5, retrying (2147483584 attempts left). Error: NOT_ENOUGH_REPLICAS
2026-09-04T15:51:45.495+05:00  WARN 2704561 --- [a1-observability] [lity-producer-1] o.a.k.clients.producer.internals.Sender  : [Producer clientId=a1-observability-producer-1] Got error produce response with correlation id 5975 on topic-partition bank.a1.transaction.events-1, retrying (2147483582 attempts left). Error: NOT_ENOUGH_REPLICAS
2026-09-04T15:51:45.575+05:00  WARN 2704561 --- [a1-observability] [lity-producer-1] o.a.k.clients.producer.internals.Sender  : [Producer clientId=a1-observability-producer-1] Got error produce response with correlation id 5976 on topic-partition bank.a1.transaction.events-4, retrying (2147483582 attempts left). Error: NOT_ENOUGH_REPLICAS
2026-09-04T15:51:45.618+05:00  WARN 2704561 --- [a1-observability] [lity-producer-1] o.a.k.clients.producer.internals.Sender  : [Producer clientId=a1-observability-producer-1] Got error produce response with correlation id 5977 on topic-partition bank.a1.transaction.events-0, retrying (2147483584 attempts left). Error: NOT_ENOUGH_REPLICAS
2026-09-04T15:51:45.775+05:00  WARN 2704561 --- [a1-observability] [lity-producer-1] o.a.k.clients.producer.internals.Sender  : [Producer clientId=a1-observability-producer-1] Got error produce response with correlation id 5978 on topic-partition bank.a1.transaction.events-3, retrying (2147483583 attempts left). Error: NOT_ENOUGH_REPLICAS
2026-09-04T15:51:45.915+05:00  WARN 2704561 --- [a1-observability] [lity-producer-1] o.a.k.clients.producer.internals.Sender  : [Producer clientId=a1-observability-producer-1] Got error produce response with correlation id 5979 on topic-partition bank.a1.transaction.events-2, retrying (2147483583 attempts left). Error: NOT_ENOUGH_REPLICAS
2026-09-04T15:51:46.115+05:00  WARN 2704561 --- [a1-observability] [lity-producer-1] o.a.k.clients.producer.internals.Sender  : [Producer clientId=a1-observability-producer-1] Got error produce response with correlation id 5980 on topic-partition bank.a1.transaction.events-5, retrying (2147483583 attempts left). Error: NOT_ENOUGH_REPLICAS
2026-09-04T15:51:46.379+05:00  WARN 2704561 --- [a1-observability] [lity-producer-1] o.a.k.clients.producer.internals.Sender  : [Producer clientId=a1-observability-producer-1] Got error produce response with correlation id 5981 on topic-partition bank.a1.transaction.events-1, retrying (2147483581 attempts left). Error: NOT_ENOUGH_REPLICAS
2026-09-04T15:51:46.514+05:00  WARN 2704561 --- [a1-observability] [lity-producer-1] o.a.k.clients.producer.internals.Sender  : [Producer clientId=a1-observability-producer-1] Got error produce response with correlation id 5982 on topic-partition bank.a1.transaction.events-4, retrying (2147483581 attempts left). Error: NOT_ENOUGH_REPLICAS
2026-09-04T15:51:46.515+05:00  WARN 2704561 --- [a1-observability] [lity-producer-1] o.a.k.clients.producer.internals.Sender  : [Producer clientId=a1-observability-producer-1] Got error produce response with correlation id 5983 on topic-partition bank.a1.transaction.events-0, retrying (2147483583 attempts left). Error: NOT_ENOUGH_REPLICAS
2026-09-04T15:51:46.617+05:00  WARN 2704561 --- [a1-observability] [lity-producer-1] o.a.k.clients.producer.internals.Sender  : [Producer clientId=a1-observability-producer-1] Got error produce response with correlation id 5984 on topic-partition bank.a1.transaction.events-3, retrying (2147483582 attempts left). Error: NOT_ENOUGH_REPLICAS
2026-09-04T15:51:46.817+05:00  WARN 2704561 --- [a1-observability] [lity-producer-1] o.a.k.clients.producer.internals.Sender  : [Producer clientId=a1-observability-producer-1] Got error produce response with correlation id 5985 on topic-partition bank.a1.transaction.events-2, retrying (2147483582 attempts left). Error: NOT_ENOUGH_REPLICAS
2026-09-04T15:51:47.018+05:00  WARN 2704561 --- [a1-observability] [lity-producer-1] o.a.k.clients.producer.internals.Sender  : [Producer clientId=a1-observability-producer-1] Got error produce response with correlation id 5986 on topic-partition bank.a1.transaction.events-5, retrying (2147483582 attempts left). Error: NOT_ENOUGH_REPLICAS
2026-09-04T15:51:47.295+05:00  WARN 2704561 --- [a1-observability] [lity-producer-1] o.a.k.clients.producer.internals.Sender  : [Producer clientId=a1-observability-producer-1] Got error produce response with correlation id 5987 on topic-partition bank.a1.transaction.events-1, retrying (2147483580 attempts left). Error: NOT_ENOUGH_REPLICAS
2026-09-04T15:51:47.396+05:00  WARN 2704561 --- [a1-observability] [lity-producer-1] o.a.k.clients.producer.internals.Sender  : [Producer clientId=a1-observability-producer-1] Got error produce response with correlation id 5988 on topic-partition bank.a1.transaction.events-0, retrying (2147483582 attempts left). Error: NOT_ENOUGH_REPLICAS
2026-09-04T15:51:47.397+05:00  WARN 2704561 --- [a1-observability] [lity-producer-1] o.a.k.clients.producer.internals.Sender  : [Producer clientId=a1-observability-producer-1] Got error produce response with correlation id 5989 on topic-partition bank.a1.transaction.events-4, retrying (2147483580 attempts left). Error: NOT_ENOUGH_REPLICAS
2026-09-04T15:51:47.535+05:00  WARN 2704561 --- [a1-observability] [lity-producer-1] o.a.k.clients.producer.internals.Sender  : [Producer clientId=a1-observability-producer-1] Got error produce response with correlation id 5990 on topic-partition bank.a1.transaction.events-3, retrying (2147483581 attempts left). Error: NOT_ENOUGH_REPLICAS
2026-09-04T15:51:47.759+05:00  WARN 2704561 --- [a1-observability] [lity-producer-1] o.a.k.clients.producer.internals.Sender  : [Producer clientId=a1-observability-producer-1] Got error produce response with correlation id 5991 on topic-partition bank.a1.transaction.events-2, retrying (2147483581 attempts left). Error: NOT_ENOUGH_REPLICAS
2026-09-04T15:51:47.876+05:00  WARN 2704561 --- [a1-observability] [lity-producer-1] o.a.k.clients.producer.internals.Sender  : [Producer clientId=a1-observability-producer-1] Got error produce response with correlation id 5992 on topic-partition bank.a1.transaction.events-5, retrying (2147483581 attempts left). Error: NOT_ENOUGH_REPLICAS
2026-09-04T15:51:48.214+05:00  WARN 2704561 --- [a1-observability] [lity-producer-1] o.a.k.clients.producer.internals.Sender  : [Producer clientId=a1-observability-producer-1] Got error produce response with correlation id 5993 on topic-partition bank.a1.transaction.events-1, retrying (2147483579 attempts left). Error: NOT_ENOUGH_REPLICAS
2026-09-04T15:51:48.215+05:00  WARN 2704561 --- [a1-observability] [lity-producer-1] o.a.k.clients.producer.internals.Sender  : [Producer clientId=a1-observability-producer-1] Got error produce response with correlation id 5993 on topic-partition bank.a1.transaction.events-4, retrying (2147483579 attempts left). Error: NOT_ENOUGH_REPLICAS
2026-09-04T15:51:48.355+05:00  WARN 2704561 --- [a1-observability] [lity-producer-1] o.a.k.clients.producer.internals.Sender  : [Producer clientId=a1-observability-producer-1] Got error produce response with correlation id 5994 on topic-partition bank.a1.transaction.events-0, retrying (2147483581 attempts left). Error: NOT_ENOUGH_REPLICAS
2026-09-04T15:51:48.459+05:00  WARN 2704561 --- [a1-observability] [lity-producer-1] o.a.k.clients.producer.internals.Sender  : [Producer clientId=a1-observability-producer-1] Got error produce response with correlation id 5995 on topic-partition bank.a1.transaction.events-3, retrying (2147483580 attempts left). Error: NOT_ENOUGH_REPLICAS
2026-09-04T15:51:48.695+05:00  WARN 2704561 --- [a1-observability] [lity-producer-1] o.a.k.clients.producer.internals.Sender  : [Producer clientId=a1-observability-producer-1] Got error produce response with correlation id 5996 on topic-partition bank.a1.transaction.events-2, retrying (2147483580 attempts left). Error: NOT_ENOUGH_REPLICAS
2026-09-04T15:51:48.695+05:00  WARN 2704561 --- [a1-observability] [lity-producer-1] o.a.k.clients.producer.internals.Sender  : [Producer clientId=a1-observability-producer-1] Got error produce response with correlation id 5996 on topic-partition bank.a1.transaction.events-5, retrying (2147483580 attempts left). Error: NOT_ENOUGH_REPLICAS
2026-09-04T15:51:49.074+05:00  WARN 2704561 --- [a1-observability] [lity-producer-1] o.a.k.clients.producer.internals.Sender  : [Producer clientId=a1-observability-producer-1] Got error produce response with correlation id 5997 on topic-partition bank.a1.transaction.events-4, retrying (2147483578 attempts left). Error: NOT_ENOUGH_REPLICAS
2026-09-04T15:51:49.179+05:00  WARN 2704561 --- [a1-observability] [lity-producer-1] o.a.k.clients.producer.internals.Sender  : [Producer clientId=a1-observability-producer-1] Got error produce response with correlation id 5998 on topic-partition bank.a1.transaction.events-1, retrying (2147483578 attempts left). Error: NOT_ENOUGH_REPLICAS
2026-09-04T15:51:49.242+05:00  WARN 2704561 --- [a1-observability] [lity-producer-1] o.a.k.clients.producer.internals.Sender  : [Producer clientId=a1-observability-producer-1] Got error produce response with correlation id 5999 on topic-partition bank.a1.transaction.events-0, retrying (2147483580 attempts left). Error: NOT_ENOUGH_REPLICAS
2026-09-04T15:51:49.363+05:00  WARN 2704561 --- [a1-observability] [lity-producer-1] o.a.k.clients.producer.internals.Sender  : [Producer clientId=a1-observability-producer-1] Got error produce response with correlation id 6000 on topic-partition bank.a1.transaction.events-3, retrying (2147483579 attempts left). Error: NOT_ENOUGH_REPLICAS
2026-09-04T15:51:49.537+05:00  WARN 2704561 --- [a1-observability] [lity-producer-1] o.a.k.clients.producer.internals.Sender  : [Producer clientId=a1-observability-producer-1] Got error produce response with correlation id 6001 on topic-partition bank.a1.transaction.events-2, retrying (2147483579 attempts left). Error: NOT_ENOUGH_REPLICAS
2026-09-04T15:51:49.660+05:00  WARN 2704561 --- [a1-observability] [lity-producer-1] o.a.k.clients.producer.internals.Sender  : [Producer clientId=a1-observability-producer-1] Got error produce response with correlation id 6002 on topic-partition bank.a1.transaction.events-5, retrying (2147483579 attempts left). Error: NOT_ENOUGH_REPLICAS
2026-09-04T15:51:49.935+05:00  WARN 2704561 --- [a1-observability] [lity-producer-1] o.a.k.clients.producer.internals.Sender  : [Producer clientId=a1-observability-producer-1] Got error produce response with correlation id 6003 on topic-partition bank.a1.transaction.events-4, retrying (2147483577 attempts left). Error: NOT_ENOUGH_REPLICAS
2026-09-04T15:51:50.102+05:00  WARN 2704561 --- [a1-observability] [lity-producer-1] o.a.k.clients.producer.internals.Sender  : [Producer clientId=a1-observability-producer-1] Got error produce response with correlation id 6004 on topic-partition bank.a1.transaction.events-1, retrying (2147483577 attempts left). Error: NOT_ENOUGH_REPLICAS
2026-09-04T15:51:50.161+05:00  WARN 2704561 --- [a1-observability] [lity-producer-1] o.a.k.clients.producer.internals.Sender  : [Producer clientId=a1-observability-producer-1] Got error produce response with correlation id 6005 on topic-partition bank.a1.transaction.events-0, retrying (2147483579 attempts left). Error: NOT_ENOUGH_REPLICAS
2026-09-04T15:51:50.235+05:00  WARN 2704561 --- [a1-observability] [lity-producer-1] o.a.k.clients.producer.internals.Sender  : [Producer clientId=a1-observability-producer-1] Got error produce response with correlation id 6006 on topic-partition bank.a1.transaction.events-3, retrying (2147483578 attempts left). Error: NOT_ENOUGH_REPLICAS
2026-09-04T15:51:50.462+05:00  WARN 2704561 --- [a1-observability] [lity-producer-1] o.a.k.clients.producer.internals.Sender  : [Producer clientId=a1-observability-producer-1] Got error produce response with correlation id 6007 on topic-partition bank.a1.transaction.events-2, retrying (2147483578 attempts left). Error: NOT_ENOUGH_REPLICAS
2026-09-04T15:51:50.555+05:00  WARN 2704561 --- [a1-observability] [lity-producer-1] o.a.k.clients.producer.internals.Sender  : [Producer clientId=a1-observability-producer-1] Got error produce response with correlation id 6008 on topic-partition bank.a1.transaction.events-5, retrying (2147483578 attempts left). Error: NOT_ENOUGH_REPLICAS
2026-09-04T15:51:50.837+05:00  WARN 2704561 --- [a1-observability] [lity-producer-1] o.a.k.clients.producer.internals.Sender  : [Producer clientId=a1-observability-producer-1] Got error produce response with correlation id 6009 on topic-partition bank.a1.transaction.events-4, retrying (2147483576 attempts left). Error: NOT_ENOUGH_REPLICAS
2026-09-04T15:51:50.979+05:00  WARN 2704561 --- [a1-observability] [lity-producer-1] o.a.k.clients.producer.internals.Sender  : [Producer clientId=a1-observability-producer-1] Got error produce response with correlation id 6010 on topic-partition bank.a1.transaction.events-1, retrying (2147483576 attempts left). Error: NOT_ENOUGH_REPLICAS
2026-09-04T15:51:51.054+05:00  WARN 2704561 --- [a1-observability] [lity-producer-1] o.a.k.clients.producer.internals.Sender  : [Producer clientId=a1-observability-producer-1] Got error produce response with correlation id 6011 on topic-partition bank.a1.transaction.events-0, retrying (2147483578 attempts left). Error: NOT_ENOUGH_REPLICAS
2026-09-04T15:51:51.101+05:00  WARN 2704561 --- [a1-observability] [lity-producer-1] o.a.k.clients.producer.internals.Sender  : [Producer clientId=a1-observability-producer-1] Got error produce response with correlation id 6012 on topic-partition bank.a1.transaction.events-3, retrying (2147483577 attempts left). Error: NOT_ENOUGH_REPLICAS
2026-09-04T15:51:51.399+05:00  WARN 2704561 --- [a1-observability] [lity-producer-1] o.a.k.clients.producer.internals.Sender  : [Producer clientId=a1-observability-producer-1] Got error produce response with correlation id 6013 on topic-partition bank.a1.transaction.events-2, retrying (2147483577 attempts left). Error: NOT_ENOUGH_REPLICAS
2026-09-04T15:51:51.456+05:00  WARN 2704561 --- [a1-observability] [lity-producer-1] o.a.k.clients.producer.internals.Sender  : [Producer clientId=a1-observability-producer-1] Got error produce response with correlation id 6014 on topic-partition bank.a1.transaction.events-5, retrying (2147483577 attempts left). Error: NOT_ENOUGH_REPLICAS
2026-09-04T15:51:51.715+05:00  WARN 2704561 --- [a1-observability] [lity-producer-1] o.a.k.clients.producer.internals.Sender  : [Producer clientId=a1-observability-producer-1] Got error produce response with correlation id 6015 on topic-partition bank.a1.transaction.events-4, retrying (2147483575 attempts left). Error: NOT_ENOUGH_REPLICAS
2026-09-04T15:51:51.896+05:00  WARN 2704561 --- [a1-observability] [lity-producer-1] o.a.k.clients.producer.internals.Sender  : [Producer clientId=a1-observability-producer-1] Got error produce response with correlation id 6016 on topic-partition bank.a1.transaction.events-1, retrying (2147483575 attempts left). Error: NOT_ENOUGH_REPLICAS
2026-09-04T15:51:51.979+05:00  WARN 2704561 --- [a1-observability] [lity-producer-1] o.a.k.clients.producer.internals.Sender  : [Producer clientId=a1-observability-producer-1] Got error produce response with correlation id 6017 on topic-partition bank.a1.transaction.events-0, retrying (2147483577 attempts left). Error: NOT_ENOUGH_REPLICAS
2026-09-04T15:51:51.980+05:00  WARN 2704561 --- [a1-observability] [lity-producer-1] o.a.k.clients.producer.internals.Sender  : [Producer clientId=a1-observability-producer-1] Got error produce response with correlation id 6018 on topic-partition bank.a1.transaction.events-3, retrying (2147483576 attempts left). Error: NOT_ENOUGH_REPLICAS
2026-09-04T15:51:52.279+05:00  WARN 2704561 --- [a1-observability] [lity-producer-1] o.a.k.clients.producer.internals.Sender  : [Producer clientId=a1-observability-producer-1] Got error produce response with correlation id 6019 on topic-partition bank.a1.transaction.events-2, retrying (2147483576 attempts left). Error: NOT_ENOUGH_REPLICAS
2026-09-04T15:51:52.394+05:00  WARN 2704561 --- [a1-observability] [lity-producer-1] o.a.k.clients.producer.internals.Sender  : [Producer clientId=a1-observability-producer-1] Got error produce response with correlation id 6020 on topic-partition bank.a1.transaction.events-5, retrying (2147483576 attempts left). Error: NOT_ENOUGH_REPLICAS
2026-09-04T15:51:52.598+05:00  WARN 2704561 --- [a1-observability] [lity-producer-1] o.a.k.clients.producer.internals.Sender  : [Producer clientId=a1-observability-producer-1] Got error produce response with correlation id 6021 on topic-partition bank.a1.transaction.events-4, retrying (2147483574 attempts left). Error: NOT_ENOUGH_REPLICAS
2026-09-04T15:51:52.795+05:00  WARN 2704561 --- [a1-observability] [lity-producer-1] o.a.k.clients.producer.internals.Sender  : [Producer clientId=a1-observability-producer-1] Got error produce response with correlation id 6022 on topic-partition bank.a1.transaction.events-1, retrying (2147483574 attempts left). Error: NOT_ENOUGH_REPLICAS
2026-09-04T15:51:52.858+05:00  WARN 2704561 --- [a1-observability] [lity-producer-1] o.a.k.clients.producer.internals.Sender  : [Producer clientId=a1-observability-producer-1] Got error produce response with correlation id 6023 on topic-partition bank.a1.transaction.events-0, retrying (2147483576 attempts left). Error: NOT_ENOUGH_REPLICAS
2026-09-04T15:51:52.877+05:00  WARN 2704561 --- [a1-observability] [lity-producer-1] o.a.k.clients.producer.internals.Sender  : [Producer clientId=a1-observability-producer-1] Got error produce response with correlation id 6024 on topic-partition bank.a1.transaction.events-3, retrying (2147483575 attempts left). Error: NOT_ENOUGH_REPLICAS
2026-09-04T15:51:53.194+05:00  WARN 2704561 --- [a1-observability] [lity-producer-1] o.a.k.clients.producer.internals.Sender  : [Producer clientId=a1-observability-producer-1] Got error produce response with correlation id 6025 on topic-partition bank.a1.transaction.events-2, retrying (2147483575 attempts left). Error: NOT_ENOUGH_REPLICAS
2026-09-04T15:51:53.317+05:00  WARN 2704561 --- [a1-observability] [lity-producer-1] o.a.k.clients.producer.internals.Sender  : [Producer clientId=a1-observability-producer-1] Got error produce response with correlation id 6026 on topic-partition bank.a1.transaction.events-5, retrying (2147483575 attempts left). Error: NOT_ENOUGH_REPLICAS
2026-09-04T15:51:53.516+05:00  WARN 2704561 --- [a1-observability] [lity-producer-1] o.a.k.clients.producer.internals.Sender  : [Producer clientId=a1-observability-producer-1] Got error produce response with correlation id 6027 on topic-partition bank.a1.transaction.events-4, retrying (2147483573 attempts left). Error: NOT_ENOUGH_REPLICAS
2026-09-04T15:51:53.697+05:00  WARN 2704561 --- [a1-observability] [lity-producer-1] o.a.k.clients.producer.internals.Sender  : [Producer clientId=a1-observability-producer-1] Got error produce response with correlation id 6028 on topic-partition bank.a1.transaction.events-1, retrying (2147483573 attempts left). Error: NOT_ENOUGH_REPLICAS
2026-09-04T15:51:53.715+05:00  WARN 2704561 --- [a1-observability] [lity-producer-1] o.a.k.clients.producer.internals.Sender  : [Producer clientId=a1-observability-producer-1] Got error produce response with correlation id 6029 on topic-partition bank.a1.transaction.events-0, retrying (2147483575 attempts left). Error: NOT_ENOUGH_REPLICAS
2026-09-04T15:51:53.821+05:00  WARN 2704561 --- [a1-observability] [lity-producer-1] o.a.k.clients.producer.internals.Sender  : [Producer clientId=a1-observability-producer-1] Got error produce response with correlation id 6030 on topic-partition bank.a1.transaction.events-3, retrying (2147483574 attempts left). Error: NOT_ENOUGH_REPLICAS
2026-09-04T15:51:54.056+05:00  WARN 2704561 --- [a1-observability] [lity-producer-1] o.a.k.clients.producer.internals.Sender  : [Producer clientId=a1-observability-producer-1] Got error produce response with correlation id 6031 on topic-partition bank.a1.transaction.events-2, retrying (2147483574 attempts left). Error: NOT_ENOUGH_REPLICAS
2026-09-04T15:51:54.275+05:00  WARN 2704561 --- [a1-observability] [lity-producer-1] o.a.k.clients.producer.internals.Sender  : [Producer clientId=a1-observability-producer-1] Got error produce response with correlation id 6032 on topic-partition bank.a1.transaction.events-5, retrying (2147483574 attempts left). Error: NOT_ENOUGH_REPLICAS
2026-09-04T15:51:54.460+05:00  WARN 2704561 --- [a1-observability] [lity-producer-1] o.a.k.clients.producer.internals.Sender  : [Producer clientId=a1-observability-producer-1] Got error produce response with correlation id 6033 on topic-partition bank.a1.transaction.events-4, retrying (2147483572 attempts left). Error: NOT_ENOUGH_REPLICAS
2026-09-04T15:51:54.598+05:00  WARN 2704561 --- [a1-observability] [lity-producer-1] o.a.k.clients.producer.internals.Sender  : [Producer clientId=a1-observability-producer-1] Got error produce response with correlation id 6034 on topic-partition bank.a1.transaction.events-0, retrying (2147483574 attempts left). Error: NOT_ENOUGH_REPLICAS
2026-09-04T15:51:54.599+05:00  WARN 2704561 --- [a1-observability] [lity-producer-1] o.a.k.clients.producer.internals.Sender  : [Producer clientId=a1-observability-producer-1] Got error produce response with correlation id 6034 on topic-partition bank.a1.transaction.events-1, retrying (2147483572 attempts left). Error: NOT_ENOUGH_REPLICAS
2026-09-04T15:51:54.740+05:00  WARN 2704561 --- [a1-observability] [lity-producer-1] o.a.k.clients.producer.internals.Sender  : [Producer clientId=a1-observability-producer-1] Got error produce response with correlation id 6035 on topic-partition bank.a1.transaction.events-3, retrying (2147483573 attempts left). Error: NOT_ENOUGH_REPLICAS
2026-09-04T15:51:54.940+05:00  WARN 2704561 --- [a1-observability] [lity-producer-1] o.a.k.clients.producer.internals.Sender  : [Producer clientId=a1-observability-producer-1] Got error produce response with correlation id 6036 on topic-partition bank.a1.transaction.events-2, retrying (2147483573 attempts left). Error: NOT_ENOUGH_REPLICAS
2026-09-04T15:51:55.217+05:00  WARN 2704561 --- [a1-observability] [lity-producer-1] o.a.k.clients.producer.internals.Sender  : [Producer clientId=a1-observability-producer-1] Got error produce response with correlation id 6037 on topic-partition bank.a1.transaction.events-5, retrying (2147483573 attempts left). Error: NOT_ENOUGH_REPLICAS
2026-09-04T15:51:55.336+05:00  WARN 2704561 --- [a1-observability] [lity-producer-1] o.a.k.clients.producer.internals.Sender  : [Producer clientId=a1-observability-producer-1] Got error produce response with correlation id 6038 on topic-partition bank.a1.transaction.events-4, retrying (2147483571 attempts left). Error: NOT_ENOUGH_REPLICAS
2026-09-04T15:51:55.478+05:00  WARN 2704561 --- [a1-observability] [lity-producer-1] o.a.k.clients.producer.internals.Sender  : [Producer clientId=a1-observability-producer-1] Got error produce response with correlation id 6039 on topic-partition bank.a1.transaction.events-0, retrying (2147483573 attempts left). Error: NOT_ENOUGH_REPLICAS
2026-09-04T15:51:55.499+05:00  WARN 2704561 --- [a1-observability] [lity-producer-1] o.a.k.clients.producer.internals.Sender  : [Producer clientId=a1-observability-producer-1] Got error produce response with correlation id 6040 on topic-partition bank.a1.transaction.events-1, retrying (2147483571 attempts left). Error: NOT_ENOUGH_REPLICAS
2026-09-04T15:51:55.619+05:00  WARN 2704561 --- [a1-observability] [lity-producer-1] o.a.k.clients.producer.internals.Sender  : [Producer clientId=a1-observability-producer-1] Got error produce response with correlation id 6041 on topic-partition bank.a1.transaction.events-3, retrying (2147483572 attempts left). Error: NOT_ENOUGH_REPLICAS
2026-09-04T15:51:55.856+05:00  WARN 2704561 --- [a1-observability] [lity-producer-1] o.a.k.clients.producer.internals.Sender  : [Producer clientId=a1-observability-producer-1] Got error produce response with correlation id 6042 on topic-partition bank.a1.transaction.events-2, retrying (2147483572 attempts left). Error: NOT_ENOUGH_REPLICAS
2026-09-04T15:51:56.097+05:00  WARN 2704561 --- [a1-observability] [lity-producer-1] o.a.k.clients.producer.internals.Sender  : [Producer clientId=a1-observability-producer-1] Got error produce response with correlation id 6043 on topic-partition bank.a1.transaction.events-5, retrying (2147483572 attempts left). Error: NOT_ENOUGH_REPLICAS
2026-09-04T15:51:56.276+05:00  WARN 2704561 --- [a1-observability] [lity-producer-1] o.a.k.clients.producer.internals.Sender  : [Producer clientId=a1-observability-producer-1] Got error produce response with correlation id 6044 on topic-partition bank.a1.transaction.events-4, retrying (2147483570 attempts left). Error: NOT_ENOUGH_REPLICAS
2026-09-04T15:51:56.380+05:00  WARN 2704561 --- [a1-observability] [lity-producer-1] o.a.k.clients.producer.internals.Sender  : [Producer clientId=a1-observability-producer-1] Got error produce response with correlation id 6045 on topic-partition bank.a1.transaction.events-1, retrying (2147483570 attempts left). Error: NOT_ENOUGH_REPLICAS
2026-09-04T15:51:56.414+05:00  WARN 2704561 --- [a1-observability] [lity-producer-1] o.a.k.clients.producer.internals.Sender  : [Producer clientId=a1-observability-producer-1] Got error produce response with correlation id 6046 on topic-partition bank.a1.transaction.events-0, retrying (2147483572 attempts left). Error: NOT_ENOUGH_REPLICAS
2026-09-04T15:51:56.509+05:00  WARN 2704561 --- [a1-observability] [lity-producer-1] o.a.k.clients.producer.internals.Sender  : [Producer clientId=a1-observability-producer-1] Got error produce response with correlation id 6047 on topic-partition bank.a1.transaction.events-3, retrying (2147483571 attempts left). Error: NOT_ENOUGH_REPLICAS
2026-09-04T15:51:56.735+05:00  WARN 2704561 --- [a1-observability] [lity-producer-1] o.a.k.clients.producer.internals.Sender  : [Producer clientId=a1-observability-producer-1] Got error produce response with correlation id 6048 on topic-partition bank.a1.transaction.events-2, retrying (2147483571 attempts left). Error: NOT_ENOUGH_REPLICAS
2026-09-04T15:51:56.999+05:00  WARN 2704561 --- [a1-observability] [lity-producer-1] o.a.k.clients.producer.internals.Sender  : [Producer clientId=a1-observability-producer-1] Got error produce response with correlation id 6049 on topic-partition bank.a1.transaction.events-5, retrying (2147483571 attempts left). Error: NOT_ENOUGH_REPLICAS
2026-09-04T15:51:57.214+05:00  WARN 2704561 --- [a1-observability] [lity-producer-1] o.a.k.clients.producer.internals.Sender  : [Producer clientId=a1-observability-producer-1] Got error produce response with correlation id 6050 on topic-partition bank.a1.transaction.events-4, retrying (2147483569 attempts left). Error: NOT_ENOUGH_REPLICAS
2026-09-04T15:51:57.279+05:00  WARN 2704561 --- [a1-observability] [lity-producer-1] o.a.k.clients.producer.internals.Sender  : [Producer clientId=a1-observability-producer-1] Got error produce response with correlation id 6051 on topic-partition bank.a1.transaction.events-0, retrying (2147483571 attempts left). Error: NOT_ENOUGH_REPLICAS
2026-09-04T15:51:57.299+05:00  WARN 2704561 --- [a1-observability] [lity-producer-1] o.a.k.clients.producer.internals.Sender  : [Producer clientId=a1-observability-producer-1] Got error produce response with correlation id 6052 on topic-partition bank.a1.transaction.events-1, retrying (2147483569 attempts left). Error: NOT_ENOUGH_REPLICAS
2026-09-04T15:51:57.394+05:00  WARN 2704561 --- [a1-observability] [lity-producer-1] o.a.k.clients.producer.internals.Sender  : [Producer clientId=a1-observability-producer-1] Got error produce response with correlation id 6053 on topic-partition bank.a1.transaction.events-3, retrying (2147483570 attempts left). Error: NOT_ENOUGH_REPLICAS
2026-09-04T15:51:57.641+05:00  WARN 2704561 --- [a1-observability] [lity-producer-1] o.a.k.clients.producer.internals.Sender  : [Producer clientId=a1-observability-producer-1] Got error produce response with correlation id 6054 on topic-partition bank.a1.transaction.events-2, retrying (2147483570 attempts left). Error: NOT_ENOUGH_REPLICAS
2026-09-04T15:51:57.979+05:00  WARN 2704561 --- [a1-observability] [lity-producer-1] o.a.k.clients.producer.internals.Sender  : [Producer clientId=a1-observability-producer-1] Got error produce response with correlation id 6055 on topic-partition bank.a1.transaction.events-5, retrying (2147483570 attempts left). Error: NOT_ENOUGH_REPLICAS
2026-09-04T15:51:58.119+05:00  WARN 2704561 --- [a1-observability] [lity-producer-1] o.a.k.clients.producer.internals.Sender  : [Producer clientId=a1-observability-producer-1] Got error produce response with correlation id 6056 on topic-partition bank.a1.transaction.events-1, retrying (2147483568 attempts left). Error: NOT_ENOUGH_REPLICAS
2026-09-04T15:51:58.120+05:00  WARN 2704561 --- [a1-observability] [lity-producer-1] o.a.k.clients.producer.internals.Sender  : [Producer clientId=a1-observability-producer-1] Got error produce response with correlation id 6056 on topic-partition bank.a1.transaction.events-4, retrying (2147483568 attempts left). Error: NOT_ENOUGH_REPLICAS
2026-09-04T15:51:58.163+05:00  WARN 2704561 --- [a1-observability] [lity-producer-1] o.a.k.clients.producer.internals.Sender  : [Producer clientId=a1-observability-producer-1] Got error produce response with correlation id 6057 on topic-partition bank.a1.transaction.events-0, retrying (2147483570 attempts left). Error: NOT_ENOUGH_REPLICAS
2026-09-04T15:51:58.295+05:00  WARN 2704561 --- [a1-observability] [lity-producer-1] o.a.k.clients.producer.internals.Sender  : [Producer clientId=a1-observability-producer-1] Got error produce response with correlation id 6058 on topic-partition bank.a1.transaction.events-3, retrying (2147483569 attempts left). Error: NOT_ENOUGH_REPLICAS
2026-09-04T15:51:58.478+05:00  WARN 2704561 --- [a1-observability] [lity-producer-1] o.a.k.clients.producer.internals.Sender  : [Producer clientId=a1-observability-producer-1] Got error produce response with correlation id 6059 on topic-partition bank.a1.transaction.events-2, retrying (2147483569 attempts left). Error: NOT_ENOUGH_REPLICAS
2026-09-04T15:51:58.856+05:00  WARN 2704561 --- [a1-observability] [lity-producer-1] o.a.k.clients.producer.internals.Sender  : [Producer clientId=a1-observability-producer-1] Got error produce response with correlation id 6060 on topic-partition bank.a1.transaction.events-5, retrying (2147483569 attempts left). Error: NOT_ENOUGH_REPLICAS
2026-09-04T15:51:59.015+05:00  WARN 2704561 --- [a1-observability] [lity-producer-1] o.a.k.clients.producer.internals.Sender  : [Producer clientId=a1-observability-producer-1] Got error produce response with correlation id 6061 on topic-partition bank.a1.transaction.events-1, retrying (2147483567 attempts left). Error: NOT_ENOUGH_REPLICAS
2026-09-04T15:51:59.039+05:00  WARN 2704561 --- [a1-observability] [lity-producer-1] o.a.k.clients.producer.internals.Sender  : [Producer clientId=a1-observability-producer-1] Got error produce response with correlation id 6062 on topic-partition bank.a1.transaction.events-4, retrying (2147483567 attempts left). Error: NOT_ENOUGH_REPLICAS
2026-09-04T15:51:59.054+05:00  WARN 2704561 --- [a1-observability] [lity-producer-1] o.a.k.clients.producer.internals.Sender  : [Producer clientId=a1-observability-producer-1] Got error produce response with correlation id 6063 on topic-partition bank.a1.transaction.events-0, retrying (2147483569 attempts left). Error: NOT_ENOUGH_REPLICAS
2026-09-04T15:51:59.139+05:00  WARN 2704561 --- [a1-observability] [lity-producer-1] o.a.k.clients.producer.internals.Sender  : [Producer clientId=a1-observability-producer-1] Got error produce response with correlation id 6064 on topic-partition bank.a1.transaction.events-3, retrying (2147483568 attempts left). Error: NOT_ENOUGH_REPLICAS
2026-09-04T15:51:59.418+05:00  WARN 2704561 --- [a1-observability] [lity-producer-1] o.a.k.clients.producer.internals.Sender  : [Producer clientId=a1-observability-producer-1] Got error produce response with correlation id 6065 on topic-partition bank.a1.transaction.events-2, retrying (2147483568 attempts left). Error: NOT_ENOUGH_REPLICAS
2026-09-04T15:51:59.781+05:00  WARN 2704561 --- [a1-observability] [lity-producer-1] o.a.k.clients.producer.internals.Sender  : [Producer clientId=a1-observability-producer-1] Got error produce response with correlation id 6066 on topic-partition bank.a1.transaction.events-5, retrying (2147483568 attempts left). Error: NOT_ENOUGH_REPLICAS
2026-09-04T15:51:59.881+05:00  WARN 2704561 --- [a1-observability] [lity-producer-1] o.a.k.clients.producer.internals.Sender  : [Producer clientId=a1-observability-producer-1] Got error produce response with correlation id 6067 on topic-partition bank.a1.transaction.events-1, retrying (2147483566 attempts left). Error: NOT_ENOUGH_REPLICAS
2026-09-04T15:51:59.898+05:00  WARN 2704561 --- [a1-observability] [lity-producer-1] o.a.k.clients.producer.internals.Sender  : [Producer clientId=a1-observability-producer-1] Got error produce response with correlation id 6068 on topic-partition bank.a1.transaction.events-4, retrying (2147483566 attempts left). Error: NOT_ENOUGH_REPLICAS
2026-09-04T15:51:59.915+05:00  WARN 2704561 --- [a1-observability] [lity-producer-1] o.a.k.clients.producer.internals.Sender  : [Producer clientId=a1-observability-producer-1] Got error produce response with correlation id 6069 on topic-partition bank.a1.transaction.events-0, retrying (2147483568 attempts left). Error: NOT_ENOUGH_REPLICAS
2026-09-04T15:51:59.996+05:00  WARN 2704561 --- [a1-observability] [lity-producer-1] o.a.k.clients.producer.internals.Sender  : [Producer clientId=a1-observability-producer-1] Got error produce response with correlation id 6070 on topic-partition bank.a1.transaction.events-3, retrying (2147483567 attempts left). Error: NOT_ENOUGH_REPLICAS
2026-09-04T15:52:00.295+05:00  WARN 2704561 --- [a1-observability] [lity-producer-1] o.a.k.clients.producer.internals.Sender  : [Producer clientId=a1-observability-producer-1] Got error produce response with correlation id 6071 on topic-partition bank.a1.transaction.events-2, retrying (2147483567 attempts left). Error: NOT_ENOUGH_REPLICAS
2026-09-04T15:52:00.698+05:00  WARN 2704561 --- [a1-observability] [lity-producer-1] o.a.k.clients.producer.internals.Sender  : [Producer clientId=a1-observability-producer-1] Got error produce response with correlation id 6072 on topic-partition bank.a1.transaction.events-1, retrying (2147483565 attempts left). Error: NOT_ENOUGH_REPLICAS
2026-09-04T15:52:00.716+05:00  WARN 2704561 --- [a1-observability] [lity-producer-1] o.a.k.clients.producer.internals.Sender  : [Producer clientId=a1-observability-producer-1] Got error produce response with correlation id 6073 on topic-partition bank.a1.transaction.events-5, retrying (2147483567 attempts left). Error: NOT_ENOUGH_REPLICAS
2026-09-04T15:52:00.800+05:00  WARN 2704561 --- [a1-observability] [lity-producer-1] o.a.k.clients.producer.internals.Sender  : [Producer clientId=a1-observability-producer-1] Got error produce response with correlation id 6074 on topic-partition bank.a1.transaction.events-0, retrying (2147483567 attempts left). Error: NOT_ENOUGH_REPLICAS
2026-09-04T15:52:00.801+05:00  WARN 2704561 --- [a1-observability] [lity-producer-1] o.a.k.clients.producer.internals.Sender  : [Producer clientId=a1-observability-producer-1] Got error produce response with correlation id 6074 on topic-partition bank.a1.transaction.events-4, retrying (2147483565 attempts left). Error: NOT_ENOUGH_REPLICAS
2026-09-04T15:52:00.860+05:00  WARN 2704561 --- [a1-observability] [lity-producer-1] o.a.k.clients.producer.internals.Sender  : [Producer clientId=a1-observability-producer-1] Got error produce response with correlation id 6075 on topic-partition bank.a1.transaction.events-3, retrying (2147483566 attempts left). Error: NOT_ENOUGH_REPLICAS
2026-09-04T15:52:01.178+05:00  WARN 2704561 --- [a1-observability] [lity-producer-1] o.a.k.clients.producer.internals.Sender  : [Producer clientId=a1-observability-producer-1] Got error produce response with correlation id 6076 on topic-partition bank.a1.transaction.events-2, retrying (2147483566 attempts left). Error: NOT_ENOUGH_REPLICAS
2026-09-04T15:52:01.555+05:00  WARN 2704561 --- [a1-observability] [lity-producer-1] o.a.k.clients.producer.internals.Sender  : [Producer clientId=a1-observability-producer-1] Got error produce response with correlation id 6077 on topic-partition bank.a1.transaction.events-1, retrying (2147483564 attempts left). Error: NOT_ENOUGH_REPLICAS
2026-09-04T15:52:01.639+05:00  WARN 2704561 --- [a1-observability] [lity-producer-1] o.a.k.clients.producer.internals.Sender  : [Producer clientId=a1-observability-producer-1] Got error produce response with correlation id 6078 on topic-partition bank.a1.transaction.events-0, retrying (2147483566 attempts left). Error: NOT_ENOUGH_REPLICAS
2026-09-04T15:52:01.639+05:00  WARN 2704561 --- [a1-observability] [lity-producer-1] o.a.k.clients.producer.internals.Sender  : [Producer clientId=a1-observability-producer-1] Got error produce response with correlation id 6078 on topic-partition bank.a1.transaction.events-5, retrying (2147483566 attempts left). Error: NOT_ENOUGH_REPLICAS
2026-09-04T15:52:01.657+05:00  WARN 2704561 --- [a1-observability] [lity-producer-1] o.a.k.clients.producer.internals.Sender  : [Producer clientId=a1-observability-producer-1] Got error produce response with correlation id 6079 on topic-partition bank.a1.transaction.events-4, retrying (2147483564 attempts left). Error: NOT_ENOUGH_REPLICAS
2026-09-04T15:52:01.717+05:00  WARN 2704561 --- [a1-observability] [lity-producer-1] o.a.k.clients.producer.internals.Sender  : [Producer clientId=a1-observability-producer-1] Got error produce response with correlation id 6080 on topic-partition bank.a1.transaction.events-3, retrying (2147483565 attempts left). Error: NOT_ENOUGH_REPLICAS
2026-09-04T15:52:02.116+05:00  WARN 2704561 --- [a1-observability] [lity-producer-1] o.a.k.clients.producer.internals.Sender  : [Producer clientId=a1-observability-producer-1] Got error produce response with correlation id 6081 on topic-partition bank.a1.transaction.events-2, retrying (2147483565 attempts left). Error: NOT_ENOUGH_REPLICAS
2026-09-04T15:52:02.445+05:00  WARN 2704561 --- [a1-observability] [lity-producer-1] o.a.k.clients.producer.internals.Sender  : [Producer clientId=a1-observability-producer-1] Got error produce response with correlation id 6082 on topic-partition bank.a1.transaction.events-1, retrying (2147483563 attempts left). Error: NOT_ENOUGH_REPLICAS
2026-09-04T15:52:02.478+05:00  WARN 2704561 --- [a1-observability] [lity-producer-1] o.a.k.clients.producer.internals.Sender  : [Producer clientId=a1-observability-producer-1] Got error produce response with correlation id 6083 on topic-partition bank.a1.transaction.events-5, retrying (2147483565 attempts left). Error: NOT_ENOUGH_REPLICAS
2026-09-04T15:52:02.528+05:00  WARN 2704561 --- [a1-observability] [lity-producer-1] o.a.k.clients.producer.internals.Sender  : [Producer clientId=a1-observability-producer-1] Got error produce response with correlation id 6084 on topic-partition bank.a1.transaction.events-3, retrying (2147483564 attempts left). Error: NOT_ENOUGH_REPLICAS
2026-09-04T15:52:02.545+05:00  WARN 2704561 --- [a1-observability] [lity-producer-1] o.a.k.clients.producer.internals.Sender  : [Producer clientId=a1-observability-producer-1] Got error produce response with correlation id 6085 on topic-partition bank.a1.transaction.events-4, retrying (2147483563 attempts left). Error: NOT_ENOUGH_REPLICAS
2026-09-04T15:52:02.549+05:00  WARN 2704561 --- [a1-observability] [lity-producer-1] o.a.k.clients.producer.internals.Sender  : [Producer clientId=a1-observability-producer-1] Got error produce response with correlation id 6086 on topic-partition bank.a1.transaction.events-0, retrying (2147483565 attempts left). Error: NOT_ENOUGH_REPLICAS
2026-09-04T15:52:02.983+05:00  WARN 2704561 --- [a1-observability] [lity-producer-1] o.a.k.clients.producer.internals.Sender  : [Producer clientId=a1-observability-producer-1] Got error produce response with correlation id 6087 on topic-partition bank.a1.transaction.events-2, retrying (2147483564 attempts left). Error: NOT_ENOUGH_REPLICAS
2026-09-04T15:52:03.336+05:00  WARN 2704561 --- [a1-observability] [lity-producer-1] o.a.k.clients.producer.internals.Sender  : [Producer clientId=a1-observability-producer-1] Got error produce response with correlation id 6088 on topic-partition bank.a1.transaction.events-1, retrying (2147483562 attempts left). Error: NOT_ENOUGH_REPLICAS
2026-09-04T15:52:03.337+05:00  WARN 2704561 --- [a1-observability] [lity-producer-1] o.a.k.clients.producer.internals.Sender  : [Producer clientId=a1-observability-producer-1] Got error produce response with correlation id 6089 on topic-partition bank.a1.transaction.events-5, retrying (2147483564 attempts left). Error: NOT_ENOUGH_REPLICAS
2026-09-04T15:52:03.367+05:00  WARN 2704561 --- [a1-observability] [lity-producer-1] o.a.k.clients.producer.internals.Sender  : [Producer clientId=a1-observability-producer-1] Got error produce response with correlation id 6090 on topic-partition bank.a1.transaction.events-0, retrying (2147483564 attempts left). Error: NOT_ENOUGH_REPLICAS
2026-09-04T15:52:03.443+05:00  WARN 2704561 --- [a1-observability] [lity-producer-1] o.a.k.clients.producer.internals.Sender  : [Producer clientId=a1-observability-producer-1] Got error produce response with correlation id 6091 on topic-partition bank.a1.transaction.events-3, retrying (2147483563 attempts left). Error: NOT_ENOUGH_REPLICAS
2026-09-04T15:52:03.475+05:00  WARN 2704561 --- [a1-observability] [lity-producer-1] o.a.k.clients.producer.internals.Sender  : [Producer clientId=a1-observability-producer-1] Got error produce response with correlation id 6092 on topic-partition bank.a1.transaction.events-4, retrying (2147483562 attempts left). Error: NOT_ENOUGH_REPLICAS
2026-09-04T15:52:03.858+05:00  WARN 2704561 --- [a1-observability] [lity-producer-1] o.a.k.clients.producer.internals.Sender  : [Producer clientId=a1-observability-producer-1] Got error produce response with correlation id 6093 on topic-partition bank.a1.transaction.events-2, retrying (2147483563 attempts left). Error: NOT_ENOUGH_REPLICAS
2026-09-04T15:52:04.211+05:00  WARN 2704561 --- [a1-observability] [lity-producer-1] o.a.k.clients.producer.internals.Sender  : [Producer clientId=a1-observability-producer-1] Got error produce response with correlation id 6094 on topic-partition bank.a1.transaction.events-1, retrying (2147483561 attempts left). Error: NOT_ENOUGH_REPLICAS
2026-09-04T15:52:04.212+05:00  WARN 2704561 --- [a1-observability] [lity-producer-1] o.a.k.clients.producer.internals.Sender  : [Producer clientId=a1-observability-producer-1] Got error produce response with correlation id 6095 on topic-partition bank.a1.transaction.events-5, retrying (2147483563 attempts left). Error: NOT_ENOUGH_REPLICAS
2026-09-04T15:52:04.294+05:00  WARN 2704561 --- [a1-observability] [lity-producer-1] o.a.k.clients.producer.internals.Sender  : [Producer clientId=a1-observability-producer-1] Got error produce response with correlation id 6096 on topic-partition bank.a1.transaction.events-4, retrying (2147483561 attempts left). Error: NOT_ENOUGH_REPLICAS
2026-09-04T15:52:04.310+05:00  WARN 2704561 --- [a1-observability] [lity-producer-1] o.a.k.clients.producer.internals.Sender  : [Producer clientId=a1-observability-producer-1] Got error produce response with correlation id 6097 on topic-partition bank.a1.transaction.events-0, retrying (2147483563 attempts left). Error: NOT_ENOUGH_REPLICAS
2026-09-04T15:52:04.320+05:00  WARN 2704561 --- [a1-observability] [lity-producer-1] o.a.k.clients.producer.internals.Sender  : [Producer clientId=a1-observability-producer-1] Got error produce response with correlation id 6098 on topic-partition bank.a1.transaction.events-3, retrying (2147483562 attempts left). Error: NOT_ENOUGH_REPLICAS
2026-09-04T15:52:04.777+05:00  WARN 2704561 --- [a1-observability] [lity-producer-1] o.a.k.clients.producer.internals.Sender  : [Producer clientId=a1-observability-producer-1] Got error produce response with correlation id 6099 on topic-partition bank.a1.transaction.events-2, retrying (2147483562 attempts left). Error: NOT_ENOUGH_REPLICAS
2026-09-04T15:52:05.102+05:00  WARN 2704561 --- [a1-observability] [lity-producer-1] o.a.k.clients.producer.internals.Sender  : [Producer clientId=a1-observability-producer-1] Got error produce response with correlation id 6100 on topic-partition bank.a1.transaction.events-1, retrying (2147483560 attempts left). Error: NOT_ENOUGH_REPLICAS
2026-09-04T15:52:05.103+05:00  WARN 2704561 --- [a1-observability] [lity-producer-1] o.a.k.clients.producer.internals.Sender  : [Producer clientId=a1-observability-producer-1] Got error produce response with correlation id 6100 on topic-partition bank.a1.transaction.events-5, retrying (2147483562 attempts left). Error: NOT_ENOUGH_REPLICAS
2026-09-04T15:52:05.156+05:00  WARN 2704561 --- [a1-observability] [lity-producer-1] o.a.k.clients.producer.internals.Sender  : [Producer clientId=a1-observability-producer-1] Got error produce response with correlation id 6101 on topic-partition bank.a1.transaction.events-0, retrying (2147483562 attempts left). Error: NOT_ENOUGH_REPLICAS
2026-09-04T15:52:05.176+05:00  WARN 2704561 --- [a1-observability] [lity-producer-1] o.a.k.clients.producer.internals.Sender  : [Producer clientId=a1-observability-producer-1] Got error produce response with correlation id 6102 on topic-partition bank.a1.transaction.events-3, retrying (2147483561 attempts left). Error: NOT_ENOUGH_REPLICAS
2026-09-04T15:52:05.216+05:00  WARN 2704561 --- [a1-observability] [lity-producer-1] o.a.k.clients.producer.internals.Sender  : [Producer clientId=a1-observability-producer-1] Got error produce response with correlation id 6103 on topic-partition bank.a1.transaction.events-4, retrying (2147483560 attempts left). Error: NOT_ENOUGH_REPLICAS
2026-09-04T15:52:05.671+05:00  WARN 2704561 --- [a1-observability] [lity-producer-1] o.a.k.clients.producer.internals.Sender  : [Producer clientId=a1-observability-producer-1] Got error produce response with correlation id 6104 on topic-partition bank.a1.transaction.events-2, retrying (2147483561 attempts left). Error: NOT_ENOUGH_REPLICAS
2026-09-04T15:52:05.987+05:00  WARN 2704561 --- [a1-observability] [lity-producer-1] o.a.k.clients.producer.internals.Sender  : [Producer clientId=a1-observability-producer-1] Got error produce response with correlation id 6105 on topic-partition bank.a1.transaction.events-0, retrying (2147483561 attempts left). Error: NOT_ENOUGH_REPLICAS
2026-09-04T15:52:05.988+05:00  WARN 2704561 --- [a1-observability] [lity-producer-1] o.a.k.clients.producer.internals.Sender  : [Producer clientId=a1-observability-producer-1] Got error produce response with correlation id 6105 on topic-partition bank.a1.transaction.events-5, retrying (2147483561 attempts left). Error: NOT_ENOUGH_REPLICAS
2026-09-04T15:52:06.045+05:00  WARN 2704561 --- [a1-observability] [lity-producer-1] o.a.k.clients.producer.internals.Sender  : [Producer clientId=a1-observability-producer-1] Got error produce response with correlation id 6106 on topic-partition bank.a1.transaction.events-1, retrying (2147483559 attempts left). Error: NOT_ENOUGH_REPLICAS
2026-09-04T15:52:06.059+05:00  WARN 2704561 --- [a1-observability] [lity-producer-1] o.a.k.clients.producer.internals.Sender  : [Producer clientId=a1-observability-producer-1] Got error produce response with correlation id 6107 on topic-partition bank.a1.transaction.events-3, retrying (2147483560 attempts left). Error: NOT_ENOUGH_REPLICAS
2026-09-04T15:52:06.116+05:00  WARN 2704561 --- [a1-observability] [lity-producer-1] o.a.k.clients.producer.internals.Sender  : [Producer clientId=a1-observability-producer-1] Got error produce response with correlation id 6108 on topic-partition bank.a1.transaction.events-4, retrying (2147483559 attempts left). Error: NOT_ENOUGH_REPLICAS
2026-09-04T15:53:25.047+05:00  INFO 2704561 --- [a1-observability] [ionShutdownHook] o.s.boot.tomcat.GracefulShutdown         : Commencing graceful shutdown. Waiting for active requests to complete
2026-09-04T15:53:25.051+05:00  INFO 2704561 --- [a1-observability] [tomcat-shutdown] o.s.boot.tomcat.GracefulShutdown         : Graceful shutdown complete
2026-09-04T15:53:25.055+05:00  INFO 2704561 --- [a1-observability] [ionShutdownHook] o.a.k.clients.producer.KafkaProducer     : [Producer clientId=a1-observability-producer-1] Closing the Kafka producer with timeoutMillis = 30000 ms.
2026-09-04T15:53:25.062+05:00  INFO 2704561 --- [a1-observability] [ionShutdownHook] o.apache.kafka.common.metrics.Metrics    : Metrics scheduler closed
2026-09-04T15:53:25.063+05:00  INFO 2704561 --- [a1-observability] [ionShutdownHook] o.apache.kafka.common.metrics.Metrics    : Closing reporter org.apache.kafka.common.metrics.JmxReporter
2026-09-04T15:53:25.063+05:00  INFO 2704561 --- [a1-observability] [ionShutdownHook] o.apache.kafka.common.metrics.Metrics    : Closing reporter org.apache.kafka.common.telemetry.internals.ClientTelemetryReporter
2026-09-04T15:53:25.063+05:00  INFO 2704561 --- [a1-observability] [ionShutdownHook] o.apache.kafka.common.metrics.Metrics    : Metrics reporters closed
2026-09-04T15:53:25.065+05:00  INFO 2704561 --- [a1-observability] [ionShutdownHook] o.a.kafka.common.utils.AppInfoParser     : App info kafka.producer for a1-observability-producer-1 unregistered
2026-09-04T15:53:25.073+05:00  INFO 2704561 --- [a1-observability] [ionShutdownHook] com.zaxxer.hikari.HikariDataSource       : a1-oltp - Shutdown initiated...
2026-09-04T15:53:25.095+05:00  INFO 2704561 --- [a1-observability] [ionShutdownHook] com.zaxxer.hikari.HikariDataSource       : a1-oltp - Shutdown completed.
