2221060,1,INITIATED,1789018202828
2221060,2,VALIDATED,1789018203312
2221060,3,PROCESSED,1789018203816
2221061,1,INITIATED,1789018202828
2221061,2,VALIDATED,1789018203635
2221061,3,PROCESSED,1789018203779
2221062,1,INITIATED,1789018202864
2221062,2,VALIDATED,1789018203637
2221062,3,REJECTED,1789018203828
2221063,1,INITIATED,1789018202876
2221063,2,VALIDATED,1789018203637
2221063,3,PROCESSED,1789018203872
2221064,1,INITIATED,1789018202876
2221064,2,VALIDATED,1789018203308
2221064,3,REJECTED,1789018203810
2221065,1,INITIATED,1789018202877
2221065,2,VALIDATED,1789018203638
2221065,3,PROCESSED,1789018203835
2221066,1,INITIATED,1789018202877
2221066,2,VALIDATED,1789018203325
2221066,3,PROCESSED,1789018203821
2221067,1,INITIATED,1789018202883
2221067,2,VALIDATED,1789018203638
2221067,3,PROCESSED,1789018203839
2221068,1,INITIATED,1789018202882
2221068,2,VALIDATED,1789018203310
2221068,3,REJECTED,1789018203817
2221069,1,INITIATED,1789018202883
2221069,2,VALIDATED,1789018203315
2221069,3,PROCESSED,1789018203817
2221070,1,INITIATED,1789018202883
2221070,2,VALIDATED,1789018203636
2221070,3,PROCESSED,1789018203835
2221071,1,INITIATED,1789018202883
2221071,2,VALIDATED,1789018203638
2221071,3,PROCESSED,1789018203835
2221072,1,INITIATED,1789018202883
2221072,2,VALIDATED,1789018203313
2221072,3,PROCESSED,1789018203813
2221073,1,INITIATED,1789018202883
2221073,2,VALIDATED,1789018203638
2221073,3,PROCESSED,1789018203835
2221074,1,INITIATED,1789018202887
2221074,2,VALIDATED,1789018203638
2221074,3,PROCESSED,1789018203869
2221075,1,INITIATED,1789018202887
2221075,2,VALIDATED,1789018203636
2221075,3,PROCESSED,1789018203837
2221076,1,INITIATED,1789018202887
2221076,2,VALIDATED,1789018203311
2221076,3,PROCESSED,1789018203812
2221077,1,INITIATED,1789018202909
2221077,2,VALIDATED,1789018203315
2221077,3,PROCESSED,1789018203814
2221078,1,INITIATED,1789018202926
2221078,2,VALIDATED,1789018203308
2221078,3,PROCESSED,1789018203816
2221079,1,INITIATED,1789018202926
2221079,2,VALIDATED,1789018203312
2221079,3,REJECTED,1789018203815
2221080,1,INITIATED,1789018202927
2221080,2,VALIDATED,1789018203315
2221080,3,PROCESSED,1789018203819
2221081,1,INITIATED,1789018203137
2221081,2,VALIDATED,1789018203809
2221081,3,PROCESSED,1789018203861
2221082,1,INITIATED,1789018203137
2221082,2,VALIDATED,1789018203763
2221082,3,PROCESSED,1789018203860
2221083,1,INITIATED,1789018203137
2221083,2,VALIDATED,1789018203810
2221083,3,PROCESSED,1789018203868
2221084,1,INITIATED,1789018203137
2221084,2,VALIDATED,1789018203794
2221084,3,PROCESSED,1789018203860
2221085,1,INITIATED,1789018203136
2221085,2,VALIDATED,1789018203763
2221085,3,PROCESSED,1789018203861
2221086,1,INITIATED,1789018203136
2221086,2,VALIDATED,1789018203806
2221086,3,PROCESSED,1789018203860
2221087,1,INITIATED,1789018203635
2221087,2,VALIDATED,1789018203833
2221087,3,PROCESSED,1789018203879
2221088,1,INITIATED,1789018203633
2221088,2,VALIDATED,1789018203834
2221088,3,PROCESSED,1789018203881
2221089,1,INITIATED,1789018203756
2221089,2,VALIDATED,1789018203838
2221089,3,PROCESSED,1789018203884
2221090,1,INITIATED,1789018203758
2221090,2,VALIDATED,1789018203839
2221090,3,PROCESSED,1789018203883
2221091,1,INITIATED,1789018203759
2221091,2,VALIDATED,1789018203854
2221091,3,PROCESSED,1789018203890
2221092,1,INITIATED,1789018203760
2221092,2,VALIDATED,1789018203856
2221092,3,PROCESSED,1789018203887
2221093,1,INITIATED,1789018203761
2221093,2,VALIDATED,1789018203869
2221093,3,PROCESSED,1789018203903
2221094,1,INITIATED,1789018203763
2221094,2,VALIDATED,1789018203855
2221094,3,PROCESSED,1789018203886
2221095,1,INITIATED,1789018203762
2221095,2,VALIDATED,1789018203839
2221095,3,PROCESSED,1789018203898
2221096,1,INITIATED,1789018203762
2221096,2,VALIDATED,1789018203856
2221096,3,PROCESSED,1789018203886
2221097,1,INITIATED,1789018203762
2221097,2,VALIDATED,1789018203854
2221097,3,PROCESSED,1789018203886
2221098,1,INITIATED,1789018203763
2221098,2,VALIDATED,1789018203855
2221098,3,PROCESSED,1789018203875
2221099,1,INITIATED,1789018203807
2221099,2,VALIDATED,1789018203875
2221099,3,PROCESSED,1789018203908
2221100,1,INITIATED,1789018203806
2221100,2,VALIDATED,1789018203856
2221100,3,PROCESSED,1789018203903
2221101,1,INITIATED,1789018203808
2221101,2,VALIDATED,1789018203856
2221101,3,PROCESSED,1789018203891
2221102,1,INITIATED,1789018203814
2221102,2,VALIDATED,1789018203863
2221102,3,PROCESSED,1789018203895
2221103,1,INITIATED,1789018203815
2221103,2,VALIDATED,1789018203862
2221103,3,PROCESSED,1789018203922
2221104,1,INITIATED,1789018203816
2221104,2,VALIDATED,1789018203862
2221104,3,PROCESSED,1789018203895
2221105,1,INITIATED,1789018203819
2221105,2,VALIDATED,1789018203887
2221105,3,PROCESSED,1789018203924
2221106,1,INITIATED,1789018203820
2221106,2,VALIDATED,1789018203863
2221106,3,PROCESSED,1789018203897
2221107,1,INITIATED,1789018203820
2221107,2,VALIDATED,1789018203834
2221107,3,PROCESSED,1789018203885
2221108,1,INITIATED,1789018203820
2221108,2,VALIDATED,1789018203866
2221108,3,PROCESSED,1789018203899
2221109,1,INITIATED,1789018203821
2221109,2,VALIDATED,1789018203862
2221109,3,PROCESSED,1789018203897
2221110,1,INITIATED,1789018203822
2221110,2,VALIDATED,1789018203831
2221110,3,PROCESSED,1789018203880
2221111,1,INITIATED,1789018203822
2221111,2,VALIDATED,1789018203869
2221111,3,PROCESSED,1789018203903
2221112,1,INITIATED,1789018203823
2221112,2,VALIDATED,1789018203866
2221112,3,PROCESSED,1789018203922
2221113,1,INITIATED,1789018203823
2221113,2,VALIDATED,1789018203867
2221113,3,PROCESSED,1789018203883
2221114,1,INITIATED,1789018203823
2221114,2,VALIDATED,1789018203869
2221114,3,PROCESSED,1789018203897
2221115,1,INITIATED,1789018203823
2221115,2,VALIDATED,1789018203868
2221115,3,PROCESSED,1789018203897
2221116,1,INITIATED,1789018203824
2221116,2,VALIDATED,1789018203869
2221116,3,PROCESSED,1789018203901
2221117,1,INITIATED,1789018203828
2221117,2,VALIDATED,1789018203872
2221117,3,PROCESSED,1789018203891
2221118,1,INITIATED,1789018203827
2221118,2,VALIDATED,1789018203869
2221118,3,PROCESSED,1789018203901
2221119,1,INITIATED,1789018203829
2221119,2,VALIDATED,1789018203839
2221119,3,PROCESSED,1789018203885
2221120,1,INITIATED,1789018203830
2221120,2,VALIDATED,1789018203872
2221120,3,PROCESSED,1789018203888
2221121,1,INITIATED,1789018203833
2221121,2,VALIDATED,1789018203857
2221121,3,PROCESSED,1789018203905
2221122,1,INITIATED,1789018203834
2221122,2,VALIDATED,1789018203877
2221122,3,PROCESSED,1789018203922
2221123,1,INITIATED,1789018203834
2221123,2,VALIDATED,1789018203881
2221123,3,PROCESSED,1789018203898
2221124,1,INITIATED,1789018203861
2221124,2,VALIDATED,1789018203891
2221124,3,PROCESSED,1789018203922
2221125,1,INITIATED,1789018203864
2221125,2,VALIDATED,1789018203892
2221125,3,PROCESSED,1789018203908
2221126,1,INITIATED,1789018203866
2221126,2,VALIDATED,1789018203892
2221126,3,PROCESSED,1789018203923
2221127,1,INITIATED,1789018203873
2221127,2,VALIDATED,1789018203900
2221127,3,PROCESSED,1789018203927
2221128,1,INITIATED,1789018203916
2221128,2,VALIDATED,1789018203926
2221128,3,PROCESSED,1789018204176
2221129,1,INITIATED,1789018203916
2221129,2,VALIDATED,1789018203926
2221129,3,PROCESSED,1789018204178
2221130,1,INITIATED,1789018203924
2221130,2,VALIDATED,1789018203934
2221130,3,PROCESSED,1789018204183
2221131,1,INITIATED,1789018204175
2221131,2,VALIDATED,1789018204184
2221131,3,PROCESSED,1789018204656
2221132,1,INITIATED,1789018204177
2221132,2,VALIDATED,1789018204649
2221132,3,PROCESSED,1789018204845
2221133,1,INITIATED,1789018204177
2221133,2,VALIDATED,1789018204647
2221133,3,PROCESSED,1789018204847
2221134,1,INITIATED,1789018204177
2221134,2,VALIDATED,1789018204307
2221134,3,PROCESSED,1789018204800
2221135,1,INITIATED,1789018204176
2221135,2,VALIDATED,1789018204304
2221135,3,PROCESSED,1789018204801
2221136,1,INITIATED,1789018204177
2221136,2,VALIDATED,1789018204307
2221136,3,PROCESSED,1789018204655
2221137,1,INITIATED,1789018204177
2221137,2,VALIDATED,1789018204307
2221137,3,PROCESSED,1789018204656
2221138,1,INITIATED,1789018204176
2221138,2,VALIDATED,1789018204302
2221138,3,PROCESSED,1789018204657
2221139,1,INITIATED,1789018204176
2221139,2,VALIDATED,1789018204304
2221139,3,PROCESSED,1789018204656
2221140,1,INITIATED,1789018204176
2221140,2,VALIDATED,1789018204304
2221140,3,PROCESSED,1789018204803
2221141,1,INITIATED,1789018204175
2221141,2,VALIDATED,1789018204302
2221141,3,PROCESSED,1789018204656
2221142,1,INITIATED,1789018204175
2221142,2,VALIDATED,1789018204303
2221142,3,PROCESSED,1789018204657
2221143,1,INITIATED,1789018204185
2221143,2,VALIDATED,1789018204307
2221143,3,PROCESSED,1789018204657
2221144,1,INITIATED,1789018204301
2221144,2,VALIDATED,1789018204795
2221144,3,PROCESSED,1789018204852
2221145,1,INITIATED,1789018204303
2221145,2,VALIDATED,1789018204651
2221145,3,PROCESSED,1789018204846
2221146,1,INITIATED,1789018204303
2221146,2,VALIDATED,1789018204652
2221146,3,PROCESSED,1789018204847
2221147,1,INITIATED,1789018204304
2221147,2,VALIDATED,1789018204651
2221147,3,PROCESSED,1789018204844
2221148,1,INITIATED,1789018204305
2221148,2,VALIDATED,1789018204651
2221148,3,PROCESSED,1789018204844
2221149,1,INITIATED,1789018204305
2221149,2,VALIDATED,1789018204653
2221149,3,PROCESSED,1789018204845
2221150,1,INITIATED,1789018204648
2221150,2,VALIDATED,1789018204840
2221150,3,PROCESSED,1789018204864
2221151,1,INITIATED,1789018204649
2221151,2,VALIDATED,1789018204839
2221151,3,PROCESSED,1789018204856
2221152,1,INITIATED,1789018204795
2221152,2,VALIDATED,1789018204853
2221152,3,PROCESSED,1789018204879
2221153,1,INITIATED,1789018204798
2221153,2,VALIDATED,1789018204851
2221153,3,PROCESSED,1789018204880
2221154,1,INITIATED,1789018204795
2221154,2,VALIDATED,1789018204850
2221154,3,REJECTED,1789018204865
2221155,1,INITIATED,1789018204799
2221155,2,VALIDATED,1789018204846
2221155,3,PROCESSED,1789018204867
2221156,1,INITIATED,1789018204798
2221156,2,VALIDATED,1789018204841
2221156,3,PROCESSED,1789018204857
2221157,1,INITIATED,1789018204799
2221157,2,VALIDATED,1789018204850
2221157,3,PROCESSED,1789018204869
2221158,1,INITIATED,1789018204799
2221158,2,VALIDATED,1789018204853
2221158,3,PROCESSED,1789018204890
2221159,1,INITIATED,1789018204800
2221159,2,VALIDATED,1789018204845
2221159,3,PROCESSED,1789018204867
2221160,1,INITIATED,1789018204800
2221160,2,VALIDATED,1789018204850
2221160,3,REJECTED,1789018204864
2221161,1,INITIATED,1789018204800
2221161,2,VALIDATED,1789018204844
2221161,3,REJECTED,1789018204856
2221162,1,INITIATED,1789018204800
2221162,2,VALIDATED,1789018204847
2221162,3,PROCESSED,1789018204867
2221163,1,INITIATED,1789018204799
2221163,2,VALIDATED,1789018204851
2221163,3,PROCESSED,1789018204878
2221164,1,INITIATED,1789018204801
2221164,2,VALIDATED,1789018204846
2221164,3,REJECTED,1789018204864
2221165,1,INITIATED,1789018204803
2221165,2,VALIDATED,1789018204846
2221165,3,PROCESSED,1789018204867
2221166,1,INITIATED,1789018204842
2221166,2,VALIDATED,1789018204856
2221166,3,PROCESSED,1789018204881
2221167,1,INITIATED,1789018204838
2221167,2,VALIDATED,1789018204850
2221167,3,PROCESSED,1789018204880
2221168,1,INITIATED,1789018204839
2221168,2,VALIDATED,1789018204852
2221168,3,PROCESSED,1789018204879
2221169,1,INITIATED,1789018204838
2221169,2,VALIDATED,1789018204853
2221169,3,PROCESSED,1789018204880
2221170,1,INITIATED,1789018204838
2221170,2,VALIDATED,1789018204851
2221170,3,PROCESSED,1789018204869
2221171,1,INITIATED,1789018204840
2221171,2,VALIDATED,1789018204852
2221171,3,PROCESSED,1789018204879
2221172,1,INITIATED,1789018204841
2221172,2,VALIDATED,1789018204853
2221172,3,PROCESSED,1789018204882
2221173,1,INITIATED,1789018204841
2221173,2,VALIDATED,1789018204857
2221173,3,PROCESSED,1789018204882
2221174,1,INITIATED,1789018204840
2221174,2,VALIDATED,1789018204853
2221174,3,PROCESSED,1789018204878
2221175,1,INITIATED,1789018204847
2221175,2,VALIDATED,1789018204858
2221175,3,PROCESSED,1789018204881
2221176,1,INITIATED,1789018204850
2221176,2,VALIDATED,1789018204864
2221176,3,PROCESSED,1789018204884
2221177,1,INITIATED,1789018204875
2221177,2,VALIDATED,1789018204885
2221177,3,PROCESSED,1789018204893
2221178,1,INITIATED,1789018204882
2221178,2,VALIDATED,1789018204889
2221178,3,PROCESSED,1789018204898
2221179,1,INITIATED,1789018204903
2221179,2,VALIDATED,1789018204910
2221179,3,PROCESSED,1789018204919
2221180,1,INITIATED,1789018204923
2221180,2,VALIDATED,1789018204929
2221180,3,PROCESSED,1789018205210
2221181,1,INITIATED,1789018205207
2221181,2,VALIDATED,1789018205220
2221181,3,PROCESSED,1789018205354
2221182,1,INITIATED,1789018205208
2221182,2,VALIDATED,1789018205219
2221182,3,PROCESSED,1789018205353
2221183,1,INITIATED,1789018205207
2221183,2,VALIDATED,1789018205217
2221183,3,PROCESSED,1789018205355
2221184,1,INITIATED,1789018205208
2221184,2,VALIDATED,1789018205220
2221184,3,PROCESSED,1789018205354
2221185,1,INITIATED,1789018205209
2221185,2,VALIDATED,1789018205341
2221185,3,PROCESSED,1789018205695
2221186,1,INITIATED,1789018205207
2221186,2,VALIDATED,1789018205219
2221186,3,PROCESSED,1789018205355
2221187,1,INITIATED,1789018205207
2221187,2,VALIDATED,1789018205220
2221187,3,PROCESSED,1789018205351
2221188,1,INITIATED,1789018205207
2221188,2,VALIDATED,1789018205220
2221188,3,PROCESSED,1789018205354
2221189,1,INITIATED,1789018205207
2221189,2,VALIDATED,1789018205219
2221189,3,PROCESSED,1789018205355
2221190,1,INITIATED,1789018205209
2221190,2,VALIDATED,1789018205343
2221190,3,PROCESSED,1789018205693
2221191,1,INITIATED,1789018205208
2221191,2,VALIDATED,1789018205220
2221191,3,PROCESSED,1789018205355
2221192,1,INITIATED,1789018205209
2221192,2,VALIDATED,1789018205341
2221192,3,PROCESSED,1789018205695
2221193,1,INITIATED,1789018205208
2221193,2,VALIDATED,1789018205341
2221193,3,PROCESSED,1789018205693
2221194,1,INITIATED,1789018205209
2221194,2,VALIDATED,1789018205342
2221194,3,PROCESSED,1789018205694
2221195,1,INITIATED,1789018205223
2221195,2,VALIDATED,1789018205690
2221195,3,PROCESSED,1789018205917
2221196,1,INITIATED,1789018205337
2221196,2,VALIDATED,1789018205687
2221196,3,PROCESSED,1789018205916
2221197,1,INITIATED,1789018205338
2221197,2,VALIDATED,1789018205688
2221197,3,PROCESSED,1789018205916
2221198,1,INITIATED,1789018205338
2221198,2,VALIDATED,1789018205687
2221198,3,PROCESSED,1789018205893
2221199,1,INITIATED,1789018205338
2221199,2,VALIDATED,1789018205692
2221199,3,PROCESSED,1789018205893
2221200,1,INITIATED,1789018205340
2221200,2,VALIDATED,1789018205692
2221200,3,PROCESSED,1789018205917
2221201,1,INITIATED,1789018205345
2221201,2,VALIDATED,1789018205691
2221201,3,PROCESSED,1789018205893
2221202,1,INITIATED,1789018205689
2221202,2,VALIDATED,1789018205912
2221202,3,PROCESSED,1789018206188
2221203,1,INITIATED,1789018205684
2221203,2,VALIDATED,1789018205913
2221203,3,PROCESSED,1789018205940
2221204,1,INITIATED,1789018205688
2221204,2,VALIDATED,1789018205888
2221204,3,PROCESSED,1789018205919
2221205,1,INITIATED,1789018205687
2221205,2,VALIDATED,1789018205912
2221205,3,PROCESSED,1789018205937
2221206,1,INITIATED,1789018205685
2221206,2,VALIDATED,1789018205887
2221206,3,PROCESSED,1789018205932
2221207,1,INITIATED,1789018205685
2221207,2,VALIDATED,1789018205911
2221207,3,PROCESSED,1789018205936
2221208,1,INITIATED,1789018205685
2221208,2,VALIDATED,1789018205911
2221208,3,PROCESSED,1789018206188
2221209,1,INITIATED,1789018205685
2221209,2,VALIDATED,1789018205911
2221209,3,PROCESSED,1789018205938
2221210,1,INITIATED,1789018205687
2221210,2,VALIDATED,1789018205887
2221210,3,PROCESSED,1789018205937
2221211,1,INITIATED,1789018205694
2221211,2,VALIDATED,1789018205911
2221211,3,PROCESSED,1789018205936
2221212,1,INITIATED,1789018205879
2221212,2,VALIDATED,1789018205916
2221212,3,PROCESSED,1789018205940
2221213,1,INITIATED,1789018205880
2221213,2,VALIDATED,1789018205931
2221213,3,PROCESSED,1789018206193
2221214,1,INITIATED,1789018205881
2221214,2,VALIDATED,1789018205927
2221214,3,PROCESSED,1789018206198
2221215,1,INITIATED,1789018205889
2221215,2,VALIDATED,1789018205929
2221215,3,PROCESSED,1789018206196
2221216,1,INITIATED,1789018205885
2221216,2,VALIDATED,1789018205930
2221216,3,PROCESSED,1789018206195
2221217,1,INITIATED,1789018205889
2221217,2,VALIDATED,1789018205927
2221217,3,PROCESSED,1789018206188
2221218,1,INITIATED,1789018205886
2221218,2,VALIDATED,1789018205926
2221218,3,PROCESSED,1789018206195
2221219,1,INITIATED,1789018205881
2221219,2,VALIDATED,1789018205929
2221219,3,PROCESSED,1789018206194
2221220,1,INITIATED,1789018205885
2221220,2,VALIDATED,1789018205928
2221220,3,PROCESSED,1789018206192
2221221,1,INITIATED,1789018205885
2221221,2,VALIDATED,1789018205916
2221221,3,PROCESSED,1789018205940
2221222,1,INITIATED,1789018205889
2221222,2,VALIDATED,1789018205930
2221222,3,PROCESSED,1789018206199
2221223,1,INITIATED,1789018205886
2221223,2,VALIDATED,1789018205917
2221223,3,PROCESSED,1789018205940
2221224,1,INITIATED,1789018205886
2221224,2,VALIDATED,1789018205931
2221224,3,PROCESSED,1789018206198
2221225,1,INITIATED,1789018205889
2221225,2,VALIDATED,1789018205927
2221225,3,PROCESSED,1789018206196
2221226,1,INITIATED,1789018205889
2221226,2,VALIDATED,1789018205916
2221226,3,PROCESSED,1789018205935
2221227,1,INITIATED,1789018205889
2221227,2,VALIDATED,1789018205928
2221227,3,PROCESSED,1789018206193
2221228,1,INITIATED,1789018205910
2221228,2,VALIDATED,1789018205928
2221228,3,PROCESSED,1789018206200
2221229,1,INITIATED,1789018205911
2221229,2,VALIDATED,1789018205933
2221229,3,PROCESSED,1789018206197
2221230,1,INITIATED,1789018205926
2221230,2,VALIDATED,1789018205939
2221230,3,PROCESSED,1789018206197
2221231,1,INITIATED,1789018206189
2221231,2,VALIDATED,1789018206335
2221231,3,PROCESSED,1789018206756
2221232,1,INITIATED,1789018206188
2221232,2,VALIDATED,1789018206203
2221232,3,PROCESSED,1789018206745
2221233,1,INITIATED,1789018206197
2221233,2,VALIDATED,1789018206339
2221233,3,PROCESSED,1789018206756
2221234,1,INITIATED,1789018206199
2221234,2,VALIDATED,1789018206338
2221234,3,PROCESSED,1789018206756
2221235,1,INITIATED,1789018206199
2221235,2,VALIDATED,1789018206347
2221235,3,PROCESSED,1789018206754
2221236,1,INITIATED,1789018206199
2221236,2,VALIDATED,1789018206338
2221236,3,PROCESSED,1789018206756
2221237,1,INITIATED,1789018206200
2221237,2,VALIDATED,1789018206339
2221237,3,PROCESSED,1789018206756
2221238,1,INITIATED,1789018206200
2221238,2,VALIDATED,1789018206340
2221238,3,PROCESSED,1789018206754
2221239,1,INITIATED,1789018206201
2221239,2,VALIDATED,1789018206338
2221239,3,PROCESSED,1789018206756
2221240,1,INITIATED,1789018206202
2221240,2,VALIDATED,1789018206337
2221240,3,PROCESSED,1789018206756
2221241,1,INITIATED,1789018206333
2221241,2,VALIDATED,1789018206751
2221241,3,PROCESSED,1789018207322
2221242,1,INITIATED,1789018206335
2221242,2,VALIDATED,1789018206750
2221242,3,PROCESSED,1789018206900
2221243,1,INITIATED,1789018206333
2221243,2,VALIDATED,1789018206749
2221243,3,PROCESSED,1789018206942
2221244,1,INITIATED,1789018206333
2221244,2,VALIDATED,1789018206751
2221244,3,PROCESSED,1789018207322
2221245,1,INITIATED,1789018206337
2221245,2,VALIDATED,1789018206750
2221245,3,PROCESSED,1789018207321
2221246,1,INITIATED,1789018206339
2221246,2,VALIDATED,1789018206753
2221246,3,PROCESSED,1789018206900
2221247,1,INITIATED,1789018206335
2221247,2,VALIDATED,1789018206751
2221247,3,PROCESSED,1789018206901
2221248,1,INITIATED,1789018206335
2221248,2,VALIDATED,1789018206749
2221248,3,PROCESSED,1789018207323
2221249,1,INITIATED,1789018206337
2221249,2,VALIDATED,1789018206750
2221249,3,PROCESSED,1789018207321
2221250,1,INITIATED,1789018206337
2221250,2,VALIDATED,1789018206752
2221250,3,PROCESSED,1789018207324
2221251,1,INITIATED,1789018206347
2221251,2,VALIDATED,1789018206752
2221251,3,PROCESSED,1789018206943
2221252,1,INITIATED,1789018206746
2221252,2,VALIDATED,1789018206939
2221252,3,PROCESSED,1789018207440
2221253,1,INITIATED,1789018206747
2221253,2,VALIDATED,1789018206939
2221253,3,PROCESSED,1789018207440
2221254,1,INITIATED,1789018206753
2221254,2,VALIDATED,1789018206940
2221254,3,PROCESSED,1789018207438
2221255,1,INITIATED,1789018206750
2221255,2,VALIDATED,1789018206939
2221255,3,PROCESSED,1789018207440
2221256,1,INITIATED,1789018206888
2221256,2,VALIDATED,1789018207325
2221256,3,PROCESSED,1789018207594
2221257,1,INITIATED,1789018206891
2221257,2,VALIDATED,1789018207322
2221257,3,PROCESSED,1789018207585
2221258,1,INITIATED,1789018206893
2221258,2,VALIDATED,1789018207325
2221258,3,PROCESSED,1789018207595
2221259,1,INITIATED,1789018206893
2221259,2,VALIDATED,1789018207326
2221259,3,PROCESSED,1789018207585
2221260,1,INITIATED,1789018206893
2221260,2,VALIDATED,1789018207322
2221260,3,REJECTED,1789018207582
2221261,1,INITIATED,1789018206893
2221261,2,VALIDATED,1789018207323
2221261,3,REJECTED,1789018207580
2221262,1,INITIATED,1789018206894
2221262,2,VALIDATED,1789018207325
2221262,3,PROCESSED,1789018207593
2221263,1,INITIATED,1789018206894
2221263,2,VALIDATED,1789018207324
2221263,3,REJECTED,1789018207581
2221264,1,INITIATED,1789018206894
2221264,2,VALIDATED,1789018207323
2221264,3,PROCESSED,1789018207591
2221265,1,INITIATED,1789018206894
2221265,2,VALIDATED,1789018207321
2221265,3,PROCESSED,1789018207585
2221266,1,INITIATED,1789018206894
2221266,2,VALIDATED,1789018207433
2221266,3,PROCESSED,1789018207660
2221267,1,INITIATED,1789018206894
2221267,2,VALIDATED,1789018207324
2221267,3,PROCESSED,1789018207593
2221268,1,INITIATED,1789018206896
2221268,2,VALIDATED,1789018207435
2221268,3,PROCESSED,1789018207599
2221269,1,INITIATED,1789018206896
2221269,2,VALIDATED,1789018207324
2221269,3,REJECTED,1789018207582
2221270,1,INITIATED,1789018206895
2221270,2,VALIDATED,1789018207325
2221270,3,PROCESSED,1789018207585
2221271,1,INITIATED,1789018206895
2221271,2,VALIDATED,1789018206943
2221271,3,PROCESSED,1789018207597
2221272,1,INITIATED,1789018206895
2221272,2,VALIDATED,1789018207323
2221272,3,PROCESSED,1789018207579
2221273,1,INITIATED,1789018206895
2221273,2,VALIDATED,1789018207433
2221273,3,PROCESSED,1789018207661
2221274,1,INITIATED,1789018206896
2221274,2,VALIDATED,1789018207324
2221274,3,PROCESSED,1789018207595
2221275,1,INITIATED,1789018206896
2221275,2,VALIDATED,1789018207325
2221275,3,PROCESSED,1789018207586
2221276,1,INITIATED,1789018206896
2221276,2,VALIDATED,1789018207328
2221276,3,PROCESSED,1789018207596
2221277,1,INITIATED,1789018206896
2221277,2,VALIDATED,1789018207324
2221277,3,PROCESSED,1789018207595
2221278,1,INITIATED,1789018206897
2221278,2,VALIDATED,1789018207321
2221278,3,PROCESSED,1789018207594
2221279,1,INITIATED,1789018206938
2221279,2,VALIDATED,1789018207434
2221279,3,PROCESSED,1789018207600
2221280,1,INITIATED,1789018206939
2221280,2,VALIDATED,1789018207434
2221280,3,PROCESSED,1789018207660
2221281,1,INITIATED,1789018206943
2221281,2,VALIDATED,1789018207579
2221281,3,PROCESSED,1789018207661
2221282,1,INITIATED,1789018207433
2221282,2,VALIDATED,1789018207658
2221282,3,PROCESSED,1789018207678
2221283,1,INITIATED,1789018207431
2221283,2,VALIDATED,1789018207597
2221283,3,PROCESSED,1789018207673
2221284,1,INITIATED,1789018207432
2221284,2,VALIDATED,1789018207582
2221284,3,PROCESSED,1789018207603
2221285,1,INITIATED,1789018207433
2221285,2,VALIDATED,1789018207659
2221285,3,PROCESSED,1789018207679
2221286,1,INITIATED,1789018207433
2221286,2,VALIDATED,1789018207598
2221286,3,PROCESSED,1789018207662
2221287,1,INITIATED,1789018207433
2221287,2,VALIDATED,1789018207656
2221287,3,PROCESSED,1789018207676
2221288,1,INITIATED,1789018207437
2221288,2,VALIDATED,1789018207600
2221288,3,PROCESSED,1789018207678
2221289,1,INITIATED,1789018207438
2221289,2,VALIDATED,1789018207600
2221289,3,PROCESSED,1789018207677
2221290,1,INITIATED,1789018207438
2221290,2,VALIDATED,1789018207658
2221290,3,PROCESSED,1789018207678
2221291,1,INITIATED,1789018207435
2221291,2,VALIDATED,1789018207596
2221291,3,PROCESSED,1789018207675
2221292,1,INITIATED,1789018207438
2221292,2,VALIDATED,1789018207597
2221292,3,PROCESSED,1789018207675
2221293,1,INITIATED,1789018207438
2221293,2,VALIDATED,1789018207657
2221293,3,PROCESSED,1789018207679
2221294,1,INITIATED,1789018207435
2221294,2,VALIDATED,1789018207661
2221294,3,PROCESSED,1789018207679
2221295,1,INITIATED,1789018207438
2221295,2,VALIDATED,1789018207578
2221295,3,PROCESSED,1789018207660
2221296,1,INITIATED,1789018207438
2221296,2,VALIDATED,1789018207594
2221296,3,PROCESSED,1789018207673
2221297,1,INITIATED,1789018207439
2221297,2,VALIDATED,1789018207583
2221297,3,PROCESSED,1789018207661
2221298,1,INITIATED,1789018207440
2221298,2,VALIDATED,1789018207600
2221298,3,PROCESSED,1789018207663
2221299,1,INITIATED,1789018207439
2221299,2,VALIDATED,1789018207590
2221299,3,PROCESSED,1789018207676
2221300,1,INITIATED,1789018207439
2221300,2,VALIDATED,1789018207599
2221300,3,PROCESSED,1789018207662
2221301,1,INITIATED,1789018207445
2221301,2,VALIDATED,1789018207658
2221301,3,PROCESSED,1789018207679
2221302,1,INITIATED,1789018207576
2221302,2,VALIDATED,1789018207658
2221302,3,PROCESSED,1789018207679
2221303,1,INITIATED,1789018207577
2221303,2,VALIDATED,1789018207659
2221303,3,PROCESSED,1789018207678
2221304,1,INITIATED,1789018207580
2221304,2,VALIDATED,1789018207599
2221304,3,PROCESSED,1789018207661
2221305,1,INITIATED,1789018207576
2221305,2,VALIDATED,1789018207598
2221305,3,PROCESSED,1789018207674
2221306,1,INITIATED,1789018207581
2221306,2,VALIDATED,1789018207657
2221306,3,PROCESSED,1789018207676
2221307,1,INITIATED,1789018207655
2221307,2,VALIDATED,1789018207677
2221307,3,PROCESSED,1789018207687
2221308,1,INITIATED,1789018207665
2221308,2,VALIDATED,1789018207675
2221308,3,PROCESSED,1789018207686
2221309,1,INITIATED,1789018207656
2221309,2,VALIDATED,1789018207673
2221309,3,PROCESSED,1789018207685
2221310,1,INITIATED,1789018207656
2221310,2,VALIDATED,1789018207677
2221310,3,PROCESSED,1789018207686
2221311,1,INITIATED,1789018207656
2221311,2,VALIDATED,1789018207676
2221311,3,PROCESSED,1789018207687
2221312,1,INITIATED,1789018207658
2221312,2,VALIDATED,1789018207671
2221312,3,PROCESSED,1789018207683
2221313,1,INITIATED,1789018207656
2221313,2,VALIDATED,1789018207672
2221313,3,PROCESSED,1789018207685
2221314,1,INITIATED,1789018207656
2221314,2,VALIDATED,1789018207676
2221314,3,PROCESSED,1789018207686
2221315,1,INITIATED,1789018207657
2221315,2,VALIDATED,1789018207670
2221315,3,PROCESSED,1789018207682
2221316,1,INITIATED,1789018207659
2221316,2,VALIDATED,1789018207671
2221316,3,PROCESSED,1789018207685
2221317,1,INITIATED,1789018207668
2221317,2,VALIDATED,1789018207677
2221317,3,PROCESSED,1789018207686
2221318,1,INITIATED,1789018207681
2221318,2,VALIDATED,1789018207690
2221318,3,PROCESSED,1789018207698
2221319,1,INITIATED,1789018207702
2221319,2,VALIDATED,1789018207709
2221319,3,PROCESSED,1789018207718
2221320,1,INITIATED,1789018207722
2221320,2,VALIDATED,1789018207729
2221320,3,PROCESSED,1789018207741
2221321,1,INITIATED,1789018207742
2221321,2,VALIDATED,1789018207752
2221321,3,PROCESSED,1789018207761
2221322,1,INITIATED,1789018207762
2221322,2,VALIDATED,1789018207768
2221322,3,PROCESSED,1789018207777
2221323,1,INITIATED,1789018207781
2221323,2,VALIDATED,1789018207789
2221323,3,PROCESSED,1789018207800
2221324,1,INITIATED,1789018207801
2221324,2,VALIDATED,1789018207811
2221324,3,PROCESSED,1789018207818
2221325,1,INITIATED,1789018207822
2221325,2,VALIDATED,1789018207827
2221325,3,PROCESSED,1789018207834
2221326,1,INITIATED,1789018207842
2221326,2,VALIDATED,1789018207847
2221326,3,PROCESSED,1789018207853
2221327,1,INITIATED,1789018207861
2221327,2,VALIDATED,1789018207867
2221327,3,PROCESSED,1789018207873
2221328,1,INITIATED,1789018207881
2221328,2,VALIDATED,1789018207889
2221328,3,PROCESSED,1789018207896
2221329,1,INITIATED,1789018207901
2221329,2,VALIDATED,1789018207906
2221329,3,PROCESSED,1789018207912
2221330,1,INITIATED,1789018207921
2221330,2,VALIDATED,1789018207927
2221330,3,PROCESSED,1789018207935
2221331,1,INITIATED,1789018208095
2221331,2,VALIDATED,1789018208112
2221331,3,PROCESSED,1789018208234
2221332,1,INITIATED,1789018208095
2221332,2,VALIDATED,1789018208111
2221332,3,PROCESSED,1789018208234
2221333,1,INITIATED,1789018208094
2221333,2,VALIDATED,1789018208111
2221333,3,PROCESSED,1789018208233
2221334,1,INITIATED,1789018208105
2221334,2,VALIDATED,1789018208231
2221334,3,PROCESSED,1789018208242
2221335,1,INITIATED,1789018208095
2221335,2,VALIDATED,1789018208111
2221335,3,PROCESSED,1789018208234
2221336,1,INITIATED,1789018208095
2221336,2,VALIDATED,1789018208112
2221336,3,PROCESSED,1789018208234
2221337,1,INITIATED,1789018208094
2221337,2,VALIDATED,1789018208111
2221337,3,PROCESSED,1789018208234
2221338,1,INITIATED,1789018208095
2221338,2,VALIDATED,1789018208111
2221338,3,PROCESSED,1789018208234
2221339,1,INITIATED,1789018208102
2221339,2,VALIDATED,1789018208228
2221339,3,PROCESSED,1789018208237
2221340,1,INITIATED,1789018208122
2221340,2,VALIDATED,1789018208231
2221340,3,PROCESSED,1789018208242
2221341,1,INITIATED,1789018208142
2221341,2,VALIDATED,1789018208232
2221341,3,PROCESSED,1789018208242
2221342,1,INITIATED,1789018208161
2221342,2,VALIDATED,1789018208231
2221342,3,PROCESSED,1789018208242
2221343,1,INITIATED,1789018208182
2221343,2,VALIDATED,1789018208231
2221343,3,PROCESSED,1789018208242
2221344,1,INITIATED,1789018208202
2221344,2,VALIDATED,1789018208232
2221344,3,PROCESSED,1789018208242
2221345,1,INITIATED,1789018208221
2221345,2,VALIDATED,1789018208231
2221345,3,PROCESSED,1789018208242
2221346,1,INITIATED,1789018208242
2221346,2,VALIDATED,1789018208248
2221346,3,PROCESSED,1789018208254
2221347,1,INITIATED,1789018208261
2221347,2,VALIDATED,1789018208270
2221347,3,PROCESSED,1789018208278
2221348,1,INITIATED,1789018208281
2221348,2,VALIDATED,1789018208287
2221348,3,PROCESSED,1789018208294
2221349,1,INITIATED,1789018208302
2221349,2,VALIDATED,1789018208309
2221349,3,PROCESSED,1789018208316
2221350,1,INITIATED,1789018208322
2221350,2,VALIDATED,1789018208328
2221350,3,PROCESSED,1789018208336
2221351,1,INITIATED,1789018208342
2221351,2,VALIDATED,1789018208346
2221351,3,PROCESSED,1789018208352
2221352,1,INITIATED,1789018208361
2221352,2,VALIDATED,1789018208366
2221352,3,PROCESSED,1789018208373
2221353,1,INITIATED,1789018208381
2221353,2,VALIDATED,1789018208385
2221353,3,PROCESSED,1789018208394
2221354,1,INITIATED,1789018208402
2221354,2,VALIDATED,1789018208408
2221354,3,PROCESSED,1789018208415
2221355,1,INITIATED,1789018208422
2221355,2,VALIDATED,1789018208786
2221355,3,PROCESSED,1789018208935
2221356,1,INITIATED,1789018208448
2221356,2,VALIDATED,1789018208793
2221356,3,PROCESSED,1789018208953
2221357,1,INITIATED,1789018208784
2221357,2,VALIDATED,1789018208818
2221357,3,PROCESSED,1789018209657
2221358,1,INITIATED,1789018208786
2221358,2,VALIDATED,1789018208820
2221358,3,PROCESSED,1789018209659
2221359,1,INITIATED,1789018208785
2221359,2,VALIDATED,1789018208820
2221359,3,PROCESSED,1789018209659
2221360,1,INITIATED,1789018208785
2221360,2,VALIDATED,1789018208818
2221360,3,REJECTED,1789018209653
2221361,1,INITIATED,1789018208787
2221361,2,VALIDATED,1789018208820
2221361,3,REJECTED,1789018209654
2221362,1,INITIATED,1789018208786
2221362,2,VALIDATED,1789018208817
2221362,3,REJECTED,1789018209650
2221363,1,INITIATED,1789018208784
2221363,2,VALIDATED,1789018208819
2221363,3,REJECTED,1789018209652
2221364,1,INITIATED,1789018208784
2221364,2,VALIDATED,1789018208818
2221364,3,PROCESSED,1789018209656
2221365,1,INITIATED,1789018208785
2221365,2,VALIDATED,1789018208819
2221365,3,PROCESSED,1789018209657
2221366,1,INITIATED,1789018208786
2221366,2,VALIDATED,1789018208818
2221366,3,PROCESSED,1789018209659
2221367,1,INITIATED,1789018208786
2221367,2,VALIDATED,1789018208819
2221367,3,PROCESSED,1789018209656
2221368,1,INITIATED,1789018208786
2221368,2,VALIDATED,1789018208819
2221368,3,PROCESSED,1789018209658
2221369,1,INITIATED,1789018208786
2221369,2,VALIDATED,1789018208819
2221369,3,PROCESSED,1789018209659
2221370,1,INITIATED,1789018208787
2221370,2,VALIDATED,1789018208820
2221370,3,PROCESSED,1789018209658
2221371,1,INITIATED,1789018208785
2221371,2,VALIDATED,1789018208819
2221371,3,PROCESSED,1789018209658
2221372,1,INITIATED,1789018208787
2221372,2,VALIDATED,1789018208817
2221372,3,PROCESSED,1789018209657
2221373,1,INITIATED,1789018208787
2221373,2,VALIDATED,1789018208819
2221373,3,PROCESSED,1789018209659
2221374,1,INITIATED,1789018208813
2221374,2,VALIDATED,1789018209652
2221374,3,PROCESSED,1789018211151
2221375,1,INITIATED,1789018208934
2221375,2,VALIDATED,1789018209653
2221375,3,PROCESSED,1789018211151
2221376,1,INITIATED,1789018208935
2221376,2,VALIDATED,1789018209655
2221376,3,PROCESSED,1789018211706
2221377,1,INITIATED,1789018208935
2221377,2,VALIDATED,1789018209653
2221377,3,PROCESSED,1789018211151
2221378,1,INITIATED,1789018208935
2221378,2,VALIDATED,1789018209654
2221378,3,PROCESSED,1789018211168
2221379,1,INITIATED,1789018208934
2221379,2,VALIDATED,1789018209651
2221379,3,PROCESSED,1789018211168
2221380,1,INITIATED,1789018208934
2221380,2,VALIDATED,1789018209655
2221380,3,PROCESSED,1789018211151
2221381,1,INITIATED,1789018208953
2221381,2,VALIDATED,1789018209654
2221381,3,PROCESSED,1789018211151
2221382,1,INITIATED,1789018209650
2221382,2,VALIDATED,1789018211146
2221382,3,PROCESSED,1789018213537
2221383,1,INITIATED,1789018209655
2221383,2,VALIDATED,1789018211145
2221383,3,PROCESSED,1789018214767
2221384,1,INITIATED,1789018209655
2221384,2,VALIDATED,1789018211147
2221384,3,PROCESSED,1789018213537
2221385,1,INITIATED,1789018209651
2221385,2,VALIDATED,1789018211147
2221385,3,PROCESSED,1789018213536
2221386,1,INITIATED,1789018209655
2221386,2,VALIDATED,1789018211166
2221386,3,PROCESSED,1789018214781
2221387,1,INITIATED,1789018209655
2221387,2,VALIDATED,1789018211166
2221387,3,PROCESSED,1789018214769
2221388,1,INITIATED,1789018210154
2221388,2,VALIDATED,1789018211873
2221388,3,PROCESSED,1789018213128
2221389,1,INITIATED,1789018210154
2221389,2,VALIDATED,1789018213533
2221389,3,PROCESSED,1789018217251
2221390,1,INITIATED,1789018210153
2221390,2,VALIDATED,1789018211870
2221390,3,PROCESSED,1789018215229
2221391,1,INITIATED,1789018210153
2221391,2,VALIDATED,1789018211704
2221391,3,PROCESSED,1789018214780
2221392,1,INITIATED,1789018210154
2221392,2,VALIDATED,1789018211703
2221392,3,PROCESSED,1789018214781
2221393,1,INITIATED,1789018210154
2221393,2,VALIDATED,1789018211877
2221393,3,PROCESSED,1789018219567
2221394,1,INITIATED,1789018210154
2221394,2,VALIDATED,1789018211702
2221394,3,PROCESSED,1789018217251
2221395,1,INITIATED,1789018210154
2221395,2,VALIDATED,1789018211701
2221395,3,PROCESSED,1789018214781
2221396,1,INITIATED,1789018210156
2221396,2,VALIDATED,1789018211704
2221396,3,PROCESSED,1789018214781
2221397,1,INITIATED,1789018210156
2221397,2,VALIDATED,1789018211876
2221397,3,PROCESSED,1789018215229
2221398,1,INITIATED,1789018210159
2221398,2,VALIDATED,1789018211704
2221398,3,PROCESSED,1789018214781
2221399,1,INITIATED,1789018210157
2221399,2,VALIDATED,1789018211705
2221399,3,PROCESSED,1789018214780
2221400,1,INITIATED,1789018210156
2221400,2,VALIDATED,1789018211705
2221400,3,PROCESSED,1789018214774
2221401,1,INITIATED,1789018210157
2221401,2,VALIDATED,1789018211704
2221401,3,PROCESSED,1789018218722
2221402,1,INITIATED,1789018210157
2221402,2,VALIDATED,1789018213533
2221402,3,PROCESSED,1789018217251
2221403,1,INITIATED,1789018210159
2221403,2,VALIDATED,1789018211878
2221403,3,PROCESSED,1789018213536
2221404,1,INITIATED,1789018210157
2221404,2,VALIDATED,1789018211706
2221404,3,PROCESSED,1789018214771
2221405,1,INITIATED,1789018210156
2221405,2,VALIDATED,1789018211703
2221405,3,PROCESSED,1789018214780
2221406,1,INITIATED,1789018210155
2221406,2,VALIDATED,1789018211147
2221406,3,PROCESSED,1789018213536
2221407,1,INITIATED,1789018210156
2221407,2,VALIDATED,1789018211877
2221407,3,PROCESSED,1789018216242
2221408,1,INITIATED,1789018210157
2221408,2,VALIDATED,1789018213533
2221408,3,PROCESSED,1789018217250
2221409,1,INITIATED,1789018210160
2221409,2,VALIDATED,1789018211877
2221409,3,PROCESSED,1789018216236
2221410,1,INITIATED,1789018210160
2221410,2,VALIDATED,1789018211874
2221410,3,PROCESSED,1789018213127
2221411,1,INITIATED,1789018210157
2221411,2,VALIDATED,1789018211702
2221411,3,PROCESSED,1789018217251
2221412,1,INITIATED,1789018210157
2221412,2,VALIDATED,1789018213533
2221412,3,PROCESSED,1789018217252
2221413,1,INITIATED,1789018210160
2221413,2,VALIDATED,1789018211870
2221413,3,PROCESSED,1789018214774
2221414,1,INITIATED,1789018210156
2221414,2,VALIDATED,1789018211876
2221414,3,PROCESSED,1789018215228
2221415,1,INITIATED,1789018210160
2221415,2,VALIDATED,1789018211703
2221415,3,PROCESSED,1789018213119
2221416,1,INITIATED,1789018210159
2221416,2,VALIDATED,1789018211701
2221416,3,PROCESSED,1789018214781
2221417,1,INITIATED,1789018210161
2221417,2,VALIDATED,1789018211873
2221417,3,PROCESSED,1789018215230
2221418,1,INITIATED,1789018210160
2221418,2,VALIDATED,1789018211876
2221418,3,PROCESSED,1789018215229
2221419,1,INITIATED,1789018210189
2221419,2,VALIDATED,1789018211876
2221419,3,PROCESSED,1789018215226
2221420,1,INITIATED,1789018210316
2221420,2,VALIDATED,1789018213128
2221420,3,PROCESSED,1789018219468
2221421,1,INITIATED,1789018210316
2221421,2,VALIDATED,1789018213158
2221421,3,PROCESSED,1789018217252
2221422,1,INITIATED,1789018210316
2221422,2,VALIDATED,1789018213158
2221422,3,PROCESSED,1789018217252
2221423,1,INITIATED,1789018210316
2221423,2,VALIDATED,1789018213128
2221423,3,PROCESSED,1789018217247
2221424,1,INITIATED,1789018210316
2221424,2,VALIDATED,1789018213127
2221424,3,PROCESSED,1789018219595
2221425,1,INITIATED,1789018210316
2221425,2,VALIDATED,1789018213683
2221425,3,PROCESSED,1789018217713
2221426,1,INITIATED,1789018211148
2221426,2,VALIDATED,1789018213159
2221426,3,PROCESSED,1789018217253
2221427,1,INITIATED,1789018211148
2221427,2,VALIDATED,1789018216386
2221427,3,PROCESSED,1789018219514
2221428,1,INITIATED,1789018211146
2221428,2,VALIDATED,1789018213534
2221428,3,PROCESSED,1789018214791
2221429,1,INITIATED,1789018211144
2221429,2,VALIDATED,1789018213122
2221429,3,PROCESSED,1789018217244
2221430,1,INITIATED,1789018211147
2221430,2,VALIDATED,1789018213533
2221430,3,PROCESSED,1789018219773
2221431,1,INITIATED,1789018211148
2221431,2,VALIDATED,1789018213683
2221431,3,PROCESSED,1789018219514
2221432,1,INITIATED,1789018211147
2221432,2,VALIDATED,1789018213683
2221432,3,PROCESSED,1789018217697
2221433,1,INITIATED,1789018211148
2221433,2,VALIDATED,1789018213534
2221433,3,PROCESSED,1789018217249
2221434,1,INITIATED,1789018211146
2221434,2,VALIDATED,1789018213533
2221434,3,PROCESSED,1789018217252
2221435,1,INITIATED,1789018211147
2221435,2,VALIDATED,1789018213533
2221435,3,PROCESSED,1789018217253
2221436,1,INITIATED,1789018211148
2221436,2,VALIDATED,1789018211702
2221436,3,PROCESSED,1789018213128
2221437,1,INITIATED,1789018211146
2221437,2,VALIDATED,1789018213533
2221437,3,PROCESSED,1789018217252
2221438,1,INITIATED,1789018211147
2221438,2,VALIDATED,1789018211704
2221438,3,PROCESSED,1789018214781
2221439,1,INITIATED,1789018211146
2221439,2,VALIDATED,1789018211705
2221439,3,PROCESSED,1789018213128
2221440,1,INITIATED,1789018211148
2221440,2,VALIDATED,1789018211704
2221440,3,PROCESSED,1789018214780
2221441,1,INITIATED,1789018211147
2221441,2,VALIDATED,1789018213533
2221441,3,PROCESSED,1789018217251
2221442,1,INITIATED,1789018211165
2221442,2,VALIDATED,1789018214769
2221442,3,PROCESSED,1789018218724
2221443,1,INITIATED,1789018211165
2221443,2,VALIDATED,1789018214767
2221443,3,PROCESSED,1789018218724
2221444,1,INITIATED,1789018211704
2221444,2,VALIDATED,1789018214766
2221444,3,PROCESSED,1789018219224
2221445,1,INITIATED,1789018211705
2221445,2,VALIDATED,1789018217247
2221445,3,PROCESSED,1789018219698
2221446,1,INITIATED,1789018211706
2221446,2,VALIDATED,1789018214766
2221446,3,PROCESSED,1789018218724
2221447,1,INITIATED,1789018211705
2221447,2,VALIDATED,1789018214766
2221447,3,PROCESSED,1789018215228
2221448,1,INITIATED,1789018211706
2221448,2,VALIDATED,1789018214767
2221448,3,PROCESSED,1789018218724
2221449,1,INITIATED,1789018211705
2221449,2,VALIDATED,1789018214768
2221449,3,PROCESSED,1789018218724
2221450,1,INITIATED,1789018211874
2221450,2,VALIDATED,1789018215224
2221450,3,PROCESSED,1789018219713
2221451,1,INITIATED,1789018211874
2221451,2,VALIDATED,1789018215221
2221451,3,PROCESSED,1789018219576
2221452,1,INITIATED,1789018211874
2221452,2,VALIDATED,1789018215225
2221452,3,REJECTED,1789018219224
2221453,1,INITIATED,1789018211877
2221453,2,VALIDATED,1789018218718
2221453,3,PROCESSED,1789018219675
2221454,1,INITIATED,1789018211878
2221454,2,VALIDATED,1789018216236
2221454,3,PROCESSED,1789018219468
2221455,1,INITIATED,1789018211876
2221455,2,VALIDATED,1789018215218
2221455,3,PROCESSED,1789018219566
2221456,1,INITIATED,1789018211878
2221456,2,VALIDATED,1789018219374
2221456,3,PROCESSED,1789018219698
2221457,1,INITIATED,1789018211878
2221457,2,VALIDATED,1789018216384
2221457,3,REJECTED,1789018219635
2221458,1,INITIATED,1789018211876
2221458,2,VALIDATED,1789018213121
2221458,3,PROCESSED,1789018216236
2221459,1,INITIATED,1789018211878
2221459,2,VALIDATED,1789018213159
2221459,3,PROCESSED,1789018219468
2221460,1,INITIATED,1789018211878
2221460,2,VALIDATED,1789018216386
2221460,3,REJECTED,1789018217690
2221461,1,INITIATED,1789018211878
2221461,2,VALIDATED,1789018216235
2221461,3,PROCESSED,1789018219467
2221462,1,INITIATED,1789018211878
2221462,2,VALIDATED,1789018219375
2221462,3,PROCESSED,1789018219695
2221463,1,INITIATED,1789018211878
2221463,2,VALIDATED,1789018215549
2221463,3,PROCESSED,1789018219378
2221464,1,INITIATED,1789018213119
2221464,2,VALIDATED,1789018216237
2221464,3,PROCESSED,1789018219732
2221465,1,INITIATED,1789018213120
2221465,2,VALIDATED,1789018216382
2221465,3,PROCESSED,1789018219514
2221466,1,INITIATED,1789018213123
2221466,2,VALIDATED,1789018216385
2221466,3,PROCESSED,1789018217714
2221467,1,INITIATED,1789018213122
2221467,2,VALIDATED,1789018219374
2221467,3,PROCESSED,1789018219684
2221468,1,INITIATED,1789018213124
2221468,2,VALIDATED,1789018219376
2221468,3,PROCESSED,1789018219697
2221469,1,INITIATED,1789018213120
2221469,2,VALIDATED,1789018219591
2221469,3,PROCESSED,1789018219794
2221470,1,INITIATED,1789018213123
2221470,2,VALIDATED,1789018213534
2221470,3,PROCESSED,1789018219514
2221471,1,INITIATED,1789018213124
2221471,2,VALIDATED,1789018219464
2221471,3,PROCESSED,1789018219713
2221472,1,INITIATED,1789018213123
2221472,2,VALIDATED,1789018219593
2221472,3,PROCESSED,1789018219677
2221473,1,INITIATED,1789018213121
2221473,2,VALIDATED,1789018219373
2221473,3,PROCESSED,1789018219697
2221474,1,INITIATED,1789018213122
2221474,2,VALIDATED,1789018219593
2221474,3,PROCESSED,1789018219793
2221475,1,INITIATED,1789018213120
2221475,2,VALIDATED,1789018216236
2221475,3,PROCESSED,1789018219468
2221476,1,INITIATED,1789018213122
2221476,2,VALIDATED,1789018216233
2221476,3,PROCESSED,1789018219513
2221477,1,INITIATED,1789018213156
2221477,2,VALIDATED,1789018217243
2221477,3,PROCESSED,1789018219566
2221478,1,INITIATED,1789018213156
2221478,2,VALIDATED,1789018217248
2221478,3,PROCESSED,1789018219545
2221479,1,INITIATED,1789018213156
2221479,2,VALIDATED,1789018217249
2221479,3,PROCESSED,1789018219537
2221480,1,INITIATED,1789018213156
2221480,2,VALIDATED,1789018214766
2221480,3,PROCESSED,1789018218723
2221481,1,INITIATED,1789018213156
2221481,2,VALIDATED,1789018217244
2221481,3,PROCESSED,1789018219822
2221482,1,INITIATED,1789018213157
2221482,2,VALIDATED,1789018217687
2221482,3,PROCESSED,1789018219231
2221483,1,INITIATED,1789018213157
2221483,2,VALIDATED,1789018217246
2221483,3,PROCESSED,1789018219697
2221484,1,INITIATED,1789018213157
2221484,2,VALIDATED,1789018217246
2221484,3,PROCESSED,1789018219565
2221485,1,INITIATED,1789018213158
2221485,2,VALIDATED,1789018217245
2221485,3,PROCESSED,1789018219567
2221486,1,INITIATED,1789018213158
2221486,2,VALIDATED,1789018214771
2221486,3,PROCESSED,1789018218724
2221487,1,INITIATED,1789018213158
2221487,2,VALIDATED,1789018217247
2221487,3,PROCESSED,1789018219540
2221488,1,INITIATED,1789018213562
2221488,2,VALIDATED,1789018217693
2221488,3,PROCESSED,1789018219230
2221489,1,INITIATED,1789018213562
2221489,2,VALIDATED,1789018217691
2221489,3,PROCESSED,1789018219230
2221490,1,INITIATED,1789018213685
2221490,2,VALIDATED,1789018217694
2221490,3,PROCESSED,1789018219228
2221491,1,INITIATED,1789018213685
2221491,2,VALIDATED,1789018218720
2221491,3,PROCESSED,1789018219468
2221492,1,INITIATED,1789018213685
2221492,2,VALIDATED,1789018218719
2221492,3,PROCESSED,1789018219643
2221493,1,INITIATED,1789018213685
2221493,2,VALIDATED,1789018219511
2221493,3,PROCESSED,1789018219594
2221494,1,INITIATED,1789018213686
2221494,2,VALIDATED,1789018218716
2221494,3,PROCESSED,1789018219468
2221495,1,INITIATED,1789018214768
2221495,2,VALIDATED,1789018218719
2221495,3,REJECTED,1789018219629
2221496,1,INITIATED,1789018214768
2221496,2,VALIDATED,1789018218719
2221496,3,PROCESSED,1789018219733
2221497,1,INITIATED,1789018214765
2221497,2,VALIDATED,1789018218719
2221497,3,PROCESSED,1789018219467
2221498,1,INITIATED,1789018214780
2221498,2,VALIDATED,1789018219224
2221498,3,PROCESSED,1789018219794
2221499,1,INITIATED,1789018214780
2221499,2,VALIDATED,1789018219216
2221499,3,PROCESSED,1789018219676
2221500,1,INITIATED,1789018215221
2221500,2,VALIDATED,1789018219691
2221500,3,PROCESSED,1789018219857
2221501,1,INITIATED,1789018215222
2221501,2,VALIDATED,1789018219592
2221501,3,PROCESSED,1789018219677
2221502,1,INITIATED,1789018215225
2221502,2,VALIDATED,1789018219563
2221502,3,PROCESSED,1789018219774
2221503,1,INITIATED,1789018215225
2221503,2,VALIDATED,1789018219564
2221503,3,PROCESSED,1789018219774
2221504,1,INITIATED,1789018215226
2221504,2,VALIDATED,1789018219227
2221504,3,PROCESSED,1789018219658
2221505,1,INITIATED,1789018215227
2221505,2,VALIDATED,1789018219693
2221505,3,PROCESSED,1789018219857
2221506,1,INITIATED,1789018215226
2221506,2,VALIDATED,1789018219591
2221506,3,PROCESSED,1789018219795
2221507,1,INITIATED,1789018215546
2221507,2,VALIDATED,1789018219373
2221507,3,PROCESSED,1789018219532
2221508,1,INITIATED,1789018216235
2221508,2,VALIDATED,1789018216404
2221508,3,PROCESSED,1789018217697
2221509,1,INITIATED,1789018216239
2221509,2,VALIDATED,1789018219462
2221509,3,PROCESSED,1789018219567
2221510,1,INITIATED,1789018216241
2221510,2,VALIDATED,1789018219461
2221510,3,PROCESSED,1789018219712
2221511,1,INITIATED,1789018216238
2221511,2,VALIDATED,1789018219466
2221511,3,PROCESSED,1789018219567
2221512,1,INITIATED,1789018215545
2221512,2,VALIDATED,1789018219374
2221512,3,PROCESSED,1789018219824
2221513,1,INITIATED,1789018216239
2221513,2,VALIDATED,1789018219630
2221513,3,PROCESSED,1789018219682
2221514,1,INITIATED,1789018216237
2221514,2,VALIDATED,1789018219462
2221514,3,PROCESSED,1789018219856
2221515,1,INITIATED,1789018216236
2221515,2,VALIDATED,1789018219375
2221515,3,PROCESSED,1789018219567
2221516,1,INITIATED,1789018216235
2221516,2,VALIDATED,1789018216404
2221516,3,PROCESSED,1789018217697
2221517,1,INITIATED,1789018215545
2221517,2,VALIDATED,1789018219374
2221517,3,PROCESSED,1789018219567
2221518,1,INITIATED,1789018216238
2221518,2,VALIDATED,1789018219465
2221518,3,PROCESSED,1789018219713
2221519,1,INITIATED,1789018216237
2221519,2,VALIDATED,1789018219465
2221519,3,PROCESSED,1789018219713
2221520,1,INITIATED,1789018216238
2221520,2,VALIDATED,1789018217246
2221520,3,PROCESSED,1789018219696
2221521,1,INITIATED,1789018216240
2221521,2,VALIDATED,1789018217244
2221521,3,PROCESSED,1789018219567
2221522,1,INITIATED,1789018216236
2221522,2,VALIDATED,1789018219465
2221522,3,PROCESSED,1789018219714
2221523,1,INITIATED,1789018216239
2221523,2,VALIDATED,1789018216405
2221523,3,PROCESSED,1789018217697
2221524,1,INITIATED,1789018216240
2221524,2,VALIDATED,1789018216404
2221524,3,PROCESSED,1789018219514
2221525,1,INITIATED,1789018216241
2221525,2,VALIDATED,1789018219400
2221525,3,PROCESSED,1789018219567
2221526,1,INITIATED,1789018216234
2221526,2,VALIDATED,1789018219466
2221526,3,PROCESSED,1789018219566
2221527,1,INITIATED,1789018216240
2221527,2,VALIDATED,1789018219630
2221527,3,PROCESSED,1789018219824
2221528,1,INITIATED,1789018216240
2221528,2,VALIDATED,1789018219464
2221528,3,PROCESSED,1789018219713
2221529,1,INITIATED,1789018216237
2221529,2,VALIDATED,1789018219464
2221529,3,PROCESSED,1789018219565
2221530,1,INITIATED,1789018216240
2221530,2,VALIDATED,1789018216405
2221530,3,PROCESSED,1789018217696
2221531,1,INITIATED,1789018216238
2221531,2,VALIDATED,1789018219462
2221531,3,PROCESSED,1789018219566
2221532,1,INITIATED,1789018216240
2221532,2,VALIDATED,1789018219464
2221532,3,PROCESSED,1789018219714
2221533,1,INITIATED,1789018216237
2221533,2,VALIDATED,1789018219465
2221533,3,PROCESSED,1789018219712
2221534,1,INITIATED,1789018216379
2221534,2,VALIDATED,1789018219466
2221534,3,PROCESSED,1789018219857
2221535,1,INITIATED,1789018216380
2221535,2,VALIDATED,1789018219633
2221535,3,PROCESSED,1789018219698
2221536,1,INITIATED,1789018216380
2221536,2,VALIDATED,1789018219465
2221536,3,PROCESSED,1789018219566
2221537,1,INITIATED,1789018216385
2221537,2,VALIDATED,1789018219514
2221537,3,PROCESSED,1789018219595
2221538,1,INITIATED,1789018216381
2221538,2,VALIDATED,1789018219640
2221538,3,PROCESSED,1789018219824
2221539,1,INITIATED,1789018216386
2221539,2,VALIDATED,1789018217697
2221539,3,PROCESSED,1789018219378
2221540,1,INITIATED,1789018216383
2221540,2,VALIDATED,1789018217695
2221540,3,PROCESSED,1789018219227
2221541,1,INITIATED,1789018216384
2221541,2,VALIDATED,1789018219461
2221541,3,PROCESSED,1789018220306
2221542,1,INITIATED,1789018216385
2221542,2,VALIDATED,1789018219511
2221542,3,PROCESSED,1789018219729
2221543,1,INITIATED,1789018216404
2221543,2,VALIDATED,1789018217694
2221543,3,PROCESSED,1789018219229
2221544,1,INITIATED,1789018216406
2221544,2,VALIDATED,1789018219676
2221544,3,PROCESSED,1789018219713
2221545,1,INITIATED,1789018216406
2221545,2,VALIDATED,1789018217693
2221545,3,PROCESSED,1789018219229
2221546,1,INITIATED,1789018216406
2221546,2,VALIDATED,1789018217691
2221546,3,PROCESSED,1789018219712
2221547,1,INITIATED,1789018216406
2221547,2,VALIDATED,1789018218716
2221547,3,PROCESSED,1789018219468
2221548,1,INITIATED,1789018216406
2221548,2,VALIDATED,1789018219535
2221548,3,PROCESSED,1789018219733
2221549,1,INITIATED,1789018216405
2221549,2,VALIDATED,1789018219512
2221549,3,PROCESSED,1789018219732
2221550,1,INITIATED,1789018216405
2221550,2,VALIDATED,1789018217695
2221550,3,PROCESSED,1789018219230
2221551,1,INITIATED,1789018216406
2221551,2,VALIDATED,1789018219677
2221551,3,PROCESSED,1789018219856
2221552,1,INITIATED,1789018216406
2221552,2,VALIDATED,1789018219507
2221552,3,PROCESSED,1789018219732
2221553,1,INITIATED,1789018216406
2221553,2,VALIDATED,1789018219513
2221553,3,PROCESSED,1789018219881
2221554,1,INITIATED,1789018217242
2221554,2,VALIDATED,1789018219561
2221554,3,PROCESSED,1789018219774
2221555,1,INITIATED,1789018217245
2221555,2,VALIDATED,1789018219816
2221555,3,PROCESSED,1789018220307
2221556,1,INITIATED,1789018217244
2221556,2,VALIDATED,1789018219692
2221556,3,PROCESSED,1789018219858
2221557,1,INITIATED,1789018217246
2221557,2,VALIDATED,1789018219534
2221557,3,PROCESSED,1789018219713
2221558,1,INITIATED,1789018217248
2221558,2,VALIDATED,1789018219534
2221558,3,PROCESSED,1789018219732
2221559,1,INITIATED,1789018217688
2221559,2,VALIDATED,1789018219706
2221559,3,PROCESSED,1789018219882
2221560,1,INITIATED,1789018217690
2221560,2,VALIDATED,1789018219230
2221560,3,PROCESSED,1789018219795
2221561,1,INITIATED,1789018217689
2221561,2,VALIDATED,1789018219229
2221561,3,PROCESSED,1789018219676
2221562,1,INITIATED,1789018217693
2221562,2,VALIDATED,1789018219227
2221562,3,PROCESSED,1789018219794
2221563,1,INITIATED,1789018217690
2221563,2,VALIDATED,1789018219708
2221563,3,PROCESSED,1789018219880
2221564,1,INITIATED,1789018217692
2221564,2,VALIDATED,1789018219221
2221564,3,PROCESSED,1789018219795
2221565,1,INITIATED,1789018217695
2221565,2,VALIDATED,1789018219224
2221565,3,PROCESSED,1789018219514
2221566,1,INITIATED,1789018217695
2221566,2,VALIDATED,1789018219224
2221566,3,PROCESSED,1789018219675
2221567,1,INITIATED,1789018217696
2221567,2,VALIDATED,1789018219594
2221567,3,PROCESSED,1789018219793
2221568,1,INITIATED,1789018217696
2221568,2,VALIDATED,1789018219591
2221568,3,PROCESSED,1789018219795
2221569,1,INITIATED,1789018217696
2221569,2,VALIDATED,1789018219693
2221569,3,PROCESSED,1789018219855
2221570,1,INITIATED,1789018217694
2221570,2,VALIDATED,1789018219227
2221570,3,PROCESSED,1789018219675
2221571,1,INITIATED,1789018217692
2221571,2,VALIDATED,1789018219563
2221571,3,PROCESSED,1789018219774
2221572,1,INITIATED,1789018217696
2221572,2,VALIDATED,1789018219225
2221572,3,PROCESSED,1789018219514
2221573,1,INITIATED,1789018217823
2221573,2,VALIDATED,1789018219614
2221573,3,PROCESSED,1789018219794
2221574,1,INITIATED,1789018217823
2221574,2,VALIDATED,1789018219632
2221574,3,PROCESSED,1789018219823
2221575,1,INITIATED,1789018218721
2221575,2,VALIDATED,1789018219635
2221575,3,PROCESSED,1789018219794
2221576,1,INITIATED,1789018218721
2221576,2,VALIDATED,1789018219640
2221576,3,PROCESSED,1789018219697
2221577,1,INITIATED,1789018218715
2221577,2,VALIDATED,1789018219877
2221577,3,PROCESSED,1789018220700
2221578,1,INITIATED,1789018218720
2221578,2,VALIDATED,1789018219631
2221578,3,PROCESSED,1789018219697
2221579,1,INITIATED,1789018218722
2221579,2,VALIDATED,1789018219514
2221579,3,PROCESSED,1789018219733
2221580,1,INITIATED,1789018218718
2221580,2,VALIDATED,1789018219640
2221580,3,PROCESSED,1789018219823
2221581,1,INITIATED,1789018218720
2221581,2,VALIDATED,1789018219640
2221581,3,PROCESSED,1789018219822
2221582,1,INITIATED,1789018218721
2221582,2,VALIDATED,1789018219466
2221582,3,PROCESSED,1789018219712
2221583,1,INITIATED,1789018218722
2221583,2,VALIDATED,1789018219631
2221583,3,PROCESSED,1789018219698
2221584,1,INITIATED,1789018218717
2221584,2,VALIDATED,1789018219514
2221584,3,PROCESSED,1789018219714
2221585,1,INITIATED,1789018218718
2221585,2,VALIDATED,1789018219634
2221585,3,PROCESSED,1789018219823
2221586,1,INITIATED,1789018218718
2221586,2,VALIDATED,1789018219631
2221586,3,REJECTED,1789018219816
2221587,1,INITIATED,1789018218717
2221587,2,VALIDATED,1789018219633
2221587,3,PROCESSED,1789018219823
2221588,1,INITIATED,1789018218721
2221588,2,VALIDATED,1789018219635
2221588,3,PROCESSED,1789018219823
2221589,1,INITIATED,1789018218721
2221589,2,VALIDATED,1789018219789
2221589,3,PROCESSED,1789018220308
2221590,1,INITIATED,1789018219216
2221590,2,VALIDATED,1789018219794
2221590,3,PROCESSED,1789018220303
2221591,1,INITIATED,1789018219220
2221591,2,VALIDATED,1789018219790
2221591,3,PROCESSED,1789018220304
2221592,1,INITIATED,1789018219221
2221592,2,VALIDATED,1789018219656
2221592,3,PROCESSED,1789018219824
2221593,1,INITIATED,1789018219224
2221593,2,VALIDATED,1789018219511
2221593,3,PROCESSED,1789018219883
2221594,1,INITIATED,1789018219226
2221594,2,VALIDATED,1789018219659
2221594,3,PROCESSED,1789018219862
2221595,1,INITIATED,1789018219225
2221595,2,VALIDATED,1789018219658
2221595,3,PROCESSED,1789018219857
2221596,1,INITIATED,1789018219225
2221596,2,VALIDATED,1789018219658
2221596,3,PROCESSED,1789018219698
2221597,1,INITIATED,1789018219228
2221597,2,VALIDATED,1789018219794
2221597,3,PROCESSED,1789018220304
2221598,1,INITIATED,1789018219226
2221598,2,VALIDATED,1789018219659
2221598,3,PROCESSED,1789018219714
2221599,1,INITIATED,1789018219228
2221599,2,VALIDATED,1789018219657
2221599,3,PROCESSED,1789018219834
2221600,1,INITIATED,1789018219225
2221600,2,VALIDATED,1789018219533
2221600,3,PROCESSED,1789018219641
2221601,1,INITIATED,1789018219372
2221601,2,VALIDATED,1789018219533
2221601,3,PROCESSED,1789018219775
2221602,1,INITIATED,1789018219374
2221602,2,VALIDATED,1789018219821
2221602,3,PROCESSED,1789018220316
2221603,1,INITIATED,1789018219377
2221603,2,VALIDATED,1789018219535
2221603,3,PROCESSED,1789018219775
2221604,1,INITIATED,1789018219375
2221604,2,VALIDATED,1789018219530
2221604,3,PROCESSED,1789018219641
2221605,1,INITIATED,1789018219376
2221605,2,VALIDATED,1789018219532
2221605,3,PROCESSED,1789018219734
2221606,1,INITIATED,1789018219377
2221606,2,VALIDATED,1789018219535
2221606,3,PROCESSED,1789018219733
2221607,1,INITIATED,1789018219376
2221607,2,VALIDATED,1789018219818
2221607,3,PROCESSED,1789018221671
2221608,1,INITIATED,1789018219376
2221608,2,VALIDATED,1789018219533
2221608,3,PROCESSED,1789018219731
2221609,1,INITIATED,1789018219377
2221609,2,VALIDATED,1789018219688
2221609,3,PROCESSED,1789018219733
2221610,1,INITIATED,1789018219376
2221610,2,VALIDATED,1789018219530
2221610,3,PROCESSED,1789018219775
2221611,1,INITIATED,1789018219377
2221611,2,VALIDATED,1789018219534
2221611,3,PROCESSED,1789018219641
2221612,1,INITIATED,1789018219372
2221612,2,VALIDATED,1789018219851
2221612,3,PROCESSED,1789018220699
2221613,1,INITIATED,1789018219373
2221613,2,VALIDATED,1789018219690
2221613,3,PROCESSED,1789018219857
2221614,1,INITIATED,1789018219376
2221614,2,VALIDATED,1789018219531
2221614,3,PROCESSED,1789018219640
2221615,1,INITIATED,1789018219376
2221615,2,VALIDATED,1789018219682
2221615,3,PROCESSED,1789018219856
2221616,1,INITIATED,1789018219378
2221616,2,VALIDATED,1789018219531
2221616,3,PROCESSED,1789018219642
2221617,1,INITIATED,1789018219377
2221617,2,VALIDATED,1789018219821
2221617,3,PROCESSED,1789018220314
2221618,1,INITIATED,1789018219374
2221618,2,VALIDATED,1789018219681
2221618,3,PROCESSED,1789018219713
2221619,1,INITIATED,1789018219377
2221619,2,VALIDATED,1789018219534
2221619,3,PROCESSED,1789018219714
2221620,1,INITIATED,1789018219375
2221620,2,VALIDATED,1789018219530
2221620,3,PROCESSED,1789018219774
2221621,1,INITIATED,1789018219463
2221621,2,VALIDATED,1789018219707
2221621,3,PROCESSED,1789018219881
2221622,1,INITIATED,1789018219465
2221622,2,VALIDATED,1789018219564
2221622,3,PROCESSED,1789018219776
2221623,1,INITIATED,1789018219466
2221623,2,VALIDATED,1789018219709
2221623,3,PROCESSED,1789018219883
2221624,1,INITIATED,1789018219467
2221624,2,VALIDATED,1789018219706
2221624,3,PROCESSED,1789018219733
2221625,1,INITIATED,1789018219490
2221625,2,VALIDATED,1789018219855
2221625,3,PROCESSED,1789018220699
2221626,1,INITIATED,1789018219507
2221626,2,VALIDATED,1789018219710
2221626,3,PROCESSED,1789018219880
2221627,1,INITIATED,1789018219507
2221627,2,VALIDATED,1789018219707
2221627,3,REJECTED,1789018219880
2221628,1,INITIATED,1789018219509
2221628,2,VALIDATED,1789018219709
2221628,3,PROCESSED,1789018219881
2221629,1,INITIATED,1789018219508
2221629,2,VALIDATED,1789018219726
2221629,3,PROCESSED,1789018219881
2221630,1,INITIATED,1789018219510
2221630,2,VALIDATED,1789018219591
2221630,3,PROCESSED,1789018219795
2221631,1,INITIATED,1789018219510
2221631,2,VALIDATED,1789018219726
2221631,3,PROCESSED,1789018219905
2221632,1,INITIATED,1789018219509
2221632,2,VALIDATED,1789018219594
2221632,3,REJECTED,1789018219657
2221633,1,INITIATED,1789018219512
2221633,2,VALIDATED,1789018219875
2221633,3,PROCESSED,1789018219905
2221634,1,INITIATED,1789018219512
2221634,2,VALIDATED,1789018219729
2221634,3,PROCESSED,1789018219906
2221635,1,INITIATED,1789018219510
2221635,2,VALIDATED,1789018219592
2221635,3,PROCESSED,1789018219792
2221636,1,INITIATED,1789018219513
2221636,2,VALIDATED,1789018219730
2221636,3,REJECTED,1789018219894
2221637,1,INITIATED,1789018219511
2221637,2,VALIDATED,1789018219727
2221637,3,PROCESSED,1789018220698
2221638,1,INITIATED,1789018219513
2221638,2,VALIDATED,1789018219591
2221638,3,PROCESSED,1789018219660
2221639,1,INITIATED,1789018219512
2221639,2,VALIDATED,1789018219730
2221639,3,PROCESSED,1789018220702
2221640,1,INITIATED,1789018219513
2221640,2,VALIDATED,1789018219592
2221640,3,PROCESSED,1789018219675
2221641,1,INITIATED,1789018219514
2221641,2,VALIDATED,1789018219728
2221641,3,PROCESSED,1789018219909
2221642,1,INITIATED,1789018219528
2221642,2,VALIDATED,1789018219851
2221642,3,PROCESSED,1789018220695
2221643,1,INITIATED,1789018219528
2221643,2,VALIDATED,1789018219769
2221643,3,PROCESSED,1789018219905
2221644,1,INITIATED,1789018219528
2221644,2,VALIDATED,1789018219728
2221644,3,PROCESSED,1789018219905
2221645,1,INITIATED,1789018219529
2221645,2,VALIDATED,1789018219727
2221645,3,REJECTED,1789018219894
2221646,1,INITIATED,1789018219530
2221646,2,VALIDATED,1789018219771
2221646,3,PROCESSED,1789018219905
2221647,1,INITIATED,1789018219530
2221647,2,VALIDATED,1789018219728
2221647,3,PROCESSED,1789018219906
2221648,1,INITIATED,1789018219534
2221648,2,VALIDATED,1789018219729
2221648,3,PROCESSED,1789018219882
2221649,1,INITIATED,1789018219533
2221649,2,VALIDATED,1789018219635
2221649,3,PROCESSED,1789018219697
2221650,1,INITIATED,1789018219531
2221650,2,VALIDATED,1789018219635
2221650,3,REJECTED,1789018219694
2221651,1,INITIATED,1789018219532
2221651,2,VALIDATED,1789018219771
2221651,3,PROCESSED,1789018220300
2221652,1,INITIATED,1789018219533
2221652,2,VALIDATED,1789018219768
2221652,3,PROCESSED,1789018219906
2221653,1,INITIATED,1789018219533
2221653,2,VALIDATED,1789018219876
2221653,3,PROCESSED,1789018220701
2221654,1,INITIATED,1789018219534
2221654,2,VALIDATED,1789018219754
2221654,3,PROCESSED,1789018219906
2221655,1,INITIATED,1789018219562
2221655,2,VALIDATED,1789018219772
2221655,3,PROCESSED,1789018219909
2221656,1,INITIATED,1789018219559
2221656,2,VALIDATED,1789018219768
2221656,3,PROCESSED,1789018219905
2221657,1,INITIATED,1789018219560
2221657,2,VALIDATED,1789018219771
2221657,3,PROCESSED,1789018219905
2221658,1,INITIATED,1789018219561
2221658,2,VALIDATED,1789018219771
2221658,3,PROCESSED,1789018220306
2221659,1,INITIATED,1789018219560
2221659,2,VALIDATED,1789018219772
2221659,3,PROCESSED,1789018219906
2221660,1,INITIATED,1789018219562
2221660,2,VALIDATED,1789018219769
2221660,3,PROCESSED,1789018219794
2221661,1,INITIATED,1789018219563
2221661,2,VALIDATED,1789018219772
2221661,3,PROCESSED,1789018220297
2221662,1,INITIATED,1789018219561
2221662,2,VALIDATED,1789018219768
2221662,3,PROCESSED,1789018219909
2221663,1,INITIATED,1789018219562
2221663,2,VALIDATED,1789018219771
2221663,3,PROCESSED,1789018220301
2221664,1,INITIATED,1789018219563
2221664,2,VALIDATED,1789018219772
2221664,3,PROCESSED,1789018219900
2221665,1,INITIATED,1789018219563
2221665,2,VALIDATED,1789018219768
2221665,3,PROCESSED,1789018220297
2221666,1,INITIATED,1789018219587
2221666,2,VALIDATED,1789018219791
2221666,3,PROCESSED,1789018220308
2221667,1,INITIATED,1789018219588
2221667,2,VALIDATED,1789018219791
2221667,3,PROCESSED,1789018220308
2221668,1,INITIATED,1789018219588
2221668,2,VALIDATED,1789018219658
2221668,3,PROCESSED,1789018219855
2221669,1,INITIATED,1789018219591
2221669,2,VALIDATED,1789018219790
2221669,3,PROCESSED,1789018220308
2221670,1,INITIATED,1789018219589
2221670,2,VALIDATED,1789018219792
2221670,3,PROCESSED,1789018220302
2221671,1,INITIATED,1789018219589
2221671,2,VALIDATED,1789018219660
2221671,3,PROCESSED,1789018219857
2221672,1,INITIATED,1789018219589
2221672,2,VALIDATED,1789018219770
2221672,3,PROCESSED,1789018219906
2221673,1,INITIATED,1789018219592
2221673,2,VALIDATED,1789018219790
2221673,3,PROCESSED,1789018219824
2221674,1,INITIATED,1789018219591
2221674,2,VALIDATED,1789018219770
2221674,3,PROCESSED,1789018219907
2221675,1,INITIATED,1789018219592
2221675,2,VALIDATED,1789018219659
2221675,3,PROCESSED,1789018219854
2221676,1,INITIATED,1789018219592
2221676,2,VALIDATED,1789018219772
2221676,3,PROCESSED,1789018219905
2221677,1,INITIATED,1789018219592
2221677,2,VALIDATED,1789018219787
2221677,3,PROCESSED,1789018220305
2221678,1,INITIATED,1789018219590
2221678,2,VALIDATED,1789018219772
2221678,3,PROCESSED,1789018220699
2221679,1,INITIATED,1789018219593
2221679,2,VALIDATED,1789018219789
2221679,3,PROCESSED,1789018222212
2221680,1,INITIATED,1789018219594
2221680,2,VALIDATED,1789018219660
2221680,3,PROCESSED,1789018219857
2221681,1,INITIATED,1789018219593
2221681,2,VALIDATED,1789018219786
2221681,3,PROCESSED,1789018220302
2221682,1,INITIATED,1789018219628
2221682,2,VALIDATED,1789018219679
2221682,3,PROCESSED,1789018219858
2221683,1,INITIATED,1789018219628
2221683,2,VALIDATED,1789018219789
2221683,3,PROCESSED,1789018220305
2221684,1,INITIATED,1789018219628
2221684,2,VALIDATED,1789018219793
2221684,3,PROCESSED,1789018219824
2221685,1,INITIATED,1789018219629
2221685,2,VALIDATED,1789018219898
2221685,3,PROCESSED,1789018222214
2221686,1,INITIATED,1789018219630
2221686,2,VALIDATED,1789018219820
2221686,3,PROCESSED,1789018220314
2221687,1,INITIATED,1789018219630
2221687,2,VALIDATED,1789018219801
2221687,3,PROCESSED,1789018220303
2221688,1,INITIATED,1789018219630
2221688,2,VALIDATED,1789018219816
2221688,3,PROCESSED,1789018220312
2221689,1,INITIATED,1789018219634
2221689,2,VALIDATED,1789018219816
2221689,3,PROCESSED,1789018220309
2221690,1,INITIATED,1789018219634
2221690,2,VALIDATED,1789018219694
2221690,3,PROCESSED,1789018219879
2221691,1,INITIATED,1789018219632
2221691,2,VALIDATED,1789018219819
2221691,3,PROCESSED,1789018220312
2221692,1,INITIATED,1789018219634
2221692,2,VALIDATED,1789018219691
2221692,3,PROCESSED,1789018219881
2221693,1,INITIATED,1789018219635
2221693,2,VALIDATED,1789018219817
2221693,3,PROCESSED,1789018220312
2221694,1,INITIATED,1789018219634
2221694,2,VALIDATED,1789018219690
2221694,3,PROCESSED,1789018219856
2221695,1,INITIATED,1789018219652
2221695,2,VALIDATED,1789018219820
2221695,3,PROCESSED,1789018220310
2221696,1,INITIATED,1789018219655
2221696,2,VALIDATED,1789018219819
2221696,3,PROCESSED,1789018220312
2221697,1,INITIATED,1789018219652
2221697,2,VALIDATED,1789018219820
2221697,3,PROCESSED,1789018220315
2221698,1,INITIATED,1789018219655
2221698,2,VALIDATED,1789018219823
2221698,3,PROCESSED,1789018220308
2221699,1,INITIATED,1789018219656
2221699,2,VALIDATED,1789018219818
2221699,3,PROCESSED,1789018220314
2221700,1,INITIATED,1789018219656
2221700,2,VALIDATED,1789018219821
2221700,3,PROCESSED,1789018220314
2221701,1,INITIATED,1789018219656
2221701,2,VALIDATED,1789018219817
2221701,3,PROCESSED,1789018221672
2221702,1,INITIATED,1789018219657
2221702,2,VALIDATED,1789018219816
2221702,3,PROCESSED,1789018220315
2221703,1,INITIATED,1789018219659
2221703,2,VALIDATED,1789018219853
2221703,3,PROCESSED,1789018220699
2221704,1,INITIATED,1789018219659
2221704,2,VALIDATED,1789018219706
2221704,3,PROCESSED,1789018219733
2221705,1,INITIATED,1789018219659
2221705,2,VALIDATED,1789018219707
2221705,3,PROCESSED,1789018219882
2221706,1,INITIATED,1789018219675
2221706,2,VALIDATED,1789018219879
2221706,3,PROCESSED,1789018220702
2221707,1,INITIATED,1789018219676
2221707,2,VALIDATED,1789018219853
2221707,3,PROCESSED,1789018220700
2221708,1,INITIATED,1789018219678
2221708,2,VALIDATED,1789018219851
2221708,3,PROCESSED,1789018220316
2221709,1,INITIATED,1789018219681
2221709,2,VALIDATED,1789018219876
2221709,3,REJECTED,1789018220696
2221710,1,INITIATED,1789018219681
2221710,2,VALIDATED,1789018219854
2221710,3,PROCESSED,1789018220699
2221711,1,INITIATED,1789018219685
2221711,2,VALIDATED,1789018219853
2221711,3,PROCESSED,1789018220317
2221712,1,INITIATED,1789018219686
2221712,2,VALIDATED,1789018219879
2221712,3,REJECTED,1789018220696
2221713,1,INITIATED,1789018219689
2221713,2,VALIDATED,1789018219727
2221713,3,PROCESSED,1789018219907
2221714,1,INITIATED,1789018219693
2221714,2,VALIDATED,1789018219729
2221714,3,PROCESSED,1789018219910
2221715,1,INITIATED,1789018219690
2221715,2,VALIDATED,1789018219726
2221715,3,PROCESSED,1789018219883
2221716,1,INITIATED,1789018219691
2221716,2,VALIDATED,1789018219878
2221716,3,PROCESSED,1789018220701
2221717,1,INITIATED,1789018219691
2221717,2,VALIDATED,1789018219852
2221717,3,PROCESSED,1789018220316
2221718,1,INITIATED,1789018219692
2221718,2,VALIDATED,1789018219853
2221718,3,PROCESSED,1789018219883
2221719,1,INITIATED,1789018219694
2221719,2,VALIDATED,1789018219854
2221719,3,PROCESSED,1789018220697
2221720,1,INITIATED,1789018219708
2221720,2,VALIDATED,1789018219876
2221720,3,PROCESSED,1789018220701
2221721,1,INITIATED,1789018219707
2221721,2,VALIDATED,1789018219878
2221721,3,PROCESSED,1789018222215
2221722,1,INITIATED,1789018219710
2221722,2,VALIDATED,1789018219879
2221722,3,PROCESSED,1789018222215
2221723,1,INITIATED,1789018219710
2221723,2,VALIDATED,1789018219876
2221723,3,PROCESSED,1789018219905
2221724,1,INITIATED,1789018219710
2221724,2,VALIDATED,1789018219877
2221724,3,PROCESSED,1789018220701
2221725,1,INITIATED,1789018219727
2221725,2,VALIDATED,1789018220693
2221725,3,PROCESSED,1789018222922
2221726,1,INITIATED,1789018219726
2221726,2,VALIDATED,1789018219895
2221726,3,PROCESSED,1789018221670
2221727,1,INITIATED,1789018219726
2221727,2,VALIDATED,1789018219878
2221727,3,PROCESSED,1789018220700
2221728,1,INITIATED,1789018219728
2221728,2,VALIDATED,1789018219896
2221728,3,PROCESSED,1789018221668
2221729,1,INITIATED,1789018219773
2221729,2,VALIDATED,1789018219898
2221729,3,PROCESSED,1789018221672
2221730,1,INITIATED,1789018219769
2221730,2,VALIDATED,1789018219898
2221730,3,PROCESSED,1789018221667
2221731,1,INITIATED,1789018219769
2221731,2,VALIDATED,1789018219910
2221731,3,PROCESSED,1789018222921
2221732,1,INITIATED,1789018219787
2221732,2,VALIDATED,1789018220298
2221732,3,PROCESSED,1789018221670
2221733,1,INITIATED,1789018219791
2221733,2,VALIDATED,1789018220299
2221733,3,PROCESSED,1789018221672
2221734,1,INITIATED,1789018219792
2221734,2,VALIDATED,1789018220298
2221734,3,PROCESSED,1789018222215
2221735,1,INITIATED,1789018219793
2221735,2,VALIDATED,1789018219909
2221735,3,PROCESSED,1789018220314
2221736,1,INITIATED,1789018219817
2221736,2,VALIDATED,1789018220311
2221736,3,PROCESSED,1789018222215
2221737,1,INITIATED,1789018219820
2221737,2,VALIDATED,1789018220305
2221737,3,PROCESSED,1789018223101
2221738,1,INITIATED,1789018219852
2221738,2,VALIDATED,1789018220692
2221738,3,PROCESSED,1789018222214
2221739,1,INITIATED,1789018219852
2221739,2,VALIDATED,1789018220697
2221739,3,PROCESSED,1789018222924
2221740,1,INITIATED,1789018219856
2221740,2,VALIDATED,1789018220313
2221740,3,PROCESSED,1789018220701
2221741,1,INITIATED,1789018219854
2221741,2,VALIDATED,1789018220312
2221741,3,PROCESSED,1789018220702
2221742,1,INITIATED,1789018219874
2221742,2,VALIDATED,1789018219881
2221742,3,PROCESSED,1789018220701
2221743,1,INITIATED,1789018219878
2221743,2,VALIDATED,1789018220692
2221743,3,PROCESSED,1789018223100
2221744,1,INITIATED,1789018219876
2221744,2,VALIDATED,1789018220698
2221744,3,PROCESSED,1789018221673
2221745,1,INITIATED,1789018219879
2221745,2,VALIDATED,1789018219897
2221745,3,PROCESSED,1789018220311
2221746,1,INITIATED,1789018219910
2221746,2,VALIDATED,1789018220309
2221746,3,PROCESSED,1789018220702
2221747,1,INITIATED,1789018219909
2221747,2,VALIDATED,1789018221666
2221747,3,PROCESSED,1789018223100
2221748,1,INITIATED,1789018220298
2221748,2,VALIDATED,1789018221669
2221748,3,PROCESSED,1789018222215
2221749,1,INITIATED,1789018220303
2221749,2,VALIDATED,1789018221670
2221749,3,PROCESSED,1789018222214
2221750,1,INITIATED,1789018220313
2221750,2,VALIDATED,1789018220698
2221750,3,PROCESSED,1789018221673
2221751,1,INITIATED,1789018220696
2221751,2,VALIDATED,1789018223098
2221751,3,PROCESSED,1789018223165
2221752,1,INITIATED,1789018220695
2221752,2,VALIDATED,1789018222918
2221752,3,PROCESSED,1789018223136
2221753,1,INITIATED,1789018220697
2221753,2,VALIDATED,1789018220883
2221753,3,PROCESSED,1789018223049
2221754,1,INITIATED,1789018220880
2221754,2,VALIDATED,1789018222373
2221754,3,PROCESSED,1789018223122
2221755,1,INITIATED,1789018220883
2221755,2,VALIDATED,1789018223044
2221755,3,PROCESSED,1789018223102
2221756,1,INITIATED,1789018220881
2221756,2,VALIDATED,1789018222377
2221756,3,REJECTED,1789018223122
2221757,1,INITIATED,1789018220881
2221757,2,VALIDATED,1789018222921
2221757,3,REJECTED,1789018223130
2221758,1,INITIATED,1789018220884
2221758,2,VALIDATED,1789018223097
2221758,3,PROCESSED,1789018223163
2221759,1,INITIATED,1789018220884
2221759,2,VALIDATED,1789018223096
2221759,3,PROCESSED,1789018223168
2221760,1,INITIATED,1789018220881
2221760,2,VALIDATED,1789018222920
2221760,3,PROCESSED,1789018223137
2221761,1,INITIATED,1789018220881
2221761,2,VALIDATED,1789018222919
2221761,3,PROCESSED,1789018223137
2221762,1,INITIATED,1789018220882
2221762,2,VALIDATED,1789018222916
2221762,3,REJECTED,1789018223131
2221763,1,INITIATED,1789018220882
2221763,2,VALIDATED,1789018222918
2221763,3,PROCESSED,1789018223137
2221764,1,INITIATED,1789018220882
2221764,2,VALIDATED,1789018222921
2221764,3,PROCESSED,1789018223136
2221765,1,INITIATED,1789018220884
2221765,2,VALIDATED,1789018223044
2221765,3,PROCESSED,1789018223149
2221766,1,INITIATED,1789018220884
2221766,2,VALIDATED,1789018223097
2221766,3,PROCESSED,1789018223168
2221767,1,INITIATED,1789018220883
2221767,2,VALIDATED,1789018223042
2221767,3,PROCESSED,1789018223101
2221768,1,INITIATED,1789018220884
2221768,2,VALIDATED,1789018223046
2221768,3,PROCESSED,1789018223101
2221769,1,INITIATED,1789018220884
2221769,2,VALIDATED,1789018223100
2221769,3,PROCESSED,1789018223169
2221770,1,INITIATED,1789018221667
2221770,2,VALIDATED,1789018223098
2221770,3,PROCESSED,1789018223166
2221771,1,INITIATED,1789018221671
2221771,2,VALIDATED,1789018223097
2221771,3,REJECTED,1789018223160
2221772,1,INITIATED,1789018221672
2221772,2,VALIDATED,1789018223143
2221772,3,PROCESSED,1789018223208
2221773,1,INITIATED,1789018221671
2221773,2,VALIDATED,1789018222209
2221773,3,PROCESSED,1789018222923
2221774,1,INITIATED,1789018221670
2221774,2,VALIDATED,1789018222209
2221774,3,PROCESSED,1789018223104
2221775,1,INITIATED,1789018221669
2221775,2,VALIDATED,1789018223095
2221775,3,PROCESSED,1789018223166
2221776,1,INITIATED,1789018221671
2221776,2,VALIDATED,1789018222211
2221776,3,PROCESSED,1789018223113
2221777,1,INITIATED,1789018221666
2221777,2,VALIDATED,1789018223099
2221777,3,PROCESSED,1789018223169
2221778,1,INITIATED,1789018221670
2221778,2,VALIDATED,1789018222210
2221778,3,PROCESSED,1789018223113
2221779,1,INITIATED,1789018221668
2221779,2,VALIDATED,1789018222212
2221779,3,PROCESSED,1789018222923
2221780,1,INITIATED,1789018221672
2221780,2,VALIDATED,1789018222211
2221780,3,PROCESSED,1789018223123
2221781,1,INITIATED,1789018222201
2221781,2,VALIDATED,1789018223110
2221781,3,PROCESSED,1789018223180
2221782,1,INITIATED,1789018222202
2221782,2,VALIDATED,1789018222921
2221782,3,PROCESSED,1789018223136
2221783,1,INITIATED,1789018222202
2221783,2,VALIDATED,1789018223110
2221783,3,PROCESSED,1789018223170
2221784,1,INITIATED,1789018222212
2221784,2,VALIDATED,1789018223110
2221784,3,PROCESSED,1789018223170
2221785,1,INITIATED,1789018222207
2221785,2,VALIDATED,1789018223102
2221785,3,PROCESSED,1789018223168
2221786,1,INITIATED,1789018222212
2221786,2,VALIDATED,1789018222917
2221786,3,PROCESSED,1789018223135
2221787,1,INITIATED,1789018222208
2221787,2,VALIDATED,1789018222921
2221787,3,PROCESSED,1789018223136
2221788,1,INITIATED,1789018222208
2221788,2,VALIDATED,1789018222920
2221788,3,PROCESSED,1789018223136
2221789,1,INITIATED,1789018222211
2221789,2,VALIDATED,1789018223099
2221789,3,PROCESSED,1789018223164
2221790,1,INITIATED,1789018222208
2221790,2,VALIDATED,1789018223111
2221790,3,PROCESSED,1789018223170
2221791,1,INITIATED,1789018222210
2221791,2,VALIDATED,1789018223146
2221791,3,PROCESSED,1789018223207
2221792,1,INITIATED,1789018222210
2221792,2,VALIDATED,1789018223112
2221792,3,PROCESSED,1789018223181
2221793,1,INITIATED,1789018222211
2221793,2,VALIDATED,1789018223111
2221793,3,PROCESSED,1789018223178
2221794,1,INITIATED,1789018222211
2221794,2,VALIDATED,1789018223102
2221794,3,PROCESSED,1789018223208
2221795,1,INITIATED,1789018222210
2221795,2,VALIDATED,1789018222918
2221795,3,PROCESSED,1789018223136
2221796,1,INITIATED,1789018222211
2221796,2,VALIDATED,1789018223112
2221796,3,PROCESSED,1789018223209
2221797,1,INITIATED,1789018222211
2221797,2,VALIDATED,1789018223110
2221797,3,PROCESSED,1789018223124
2221798,1,INITIATED,1789018222373
2221798,2,VALIDATED,1789018223110
2221798,3,PROCESSED,1789018223180
2221799,1,INITIATED,1789018222376
2221799,2,VALIDATED,1789018223122
2221799,3,PROCESSED,1789018223181
2221800,1,INITIATED,1789018222374
2221800,2,VALIDATED,1789018223112
2221800,3,PROCESSED,1789018223170
2221801,1,INITIATED,1789018222376
2221801,2,VALIDATED,1789018223166
2221801,3,PROCESSED,1789018223218
2221802,1,INITIATED,1789018222375
2221802,2,VALIDATED,1789018223122
2221802,3,PROCESSED,1789018223181
2221803,1,INITIATED,1789018222375
2221803,2,VALIDATED,1789018223132
2221803,3,PROCESSED,1789018223188
2221804,1,INITIATED,1789018222376
2221804,2,VALIDATED,1789018223131
2221804,3,PROCESSED,1789018223146
2221805,1,INITIATED,1789018222917
2221805,2,VALIDATED,1789018223125
2221805,3,PROCESSED,1789018223185
2221806,1,INITIATED,1789018222918
2221806,2,VALIDATED,1789018223132
2221806,3,PROCESSED,1789018223189
2221807,1,INITIATED,1789018222918
2221807,2,VALIDATED,1789018223132
2221807,3,PROCESSED,1789018223190
2221808,1,INITIATED,1789018222920
2221808,2,VALIDATED,1789018223129
2221808,3,PROCESSED,1789018223187
2221809,1,INITIATED,1789018222918
2221809,2,VALIDATED,1789018223131
2221809,3,PROCESSED,1789018223189
2221810,1,INITIATED,1789018222917
2221810,2,VALIDATED,1789018223132
2221810,3,PROCESSED,1789018223190
2221811,1,INITIATED,1789018222917
2221811,2,VALIDATED,1789018223121
2221811,3,PROCESSED,1789018223180
2221812,1,INITIATED,1789018222919
2221812,2,VALIDATED,1789018223132
2221812,3,PROCESSED,1789018223187
2221813,1,INITIATED,1789018222918
2221813,2,VALIDATED,1789018223121
2221813,3,PROCESSED,1789018223180
2221814,1,INITIATED,1789018222923
2221814,2,VALIDATED,1789018223129
2221814,3,PROCESSED,1789018223186
2221815,1,INITIATED,1789018222929
2221815,2,VALIDATED,1789018223135
2221815,3,PROCESSED,1789018223189
2221816,1,INITIATED,1789018222929
2221816,2,VALIDATED,1789018223141
2221816,3,PROCESSED,1789018223199
2221817,1,INITIATED,1789018222929
2221817,2,VALIDATED,1789018223135
2221817,3,PROCESSED,1789018223222
2221818,1,INITIATED,1789018222930
2221818,2,VALIDATED,1789018223136
2221818,3,PROCESSED,1789018223189
2221819,1,INITIATED,1789018222932
2221819,2,VALIDATED,1789018223136
2221819,3,PROCESSED,1789018223189
2221820,1,INITIATED,1789018222932
2221820,2,VALIDATED,1789018223137
2221820,3,PROCESSED,1789018223190
2221821,1,INITIATED,1789018222932
2221821,2,VALIDATED,1789018223143
2221821,3,PROCESSED,1789018223209
2221822,1,INITIATED,1789018222933
2221822,2,VALIDATED,1789018223137
2221822,3,PROCESSED,1789018223194
2221823,1,INITIATED,1789018222932
2221823,2,VALIDATED,1789018223134
2221823,3,PROCESSED,1789018223187
2221824,1,INITIATED,1789018222932
2221824,2,VALIDATED,1789018223137
2221824,3,PROCESSED,1789018223200
2221825,1,INITIATED,1789018222933
2221825,2,VALIDATED,1789018223143
2221825,3,PROCESSED,1789018223199
2221826,1,INITIATED,1789018222932
2221826,2,VALIDATED,1789018223143
2221826,3,PROCESSED,1789018223207
2221827,1,INITIATED,1789018223040
2221827,2,VALIDATED,1789018223099
2221827,3,PROCESSED,1789018223167
2221828,1,INITIATED,1789018223040
2221828,2,VALIDATED,1789018223098
2221828,3,PROCESSED,1789018223163
2221829,1,INITIATED,1789018223041
2221829,2,VALIDATED,1789018223143
2221829,3,PROCESSED,1789018223208
2221830,1,INITIATED,1789018223041
2221830,2,VALIDATED,1789018223145
2221830,3,PROCESSED,1789018223209
2221831,1,INITIATED,1789018223042
2221831,2,VALIDATED,1789018223099
2221831,3,PROCESSED,1789018223165
2221832,1,INITIATED,1789018223045
2221832,2,VALIDATED,1789018223142
2221832,3,PROCESSED,1789018223208
2221833,1,INITIATED,1789018223044
2221833,2,VALIDATED,1789018223099
2221833,3,PROCESSED,1789018223164
2221834,1,INITIATED,1789018223045
2221834,2,VALIDATED,1789018223142
2221834,3,PROCESSED,1789018223205
2221835,1,INITIATED,1789018223045
2221835,2,VALIDATED,1789018223100
2221835,3,PROCESSED,1789018223162
2221836,1,INITIATED,1789018223046
2221836,2,VALIDATED,1789018223141
2221836,3,PROCESSED,1789018223205
2221837,1,INITIATED,1789018223046
2221837,2,VALIDATED,1789018223145
2221837,3,PROCESSED,1789018223204
2221838,1,INITIATED,1789018223046
2221838,2,VALIDATED,1789018223183
2221838,3,PROCESSED,1789018223235
2221839,1,INITIATED,1789018223046
2221839,2,VALIDATED,1789018223143
2221839,3,PROCESSED,1789018223205
2221840,1,INITIATED,1789018223047
2221840,2,VALIDATED,1789018223141
2221840,3,PROCESSED,1789018223205
2221841,1,INITIATED,1789018223078
2221841,2,VALIDATED,1789018223149
2221841,3,REJECTED,1789018223166
2221842,1,INITIATED,1789018223068
2221842,2,VALIDATED,1789018223145
2221842,3,PROCESSED,1789018223204
2221843,1,INITIATED,1789018223069
2221843,2,VALIDATED,1789018223145
2221843,3,PROCESSED,1789018223206
2221844,1,INITIATED,1789018223069
2221844,2,VALIDATED,1789018223146
2221844,3,PROCESSED,1789018223209
2221845,1,INITIATED,1789018223069
2221845,2,VALIDATED,1789018223149
2221845,3,PROCESSED,1789018223170
2221846,1,INITIATED,1789018223069
2221846,2,VALIDATED,1789018223147
2221846,3,PROCESSED,1789018223206
2221847,1,INITIATED,1789018223069
2221847,2,VALIDATED,1789018223159
2221847,3,REJECTED,1789018223208
2221848,1,INITIATED,1789018223069
2221848,2,VALIDATED,1789018223145
2221848,3,REJECTED,1789018223203
2221849,1,INITIATED,1789018223070
2221849,2,VALIDATED,1789018223149
2221849,3,PROCESSED,1789018223207
2221850,1,INITIATED,1789018223069
2221850,2,VALIDATED,1789018223149
2221850,3,REJECTED,1789018223167
2221851,1,INITIATED,1789018223070
2221851,2,VALIDATED,1789018223146
2221851,3,PROCESSED,1789018223201
2221852,1,INITIATED,1789018223074
2221852,2,VALIDATED,1789018223149
2221852,3,PROCESSED,1789018223206
2221853,1,INITIATED,1789018223084
2221853,2,VALIDATED,1789018223149
2221853,3,PROCESSED,1789018223206
2221854,1,INITIATED,1789018223093
2221854,2,VALIDATED,1789018223159
2221854,3,PROCESSED,1789018223214
2221855,1,INITIATED,1789018223093
2221855,2,VALIDATED,1789018223159
2221855,3,PROCESSED,1789018223239
2221856,1,INITIATED,1789018223093
2221856,2,VALIDATED,1789018223158
2221856,3,PROCESSED,1789018223212
2221857,1,INITIATED,1789018223094
2221857,2,VALIDATED,1789018223159
2221857,3,PROCESSED,1789018223218
2221858,1,INITIATED,1789018223095
2221858,2,VALIDATED,1789018223159
2221858,3,PROCESSED,1789018223214
2221859,1,INITIATED,1789018223095
2221859,2,VALIDATED,1789018223159
2221859,3,PROCESSED,1789018223213
2221860,1,INITIATED,1789018223095
2221860,2,VALIDATED,1789018223165
2221860,3,PROCESSED,1789018223219
2221861,1,INITIATED,1789018223098
2221861,2,VALIDATED,1789018223160
2221861,3,PROCESSED,1789018223212
2221862,1,INITIATED,1789018223098
2221862,2,VALIDATED,1789018223163
2221862,3,PROCESSED,1789018223181
2221863,1,INITIATED,1789018223097
2221863,2,VALIDATED,1789018223165
2221863,3,PROCESSED,1789018223220
2221864,1,INITIATED,1789018223099
2221864,2,VALIDATED,1789018223160
2221864,3,PROCESSED,1789018223216
2221865,1,INITIATED,1789018223100
2221865,2,VALIDATED,1789018223165
2221865,3,PROCESSED,1789018223220
2221866,1,INITIATED,1789018223101
2221866,2,VALIDATED,1789018223167
2221866,3,PROCESSED,1789018223217
2221867,1,INITIATED,1789018223102
2221867,2,VALIDATED,1789018223202
2221867,3,PROCESSED,1789018223239
2221868,1,INITIATED,1789018223110
2221868,2,VALIDATED,1789018223167
2221868,3,PROCESSED,1789018223221
2221869,1,INITIATED,1789018223110
2221869,2,VALIDATED,1789018223176
2221869,3,PROCESSED,1789018223222
2221870,1,INITIATED,1789018223110
2221870,2,VALIDATED,1789018223174
2221870,3,PROCESSED,1789018223222
2221871,1,INITIATED,1789018223110
2221871,2,VALIDATED,1789018223168
2221871,3,PROCESSED,1789018223219
2221872,1,INITIATED,1789018223112
2221872,2,VALIDATED,1789018223167
2221872,3,PROCESSED,1789018223220
2221873,1,INITIATED,1789018223112
2221873,2,VALIDATED,1789018223168
2221873,3,PROCESSED,1789018223221
2221874,1,INITIATED,1789018223112
2221874,2,VALIDATED,1789018223166
2221874,3,PROCESSED,1789018223220
2221875,1,INITIATED,1789018223116
2221875,2,VALIDATED,1789018223175
2221875,3,PROCESSED,1789018223221
2221876,1,INITIATED,1789018223116
2221876,2,VALIDATED,1789018223178
2221876,3,PROCESSED,1789018223237
2221877,1,INITIATED,1789018223116
2221877,2,VALIDATED,1789018223179
2221877,3,PROCESSED,1789018223227
2221878,1,INITIATED,1789018223116
2221878,2,VALIDATED,1789018223176
2221878,3,PROCESSED,1789018223222
2221879,1,INITIATED,1789018223117
2221879,2,VALIDATED,1789018223181
2221879,3,PROCESSED,1789018223227
2221880,1,INITIATED,1789018223117
2221880,2,VALIDATED,1789018223179
2221880,3,PROCESSED,1789018223224
2221881,1,INITIATED,1789018223116
2221881,2,VALIDATED,1789018223177
2221881,3,PROCESSED,1789018223221
2221882,1,INITIATED,1789018223117
2221882,2,VALIDATED,1789018223211
2221882,3,PROCESSED,1789018223237
2221883,1,INITIATED,1789018223117
2221883,2,VALIDATED,1789018223179
2221883,3,PROCESSED,1789018223224
2221884,1,INITIATED,1789018223118
2221884,2,VALIDATED,1789018223177
2221884,3,PROCESSED,1789018223190
2221885,1,INITIATED,1789018223118
2221885,2,VALIDATED,1789018223180
2221885,3,PROCESSED,1789018223236
2221886,1,INITIATED,1789018223119
2221886,2,VALIDATED,1789018223176
2221886,3,PROCESSED,1789018223221
2221887,1,INITIATED,1789018223119
2221887,2,VALIDATED,1789018223182
2221887,3,PROCESSED,1789018223238
2221888,1,INITIATED,1789018223120
2221888,2,VALIDATED,1789018223176
2221888,3,PROCESSED,1789018223224
2221889,1,INITIATED,1789018223120
2221889,2,VALIDATED,1789018223178
2221889,3,PROCESSED,1789018223223
2221890,1,INITIATED,1789018223121
2221890,2,VALIDATED,1789018223177
2221890,3,PROCESSED,1789018223221
2221891,1,INITIATED,1789018223120
2221891,2,VALIDATED,1789018223178
2221891,3,PROCESSED,1789018223224
2221892,1,INITIATED,1789018223121
2221892,2,VALIDATED,1789018223176
2221892,3,PROCESSED,1789018223221
2221893,1,INITIATED,1789018223120
2221893,2,VALIDATED,1789018223180
2221893,3,PROCESSED,1789018223224
2221894,1,INITIATED,1789018223121
2221894,2,VALIDATED,1789018223182
2221894,3,PROCESSED,1789018223236
2221895,1,INITIATED,1789018223121
2221895,2,VALIDATED,1789018223178
2221895,3,PROCESSED,1789018223227
2221896,1,INITIATED,1789018223121
2221896,2,VALIDATED,1789018223176
2221896,3,PROCESSED,1789018223222
2221897,1,INITIATED,1789018223121
2221897,2,VALIDATED,1789018223176
2221897,3,PROCESSED,1789018223222
2221898,1,INITIATED,1789018223122
2221898,2,VALIDATED,1789018223177
2221898,3,PROCESSED,1789018223223
2221899,1,INITIATED,1789018223130
2221899,2,VALIDATED,1789018223183
2221899,3,PROCESSED,1789018223237
2221900,1,INITIATED,1789018223134
2221900,2,VALIDATED,1789018223186
2221900,3,PROCESSED,1789018223235
2221901,1,INITIATED,1789018223132
2221901,2,VALIDATED,1789018223184
2221901,3,PROCESSED,1789018223237
2221902,1,INITIATED,1789018223133
2221902,2,VALIDATED,1789018223187
2221902,3,PROCESSED,1789018223236
2221903,1,INITIATED,1789018223134
2221903,2,VALIDATED,1789018223186
2221903,3,PROCESSED,1789018223238
2221904,1,INITIATED,1789018223133
2221904,2,VALIDATED,1789018223186
2221904,3,PROCESSED,1789018223235
2221905,1,INITIATED,1789018223135
2221905,2,VALIDATED,1789018223184
2221905,3,PROCESSED,1789018223238
2221906,1,INITIATED,1789018223140
2221906,2,VALIDATED,1789018223196
2221906,3,PROCESSED,1789018223238
2221907,1,INITIATED,1789018223142
2221907,2,VALIDATED,1789018223202
2221907,3,PROCESSED,1789018223239
2221908,1,INITIATED,1789018223140
2221908,2,VALIDATED,1789018223196
2221908,3,PROCESSED,1789018223237
2221909,1,INITIATED,1789018223143
2221909,2,VALIDATED,1789018223196
2221909,3,PROCESSED,1789018223236
2221910,1,INITIATED,1789018223141
2221910,2,VALIDATED,1789018223202
2221910,3,PROCESSED,1789018223212
2221911,1,INITIATED,1789018223141
2221911,2,VALIDATED,1789018223200
2221911,3,PROCESSED,1789018223239
2221912,1,INITIATED,1789018223142
2221912,2,VALIDATED,1789018223202
2221912,3,PROCESSED,1789018223238
2221913,1,INITIATED,1789018223158
2221913,2,VALIDATED,1789018223209
2221913,3,PROCESSED,1789018223237
2221914,1,INITIATED,1789018223171
2221914,2,VALIDATED,1789018223214
2221914,3,PROCESSED,1789018223239
2221915,1,INITIATED,1789018223183
2221915,2,VALIDATED,1789018223232
2221915,3,PROCESSED,1789018223240
2221916,1,INITIATED,1789018223201
2221916,2,VALIDATED,1789018223233
2221916,3,PROCESSED,1789018223245
2221917,1,INITIATED,1789018223216
2221917,2,VALIDATED,1789018223234
2221917,3,PROCESSED,1789018223246
2221918,1,INITIATED,1789018223231
2221918,2,VALIDATED,1789018223238
2221918,3,PROCESSED,1789018223247
2221919,1,INITIATED,1789018223232
2221919,2,VALIDATED,1789018223244
2221919,3,PROCESSED,1789018223250
2221920,1,INITIATED,1789018223241
2221920,2,VALIDATED,1789018223247
2221920,3,PROCESSED,1789018223255
2221921,1,INITIATED,1789018223261
2221921,2,VALIDATED,1789018223266
2221921,3,PROCESSED,1789018223271
2221922,1,INITIATED,1789018223282
2221922,2,VALIDATED,1789018223286
2221922,3,PROCESSED,1789018223292
2221923,1,INITIATED,1789018223301
2221923,2,VALIDATED,1789018223306
2221923,3,PROCESSED,1789018223312
2221924,1,INITIATED,1789018223321
2221924,2,VALIDATED,1789018223325
2221924,3,PROCESSED,1789018223330
2221925,1,INITIATED,1789018223341
2221925,2,VALIDATED,1789018223346
2221925,3,PROCESSED,1789018223351
2221926,1,INITIATED,1789018223585
2221926,2,VALIDATED,1789018223721
2221926,3,PROCESSED,1789018224034
2221927,1,INITIATED,1789018223585
2221927,2,VALIDATED,1789018223721
2221927,3,PROCESSED,1789018224033
2221928,1,INITIATED,1789018223586
2221928,2,VALIDATED,1789018223719
2221928,3,PROCESSED,1789018224034
2221929,1,INITIATED,1789018223585
2221929,2,VALIDATED,1789018223722
2221929,3,PROCESSED,1789018224035
2221930,1,INITIATED,1789018223586
2221930,2,VALIDATED,1789018223722
2221930,3,PROCESSED,1789018224035
2221931,1,INITIATED,1789018223585
2221931,2,VALIDATED,1789018223722
2221931,3,PROCESSED,1789018224034
2221932,1,INITIATED,1789018223586
2221932,2,VALIDATED,1789018223721
2221932,3,PROCESSED,1789018224035
2221933,1,INITIATED,1789018223586
2221933,2,VALIDATED,1789018223718
2221933,3,PROCESSED,1789018224034
2221934,1,INITIATED,1789018223586
2221934,2,VALIDATED,1789018223719
2221934,3,PROCESSED,1789018224033
2221935,1,INITIATED,1789018223586
2221935,2,VALIDATED,1789018223721
2221935,3,PROCESSED,1789018224034
2221936,1,INITIATED,1789018223585
2221936,2,VALIDATED,1789018223720
2221936,3,PROCESSED,1789018224035
2221937,1,INITIATED,1789018223585
2221937,2,VALIDATED,1789018223719
2221937,3,PROCESSED,1789018224034
2221938,1,INITIATED,1789018223601
2221938,2,VALIDATED,1789018223724
2221938,3,PROCESSED,1789018224035
2221939,1,INITIATED,1789018223682
2221939,2,VALIDATED,1789018223757
2221939,3,PROCESSED,1789018224033
2221940,1,INITIATED,1789018223682
2221940,2,VALIDATED,1789018223756
2221940,3,PROCESSED,1789018224035
2221941,1,INITIATED,1789018223682
2221941,2,VALIDATED,1789018223756
2221941,3,PROCESSED,1789018224034
2221942,1,INITIATED,1789018223682
2221942,2,VALIDATED,1789018223756
2221942,3,PROCESSED,1789018224034
2221943,1,INITIATED,1789018223719
2221943,2,VALIDATED,1789018224031
2221943,3,PROCESSED,1789018224184
2221944,1,INITIATED,1789018223724
2221944,2,VALIDATED,1789018224030
2221944,3,PROCESSED,1789018224183
2221945,1,INITIATED,1789018223756
2221945,2,VALIDATED,1789018224031
2221945,3,PROCESSED,1789018224185
2221946,1,INITIATED,1789018224028
2221946,2,VALIDATED,1789018224043
2221946,3,PROCESSED,1789018224196
2221947,1,INITIATED,1789018224030
2221947,2,VALIDATED,1789018224181
2221947,3,PROCESSED,1789018224227
2221948,1,INITIATED,1789018224028
2221948,2,VALIDATED,1789018224043
2221948,3,PROCESSED,1789018224197
2221949,1,INITIATED,1789018224027
2221949,2,VALIDATED,1789018224155
2221949,3,PROCESSED,1789018224228
2221950,1,INITIATED,1789018224027
2221950,2,VALIDATED,1789018224043
2221950,3,PROCESSED,1789018224197
2221951,1,INITIATED,1789018224030
2221951,2,VALIDATED,1789018224182
2221951,3,PROCESSED,1789018224228
2221952,1,INITIATED,1789018224029
2221952,2,VALIDATED,1789018224181
2221952,3,PROCESSED,1789018224229
2221953,1,INITIATED,1789018224028
2221953,2,VALIDATED,1789018224043
2221953,3,PROCESSED,1789018224197
2221954,1,INITIATED,1789018224028
2221954,2,VALIDATED,1789018224155
2221954,3,PROCESSED,1789018224228
2221955,1,INITIATED,1789018224032
2221955,2,VALIDATED,1789018224182
2221955,3,PROCESSED,1789018224229
2221956,1,INITIATED,1789018224030
2221956,2,VALIDATED,1789018224183
2221956,3,PROCESSED,1789018224228
2221957,1,INITIATED,1789018224028
2221957,2,VALIDATED,1789018224043
2221957,3,PROCESSED,1789018224205
2221958,1,INITIATED,1789018224041
2221958,2,VALIDATED,1789018224184
2221958,3,PROCESSED,1789018224229
2221959,1,INITIATED,1789018224041
2221959,2,VALIDATED,1789018224184
2221959,3,PROCESSED,1789018224227
2221960,1,INITIATED,1789018224042
2221960,2,VALIDATED,1789018224183
2221960,3,REJECTED,1789018224225
2221961,1,INITIATED,1789018224154
2221961,2,VALIDATED,1789018224202
2221961,3,PROCESSED,1789018224229
2221962,1,INITIATED,1789018224154
2221962,2,VALIDATED,1789018224202
2221962,3,REJECTED,1789018224227
2221963,1,INITIATED,1789018224155
2221963,2,VALIDATED,1789018224202
2221963,3,REJECTED,1789018224228
2221964,1,INITIATED,1789018224156
2221964,2,VALIDATED,1789018224226
2221964,3,PROCESSED,1789018224236
2221965,1,INITIATED,1789018224181
2221965,2,VALIDATED,1789018224226
2221965,3,REJECTED,1789018224231
2221966,1,INITIATED,1789018224180
2221966,2,VALIDATED,1789018224227
2221966,3,PROCESSED,1789018224236
2221967,1,INITIATED,1789018224182
2221967,2,VALIDATED,1789018224226
2221967,3,PROCESSED,1789018224236
2221968,1,INITIATED,1789018224201
2221968,2,VALIDATED,1789018224226
2221968,3,PROCESSED,1789018224236
2221969,1,INITIATED,1789018224221
2221969,2,VALIDATED,1789018224228
2221969,3,PROCESSED,1789018224236
2221970,1,INITIATED,1789018224241
2221970,2,VALIDATED,1789018224244
2221970,3,PROCESSED,1789018224250
2221971,1,INITIATED,1789018224261
2221971,2,VALIDATED,1789018224265
2221971,3,PROCESSED,1789018224272
2221972,1,INITIATED,1789018224280
2221972,2,VALIDATED,1789018224283
2221972,3,PROCESSED,1789018224289
2221973,1,INITIATED,1789018224302
2221973,2,VALIDATED,1789018224306
2221973,3,PROCESSED,1789018224311
2221974,1,INITIATED,1789018224321
2221974,2,VALIDATED,1789018224325
2221974,3,PROCESSED,1789018224334
2221975,1,INITIATED,1789018224341
2221975,2,VALIDATED,1789018224345
2221975,3,PROCESSED,1789018224350
2221976,1,INITIATED,1789018224948
2221976,2,VALIDATED,1789018226438
2221976,3,PROCESSED,1789018229493
2221977,1,INITIATED,1789018224948
2221977,2,VALIDATED,1789018225559
2221977,3,PROCESSED,1789018232018
2221978,1,INITIATED,1789018224945
2221978,2,VALIDATED,1789018225361
2221978,3,PROCESSED,1789018226955
2221979,1,INITIATED,1789018224949
2221979,2,VALIDATED,1789018225360
2221979,3,PROCESSED,1789018232020
2221980,1,INITIATED,1789018224948
2221980,2,VALIDATED,1789018225359
2221980,3,PROCESSED,1789018226799
2221981,1,INITIATED,1789018224948
2221981,2,VALIDATED,1789018225357
2221981,3,PROCESSED,1789018226798
2221982,1,INITIATED,1789018224945
2221982,2,VALIDATED,1789018225357
2221982,3,PROCESSED,1789018226894
2221983,1,INITIATED,1789018224949
2221983,2,VALIDATED,1789018225559
2221983,3,PROCESSED,1789018229495
2221984,1,INITIATED,1789018224947
2221984,2,VALIDATED,1789018226439
2221984,3,PROCESSED,1789018229499
2221985,1,INITIATED,1789018224947
2221985,2,VALIDATED,1789018225559
2221985,3,PROCESSED,1789018229503
2221986,1,INITIATED,1789018224948
2221986,2,VALIDATED,1789018225557
2221986,3,PROCESSED,1789018226895
2221987,1,INITIATED,1789018224949
2221987,2,VALIDATED,1789018225358
2221987,3,PROCESSED,1789018226895
2221988,1,INITIATED,1789018224949
2221988,2,VALIDATED,1789018226437
2221988,3,PROCESSED,1789018229502
2221989,1,INITIATED,1789018224948
2221989,2,VALIDATED,1789018226439
2221989,3,PROCESSED,1789018229501
2221990,1,INITIATED,1789018224946
2221990,2,VALIDATED,1789018225561
2221990,3,PROCESSED,1789018229503
2221991,1,INITIATED,1789018224948
2221991,2,VALIDATED,1789018225561
2221991,3,PROCESSED,1789018228627
2221992,1,INITIATED,1789018224945
2221992,2,VALIDATED,1789018226436
2221992,3,PROCESSED,1789018229502
2221993,1,INITIATED,1789018224947
2221993,2,VALIDATED,1789018225360
2221993,3,PROCESSED,1789018226894
2221994,1,INITIATED,1789018224945
2221994,2,VALIDATED,1789018225357
2221994,3,PROCESSED,1789018226801
2221995,1,INITIATED,1789018224949
2221995,2,VALIDATED,1789018225558
2221995,3,PROCESSED,1789018228624
2221996,1,INITIATED,1789018224949
2221996,2,VALIDATED,1789018226437
2221996,3,PROCESSED,1789018229502
2221997,1,INITIATED,1789018224945
2221997,2,VALIDATED,1789018225558
2221997,3,PROCESSED,1789018229501
2221998,1,INITIATED,1789018224949
2221998,2,VALIDATED,1789018226439
2221998,3,PROCESSED,1789018229495
2221999,1,INITIATED,1789018224949
2221999,2,VALIDATED,1789018225360
2221999,3,PROCESSED,1789018226894
2222000,1,INITIATED,1789018224948
2222000,2,VALIDATED,1789018225358
2222000,3,PROCESSED,1789018226894
2222001,1,INITIATED,1789018224946
2222001,2,VALIDATED,1789018225361
2222001,3,PROCESSED,1789018226443
2222002,1,INITIATED,1789018224948
2222002,2,VALIDATED,1789018225560
2222002,3,PROCESSED,1789018228622
2222003,1,INITIATED,1789018224947
2222003,2,VALIDATED,1789018226436
2222003,3,PROCESSED,1789018229501
2222004,1,INITIATED,1789018224949
2222004,2,VALIDATED,1789018225560
2222004,3,PROCESSED,1789018228480
2222005,1,INITIATED,1789018224945
2222005,2,VALIDATED,1789018225359
2222005,3,PROCESSED,1789018226801
2222006,1,INITIATED,1789018224962
2222006,2,VALIDATED,1789018226892
2222006,3,PROCESSED,1789018231761
2222007,1,INITIATED,1789018225349
2222007,2,VALIDATED,1789018226892
2222007,3,PROCESSED,1789018229917
2222008,1,INITIATED,1789018225353
2222008,2,VALIDATED,1789018226889
2222008,3,PROCESSED,1789018229917
2222009,1,INITIATED,1789018225355
2222009,2,VALIDATED,1789018226442
2222009,3,PROCESSED,1789018229501
2222010,1,INITIATED,1789018225354
2222010,2,VALIDATED,1789018226889
2222010,3,PROCESSED,1789018229917
2222011,1,INITIATED,1789018225354
2222011,2,VALIDATED,1789018226443
2222011,3,PROCESSED,1789018229500
2222012,1,INITIATED,1789018225356
2222012,2,VALIDATED,1789018226799
2222012,3,PROCESSED,1789018229502
2222013,1,INITIATED,1789018225356
2222013,2,VALIDATED,1789018226442
2222013,3,PROCESSED,1789018226954
2222014,1,INITIATED,1789018225359
2222014,2,VALIDATED,1789018226891
2222014,3,PROCESSED,1789018231763
2222015,1,INITIATED,1789018225357
2222015,2,VALIDATED,1789018226442
2222015,3,PROCESSED,1789018232042
2222016,1,INITIATED,1789018225359
2222016,2,VALIDATED,1789018226436
2222016,3,PROCESSED,1789018226894
2222017,1,INITIATED,1789018225357
2222017,2,VALIDATED,1789018226443
2222017,3,PROCESSED,1789018226954
2222018,1,INITIATED,1789018225361
2222018,2,VALIDATED,1789018226443
2222018,3,PROCESSED,1789018231481
2222019,1,INITIATED,1789018225358
2222019,2,VALIDATED,1789018226443
2222019,3,PROCESSED,1789018229501
2222020,1,INITIATED,1789018225360
2222020,2,VALIDATED,1789018226889
2222020,3,PROCESSED,1789018232159
2222021,1,INITIATED,1789018225359
2222021,2,VALIDATED,1789018226799
2222021,3,PROCESSED,1789018229503
2222022,1,INITIATED,1789018225359
2222022,2,VALIDATED,1789018226437
2222022,3,PROCESSED,1789018226954
2222023,1,INITIATED,1789018225361
2222023,2,VALIDATED,1789018226443
2222023,3,PROCESSED,1789018226895
2222024,1,INITIATED,1789018225361
2222024,2,VALIDATED,1789018226437
2222024,3,PROCESSED,1789018229503
2222025,1,INITIATED,1789018225361
2222025,2,VALIDATED,1789018226891
2222025,3,PROCESSED,1789018229915
2222026,1,INITIATED,1789018225557
2222026,2,VALIDATED,1789018232036
2222026,3,PROCESSED,1789018232302
2222027,1,INITIATED,1789018225557
2222027,2,VALIDATED,1789018226957
2222027,3,PROCESSED,1789018229916
2222028,1,INITIATED,1789018225558
2222028,2,VALIDATED,1789018226890
2222028,3,PROCESSED,1789018231743
2222029,1,INITIATED,1789018225559
2222029,2,VALIDATED,1789018226891
2222029,3,PROCESSED,1789018229915
2222030,1,INITIATED,1789018225561
2222030,2,VALIDATED,1789018228505
2222030,3,PROCESSED,1789018231706
2222031,1,INITIATED,1789018226437
2222031,2,VALIDATED,1789018228628
2222031,3,PROCESSED,1789018231776
2222032,1,INITIATED,1789018226437
2222032,2,VALIDATED,1789018229493
2222032,3,PROCESSED,1789018232014
2222033,1,INITIATED,1789018226438
2222033,2,VALIDATED,1789018228627
2222033,3,PROCESSED,1789018231706
2222034,1,INITIATED,1789018226440
2222034,2,VALIDATED,1789018229493
2222034,3,PROCESSED,1789018231773
2222035,1,INITIATED,1789018226440
2222035,2,VALIDATED,1789018231705
2222035,3,PROCESSED,1789018232042
2222036,1,INITIATED,1789018226892
2222036,2,VALIDATED,1789018229908
2222036,3,PROCESSED,1789018231479
2222037,1,INITIATED,1789018226891
2222037,2,VALIDATED,1789018229912
2222037,3,PROCESSED,1789018231465
2222038,1,INITIATED,1789018226891
2222038,2,VALIDATED,1789018229910
2222038,3,PROCESSED,1789018231480
2222039,1,INITIATED,1789018226891
2222039,2,VALIDATED,1789018229913
2222039,3,PROCESSED,1789018232017
2222040,1,INITIATED,1789018226956
2222040,2,VALIDATED,1789018231715
2222040,3,PROCESSED,1789018232844
2222041,1,INITIATED,1789018226956
2222041,2,VALIDATED,1789018231715
2222041,3,PROCESSED,1789018232337
2222042,1,INITIATED,1789018226956
2222042,2,VALIDATED,1789018231716
2222042,3,PROCESSED,1789018232246
2222043,1,INITIATED,1789018226956
2222043,2,VALIDATED,1789018231712
2222043,3,PROCESSED,1789018232224
2222044,1,INITIATED,1789018226956
2222044,2,VALIDATED,1789018231714
2222044,3,PROCESSED,1789018232244
2222045,1,INITIATED,1789018228064
2222045,2,VALIDATED,1789018231476
2222045,3,PROCESSED,1789018232200
2222046,1,INITIATED,1789018228067
2222046,2,VALIDATED,1789018232039
2222046,3,PROCESSED,1789018232820
2222047,1,INITIATED,1789018228069
2222047,2,VALIDATED,1789018231475
2222047,3,PROCESSED,1789018232798
2222048,1,INITIATED,1789018228066
2222048,2,VALIDATED,1789018232016
2222048,3,REJECTED,1789018232281
2222049,1,INITIATED,1789018228066
2222049,2,VALIDATED,1789018228504
2222049,3,PROCESSED,1789018231705
2222050,1,INITIATED,1789018228065
2222050,2,VALIDATED,1789018232217
2222050,3,REJECTED,1789018232792
2222051,1,INITIATED,1789018228064
2222051,2,VALIDATED,1789018231477
2222051,3,PROCESSED,1789018232201
2222052,1,INITIATED,1789018228067
2222052,2,VALIDATED,1789018232037
2222052,3,PROCESSED,1789018232301
2222053,1,INITIATED,1789018228070
2222053,2,VALIDATED,1789018231775
2222053,3,REJECTED,1789018232266
2222054,1,INITIATED,1789018228064
2222054,2,VALIDATED,1789018231774
2222054,3,PROCESSED,1789018232272
2222055,1,INITIATED,1789018228068
2222055,2,VALIDATED,1789018231476
2222055,3,PROCESSED,1789018232298
2222056,1,INITIATED,1789018228069
2222056,2,VALIDATED,1789018231463
2222056,3,PROCESSED,1789018232178
2222057,1,INITIATED,1789018228067
2222057,2,VALIDATED,1789018232320
2222057,3,PROCESSED,1789018232839
2222058,1,INITIATED,1789018228068
2222058,2,VALIDATED,1789018231464
2222058,3,PROCESSED,1789018231769
2222059,1,INITIATED,1789018228064
2222059,2,VALIDATED,1789018231461
2222059,3,PROCESSED,1789018232285
2222060,1,INITIATED,1789018228068
2222060,2,VALIDATED,1789018231776
2222060,3,PROCESSED,1789018232275
2222061,1,INITIATED,1789018228069
2222061,2,VALIDATED,1789018228482
2222061,3,REJECTED,1789018231704
2222062,1,INITIATED,1789018228067
2222062,2,VALIDATED,1789018228478
2222062,3,PROCESSED,1789018229502
2222063,1,INITIATED,1789018228068
2222063,2,VALIDATED,1789018231473
2222063,3,PROCESSED,1789018232299
2222064,1,INITIATED,1789018228065
2222064,2,VALIDATED,1789018231475
2222064,3,PROCESSED,1789018232199
2222065,1,INITIATED,1789018228070
2222065,2,VALIDATED,1789018232031
2222065,3,PROCESSED,1789018232200
2222066,1,INITIATED,1789018228068
2222066,2,VALIDATED,1789018228505
2222066,3,PROCESSED,1789018231720
2222067,1,INITIATED,1789018228069
2222067,2,VALIDATED,1789018231478
2222067,3,PROCESSED,1789018232201
2222068,1,INITIATED,1789018228066
2222068,2,VALIDATED,1789018231464
2222068,3,PROCESSED,1789018232178
2222069,1,INITIATED,1789018228063
2222069,2,VALIDATED,1789018232033
2222069,3,PROCESSED,1789018232300
2222070,1,INITIATED,1789018228065
2222070,2,VALIDATED,1789018231474
2222070,3,PROCESSED,1789018232295
2222071,1,INITIATED,1789018228069
2222071,2,VALIDATED,1789018231477
2222071,3,PROCESSED,1789018232014
2222072,1,INITIATED,1789018228068
2222072,2,VALIDATED,1789018228481
2222072,3,PROCESSED,1789018232134
2222073,1,INITIATED,1789018228067
2222073,2,VALIDATED,1789018232034
2222073,3,PROCESSED,1789018232301
2222074,1,INITIATED,1789018228065
2222074,2,VALIDATED,1789018231464
2222074,3,PROCESSED,1789018231768
2222075,1,INITIATED,1789018228070
2222075,2,VALIDATED,1789018232035
2222075,3,PROCESSED,1789018232819
2222076,1,INITIATED,1789018228066
2222076,2,VALIDATED,1789018232038
2222076,3,PROCESSED,1789018232300
2222077,1,INITIATED,1789018228476
2222077,2,VALIDATED,1789018231701
2222077,3,PROCESSED,1789018232042
2222078,1,INITIATED,1789018228476
2222078,2,VALIDATED,1789018228625
2222078,3,PROCESSED,1789018231705
2222079,1,INITIATED,1789018228476
2222079,2,VALIDATED,1789018228627
2222079,3,PROCESSED,1789018231706
2222080,1,INITIATED,1789018228477
2222080,2,VALIDATED,1789018231705
2222080,3,PROCESSED,1789018232221
2222081,1,INITIATED,1789018228477
2222081,2,VALIDATED,1789018231704
2222081,3,PROCESSED,1789018232223
2222082,1,INITIATED,1789018228478
2222082,2,VALIDATED,1789018231705
2222082,3,PROCESSED,1789018232041
2222083,1,INITIATED,1789018228478
2222083,2,VALIDATED,1789018231704
2222083,3,PROCESSED,1789018232043
2222084,1,INITIATED,1789018228479
2222084,2,VALIDATED,1789018231704
2222084,3,PROCESSED,1789018232042
2222085,1,INITIATED,1789018228479
2222085,2,VALIDATED,1789018231702
2222085,3,PROCESSED,1789018232037
2222086,1,INITIATED,1789018228480
2222086,2,VALIDATED,1789018231704
2222086,3,PROCESSED,1789018232223
2222087,1,INITIATED,1789018228484
2222087,2,VALIDATED,1789018231703
2222087,3,PROCESSED,1789018232223
2222088,1,INITIATED,1789018228484
2222088,2,VALIDATED,1789018231703
2222088,3,PROCESSED,1789018232334
2222089,1,INITIATED,1789018228481
2222089,2,VALIDATED,1789018231704
2222089,3,PROCESSED,1789018232042
2222090,1,INITIATED,1789018228481
2222090,2,VALIDATED,1789018231704
2222090,3,PROCESSED,1789018232223
2222091,1,INITIATED,1789018228482
2222091,2,VALIDATED,1789018231481
2222091,3,PROCESSED,1789018232222
2222092,1,INITIATED,1789018228484
2222092,2,VALIDATED,1789018232152
2222092,3,PROCESSED,1789018232823
2222093,1,INITIATED,1789018228482
2222093,2,VALIDATED,1789018231705
2222093,3,PROCESSED,1789018232221
2222094,1,INITIATED,1789018228483
2222094,2,VALIDATED,1789018232152
2222094,3,PROCESSED,1789018232327
2222095,1,INITIATED,1789018228484
2222095,2,VALIDATED,1789018231705
2222095,3,PROCESSED,1789018232039
2222096,1,INITIATED,1789018228505
2222096,2,VALIDATED,1789018231702
2222096,3,PROCESSED,1789018232221
2222097,1,INITIATED,1789018228506
2222097,2,VALIDATED,1789018231705
2222097,3,PROCESSED,1789018232224
2222098,1,INITIATED,1789018228505
2222098,2,VALIDATED,1789018231701
2222098,3,PROCESSED,1789018232223
2222099,1,INITIATED,1789018229494
2222099,2,VALIDATED,1789018231770
2222099,3,PROCESSED,1789018232279
2222100,1,INITIATED,1789018229500
2222100,2,VALIDATED,1789018232178
2222100,3,PROCESSED,1789018232338
2222101,1,INITIATED,1789018229491
2222101,2,VALIDATED,1789018231774
2222101,3,PROCESSED,1789018232641
2222102,1,INITIATED,1789018229496
2222102,2,VALIDATED,1789018231774
2222102,3,PROCESSED,1789018232280
2222103,1,INITIATED,1789018229495
2222103,2,VALIDATED,1789018231461
2222103,3,PROCESSED,1789018231767
2222104,1,INITIATED,1789018229498
2222104,2,VALIDATED,1789018231760
2222104,3,PROCESSED,1789018232246
2222105,1,INITIATED,1789018229493
2222105,2,VALIDATED,1789018232177
2222105,3,PROCESSED,1789018232387
2222106,1,INITIATED,1789018229497
2222106,2,VALIDATED,1789018231775
2222106,3,PROCESSED,1789018232643
2222107,1,INITIATED,1789018229497
2222107,2,VALIDATED,1789018231773
2222107,3,PROCESSED,1789018232643
2222108,1,INITIATED,1789018229497
2222108,2,VALIDATED,1789018231775
2222108,3,PROCESSED,1789018232273
2222109,1,INITIATED,1789018229906
2222109,2,VALIDATED,1789018231462
2222109,3,PROCESSED,1789018232179
2222110,1,INITIATED,1789018229913
2222110,2,VALIDATED,1789018232016
2222110,3,PROCESSED,1789018232295
2222111,1,INITIATED,1789018229908
2222111,2,VALIDATED,1789018232017
2222111,3,PROCESSED,1789018232296
2222112,1,INITIATED,1789018229909
2222112,2,VALIDATED,1789018232196
2222112,3,PROCESSED,1789018232642
2222113,1,INITIATED,1789018229910
2222113,2,VALIDATED,1789018232017
2222113,3,PROCESSED,1789018232283
2222114,1,INITIATED,1789018229911
2222114,2,VALIDATED,1789018232016
2222114,3,PROCESSED,1789018232296
2222115,1,INITIATED,1789018229911
2222115,2,VALIDATED,1789018231461
2222115,3,PROCESSED,1789018232178
2222116,1,INITIATED,1789018229910
2222116,2,VALIDATED,1789018232018
2222116,3,PROCESSED,1789018232640
2222117,1,INITIATED,1789018229911
2222117,2,VALIDATED,1789018231772
2222117,3,PROCESSED,1789018232643
2222118,1,INITIATED,1789018229915
2222118,2,VALIDATED,1789018231462
2222118,3,PROCESSED,1789018231769
2222119,1,INITIATED,1789018229914
2222119,2,VALIDATED,1789018231462
2222119,3,PROCESSED,1789018232287
2222120,1,INITIATED,1789018229913
2222120,2,VALIDATED,1789018232017
2222120,3,PROCESSED,1789018232296
2222121,1,INITIATED,1789018229915
2222121,2,VALIDATED,1789018231463
2222121,3,PROCESSED,1789018231767
2222122,1,INITIATED,1789018229915
2222122,2,VALIDATED,1789018232017
2222122,3,PROCESSED,1789018232794
2222123,1,INITIATED,1789018229915
2222123,2,VALIDATED,1789018231462
2222123,3,PROCESSED,1789018232279
2222124,1,INITIATED,1789018229915
2222124,2,VALIDATED,1789018231462
2222124,3,PROCESSED,1789018232179
2222125,1,INITIATED,1789018229917
2222125,2,VALIDATED,1789018231776
2222125,3,PROCESSED,1789018232797
2222126,1,INITIATED,1789018229916
2222126,2,VALIDATED,1789018231460
2222126,3,PROCESSED,1789018232292
2222127,1,INITIATED,1789018229916
2222127,2,VALIDATED,1789018232016
2222127,3,PROCESSED,1789018232797
2222128,1,INITIATED,1789018229916
2222128,2,VALIDATED,1789018231464
2222128,3,PROCESSED,1789018232199
2222129,1,INITIATED,1789018229916
2222129,2,VALIDATED,1789018232015
2222129,3,PROCESSED,1789018232297
2222130,1,INITIATED,1789018229917
2222130,2,VALIDATED,1789018231776
2222130,3,PROCESSED,1789018232281
2222131,1,INITIATED,1789018229941
2222131,2,VALIDATED,1789018231473
2222131,3,PROCESSED,1789018232201
2222132,1,INITIATED,1789018230050
2222132,2,VALIDATED,1789018232154
2222132,3,PROCESSED,1789018232243
2222133,1,INITIATED,1789018230051
2222133,2,VALIDATED,1789018232150
2222133,3,PROCESSED,1789018232222
2222134,1,INITIATED,1789018230048
2222134,2,VALIDATED,1789018231476
2222134,3,PROCESSED,1789018232199
2222135,1,INITIATED,1789018230051
2222135,2,VALIDATED,1789018232173
2222135,3,PROCESSED,1789018232246
2222136,1,INITIATED,1789018230051
2222136,2,VALIDATED,1789018231715
2222136,3,PROCESSED,1789018232041
2222137,1,INITIATED,1789018230050
2222137,2,VALIDATED,1789018231703
2222137,3,PROCESSED,1789018232222
2222138,1,INITIATED,1789018230050
2222138,2,VALIDATED,1789018232149
2222138,3,PROCESSED,1789018232221
2222139,1,INITIATED,1789018231008
2222139,2,VALIDATED,1789018231715
2222139,3,PROCESSED,1789018232337
2222140,1,INITIATED,1789018231014
2222140,2,VALIDATED,1789018232382
2222140,3,PROCESSED,1789018232873
2222141,1,INITIATED,1789018231007
2222141,2,VALIDATED,1789018232148
2222141,3,PROCESSED,1789018232221
2222142,1,INITIATED,1789018231009
2222142,2,VALIDATED,1789018232169
2222142,3,PROCESSED,1789018232240
2222143,1,INITIATED,1789018231008
2222143,2,VALIDATED,1789018231713
2222143,3,PROCESSED,1789018232158
2222144,1,INITIATED,1789018231007
2222144,2,VALIDATED,1789018232177
2222144,3,PROCESSED,1789018232638
2222145,1,INITIATED,1789018231007
2222145,2,VALIDATED,1789018232158
2222145,3,PROCESSED,1789018232334
2222146,1,INITIATED,1789018231010
2222146,2,VALIDATED,1789018232158
2222146,3,PROCESSED,1789018232821
2222147,1,INITIATED,1789018231009
2222147,2,VALIDATED,1789018232156
2222147,3,PROCESSED,1789018232845
2222148,1,INITIATED,1789018231008
2222148,2,VALIDATED,1789018232153
2222148,3,PROCESSED,1789018232336
2222149,1,INITIATED,1789018231012
2222149,2,VALIDATED,1789018232149
2222149,3,PROCESSED,1789018232222
2222150,1,INITIATED,1789018231015
2222150,2,VALIDATED,1789018231712
2222150,3,PROCESSED,1789018232222
2222151,1,INITIATED,1789018231013
2222151,2,VALIDATED,1789018232170
2222151,3,PROCESSED,1789018232246
2222152,1,INITIATED,1789018231012
2222152,2,VALIDATED,1789018231715
2222152,3,PROCESSED,1789018232246
2222153,1,INITIATED,1789018231011
2222153,2,VALIDATED,1789018231713
2222153,3,PROCESSED,1789018232245
2222154,1,INITIATED,1789018231012
2222154,2,VALIDATED,1789018232158
2222154,3,PROCESSED,1789018232336
2222155,1,INITIATED,1789018231014
2222155,2,VALIDATED,1789018232244
2222155,3,PROCESSED,1789018232300
2222156,1,INITIATED,1789018231011
2222156,2,VALIDATED,1789018232149
2222156,3,PROCESSED,1789018232324
2222157,1,INITIATED,1789018231014
2222157,2,VALIDATED,1789018231714
2222157,3,PROCESSED,1789018232244
2222158,1,INITIATED,1789018231011
2222158,2,VALIDATED,1789018232157
2222158,3,PROCESSED,1789018232329
2222159,1,INITIATED,1789018231011
2222159,2,VALIDATED,1789018232176
2222159,3,PROCESSED,1789018232246
2222160,1,INITIATED,1789018231014
2222160,2,VALIDATED,1789018232157
2222160,3,PROCESSED,1789018232823
2222161,1,INITIATED,1789018231015
2222161,2,VALIDATED,1789018231713
2222161,3,PROCESSED,1789018232337
2222162,1,INITIATED,1789018231010
2222162,2,VALIDATED,1789018232153
2222162,3,PROCESSED,1789018232244
2222163,1,INITIATED,1789018231012
2222163,2,VALIDATED,1789018232157
2222163,3,PROCESSED,1789018232332
2222164,1,INITIATED,1789018231008
2222164,2,VALIDATED,1789018231712
2222164,3,PROCESSED,1789018232042
2222165,1,INITIATED,1789018231014
2222165,2,VALIDATED,1789018231713
2222165,3,PROCESSED,1789018232243
2222166,1,INITIATED,1789018231029
2222166,2,VALIDATED,1789018232171
2222166,3,PROCESSED,1789018232242
2222167,1,INITIATED,1789018231029
2222167,2,VALIDATED,1789018232173
2222167,3,REJECTED,1789018232328
2222168,1,INITIATED,1789018231458
2222168,2,VALIDATED,1789018232174
2222168,3,PROCESSED,1789018232388
2222169,1,INITIATED,1789018231458
2222169,2,VALIDATED,1789018232199
2222169,3,PROCESSED,1789018232277
2222170,1,INITIATED,1789018231458
2222170,2,VALIDATED,1789018232178
2222170,3,PROCESSED,1789018232382
2222171,1,INITIATED,1789018231459
2222171,2,VALIDATED,1789018232192
2222171,3,PROCESSED,1789018232635
2222172,1,INITIATED,1789018231460
2222172,2,VALIDATED,1789018232276
2222172,3,PROCESSED,1789018232844
2222173,1,INITIATED,1789018231463
2222173,2,VALIDATED,1789018232272
2222173,3,PROCESSED,1789018232815
2222174,1,INITIATED,1789018231460
2222174,2,VALIDATED,1789018232280
2222174,3,REJECTED,1789018232810
2222175,1,INITIATED,1789018231460
2222175,2,VALIDATED,1789018232177
2222175,3,PROCESSED,1789018232387
2222176,1,INITIATED,1789018231460
2222176,2,VALIDATED,1789018232175
2222176,3,PROCESSED,1789018232388
2222177,1,INITIATED,1789018231461
2222177,2,VALIDATED,1789018232172
2222177,3,PROCESSED,1789018232845
2222178,1,INITIATED,1789018231461
2222178,2,VALIDATED,1789018231764
2222178,3,PROCESSED,1789018232249
2222179,1,INITIATED,1789018231464
2222179,2,VALIDATED,1789018232173
2222179,3,REJECTED,1789018232236
2222180,1,INITIATED,1789018231462
2222180,2,VALIDATED,1789018232179
2222180,3,PROCESSED,1789018232386
2222181,1,INITIATED,1789018231462
2222181,2,VALIDATED,1789018232174
2222181,3,PROCESSED,1789018232338
2222182,1,INITIATED,1789018231463
2222182,2,VALIDATED,1789018232177
2222182,3,PROCESSED,1789018232386
2222183,1,INITIATED,1789018231464
2222183,2,VALIDATED,1789018232179
2222183,3,PROCESSED,1789018232387
2222184,1,INITIATED,1789018231477
2222184,2,VALIDATED,1789018232194
2222184,3,PROCESSED,1789018232387
2222185,1,INITIATED,1789018231478
2222185,2,VALIDATED,1789018232196
2222185,3,PROCESSED,1789018232276
2222186,1,INITIATED,1789018231474
2222186,2,VALIDATED,1789018232199
2222186,3,REJECTED,1789018232640
2222187,1,INITIATED,1789018231476
2222187,2,VALIDATED,1789018232195
2222187,3,PROCESSED,1789018232637
2222188,1,INITIATED,1789018231474
2222188,2,VALIDATED,1789018232199
2222188,3,REJECTED,1789018232385
2222189,1,INITIATED,1789018231477
2222189,2,VALIDATED,1789018232195
2222189,3,PROCESSED,1789018232643
2222190,1,INITIATED,1789018231479
2222190,2,VALIDATED,1789018232197
2222190,3,PROCESSED,1789018232389
2222191,1,INITIATED,1789018231478
2222191,2,VALIDATED,1789018232285
2222191,3,PROCESSED,1789018232332
2222192,1,INITIATED,1789018231476
2222192,2,VALIDATED,1789018232293
2222192,3,PROCESSED,1789018232822
2222193,1,INITIATED,1789018231475
2222193,2,VALIDATED,1789018231776
2222193,3,PROCESSED,1789018232292
2222194,1,INITIATED,1789018231479
2222194,2,VALIDATED,1789018232299
2222194,3,REJECTED,1789018232835
2222195,1,INITIATED,1789018231479
2222195,2,VALIDATED,1789018232198
2222195,3,PROCESSED,1789018232388
2222196,1,INITIATED,1789018231477
2222196,2,VALIDATED,1789018232197
2222196,3,PROCESSED,1789018232642
2222197,1,INITIATED,1789018231478
2222197,2,VALIDATED,1789018232192
2222197,3,PROCESSED,1789018232642
2222198,1,INITIATED,1789018231478
2222198,2,VALIDATED,1789018232198
2222198,3,PROCESSED,1789018232388
2222199,1,INITIATED,1789018231479
2222199,2,VALIDATED,1789018232794
2222199,3,PROCESSED,1789018232879
2222200,1,INITIATED,1789018231478
2222200,2,VALIDATED,1789018232292
2222200,3,PROCESSED,1789018232820
2222201,1,INITIATED,1789018231699
2222201,2,VALIDATED,1789018232216
2222201,3,PROCESSED,1789018232796
2222202,1,INITIATED,1789018231699
2222202,2,VALIDATED,1789018232217
2222202,3,PROCESSED,1789018232642
2222203,1,INITIATED,1789018231699
2222203,2,VALIDATED,1789018232218
2222203,3,PROCESSED,1789018232643
2222204,1,INITIATED,1789018231701
2222204,2,VALIDATED,1789018232321
2222204,3,PROCESSED,1789018232842
2222205,1,INITIATED,1789018231702
2222205,2,VALIDATED,1789018232220
2222205,3,PROCESSED,1789018232277
2222206,1,INITIATED,1789018231708
2222206,2,VALIDATED,1789018232319
2222206,3,PROCESSED,1789018232843
2222207,1,INITIATED,1789018231708
2222207,2,VALIDATED,1789018232330
2222207,3,PROCESSED,1789018232848
2222208,1,INITIATED,1789018231708
2222208,2,VALIDATED,1789018232037
2222208,3,PROCESSED,1789018232301
2222209,1,INITIATED,1789018231718
2222209,2,VALIDATED,1789018232236
2222209,3,PROCESSED,1789018232796
2222210,1,INITIATED,1789018231718
2222210,2,VALIDATED,1789018232238
2222210,3,PROCESSED,1789018232798
2222211,1,INITIATED,1789018231722
2222211,2,VALIDATED,1789018232237
2222211,3,PROCESSED,1789018232796
2222212,1,INITIATED,1789018231722
2222212,2,VALIDATED,1789018232331
2222212,3,PROCESSED,1789018232845
2222213,1,INITIATED,1789018231723
2222213,2,VALIDATED,1789018232335
2222213,3,PROCESSED,1789018232848
2222214,1,INITIATED,1789018231723
2222214,2,VALIDATED,1789018232237
2222214,3,PROCESSED,1789018232796
2222215,1,INITIATED,1789018231723
2222215,2,VALIDATED,1789018232236
2222215,3,PROCESSED,1789018232300
2222216,1,INITIATED,1789018231723
2222216,2,VALIDATED,1789018232333
2222216,3,PROCESSED,1789018232848
2222217,1,INITIATED,1789018231743
2222217,2,VALIDATED,1789018232234
2222217,3,PROCESSED,1789018232797
2222218,1,INITIATED,1789018231743
2222218,2,VALIDATED,1789018232238
2222218,3,PROCESSED,1789018232797
2222219,1,INITIATED,1789018231742
2222219,2,VALIDATED,1789018232157
2222219,3,PROCESSED,1789018232847
2222220,1,INITIATED,1789018231743
2222220,2,VALIDATED,1789018232239
2222220,3,PROCESSED,1789018232797
2222221,1,INITIATED,1789018231742
2222221,2,VALIDATED,1789018232148
2222221,3,PROCESSED,1789018232331
2222222,1,INITIATED,1789018231743
2222222,2,VALIDATED,1789018232153
2222222,3,PROCESSED,1789018232337
2222223,1,INITIATED,1789018231758
2222223,2,VALIDATED,1789018232239
2222223,3,PROCESSED,1789018232798
2222224,1,INITIATED,1789018231759
2222224,2,VALIDATED,1789018232246
2222224,3,PROCESSED,1789018232299
2222225,1,INITIATED,1789018231763
2222225,2,VALIDATED,1789018232243
2222225,3,PROCESSED,1789018232797
2222226,1,INITIATED,1789018231759
2222226,2,VALIDATED,1789018232156
2222226,3,PROCESSED,1789018232329
2222227,1,INITIATED,1789018231761
2222227,2,VALIDATED,1789018232242
2222227,3,PROCESSED,1789018232798
2222228,1,INITIATED,1789018231760
2222228,2,VALIDATED,1789018232377
2222228,3,PROCESSED,1789018232869
2222229,1,INITIATED,1789018231765
2222229,2,VALIDATED,1789018232260
2222229,3,PROCESSED,1789018232822
2222230,1,INITIATED,1789018231760
2222230,2,VALIDATED,1789018232335
2222230,3,PROCESSED,1789018232848
2222231,1,INITIATED,1789018231762
2222231,2,VALIDATED,1789018232246
2222231,3,PROCESSED,1789018232815
2222232,1,INITIATED,1789018231761
2222232,2,VALIDATED,1789018232238
2222232,3,PROCESSED,1789018232796
2222233,1,INITIATED,1789018231763
2222233,2,VALIDATED,1789018232150
2222233,3,PROCESSED,1789018232324
2222234,1,INITIATED,1789018231762
2222234,2,VALIDATED,1789018232244
2222234,3,PROCESSED,1789018232298
2222235,1,INITIATED,1789018231762
2222235,2,VALIDATED,1789018232383
2222235,3,PROCESSED,1789018232871
2222236,1,INITIATED,1789018231762
2222236,2,VALIDATED,1789018232243
2222236,3,PROCESSED,1789018232821
2222237,1,INITIATED,1789018231764
2222237,2,VALIDATED,1789018232261
2222237,3,PROCESSED,1789018232817
2222238,1,INITIATED,1789018231766
2222238,2,VALIDATED,1789018232264
2222238,3,PROCESSED,1789018232300
2222239,1,INITIATED,1789018231766
2222239,2,VALIDATED,1789018232264
2222239,3,PROCESSED,1789018232301
2222240,1,INITIATED,1789018231765
2222240,2,VALIDATED,1789018232260
2222240,3,PROCESSED,1789018232816
2222241,1,INITIATED,1789018231764
2222241,2,VALIDATED,1789018232383
2222241,3,PROCESSED,1789018232868
2222242,1,INITIATED,1789018231766
2222242,2,VALIDATED,1789018232261
2222242,3,PROCESSED,1789018232816
2222243,1,INITIATED,1789018231767
2222243,2,VALIDATED,1789018232270
2222243,3,PROCESSED,1789018232821
2222244,1,INITIATED,1789018231772
2222244,2,VALIDATED,1789018232270
2222244,3,PROCESSED,1789018232819
2222245,1,INITIATED,1789018231770
2222245,2,VALIDATED,1789018232263
2222245,3,PROCESSED,1789018232819
2222246,1,INITIATED,1789018231775
2222246,2,VALIDATED,1789018232793
2222246,3,PROCESSED,1789018232880
2222247,1,INITIATED,1789018231771
2222247,2,VALIDATED,1789018232265
2222247,3,PROCESSED,1789018232816
2222248,1,INITIATED,1789018231773
2222248,2,VALIDATED,1789018232278
2222248,3,PROCESSED,1789018232819
2222249,1,INITIATED,1789018231775
2222249,2,VALIDATED,1789018232285
2222249,3,PROCESSED,1789018232822
2222250,1,INITIATED,1789018231776
2222250,2,VALIDATED,1789018232285
2222250,3,PROCESSED,1789018232330
2222251,1,INITIATED,1789018231776
2222251,2,VALIDATED,1789018232284
2222251,3,PROCESSED,1789018232820
2222252,1,INITIATED,1789018232013
2222252,2,VALIDATED,1789018232176
2222252,3,REJECTED,1789018232382
2222253,1,INITIATED,1789018232017
2222253,2,VALIDATED,1789018232281
2222253,3,PROCESSED,1789018232330
2222254,1,INITIATED,1789018232016
2222254,2,VALIDATED,1789018232278
2222254,3,REJECTED,1789018232819
2222255,1,INITIATED,1789018232014
2222255,2,VALIDATED,1789018232175
2222255,3,PROCESSED,1789018232388
2222256,1,INITIATED,1789018232016
2222256,2,VALIDATED,1789018232199
2222256,3,PROCESSED,1789018232278
2222257,1,INITIATED,1789018232016
2222257,2,VALIDATED,1789018232197
2222257,3,PROCESSED,1789018232270
2222258,1,INITIATED,1789018232017
2222258,2,VALIDATED,1789018232177
2222258,3,PROCESSED,1789018232243
2222259,1,INITIATED,1789018232032
2222259,2,VALIDATED,1789018232292
2222259,3,PROCESSED,1789018232335
2222260,1,INITIATED,1789018232032
2222260,2,VALIDATED,1789018232196
2222260,3,PROCESSED,1789018232642
2222261,1,INITIATED,1789018232032
2222261,2,VALIDATED,1789018232197
2222261,3,PROCESSED,1789018232283
2222262,1,INITIATED,1789018232033
2222262,2,VALIDATED,1789018232195
2222262,3,PROCESSED,1789018232387
2222263,1,INITIATED,1789018232033
2222263,2,VALIDATED,1789018232295
2222263,3,PROCESSED,1789018232844
2222264,1,INITIATED,1789018232034
2222264,2,VALIDATED,1789018232794
2222264,3,PROCESSED,1789018232878
2222265,1,INITIATED,1789018232038
2222265,2,VALIDATED,1789018232300
2222265,3,PROCESSED,1789018232823
2222266,1,INITIATED,1789018232034
2222266,2,VALIDATED,1789018232196
2222266,3,PROCESSED,1789018232389
2222267,1,INITIATED,1789018232037
2222267,2,VALIDATED,1789018232293
2222267,3,PROCESSED,1789018232821
2222268,1,INITIATED,1789018232036
2222268,2,VALIDATED,1789018232296
2222268,3,PROCESSED,1789018232843
2222269,1,INITIATED,1789018232037
2222269,2,VALIDATED,1789018232296
2222269,3,PROCESSED,1789018232823
2222270,1,INITIATED,1789018232038
2222270,2,VALIDATED,1789018232812
2222270,3,PROCESSED,1789018232879
2222271,1,INITIATED,1789018232042
2222271,2,VALIDATED,1789018232198
2222271,3,PROCESSED,1789018232279
2222272,1,INITIATED,1789018232132
2222272,2,VALIDATED,1789018232317
2222272,3,PROCESSED,1789018232846
2222273,1,INITIATED,1789018232132
2222273,2,VALIDATED,1789018232318
2222273,3,PROCESSED,1789018232846
2222274,1,INITIATED,1789018232132
2222274,2,VALIDATED,1789018232311
2222274,3,PROCESSED,1789018232846
2222275,1,INITIATED,1789018232132
2222275,2,VALIDATED,1789018232299
2222275,3,PROCESSED,1789018232840
2222276,1,INITIATED,1789018232133
2222276,2,VALIDATED,1789018232320
2222276,3,PROCESSED,1789018232847
2222277,1,INITIATED,1789018232133
2222277,2,VALIDATED,1789018232218
2222277,3,PROCESSED,1789018232642
2222278,1,INITIATED,1789018232132
2222278,2,VALIDATED,1789018232320
2222278,3,PROCESSED,1789018232337
2222279,1,INITIATED,1789018232147
2222279,2,VALIDATED,1789018232300
2222279,3,PROCESSED,1789018232823
2222280,1,INITIATED,1789018232148
2222280,2,VALIDATED,1789018232317
2222280,3,PROCESSED,1789018232842
2222281,1,INITIATED,1789018232149
2222281,2,VALIDATED,1789018232316
2222281,3,PROCESSED,1789018232337
2222282,1,INITIATED,1789018232150
2222282,2,VALIDATED,1789018232318
2222282,3,PROCESSED,1789018232846
2222283,1,INITIATED,1789018232152
2222283,2,VALIDATED,1789018232320
2222283,3,PROCESSED,1789018232845
2222284,1,INITIATED,1789018232152
2222284,2,VALIDATED,1789018232333
2222284,3,PROCESSED,1789018232848
2222285,1,INITIATED,1789018232155
2222285,2,VALIDATED,1789018232814
2222285,3,PROCESSED,1789018232900
2222286,1,INITIATED,1789018232156
2222286,2,VALIDATED,1789018232324
2222286,3,PROCESSED,1789018232844
2222287,1,INITIATED,1789018232158
2222287,2,VALIDATED,1789018232318
2222287,3,PROCESSED,1789018232839
2222288,1,INITIATED,1789018232158
2222288,2,VALIDATED,1789018232238
2222288,3,PROCESSED,1789018232798
2222289,1,INITIATED,1789018232158
2222289,2,VALIDATED,1789018232817
2222289,3,PROCESSED,1789018232842
2222290,1,INITIATED,1789018232158
2222290,2,VALIDATED,1789018232317
2222290,3,PROCESSED,1789018232843
2222291,1,INITIATED,1789018232157
2222291,2,VALIDATED,1789018232818
2222291,3,PROCESSED,1789018232847
2222292,1,INITIATED,1789018232157
2222292,2,VALIDATED,1789018232234
2222292,3,PROCESSED,1789018232795
2222293,1,INITIATED,1789018232159
2222293,2,VALIDATED,1789018232321
2222293,3,PROCESSED,1789018232337
2222294,1,INITIATED,1789018232174
2222294,2,VALIDATED,1789018232381
2222294,3,PROCESSED,1789018232866
2222295,1,INITIATED,1789018232171
2222295,2,VALIDATED,1789018232237
2222295,3,PROCESSED,1789018232294
2222296,1,INITIATED,1789018232174
2222296,2,VALIDATED,1789018232336
2222296,3,PROCESSED,1789018232847
2222297,1,INITIATED,1789018232174
2222297,2,VALIDATED,1789018232334
2222297,3,PROCESSED,1789018232849
2222298,1,INITIATED,1789018232177
2222298,2,VALIDATED,1789018232380
2222298,3,PROCESSED,1789018232868
2222299,1,INITIATED,1789018232176
2222299,2,VALIDATED,1789018232378
2222299,3,PROCESSED,1789018232849
2222300,1,INITIATED,1789018232176
2222300,2,VALIDATED,1789018232385
2222300,3,PROCESSED,1789018232867
2222301,1,INITIATED,1789018232175
2222301,2,VALIDATED,1789018232242
2222301,3,PROCESSED,1789018232300
2222302,1,INITIATED,1789018232174
2222302,2,VALIDATED,1789018232337
2222302,3,PROCESSED,1789018232849
2222303,1,INITIATED,1789018232179
2222303,2,VALIDATED,1789018232384
2222303,3,PROCESSED,1789018232873
2222304,1,INITIATED,1789018232198
2222304,2,VALIDATED,1789018232276
2222304,3,PROCESSED,1789018232816
2222305,1,INITIATED,1789018232198
2222305,2,VALIDATED,1789018232383
2222305,3,PROCESSED,1789018232872
2222306,1,INITIATED,1789018232198
2222306,2,VALIDATED,1789018232636
2222306,3,PROCESSED,1789018232872
2222307,1,INITIATED,1789018232198
2222307,2,VALIDATED,1789018232270
2222307,3,PROCESSED,1789018232821
2222308,1,INITIATED,1789018232213
2222308,2,VALIDATED,1789018232636
2222308,3,PROCESSED,1789018232874
2222309,1,INITIATED,1789018232218
2222309,2,VALIDATED,1789018232638
2222309,3,PROCESSED,1789018232869
2222310,1,INITIATED,1789018232214
2222310,2,VALIDATED,1789018232792
2222310,3,PROCESSED,1789018232880
2222311,1,INITIATED,1789018232215
2222311,2,VALIDATED,1789018232274
2222311,3,PROCESSED,1789018232821
2222312,1,INITIATED,1789018232220
2222312,2,VALIDATED,1789018232638
2222312,3,PROCESSED,1789018232879
2222313,1,INITIATED,1789018232216
2222313,2,VALIDATED,1789018232639
2222313,3,PROCESSED,1789018232877
2222314,1,INITIATED,1789018232220
2222314,2,VALIDATED,1789018232793
2222314,3,PROCESSED,1789018232878
2222315,1,INITIATED,1789018232219
2222315,2,VALIDATED,1789018232637
2222315,3,PROCESSED,1789018232877
2222316,1,INITIATED,1789018232220
2222316,2,VALIDATED,1789018232636
2222316,3,PROCESSED,1789018232874
2222317,1,INITIATED,1789018232231
2222317,2,VALIDATED,1789018232281
2222317,3,PROCESSED,1789018232335
2222318,1,INITIATED,1789018232232
2222318,2,VALIDATED,1789018232790
2222318,3,PROCESSED,1789018232898
2222319,1,INITIATED,1789018232233
2222319,2,VALIDATED,1789018232791
2222319,3,PROCESSED,1789018232879
2222320,1,INITIATED,1789018232236
2222320,2,VALIDATED,1789018232791
2222320,3,PROCESSED,1789018232878
2222321,1,INITIATED,1789018232236
2222321,2,VALIDATED,1789018232793
2222321,3,PROCESSED,1789018232819
2222322,1,INITIATED,1789018232235
2222322,2,VALIDATED,1789018232282
2222322,3,PROCESSED,1789018232822
2222323,1,INITIATED,1789018232240
2222323,2,VALIDATED,1789018232811
2222323,3,PROCESSED,1789018232880
2222324,1,INITIATED,1789018232241
2222324,2,VALIDATED,1789018232812
2222324,3,PROCESSED,1789018232880
2222325,1,INITIATED,1789018232244
2222325,2,VALIDATED,1789018232793
2222325,3,PROCESSED,1789018232879
2222326,1,INITIATED,1789018232244
2222326,2,VALIDATED,1789018232295
2222326,3,PROCESSED,1789018232823
2222327,1,INITIATED,1789018232245
2222327,2,VALIDATED,1789018232791
2222327,3,PROCESSED,1789018232878
2222328,1,INITIATED,1789018232265
2222328,2,VALIDATED,1789018232817
2222328,3,PROCESSED,1789018232903
2222329,1,INITIATED,1789018232269
2222329,2,VALIDATED,1789018232298
2222329,3,PROCESSED,1789018232845
2222330,1,INITIATED,1789018232268
2222330,2,VALIDATED,1789018232875
2222330,3,PROCESSED,1789018232910
2222331,1,INITIATED,1789018232270
2222331,2,VALIDATED,1789018232812
2222331,3,PROCESSED,1789018232879
2222332,1,INITIATED,1789018232271
2222332,2,VALIDATED,1789018232815
2222332,3,PROCESSED,1789018232897
2222333,1,INITIATED,1789018232287
2222333,2,VALIDATED,1789018232813
2222333,3,PROCESSED,1789018232894
2222334,1,INITIATED,1789018232287
2222334,2,VALIDATED,1789018232321
2222334,3,PROCESSED,1789018232846
2222335,1,INITIATED,1789018232297
2222335,2,VALIDATED,1789018232836
2222335,3,PROCESSED,1789018232900
2222336,1,INITIATED,1789018232321
2222336,2,VALIDATED,1789018232892
2222336,3,PROCESSED,1789018232905
2222337,1,INITIATED,1789018232320
2222337,2,VALIDATED,1789018232838
2222337,3,PROCESSED,1789018232898
2222338,1,INITIATED,1789018232324
2222338,2,VALIDATED,1789018232836
2222338,3,PROCESSED,1789018232901
2222339,1,INITIATED,1789018232326
2222339,2,VALIDATED,1789018232839
2222339,3,PROCESSED,1789018232894
2222340,1,INITIATED,1789018232325
2222340,2,VALIDATED,1789018232894
2222340,3,PROCESSED,1789018232910
2222341,1,INITIATED,1789018232382
2222341,2,VALIDATED,1789018232862
2222341,3,PROCESSED,1789018232900
2222342,1,INITIATED,1789018232384
2222342,2,VALIDATED,1789018232863
2222342,3,PROCESSED,1789018232899
2222343,1,INITIATED,1789018232633
2222343,2,VALIDATED,1789018232874
2222343,3,PROCESSED,1789018232908
2222344,1,INITIATED,1789018232638
2222344,2,VALIDATED,1789018232870
2222344,3,PROCESSED,1789018232905
2222345,1,INITIATED,1789018232638
2222345,2,VALIDATED,1789018232872
2222345,3,PROCESSED,1789018232911
2222346,1,INITIATED,1789018232639
2222346,2,VALIDATED,1789018232870
2222346,3,PROCESSED,1789018232905
2222347,1,INITIATED,1789018232790
2222347,2,VALIDATED,1789018232813
2222347,3,PROCESSED,1789018232880
2222348,1,INITIATED,1789018232793
2222348,2,VALIDATED,1789018232876
2222348,3,PROCESSED,1789018232925
2222349,1,INITIATED,1789018232792
2222349,2,VALIDATED,1789018232875
2222349,3,PROCESSED,1789018232905
2222350,1,INITIATED,1789018232810
2222350,2,VALIDATED,1789018232898
2222350,3,PROCESSED,1789018232910
2222351,1,INITIATED,1789018232834
2222351,2,VALIDATED,1789018232891
2222351,3,PROCESSED,1789018232908
2222352,1,INITIATED,1789018232839
2222352,2,VALIDATED,1789018232893
2222352,3,PROCESSED,1789018232906
2222353,1,INITIATED,1789018232841
2222353,2,VALIDATED,1789018232892
2222353,3,PROCESSED,1789018232910
2222354,1,INITIATED,1789018232846
2222354,2,VALIDATED,1789018232865
2222354,3,PROCESSED,1789018232901
2222355,1,INITIATED,1789018232859
2222355,2,VALIDATED,1789018232897
2222355,3,PROCESSED,1789018232925
2222356,1,INITIATED,1789018232862
2222356,2,VALIDATED,1789018232895
2222356,3,REJECTED,1789018232902
2222357,1,INITIATED,1789018232865
2222357,2,VALIDATED,1789018232898
2222357,3,REJECTED,1789018232923
2222358,1,INITIATED,1789018232863
2222358,2,VALIDATED,1789018232894
2222358,3,PROCESSED,1789018232910
2222359,1,INITIATED,1789018232865
2222359,2,VALIDATED,1789018232891
2222359,3,PROCESSED,1789018232911
2222360,1,INITIATED,1789018232864
2222360,2,VALIDATED,1789018232895
2222360,3,PROCESSED,1789018232911
2222361,1,INITIATED,1789018232864
2222361,2,VALIDATED,1789018232893
2222361,3,PROCESSED,1789018232909
2222362,1,INITIATED,1789018232863
2222362,2,VALIDATED,1789018232891
2222362,3,PROCESSED,1789018232911
2222363,1,INITIATED,1789018232862
2222363,2,VALIDATED,1789018232895
2222363,3,REJECTED,1789018232909
2222364,1,INITIATED,1789018232865
2222364,2,VALIDATED,1789018232891
2222364,3,PROCESSED,1789018232908
2222365,1,INITIATED,1789018232864
2222365,2,VALIDATED,1789018232875
2222365,3,PROCESSED,1789018232910
2222366,1,INITIATED,1789018232868
2222366,2,VALIDATED,1789018232899
2222366,3,PROCESSED,1789018232926
2222367,1,INITIATED,1789018232866
2222367,2,VALIDATED,1789018232898
2222367,3,PROCESSED,1789018232926
2222368,1,INITIATED,1789018232869
2222368,2,VALIDATED,1789018232901
2222368,3,PROCESSED,1789018232925
2222369,1,INITIATED,1789018232868
2222369,2,VALIDATED,1789018232877
2222369,3,PROCESSED,1789018232910
2222370,1,INITIATED,1789018232865
2222370,2,VALIDATED,1789018232895
2222370,3,PROCESSED,1789018232911
2222371,1,INITIATED,1789018232866
2222371,2,VALIDATED,1789018232895
2222371,3,PROCESSED,1789018232926
2222372,1,INITIATED,1789018232867
2222372,2,VALIDATED,1789018232893
2222372,3,PROCESSED,1789018232906
2222373,1,INITIATED,1789018232871
2222373,2,VALIDATED,1789018232900
2222373,3,PROCESSED,1789018232926
2222374,1,INITIATED,1789018232873
2222374,2,VALIDATED,1789018232902
2222374,3,PROCESSED,1789018232928
2222375,1,INITIATED,1789018232877
2222375,2,VALIDATED,1789018232901
2222375,3,PROCESSED,1789018232911
2222376,1,INITIATED,1789018232892
2222376,2,VALIDATED,1789018232901
2222376,3,REJECTED,1789018232923
2222377,1,INITIATED,1789018232893
2222377,2,VALIDATED,1789018232900
2222377,3,PROCESSED,1789018232926
2222378,1,INITIATED,1789018232894
2222378,2,VALIDATED,1789018232907
2222378,3,PROCESSED,1789018232926
2222379,1,INITIATED,1789018232895
2222379,2,VALIDATED,1789018232907
2222379,3,PROCESSED,1789018232928
2222380,1,INITIATED,1789018232902
2222380,2,VALIDATED,1789018232909
2222380,3,PROCESSED,1789018232928
2222381,1,INITIATED,1789018232908
2222381,2,VALIDATED,1789018232924
2222381,3,PROCESSED,1789018232931
2222382,1,INITIATED,1789018232923
2222382,2,VALIDATED,1789018232928
2222382,3,PROCESSED,1789018232935
2222383,1,INITIATED,1789018232942
2222383,2,VALIDATED,1789018232952
2222383,3,PROCESSED,1789018232958
2222384,1,INITIATED,1789018232961
2222384,2,VALIDATED,1789018232966
2222384,3,PROCESSED,1789018232983
2222385,1,INITIATED,1789018232981
2222385,2,VALIDATED,1789018232999
2222385,3,PROCESSED,1789018233017
2222386,1,INITIATED,1789018233001
2222386,2,VALIDATED,1789018233016
2222386,3,PROCESSED,1789018233020
2222387,1,INITIATED,1789018233020
2222387,2,VALIDATED,1789018233036
2222387,3,PROCESSED,1789018233041
2222388,1,INITIATED,1789018233041
2222388,2,VALIDATED,1789018233054
2222388,3,PROCESSED,1789018233073
2222389,1,INITIATED,1789018233061
2222389,2,VALIDATED,1789018233071
2222389,3,PROCESSED,1789018233076
2222390,1,INITIATED,1789018233081
2222390,2,VALIDATED,1789018233084
2222390,3,PROCESSED,1789018233089
2222391,1,INITIATED,1789018233101
2222391,2,VALIDATED,1789018233105
2222391,3,PROCESSED,1789018233109
2222392,1,INITIATED,1789018233121
2222392,2,VALIDATED,1789018233125
2222392,3,PROCESSED,1789018233129
2222393,1,INITIATED,1789018233141
2222393,2,VALIDATED,1789018233145
2222393,3,PROCESSED,1789018233163
2222394,1,INITIATED,1789018233161
2222394,2,VALIDATED,1789018233164
2222394,3,PROCESSED,1789018233169
2222395,1,INITIATED,1789018233181
2222395,2,VALIDATED,1789018233185
2222395,3,PROCESSED,1789018233190
2222396,1,INITIATED,1789018233201
2222396,2,VALIDATED,1789018233205
2222396,3,PROCESSED,1789018233210
2222397,1,INITIATED,1789018233221
2222397,2,VALIDATED,1789018233226
2222397,3,PROCESSED,1789018233230
2222398,1,INITIATED,1789018233241
2222398,2,VALIDATED,1789018233246
2222398,3,PROCESSED,1789018233252
2222399,1,INITIATED,1789018233261
2222399,2,VALIDATED,1789018233266
2222399,3,PROCESSED,1789018233271
2222400,1,INITIATED,1789018233281
2222400,2,VALIDATED,1789018233537
2222400,3,PROCESSED,1789018233549
2222401,1,INITIATED,1789018233321
2222401,2,VALIDATED,1789018233543
2222401,3,PROCESSED,1789018233681
2222402,1,INITIATED,1789018233321
2222402,2,VALIDATED,1789018233546
2222402,3,PROCESSED,1789018233681
2222403,1,INITIATED,1789018233536
2222403,2,VALIDATED,1789018233544
2222403,3,PROCESSED,1789018233680
2222404,1,INITIATED,1789018233536
2222404,2,VALIDATED,1789018233545
2222404,3,PROCESSED,1789018233681
2222405,1,INITIATED,1789018233536
2222405,2,VALIDATED,1789018233544
2222405,3,PROCESSED,1789018233681
2222406,1,INITIATED,1789018233536
2222406,2,VALIDATED,1789018233545
2222406,3,PROCESSED,1789018233680
2222407,1,INITIATED,1789018233537
2222407,2,VALIDATED,1789018233545
2222407,3,PROCESSED,1789018233681
2222408,1,INITIATED,1789018233537
2222408,2,VALIDATED,1789018233546
2222408,3,PROCESSED,1789018233680
2222409,1,INITIATED,1789018233536
2222409,2,VALIDATED,1789018233545
2222409,3,PROCESSED,1789018233680
2222410,1,INITIATED,1789018233537
2222410,2,VALIDATED,1789018233545
2222410,3,PROCESSED,1789018233681
2222411,1,INITIATED,1789018233536
2222411,2,VALIDATED,1789018233544
2222411,3,PROCESSED,1789018233681
2222412,1,INITIATED,1789018233536
2222412,2,VALIDATED,1789018233544
2222412,3,PROCESSED,1789018233681
2222413,1,INITIATED,1789018233544
2222413,2,VALIDATED,1789018233679
2222413,3,PROCESSED,1789018234033
2222414,1,INITIATED,1789018233644
2222414,2,VALIDATED,1789018233721
2222414,3,PROCESSED,1789018234036
2222415,1,INITIATED,1789018233645
2222415,2,VALIDATED,1789018234028
2222415,3,PROCESSED,1789018234036
2222416,1,INITIATED,1789018233645
2222416,2,VALIDATED,1789018234028
2222416,3,PROCESSED,1789018234036
2222417,1,INITIATED,1789018233644
2222417,2,VALIDATED,1789018234030
2222417,3,PROCESSED,1789018234160
2222418,1,INITIATED,1789018233644
2222418,2,VALIDATED,1789018234030
2222418,3,PROCESSED,1789018234160
2222419,1,INITIATED,1789018233675
2222419,2,VALIDATED,1789018234031
2222419,3,PROCESSED,1789018234161
2222420,1,INITIATED,1789018233682
2222420,2,VALIDATED,1789018234031
2222420,3,PROCESSED,1789018234161
2222421,1,INITIATED,1789018233720
2222421,2,VALIDATED,1789018234030
2222421,3,PROCESSED,1789018234160
2222422,1,INITIATED,1789018234029
2222422,2,VALIDATED,1789018234157
2222422,3,PROCESSED,1789018234222
2222423,1,INITIATED,1789018234032
2222423,2,VALIDATED,1789018234158
2222423,3,PROCESSED,1789018234223
2222424,1,INITIATED,1789018234031
2222424,2,VALIDATED,1789018234158
2222424,3,PROCESSED,1789018234222
2222425,1,INITIATED,1789018234032
2222425,2,VALIDATED,1789018234158
2222425,3,PROCESSED,1789018234223
2222426,1,INITIATED,1789018234030
2222426,2,VALIDATED,1789018234158
2222426,3,PROCESSED,1789018234221
2222427,1,INITIATED,1789018234030
2222427,2,VALIDATED,1789018234159
2222427,3,PROCESSED,1789018234223
2222428,1,INITIATED,1789018234029
2222428,2,VALIDATED,1789018234157
2222428,3,PROCESSED,1789018234223
2222429,1,INITIATED,1789018234030
2222429,2,VALIDATED,1789018234159
2222429,3,PROCESSED,1789018234222
2222430,1,INITIATED,1789018234029
2222430,2,VALIDATED,1789018234034
2222430,3,PROCESSED,1789018234161
2222431,1,INITIATED,1789018234030
2222431,2,VALIDATED,1789018234158
2222431,3,PROCESSED,1789018234221
2222432,1,INITIATED,1789018234030
2222432,2,VALIDATED,1789018234159
2222432,3,PROCESSED,1789018234223
2222433,1,INITIATED,1789018234032
2222433,2,VALIDATED,1789018234157
2222433,3,PROCESSED,1789018234224
2222434,1,INITIATED,1789018234029
2222434,2,VALIDATED,1789018234035
2222434,3,PROCESSED,1789018234161
2222435,1,INITIATED,1789018234031
2222435,2,VALIDATED,1789018234159
2222435,3,PROCESSED,1789018234222
2222436,1,INITIATED,1789018234029
2222436,2,VALIDATED,1789018234156
2222436,3,PROCESSED,1789018234221
2222437,1,INITIATED,1789018234029
2222437,2,VALIDATED,1789018234034
2222437,3,PROCESSED,1789018234161
2222438,1,INITIATED,1789018234045
2222438,2,VALIDATED,1789018234173
2222438,3,PROCESSED,1789018234224
2222439,1,INITIATED,1789018234155
2222439,2,VALIDATED,1789018234219
2222439,3,PROCESSED,1789018234240
2222440,1,INITIATED,1789018234154
2222440,2,VALIDATED,1789018234219
2222440,3,PROCESSED,1789018234241
2222441,1,INITIATED,1789018234155
2222441,2,VALIDATED,1789018234218
2222441,3,PROCESSED,1789018234240
2222442,1,INITIATED,1789018234155
2222442,2,VALIDATED,1789018234219
2222442,3,PROCESSED,1789018234240
2222443,1,INITIATED,1789018234154
2222443,2,VALIDATED,1789018234217
2222443,3,PROCESSED,1789018234241
2222444,1,INITIATED,1789018234161
2222444,2,VALIDATED,1789018234218
2222444,3,PROCESSED,1789018234240
2222445,1,INITIATED,1789018234182
2222445,2,VALIDATED,1789018234219
2222445,3,PROCESSED,1789018234240
2222446,1,INITIATED,1789018234202
2222446,2,VALIDATED,1789018234220
2222446,3,PROCESSED,1789018234240
2222447,1,INITIATED,1789018234223
2222447,2,VALIDATED,1789018234237
2222447,3,PROCESSED,1789018234259
2222448,1,INITIATED,1789018234243
2222448,2,VALIDATED,1789018234257
2222448,3,PROCESSED,1789018234277
2222449,1,INITIATED,1789018234262
2222449,2,VALIDATED,1789018234274
2222449,3,PROCESSED,1789018234283
2222450,1,INITIATED,1789018234282
2222450,2,VALIDATED,1789018234287
2222450,3,PROCESSED,1789018234306
2222451,1,INITIATED,1789018234302
2222451,2,VALIDATED,1789018234306
2222451,3,PROCESSED,1789018234313
2222452,1,INITIATED,1789018234322
2222452,2,VALIDATED,1789018234328
2222452,3,PROCESSED,1789018234333
2222453,1,INITIATED,1789018234341
2222453,2,VALIDATED,1789018234347
2222453,3,PROCESSED,1789018234352
2222454,1,INITIATED,1789018234361
2222454,2,VALIDATED,1789018234365
2222454,3,PROCESSED,1789018234383
2222455,1,INITIATED,1789018234381
2222455,2,VALIDATED,1789018234385
2222455,3,PROCESSED,1789018234389
2222456,1,INITIATED,1789018234402
2222456,2,VALIDATED,1789018234407
2222456,3,PROCESSED,1789018234413
2222457,1,INITIATED,1789018234421
2222457,2,VALIDATED,1789018234434
2222457,3,PROCESSED,1789018234454
2222458,1,INITIATED,1789018234441
2222458,2,VALIDATED,1789018234452
2222458,3,PROCESSED,1789018234470
2222459,1,INITIATED,1789018234461
2222459,2,VALIDATED,1789018234468
2222459,3,PROCESSED,1789018234473
2222460,1,INITIATED,1789018234486
2222460,2,VALIDATED,1789018234493
2222460,3,REJECTED,1789018234504
2222461,1,INITIATED,1789018234503
2222461,2,VALIDATED,1789018234522
2222461,3,REJECTED,1789018234526
2222462,1,INITIATED,1789018234522
2222462,2,VALIDATED,1789018234526
2222462,3,REJECTED,1789018234529
2222463,1,INITIATED,1789018234541
2222463,2,VALIDATED,1789018234546
2222463,3,REJECTED,1789018234550
2222464,1,INITIATED,1789018234562
2222464,2,VALIDATED,1789018234565
2222464,3,PROCESSED,1789018234570
2222465,1,INITIATED,1789018234581
2222465,2,VALIDATED,1789018234586
2222465,3,PROCESSED,1789018234590
2222466,1,INITIATED,1789018234600
2222466,2,VALIDATED,1789018234604
2222466,3,PROCESSED,1789018234609
2222467,1,INITIATED,1789018234621
2222467,2,VALIDATED,1789018234625
2222467,3,PROCESSED,1789018234630
2222468,1,INITIATED,1789018234640
2222468,2,VALIDATED,1789018234645
2222468,3,PROCESSED,1789018234649
2222469,1,INITIATED,1789018234661
2222469,2,VALIDATED,1789018234667
2222469,3,PROCESSED,1789018234672
2222470,1,INITIATED,1789018234681
2222470,2,VALIDATED,1789018234685
2222470,3,PROCESSED,1789018234690
2222471,1,INITIATED,1789018234701
2222471,2,VALIDATED,1789018234705
2222471,3,PROCESSED,1789018234711
2222472,1,INITIATED,1789018234721
2222472,2,VALIDATED,1789018234726
2222472,3,PROCESSED,1789018234732
2222473,1,INITIATED,1789018234741
2222473,2,VALIDATED,1789018234745
2222473,3,PROCESSED,1789018234752
2222474,1,INITIATED,1789018234761
2222474,2,VALIDATED,1789018234766
2222474,3,PROCESSED,1789018234772
2222475,1,INITIATED,1789018234782
2222475,2,VALIDATED,1789018234786
2222475,3,PROCESSED,1789018234792
2222476,1,INITIATED,1789018234802
2222476,2,VALIDATED,1789018234832
2222476,3,PROCESSED,1789018234994
2222477,1,INITIATED,1789018234831
2222477,2,VALIDATED,1789018234989
2222477,3,PROCESSED,1789018235381
2222478,1,INITIATED,1789018234855
2222478,2,VALIDATED,1789018235041
2222478,3,PROCESSED,1789018235382
2222479,1,INITIATED,1789018234989
2222479,2,VALIDATED,1789018235043
2222479,3,PROCESSED,1789018235384
2222480,1,INITIATED,1789018234989
2222480,2,VALIDATED,1789018235376
2222480,3,PROCESSED,1789018235384
2222481,1,INITIATED,1789018234989
2222481,2,VALIDATED,1789018235043
2222481,3,PROCESSED,1789018235384
2222482,1,INITIATED,1789018234989
2222482,2,VALIDATED,1789018235377
2222482,3,PROCESSED,1789018235384
2222483,1,INITIATED,1789018234989
2222483,2,VALIDATED,1789018235043
2222483,3,PROCESSED,1789018235384
2222484,1,INITIATED,1789018234989
2222484,2,VALIDATED,1789018235043
2222484,3,PROCESSED,1789018235383
2222485,1,INITIATED,1789018234989
2222485,2,VALIDATED,1789018235043
2222485,3,PROCESSED,1789018235384
2222486,1,INITIATED,1789018235004
2222486,2,VALIDATED,1789018235378
2222486,3,PROCESSED,1789018235555
2222487,1,INITIATED,1789018235040
2222487,2,VALIDATED,1789018235378
2222487,3,PROCESSED,1789018235556
2222488,1,INITIATED,1789018235042
2222488,2,VALIDATED,1789018235377
2222488,3,PROCESSED,1789018235556
2222489,1,INITIATED,1789018235377
2222489,2,VALIDATED,1789018235383
2222489,3,PROCESSED,1789018235557
2222490,1,INITIATED,1789018235377
2222490,2,VALIDATED,1789018235554
2222490,3,PROCESSED,1789018235576
2222491,1,INITIATED,1789018235378
2222491,2,VALIDATED,1789018235555
2222491,3,PROCESSED,1789018235609
2222492,1,INITIATED,1789018235378
2222492,2,VALIDATED,1789018235551
2222492,3,PROCESSED,1789018235577
2222493,1,INITIATED,1789018235378
2222493,2,VALIDATED,1789018235555
2222493,3,PROCESSED,1789018235609
2222494,1,INITIATED,1789018235377
2222494,2,VALIDATED,1789018235383
2222494,3,PROCESSED,1789018235557
2222495,1,INITIATED,1789018235379
2222495,2,VALIDATED,1789018235555
2222495,3,PROCESSED,1789018235609
2222496,1,INITIATED,1789018235379
2222496,2,VALIDATED,1789018235555
2222496,3,PROCESSED,1789018235609
2222497,1,INITIATED,1789018235378
2222497,2,VALIDATED,1789018235555
2222497,3,PROCESSED,1789018235609
2222498,1,INITIATED,1789018235377
2222498,2,VALIDATED,1789018235553
2222498,3,PROCESSED,1789018235576
2222499,1,INITIATED,1789018235378
2222499,2,VALIDATED,1789018235552
2222499,3,PROCESSED,1789018235576
2222500,1,INITIATED,1789018235377
2222500,2,VALIDATED,1789018235383
2222500,3,PROCESSED,1789018235557
2222501,1,INITIATED,1789018235378
2222501,2,VALIDATED,1789018235553
2222501,3,PROCESSED,1789018235609
2222502,1,INITIATED,1789018235376
2222502,2,VALIDATED,1789018235383
2222502,3,PROCESSED,1789018235557
2222503,1,INITIATED,1789018235377
2222503,2,VALIDATED,1789018235554
2222503,3,PROCESSED,1789018235609
2222504,1,INITIATED,1789018235377
2222504,2,VALIDATED,1789018235551
2222504,3,PROCESSED,1789018235576
2222505,1,INITIATED,1789018235382
2222505,2,VALIDATED,1789018235555
2222505,3,PROCESSED,1789018235609
2222506,1,INITIATED,1789018235552
2222506,2,VALIDATED,1789018235574
2222506,3,PROCESSED,1789018235625
2222507,1,INITIATED,1789018235551
2222507,2,VALIDATED,1789018235574
2222507,3,PROCESSED,1789018235626
2222508,1,INITIATED,1789018235551
2222508,2,VALIDATED,1789018235574
2222508,3,PROCESSED,1789018235626
2222509,1,INITIATED,1789018235552
2222509,2,VALIDATED,1789018235574
2222509,3,PROCESSED,1789018235625
2222510,1,INITIATED,1789018235553
2222510,2,VALIDATED,1789018235607
2222510,3,PROCESSED,1789018235627
2222511,1,INITIATED,1789018235553
2222511,2,VALIDATED,1789018235607
2222511,3,PROCESSED,1789018235627
2222512,1,INITIATED,1789018235554
2222512,2,VALIDATED,1789018235607
2222512,3,PROCESSED,1789018235628
2222513,1,INITIATED,1789018235554
2222513,2,VALIDATED,1789018235607
2222513,3,PROCESSED,1789018235627
2222514,1,INITIATED,1789018235562
2222514,2,VALIDATED,1789018235607
2222514,3,PROCESSED,1789018235627
2222515,1,INITIATED,1789018235581
2222515,2,VALIDATED,1789018235624
2222515,3,PROCESSED,1789018235644
2222516,1,INITIATED,1789018235601
2222516,2,VALIDATED,1789018235624
2222516,3,PROCESSED,1789018235644
2222517,1,INITIATED,1789018235622
2222517,2,VALIDATED,1789018235627
2222517,3,PROCESSED,1789018235644
2222518,1,INITIATED,1789018235641
2222518,2,VALIDATED,1789018235660
2222518,3,PROCESSED,1789018235665
2222519,1,INITIATED,1789018235661
2222519,2,VALIDATED,1789018235664
2222519,3,PROCESSED,1789018235684
2222520,1,INITIATED,1789018235681
2222520,2,VALIDATED,1789018235684
2222520,3,PROCESSED,1789018235689
2222521,1,INITIATED,1789018235701
2222521,2,VALIDATED,1789018235710
2222521,3,PROCESSED,1789018235867
2222522,1,INITIATED,1789018235866
2222522,2,VALIDATED,1789018236009
2222522,3,PROCESSED,1789018236081
2222523,1,INITIATED,1789018235867
2222523,2,VALIDATED,1789018236009
2222523,3,PROCESSED,1789018236081
2222524,1,INITIATED,1789018235867
2222524,2,VALIDATED,1789018236009
2222524,3,PROCESSED,1789018236081
2222525,1,INITIATED,1789018235867
2222525,2,VALIDATED,1789018236009
2222525,3,PROCESSED,1789018236080
2222526,1,INITIATED,1789018235867
2222526,2,VALIDATED,1789018236010
2222526,3,PROCESSED,1789018236081
2222527,1,INITIATED,1789018235867
2222527,2,VALIDATED,1789018236011
2222527,3,PROCESSED,1789018236081
2222528,1,INITIATED,1789018235867
2222528,2,VALIDATED,1789018236009
2222528,3,PROCESSED,1789018236080
2222529,1,INITIATED,1789018235867
2222529,2,VALIDATED,1789018236012
2222529,3,PROCESSED,1789018236080
2222530,1,INITIATED,1789018235881
2222530,2,VALIDATED,1789018236012
2222530,3,PROCESSED,1789018236080
2222531,1,INITIATED,1789018236010
2222531,2,VALIDATED,1789018236079
2222531,3,PROCESSED,1789018236115
2222532,1,INITIATED,1789018236010
2222532,2,VALIDATED,1789018236079
2222532,3,PROCESSED,1789018236114
2222533,1,INITIATED,1789018236010
2222533,2,VALIDATED,1789018236079
2222533,3,PROCESSED,1789018236114
2222534,1,INITIATED,1789018236010
2222534,2,VALIDATED,1789018236079
2222534,3,PROCESSED,1789018236115
2222535,1,INITIATED,1789018236009
2222535,2,VALIDATED,1789018236079
2222535,3,PROCESSED,1789018236115
2222536,1,INITIATED,1789018236010
2222536,2,VALIDATED,1789018236079
2222536,3,PROCESSED,1789018236114
2222537,1,INITIATED,1789018236026
2222537,2,VALIDATED,1789018236096
2222537,3,PROCESSED,1789018236115
2222538,1,INITIATED,1789018236076
2222538,2,VALIDATED,1789018236112
2222538,3,PROCESSED,1789018236133
2222539,1,INITIATED,1789018236076
2222539,2,VALIDATED,1789018236112
2222539,3,PROCESSED,1789018236133
2222540,1,INITIATED,1789018236081
2222540,2,VALIDATED,1789018236112
2222540,3,PROCESSED,1789018236133
2222541,1,INITIATED,1789018236101
2222541,2,VALIDATED,1789018236113
2222541,3,PROCESSED,1789018236133
2222542,1,INITIATED,1789018236121
2222542,2,VALIDATED,1789018236132
2222542,3,PROCESSED,1789018236152
2222543,1,INITIATED,1789018236142
2222543,2,VALIDATED,1789018236150
2222543,3,PROCESSED,1789018236156
2222544,1,INITIATED,1789018236161
2222544,2,VALIDATED,1789018236178
2222544,3,PROCESSED,1789018236184
2222545,1,INITIATED,1789018236182
2222545,2,VALIDATED,1789018236185
2222545,3,PROCESSED,1789018236190
2222546,1,INITIATED,1789018236201
2222546,2,VALIDATED,1789018236217
2222546,3,PROCESSED,1789018236223
2222547,1,INITIATED,1789018236221
2222547,2,VALIDATED,1789018236237
2222547,3,PROCESSED,1789018236257
2222548,1,INITIATED,1789018236241
2222548,2,VALIDATED,1789018236255
2222548,3,PROCESSED,1789018236276
2222549,1,INITIATED,1789018236261
2222549,2,VALIDATED,1789018236274
2222549,3,PROCESSED,1789018236279
2222550,1,INITIATED,1789018236281
2222550,2,VALIDATED,1789018236294
2222550,3,PROCESSED,1789018236301
2222551,1,INITIATED,1789018236302
2222551,2,VALIDATED,1789018236306
2222551,3,PROCESSED,1789018236323
2222552,1,INITIATED,1789018236322
2222552,2,VALIDATED,1789018236326
2222552,3,PROCESSED,1789018236331
2222553,1,INITIATED,1789018236341
2222553,2,VALIDATED,1789018236348
2222553,3,PROCESSED,1789018236365
2222554,1,INITIATED,1789018236361
2222554,2,VALIDATED,1789018236364
2222554,3,PROCESSED,1789018236381
2222555,1,INITIATED,1789018236380
2222555,2,VALIDATED,1789018236393
2222555,3,PROCESSED,1789018236409
2222556,1,INITIATED,1789018236400
2222556,2,VALIDATED,1789018236407
2222556,3,PROCESSED,1789018236413
2222557,1,INITIATED,1789018236422
2222557,2,VALIDATED,1789018236437
2222557,3,PROCESSED,1789018236441
2222558,1,INITIATED,1789018236441
2222558,2,VALIDATED,1789018236444
2222558,3,PROCESSED,1789018236448
2222559,1,INITIATED,1789018236461
2222559,2,VALIDATED,1789018236465
2222559,3,PROCESSED,1789018236470
2222560,1,INITIATED,1789018236481
2222560,2,VALIDATED,1789018236485
2222560,3,REJECTED,1789018236488
2222561,1,INITIATED,1789018236501
2222561,2,VALIDATED,1789018236505
2222561,3,REJECTED,1789018236509
2222562,1,INITIATED,1789018236521
2222562,2,VALIDATED,1789018236526
2222562,3,REJECTED,1789018236530
2222563,1,INITIATED,1789018236541
2222563,2,VALIDATED,1789018236546
2222563,3,REJECTED,1789018236550
2222564,1,INITIATED,1789018236562
2222564,2,VALIDATED,1789018236576
2222564,3,PROCESSED,1789018236594
2222565,1,INITIATED,1789018236581
2222565,2,VALIDATED,1789018236597
2222565,3,PROCESSED,1789018236604
2222566,1,INITIATED,1789018236601
2222566,2,VALIDATED,1789018236695
2222566,3,PROCESSED,1789018236701
2222567,1,INITIATED,1789018236621
2222567,2,VALIDATED,1789018236696
2222567,3,PROCESSED,1789018236701
2222568,1,INITIATED,1789018236642
2222568,2,VALIDATED,1789018236696
2222568,3,PROCESSED,1789018236701
2222569,1,INITIATED,1789018236661
2222569,2,VALIDATED,1789018236696
2222569,3,PROCESSED,1789018236701
2222570,1,INITIATED,1789018236681
2222570,2,VALIDATED,1789018236696
2222570,3,PROCESSED,1789018236701
2222571,1,INITIATED,1789018236700
2222571,2,VALIDATED,1789018236704
2222571,3,PROCESSED,1789018236709
2222572,1,INITIATED,1789018236725
2222572,2,VALIDATED,1789018236758
2222572,3,PROCESSED,1789018237127
2222573,1,INITIATED,1789018236754
2222573,2,VALIDATED,1789018236799
2222573,3,PROCESSED,1789018237127
2222574,1,INITIATED,1789018236761
2222574,2,VALIDATED,1789018237124
2222574,3,PROCESSED,1789018237280
2222575,1,INITIATED,1789018236800
2222575,2,VALIDATED,1789018237125
2222575,3,PROCESSED,1789018237281
2222576,1,INITIATED,1789018237123
2222576,2,VALIDATED,1789018237276
2222576,3,PROCESSED,1789018237326
2222577,1,INITIATED,1789018237124
2222577,2,VALIDATED,1789018237279
2222577,3,PROCESSED,1789018237325
2222578,1,INITIATED,1789018237125
2222578,2,VALIDATED,1789018237278
2222578,3,PROCESSED,1789018237327
2222579,1,INITIATED,1789018237125
2222579,2,VALIDATED,1789018237279
2222579,3,PROCESSED,1789018237616
2222580,1,INITIATED,1789018237124
2222580,2,VALIDATED,1789018237277
2222580,3,PROCESSED,1789018237327
2222581,1,INITIATED,1789018237123
2222581,2,VALIDATED,1789018237277
2222581,3,PROCESSED,1789018237327
2222582,1,INITIATED,1789018237124
2222582,2,VALIDATED,1789018237278
2222582,3,PROCESSED,1789018237616
2222583,1,INITIATED,1789018237125
2222583,2,VALIDATED,1789018237278
2222583,3,PROCESSED,1789018237327
2222584,1,INITIATED,1789018237125
2222584,2,VALIDATED,1789018237279
2222584,3,PROCESSED,1789018237327
2222585,1,INITIATED,1789018237125
2222585,2,VALIDATED,1789018237278
2222585,3,PROCESSED,1789018237615
2222586,1,INITIATED,1789018237124
2222586,2,VALIDATED,1789018237275
2222586,3,PROCESSED,1789018237326
2222587,1,INITIATED,1789018237124
2222587,2,VALIDATED,1789018237278
2222587,3,PROCESSED,1789018237327
2222588,1,INITIATED,1789018237123
2222588,2,VALIDATED,1789018237275
2222588,3,PROCESSED,1789018237327
2222589,1,INITIATED,1789018237125
2222589,2,VALIDATED,1789018237278
2222589,3,PROCESSED,1789018237325
2222590,1,INITIATED,1789018237123
2222590,2,VALIDATED,1789018237276
2222590,3,PROCESSED,1789018237617
2222591,1,INITIATED,1789018237124
2222591,2,VALIDATED,1789018237279
2222591,3,PROCESSED,1789018237327
2222592,1,INITIATED,1789018237124
2222592,2,VALIDATED,1789018237278
2222592,3,PROCESSED,1789018237325
2222593,1,INITIATED,1789018237276
2222593,2,VALIDATED,1789018237322
2222593,3,PROCESSED,1789018237620
2222594,1,INITIATED,1789018237276
2222594,2,VALIDATED,1789018237323
2222594,3,PROCESSED,1789018237619
2222595,1,INITIATED,1789018237276
2222595,2,VALIDATED,1789018237324
2222595,3,PROCESSED,1789018237619
2222596,1,INITIATED,1789018237275
2222596,2,VALIDATED,1789018237324
2222596,3,PROCESSED,1789018237619
2222597,1,INITIATED,1789018237276
2222597,2,VALIDATED,1789018237325
2222597,3,PROCESSED,1789018237620
2222598,1,INITIATED,1789018237276
2222598,2,VALIDATED,1789018237324
2222598,3,PROCESSED,1789018237620
2222599,1,INITIATED,1789018237275
2222599,2,VALIDATED,1789018237324
2222599,3,PROCESSED,1789018237620
2222600,1,INITIATED,1789018237281
2222600,2,VALIDATED,1789018237322
2222600,3,PROCESSED,1789018237620
2222601,1,INITIATED,1789018237319
2222601,2,VALIDATED,1789018237617
2222601,3,PROCESSED,1789018237638
2222602,1,INITIATED,1789018237323
2222602,2,VALIDATED,1789018237617
2222602,3,PROCESSED,1789018237638
2222603,1,INITIATED,1789018237617
2222603,2,VALIDATED,1789018237635
2222603,3,PROCESSED,1789018237789
2222604,1,INITIATED,1789018237617
2222604,2,VALIDATED,1789018237636
2222604,3,PROCESSED,1789018237790
2222605,1,INITIATED,1789018237617
2222605,2,VALIDATED,1789018237636
2222605,3,PROCESSED,1789018237789
2222606,1,INITIATED,1789018237618
2222606,2,VALIDATED,1789018237636
2222606,3,PROCESSED,1789018237790
2222607,1,INITIATED,1789018237618
2222607,2,VALIDATED,1789018237635
2222607,3,PROCESSED,1789018237789
2222608,1,INITIATED,1789018237615
2222608,2,VALIDATED,1789018237635
2222608,3,PROCESSED,1789018237790
2222609,1,INITIATED,1789018237617
2222609,2,VALIDATED,1789018237636
2222609,3,PROCESSED,1789018237790
2222610,1,INITIATED,1789018237618
2222610,2,VALIDATED,1789018237635
2222610,3,PROCESSED,1789018237790
2222611,1,INITIATED,1789018237617
2222611,2,VALIDATED,1789018237635
2222611,3,PROCESSED,1789018237790
2222612,1,INITIATED,1789018237616
2222612,2,VALIDATED,1789018237635
2222612,3,PROCESSED,1789018237790
2222613,1,INITIATED,1789018237618
2222613,2,VALIDATED,1789018237635
2222613,3,PROCESSED,1789018237790
2222614,1,INITIATED,1789018237618
2222614,2,VALIDATED,1789018237635
2222614,3,PROCESSED,1789018237790
2222615,1,INITIATED,1789018237618
2222615,2,VALIDATED,1789018237636
2222615,3,PROCESSED,1789018237789
2222616,1,INITIATED,1789018237631
2222616,2,VALIDATED,1789018237787
2222616,3,PROCESSED,1789018237836
2222617,1,INITIATED,1789018237631
2222617,2,VALIDATED,1789018237786
2222617,3,PROCESSED,1789018237836
2222618,1,INITIATED,1789018237641
2222618,2,VALIDATED,1789018237787
2222618,3,PROCESSED,1789018237837
2222619,1,INITIATED,1789018237783
2222619,2,VALIDATED,1789018237803
2222619,3,PROCESSED,1789018237837
2222620,1,INITIATED,1789018237783
2222620,2,VALIDATED,1789018237804
2222620,3,PROCESSED,1789018237837
2222621,1,INITIATED,1789018237783
2222621,2,VALIDATED,1789018237803
2222621,3,PROCESSED,1789018237836
2222622,1,INITIATED,1789018237783
2222622,2,VALIDATED,1789018237803
2222622,3,PROCESSED,1789018237837
2222623,1,INITIATED,1789018237784
2222623,2,VALIDATED,1789018237803
2222623,3,PROCESSED,1789018237837
2222624,1,INITIATED,1789018237783
2222624,2,VALIDATED,1789018237789
2222624,3,PROCESSED,1789018237836
2222625,1,INITIATED,1789018237783
2222625,2,VALIDATED,1789018237803
2222625,3,PROCESSED,1789018237836
2222626,1,INITIATED,1789018237803
2222626,2,VALIDATED,1789018237834
2222626,3,PROCESSED,1789018237841
2222627,1,INITIATED,1789018237822
2222627,2,VALIDATED,1789018237834
2222627,3,PROCESSED,1789018237842
2222628,1,INITIATED,1789018237841
2222628,2,VALIDATED,1789018237846
2222628,3,PROCESSED,1789018237852
2222629,1,INITIATED,1789018237861
2222629,2,VALIDATED,1789018237866
2222629,3,PROCESSED,1789018237873
2222630,1,INITIATED,1789018237882
2222630,2,VALIDATED,1789018237887
2222630,3,PROCESSED,1789018237893
2222631,1,INITIATED,1789018237902
2222631,2,VALIDATED,1789018237922
2222631,3,PROCESSED,1789018237931
2222632,1,INITIATED,1789018237922
2222632,2,VALIDATED,1789018237928
2222632,3,PROCESSED,1789018237936
2222633,1,INITIATED,1789018237942
2222633,2,VALIDATED,1789018237947
2222633,3,PROCESSED,1789018237955
2222634,1,INITIATED,1789018237961
2222634,2,VALIDATED,1789018237967
2222634,3,PROCESSED,1789018237974
2222635,1,INITIATED,1789018237982
2222635,2,VALIDATED,1789018237989
2222635,3,PROCESSED,1789018237996
2222636,1,INITIATED,1789018238002
2222636,2,VALIDATED,1789018238008
2222636,3,PROCESSED,1789018238015
2222637,1,INITIATED,1789018238022
2222637,2,VALIDATED,1789018238028
2222637,3,PROCESSED,1789018238034
2222638,1,INITIATED,1789018238042
2222638,2,VALIDATED,1789018238047
2222638,3,PROCESSED,1789018238055
2222639,1,INITIATED,1789018238063
2222639,2,VALIDATED,1789018238068
2222639,3,PROCESSED,1789018238074
2222640,1,INITIATED,1789018238082
2222640,2,VALIDATED,1789018238092
2222640,3,PROCESSED,1789018238097
2222641,1,INITIATED,1789018238101
2222641,2,VALIDATED,1789018238105
2222641,3,PROCESSED,1789018238110
2222642,1,INITIATED,1789018238121
2222642,2,VALIDATED,1789018238126
2222642,3,PROCESSED,1789018238439
2222643,1,INITIATED,1789018238437
2222643,2,VALIDATED,1789018238599
2222643,3,PROCESSED,1789018238888
2222644,1,INITIATED,1789018238438
2222644,2,VALIDATED,1789018238598
2222644,3,PROCESSED,1789018238891
2222645,1,INITIATED,1789018238436
2222645,2,VALIDATED,1789018238593
2222645,3,PROCESSED,1789018238885
2222646,1,INITIATED,1789018238437
2222646,2,VALIDATED,1789018238592
2222646,3,PROCESSED,1789018238887
2222647,1,INITIATED,1789018238436
2222647,2,VALIDATED,1789018238599
2222647,3,PROCESSED,1789018238889
2222648,1,INITIATED,1789018238436
2222648,2,VALIDATED,1789018238598
2222648,3,PROCESSED,1789018238890
2222649,1,INITIATED,1789018238436
2222649,2,VALIDATED,1789018238599
2222649,3,PROCESSED,1789018238889
2222650,1,INITIATED,1789018238437
2222650,2,VALIDATED,1789018238599
2222650,3,PROCESSED,1789018238890
2222651,1,INITIATED,1789018238437
2222651,2,VALIDATED,1789018238600
2222651,3,PROCESSED,1789018238889
2222652,1,INITIATED,1789018238437
2222652,2,VALIDATED,1789018238598
2222652,3,PROCESSED,1789018238889
2222653,1,INITIATED,1789018238437
2222653,2,VALIDATED,1789018238600
2222653,3,PROCESSED,1789018238890
2222654,1,INITIATED,1789018238436
2222654,2,VALIDATED,1789018238592
2222654,3,PROCESSED,1789018238888
2222655,1,INITIATED,1789018238438
2222655,2,VALIDATED,1789018238598
2222655,3,PROCESSED,1789018238890
2222656,1,INITIATED,1789018238437
2222656,2,VALIDATED,1789018238599
2222656,3,PROCESSED,1789018238888
2222657,1,INITIATED,1789018238437
2222657,2,VALIDATED,1789018238600
2222657,3,PROCESSED,1789018238889
2222658,1,INITIATED,1789018238441
2222658,2,VALIDATED,1789018238598
2222658,3,PROCESSED,1789018238889
2222659,1,INITIATED,1789018238591
2222659,2,VALIDATED,1789018238600
2222659,3,PROCESSED,1789018238889
2222660,1,INITIATED,1789018238591
2222660,2,VALIDATED,1789018238600
2222660,3,REJECTED,1789018238887
2222661,1,INITIATED,1789018238591
2222661,2,VALIDATED,1789018238598
2222661,3,REJECTED,1789018238884
2222662,1,INITIATED,1789018238591
2222662,2,VALIDATED,1789018238599
2222662,3,REJECTED,1789018238887
2222663,1,INITIATED,1789018238591
2222663,2,VALIDATED,1789018238598
2222663,3,REJECTED,1789018238886
2222664,1,INITIATED,1789018238590
2222664,2,VALIDATED,1789018238600
2222664,3,PROCESSED,1789018238889
2222665,1,INITIATED,1789018238591
2222665,2,VALIDATED,1789018238599
2222665,3,PROCESSED,1789018238891
2222666,1,INITIATED,1789018238602
2222666,2,VALIDATED,1789018238885
2222666,3,PROCESSED,1789018239017
2222667,1,INITIATED,1789018238639
2222667,2,VALIDATED,1789018238886
2222667,3,PROCESSED,1789018239016
2222668,1,INITIATED,1789018238886
2222668,2,VALIDATED,1789018239014
2222668,3,PROCESSED,1789018239063
2222669,1,INITIATED,1789018238886
2222669,2,VALIDATED,1789018239015
2222669,3,PROCESSED,1789018239063
2222670,1,INITIATED,1789018238885
2222670,2,VALIDATED,1789018239014
2222670,3,PROCESSED,1789018239063
2222671,1,INITIATED,1789018238886
2222671,2,VALIDATED,1789018239015
2222671,3,PROCESSED,1789018239064
2222672,1,INITIATED,1789018238884
2222672,2,VALIDATED,1789018239014
2222672,3,PROCESSED,1789018239063
2222673,1,INITIATED,1789018238887
2222673,2,VALIDATED,1789018239013
2222673,3,PROCESSED,1789018239063
2222674,1,INITIATED,1789018238884
2222674,2,VALIDATED,1789018239013
2222674,3,PROCESSED,1789018239064
2222675,1,INITIATED,1789018238889
2222675,2,VALIDATED,1789018239016
2222675,3,PROCESSED,1789018239063
2222676,1,INITIATED,1789018238890
2222676,2,VALIDATED,1789018239016
2222676,3,PROCESSED,1789018239064
2222677,1,INITIATED,1789018238903
2222677,2,VALIDATED,1789018239061
2222677,3,PROCESSED,1789018239078
2222678,1,INITIATED,1789018238903
2222678,2,VALIDATED,1789018239061
2222678,3,PROCESSED,1789018239078
2222679,1,INITIATED,1789018238903
2222679,2,VALIDATED,1789018239061
2222679,3,PROCESSED,1789018239078
2222680,1,INITIATED,1789018238903
2222680,2,VALIDATED,1789018239059
2222680,3,PROCESSED,1789018239078
2222681,1,INITIATED,1789018238904
2222681,2,VALIDATED,1789018239061
2222681,3,PROCESSED,1789018239079
2222682,1,INITIATED,1789018239014
2222682,2,VALIDATED,1789018239061
2222682,3,PROCESSED,1789018239078
2222683,1,INITIATED,1789018239014
2222683,2,VALIDATED,1789018239061
2222683,3,PROCESSED,1789018239078
2222684,1,INITIATED,1789018239014
2222684,2,VALIDATED,1789018239062
2222684,3,PROCESSED,1789018239078
2222685,1,INITIATED,1789018239014
2222685,2,VALIDATED,1789018239061
2222685,3,PROCESSED,1789018239078
2222686,1,INITIATED,1789018239015
2222686,2,VALIDATED,1789018239061
2222686,3,PROCESSED,1789018239078
2222687,1,INITIATED,1789018239021
2222687,2,VALIDATED,1789018239076
2222687,3,PROCESSED,1789018239086
2222688,1,INITIATED,1789018239058
2222688,2,VALIDATED,1789018239076
2222688,3,PROCESSED,1789018239087
2222689,1,INITIATED,1789018239061
2222689,2,VALIDATED,1789018239076
2222689,3,PROCESSED,1789018239087
2222690,1,INITIATED,1789018239081
2222690,2,VALIDATED,1789018239089
2222690,3,PROCESSED,1789018239095
2222691,1,INITIATED,1789018239102
2222691,2,VALIDATED,1789018239106
2222691,3,PROCESSED,1789018239113
2222692,1,INITIATED,1789018239121
2222692,2,VALIDATED,1789018239126
2222692,3,PROCESSED,1789018239457
2222693,1,INITIATED,1789018239456
2222693,2,VALIDATED,1789018239609
2222693,3,PROCESSED,1789018239962
2222694,1,INITIATED,1789018239456
2222694,2,VALIDATED,1789018239610
2222694,3,PROCESSED,1789018239963
2222695,1,INITIATED,1789018239455
2222695,2,VALIDATED,1789018239610
2222695,3,PROCESSED,1789018239962
2222696,1,INITIATED,1789018239454
2222696,2,VALIDATED,1789018239471
2222696,3,PROCESSED,1789018239959
2222697,1,INITIATED,1789018239455
2222697,2,VALIDATED,1789018239610
2222697,3,PROCESSED,1789018239961
2222698,1,INITIATED,1789018239456
2222698,2,VALIDATED,1789018239609
2222698,3,PROCESSED,1789018239963
2222699,1,INITIATED,1789018239454
2222699,2,VALIDATED,1789018239471
2222699,3,PROCESSED,1789018239959
2222700,1,INITIATED,1789018239456
2222700,2,VALIDATED,1789018239611
2222700,3,PROCESSED,1789018239961
2222701,1,INITIATED,1789018239455
2222701,2,VALIDATED,1789018239609
2222701,3,PROCESSED,1789018239963
2222702,1,INITIATED,1789018239455
2222702,2,VALIDATED,1789018239609
2222702,3,PROCESSED,1789018239963
2222703,1,INITIATED,1789018239455
2222703,2,VALIDATED,1789018239609
2222703,3,PROCESSED,1789018239962
2222704,1,INITIATED,1789018239455
2222704,2,VALIDATED,1789018239610
2222704,3,PROCESSED,1789018239961
2222705,1,INITIATED,1789018239456
2222705,2,VALIDATED,1789018239609
2222705,3,PROCESSED,1789018239963
2222706,1,INITIATED,1789018239455
2222706,2,VALIDATED,1789018239610
2222706,3,PROCESSED,1789018239960
2222707,1,INITIATED,1789018239455
2222707,2,VALIDATED,1789018239610
2222707,3,PROCESSED,1789018239962
2222708,1,INITIATED,1789018239455
2222708,2,VALIDATED,1789018239609
2222708,3,PROCESSED,1789018239962
2222709,1,INITIATED,1789018239461
2222709,2,VALIDATED,1789018239610
2222709,3,PROCESSED,1789018239962
2222710,1,INITIATED,1789018239606
2222710,2,VALIDATED,1789018239960
2222710,3,PROCESSED,1789018240109
2222711,1,INITIATED,1789018239607
2222711,2,VALIDATED,1789018239960
2222711,3,PROCESSED,1789018240108
2222712,1,INITIATED,1789018239608
2222712,2,VALIDATED,1789018239959
2222712,3,PROCESSED,1789018240106
2222713,1,INITIATED,1789018239607
2222713,2,VALIDATED,1789018239958
2222713,3,PROCESSED,1789018240109
2222714,1,INITIATED,1789018239608
2222714,2,VALIDATED,1789018239960
2222714,3,PROCESSED,1789018240108
2222715,1,INITIATED,1789018239606
2222715,2,VALIDATED,1789018239959
2222715,3,PROCESSED,1789018240110
2222716,1,INITIATED,1789018239606
2222716,2,VALIDATED,1789018239959
2222716,3,PROCESSED,1789018240108
2222717,1,INITIATED,1789018239621
2222717,2,VALIDATED,1789018239960
2222717,3,PROCESSED,1789018240107
2222718,1,INITIATED,1789018239651
2222718,2,VALIDATED,1789018239959
2222718,3,PROCESSED,1789018240110
2222719,1,INITIATED,1789018239958
2222719,2,VALIDATED,1789018239982
2222719,3,PROCESSED,1789018240144
2222720,1,INITIATED,1789018239957
2222720,2,VALIDATED,1789018239981
2222720,3,PROCESSED,1789018240125
2222721,1,INITIATED,1789018239957
2222721,2,VALIDATED,1789018239982
2222721,3,PROCESSED,1789018240144
2222722,1,INITIATED,1789018239957
2222722,2,VALIDATED,1789018239982
2222722,3,PROCESSED,1789018240145
2222723,1,INITIATED,1789018239957
2222723,2,VALIDATED,1789018239982
2222723,3,PROCESSED,1789018240144
2222724,1,INITIATED,1789018239957
2222724,2,VALIDATED,1789018239982
2222724,3,PROCESSED,1789018240125
2222725,1,INITIATED,1789018239963
2222725,2,VALIDATED,1789018240107
2222725,3,PROCESSED,1789018240145
2222726,1,INITIATED,1789018239963
2222726,2,VALIDATED,1789018240107
2222726,3,PROCESSED,1789018240144
2222727,1,INITIATED,1789018239964
2222727,2,VALIDATED,1789018240108
2222727,3,PROCESSED,1789018240145
2222728,1,INITIATED,1789018239980
2222728,2,VALIDATED,1789018240123
2222728,3,PROCESSED,1789018240161
2222729,1,INITIATED,1789018239980
2222729,2,VALIDATED,1789018240123
2222729,3,PROCESSED,1789018240162
2222730,1,INITIATED,1789018239980
2222730,2,VALIDATED,1789018240123
2222730,3,PROCESSED,1789018240162
2222731,1,INITIATED,1789018239980
2222731,2,VALIDATED,1789018240123
2222731,3,PROCESSED,1789018240162
2222732,1,INITIATED,1789018239980
2222732,2,VALIDATED,1789018240123
2222732,3,PROCESSED,1789018240161
2222733,1,INITIATED,1789018239981
2222733,2,VALIDATED,1789018240123
2222733,3,PROCESSED,1789018240163
2222734,1,INITIATED,1789018239981
2222734,2,VALIDATED,1789018240142
2222734,3,PROCESSED,1789018240162
2222735,1,INITIATED,1789018240104
2222735,2,VALIDATED,1789018240142
2222735,3,PROCESSED,1789018240161
2222736,1,INITIATED,1789018240105
2222736,2,VALIDATED,1789018240142
2222736,3,PROCESSED,1789018240162
2222737,1,INITIATED,1789018240105
2222737,2,VALIDATED,1789018240143
2222737,3,PROCESSED,1789018240162
2222738,1,INITIATED,1789018240106
2222738,2,VALIDATED,1789018240143
2222738,3,PROCESSED,1789018240161
2222739,1,INITIATED,1789018240106
2222739,2,VALIDATED,1789018240142
2222739,3,PROCESSED,1789018240162
2222740,1,INITIATED,1789018240106
2222740,2,VALIDATED,1789018240143
2222740,3,PROCESSED,1789018240162
2222741,1,INITIATED,1789018240107
2222741,2,VALIDATED,1789018240143
2222741,3,PROCESSED,1789018240162
2222742,1,INITIATED,1789018240122
2222742,2,VALIDATED,1789018240159
2222742,3,PROCESSED,1789018240166
2222743,1,INITIATED,1789018240142
2222743,2,VALIDATED,1789018240159
2222743,3,PROCESSED,1789018240165
2222744,1,INITIATED,1789018240161
2222744,2,VALIDATED,1789018240181
2222744,3,PROCESSED,1789018240202
2222745,1,INITIATED,1789018240181
2222745,2,VALIDATED,1789018240200
2222745,3,PROCESSED,1789018240220
2222746,1,INITIATED,1789018240200
2222746,2,VALIDATED,1789018240218
2222746,3,PROCESSED,1789018240223
2222747,1,INITIATED,1789018240221
2222747,2,VALIDATED,1789018240240
2222747,3,PROCESSED,1789018240245
2222748,1,INITIATED,1789018240240
2222748,2,VALIDATED,1789018240244
2222748,3,PROCESSED,1789018240263
2222749,1,INITIATED,1789018240261
2222749,2,VALIDATED,1789018240265
2222749,3,PROCESSED,1789018240270
2222750,1,INITIATED,1789018240281
2222750,2,VALIDATED,1789018240290
2222750,3,PROCESSED,1789018240295
2222751,1,INITIATED,1789018240301
2222751,2,VALIDATED,1789018240304
2222751,3,PROCESSED,1789018240308
2222752,1,INITIATED,1789018240321
2222752,2,VALIDATED,1789018240325
2222752,3,PROCESSED,1789018240329
2222753,1,INITIATED,1789018240341
2222753,2,VALIDATED,1789018240344
2222753,3,PROCESSED,1789018240363
2222754,1,INITIATED,1789018240361
2222754,2,VALIDATED,1789018240363
2222754,3,PROCESSED,1789018240366
2222755,1,INITIATED,1789018240381
2222755,2,VALIDATED,1789018240384
2222755,3,PROCESSED,1789018240388
2222756,1,INITIATED,1789018240401
2222756,2,VALIDATED,1789018240404
2222756,3,PROCESSED,1789018240408
2222757,1,INITIATED,1789018240420
2222757,2,VALIDATED,1789018240424
2222757,3,PROCESSED,1789018240660
2222758,1,INITIATED,1789018240658
2222758,2,VALIDATED,1789018240708
2222758,3,PROCESSED,1789018240886
2222759,1,INITIATED,1789018240658
2222759,2,VALIDATED,1789018240709
2222759,3,PROCESSED,1789018240886
2222760,1,INITIATED,1789018240658
2222760,2,VALIDATED,1789018240707
2222760,3,REJECTED,1789018240882
2222761,1,INITIATED,1789018240657
2222761,2,VALIDATED,1789018240708
2222761,3,REJECTED,1789018240881
2222762,1,INITIATED,1789018240657
2222762,2,VALIDATED,1789018240708
2222762,3,REJECTED,1789018240879
2222763,1,INITIATED,1789018240657
2222763,2,VALIDATED,1789018240708
2222763,3,REJECTED,1789018240881
2222764,1,INITIATED,1789018240657
2222764,2,VALIDATED,1789018240707
2222764,3,PROCESSED,1789018240885
2222765,1,INITIATED,1789018240658
2222765,2,VALIDATED,1789018240709
2222765,3,PROCESSED,1789018240885
2222766,1,INITIATED,1789018240656
2222766,2,VALIDATED,1789018240707
2222766,3,PROCESSED,1789018240886
2222767,1,INITIATED,1789018240657
2222767,2,VALIDATED,1789018240707
2222767,3,PROCESSED,1789018240884
2222768,1,INITIATED,1789018240657
2222768,2,VALIDATED,1789018240707
2222768,3,PROCESSED,1789018240882
2222769,1,INITIATED,1789018240660
2222769,2,VALIDATED,1789018240708
2222769,3,PROCESSED,1789018240881
2222770,1,INITIATED,1789018240691
2222770,2,VALIDATED,1789018240710
2222770,3,PROCESSED,1789018240885
2222771,1,INITIATED,1789018240706
2222771,2,VALIDATED,1789018240882
2222771,3,PROCESSED,1789018240951
2222772,1,INITIATED,1789018240876
2222772,2,VALIDATED,1789018240884
2222772,3,PROCESSED,1789018240950
2222773,1,INITIATED,1789018240879
2222773,2,VALIDATED,1789018240887
2222773,3,PROCESSED,1789018240950
2222774,1,INITIATED,1789018240877
2222774,2,VALIDATED,1789018240886
2222774,3,PROCESSED,1789018240949
2222775,1,INITIATED,1789018240876
2222775,2,VALIDATED,1789018240886
2222775,3,PROCESSED,1789018240950
2222776,1,INITIATED,1789018240880
2222776,2,VALIDATED,1789018240945
2222776,3,PROCESSED,1789018240953
2222777,1,INITIATED,1789018240878
2222777,2,VALIDATED,1789018240886
2222777,3,PROCESSED,1789018240949
2222778,1,INITIATED,1789018240882
2222778,2,VALIDATED,1789018240948
2222778,3,PROCESSED,1789018240957
2222779,1,INITIATED,1789018240880
2222779,2,VALIDATED,1789018240887
2222779,3,PROCESSED,1789018240949
2222780,1,INITIATED,1789018240883
2222780,2,VALIDATED,1789018240947
2222780,3,PROCESSED,1789018240957
2222781,1,INITIATED,1789018240901
2222781,2,VALIDATED,1789018240947
2222781,3,PROCESSED,1789018240957
2222782,1,INITIATED,1789018240922
2222782,2,VALIDATED,1789018240949
2222782,3,PROCESSED,1789018240957
2222783,1,INITIATED,1789018240945
2222783,2,VALIDATED,1789018240952
2222783,3,PROCESSED,1789018240958
2222784,1,INITIATED,1789018240961
2222784,2,VALIDATED,1789018240967
2222784,3,PROCESSED,1789018240972
2222785,1,INITIATED,1789018240981
2222785,2,VALIDATED,1789018240986
2222785,3,PROCESSED,1789018240990
2222786,1,INITIATED,1789018241001
2222786,2,VALIDATED,1789018241005
2222786,3,PROCESSED,1789018241009
2222787,1,INITIATED,1789018241021
2222787,2,VALIDATED,1789018241024
2222787,3,PROCESSED,1789018241028
2222788,1,INITIATED,1789018241041
2222788,2,VALIDATED,1789018241044
2222788,3,PROCESSED,1789018241048
2222789,1,INITIATED,1789018241061
2222789,2,VALIDATED,1789018241065
2222789,3,PROCESSED,1789018241069
2222790,1,INITIATED,1789018241080
2222790,2,VALIDATED,1789018241083
2222790,3,PROCESSED,1789018241087
2222791,1,INITIATED,1789018241101
2222791,2,VALIDATED,1789018241104
2222791,3,PROCESSED,1789018241107
2222792,1,INITIATED,1789018241120
2222792,2,VALIDATED,1789018241123
2222792,3,PROCESSED,1789018241126
2222793,1,INITIATED,1789018241141
2222793,2,VALIDATED,1789018241145
2222793,3,PROCESSED,1789018241150
2222794,1,INITIATED,1789018241160
2222794,2,VALIDATED,1789018241164
2222794,3,PROCESSED,1789018241167
2222795,1,INITIATED,1789018241180
2222795,2,VALIDATED,1789018241188
2222795,3,PROCESSED,1789018241192
2222796,1,INITIATED,1789018241201
2222796,2,VALIDATED,1789018241204
2222796,3,PROCESSED,1789018241208
2222797,1,INITIATED,1789018241221
2222797,2,VALIDATED,1789018241224
2222797,3,PROCESSED,1789018241228
2222798,1,INITIATED,1789018241241
2222798,2,VALIDATED,1789018241245
2222798,3,PROCESSED,1789018241249
2222799,1,INITIATED,1789018241260
2222799,2,VALIDATED,1789018241263
2222799,3,PROCESSED,1789018241267
2222800,1,INITIATED,1789018241281
2222800,2,VALIDATED,1789018241284
2222800,3,PROCESSED,1789018241287
2222801,1,INITIATED,1789018241300
2222801,2,VALIDATED,1789018241304
2222801,3,PROCESSED,1789018241307
2222802,1,INITIATED,1789018241321
2222802,2,VALIDATED,1789018241325
2222802,3,PROCESSED,1789018241328
2222803,1,INITIATED,1789018241341
2222803,2,VALIDATED,1789018241346
2222803,3,PROCESSED,1789018241350
2222804,1,INITIATED,1789018241361
2222804,2,VALIDATED,1789018241365
2222804,3,PROCESSED,1789018241371
2222805,1,INITIATED,1789018241381
2222805,2,VALIDATED,1789018241385
2222805,3,PROCESSED,1789018241390
2222806,1,INITIATED,1789018241401
2222806,2,VALIDATED,1789018241405
2222806,3,PROCESSED,1789018241408
2222807,1,INITIATED,1789018241421
2222807,2,VALIDATED,1789018241524
2222807,3,PROCESSED,1789018241531
2222808,1,INITIATED,1789018241523
2222808,2,VALIDATED,1789018241530
2222808,3,PROCESSED,1789018241589
2222809,1,INITIATED,1789018241523
2222809,2,VALIDATED,1789018241529
2222809,3,PROCESSED,1789018241539
2222810,1,INITIATED,1789018241523
2222810,2,VALIDATED,1789018241529
2222810,3,PROCESSED,1789018241539
2222811,1,INITIATED,1789018241524
2222811,2,VALIDATED,1789018241529
2222811,3,PROCESSED,1789018241539
2222812,1,INITIATED,1789018241524
2222812,2,VALIDATED,1789018241529
2222812,3,PROCESSED,1789018241539
2222813,1,INITIATED,1789018241540
2222813,2,VALIDATED,1789018241589
2222813,3,PROCESSED,1789018241769
2222814,1,INITIATED,1789018241566
2222814,2,VALIDATED,1789018241589
2222814,3,PROCESSED,1789018241768
2222815,1,INITIATED,1789018241586
2222815,2,VALIDATED,1789018241590
2222815,3,PROCESSED,1789018241768
2222816,1,INITIATED,1789018241765
2222816,2,VALIDATED,1789018241773
2222816,3,PROCESSED,1789018241834
2222817,1,INITIATED,1789018241764
2222817,2,VALIDATED,1789018241773
2222817,3,PROCESSED,1789018241834
2222818,1,INITIATED,1789018241765
2222818,2,VALIDATED,1789018241778
2222818,3,PROCESSED,1789018241846
2222819,1,INITIATED,1789018241764
2222819,2,VALIDATED,1789018241774
2222819,3,PROCESSED,1789018241835
2222820,1,INITIATED,1789018241764
2222820,2,VALIDATED,1789018241773
2222820,3,PROCESSED,1789018241833
2222821,1,INITIATED,1789018241765
2222821,2,VALIDATED,1789018241774
2222821,3,PROCESSED,1789018241835
2222822,1,INITIATED,1789018241765
2222822,2,VALIDATED,1789018241778
2222822,3,PROCESSED,1789018241846
2222823,1,INITIATED,1789018241766
2222823,2,VALIDATED,1789018241778
2222823,3,PROCESSED,1789018241846
2222824,1,INITIATED,1789018241764
2222824,2,VALIDATED,1789018241773
2222824,3,PROCESSED,1789018241835
2222825,1,INITIATED,1789018241828
2222825,2,VALIDATED,1789018241856
2222825,3,PROCESSED,1789018241866
2222826,1,INITIATED,1789018241828
2222826,2,VALIDATED,1789018241857
2222826,3,PROCESSED,1789018241866
2222827,1,INITIATED,1789018241828
2222827,2,VALIDATED,1789018241857
2222827,3,PROCESSED,1789018241866
2222828,1,INITIATED,1789018241842
2222828,2,VALIDATED,1789018241859
2222828,3,PROCESSED,1789018241866
2222829,1,INITIATED,1789018241861
2222829,2,VALIDATED,1789018241867
2222829,3,PROCESSED,1789018241873
2222830,1,INITIATED,1789018241881
2222830,2,VALIDATED,1789018241886
2222830,3,PROCESSED,1789018241892
2222831,1,INITIATED,1789018241901
2222831,2,VALIDATED,1789018241907
2222831,3,PROCESSED,1789018241913
2222832,1,INITIATED,1789018241921
2222832,2,VALIDATED,1789018241925
2222832,3,PROCESSED,1789018241931
2222833,1,INITIATED,1789018241942
2222833,2,VALIDATED,1789018241947
2222833,3,PROCESSED,1789018241954
2222834,1,INITIATED,1789018241962
2222834,2,VALIDATED,1789018241966
2222834,3,PROCESSED,1789018241973
2222835,1,INITIATED,1789018241981
2222835,2,VALIDATED,1789018241987
2222835,3,PROCESSED,1789018241995
2222836,1,INITIATED,1789018242001
2222836,2,VALIDATED,1789018242006
2222836,3,PROCESSED,1789018242013
2222837,1,INITIATED,1789018242021
2222837,2,VALIDATED,1789018242026
2222837,3,PROCESSED,1789018242033
2222838,1,INITIATED,1789018242042
2222838,2,VALIDATED,1789018242047
2222838,3,PROCESSED,1789018242054
2222839,1,INITIATED,1789018242061
2222839,2,VALIDATED,1789018242066
2222839,3,PROCESSED,1789018242073
2222840,1,INITIATED,1789018242081
2222840,2,VALIDATED,1789018242086
2222840,3,PROCESSED,1789018242092
2222841,1,INITIATED,1789018242102
2222841,2,VALIDATED,1789018242107
2222841,3,PROCESSED,1789018242113
2222842,1,INITIATED,1789018242121
2222842,2,VALIDATED,1789018242126
2222842,3,PROCESSED,1789018242133
2222843,1,INITIATED,1789018242141
2222843,2,VALIDATED,1789018242147
2222843,3,PROCESSED,1789018242153
2222844,1,INITIATED,1789018242161
2222844,2,VALIDATED,1789018242165
2222844,3,PROCESSED,1789018242171
2222845,1,INITIATED,1789018242181
2222845,2,VALIDATED,1789018242186
2222845,3,PROCESSED,1789018242192
2222846,1,INITIATED,1789018242202
2222846,2,VALIDATED,1789018242207
2222846,3,PROCESSED,1789018242213
2222847,1,INITIATED,1789018242222
2222847,2,VALIDATED,1789018242226
2222847,3,PROCESSED,1789018242231
2222848,1,INITIATED,1789018242241
2222848,2,VALIDATED,1789018242245
2222848,3,PROCESSED,1789018242252
2222849,1,INITIATED,1789018242262
2222849,2,VALIDATED,1789018242266
2222849,3,PROCESSED,1789018242272
2222850,1,INITIATED,1789018242281
2222850,2,VALIDATED,1789018242285
2222850,3,PROCESSED,1789018242291
2222851,1,INITIATED,1789018242301
2222851,2,VALIDATED,1789018242305
2222851,3,PROCESSED,1789018242310
2222852,1,INITIATED,1789018242322
2222852,2,VALIDATED,1789018242326
2222852,3,PROCESSED,1789018242331
2222853,1,INITIATED,1789018242341
2222853,2,VALIDATED,1789018242345
2222853,3,PROCESSED,1789018242351
2222854,1,INITIATED,1789018242361
2222854,2,VALIDATED,1789018242365
2222854,3,PROCESSED,1789018242370
2222855,1,INITIATED,1789018242382
2222855,2,VALIDATED,1789018242386
2222855,3,PROCESSED,1789018242391
2222856,1,INITIATED,1789018242401
2222856,2,VALIDATED,1789018242405
2222856,3,PROCESSED,1789018242411
2222857,1,INITIATED,1789018242421
2222857,2,VALIDATED,1789018242440
2222857,3,PROCESSED,1789018242447
2222858,1,INITIATED,1789018242441
2222858,2,VALIDATED,1789018242449
2222858,3,PROCESSED,1789018242501
2222859,1,INITIATED,1789018242477
2222859,2,VALIDATED,1789018242875
2222859,3,PROCESSED,1789018243032
2222860,1,INITIATED,1789018242497
2222860,2,VALIDATED,1789018242876
2222860,3,REJECTED,1789018242892
2222861,1,INITIATED,1789018242501
2222861,2,VALIDATED,1789018242876
2222861,3,REJECTED,1789018242890
2222862,1,INITIATED,1789018242877
2222862,2,VALIDATED,1789018242892
2222862,3,REJECTED,1789018243097
2222863,1,INITIATED,1789018242875
2222863,2,VALIDATED,1789018242891
2222863,3,REJECTED,1789018243096
2222864,1,INITIATED,1789018242877
2222864,2,VALIDATED,1789018242891
2222864,3,PROCESSED,1789018243052
2222865,1,INITIATED,1789018242875
2222865,2,VALIDATED,1789018242890
2222865,3,PROCESSED,1789018243053
2222866,1,INITIATED,1789018242877
2222866,2,VALIDATED,1789018243031
2222866,3,PROCESSED,1789018243100
2222867,1,INITIATED,1789018242879
2222867,2,VALIDATED,1789018243033
2222867,3,PROCESSED,1789018243099
2222868,1,INITIATED,1789018242879
2222868,2,VALIDATED,1789018243033
2222868,3,PROCESSED,1789018243100
2222869,1,INITIATED,1789018242878
2222869,2,VALIDATED,1789018242891
2222869,3,PROCESSED,1789018243100
2222870,1,INITIATED,1789018242877
2222870,2,VALIDATED,1789018243031
2222870,3,PROCESSED,1789018243099
2222871,1,INITIATED,1789018242877
2222871,2,VALIDATED,1789018242891
2222871,3,PROCESSED,1789018243100
2222872,1,INITIATED,1789018242878
2222872,2,VALIDATED,1789018242892
2222872,3,PROCESSED,1789018243100
2222873,1,INITIATED,1789018242877
2222873,2,VALIDATED,1789018242890
2222873,3,PROCESSED,1789018243053
2222874,1,INITIATED,1789018242875
2222874,2,VALIDATED,1789018242891
2222874,3,PROCESSED,1789018243052
2222875,1,INITIATED,1789018242879
2222875,2,VALIDATED,1789018243033
2222875,3,PROCESSED,1789018243099
2222876,1,INITIATED,1789018242875
2222876,2,VALIDATED,1789018242890
2222876,3,PROCESSED,1789018243100
2222877,1,INITIATED,1789018242878
2222877,2,VALIDATED,1789018242891
2222877,3,PROCESSED,1789018243053
2222878,1,INITIATED,1789018242879
2222878,2,VALIDATED,1789018243033
2222878,3,PROCESSED,1789018243100
2222879,1,INITIATED,1789018242879
2222879,2,VALIDATED,1789018242892
2222879,3,PROCESSED,1789018243100
2222880,1,INITIATED,1789018242881
2222880,2,VALIDATED,1789018243033
2222880,3,PROCESSED,1789018243098
2222881,1,INITIATED,1789018243032
2222881,2,VALIDATED,1789018243097
2222881,3,PROCESSED,1789018243115
2222882,1,INITIATED,1789018243031
2222882,2,VALIDATED,1789018243098
2222882,3,PROCESSED,1789018243115
2222883,1,INITIATED,1789018243031
2222883,2,VALIDATED,1789018243096
2222883,3,PROCESSED,1789018243115
2222884,1,INITIATED,1789018243031
2222884,2,VALIDATED,1789018243096
2222884,3,PROCESSED,1789018243106
2222885,1,INITIATED,1789018243032
2222885,2,VALIDATED,1789018243096
2222885,3,PROCESSED,1789018243106
2222886,1,INITIATED,1789018243032
2222886,2,VALIDATED,1789018243096
2222886,3,PROCESSED,1789018243115
2222887,1,INITIATED,1789018243032
2222887,2,VALIDATED,1789018243097
2222887,3,PROCESSED,1789018243115
2222888,1,INITIATED,1789018243041
2222888,2,VALIDATED,1789018243096
2222888,3,PROCESSED,1789018243114
2222889,1,INITIATED,1789018243063
2222889,2,VALIDATED,1789018243100
2222889,3,PROCESSED,1789018243115
2222890,1,INITIATED,1789018243081
2222890,2,VALIDATED,1789018243101
2222890,3,PROCESSED,1789018243115
2222891,1,INITIATED,1789018243101
2222891,2,VALIDATED,1789018243113
2222891,3,PROCESSED,1789018243121
2222892,1,INITIATED,1789018243120
2222892,2,VALIDATED,1789018243128
2222892,3,PROCESSED,1789018243148
2222893,1,INITIATED,1789018243141
2222893,2,VALIDATED,1789018243149
2222893,3,PROCESSED,1789018243157
2222894,1,INITIATED,1789018243160
2222894,2,VALIDATED,1789018243164
2222894,3,PROCESSED,1789018243171
2222895,1,INITIATED,1789018243180
2222895,2,VALIDATED,1789018243184
2222895,3,PROCESSED,1789018243190
2222896,1,INITIATED,1789018243201
2222896,2,VALIDATED,1789018243204
2222896,3,PROCESSED,1789018243211
2222897,1,INITIATED,1789018243221
2222897,2,VALIDATED,1789018243224
2222897,3,PROCESSED,1789018243229
2222898,1,INITIATED,1789018243240
2222898,2,VALIDATED,1789018243246
2222898,3,PROCESSED,1789018243252
2222899,1,INITIATED,1789018243261
2222899,2,VALIDATED,1789018243267
2222899,3,PROCESSED,1789018243273
2222900,1,INITIATED,1789018243281
2222900,2,VALIDATED,1789018243288
2222900,3,PROCESSED,1789018243295
2222901,1,INITIATED,1789018243301
2222901,2,VALIDATED,1789018243304
2222901,3,PROCESSED,1789018243311
2222902,1,INITIATED,1789018243321
2222902,2,VALIDATED,1789018243327
2222902,3,PROCESSED,1789018243337
2222903,1,INITIATED,1789018243341
2222903,2,VALIDATED,1789018243349
2222903,3,PROCESSED,1789018243356
2222904,1,INITIATED,1789018243361
2222904,2,VALIDATED,1789018243365
2222904,3,PROCESSED,1789018243371
2222905,1,INITIATED,1789018243381
2222905,2,VALIDATED,1789018243385
2222905,3,PROCESSED,1789018243390
2222906,1,INITIATED,1789018243401
2222906,2,VALIDATED,1789018243404
2222906,3,PROCESSED,1789018243409
2222907,1,INITIATED,1789018243421
2222907,2,VALIDATED,1789018243487
2222907,3,PROCESSED,1789018243509
2222908,1,INITIATED,1789018243486
2222908,2,VALIDATED,1789018243508
2222908,3,PROCESSED,1789018243652
2222909,1,INITIATED,1789018243486
2222909,2,VALIDATED,1789018243508
2222909,3,PROCESSED,1789018243652
2222910,1,INITIATED,1789018243486
2222910,2,VALIDATED,1789018243508
2222910,3,PROCESSED,1789018243652
2222911,1,INITIATED,1789018243505
2222911,2,VALIDATED,1789018243651
2222911,3,PROCESSED,1789018243658
2222912,1,INITIATED,1789018243521
2222912,2,VALIDATED,1789018243651
2222912,3,PROCESSED,1789018243658
2222913,1,INITIATED,1789018243541
2222913,2,VALIDATED,1789018243651
2222913,3,PROCESSED,1789018243658
2222914,1,INITIATED,1789018243562
2222914,2,VALIDATED,1789018243650
2222914,3,PROCESSED,1789018243658
2222915,1,INITIATED,1789018243581
2222915,2,VALIDATED,1789018243651
2222915,3,PROCESSED,1789018243658
2222916,1,INITIATED,1789018243601
2222916,2,VALIDATED,1789018243650
2222916,3,PROCESSED,1789018243658
2222917,1,INITIATED,1789018243621
2222917,2,VALIDATED,1789018243650
2222917,3,PROCESSED,1789018243658
2222918,1,INITIATED,1789018243641
2222918,2,VALIDATED,1789018243655
2222918,3,PROCESSED,1789018243661
2222919,1,INITIATED,1789018243661
2222919,2,VALIDATED,1789018243667
2222919,3,PROCESSED,1789018243672
2222920,1,INITIATED,1789018243680
2222920,2,VALIDATED,1789018243692
2222920,3,PROCESSED,1789018243711
2222921,1,INITIATED,1789018243701
2222921,2,VALIDATED,1789018243725
2222921,3,PROCESSED,1789018243744
2222922,1,INITIATED,1789018243721
2222922,2,VALIDATED,1789018243742
2222922,3,PROCESSED,1789018243763
2222923,1,INITIATED,1789018243741
2222923,2,VALIDATED,1789018243761
2222923,3,PROCESSED,1789018243798
2222924,1,INITIATED,1789018243761
2222924,2,VALIDATED,1789018243780
2222924,3,PROCESSED,1789018243814
2222925,1,INITIATED,1789018243781
2222925,2,VALIDATED,1789018243813
2222925,3,PROCESSED,1789018243833
2222926,1,INITIATED,1789018243801
2222926,2,VALIDATED,1789018243831
2222926,3,PROCESSED,1789018243852
2222927,1,INITIATED,1789018243821
2222927,2,VALIDATED,1789018243831
2222927,3,PROCESSED,1789018243852
2222928,1,INITIATED,1789018243841
2222928,2,VALIDATED,1789018243850
2222928,3,PROCESSED,1789018243856
2222929,1,INITIATED,1789018243862
2222929,2,VALIDATED,1789018243866
2222929,3,PROCESSED,1789018243872
2222930,1,INITIATED,1789018243882
2222930,2,VALIDATED,1789018243892
2222930,3,PROCESSED,1789018243897
2222931,1,INITIATED,1789018243900
2222931,2,VALIDATED,1789018243920
2222931,3,PROCESSED,1789018243925
2222932,1,INITIATED,1789018243921
2222932,2,VALIDATED,1789018243924
2222932,3,PROCESSED,1789018243929
2222933,1,INITIATED,1789018243941
2222933,2,VALIDATED,1789018243950
2222933,3,PROCESSED,1789018243956
2222934,1,INITIATED,1789018243962
2222934,2,VALIDATED,1789018243967
2222934,3,PROCESSED,1789018243973
2222935,1,INITIATED,1789018243981
2222935,2,VALIDATED,1789018244002
2222935,3,PROCESSED,1789018244007
2222936,1,INITIATED,1789018244001
2222936,2,VALIDATED,1789018244005
2222936,3,PROCESSED,1789018244010
2222937,1,INITIATED,1789018244022
2222937,2,VALIDATED,1789018244028
2222937,3,PROCESSED,1789018244034
2222938,1,INITIATED,1789018244049
2222938,2,VALIDATED,1789018244055
2222938,3,PROCESSED,1789018244063
2222939,1,INITIATED,1789018244061
2222939,2,VALIDATED,1789018244083
2222939,3,PROCESSED,1789018244088
2222940,1,INITIATED,1789018244082
2222940,2,VALIDATED,1789018244086
2222940,3,PROCESSED,1789018244091
2222941,1,INITIATED,1789018244101
2222941,2,VALIDATED,1789018244112
2222941,3,PROCESSED,1789018244117
2222942,1,INITIATED,1789018244121
2222942,2,VALIDATED,1789018244124
2222942,3,PROCESSED,1789018244129
2222943,1,INITIATED,1789018244141
2222943,2,VALIDATED,1789018245026
2222943,3,PROCESSED,1789018246548
2222944,1,INITIATED,1789018244277
2222944,2,VALIDATED,1789018246547
2222944,3,PROCESSED,1789018249486
2222945,1,INITIATED,1789018244277
2222945,2,VALIDATED,1789018247046
2222945,3,PROCESSED,1789018248069
2222946,1,INITIATED,1789018245024
2222946,2,VALIDATED,1789018245641
2222946,3,PROCESSED,1789018247049
2222947,1,INITIATED,1789018244278
2222947,2,VALIDATED,1789018246546
2222947,3,PROCESSED,1789018249495
2222948,1,INITIATED,1789018244277
2222948,2,VALIDATED,1789018245640
2222948,3,PROCESSED,1789018249490
2222949,1,INITIATED,1789018245023
2222949,2,VALIDATED,1789018246548
2222949,3,PROCESSED,1789018249887
2222950,1,INITIATED,1789018245028
2222950,2,VALIDATED,1789018246544
2222950,3,PROCESSED,1789018249492
2222951,1,INITIATED,1789018245027
2222951,2,VALIDATED,1789018247049
2222951,3,PROCESSED,1789018250906
2222952,1,INITIATED,1789018245027
2222952,2,VALIDATED,1789018246546
2222952,3,PROCESSED,1789018249889
2222953,1,INITIATED,1789018245025
2222953,2,VALIDATED,1789018246545
2222953,3,PROCESSED,1789018249887
2222954,1,INITIATED,1789018245028
2222954,2,VALIDATED,1789018245639
2222954,3,PROCESSED,1789018248069
2222955,1,INITIATED,1789018245028
2222955,2,VALIDATED,1789018246545
2222955,3,PROCESSED,1789018249492
2222956,1,INITIATED,1789018245025
2222956,2,VALIDATED,1789018246546
2222956,3,PROCESSED,1789018249492
2222957,1,INITIATED,1789018245025
2222957,2,VALIDATED,1789018245639
2222957,3,PROCESSED,1789018249892
2222958,1,INITIATED,1789018245026
2222958,2,VALIDATED,1789018245639
2222958,3,PROCESSED,1789018248069
2222959,1,INITIATED,1789018245025
2222959,2,VALIDATED,1789018247047
2222959,3,PROCESSED,1789018252259
2222960,1,INITIATED,1789018245027
2222960,2,VALIDATED,1789018246547
2222960,3,REJECTED,1789018252680
2222961,1,INITIATED,1789018245027
2222961,2,VALIDATED,1789018246547
2222961,3,REJECTED,1789018251903
2222962,1,INITIATED,1789018245025
2222962,2,VALIDATED,1789018246546
2222962,3,REJECTED,1789018249523
2222963,1,INITIATED,1789018245027
2222963,2,VALIDATED,1789018246548
2222963,3,REJECTED,1789018249489
2222964,1,INITIATED,1789018245025
2222964,2,VALIDATED,1789018246548
2222964,3,PROCESSED,1789018249888
2222965,1,INITIATED,1789018245026
2222965,2,VALIDATED,1789018246548
2222965,3,PROCESSED,1789018249887
2222966,1,INITIATED,1789018245028
2222966,2,VALIDATED,1789018246548
2222966,3,PROCESSED,1789018249495
2222967,1,INITIATED,1789018245027
2222967,2,VALIDATED,1789018246543
2222967,3,PROCESSED,1789018249491
2222968,1,INITIATED,1789018245026
2222968,2,VALIDATED,1789018246544
2222968,3,PROCESSED,1789018249491
2222969,1,INITIATED,1789018245026
2222969,2,VALIDATED,1789018247043
2222969,3,PROCESSED,1789018252258
2222970,1,INITIATED,1789018245028
2222970,2,VALIDATED,1789018246546
2222970,3,PROCESSED,1789018249888
2222971,1,INITIATED,1789018245027
2222971,2,VALIDATED,1789018246546
2222971,3,PROCESSED,1789018252643
2222972,1,INITIATED,1789018245024
2222972,2,VALIDATED,1789018245641
2222972,3,PROCESSED,1789018252644
2222973,1,INITIATED,1789018245026
2222973,2,VALIDATED,1789018246547
2222973,3,PROCESSED,1789018249888
2222974,1,INITIATED,1789018245025
2222974,2,VALIDATED,1789018245641
2222974,3,PROCESSED,1789018251694
2222975,1,INITIATED,1789018245476
2222975,2,VALIDATED,1789018247046
2222975,3,PROCESSED,1789018252259
2222976,1,INITIATED,1789018245477
2222976,2,VALIDATED,1789018247048
2222976,3,PROCESSED,1789018252923
2222977,1,INITIATED,1789018245478
2222977,2,VALIDATED,1789018247046
2222977,3,PROCESSED,1789018252362
2222978,1,INITIATED,1789018245477
2222978,2,VALIDATED,1789018247048
2222978,3,PROCESSED,1789018252260
2222979,1,INITIATED,1789018245478
2222979,2,VALIDATED,1789018252680
2222979,3,PROCESSED,1789018253069
2222980,1,INITIATED,1789018245478
2222980,2,VALIDATED,1789018248063
2222980,3,PROCESSED,1789018251654
2222981,1,INITIATED,1789018245478
2222981,2,VALIDATED,1789018247048
2222981,3,PROCESSED,1789018252259
2222982,1,INITIATED,1789018245477
2222982,2,VALIDATED,1789018248062
2222982,3,PROCESSED,1789018248464
2222983,1,INITIATED,1789018245480
2222983,2,VALIDATED,1789018251892
2222983,3,PROCESSED,1789018253069
2222984,1,INITIATED,1789018245479
2222984,2,VALIDATED,1789018247048
2222984,3,PROCESSED,1789018252270
2222985,1,INITIATED,1789018245480
2222985,2,VALIDATED,1789018247048
2222985,3,PROCESSED,1789018252258
2222986,1,INITIATED,1789018245480
2222986,2,VALIDATED,1789018247047
2222986,3,PROCESSED,1789018250908
2222987,1,INITIATED,1789018245480
2222987,2,VALIDATED,1789018247047
2222987,3,PROCESSED,1789018249893
2222988,1,INITIATED,1789018245480
2222988,2,VALIDATED,1789018246548
2222988,3,PROCESSED,1789018249490
2222989,1,INITIATED,1789018245481
2222989,2,VALIDATED,1789018247048
2222989,3,PROCESSED,1789018252257
2222990,1,INITIATED,1789018245480
2222990,2,VALIDATED,1789018248064
2222990,3,PROCESSED,1789018249491
2222991,1,INITIATED,1789018245481
2222991,2,VALIDATED,1789018248066
2222991,3,PROCESSED,1789018249491
2222992,1,INITIATED,1789018245481
2222992,2,VALIDATED,1789018248066
2222992,3,PROCESSED,1789018248464
2222993,1,INITIATED,1789018245481
2222993,2,VALIDATED,1789018247046
2222993,3,PROCESSED,1789018252259
2222994,1,INITIATED,1789018245481
2222994,2,VALIDATED,1789018248065
2222994,3,PROCESSED,1789018249492
2222995,1,INITIATED,1789018245481
2222995,2,VALIDATED,1789018246547
2222995,3,PROCESSED,1789018251895
2222996,1,INITIATED,1789018245481
2222996,2,VALIDATED,1789018247046
2222996,3,PROCESSED,1789018252366
2222997,1,INITIATED,1789018245482
2222997,2,VALIDATED,1789018247045
2222997,3,PROCESSED,1789018250907
2222998,1,INITIATED,1789018245481
2222998,2,VALIDATED,1789018248065
2222998,3,PROCESSED,1789018248465
2222999,1,INITIATED,1789018245480
2222999,2,VALIDATED,1789018247048
2222999,3,PROCESSED,1789018249893
2223000,1,INITIATED,1789018245482
2223000,2,VALIDATED,1789018247046
2223000,3,PROCESSED,1789018249893
2223001,1,INITIATED,1789018245482
2223001,2,VALIDATED,1789018246543
2223001,3,PROCESSED,1789018251694
2223002,1,INITIATED,1789018245482
2223002,2,VALIDATED,1789018247080
2223002,3,PROCESSED,1789018252270
2223003,1,INITIATED,1789018245482
2223003,2,VALIDATED,1789018247046
2223003,3,PROCESSED,1789018252923
2223004,1,INITIATED,1789018245482
2223004,2,VALIDATED,1789018248064
2223004,3,PROCESSED,1789018251653
2223005,1,INITIATED,1789018245483
2223005,2,VALIDATED,1789018247044
2223005,3,PROCESSED,1789018250908
2223006,1,INITIATED,1789018245483
2223006,2,VALIDATED,1789018247046
2223006,3,PROCESSED,1789018252259
2223007,1,INITIATED,1789018245640
2223007,2,VALIDATED,1789018251893
2223007,3,PROCESSED,1789018253068
2223008,1,INITIATED,1789018246545
2223008,2,VALIDATED,1789018249522
2223008,3,PROCESSED,1789018253111
2223009,1,INITIATED,1789018246545
2223009,2,VALIDATED,1789018251651
2223009,3,PROCESSED,1789018253111
2223010,1,INITIATED,1789018247041
2223010,2,VALIDATED,1789018252256
2223010,3,PROCESSED,1789018253088
2223011,1,INITIATED,1789018247041
2223011,2,VALIDATED,1789018250903
2223011,3,PROCESSED,1789018253081
2223012,1,INITIATED,1789018247045
2223012,2,VALIDATED,1789018252256
2223012,3,PROCESSED,1789018253143
2223013,1,INITIATED,1789018247045
2223013,2,VALIDATED,1789018252922
2223013,3,PROCESSED,1789018253089
2223014,1,INITIATED,1789018247049
2223014,2,VALIDATED,1789018252931
2223014,3,PROCESSED,1789018253102
2223015,1,INITIATED,1789018247047
2223015,2,VALIDATED,1789018252347
2223015,3,PROCESSED,1789018253028
2223016,1,INITIATED,1789018247048
2223016,2,VALIDATED,1789018252268
2223016,3,PROCESSED,1789018252923
2223017,1,INITIATED,1789018247046
2223017,2,VALIDATED,1789018252258
2223017,3,PROCESSED,1789018253089
2223018,1,INITIATED,1789018247049
2223018,2,VALIDATED,1789018252268
2223018,3,PROCESSED,1789018253088
2223019,1,INITIATED,1789018248066
2223019,2,VALIDATED,1789018252636
2223019,3,PROCESSED,1789018253129
2223020,1,INITIATED,1789018248063
2223020,2,VALIDATED,1789018248463
2223020,3,PROCESSED,1789018251905
2223021,1,INITIATED,1789018248064
2223021,2,VALIDATED,1789018248600
2223021,3,PROCESSED,1789018253027
2223022,1,INITIATED,1789018248065
2223022,2,VALIDATED,1789018251652
2223022,3,PROCESSED,1789018253110
2223023,1,INITIATED,1789018248066
2223023,2,VALIDATED,1789018248600
2223023,3,PROCESSED,1789018251004
2223024,1,INITIATED,1789018248064
2223024,2,VALIDATED,1789018251692
2223024,3,PROCESSED,1789018252635
2223025,1,INITIATED,1789018248067
2223025,2,VALIDATED,1789018252628
2223025,3,PROCESSED,1789018253058
2223026,1,INITIATED,1789018248066
2223026,2,VALIDATED,1789018248599
2223026,3,PROCESSED,1789018250911
2223027,1,INITIATED,1789018248066
2223027,2,VALIDATED,1789018251651
2223027,3,PROCESSED,1789018253063
2223028,1,INITIATED,1789018248065
2223028,2,VALIDATED,1789018249488
2223028,3,PROCESSED,1789018253059
2223029,1,INITIATED,1789018248066
2223029,2,VALIDATED,1789018252634
2223029,3,PROCESSED,1789018253069
2223030,1,INITIATED,1789018248066
2223030,2,VALIDATED,1789018248598
2223030,3,PROCESSED,1789018249892
2223031,1,INITIATED,1789018248068
2223031,2,VALIDATED,1789018252627
2223031,3,PROCESSED,1789018253061
2223032,1,INITIATED,1789018248067
2223032,2,VALIDATED,1789018252635
2223032,3,PROCESSED,1789018253131
2223033,1,INITIATED,1789018248063
2223033,2,VALIDATED,1789018252631
2223033,3,PROCESSED,1789018253112
2223034,1,INITIATED,1789018248067
2223034,2,VALIDATED,1789018253119
2223034,3,PROCESSED,1789018253359
2223035,1,INITIATED,1789018248067
2223035,2,VALIDATED,1789018248462
2223035,3,PROCESSED,1789018253132
2223036,1,INITIATED,1789018248068
2223036,2,VALIDATED,1789018248463
2223036,3,PROCESSED,1789018252682
2223037,1,INITIATED,1789018248067
2223037,2,VALIDATED,1789018249488
2223037,3,PROCESSED,1789018252629
2223038,1,INITIATED,1789018248063
2223038,2,VALIDATED,1789018248463
2223038,3,PROCESSED,1789018249491
2223039,1,INITIATED,1789018248067
2223039,2,VALIDATED,1789018249484
2223039,3,PROCESSED,1789018251004
2223040,1,INITIATED,1789018248458
2223040,2,VALIDATED,1789018251893
2223040,3,PROCESSED,1789018253068
2223041,1,INITIATED,1789018248460
2223041,2,VALIDATED,1789018251892
2223041,3,PROCESSED,1789018253070
2223042,1,INITIATED,1789018248458
2223042,2,VALIDATED,1789018249523
2223042,3,PROCESSED,1789018252632
2223043,1,INITIATED,1789018248458
2223043,2,VALIDATED,1789018252680
2223043,3,PROCESSED,1789018253131
2223044,1,INITIATED,1789018248458
2223044,2,VALIDATED,1789018251903
2223044,3,PROCESSED,1789018253079
2223045,1,INITIATED,1789018248458
2223045,2,VALIDATED,1789018249484
2223045,3,PROCESSED,1789018250911
2223046,1,INITIATED,1789018248459
2223046,2,VALIDATED,1789018249487
2223046,3,PROCESSED,1789018252632
2223047,1,INITIATED,1789018248458
2223047,2,VALIDATED,1789018251903
2223047,3,PROCESSED,1789018253079
2223048,1,INITIATED,1789018248458
2223048,2,VALIDATED,1789018252641
2223048,3,PROCESSED,1789018253130
2223049,1,INITIATED,1789018248459
2223049,2,VALIDATED,1789018252679
2223049,3,PROCESSED,1789018253143
2223050,1,INITIATED,1789018248459
2223050,2,VALIDATED,1789018251904
2223050,3,PROCESSED,1789018252682
2223051,1,INITIATED,1789018248459
2223051,2,VALIDATED,1789018251903
2223051,3,PROCESSED,1789018252682
2223052,1,INITIATED,1789018248461
2223052,2,VALIDATED,1789018251903
2223052,3,PROCESSED,1789018252682
2223053,1,INITIATED,1789018248459
2223053,2,VALIDATED,1789018251892
2223053,3,PROCESSED,1789018253133
2223054,1,INITIATED,1789018248460
2223054,2,VALIDATED,1789018251904
2223054,3,PROCESSED,1789018253079
2223055,1,INITIATED,1789018248460
2223055,2,VALIDATED,1789018252679
2223055,3,PROCESSED,1789018253070
2223056,1,INITIATED,1789018248461
2223056,2,VALIDATED,1789018249488
2223056,3,PROCESSED,1789018252632
2223057,1,INITIATED,1789018248460
2223057,2,VALIDATED,1789018251904
2223057,3,REJECTED,1789018253076
2223058,1,INITIATED,1789018248463
2223058,2,VALIDATED,1789018249487
2223058,3,PROCESSED,1789018252628
2223059,1,INITIATED,1789018248462
2223059,2,VALIDATED,1789018251904
2223059,3,PROCESSED,1789018253133
2223060,1,INITIATED,1789018248461
2223060,2,VALIDATED,1789018251692
2223060,3,PROCESSED,1789018253066
2223061,1,INITIATED,1789018248462
2223061,2,VALIDATED,1789018251692
2223061,3,PROCESSED,1789018253066
2223062,1,INITIATED,1789018248462
2223062,2,VALIDATED,1789018251903
2223062,3,PROCESSED,1789018253143
2223063,1,INITIATED,1789018248462
2223063,2,VALIDATED,1789018249487
2223063,3,PROCESSED,1789018253028
2223064,1,INITIATED,1789018248463
2223064,2,VALIDATED,1789018251903
2223064,3,PROCESSED,1789018253079
2223065,1,INITIATED,1789018248597
2223065,2,VALIDATED,1789018252364
2223065,3,PROCESSED,1789018253102
2223066,1,INITIATED,1789018248598
2223066,2,VALIDATED,1789018249890
2223066,3,PROCESSED,1789018252634
2223067,1,INITIATED,1789018248598
2223067,2,VALIDATED,1789018249889
2223067,3,PROCESSED,1789018251651
2223068,1,INITIATED,1789018248600
2223068,2,VALIDATED,1789018252347
2223068,3,REJECTED,1789018253025
2223069,1,INITIATED,1789018248599
2223069,2,VALIDATED,1789018249890
2223069,3,PROCESSED,1789018252630
2223070,1,INITIATED,1789018248599
2223070,2,VALIDATED,1789018250904
2223070,3,PROCESSED,1789018252696
2223071,1,INITIATED,1789018248600
2223071,2,VALIDATED,1789018252347
2223071,3,REJECTED,1789018253087
2223072,1,INITIATED,1789018248600
2223072,2,VALIDATED,1789018252362
2223072,3,PROCESSED,1789018253027
2223073,1,INITIATED,1789018249488
2223073,2,VALIDATED,1789018252626
2223073,3,PROCESSED,1789018253059
2223074,1,INITIATED,1789018249489
2223074,2,VALIDATED,1789018251000
2223074,3,REJECTED,1789018252268
2223075,1,INITIATED,1789018249489
2223075,2,VALIDATED,1789018252625
2223075,3,PROCESSED,1789018253109
2223076,1,INITIATED,1789018249887
2223076,2,VALIDATED,1789018251649
2223076,3,PROCESSED,1789018253037
2223077,1,INITIATED,1789018249890
2223077,2,VALIDATED,1789018253216
2223077,3,PROCESSED,1789018254591
2223078,1,INITIATED,1789018249890
2223078,2,VALIDATED,1789018252630
2223078,3,PROCESSED,1789018253222
2223079,1,INITIATED,1789018249890
2223079,2,VALIDATED,1789018251651
2223079,3,PROCESSED,1789018252631
2223080,1,INITIATED,1789018249890
2223080,2,VALIDATED,1789018251651
2223080,3,PROCESSED,1789018253130
2223081,1,INITIATED,1789018249891
2223081,2,VALIDATED,1789018251650
2223081,3,PROCESSED,1789018252633
2223082,1,INITIATED,1789018249889
2223082,2,VALIDATED,1789018253108
2223082,3,PROCESSED,1789018253131
2223083,1,INITIATED,1789018249890
2223083,2,VALIDATED,1789018251649
2223083,3,PROCESSED,1789018254157
2223084,1,INITIATED,1789018249891
2223084,2,VALIDATED,1789018251653
2223084,3,PROCESSED,1789018252630
2223085,1,INITIATED,1789018249891
2223085,2,VALIDATED,1789018251650
2223085,3,PROCESSED,1789018253059
2223086,1,INITIATED,1789018249891
2223086,2,VALIDATED,1789018252627
2223086,3,PROCESSED,1789018253059
2223087,1,INITIATED,1789018249891
2223087,2,VALIDATED,1789018251649
2223087,3,PROCESSED,1789018252631
2223088,1,INITIATED,1789018249891
2223088,2,VALIDATED,1789018252629
2223088,3,PROCESSED,1789018253059
2223089,1,INITIATED,1789018249891
2223089,2,VALIDATED,1789018253056
2223089,3,PROCESSED,1789018253223
2223090,1,INITIATED,1789018250028
2223090,2,VALIDATED,1789018252695
2223090,3,PROCESSED,1789018253143
2223091,1,INITIATED,1789018250028
2223091,2,VALIDATED,1789018252632
2223091,3,PROCESSED,1789018253112
2223092,1,INITIATED,1789018250029
2223092,2,VALIDATED,1789018253079
2223092,3,PROCESSED,1789018253130
2223093,1,INITIATED,1789018250030
2223093,2,VALIDATED,1789018252680
2223093,3,PROCESSED,1789018253070
2223094,1,INITIATED,1789018250905
2223094,2,VALIDATED,1789018252681
2223094,3,PROCESSED,1789018253069
2223095,1,INITIATED,1789018250904
2223095,2,VALIDATED,1789018253331
2223095,3,PROCESSED,1789018255673
2223096,1,INITIATED,1789018250911
2223096,2,VALIDATED,1789018252255
2223096,3,PROCESSED,1789018253143
2223097,1,INITIATED,1789018250908
2223097,2,VALIDATED,1789018252251
2223097,3,PROCESSED,1789018253081
2223098,1,INITIATED,1789018250911
2223098,2,VALIDATED,1789018252695
2223098,3,PROCESSED,1789018253143
2223099,1,INITIATED,1789018250911
2223099,2,VALIDATED,1789018252694
2223099,3,PROCESSED,1789018253080
2223100,1,INITIATED,1789018250910
2223100,2,VALIDATED,1789018252694
2223100,3,PROCESSED,1789018253080
2223101,1,INITIATED,1789018250906
2223101,2,VALIDATED,1789018252694
2223101,3,PROCESSED,1789018253081
2223102,1,INITIATED,1789018250910
2223102,2,VALIDATED,1789018252680
2223102,3,PROCESSED,1789018253141
2223103,1,INITIATED,1789018250904
2223103,2,VALIDATED,1789018252694
2223103,3,PROCESSED,1789018253144
2223104,1,INITIATED,1789018250910
2223104,2,VALIDATED,1789018253085
2223104,3,PROCESSED,1789018253268
2223105,1,INITIATED,1789018250910
2223105,2,VALIDATED,1789018252694
2223105,3,PROCESSED,1789018253142
2223106,1,INITIATED,1789018250905
2223106,2,VALIDATED,1789018252921
2223106,3,PROCESSED,1789018253156
2223107,1,INITIATED,1789018250905
2223107,2,VALIDATED,1789018252695
2223107,3,PROCESSED,1789018253142
2223108,1,INITIATED,1789018250910
2223108,2,VALIDATED,1789018252695
2223108,3,PROCESSED,1789018253142
2223109,1,INITIATED,1789018250907
2223109,2,VALIDATED,1789018252257
2223109,3,PROCESSED,1789018253335
2223110,1,INITIATED,1789018250911
2223110,2,VALIDATED,1789018252254
2223110,3,PROCESSED,1789018253080
2223111,1,INITIATED,1789018250909
2223111,2,VALIDATED,1789018252921
2223111,3,PROCESSED,1789018253088
2223112,1,INITIATED,1789018250909
2223112,2,VALIDATED,1789018252922
2223112,3,PROCESSED,1789018253089
2223113,1,INITIATED,1789018250908
2223113,2,VALIDATED,1789018252921
2223113,3,PROCESSED,1789018253155
2223114,1,INITIATED,1789018250903
2223114,2,VALIDATED,1789018252694
2223114,3,PROCESSED,1789018253080
2223115,1,INITIATED,1789018250914
2223115,2,VALIDATED,1789018252921
2223115,3,PROCESSED,1789018253154
2223116,1,INITIATED,1789018250914
2223116,2,VALIDATED,1789018252922
2223116,3,PROCESSED,1789018253090
2223117,1,INITIATED,1789018250914
2223117,2,VALIDATED,1789018252922
2223117,3,PROCESSED,1789018253156
2223118,1,INITIATED,1789018250914
2223118,2,VALIDATED,1789018252921
2223118,3,PROCESSED,1789018253153
2223119,1,INITIATED,1789018250997
2223119,2,VALIDATED,1789018252922
2223119,3,PROCESSED,1789018253090
2223120,1,INITIATED,1789018251001
2223120,2,VALIDATED,1789018252346
2223120,3,PROCESSED,1789018253336
2223121,1,INITIATED,1789018251001
2223121,2,VALIDATED,1789018252920
2223121,3,PROCESSED,1789018253155
2223122,1,INITIATED,1789018251001
2223122,2,VALIDATED,1789018252921
2223122,3,PROCESSED,1789018253154
2223123,1,INITIATED,1789018251001
2223123,2,VALIDATED,1789018252364
2223123,3,PROCESSED,1789018253185
2223124,1,INITIATED,1789018250999
2223124,2,VALIDATED,1789018252923
2223124,3,PROCESSED,1789018253155
2223125,1,INITIATED,1789018251002
2223125,2,VALIDATED,1789018252253
2223125,3,PROCESSED,1789018253303
2223126,1,INITIATED,1789018251002
2223126,2,VALIDATED,1789018252923
2223126,3,PROCESSED,1789018253089
2223127,1,INITIATED,1789018251001
2223127,2,VALIDATED,1789018252923
2223127,3,PROCESSED,1789018253088
2223128,1,INITIATED,1789018251002
2223128,2,VALIDATED,1789018252921
2223128,3,PROCESSED,1789018253089
2223129,1,INITIATED,1789018251003
2223129,2,VALIDATED,1789018252923
2223129,3,PROCESSED,1789018253153
2223130,1,INITIATED,1789018251002
2223130,2,VALIDATED,1789018253085
2223130,3,PROCESSED,1789018253255
2223131,1,INITIATED,1789018251003
2223131,2,VALIDATED,1789018252362
2223131,3,PROCESSED,1789018253103
2223132,1,INITIATED,1789018251003
2223132,2,VALIDATED,1789018252923
2223132,3,PROCESSED,1789018253154
2223133,1,INITIATED,1789018251003
2223133,2,VALIDATED,1789018253101
2223133,3,PROCESSED,1789018253304
2223134,1,INITIATED,1789018251003
2223134,2,VALIDATED,1789018252930
2223134,3,PROCESSED,1789018253164
2223135,1,INITIATED,1789018251004
2223135,2,VALIDATED,1789018252362
2223135,3,PROCESSED,1789018253185
2223136,1,INITIATED,1789018251004
2223136,2,VALIDATED,1789018252923
2223136,3,PROCESSED,1789018253153
2223137,1,INITIATED,1789018251004
2223137,2,VALIDATED,1789018252923
2223137,3,PROCESSED,1789018253156
2223138,1,INITIATED,1789018251004
2223138,2,VALIDATED,1789018252363
2223138,3,PROCESSED,1789018253104
2223139,1,INITIATED,1789018251002
2223139,2,VALIDATED,1789018252931
2223139,3,PROCESSED,1789018253359
2223140,1,INITIATED,1789018251004
2223140,2,VALIDATED,1789018253086
2223140,3,PROCESSED,1789018253304
2223141,1,INITIATED,1789018251004
2223141,2,VALIDATED,1789018252921
2223141,3,PROCESSED,1789018253089
2223142,1,INITIATED,1789018251002
2223142,2,VALIDATED,1789018252920
2223142,3,PROCESSED,1789018253333
2223143,1,INITIATED,1789018251004
2223143,2,VALIDATED,1789018252919
2223143,3,PROCESSED,1789018253153
2223144,1,INITIATED,1789018251008
2223144,2,VALIDATED,1789018252361
2223144,3,PROCESSED,1789018253104
2223145,1,INITIATED,1789018251008
2223145,2,VALIDATED,1789018253026
2223145,3,PROCESSED,1789018253186
2223146,1,INITIATED,1789018251008
2223146,2,VALIDATED,1789018252347
2223146,3,PROCESSED,1789018253027
2223147,1,INITIATED,1789018251008
2223147,2,VALIDATED,1789018253025
2223147,3,PROCESSED,1789018253107
2223148,1,INITIATED,1789018251059
2223148,2,VALIDATED,1789018253100
2223148,3,PROCESSED,1789018253303
2223149,1,INITIATED,1789018251059
2223149,2,VALIDATED,1789018253117
2223149,3,PROCESSED,1789018253336
2223150,1,INITIATED,1789018251061
2223150,2,VALIDATED,1789018252627
2223150,3,PROCESSED,1789018253059
2223151,1,INITIATED,1789018251649
2223151,2,VALIDATED,1789018253055
2223151,3,REJECTED,1789018253216
2223152,1,INITIATED,1789018251652
2223152,2,VALIDATED,1789018253109
2223152,3,PROCESSED,1789018253156
2223153,1,INITIATED,1789018251650
2223153,2,VALIDATED,1789018252627
2223153,3,PROCESSED,1789018253223
2223154,1,INITIATED,1789018251649
2223154,2,VALIDATED,1789018253055
2223154,3,PROCESSED,1789018253221
2223155,1,INITIATED,1789018251652
2223155,2,VALIDATED,1789018253056
2223155,3,PROCESSED,1789018253187
2223156,1,INITIATED,1789018251653
2223156,2,VALIDATED,1789018253220
2223156,3,PROCESSED,1789018253257
2223157,1,INITIATED,1789018251653
2223157,2,VALIDATED,1789018252626
2223157,3,PROCESSED,1789018253057
2223158,1,INITIATED,1789018251652
2223158,2,VALIDATED,1789018253059
2223158,3,PROCESSED,1789018253110
2223159,1,INITIATED,1789018251653
2223159,2,VALIDATED,1789018253056
2223159,3,PROCESSED,1789018253186
2223160,1,INITIATED,1789018251649
2223160,2,VALIDATED,1789018253054
2223160,3,PROCESSED,1789018253358
2223161,1,INITIATED,1789018251653
2223161,2,VALIDATED,1789018253106
2223161,3,REJECTED,1789018253334
2223162,1,INITIATED,1789018251653
2223162,2,VALIDATED,1789018253055
2223162,3,REJECTED,1789018253217
2223163,1,INITIATED,1789018251652
2223163,2,VALIDATED,1789018253055
2223163,3,PROCESSED,1789018253361
2223164,1,INITIATED,1789018251653
2223164,2,VALIDATED,1789018252627
2223164,3,PROCESSED,1789018253058
2223165,1,INITIATED,1789018251652
2223165,2,VALIDATED,1789018253057
2223165,3,REJECTED,1789018253220
2223166,1,INITIATED,1789018251654
2223166,2,VALIDATED,1789018253220
2223166,3,PROCESSED,1789018254591
2223167,1,INITIATED,1789018251691
2223167,2,VALIDATED,1789018253120
2223167,3,PROCESSED,1789018253358
2223168,1,INITIATED,1789018251692
2223168,2,VALIDATED,1789018253062
2223168,3,PROCESSED,1789018254158
2223169,1,INITIATED,1789018251691
2223169,2,VALIDATED,1789018253252
2223169,3,PROCESSED,1789018257168
2223170,1,INITIATED,1789018251691
2223170,2,VALIDATED,1789018253063
2223170,3,PROCESSED,1789018253224
2223171,1,INITIATED,1789018251691
2223171,2,VALIDATED,1789018253063
2223171,3,PROCESSED,1789018254155
2223172,1,INITIATED,1789018251692
2223172,2,VALIDATED,1789018253064
2223172,3,PROCESSED,1789018253112
2223173,1,INITIATED,1789018251692
2223173,2,VALIDATED,1789018253118
2223173,3,PROCESSED,1789018253335
2223174,1,INITIATED,1789018251891
2223174,2,VALIDATED,1789018252635
2223174,3,PROCESSED,1789018253118
2223175,1,INITIATED,1789018251891
2223175,2,VALIDATED,1789018253068
2223175,3,REJECTED,1789018253109
2223176,1,INITIATED,1789018251890
2223176,2,VALIDATED,1789018253066
2223176,3,PROCESSED,1789018253222
2223177,1,INITIATED,1789018251890
2223177,2,VALIDATED,1789018252642
2223177,3,PROCESSED,1789018253257
2223178,1,INITIATED,1789018251892
2223178,2,VALIDATED,1789018252635
2223178,3,PROCESSED,1789018253068
2223179,1,INITIATED,1789018251891
2223179,2,VALIDATED,1789018252635
2223179,3,PROCESSED,1789018253068
2223180,1,INITIATED,1789018251891
2223180,2,VALIDATED,1789018252636
2223180,3,PROCESSED,1789018253256
2223181,1,INITIATED,1789018251891
2223181,2,VALIDATED,1789018252636
2223181,3,PROCESSED,1789018253256
2223182,1,INITIATED,1789018251891
2223182,2,VALIDATED,1789018252641
2223182,3,PROCESSED,1789018253068
2223183,1,INITIATED,1789018251893
2223183,2,VALIDATED,1789018253139
2223183,3,PROCESSED,1789018253187
2223184,1,INITIATED,1789018251893
2223184,2,VALIDATED,1789018253067
2223184,3,PROCESSED,1789018253222
2223185,1,INITIATED,1789018251893
2223185,2,VALIDATED,1789018252635
2223185,3,REJECTED,1789018253250
2223186,1,INITIATED,1789018251893
2223186,2,VALIDATED,1789018252642
2223186,3,PROCESSED,1789018253067
2223187,1,INITIATED,1789018251893
2223187,2,VALIDATED,1789018252641
2223187,3,PROCESSED,1789018253257
2223188,1,INITIATED,1789018252258
2223188,2,VALIDATED,1789018253087
2223188,3,PROCESSED,1789018253257
2223189,1,INITIATED,1789018252255
2223189,2,VALIDATED,1789018252680
2223189,3,PROCESSED,1789018253070
2223190,1,INITIATED,1789018252252
2223190,2,VALIDATED,1789018253084
2223190,3,PROCESSED,1789018253257
2223191,1,INITIATED,1789018252250
2223191,2,VALIDATED,1789018252680
2223191,3,PROCESSED,1789018253132
2223192,1,INITIATED,1789018252252
2223192,2,VALIDATED,1789018253086
2223192,3,PROCESSED,1789018254591
2223193,1,INITIATED,1789018252253
2223193,2,VALIDATED,1789018252694
2223193,3,PROCESSED,1789018253143
2223194,1,INITIATED,1789018252257
2223194,2,VALIDATED,1789018253087
2223194,3,PROCESSED,1789018253303
2223195,1,INITIATED,1789018252250
2223195,2,VALIDATED,1789018253301
2223195,3,PROCESSED,1789018255675
2223196,1,INITIATED,1789018252252
2223196,2,VALIDATED,1789018253077
2223196,3,PROCESSED,1789018253255
2223197,1,INITIATED,1789018252253
2223197,2,VALIDATED,1789018253084
2223197,3,PROCESSED,1789018253256
2223198,1,INITIATED,1789018252250
2223198,2,VALIDATED,1789018253139
2223198,3,PROCESSED,1789018253355
2223199,1,INITIATED,1789018252250
2223199,2,VALIDATED,1789018253138
2223199,3,PROCESSED,1789018253184
2223200,1,INITIATED,1789018252251
2223200,2,VALIDATED,1789018253150
2223200,3,PROCESSED,1789018254156
2223201,1,INITIATED,1789018252257
2223201,2,VALIDATED,1789018253087
2223201,3,PROCESSED,1789018253301
2223202,1,INITIATED,1789018252250
2223202,2,VALIDATED,1789018252694
2223202,3,PROCESSED,1789018253304
2223203,1,INITIATED,1789018252267
2223203,2,VALIDATED,1789018253335
2223203,3,PROCESSED,1789018255674
2223204,1,INITIATED,1789018252267
2223204,2,VALIDATED,1789018253335
2223204,3,PROCESSED,1789018255674
2223205,1,INITIATED,1789018252267
2223205,2,VALIDATED,1789018253150
2223205,3,PROCESSED,1789018254158
2223206,1,INITIATED,1789018252267
2223206,2,VALIDATED,1789018253084
2223206,3,PROCESSED,1789018253132
2223207,1,INITIATED,1789018252346
2223207,2,VALIDATED,1789018253334
2223207,3,PROCESSED,1789018255674
2223208,1,INITIATED,1789018252345
2223208,2,VALIDATED,1789018253087
2223208,3,PROCESSED,1789018253302
2223209,1,INITIATED,1789018252346
2223209,2,VALIDATED,1789018253088
2223209,3,PROCESSED,1789018253303
2223210,1,INITIATED,1789018252347
2223210,2,VALIDATED,1789018253101
2223210,3,PROCESSED,1789018253143
2223211,1,INITIATED,1789018252364
2223211,2,VALIDATED,1789018253025
2223211,3,PROCESSED,1789018253184
2223212,1,INITIATED,1789018252361
2223212,2,VALIDATED,1789018253023
2223212,3,PROCESSED,1789018253186
2223213,1,INITIATED,1789018252362
2223213,2,VALIDATED,1789018253023
2223213,3,PROCESSED,1789018253186
2223214,1,INITIATED,1789018252364
2223214,2,VALIDATED,1789018253086
2223214,3,PROCESSED,1789018253257
2223215,1,INITIATED,1789018252362
2223215,2,VALIDATED,1789018253182
2223215,3,PROCESSED,1789018253223
2223216,1,INITIATED,1789018252364
2223216,2,VALIDATED,1789018252921
2223216,3,PROCESSED,1789018253336
2223217,1,INITIATED,1789018252364
2223217,2,VALIDATED,1789018253099
2223217,3,PROCESSED,1789018253144
2223218,1,INITIATED,1789018252364
2223218,2,VALIDATED,1789018253099
2223218,3,PROCESSED,1789018253304
2223219,1,INITIATED,1789018252365
2223219,2,VALIDATED,1789018253023
2223219,3,PROCESSED,1789018253184
2223220,1,INITIATED,1789018252365
2223220,2,VALIDATED,1789018253088
2223220,3,PROCESSED,1789018253303
2223221,1,INITIATED,1789018252365
2223221,2,VALIDATED,1789018253086
2223221,3,PROCESSED,1789018254739
2223222,1,INITIATED,1789018252365
2223222,2,VALIDATED,1789018253085
2223222,3,PROCESSED,1789018253304
2223223,1,INITIATED,1789018252366
2223223,2,VALIDATED,1789018253173
2223223,3,PROCESSED,1789018254158
2223224,1,INITIATED,1789018252366
2223224,2,VALIDATED,1789018253087
2223224,3,PROCESSED,1789018253255
2223225,1,INITIATED,1789018252623
2223225,2,VALIDATED,1789018253102
2223225,3,PROCESSED,1789018253144
2223226,1,INITIATED,1789018252625
2223226,2,VALIDATED,1789018253057
2223226,3,PROCESSED,1789018253112
2223227,1,INITIATED,1789018252626
2223227,2,VALIDATED,1789018253055
2223227,3,PROCESSED,1789018253221
2223228,1,INITIATED,1789018252623
2223228,2,VALIDATED,1789018253026
2223228,3,PROCESSED,1789018253186
2223229,1,INITIATED,1789018252625
2223229,2,VALIDATED,1789018253102
2223229,3,PROCESSED,1789018253336
2223230,1,INITIATED,1789018252622
2223230,2,VALIDATED,1789018253217
2223230,3,PROCESSED,1789018254591
2223231,1,INITIATED,1789018252626
2223231,2,VALIDATED,1789018253107
2223231,3,PROCESSED,1789018253155
2223232,1,INITIATED,1789018252623
2223232,2,VALIDATED,1789018253107
2223232,3,PROCESSED,1789018253332
2223233,1,INITIATED,1789018252623
2223233,2,VALIDATED,1789018253059
2223233,3,PROCESSED,1789018253223
2223234,1,INITIATED,1789018252623
2223234,2,VALIDATED,1789018253106
2223234,3,PROCESSED,1789018253155
2223235,1,INITIATED,1789018252622
2223235,2,VALIDATED,1789018253054
2223235,3,PROCESSED,1789018253356
2223236,1,INITIATED,1789018252623
2223236,2,VALIDATED,1789018253101
2223236,3,PROCESSED,1789018253336
2223237,1,INITIATED,1789018252632
2223237,2,VALIDATED,1789018254152
2223237,3,PROCESSED,1789018257167
2223238,1,INITIATED,1789018252631
2223238,2,VALIDATED,1789018253107
2223238,3,PROCESSED,1789018253336
2223239,1,INITIATED,1789018252631
2223239,2,VALIDATED,1789018254153
2223239,3,PROCESSED,1789018257555
2223240,1,INITIATED,1789018252632
2223240,2,VALIDATED,1789018253110
2223240,3,PROCESSED,1789018253155
2223241,1,INITIATED,1789018252632
2223241,2,VALIDATED,1789018253058
2223241,3,PROCESSED,1789018253112
2223242,1,INITIATED,1789018252633
2223242,2,VALIDATED,1789018253056
2223242,3,PROCESSED,1789018253112
2223243,1,INITIATED,1789018252635
2223243,2,VALIDATED,1789018253249
2223243,3,PROCESSED,1789018254590
2223244,1,INITIATED,1789018252635
2223244,2,VALIDATED,1789018253250
2223244,3,PROCESSED,1789018254738
2223245,1,INITIATED,1789018252636
2223245,2,VALIDATED,1789018253253
2223245,3,PROCESSED,1789018254590
2223246,1,INITIATED,1789018252636
2223246,2,VALIDATED,1789018253119
2223246,3,PROCESSED,1789018253359
2223247,1,INITIATED,1789018252640
2223247,2,VALIDATED,1789018253068
2223247,3,PROCESSED,1789018253223
2223248,1,INITIATED,1789018252640
2223248,2,VALIDATED,1789018253254
2223248,3,PROCESSED,1789018254603
2223249,1,INITIATED,1789018252642
2223249,2,VALIDATED,1789018253064
2223249,3,PROCESSED,1789018253256
2223250,1,INITIATED,1789018252642
2223250,2,VALIDATED,1789018253064
2223250,3,PROCESSED,1789018253223
2223251,1,INITIATED,1789018252641
2223251,2,VALIDATED,1789018253251
2223251,3,PROCESSED,1789018254602
2223252,1,INITIATED,1789018252642
2223252,2,VALIDATED,1789018253131
2223252,3,PROCESSED,1789018253335
2223253,1,INITIATED,1789018252641
2223253,2,VALIDATED,1789018253119
2223253,3,PROCESSED,1789018253185
2223254,1,INITIATED,1789018252642
2223254,2,VALIDATED,1789018253254
2223254,3,PROCESSED,1789018254738
2223255,1,INITIATED,1789018252680
2223255,2,VALIDATED,1789018253129
2223255,3,REJECTED,1789018255671
2223256,1,INITIATED,1789018252680
2223256,2,VALIDATED,1789018253130
2223256,3,REJECTED,1789018253353
2223257,1,INITIATED,1789018252680
2223257,2,VALIDATED,1789018253140
2223257,3,PROCESSED,1789018253357
2223258,1,INITIATED,1789018252694
2223258,2,VALIDATED,1789018253076
2223258,3,PROCESSED,1789018253256
2223259,1,INITIATED,1789018252695
2223259,2,VALIDATED,1789018253141
2223259,3,PROCESSED,1789018253359
2223260,1,INITIATED,1789018252920
2223260,2,VALIDATED,1789018253152
2223260,3,PROCESSED,1789018254158
2223261,1,INITIATED,1789018252920
2223261,2,VALIDATED,1789018253024
2223261,3,PROCESSED,1789018253185
2223262,1,INITIATED,1789018252920
2223262,2,VALIDATED,1789018253331
2223262,3,PROCESSED,1789018255674
2223263,1,INITIATED,1789018252918
2223263,2,VALIDATED,1789018253299
2223263,3,PROCESSED,1789018255668
2223264,1,INITIATED,1789018252918
2223264,2,VALIDATED,1789018253141
2223264,3,PROCESSED,1789018253359
2223265,1,INITIATED,1789018252930
2223265,2,VALIDATED,1789018253179
2223265,3,PROCESSED,1789018253223
2223266,1,INITIATED,1789018253025
2223266,2,VALIDATED,1789018253354
2223266,3,PROCESSED,1789018256151
2223267,1,INITIATED,1789018253022
2223267,2,VALIDATED,1789018253181
2223267,3,PROCESSED,1789018254156
2223268,1,INITIATED,1789018253025
2223268,2,VALIDATED,1789018253099
2223268,3,PROCESSED,1789018253305
2223269,1,INITIATED,1789018253022
2223269,2,VALIDATED,1789018253354
2223269,3,PROCESSED,1789018256152
2223270,1,INITIATED,1789018253023
2223270,2,VALIDATED,1789018253181
2223270,3,PROCESSED,1789018254157
2223271,1,INITIATED,1789018253024
2223271,2,VALIDATED,1789018253353
2223271,3,PROCESSED,1789018256150
2223272,1,INITIATED,1789018253023
2223272,2,VALIDATED,1789018253182
2223272,3,PROCESSED,1789018254158
2223273,1,INITIATED,1789018253025
2223273,2,VALIDATED,1789018253100
2223273,3,PROCESSED,1789018253304
2223274,1,INITIATED,1789018253024
2223274,2,VALIDATED,1789018253355
2223274,3,PROCESSED,1789018256151
2223275,1,INITIATED,1789018253024
2223275,2,VALIDATED,1789018253100
2223275,3,PROCESSED,1789018253303
2223276,1,INITIATED,1789018253026
2223276,2,VALIDATED,1789018253181
2223276,3,PROCESSED,1789018253221
2223277,1,INITIATED,1789018253026
2223277,2,VALIDATED,1789018253181
2223277,3,PROCESSED,1789018254159
2223278,1,INITIATED,1789018253026
2223278,2,VALIDATED,1789018253354
2223278,3,PROCESSED,1789018256152
2223279,1,INITIATED,1789018253026
2223279,2,VALIDATED,1789018253182
2223279,3,PROCESSED,1789018254159
2223280,1,INITIATED,1789018253036
2223280,2,VALIDATED,1789018253181
2223280,3,PROCESSED,1789018254159
2223281,1,INITIATED,1789018253053
2223281,2,VALIDATED,1789018253351
2223281,3,PROCESSED,1789018256151
2223282,1,INITIATED,1789018253055
2223282,2,VALIDATED,1789018253354
2223282,3,PROCESSED,1789018261705
2223283,1,INITIATED,1789018253056
2223283,2,VALIDATED,1789018253220
2223283,3,PROCESSED,1789018254602
2223284,1,INITIATED,1789018253057
2223284,2,VALIDATED,1789018253103
2223284,3,PROCESSED,1789018253334
2223285,1,INITIATED,1789018253056
2223285,2,VALIDATED,1789018253109
2223285,3,PROCESSED,1789018253154
2223286,1,INITIATED,1789018253058
2223286,2,VALIDATED,1789018253218
2223286,3,PROCESSED,1789018254603
2223287,1,INITIATED,1789018253059
2223287,2,VALIDATED,1789018254153
2223287,3,PROCESSED,1789018254590
2223288,1,INITIATED,1789018253063
2223288,2,VALIDATED,1789018253220
2223288,3,PROCESSED,1789018254603
2223289,1,INITIATED,1789018253067
2223289,2,VALIDATED,1789018253218
2223289,3,PROCESSED,1789018254592
2223290,1,INITIATED,1789018253066
2223290,2,VALIDATED,1789018253109
2223290,3,PROCESSED,1789018253333
2223291,1,INITIATED,1789018253067
2223291,2,VALIDATED,1789018253108
2223291,3,PROCESSED,1789018253156
2223292,1,INITIATED,1789018253068
2223292,2,VALIDATED,1789018253218
2223292,3,PROCESSED,1789018254603
2223293,1,INITIATED,1789018253068
2223293,2,VALIDATED,1789018253111
2223293,3,PROCESSED,1789018253337
2223294,1,INITIATED,1789018253075
2223294,2,VALIDATED,1789018253250
2223294,3,PROCESSED,1789018254603
2223295,1,INITIATED,1789018253078
2223295,2,VALIDATED,1789018253116
2223295,3,PROCESSED,1789018253333
2223296,1,INITIATED,1789018253076
2223296,2,VALIDATED,1789018253254
2223296,3,PROCESSED,1789018254739
2223297,1,INITIATED,1789018253076
2223297,2,VALIDATED,1789018253151
2223297,3,PROCESSED,1789018254157
2223298,1,INITIATED,1789018253077
2223298,2,VALIDATED,1789018253120
2223298,3,PROCESSED,1789018253357
2223299,1,INITIATED,1789018253077
2223299,2,VALIDATED,1789018253120
2223299,3,PROCESSED,1789018253358
2223300,1,INITIATED,1789018253076
2223300,2,VALIDATED,1789018253251
2223300,3,PROCESSED,1789018254737
2223301,1,INITIATED,1789018253077
2223301,2,VALIDATED,1789018253120
2223301,3,PROCESSED,1789018253186
2223302,1,INITIATED,1789018253079
2223302,2,VALIDATED,1789018253252
2223302,3,PROCESSED,1789018254603
2223303,1,INITIATED,1789018253078
2223303,2,VALIDATED,1789018253253
2223303,3,PROCESSED,1789018254591
2223304,1,INITIATED,1789018253079
2223304,2,VALIDATED,1789018253119
2223304,3,PROCESSED,1789018253186
2223305,1,INITIATED,1789018253079
2223305,2,VALIDATED,1789018253253
2223305,3,PROCESSED,1789018255671
2223306,1,INITIATED,1789018253078
2223306,2,VALIDATED,1789018253117
2223306,3,PROCESSED,1789018253357
2223307,1,INITIATED,1789018253079
2223307,2,VALIDATED,1789018253118
2223307,3,PROCESSED,1789018253336
2223308,1,INITIATED,1789018253078
2223308,2,VALIDATED,1789018253116
2223308,3,PROCESSED,1789018253335
2223309,1,INITIATED,1789018253078
2223309,2,VALIDATED,1789018253116
2223309,3,PROCESSED,1789018253337
2223310,1,INITIATED,1789018253079
2223310,2,VALIDATED,1789018253250
2223310,3,PROCESSED,1789018254592
2223311,1,INITIATED,1789018253085
2223311,2,VALIDATED,1789018253300
2223311,3,PROCESSED,1789018254741
2223312,1,INITIATED,1789018253087
2223312,2,VALIDATED,1789018253302
2223312,3,PROCESSED,1789018255670
2223313,1,INITIATED,1789018253092
2223313,2,VALIDATED,1789018253301
2223313,3,PROCESSED,1789018255673
2223314,1,INITIATED,1789018253092
2223314,2,VALIDATED,1789018253302
2223314,3,PROCESSED,1789018255674
2223315,1,INITIATED,1789018253097
2223315,2,VALIDATED,1789018253298
2223315,3,PROCESSED,1789018255668
2223316,1,INITIATED,1789018253098
2223316,2,VALIDATED,1789018253299
2223316,3,PROCESSED,1789018255674
2223317,1,INITIATED,1789018253100
2223317,2,VALIDATED,1789018253330
2223317,3,PROCESSED,1789018255673
2223318,1,INITIATED,1789018253098
2223318,2,VALIDATED,1789018253334
2223318,3,PROCESSED,1789018255673
2223319,1,INITIATED,1789018253099
2223319,2,VALIDATED,1789018253140
2223319,3,PROCESSED,1789018253186
2223320,1,INITIATED,1789018253099
2223320,2,VALIDATED,1789018253139
2223320,3,PROCESSED,1789018253360
2223321,1,INITIATED,1789018253100
2223321,2,VALIDATED,1789018253141
2223321,3,PROCESSED,1789018253186
2223322,1,INITIATED,1789018253100
2223322,2,VALIDATED,1789018253327
2223322,3,PROCESSED,1789018253360
2223323,1,INITIATED,1789018253100
2223323,2,VALIDATED,1789018253298
2223323,3,PROCESSED,1789018255670
2223324,1,INITIATED,1789018253100
2223324,2,VALIDATED,1789018253140
2223324,3,PROCESSED,1789018253359
2223325,1,INITIATED,1789018253102
2223325,2,VALIDATED,1789018253298
2223325,3,PROCESSED,1789018254741
2223326,1,INITIATED,1789018253102
2223326,2,VALIDATED,1789018253140
2223326,3,PROCESSED,1789018253359
2223327,1,INITIATED,1789018253102
2223327,2,VALIDATED,1789018253298
2223327,3,PROCESSED,1789018254741
2223328,1,INITIATED,1789018253102
2223328,2,VALIDATED,1789018253329
2223328,3,PROCESSED,1789018255674
2223329,1,INITIATED,1789018253103
2223329,2,VALIDATED,1789018253301
2223329,3,PROCESSED,1789018255669
2223330,1,INITIATED,1789018253104
2223330,2,VALIDATED,1789018253150
2223330,3,PROCESSED,1789018254159
2223331,1,INITIATED,1789018253108
2223331,2,VALIDATED,1789018253334
2223331,3,PROCESSED,1789018255675
2223332,1,INITIATED,1789018253115
2223332,2,VALIDATED,1789018253151
2223332,3,PROCESSED,1789018254153
2223333,1,INITIATED,1789018253116
2223333,2,VALIDATED,1789018253333
2223333,3,PROCESSED,1789018255675
2223334,1,INITIATED,1789018253116
2223334,2,VALIDATED,1789018253329
2223334,3,PROCESSED,1789018255675
2223335,1,INITIATED,1789018253120
2223335,2,VALIDATED,1789018253182
2223335,3,PROCESSED,1789018254156
2223336,1,INITIATED,1789018253128
2223336,2,VALIDATED,1789018253336
2223336,3,PROCESSED,1789018255675
2223337,1,INITIATED,1789018253129
2223337,2,VALIDATED,1789018253355
2223337,3,PROCESSED,1789018256152
2223338,1,INITIATED,1789018253130
2223338,2,VALIDATED,1789018253182
2223338,3,PROCESSED,1789018254156
2223339,1,INITIATED,1789018253137
2223339,2,VALIDATED,1789018253181
2223339,3,REJECTED,1789018253219
2223340,1,INITIATED,1789018253137
2223340,2,VALIDATED,1789018253354
2223340,3,PROCESSED,1789018256150
2223341,1,INITIATED,1789018253137
2223341,2,VALIDATED,1789018253183
2223341,3,PROCESSED,1789018254157
2223342,1,INITIATED,1789018253140
2223342,2,VALIDATED,1789018253351
2223342,3,PROCESSED,1789018256151
2223343,1,INITIATED,1789018253139
2223343,2,VALIDATED,1789018253352
2223343,3,PROCESSED,1789018256151
2223344,1,INITIATED,1789018253147
2223344,2,VALIDATED,1789018254154
2223344,3,PROCESSED,1789018257554
2223345,1,INITIATED,1789018253151
2223345,2,VALIDATED,1789018254154
2223345,3,PROCESSED,1789018257167
2223346,1,INITIATED,1789018253151
2223346,2,VALIDATED,1789018254155
2223346,3,PROCESSED,1789018257168
2223347,1,INITIATED,1789018253149
2223347,2,VALIDATED,1789018254153
2223347,3,PROCESSED,1789018257168
2223348,1,INITIATED,1789018253152
2223348,2,VALIDATED,1789018254152
2223348,3,PROCESSED,1789018257167
2223349,1,INITIATED,1789018253152
2223349,2,VALIDATED,1789018254150
2223349,3,REJECTED,1789018257165
2223350,1,INITIATED,1789018253179
2223350,2,VALIDATED,1789018254150
2223350,3,PROCESSED,1789018257168
2223351,1,INITIATED,1789018253180
2223351,2,VALIDATED,1789018253219
2223351,3,PROCESSED,1789018254739
2223352,1,INITIATED,1789018253214
2223352,2,VALIDATED,1789018253254
2223352,3,PROCESSED,1789018254591
2223353,1,INITIATED,1789018253219
2223353,2,VALIDATED,1789018254587
2223353,3,PROCESSED,1789018261616
2223354,1,INITIATED,1789018253219
2223354,2,VALIDATED,1789018254585
2223354,3,PROCESSED,1789018257555
2223355,1,INITIATED,1789018253217
2223355,2,VALIDATED,1789018254585
2223355,3,PROCESSED,1789018257556
2223356,1,INITIATED,1789018253254
2223356,2,VALIDATED,1789018254587
2223356,3,PROCESSED,1789018257556
2223357,1,INITIATED,1789018253252
2223357,2,VALIDATED,1789018254586
2223357,3,PROCESSED,1789018257556
2223358,1,INITIATED,1789018253302
2223358,2,VALIDATED,1789018255671
2223358,3,PROCESSED,1789018259035
2223359,1,INITIATED,1789018253299
2223359,2,VALIDATED,1789018254740
2223359,3,PROCESSED,1789018260645
2223360,1,INITIATED,1789018253299
2223360,2,VALIDATED,1789018255671
2223360,3,PROCESSED,1789018261754
2223361,1,INITIATED,1789018253300
2223361,2,VALIDATED,1789018254741
2223361,3,PROCESSED,1789018261720
2223362,1,INITIATED,1789018253327
2223362,2,VALIDATED,1789018255670
2223362,3,PROCESSED,1789018261720
2223363,1,INITIATED,1789018253355
2223363,2,VALIDATED,1789018256146
2223363,3,REJECTED,1789018261202
2223364,1,INITIATED,1789018253355
2223364,2,VALIDATED,1789018256149
2223364,3,REJECTED,1789018260119
2223365,1,INITIATED,1789018254149
2223365,2,VALIDATED,1789018257165
2223365,3,PROCESSED,1789018261743
2223366,1,INITIATED,1789018254149
2223366,2,VALIDATED,1789018257164
2223366,3,PROCESSED,1789018261693
2223367,1,INITIATED,1789018254150
2223367,2,VALIDATED,1789018257163
2223367,3,PROCESSED,1789018261695
2223368,1,INITIATED,1789018254586
2223368,2,VALIDATED,1789018257551
2223368,3,PROCESSED,1789018260895
2223369,1,INITIATED,1789018254589
2223369,2,VALIDATED,1789018257552
2223369,3,PROCESSED,1789018260856
2223370,1,INITIATED,1789018254739
2223370,2,VALIDATED,1789018260315
2223370,3,PROCESSED,1789018261705
2223371,1,INITIATED,1789018254740
2223371,2,VALIDATED,1789018260271
2223371,3,PROCESSED,1789018261774
2223372,1,INITIATED,1789018255667
2223372,2,VALIDATED,1789018260891
2223372,3,PROCESSED,1789018261721
2223373,1,INITIATED,1789018255673
2223373,2,VALIDATED,1789018259033
2223373,3,PROCESSED,1789018260856
2223374,1,INITIATED,1789018256145
2223374,2,VALIDATED,1789018259094
2223374,3,PROCESSED,1789018261186
2223375,1,INITIATED,1789018256146
2223375,2,VALIDATED,1789018259094
2223375,3,PROCESSED,1789018260857
2223376,1,INITIATED,1789018256148
2223376,2,VALIDATED,1789018259093
2223376,3,PROCESSED,1789018261188
2223377,1,INITIATED,1789018256146
2223377,2,VALIDATED,1789018259094
2223377,3,PROCESSED,1789018261187
2223378,1,INITIATED,1789018256148
2223378,2,VALIDATED,1789018259094
2223378,3,PROCESSED,1789018261187
2223379,1,INITIATED,1789018256146
2223379,2,VALIDATED,1789018260118
2223379,3,PROCESSED,1789018261725
2223380,1,INITIATED,1789018256147
2223380,2,VALIDATED,1789018259094
2223380,3,PROCESSED,1789018260857
2223381,1,INITIATED,1789018256148
2223381,2,VALIDATED,1789018261186
2223381,3,PROCESSED,1789018261764
2223382,1,INITIATED,1789018256149
2223382,2,VALIDATED,1789018261202
2223382,3,PROCESSED,1789018261734
2223383,1,INITIATED,1789018256148
2223383,2,VALIDATED,1789018260119
2223383,3,PROCESSED,1789018261724
2223384,1,INITIATED,1789018256149
2223384,2,VALIDATED,1789018261189
2223384,3,PROCESSED,1789018261774
2223385,1,INITIATED,1789018256150
2223385,2,VALIDATED,1789018261763
2223385,3,PROCESSED,1789018261853
2223386,1,INITIATED,1789018256149
2223386,2,VALIDATED,1789018261202
2223386,3,PROCESSED,1789018261774
2223387,1,INITIATED,1789018256147
2223387,2,VALIDATED,1789018260117
2223387,3,PROCESSED,1789018261767
2223388,1,INITIATED,1789018256150
2223388,2,VALIDATED,1789018261202
2223388,3,PROCESSED,1789018261773
2223389,1,INITIATED,1789018256151
2223389,2,VALIDATED,1789018261721
2223389,3,PROCESSED,1789018262153
2223390,1,INITIATED,1789018256152
2223390,2,VALIDATED,1789018261202
2223390,3,PROCESSED,1789018261786
2223391,1,INITIATED,1789018256151
2223391,2,VALIDATED,1789018261715
2223391,3,PROCESSED,1789018261807
2223392,1,INITIATED,1789018256179
2223392,2,VALIDATED,1789018260118
2223392,3,PROCESSED,1789018261316
2223393,1,INITIATED,1789018256179
2223393,2,VALIDATED,1789018260116
2223393,3,PROCESSED,1789018261725
2223394,1,INITIATED,1789018256337
2223394,2,VALIDATED,1789018260118
2223394,3,PROCESSED,1789018261724
2223395,1,INITIATED,1789018256335
2223395,2,VALIDATED,1789018260263
2223395,3,PROCESSED,1789018261616
2223396,1,INITIATED,1789018256336
2223396,2,VALIDATED,1789018260118
2223396,3,PROCESSED,1789018261726
2223397,1,INITIATED,1789018256335
2223397,2,VALIDATED,1789018261336
2223397,3,PROCESSED,1789018261780
2223398,1,INITIATED,1789018256337
2223398,2,VALIDATED,1789018260119
2223398,3,PROCESSED,1789018261316
2223399,1,INITIATED,1789018256335
2223399,2,VALIDATED,1789018261809
2223399,3,PROCESSED,1789018262397
2223400,1,INITIATED,1789018256337
2223400,2,VALIDATED,1789018260118
2223400,3,PROCESSED,1789018261733
2223401,1,INITIATED,1789018256337
2223401,2,VALIDATED,1789018260267
2223401,3,PROCESSED,1789018261740
2223402,1,INITIATED,1789018256338
2223402,2,VALIDATED,1789018260119
2223402,3,PROCESSED,1789018261725
2223403,1,INITIATED,1789018256337
2223403,2,VALIDATED,1789018260263
2223403,3,PROCESSED,1789018261618
2223404,1,INITIATED,1789018256337
2223404,2,VALIDATED,1789018260119
2223404,3,PROCESSED,1789018261734
2223405,1,INITIATED,1789018256338
2223405,2,VALIDATED,1789018260118
2223405,3,PROCESSED,1789018261725
2223406,1,INITIATED,1789018256338
2223406,2,VALIDATED,1789018261313
2223406,3,PROCESSED,1789018261777
2223407,1,INITIATED,1789018256339
2223407,2,VALIDATED,1789018257554
2223407,3,PROCESSED,1789018259035
2223408,1,INITIATED,1789018256338
2223408,2,VALIDATED,1789018260268
2223408,3,PROCESSED,1789018261821
2223409,1,INITIATED,1789018256338
2223409,2,VALIDATED,1789018260120
2223409,3,PROCESSED,1789018261315
2223410,1,INITIATED,1789018256337
2223410,2,VALIDATED,1789018261336
2223410,3,PROCESSED,1789018261780
2223411,1,INITIATED,1789018256338
2223411,2,VALIDATED,1789018260269
2223411,3,PROCESSED,1789018261734
2223412,1,INITIATED,1789018256338
2223412,2,VALIDATED,1789018260119
2223412,3,PROCESSED,1789018261316
2223413,1,INITIATED,1789018256339
2223413,2,VALIDATED,1789018261336
2223413,3,PROCESSED,1789018261781
2223414,1,INITIATED,1789018256339
2223414,2,VALIDATED,1789018261336
2223414,3,PROCESSED,1789018261779
2223415,1,INITIATED,1789018256337
2223415,2,VALIDATED,1789018260265
2223415,3,PROCESSED,1789018261780
2223416,1,INITIATED,1789018256339
2223416,2,VALIDATED,1789018257554
2223416,3,PROCESSED,1789018259035
2223417,1,INITIATED,1789018257164
2223417,2,VALIDATED,1789018257699
2223417,3,PROCESSED,1789018261733
2223418,1,INITIATED,1789018257163
2223418,2,VALIDATED,1789018260849
2223418,3,PROCESSED,1789018261753
2223419,1,INITIATED,1789018257166
2223419,2,VALIDATED,1789018257699
2223419,3,PROCESSED,1789018261740
2223420,1,INITIATED,1789018257164
2223420,2,VALIDATED,1789018257698
2223420,3,PROCESSED,1789018261191
2223421,1,INITIATED,1789018257165
2223421,2,VALIDATED,1789018260641
2223421,3,PROCESSED,1789018261750
2223422,1,INITIATED,1789018257162
2223422,2,VALIDATED,1789018257698
2223422,3,PROCESSED,1789018261191
2223423,1,INITIATED,1789018257165
2223423,2,VALIDATED,1789018261687
2223423,3,PROCESSED,1789018261751
2223424,1,INITIATED,1789018257165
2223424,2,VALIDATED,1789018257698
2223424,3,PROCESSED,1789018261733
2223425,1,INITIATED,1789018257164
2223425,2,VALIDATED,1789018257696
2223425,3,PROCESSED,1789018261191
2223426,1,INITIATED,1789018257165
2223426,2,VALIDATED,1789018261743
2223426,3,PROCESSED,1789018261836
2223427,1,INITIATED,1789018257166
2223427,2,VALIDATED,1789018261689
2223427,3,PROCESSED,1789018261800
2223428,1,INITIATED,1789018257165
2223428,2,VALIDATED,1789018261694
2223428,3,PROCESSED,1789018261799
2223429,1,INITIATED,1789018257164
2223429,2,VALIDATED,1789018260643
2223429,3,PROCESSED,1789018261693
2223430,1,INITIATED,1789018257165
2223430,2,VALIDATED,1789018257698
2223430,3,PROCESSED,1789018261191
2223431,1,INITIATED,1789018257164
2223431,2,VALIDATED,1789018261689
2223431,3,PROCESSED,1789018261843
2223432,1,INITIATED,1789018257163
2223432,2,VALIDATED,1789018257699
2223432,3,PROCESSED,1789018260272
2223433,1,INITIATED,1789018257166
2223433,2,VALIDATED,1789018257698
2223433,3,PROCESSED,1789018260272
2223434,1,INITIATED,1789018257166
2223434,2,VALIDATED,1789018257699
2223434,3,PROCESSED,1789018261616
2223435,1,INITIATED,1789018257166
2223435,2,VALIDATED,1789018261703
2223435,3,PROCESSED,1789018261853
2223436,1,INITIATED,1789018257549
2223436,2,VALIDATED,1789018261714
2223436,3,PROCESSED,1789018261765
2223437,1,INITIATED,1789018257552
2223437,2,VALIDATED,1789018261757
2223437,3,PROCESSED,1789018261843
2223438,1,INITIATED,1789018257553
2223438,2,VALIDATED,1789018259033
2223438,3,PROCESSED,1789018260855
2223439,1,INITIATED,1789018257550
2223439,2,VALIDATED,1789018261714
2223439,3,PROCESSED,1789018261765
2223440,1,INITIATED,1789018257550
2223440,2,VALIDATED,1789018260854
2223440,3,PROCESSED,1789018261756
2223441,1,INITIATED,1789018257556
2223441,2,VALIDATED,1789018261750
2223441,3,REJECTED,1789018261839
2223442,1,INITIATED,1789018257554
2223442,2,VALIDATED,1789018259033
2223442,3,PROCESSED,1789018260856
2223443,1,INITIATED,1789018257553
2223443,2,VALIDATED,1789018259031
2223443,3,PROCESSED,1789018260857
2223444,1,INITIATED,1789018257554
2223444,2,VALIDATED,1789018259033
2223444,3,PROCESSED,1789018260855
2223445,1,INITIATED,1789018257555
2223445,2,VALIDATED,1789018259031
2223445,3,PROCESSED,1789018261750
2223446,1,INITIATED,1789018257555
2223446,2,VALIDATED,1789018261186
2223446,3,PROCESSED,1789018261764
2223447,1,INITIATED,1789018257555
2223447,2,VALIDATED,1789018259032
2223447,3,PROCESSED,1789018260854
2223448,1,INITIATED,1789018257556
2223448,2,VALIDATED,1789018259032
2223448,3,PROCESSED,1789018260854
2223449,1,INITIATED,1789018257555
2223449,2,VALIDATED,1789018260894
2223449,3,PROCESSED,1789018261720
2223450,1,INITIATED,1789018257553
2223450,2,VALIDATED,1789018259033
2223450,3,PROCESSED,1789018261691
2223451,1,INITIATED,1789018257553
2223451,2,VALIDATED,1789018260854
2223451,3,PROCESSED,1789018261754
2223452,1,INITIATED,1789018257554
2223452,2,VALIDATED,1789018259033
2223452,3,PROCESSED,1789018260855
2223453,1,INITIATED,1789018257554
2223453,2,VALIDATED,1789018259031
2223453,3,PROCESSED,1789018261693
2223454,1,INITIATED,1789018257554
2223454,2,VALIDATED,1789018260892
2223454,3,PROCESSED,1789018261756
2223455,1,INITIATED,1789018257555
2223455,2,VALIDATED,1789018259034
2223455,3,PROCESSED,1789018261705
2223456,1,INITIATED,1789018257555
2223456,2,VALIDATED,1789018259032
2223456,3,PROCESSED,1789018261705
2223457,1,INITIATED,1789018257553
2223457,2,VALIDATED,1789018260891
2223457,3,PROCESSED,1789018261720
2223458,1,INITIATED,1789018257696
2223458,2,VALIDATED,1789018261187
2223458,3,PROCESSED,1789018261776
2223459,1,INITIATED,1789018257698
2223459,2,VALIDATED,1789018260269
2223459,3,PROCESSED,1789018261733
2223460,1,INITIATED,1789018257697
2223460,2,VALIDATED,1789018261189
2223460,3,PROCESSED,1789018261726
2223461,1,INITIATED,1789018257699
2223461,2,VALIDATED,1789018261614
2223461,3,PROCESSED,1789018261788
2223462,1,INITIATED,1789018257699
2223462,2,VALIDATED,1789018261612
2223462,3,PROCESSED,1789018261789
2223463,1,INITIATED,1789018257699
2223463,2,VALIDATED,1789018261616
2223463,3,PROCESSED,1789018261743
2223464,1,INITIATED,1789018257699
2223464,2,VALIDATED,1789018261727
2223464,3,PROCESSED,1789018261823
2223465,1,INITIATED,1789018257699
2223465,2,VALIDATED,1789018261615
2223465,3,PROCESSED,1789018261791
2223466,1,INITIATED,1789018258535
2223466,2,VALIDATED,1789018260313
2223466,3,PROCESSED,1789018261741
2223467,1,INITIATED,1789018258536
2223467,2,VALIDATED,1789018261615
2223467,3,PROCESSED,1789018261743
2223468,1,INITIATED,1789018258536
2223468,2,VALIDATED,1789018261616
2223468,3,PROCESSED,1789018261792
2223469,1,INITIATED,1789018258537
2223469,2,VALIDATED,1789018260641
2223469,3,PROCESSED,1789018261694
2223470,1,INITIATED,1789018258535
2223470,2,VALIDATED,1789018261615
2223470,3,PROCESSED,1789018261790
2223471,1,INITIATED,1789018258535
2223471,2,VALIDATED,1789018261614
2223471,3,REJECTED,1789018261785
2223472,1,INITIATED,1789018258535
2223472,2,VALIDATED,1789018260315
2223472,3,PROCESSED,1789018261693
2223473,1,INITIATED,1789018258535
2223473,2,VALIDATED,1789018259032
2223473,3,PROCESSED,1789018261705
2223474,1,INITIATED,1789018258536
2223474,2,VALIDATED,1789018261613
2223474,3,PROCESSED,1789018261792
2223475,1,INITIATED,1789018258536
2223475,2,VALIDATED,1789018261615
2223475,3,PROCESSED,1789018261743
2223476,1,INITIATED,1789018258536
2223476,2,VALIDATED,1789018260315
2223476,3,REJECTED,1789018261748
2223477,1,INITIATED,1789018257699
2223477,2,VALIDATED,1789018261614
2223477,3,PROCESSED,1789018261787
2223478,1,INITIATED,1789018257699
2223478,2,VALIDATED,1789018261622
2223478,3,PROCESSED,1789018261794
2223479,1,INITIATED,1789018258534
2223479,2,VALIDATED,1789018261690
2223479,3,PROCESSED,1789018261801
2223480,1,INITIATED,1789018258537
2223480,2,VALIDATED,1789018261622
2223480,3,PROCESSED,1789018261842
2223481,1,INITIATED,1789018258536
2223481,2,VALIDATED,1789018260316
2223481,3,PROCESSED,1789018261748
2223482,1,INITIATED,1789018258534
2223482,2,VALIDATED,1789018261622
2223482,3,PROCESSED,1789018261792
2223483,1,INITIATED,1789018258536
2223483,2,VALIDATED,1789018260642
2223483,3,PROCESSED,1789018261752
2223484,1,INITIATED,1789018258535
2223484,2,VALIDATED,1789018260313
2223484,3,PROCESSED,1789018261741
2223485,1,INITIATED,1789018258534
2223485,2,VALIDATED,1789018260315
2223485,3,PROCESSED,1789018261743
2223486,1,INITIATED,1789018258537
2223486,2,VALIDATED,1789018261615
2223486,3,PROCESSED,1789018262407
2223487,1,INITIATED,1789018259028
2223487,2,VALIDATED,1789018260852
2223487,3,PROCESSED,1789018261794
2223488,1,INITIATED,1789018259028
2223488,2,VALIDATED,1789018260852
2223488,3,PROCESSED,1789018261754
2223489,1,INITIATED,1789018259028
2223489,2,VALIDATED,1789018261690
2223489,3,PROCESSED,1789018261798
2223490,1,INITIATED,1789018259027
2223490,2,VALIDATED,1789018261741
2223490,3,PROCESSED,1789018261787
2223491,1,INITIATED,1789018259028
2223491,2,VALIDATED,1789018261690
2223491,3,PROCESSED,1789018261797
2223492,1,INITIATED,1789018259030
2223492,2,VALIDATED,1789018261689
2223492,3,PROCESSED,1789018261791
2223493,1,INITIATED,1789018259030
2223493,2,VALIDATED,1789018261690
2223493,3,PROCESSED,1789018261852
2223494,1,INITIATED,1789018259030
2223494,2,VALIDATED,1789018261690
2223494,3,PROCESSED,1789018261799
2223495,1,INITIATED,1789018259030
2223495,2,VALIDATED,1789018261690
2223495,3,PROCESSED,1789018261800
2223496,1,INITIATED,1789018259033
2223496,2,VALIDATED,1789018261693
2223496,3,PROCESSED,1789018261755
2223497,1,INITIATED,1789018259031
2223497,2,VALIDATED,1789018261749
2223497,3,PROCESSED,1789018261792
2223498,1,INITIATED,1789018259033
2223498,2,VALIDATED,1789018260851
2223498,3,PROCESSED,1789018261754
2223499,1,INITIATED,1789018259032
2223499,2,VALIDATED,1789018261703
2223499,3,PROCESSED,1789018261804
2223500,1,INITIATED,1789018259033
2223500,2,VALIDATED,1789018260850
2223500,3,PROCESSED,1789018261800
2223501,1,INITIATED,1789018259033
2223501,2,VALIDATED,1789018260854
2223501,3,PROCESSED,1789018261756
2223502,1,INITIATED,1789018259106
2223502,2,VALIDATED,1789018261188
2223502,3,PROCESSED,1789018261766
2223503,1,INITIATED,1789018259093
2223503,2,VALIDATED,1789018260893
2223503,3,PROCESSED,1789018261803
2223504,1,INITIATED,1789018259093
2223504,2,VALIDATED,1789018260893
2223504,3,PROCESSED,1789018261720
2223505,1,INITIATED,1789018260119
2223505,2,VALIDATED,1789018261314
2223505,3,PROCESSED,1789018261826
2223506,1,INITIATED,1789018260115
2223506,2,VALIDATED,1789018261314
2223506,3,PROCESSED,1789018261735
2223507,1,INITIATED,1789018260120
2223507,2,VALIDATED,1789018261768
2223507,3,PROCESSED,1789018262089
2223508,1,INITIATED,1789018260119
2223508,2,VALIDATED,1789018261724
2223508,3,PROCESSED,1789018261819
2223509,1,INITIATED,1789018260120
2223509,2,VALIDATED,1789018261314
2223509,3,PROCESSED,1789018261737
2223510,1,INITIATED,1789018260120
2223510,2,VALIDATED,1789018261722
2223510,3,PROCESSED,1789018261819
2223511,1,INITIATED,1789018260120
2223511,2,VALIDATED,1789018261720
2223511,3,PROCESSED,1789018262154
2223512,1,INITIATED,1789018260116
2223512,2,VALIDATED,1789018261188
2223512,3,PROCESSED,1789018261725
2223513,1,INITIATED,1789018260116
2223513,2,VALIDATED,1789018261722
2223513,3,PROCESSED,1789018261813
2223514,1,INITIATED,1789018260120
2223514,2,VALIDATED,1789018261315
2223514,3,PROCESSED,1789018261776
2223515,1,INITIATED,1789018260118
2223515,2,VALIDATED,1789018261721
2223515,3,PROCESSED,1789018261775
2223516,1,INITIATED,1789018260117
2223516,2,VALIDATED,1789018261721
2223516,3,PROCESSED,1789018262154
2223517,1,INITIATED,1789018260117
2223517,2,VALIDATED,1789018261313
2223517,3,PROCESSED,1789018261820
2223518,1,INITIATED,1789018260119
2223518,2,VALIDATED,1789018261314
2223518,3,PROCESSED,1789018262169
2223519,1,INITIATED,1789018260118
2223519,2,VALIDATED,1789018261722
2223519,3,PROCESSED,1789018261814
2223520,1,INITIATED,1789018260120
2223520,2,VALIDATED,1789018261313
2223520,3,PROCESSED,1789018261738
2223521,1,INITIATED,1789018260265
2223521,2,VALIDATED,1789018261732
2223521,3,PROCESSED,1789018261825
2223522,1,INITIATED,1789018260265
2223522,2,VALIDATED,1789018261819
2223522,3,PROCESSED,1789018262407
2223523,1,INITIATED,1789018260265
2223523,2,VALIDATED,1789018261612
2223523,3,PROCESSED,1789018261838
2223524,1,INITIATED,1789018260266
2223524,2,VALIDATED,1789018261735
2223524,3,PROCESSED,1789018261827
2223525,1,INITIATED,1789018260266
2223525,2,VALIDATED,1789018261772
2223525,3,PROCESSED,1789018262092
2223526,1,INITIATED,1789018260267
2223526,2,VALIDATED,1789018261772
2223526,3,PROCESSED,1789018262091
2223527,1,INITIATED,1789018260270
2223527,2,VALIDATED,1789018261616
2223527,3,PROCESSED,1789018261833
2223528,1,INITIATED,1789018260271
2223528,2,VALIDATED,1789018261735
2223528,3,PROCESSED,1789018261823
2223529,1,INITIATED,1789018260267
2223529,2,VALIDATED,1789018261613
2223529,3,PROCESSED,1789018261744
2223530,1,INITIATED,1789018260270
2223530,2,VALIDATED,1789018261817
2223530,3,PROCESSED,1789018262401
2223531,1,INITIATED,1789018260270
2223531,2,VALIDATED,1789018261614
2223531,3,PROCESSED,1789018261790
2223532,1,INITIATED,1789018260269
2223532,2,VALIDATED,1789018261729
2223532,3,PROCESSED,1789018261776
2223533,1,INITIATED,1789018260269
2223533,2,VALIDATED,1789018261816
2223533,3,PROCESSED,1789018262406
2223534,1,INITIATED,1789018260271
2223534,2,VALIDATED,1789018261732
2223534,3,PROCESSED,1789018261777
2223535,1,INITIATED,1789018260271
2223535,2,VALIDATED,1789018261770
2223535,3,PROCESSED,1789018261811
2223536,1,INITIATED,1789018260269
2223536,2,VALIDATED,1789018261773
2223536,3,PROCESSED,1789018262090
2223537,1,INITIATED,1789018260271
2223537,2,VALIDATED,1789018261731
2223537,3,PROCESSED,1789018261821
2223538,1,INITIATED,1789018260270
2223538,2,VALIDATED,1789018261729
2223538,3,PROCESSED,1789018262169
2223539,1,INITIATED,1789018260270
2223539,2,VALIDATED,1789018261731
2223539,3,PROCESSED,1789018261821
2223540,1,INITIATED,1789018260271
2223540,2,VALIDATED,1789018261775
2223540,3,PROCESSED,1789018261813
2223541,1,INITIATED,1789018260271
2223541,2,VALIDATED,1789018261777
2223541,3,PROCESSED,1789018262094
2223542,1,INITIATED,1789018260271
2223542,2,VALIDATED,1789018261729
2223542,3,PROCESSED,1789018261776
2223543,1,INITIATED,1789018260313
2223543,2,VALIDATED,1789018261735
2223543,3,REJECTED,1789018262166
2223544,1,INITIATED,1789018260312
2223544,2,VALIDATED,1789018261781
2223544,3,PROCESSED,1789018262153
2223545,1,INITIATED,1789018260314
2223545,2,VALIDATED,1789018261787
2223545,3,PROCESSED,1789018261824
2223546,1,INITIATED,1789018260315
2223546,2,VALIDATED,1789018261785
2223546,3,PROCESSED,1789018262153
2223547,1,INITIATED,1789018260315
2223547,2,VALIDATED,1789018261746
2223547,3,PROCESSED,1789018262401
2223548,1,INITIATED,1789018260313
2223548,2,VALIDATED,1789018261777
2223548,3,PROCESSED,1789018261814
2223549,1,INITIATED,1789018260314
2223549,2,VALIDATED,1789018261740
2223549,3,PROCESSED,1789018261829
2223550,1,INITIATED,1789018260313
2223550,2,VALIDATED,1789018261736
2223550,3,REJECTED,1789018261827
2223551,1,INITIATED,1789018260313
2223551,2,VALIDATED,1789018261736
2223551,3,PROCESSED,1789018261782
2223552,1,INITIATED,1789018260313
2223552,2,VALIDATED,1789018261691
2223552,3,PROCESSED,1789018261757
2223553,1,INITIATED,1789018260314
2223553,2,VALIDATED,1789018261747
2223553,3,PROCESSED,1789018261839
2223554,1,INITIATED,1789018260315
2223554,2,VALIDATED,1789018261747
2223554,3,REJECTED,1789018261785
2223555,1,INITIATED,1789018260315
2223555,2,VALIDATED,1789018261747
2223555,3,PROCESSED,1789018261840
2223556,1,INITIATED,1789018260314
2223556,2,VALIDATED,1789018261738
2223556,3,REJECTED,1789018261826
2223557,1,INITIATED,1789018260316
2223557,2,VALIDATED,1789018261691
2223557,3,PROCESSED,1789018261796
2223558,1,INITIATED,1789018260315
2223558,2,VALIDATED,1789018261747
2223558,3,PROCESSED,1789018261838
2223559,1,INITIATED,1789018260315
2223559,2,VALIDATED,1789018261741
2223559,3,PROCESSED,1789018261787
2223560,1,INITIATED,1789018260315
2223560,2,VALIDATED,1789018261691
2223560,3,PROCESSED,1789018261849
2223561,1,INITIATED,1789018260315
2223561,2,VALIDATED,1789018261740
2223561,3,PROCESSED,1789018261830
2223562,1,INITIATED,1789018260642
2223562,2,VALIDATED,1789018261746
2223562,3,PROCESSED,1789018261840
2223563,1,INITIATED,1789018260643
2223563,2,VALIDATED,1789018261786
2223563,3,PROCESSED,1789018262160
2223564,1,INITIATED,1789018260644
2223564,2,VALIDATED,1789018261784
2223564,3,REJECTED,1789018262151
2223565,1,INITIATED,1789018260644
2223565,2,VALIDATED,1789018261744
2223565,3,PROCESSED,1789018262401
2223566,1,INITIATED,1789018260643
2223566,2,VALIDATED,1789018261746
2223566,3,PROCESSED,1789018261839
2223567,1,INITIATED,1789018260643
2223567,2,VALIDATED,1789018261748
2223567,3,PROCESSED,1789018261842
2223568,1,INITIATED,1789018260644
2223568,2,VALIDATED,1789018261784
2223568,3,PROCESSED,1789018262154
2223569,1,INITIATED,1789018260643
2223569,2,VALIDATED,1789018261702
2223569,3,PROCESSED,1789018262092
2223570,1,INITIATED,1789018260845
2223570,2,VALIDATED,1789018261751
2223570,3,PROCESSED,1789018262407
2223571,1,INITIATED,1789018260847
2223571,2,VALIDATED,1789018261748
2223571,3,PROCESSED,1789018261791
2223572,1,INITIATED,1789018260848
2223572,2,VALIDATED,1789018261752
2223572,3,PROCESSED,1789018261842
2223573,1,INITIATED,1789018260848
2223573,2,VALIDATED,1789018261753
2223573,3,PROCESSED,1789018262502
2223574,1,INITIATED,1789018260851
2223574,2,VALIDATED,1789018261751
2223574,3,PROCESSED,1789018261841
2223575,1,INITIATED,1789018260849
2223575,2,VALIDATED,1789018261846
2223575,3,PROCESSED,1789018262508
2223576,1,INITIATED,1789018260850
2223576,2,VALIDATED,1789018261703
2223576,3,PROCESSED,1789018261804
2223577,1,INITIATED,1789018260850
2223577,2,VALIDATED,1789018261747
2223577,3,PROCESSED,1789018261838
2223578,1,INITIATED,1789018260853
2223578,2,VALIDATED,1789018261751
2223578,3,PROCESSED,1789018261843
2223579,1,INITIATED,1789018260852
2223579,2,VALIDATED,1789018261703
2223579,3,PROCESSED,1789018261755
2223580,1,INITIATED,1789018260853
2223580,2,VALIDATED,1789018261749
2223580,3,PROCESSED,1789018261842
2223581,1,INITIATED,1789018260854
2223581,2,VALIDATED,1789018261750
2223581,3,PROCESSED,1789018261842
2223582,1,INITIATED,1789018260854
2223582,2,VALIDATED,1789018261752
2223582,3,PROCESSED,1789018261842
2223583,1,INITIATED,1789018260891
2223583,2,VALIDATED,1789018261715
2223583,3,PROCESSED,1789018261805
2223584,1,INITIATED,1789018260891
2223584,2,VALIDATED,1789018261713
2223584,3,PROCESSED,1789018261805
2223585,1,INITIATED,1789018260894
2223585,2,VALIDATED,1789018261753
2223585,3,PROCESSED,1789018261840
2223586,1,INITIATED,1789018260893
2223586,2,VALIDATED,1789018261715
2223586,3,PROCESSED,1789018261807
2223587,1,INITIATED,1789018260894
2223587,2,VALIDATED,1789018261754
2223587,3,PROCESSED,1789018261797
2223588,1,INITIATED,1789018260894
2223588,2,VALIDATED,1789018261752
2223588,3,PROCESSED,1789018262408
2223589,1,INITIATED,1789018260895
2223589,2,VALIDATED,1789018261798
2223589,3,PROCESSED,1789018262392
2223590,1,INITIATED,1789018260895
2223590,2,VALIDATED,1789018261717
2223590,3,PROCESSED,1789018262094
2223591,1,INITIATED,1789018261188
2223591,2,VALIDATED,1789018261770
2223591,3,PROCESSED,1789018262089
2223592,1,INITIATED,1789018261188
2223592,2,VALIDATED,1789018261767
2223592,3,PROCESSED,1789018262089
2223593,1,INITIATED,1789018261190
2223593,2,VALIDATED,1789018261769
2223593,3,PROCESSED,1789018262089
2223594,1,INITIATED,1789018261189
2223594,2,VALIDATED,1789018261765
2223594,3,PROCESSED,1789018261803
2223595,1,INITIATED,1789018261185
2223595,2,VALIDATED,1789018261764
2223595,3,PROCESSED,1789018262504
2223596,1,INITIATED,1789018261189
2223596,2,VALIDATED,1789018261724
2223596,3,PROCESSED,1789018261815
2223597,1,INITIATED,1789018261189
2223597,2,VALIDATED,1789018261765
2223597,3,PROCESSED,1789018262089
2223598,1,INITIATED,1789018261185
2223598,2,VALIDATED,1789018261807
2223598,3,PROCESSED,1789018261828
2223599,1,INITIATED,1789018261189
2223599,2,VALIDATED,1789018261771
2223599,3,PROCESSED,1789018262092
2223600,1,INITIATED,1789018261187
2223600,2,VALIDATED,1789018261765
2223600,3,PROCESSED,1789018262089
2223601,1,INITIATED,1789018261187
2223601,2,VALIDATED,1789018261807
2223601,3,PROCESSED,1789018261829
2223602,1,INITIATED,1789018261187
2223602,2,VALIDATED,1789018261767
2223602,3,PROCESSED,1789018261804
2223603,1,INITIATED,1789018261188
2223603,2,VALIDATED,1789018261770
2223603,3,PROCESSED,1789018262092
2223604,1,INITIATED,1789018261186
2223604,2,VALIDATED,1789018261763
2223604,3,PROCESSED,1789018261802
2223605,1,INITIATED,1789018261187
2223605,2,VALIDATED,1789018261770
2223605,3,PROCESSED,1789018262091
2223606,1,INITIATED,1789018261189
2223606,2,VALIDATED,1789018261764
2223606,3,PROCESSED,1789018261803
2223607,1,INITIATED,1789018261189
2223607,2,VALIDATED,1789018262090
2223607,3,PROCESSED,1789018262563
2223608,1,INITIATED,1789018261202
2223608,2,VALIDATED,1789018261730
2223608,3,PROCESSED,1789018261822
2223609,1,INITIATED,1789018261201
2223609,2,VALIDATED,1789018261772
2223609,3,PROCESSED,1789018262092
2223610,1,INITIATED,1789018261202
2223610,2,VALIDATED,1789018261733
2223610,3,PROCESSED,1789018262390
2223611,1,INITIATED,1789018261202
2223611,2,VALIDATED,1789018262157
2223611,3,PROCESSED,1789018262566
2223612,1,INITIATED,1789018261312
2223612,2,VALIDATED,1789018261772
2223612,3,PROCESSED,1789018262092
2223613,1,INITIATED,1789018261314
2223613,2,VALIDATED,1789018261775
2223613,3,PROCESSED,1789018261813
2223614,1,INITIATED,1789018261313
2223614,2,VALIDATED,1789018261731
2223614,3,PROCESSED,1789018261776
2223615,1,INITIATED,1789018261314
2223615,2,VALIDATED,1789018261772
2223615,3,PROCESSED,1789018262092
2223616,1,INITIATED,1789018261315
2223616,2,VALIDATED,1789018261729
2223616,3,PROCESSED,1789018261776
2223617,1,INITIATED,1789018261315
2223617,2,VALIDATED,1789018261732
2223617,3,PROCESSED,1789018261825
2223618,1,INITIATED,1789018261314
2223618,2,VALIDATED,1789018261731
2223618,3,PROCESSED,1789018261777
2223619,1,INITIATED,1789018261315
2223619,2,VALIDATED,1789018262166
2223619,3,PROCESSED,1789018262991
2223620,1,INITIATED,1789018261334
2223620,2,VALIDATED,1789018261732
2223620,3,PROCESSED,1789018261822
2223621,1,INITIATED,1789018261334
2223621,2,VALIDATED,1789018261777
2223621,3,PROCESSED,1789018262093
2223622,1,INITIATED,1789018261334
2223622,2,VALIDATED,1789018261778
2223622,3,PROCESSED,1789018262097
2223623,1,INITIATED,1789018261336
2223623,2,VALIDATED,1789018261778
2223623,3,PROCESSED,1789018262094
2223624,1,INITIATED,1789018261336
2223624,2,VALIDATED,1789018261778
2223624,3,PROCESSED,1789018261813
2223625,1,INITIATED,1789018261336
2223625,2,VALIDATED,1789018261734
2223625,3,PROCESSED,1789018261824
2223626,1,INITIATED,1789018261337
2223626,2,VALIDATED,1789018261774
2223626,3,PROCESSED,1789018261813
2223627,1,INITIATED,1789018261337
2223627,2,VALIDATED,1789018261827
2223627,3,PROCESSED,1789018262406
2223628,1,INITIATED,1789018261611
2223628,2,VALIDATED,1789018261737
2223628,3,PROCESSED,1789018261788
2223629,1,INITIATED,1789018261614
2223629,2,VALIDATED,1789018261740
2223629,3,PROCESSED,1789018261834
2223630,1,INITIATED,1789018261614
2223630,2,VALIDATED,1789018261832
2223630,3,PROCESSED,1789018262502
2223631,1,INITIATED,1789018261611
2223631,2,VALIDATED,1789018261782
2223631,3,PROCESSED,1789018262154
2223632,1,INITIATED,1789018261611
2223632,2,VALIDATED,1789018261833
2223632,3,PROCESSED,1789018261845
2223633,1,INITIATED,1789018261615
2223633,2,VALIDATED,1789018261785
2223633,3,PROCESSED,1789018261818
2223634,1,INITIATED,1789018261614
2223634,2,VALIDATED,1789018261833
2223634,3,PROCESSED,1789018262502
2223635,1,INITIATED,1789018261613
2223635,2,VALIDATED,1789018261787
2223635,3,PROCESSED,1789018262160
2223636,1,INITIATED,1789018261611
2223636,2,VALIDATED,1789018261784
2223636,3,PROCESSED,1789018262153
2223637,1,INITIATED,1789018261616
2223637,2,VALIDATED,1789018261784
2223637,3,PROCESSED,1789018262153
2223638,1,INITIATED,1789018261614
2223638,2,VALIDATED,1789018261741
2223638,3,PROCESSED,1789018261832
2223639,1,INITIATED,1789018261613
2223639,2,VALIDATED,1789018261841
2223639,3,PROCESSED,1789018262504
2223640,1,INITIATED,1789018261622
2223640,2,VALIDATED,1789018261790
2223640,3,PROCESSED,1789018262160
2223641,1,INITIATED,1789018261686
2223641,2,VALIDATED,1789018261749
2223641,3,PROCESSED,1789018261840
2223642,1,INITIATED,1789018261690
2223642,2,VALIDATED,1789018261789
2223642,3,PROCESSED,1789018262160
2223643,1,INITIATED,1789018261688
2223643,2,VALIDATED,1789018261787
2223643,3,PROCESSED,1789018261821
2223644,1,INITIATED,1789018261689
2223644,2,VALIDATED,1789018261792
2223644,3,PROCESSED,1789018262169
2223645,1,INITIATED,1789018261690
2223645,2,VALIDATED,1789018261791
2223645,3,REJECTED,1789018262167
2223646,1,INITIATED,1789018261690
2223646,2,VALIDATED,1789018261791
2223646,3,PROCESSED,1789018262160
2223647,1,INITIATED,1789018261691
2223647,2,VALIDATED,1789018261751
2223647,3,PROCESSED,1789018261842
2223648,1,INITIATED,1789018261691
2223648,2,VALIDATED,1789018261849
2223648,3,PROCESSED,1789018262507
2223649,1,INITIATED,1789018261691
2223649,2,VALIDATED,1789018261795
2223649,3,REJECTED,1789018261818
2223650,1,INITIATED,1789018261693
2223650,2,VALIDATED,1789018261794
2223650,3,PROCESSED,1789018262390
2223651,1,INITIATED,1789018261702
2223651,2,VALIDATED,1789018261799
2223651,3,PROCESSED,1789018262394
2223652,1,INITIATED,1789018261703
2223652,2,VALIDATED,1789018261849
2223652,3,PROCESSED,1789018262508
2223653,1,INITIATED,1789018261702
2223653,2,VALIDATED,1789018261847
2223653,3,PROCESSED,1789018262507
2223654,1,INITIATED,1789018261702
2223654,2,VALIDATED,1789018261853
2223654,3,PROCESSED,1789018262565
2223655,1,INITIATED,1789018261703
2223655,2,VALIDATED,1789018261845
2223655,3,PROCESSED,1789018262094
2223656,1,INITIATED,1789018261703
2223656,2,VALIDATED,1789018262504
2223656,3,PROCESSED,1789018262565
2223657,1,INITIATED,1789018261703
2223657,2,VALIDATED,1789018261797
2223657,3,PROCESSED,1789018262392
2223658,1,INITIATED,1789018261705
2223658,2,VALIDATED,1789018261849
2223658,3,PROCESSED,1789018262508
2223659,1,INITIATED,1789018261713
2223659,2,VALIDATED,1789018261762
2223659,3,PROCESSED,1789018261853
2223660,1,INITIATED,1789018261714
2223660,2,VALIDATED,1789018261763
2223660,3,PROCESSED,1789018261802
2223661,1,INITIATED,1789018261715
2223661,2,VALIDATED,1789018261803
2223661,3,PROCESSED,1789018262393
2223662,1,INITIATED,1789018261714
2223662,2,VALIDATED,1789018261761
2223662,3,PROCESSED,1789018261853
2223663,1,INITIATED,1789018261714
2223663,2,VALIDATED,1789018261764
2223663,3,PROCESSED,1789018261804
2223664,1,INITIATED,1789018261716
2223664,2,VALIDATED,1789018261809
2223664,3,PROCESSED,1789018262398
2223665,1,INITIATED,1789018261715
2223665,2,VALIDATED,1789018261811
2223665,3,PROCESSED,1789018262395
2223666,1,INITIATED,1789018261717
2223666,2,VALIDATED,1789018261808
2223666,3,PROCESSED,1789018262397
2223667,1,INITIATED,1789018261716
2223667,2,VALIDATED,1789018261764
2223667,3,PROCESSED,1789018261804
2223668,1,INITIATED,1789018261715
2223668,2,VALIDATED,1789018261763
2223668,3,PROCESSED,1789018261852
2223669,1,INITIATED,1789018261716
2223669,2,VALIDATED,1789018261804
2223669,3,PROCESSED,1789018262169
2223670,1,INITIATED,1789018261716
2223670,2,VALIDATED,1789018261803
2223670,3,PROCESSED,1789018262389
2223671,1,INITIATED,1789018261716
2223671,2,VALIDATED,1789018261811
2223671,3,PROCESSED,1789018262397
2223672,1,INITIATED,1789018261719
2223672,2,VALIDATED,1789018261811
2223672,3,PROCESSED,1789018262398
2223673,1,INITIATED,1789018261717
2223673,2,VALIDATED,1789018261763
2223673,3,PROCESSED,1789018261853
2223674,1,INITIATED,1789018261716
2223674,2,VALIDATED,1789018261762
2223674,3,PROCESSED,1789018261800
2223675,1,INITIATED,1789018261716
2223675,2,VALIDATED,1789018261810
2223675,3,PROCESSED,1789018261830
2223676,1,INITIATED,1789018261715
2223676,2,VALIDATED,1789018261764
2223676,3,PROCESSED,1789018261801
2223677,1,INITIATED,1789018261717
2223677,2,VALIDATED,1789018261810
2223677,3,PROCESSED,1789018261830
2223678,1,INITIATED,1789018261718
2223678,2,VALIDATED,1789018262090
2223678,3,PROCESSED,1789018262564
2223679,1,INITIATED,1789018261719
2223679,2,VALIDATED,1789018262149
2223679,3,PROCESSED,1789018262565
2223680,1,INITIATED,1789018261718
2223680,2,VALIDATED,1789018261811
2223680,3,PROCESSED,1789018262398
2223681,1,INITIATED,1789018261719
2223681,2,VALIDATED,1789018262151
2223681,3,PROCESSED,1789018262563
2223682,1,INITIATED,1789018261719
2223682,2,VALIDATED,1789018261810
2223682,3,PROCESSED,1789018262397
2223683,1,INITIATED,1789018261722
2223683,2,VALIDATED,1789018261772
2223683,3,PROCESSED,1789018262094
2223684,1,INITIATED,1789018261723
2223684,2,VALIDATED,1789018262150
2223684,3,PROCESSED,1789018262565
2223685,1,INITIATED,1789018261723
2223685,2,VALIDATED,1789018261813
2223685,3,PROCESSED,1789018262397
2223686,1,INITIATED,1789018261723
2223686,2,VALIDATED,1789018261811
2223686,3,PROCESSED,1789018262395
2223687,1,INITIATED,1789018261724
2223687,2,VALIDATED,1789018262150
2223687,3,PROCESSED,1789018262566
2223688,1,INITIATED,1789018261724
2223688,2,VALIDATED,1789018261817
2223688,3,PROCESSED,1789018262401
2223689,1,INITIATED,1789018261724
2223689,2,VALIDATED,1789018261771
2223689,3,PROCESSED,1789018262507
2223690,1,INITIATED,1789018261725
2223690,2,VALIDATED,1789018261815
2223690,3,PROCESSED,1789018262397
2223691,1,INITIATED,1789018261732
2223691,2,VALIDATED,1789018261821
2223691,3,PROCESSED,1789018262406
2223692,1,INITIATED,1789018261732
2223692,2,VALIDATED,1789018261819
2223692,3,PROCESSED,1789018262401
2223693,1,INITIATED,1789018261730
2223693,2,VALIDATED,1789018261772
2223693,3,PROCESSED,1789018262092
2223694,1,INITIATED,1789018261731
2223694,2,VALIDATED,1789018261816
2223694,3,PROCESSED,1789018262407
2223695,1,INITIATED,1789018261730
2223695,2,VALIDATED,1789018261771
2223695,3,PROCESSED,1789018262092
2223696,1,INITIATED,1789018261731
2223696,2,VALIDATED,1789018261818
2223696,3,PROCESSED,1789018262401
2223697,1,INITIATED,1789018261735
2223697,2,VALIDATED,1789018261825
2223697,3,PROCESSED,1789018262406
2223698,1,INITIATED,1789018261736
2223698,2,VALIDATED,1789018261825
2223698,3,PROCESSED,1789018262407
2223699,1,INITIATED,1789018261736
2223699,2,VALIDATED,1789018262393
2223699,3,PROCESSED,1789018262995
2223700,1,INITIATED,1789018261737
2223700,2,VALIDATED,1789018261779
2223700,3,PROCESSED,1789018261816
2223701,1,INITIATED,1789018261737
2223701,2,VALIDATED,1789018261778
2223701,3,PROCESSED,1789018261812
2223702,1,INITIATED,1789018261737
2223702,2,VALIDATED,1789018261825
2223702,3,PROCESSED,1789018262407
2223703,1,INITIATED,1789018261738
2223703,2,VALIDATED,1789018262391
2223703,3,PROCESSED,1789018262995
2223704,1,INITIATED,1789018261739
2223704,2,VALIDATED,1789018261828
2223704,3,PROCESSED,1789018262407
2223705,1,INITIATED,1789018261738
2223705,2,VALIDATED,1789018261827
2223705,3,PROCESSED,1789018261841
2223706,1,INITIATED,1789018261738
2223706,2,VALIDATED,1789018261784
2223706,3,PROCESSED,1789018262154
2223707,1,INITIATED,1789018261739
2223707,2,VALIDATED,1789018261830
2223707,3,PROCESSED,1789018262502
2223708,1,INITIATED,1789018261739
2223708,2,VALIDATED,1789018262393
2223708,3,PROCESSED,1789018262995
2223709,1,INITIATED,1789018261739
2223709,2,VALIDATED,1789018261828
2223709,3,REJECTED,1789018262404
2223710,1,INITIATED,1789018261740
2223710,2,VALIDATED,1789018261783
2223710,3,REJECTED,1789018262150
2223711,1,INITIATED,1789018261743
2223711,2,VALIDATED,1789018261828
2223711,3,PROCESSED,1789018262406
2223712,1,INITIATED,1789018261746
2223712,2,VALIDATED,1789018261834
2223712,3,PROCESSED,1789018262502
2223713,1,INITIATED,1789018261749
2223713,2,VALIDATED,1789018261836
2223713,3,PROCESSED,1789018262505
2223714,1,INITIATED,1789018261749
2223714,2,VALIDATED,1789018261789
2223714,3,PROCESSED,1789018262160
2223715,1,INITIATED,1789018261753
2223715,2,VALIDATED,1789018261837
2223715,3,PROCESSED,1789018261852
2223716,1,INITIATED,1789018261756
2223716,2,VALIDATED,1789018261841
2223716,3,PROCESSED,1789018262504
2223717,1,INITIATED,1789018261759
2223717,2,VALIDATED,1789018261842
2223717,3,PROCESSED,1789018262508
2223718,1,INITIATED,1789018261760
2223718,2,VALIDATED,1789018261844
2223718,3,PROCESSED,1789018262507
2223719,1,INITIATED,1789018261759
2223719,2,VALIDATED,1789018261842
2223719,3,PROCESSED,1789018262090
2223720,1,INITIATED,1789018261761
2223720,2,VALIDATED,1789018262470
2223720,3,PROCESSED,1789018263140
2223721,1,INITIATED,1789018261761
2223721,2,VALIDATED,1789018261842
2223721,3,PROCESSED,1789018262508
2223722,1,INITIATED,1789018261761
2223722,2,VALIDATED,1789018261848
2223722,3,PROCESSED,1789018262508
2223723,1,INITIATED,1789018261761
2223723,2,VALIDATED,1789018261797
2223723,3,PROCESSED,1789018262169
2223724,1,INITIATED,1789018261761
2223724,2,VALIDATED,1789018261848
2223724,3,PROCESSED,1789018262508
2223725,1,INITIATED,1789018261762
2223725,2,VALIDATED,1789018261798
2223725,3,PROCESSED,1789018262394
2223726,1,INITIATED,1789018261762
2223726,2,VALIDATED,1789018261847
2223726,3,PROCESSED,1789018262508
2223727,1,INITIATED,1789018261763
2223727,2,VALIDATED,1789018261845
2223727,3,PROCESSED,1789018262509
2223728,1,INITIATED,1789018261763
2223728,2,VALIDATED,1789018261846
2223728,3,PROCESSED,1789018262509
2223729,1,INITIATED,1789018261764
2223729,2,VALIDATED,1789018261848
2223729,3,PROCESSED,1789018262507
2223730,1,INITIATED,1789018261777
2223730,2,VALIDATED,1789018262095
2223730,3,PROCESSED,1789018262563
2223731,1,INITIATED,1789018261778
2223731,2,VALIDATED,1789018262150
2223731,3,PROCESSED,1789018262565
2223732,1,INITIATED,1789018261778
2223732,2,VALIDATED,1789018261809
2223732,3,PROCESSED,1789018262391
2223733,1,INITIATED,1789018261780
2223733,2,VALIDATED,1789018262151
2223733,3,PROCESSED,1789018262565
2223734,1,INITIATED,1789018261782
2223734,2,VALIDATED,1789018262151
2223734,3,PROCESSED,1789018262565
2223735,1,INITIATED,1789018261783
2223735,2,VALIDATED,1789018262151
2223735,3,PROCESSED,1789018262565
2223736,1,INITIATED,1789018261783
2223736,2,VALIDATED,1789018262151
2223736,3,PROCESSED,1789018262564
2223737,1,INITIATED,1789018261783
2223737,2,VALIDATED,1789018261816
2223737,3,PROCESSED,1789018262401
2223738,1,INITIATED,1789018261784
2223738,2,VALIDATED,1789018262150
2223738,3,PROCESSED,1789018262563
2223739,1,INITIATED,1789018261784
2223739,2,VALIDATED,1789018262151
2223739,3,PROCESSED,1789018262564
2223740,1,INITIATED,1789018261791
2223740,2,VALIDATED,1789018262157
2223740,3,PROCESSED,1789018262563
2223741,1,INITIATED,1789018261796
2223741,2,VALIDATED,1789018261818
2223741,3,PROCESSED,1789018261840
2223742,1,INITIATED,1789018261801
2223742,2,VALIDATED,1789018261821
2223742,3,PROCESSED,1789018262406
2223743,1,INITIATED,1789018261803
2223743,2,VALIDATED,1789018262166
2223743,3,PROCESSED,1789018262992
2223744,1,INITIATED,1789018261804
2223744,2,VALIDATED,1789018262168
2223744,3,PROCESSED,1789018262994
2223745,1,INITIATED,1789018261803
2223745,2,VALIDATED,1789018262166
2223745,3,PROCESSED,1789018262993
2223746,1,INITIATED,1789018261810
2223746,2,VALIDATED,1789018261828
2223746,3,PROCESSED,1789018262407
2223747,1,INITIATED,1789018261810
2223747,2,VALIDATED,1789018262393
2223747,3,PROCESSED,1789018262996
2223748,1,INITIATED,1789018261809
2223748,2,VALIDATED,1789018262167
2223748,3,PROCESSED,1789018262564
2223749,1,INITIATED,1789018261809
2223749,2,VALIDATED,1789018262390
2223749,3,PROCESSED,1789018262996
2223750,1,INITIATED,1789018261812
2223750,2,VALIDATED,1789018262392
2223750,3,PROCESSED,1789018262995
2223751,1,INITIATED,1789018261812
2223751,2,VALIDATED,1789018262396
2223751,3,PROCESSED,1789018262995
2223752,1,INITIATED,1789018261825
2223752,2,VALIDATED,1789018261836
2223752,3,PROCESSED,1789018262504
2223753,1,INITIATED,1789018261826
2223753,2,VALIDATED,1789018261836
2223753,3,PROCESSED,1789018262505
2223754,1,INITIATED,1789018261829
2223754,2,VALIDATED,1789018261839
2223754,3,PROCESSED,1789018262505
2223755,1,INITIATED,1789018261830
2223755,2,VALIDATED,1789018262470
2223755,3,PROCESSED,1789018263140
2223756,1,INITIATED,1789018261841
2223756,2,VALIDATED,1789018262470
2223756,3,PROCESSED,1789018263139
2223757,1,INITIATED,1789018262151
2223757,2,VALIDATED,1789018262559
2223757,3,PROCESSED,1789018263140
2223758,1,INITIATED,1789018262167
2223758,2,VALIDATED,1789018262565
2223758,3,PROCESSED,1789018263141
2223759,1,INITIATED,1789018262168
2223759,2,VALIDATED,1789018263133
2223759,3,PROCESSED,1789018263765
2223760,1,INITIATED,1789018262469
2223760,2,VALIDATED,1789018263132
2223760,3,REJECTED,1789018263811
2223761,1,INITIATED,1789018262521
2223761,2,VALIDATED,1789018263135
2223761,3,REJECTED,1789018263617
2223762,1,INITIATED,1789018262521
2223762,2,VALIDATED,1789018263132
2223762,3,REJECTED,1789018263810
2223763,1,INITIATED,1789018262521
2223763,2,VALIDATED,1789018263135
2223763,3,PROCESSED,1789018263764
2223764,1,INITIATED,1789018262521
2223764,2,VALIDATED,1789018263132
2223764,3,REJECTED,1789018263616
2223765,1,INITIATED,1789018262558
2223765,2,VALIDATED,1789018263138
2223765,3,PROCESSED,1789018263814
2223766,1,INITIATED,1789018262558
2223766,2,VALIDATED,1789018263134
2223766,3,PROCESSED,1789018263764
2223767,1,INITIATED,1789018262559
2223767,2,VALIDATED,1789018263136
2223767,3,PROCESSED,1789018263764
2223768,1,INITIATED,1789018262558
2223768,2,VALIDATED,1789018263135
2223768,3,PROCESSED,1789018263763
2223769,1,INITIATED,1789018262558
2223769,2,VALIDATED,1789018263762
2223769,3,PROCESSED,1789018263843
2223770,1,INITIATED,1789018262559
2223770,2,VALIDATED,1789018263140
2223770,3,PROCESSED,1789018263765
2223771,1,INITIATED,1789018262559
2223771,2,VALIDATED,1789018262992
2223771,3,PROCESSED,1789018263620
2223772,1,INITIATED,1789018262560
2223772,2,VALIDATED,1789018263135
2223772,3,PROCESSED,1789018263815
2223773,1,INITIATED,1789018262566
2223773,2,VALIDATED,1789018263616
2223773,3,PROCESSED,1789018263837
2223774,1,INITIATED,1789018262566
2223774,2,VALIDATED,1789018263616
2223774,3,PROCESSED,1789018263840
2223775,1,INITIATED,1789018262566
2223775,2,VALIDATED,1789018263613
2223775,3,PROCESSED,1789018263848
2223776,1,INITIATED,1789018262992
2223776,2,VALIDATED,1789018263616
2223776,3,PROCESSED,1789018263837
2223777,1,INITIATED,1789018262993
2223777,2,VALIDATED,1789018263139
2223777,3,PROCESSED,1789018263764
2223778,1,INITIATED,1789018262995
2223778,2,VALIDATED,1789018263759
2223778,3,PROCESSED,1789018264326
2223779,1,INITIATED,1789018262992
2223779,2,VALIDATED,1789018263614
2223779,3,PROCESSED,1789018263814
2223780,1,INITIATED,1789018262992
2223780,2,VALIDATED,1789018263759
2223780,3,PROCESSED,1789018263847
2223781,1,INITIATED,1789018262993
2223781,2,VALIDATED,1789018263759
2223781,3,PROCESSED,1789018263842
2223782,1,INITIATED,1789018262995
2223782,2,VALIDATED,1789018263616
2223782,3,PROCESSED,1789018263838
2223783,1,INITIATED,1789018262994
2223783,2,VALIDATED,1789018263756
2223783,3,PROCESSED,1789018263845
2223784,1,INITIATED,1789018262993
2223784,2,VALIDATED,1789018263137
2223784,3,PROCESSED,1789018263621
2223785,1,INITIATED,1789018262993
2223785,2,VALIDATED,1789018263756
2223785,3,PROCESSED,1789018263849
2223786,1,INITIATED,1789018262994
2223786,2,VALIDATED,1789018263756
2223786,3,PROCESSED,1789018263846
2223787,1,INITIATED,1789018262995
2223787,2,VALIDATED,1789018263761
2223787,3,PROCESSED,1789018263848
2223788,1,INITIATED,1789018262994
2223788,2,VALIDATED,1789018263762
2223788,3,PROCESSED,1789018263842
2223789,1,INITIATED,1789018262994
2223789,2,VALIDATED,1789018263760
2223789,3,PROCESSED,1789018263842
2223790,1,INITIATED,1789018262995
2223790,2,VALIDATED,1789018263756
2223790,3,PROCESSED,1789018263847
2223791,1,INITIATED,1789018262994
2223791,2,VALIDATED,1789018263637
2223791,3,PROCESSED,1789018263848
2223792,1,INITIATED,1789018262995
2223792,2,VALIDATED,1789018263636
2223792,3,PROCESSED,1789018263845
2223793,1,INITIATED,1789018263135
2223793,2,VALIDATED,1789018263812
2223793,3,PROCESSED,1789018264181
2223794,1,INITIATED,1789018263138
2223794,2,VALIDATED,1789018263761
2223794,3,PROCESSED,1789018263815
2223795,1,INITIATED,1789018263139
2223795,2,VALIDATED,1789018263620
2223795,3,PROCESSED,1789018263838
2223796,1,INITIATED,1789018263137
2223796,2,VALIDATED,1789018263620
2223796,3,PROCESSED,1789018264327
2223797,1,INITIATED,1789018263138
2223797,2,VALIDATED,1789018263618
2223797,3,PROCESSED,1789018263839
2223798,1,INITIATED,1789018263139
2223798,2,VALIDATED,1789018263619
2223798,3,PROCESSED,1789018263839
2223799,1,INITIATED,1789018263139
2223799,2,VALIDATED,1789018263761
2223799,3,PROCESSED,1789018263849
2223800,1,INITIATED,1789018263140
2223800,2,VALIDATED,1789018263762
2223800,3,PROCESSED,1789018263843
2223801,1,INITIATED,1789018263140
2223801,2,VALIDATED,1789018263758
2223801,3,PROCESSED,1789018263842
2223802,1,INITIATED,1789018263135
2223802,2,VALIDATED,1789018263619
2223802,3,PROCESSED,1789018263841
2223803,1,INITIATED,1789018263135
2223803,2,VALIDATED,1789018263761
2223803,3,PROCESSED,1789018263842
2223804,1,INITIATED,1789018263135
2223804,2,VALIDATED,1789018263762
2223804,3,PROCESSED,1789018263843
2223805,1,INITIATED,1789018263140
2223805,2,VALIDATED,1789018263618
2223805,3,PROCESSED,1789018264327
2223806,1,INITIATED,1789018263187
2223806,2,VALIDATED,1789018263812
2223806,3,PROCESSED,1789018264178
2223807,1,INITIATED,1789018263620
2223807,2,VALIDATED,1789018263835
2223807,3,PROCESSED,1789018264185
2223808,1,INITIATED,1789018263619
2223808,2,VALIDATED,1789018263835
2223808,3,PROCESSED,1789018264185
2223809,1,INITIATED,1789018263615
2223809,2,VALIDATED,1789018263835
2223809,3,PROCESSED,1789018264186
2223810,1,INITIATED,1789018263614
2223810,2,VALIDATED,1789018263812
2223810,3,PROCESSED,1789018264181
2223811,1,INITIATED,1789018263616
2223811,2,VALIDATED,1789018263846
2223811,3,PROCESSED,1789018264326
2223812,1,INITIATED,1789018263615
2223812,2,VALIDATED,1789018263813
2223812,3,PROCESSED,1789018264184
2223813,1,INITIATED,1789018263620
2223813,2,VALIDATED,1789018263836
2223813,3,PROCESSED,1789018263849
2223814,1,INITIATED,1789018263619
2223814,2,VALIDATED,1789018263836
2223814,3,PROCESSED,1789018264325
2223815,1,INITIATED,1789018263619
2223815,2,VALIDATED,1789018263835
2223815,3,PROCESSED,1789018264184
2223816,1,INITIATED,1789018263619
2223816,2,VALIDATED,1789018263836
2223816,3,PROCESSED,1789018264185
2223817,1,INITIATED,1789018263616
2223817,2,VALIDATED,1789018263836
2223817,3,PROCESSED,1789018264326
2223818,1,INITIATED,1789018263617
2223818,2,VALIDATED,1789018263834
2223818,3,PROCESSED,1789018264185
2223819,1,INITIATED,1789018263613
2223819,2,VALIDATED,1789018263835
2223819,3,PROCESSED,1789018264186
2223820,1,INITIATED,1789018263620
2223820,2,VALIDATED,1789018263834
2223820,3,PROCESSED,1789018264185
2223821,1,INITIATED,1789018263618
2223821,2,VALIDATED,1789018263836
2223821,3,PROCESSED,1789018264327
2223822,1,INITIATED,1789018263759
2223822,2,VALIDATED,1789018263840
2223822,3,PROCESSED,1789018264327
2223823,1,INITIATED,1789018263760
2223823,2,VALIDATED,1789018263840
2223823,3,PROCESSED,1789018264326
2223824,1,INITIATED,1789018263760
2223824,2,VALIDATED,1789018263841
2223824,3,PROCESSED,1789018264184
2223825,1,INITIATED,1789018263762
2223825,2,VALIDATED,1789018263842
2223825,3,PROCESSED,1789018264327
2223826,1,INITIATED,1789018263761
2223826,2,VALIDATED,1789018263841
2223826,3,PROCESSED,1789018264178
2223827,1,INITIATED,1789018263762
2223827,2,VALIDATED,1789018263845
2223827,3,PROCESSED,1789018264324
2223828,1,INITIATED,1789018263810
2223828,2,VALIDATED,1789018263846
2223828,3,PROCESSED,1789018264327
2223829,1,INITIATED,1789018263810
2223829,2,VALIDATED,1789018263846
2223829,3,PROCESSED,1789018264185
2223830,1,INITIATED,1789018263812
2223830,2,VALIDATED,1789018264180
2223830,3,PROCESSED,1789018264375
2223831,1,INITIATED,1789018263812
2223831,2,VALIDATED,1789018264179
2223831,3,PROCESSED,1789018264375
2223832,1,INITIATED,1789018263811
2223832,2,VALIDATED,1789018263845
2223832,3,PROCESSED,1789018264186
2223833,1,INITIATED,1789018263812
2223833,2,VALIDATED,1789018264179
2223833,3,PROCESSED,1789018264375
2223834,1,INITIATED,1789018263811
2223834,2,VALIDATED,1789018263845
2223834,3,PROCESSED,1789018264326
2223835,1,INITIATED,1789018263812
2223835,2,VALIDATED,1789018263846
2223835,3,PROCESSED,1789018264327
2223836,1,INITIATED,1789018263812
2223836,2,VALIDATED,1789018263836
2223836,3,PROCESSED,1789018264327
2223837,1,INITIATED,1789018263813
2223837,2,VALIDATED,1789018264176
2223837,3,PROCESSED,1789018264376
2223838,1,INITIATED,1789018263813
2223838,2,VALIDATED,1789018263835
2223838,3,PROCESSED,1789018264184
2223839,1,INITIATED,1789018263813
2223839,2,VALIDATED,1789018264318
2223839,3,PROCESSED,1789018264396
2223840,1,INITIATED,1789018263813
2223840,2,VALIDATED,1789018264371
2223840,3,PROCESSED,1789018264395
2223841,1,INITIATED,1789018263812
2223841,2,VALIDATED,1789018263849
2223841,3,PROCESSED,1789018264327
2223842,1,INITIATED,1789018263813
2223842,2,VALIDATED,1789018263847
2223842,3,PROCESSED,1789018264376
2223843,1,INITIATED,1789018263813
2223843,2,VALIDATED,1789018263836
2223843,3,PROCESSED,1789018263850
2223844,1,INITIATED,1789018263813
2223844,2,VALIDATED,1789018263849
2223844,3,PROCESSED,1789018264325
2223845,1,INITIATED,1789018263813
2223845,2,VALIDATED,1789018263836
2223845,3,PROCESSED,1789018264326
2223846,1,INITIATED,1789018263813
2223846,2,VALIDATED,1789018263835
2223846,3,PROCESSED,1789018264327
2223847,1,INITIATED,1789018263814
2223847,2,VALIDATED,1789018264319
2223847,3,PROCESSED,1789018264396
2223848,1,INITIATED,1789018263814
2223848,2,VALIDATED,1789018263848
2223848,3,PROCESSED,1789018264185
2223849,1,INITIATED,1789018263813
2223849,2,VALIDATED,1789018263836
2223849,3,PROCESSED,1789018264185
2223850,1,INITIATED,1789018263833
2223850,2,VALIDATED,1789018264182
2223850,3,PROCESSED,1789018264376
2223851,1,INITIATED,1789018263832
2223851,2,VALIDATED,1789018264180
2223851,3,PROCESSED,1789018264326
2223852,1,INITIATED,1789018263833
2223852,2,VALIDATED,1789018264178
2223852,3,PROCESSED,1789018264376
2223853,1,INITIATED,1789018263832
2223853,2,VALIDATED,1789018263840
2223853,3,PROCESSED,1789018263850
2223854,1,INITIATED,1789018263833
2223854,2,VALIDATED,1789018264180
2223854,3,PROCESSED,1789018264326
2223855,1,INITIATED,1789018263832
2223855,2,VALIDATED,1789018264179
2223855,3,PROCESSED,1789018264375
2223856,1,INITIATED,1789018263846
2223856,2,VALIDATED,1789018264318
2223856,3,PROCESSED,1789018264396
2223857,1,INITIATED,1789018263848
2223857,2,VALIDATED,1789018264321
2223857,3,PROCESSED,1789018264395
2223858,1,INITIATED,1789018263849
2223858,2,VALIDATED,1789018264322
2223858,3,PROCESSED,1789018264395
2223859,1,INITIATED,1789018263850
2223859,2,VALIDATED,1789018264372
2223859,3,PROCESSED,1789018264395
2223860,1,INITIATED,1789018264177
2223860,2,VALIDATED,1789018264371
2223860,3,REJECTED,1789018264397
2223861,1,INITIATED,1789018264323
2223861,2,VALIDATED,1789018264394
2223861,3,PROCESSED,1789018264418
2223862,1,INITIATED,1789018264323
2223862,2,VALIDATED,1789018264391
2223862,3,REJECTED,1789018264412
2223863,1,INITIATED,1789018264324
2223863,2,VALIDATED,1789018264393
2223863,3,REJECTED,1789018264412
2223864,1,INITIATED,1789018264324
2223864,2,VALIDATED,1789018264373
2223864,3,PROCESSED,1789018264396
2223865,1,INITIATED,1789018264325
2223865,2,VALIDATED,1789018264393
2223865,3,REJECTED,1789018264414
2223866,1,INITIATED,1789018264369
2223866,2,VALIDATED,1789018264391
2223866,3,PROCESSED,1789018264417
2223867,1,INITIATED,1789018264370
2223867,2,VALIDATED,1789018264394
2223867,3,PROCESSED,1789018264415
2223868,1,INITIATED,1789018264370
2223868,2,VALIDATED,1789018264394
2223868,3,PROCESSED,1789018264417
2223869,1,INITIATED,1789018264370
2223869,2,VALIDATED,1789018264394
2223869,3,PROCESSED,1789018264416
2223870,1,INITIATED,1789018264370
2223870,2,VALIDATED,1789018264391
2223870,3,PROCESSED,1789018264418
2223871,1,INITIATED,1789018264371
2223871,2,VALIDATED,1789018264393
2223871,3,PROCESSED,1789018264416
2223872,1,INITIATED,1789018264371
2223872,2,VALIDATED,1789018264394
2223872,3,PROCESSED,1789018264417
2223873,1,INITIATED,1789018264371
2223873,2,VALIDATED,1789018264393
2223873,3,PROCESSED,1789018264418
2223874,1,INITIATED,1789018264372
2223874,2,VALIDATED,1789018264391
2223874,3,PROCESSED,1789018264418
2223875,1,INITIATED,1789018264374
2223875,2,VALIDATED,1789018264394
2223875,3,PROCESSED,1789018264417
2223876,1,INITIATED,1789018264371
2223876,2,VALIDATED,1789018264411
2223876,3,PROCESSED,1789018264420
2223877,1,INITIATED,1789018264373
2223877,2,VALIDATED,1789018264394
2223877,3,PROCESSED,1789018264416
2223878,1,INITIATED,1789018264374
2223878,2,VALIDATED,1789018264392
2223878,3,PROCESSED,1789018264416
2223879,1,INITIATED,1789018264374
2223879,2,VALIDATED,1789018264394
2223879,3,PROCESSED,1789018264417
2223880,1,INITIATED,1789018264373
2223880,2,VALIDATED,1789018264394
2223880,3,PROCESSED,1789018264418
2223881,1,INITIATED,1789018264372
2223881,2,VALIDATED,1789018264412
2223881,3,PROCESSED,1789018264420
2223882,1,INITIATED,1789018264373
2223882,2,VALIDATED,1789018264411
2223882,3,PROCESSED,1789018264419
2223883,1,INITIATED,1789018264374
2223883,2,VALIDATED,1789018264392
2223883,3,PROCESSED,1789018264416
2223884,1,INITIATED,1789018264374
2223884,2,VALIDATED,1789018264391
2223884,3,PROCESSED,1789018264415
2223885,1,INITIATED,1789018264378
2223885,2,VALIDATED,1789018264392
2223885,3,PROCESSED,1789018264417
2223886,1,INITIATED,1789018264393
2223886,2,VALIDATED,1789018264413
2223886,3,PROCESSED,1789018264420
2223887,1,INITIATED,1789018264393
2223887,2,VALIDATED,1789018264414
2223887,3,PROCESSED,1789018264421
2223888,1,INITIATED,1789018264412
2223888,2,VALIDATED,1789018264417
2223888,3,PROCESSED,1789018264422
2223889,1,INITIATED,1789018264420
2223889,2,VALIDATED,1789018264438
2223889,3,PROCESSED,1789018264752
2223890,1,INITIATED,1789018264440
2223890,2,VALIDATED,1789018264456
2223890,3,PROCESSED,1789018264757
2223891,1,INITIATED,1789018264752
2223891,2,VALIDATED,1789018264757
2223891,3,PROCESSED,1789018264767
2223892,1,INITIATED,1789018264752
2223892,2,VALIDATED,1789018264756
2223892,3,PROCESSED,1789018264764
2223893,1,INITIATED,1789018264752
2223893,2,VALIDATED,1789018264757
2223893,3,PROCESSED,1789018264766
2223894,1,INITIATED,1789018264752
2223894,2,VALIDATED,1789018264756
2223894,3,PROCESSED,1789018264764
2223895,1,INITIATED,1789018264751
2223895,2,VALIDATED,1789018264756
2223895,3,PROCESSED,1789018264763
2223896,1,INITIATED,1789018264751
2223896,2,VALIDATED,1789018264757
2223896,3,PROCESSED,1789018264766
2223897,1,INITIATED,1789018264751
2223897,2,VALIDATED,1789018264755
2223897,3,PROCESSED,1789018264764
2223898,1,INITIATED,1789018264752
2223898,2,VALIDATED,1789018264757
2223898,3,PROCESSED,1789018264764
2223899,1,INITIATED,1789018264751
2223899,2,VALIDATED,1789018264756
2223899,3,PROCESSED,1789018264763
2223900,1,INITIATED,1789018264751
2223900,2,VALIDATED,1789018264757
2223900,3,PROCESSED,1789018264764
2223901,1,INITIATED,1789018264751
2223901,2,VALIDATED,1789018264756
2223901,3,PROCESSED,1789018264763
2223902,1,INITIATED,1789018264752
2223902,2,VALIDATED,1789018264756
2223902,3,PROCESSED,1789018264763
2223903,1,INITIATED,1789018264752
2223903,2,VALIDATED,1789018264757
2223903,3,PROCESSED,1789018264764
2223904,1,INITIATED,1789018264751
2223904,2,VALIDATED,1789018264757
2223904,3,PROCESSED,1789018264766
2223905,1,INITIATED,1789018264751
2223905,2,VALIDATED,1789018264757
2223905,3,PROCESSED,1789018264765
2223906,1,INITIATED,1789018264761
2223906,2,VALIDATED,1789018264766
2223906,3,PROCESSED,1789018264771
2223907,1,INITIATED,1789018264781
2223907,2,VALIDATED,1789018264871
2223907,3,PROCESSED,1789018264877
2223908,1,INITIATED,1789018264802
2223908,2,VALIDATED,1789018264871
2223908,3,PROCESSED,1789018264877
2223909,1,INITIATED,1789018264821
2223909,2,VALIDATED,1789018264871
2223909,3,PROCESSED,1789018264877
2223910,1,INITIATED,1789018264841
2223910,2,VALIDATED,1789018264871
2223910,3,PROCESSED,1789018264877
2223911,1,INITIATED,1789018264861
2223911,2,VALIDATED,1789018264871
2223911,3,PROCESSED,1789018264877
2223912,1,INITIATED,1789018264880
2223912,2,VALIDATED,1789018264885
2223912,3,PROCESSED,1789018264890
2223913,1,INITIATED,1789018264900
2223913,2,VALIDATED,1789018264904
2223913,3,PROCESSED,1789018264909
2223914,1,INITIATED,1789018264921
2223914,2,VALIDATED,1789018264926
2223914,3,PROCESSED,1789018264932
2223915,1,INITIATED,1789018264941
2223915,2,VALIDATED,1789018264945
2223915,3,PROCESSED,1789018264950
2223916,1,INITIATED,1789018264961
2223916,2,VALIDATED,1789018264966
2223916,3,PROCESSED,1789018264971
2223917,1,INITIATED,1789018264982
2223917,2,VALIDATED,1789018264986
2223917,3,PROCESSED,1789018264991
2223918,1,INITIATED,1789018265001
2223918,2,VALIDATED,1789018265007
2223918,3,PROCESSED,1789018265012
2223919,1,INITIATED,1789018265021
2223919,2,VALIDATED,1789018265025
2223919,3,PROCESSED,1789018265030
2223920,1,INITIATED,1789018265042
2223920,2,VALIDATED,1789018265047
2223920,3,PROCESSED,1789018265053
2223921,1,INITIATED,1789018265061
2223921,2,VALIDATED,1789018265065
2223921,3,PROCESSED,1789018265070
2223922,1,INITIATED,1789018265081
2223922,2,VALIDATED,1789018265128
2223922,3,PROCESSED,1789018265551
2223923,1,INITIATED,1789018265125
2223923,2,VALIDATED,1789018265180
2223923,3,PROCESSED,1789018265554
2223924,1,INITIATED,1789018265125
2223924,2,VALIDATED,1789018265180
2223924,3,PROCESSED,1789018265554
2223925,1,INITIATED,1789018265144
2223925,2,VALIDATED,1789018265550
2223925,3,PROCESSED,1789018265741
2223926,1,INITIATED,1789018265180
2223926,2,VALIDATED,1789018265550
2223926,3,PROCESSED,1789018265741
2223927,1,INITIATED,1789018265181
2223927,2,VALIDATED,1789018265551
2223927,3,PROCESSED,1789018265743
2223928,1,INITIATED,1789018265553
2223928,2,VALIDATED,1789018265737
2223928,3,PROCESSED,1789018265803
2223929,1,INITIATED,1789018265550
2223929,2,VALIDATED,1789018265740
2223929,3,PROCESSED,1789018265803
2223930,1,INITIATED,1789018265551
2223930,2,VALIDATED,1789018265740
2223930,3,PROCESSED,1789018265801
2223931,1,INITIATED,1789018265552
2223931,2,VALIDATED,1789018265739
2223931,3,PROCESSED,1789018265802
2223932,1,INITIATED,1789018265551
2223932,2,VALIDATED,1789018265737
2223932,3,PROCESSED,1789018265803
2223933,1,INITIATED,1789018265553
2223933,2,VALIDATED,1789018265736
2223933,3,PROCESSED,1789018265803
2223934,1,INITIATED,1789018265553
2223934,2,VALIDATED,1789018265740
2223934,3,PROCESSED,1789018265803
2223935,1,INITIATED,1789018265552
2223935,2,VALIDATED,1789018265737
2223935,3,PROCESSED,1789018265802
2223936,1,INITIATED,1789018265552
2223936,2,VALIDATED,1789018265739
2223936,3,PROCESSED,1789018265801
2223937,1,INITIATED,1789018265549
2223937,2,VALIDATED,1789018265738
2223937,3,PROCESSED,1789018265803
2223938,1,INITIATED,1789018265551
2223938,2,VALIDATED,1789018265738
2223938,3,PROCESSED,1789018265802
2223939,1,INITIATED,1789018265552
2223939,2,VALIDATED,1789018265737
2223939,3,PROCESSED,1789018265802
2223940,1,INITIATED,1789018265551
2223940,2,VALIDATED,1789018265740
2223940,3,PROCESSED,1789018265803
2223941,1,INITIATED,1789018265550
2223941,2,VALIDATED,1789018265739
2223941,3,PROCESSED,1789018265801
2223942,1,INITIATED,1789018265551
2223942,2,VALIDATED,1789018265739
2223942,3,PROCESSED,1789018265801
2223943,1,INITIATED,1789018265551
2223943,2,VALIDATED,1789018265739
2223943,3,PROCESSED,1789018265803
2223944,1,INITIATED,1789018265552
2223944,2,VALIDATED,1789018265739
2223944,3,PROCESSED,1789018265802
2223945,1,INITIATED,1789018265552
2223945,2,VALIDATED,1789018265736
2223945,3,PROCESSED,1789018265804
2223946,1,INITIATED,1789018265570
2223946,2,VALIDATED,1789018265758
2223946,3,PROCESSED,1789018265804
2223947,1,INITIATED,1789018265732
2223947,2,VALIDATED,1789018265758
2223947,3,PROCESSED,1789018265804
2223948,1,INITIATED,1789018265732
2223948,2,VALIDATED,1789018265758
2223948,3,PROCESSED,1789018265803
2223949,1,INITIATED,1789018265732
2223949,2,VALIDATED,1789018265800
2223949,3,PROCESSED,1789018265829
2223950,1,INITIATED,1789018265732
2223950,2,VALIDATED,1789018265799
2223950,3,PROCESSED,1789018265829
2223951,1,INITIATED,1789018265731
2223951,2,VALIDATED,1789018265758
2223951,3,PROCESSED,1789018265804
2223952,1,INITIATED,1789018265731
2223952,2,VALIDATED,1789018265758
2223952,3,PROCESSED,1789018265804
2223953,1,INITIATED,1789018265731
2223953,2,VALIDATED,1789018265758
2223953,3,PROCESSED,1789018265801
2223954,1,INITIATED,1789018265734
2223954,2,VALIDATED,1789018265799
2223954,3,PROCESSED,1789018265829
2223955,1,INITIATED,1789018265742
2223955,2,VALIDATED,1789018265799
2223955,3,PROCESSED,1789018265829
2223956,1,INITIATED,1789018265760
2223956,2,VALIDATED,1789018265800
2223956,3,PROCESSED,1789018265829
2223957,1,INITIATED,1789018265797
2223957,2,VALIDATED,1789018265804
2223957,3,PROCESSED,1789018265829
2223958,1,INITIATED,1789018265803
2223958,2,VALIDATED,1789018265828
2223958,3,PROCESSED,1789018265847
2223959,1,INITIATED,1789018265821
2223959,2,VALIDATED,1789018265846
2223959,3,PROCESSED,1789018265867
2223960,1,INITIATED,1789018265846
2223960,2,VALIDATED,1789018265865
2223960,3,REJECTED,1789018265868
2223961,1,INITIATED,1789018265860
2223961,2,VALIDATED,1789018265865
2223961,3,REJECTED,1789018265869
2223962,1,INITIATED,1789018265881
2223962,2,VALIDATED,1789018265892
2223962,3,REJECTED,1789018265895
2223963,1,INITIATED,1789018266177
2223963,2,VALIDATED,1789018266358
2223963,3,REJECTED,1789018266365
2223964,1,INITIATED,1789018266175
2223964,2,VALIDATED,1789018266361
2223964,3,PROCESSED,1789018266805
2223965,1,INITIATED,1789018266175
2223965,2,VALIDATED,1789018266363
2223965,3,PROCESSED,1789018266800
2223966,1,INITIATED,1789018266176
2223966,2,VALIDATED,1789018266362
2223966,3,PROCESSED,1789018266805
2223967,1,INITIATED,1789018266174
2223967,2,VALIDATED,1789018266360
2223967,3,PROCESSED,1789018266801
2223968,1,INITIATED,1789018266176
2223968,2,VALIDATED,1789018266362
2223968,3,PROCESSED,1789018266803
2223969,1,INITIATED,1789018266176
2223969,2,VALIDATED,1789018266362
2223969,3,PROCESSED,1789018266805
2223970,1,INITIATED,1789018266176
2223970,2,VALIDATED,1789018266362
2223970,3,PROCESSED,1789018266801
2223971,1,INITIATED,1789018266177
2223971,2,VALIDATED,1789018266360
2223971,3,PROCESSED,1789018266798
2223972,1,INITIATED,1789018266175
2223972,2,VALIDATED,1789018266359
2223972,3,PROCESSED,1789018266802
2223973,1,INITIATED,1789018266174
2223973,2,VALIDATED,1789018266358
2223973,3,PROCESSED,1789018266367
2223974,1,INITIATED,1789018266174
2223974,2,VALIDATED,1789018266363
2223974,3,PROCESSED,1789018266802
2223975,1,INITIATED,1789018266176
2223975,2,VALIDATED,1789018266361
2223975,3,PROCESSED,1789018266805
2223976,1,INITIATED,1789018266177
2223976,2,VALIDATED,1789018266360
2223976,3,PROCESSED,1789018266367
2223977,1,INITIATED,1789018266181
2223977,2,VALIDATED,1789018266361
2223977,3,PROCESSED,1789018266803
2223978,1,INITIATED,1789018266359
2223978,2,VALIDATED,1789018266365
2223978,3,PROCESSED,1789018266804
2223979,1,INITIATED,1789018266356
2223979,2,VALIDATED,1789018266365
2223979,3,PROCESSED,1789018266806
2223980,1,INITIATED,1789018266361
2223980,2,VALIDATED,1789018266426
2223980,3,PROCESSED,1789018267002
2223981,1,INITIATED,1789018266358
2223981,2,VALIDATED,1789018266365
2223981,3,PROCESSED,1789018266804
2223982,1,INITIATED,1789018266360
2223982,2,VALIDATED,1789018266795
2223982,3,PROCESSED,1789018267003
2223983,1,INITIATED,1789018266355
2223983,2,VALIDATED,1789018266364
2223983,3,PROCESSED,1789018266805
2223984,1,INITIATED,1789018266359
2223984,2,VALIDATED,1789018266795
2223984,3,PROCESSED,1789018267491
2223985,1,INITIATED,1789018266355
2223985,2,VALIDATED,1789018266365
2223985,3,PROCESSED,1789018266803
2223986,1,INITIATED,1789018266364
2223986,2,VALIDATED,1789018266794
2223986,3,PROCESSED,1789018267020
2223987,1,INITIATED,1789018266382
2223987,2,VALIDATED,1789018266799
2223987,3,PROCESSED,1789018267003
2223988,1,INITIATED,1789018266426
2223988,2,VALIDATED,1789018267004
2223988,3,PROCESSED,1789018267656
2223989,1,INITIATED,1789018266425
2223989,2,VALIDATED,1789018266799
2223989,3,PROCESSED,1789018267004
2223990,1,INITIATED,1789018266795
2223990,2,VALIDATED,1789018267004
2223990,3,PROCESSED,1789018267654
2223991,1,INITIATED,1789018266801
2223991,2,VALIDATED,1789018267004
2223991,3,PROCESSED,1789018267511
2223992,1,INITIATED,1789018266793
2223992,2,VALIDATED,1789018266999
2223992,3,PROCESSED,1789018267657
2223993,1,INITIATED,1789018266795
2223993,2,VALIDATED,1789018267019
2223993,3,PROCESSED,1789018267497
2223994,1,INITIATED,1789018266799
2223994,2,VALIDATED,1789018267001
2223994,3,PROCESSED,1789018267496
2223995,1,INITIATED,1789018266793
2223995,2,VALIDATED,1789018267003
2223995,3,PROCESSED,1789018267511
2223996,1,INITIATED,1789018266801
2223996,2,VALIDATED,1789018267000
2223996,3,PROCESSED,1789018267511
2223997,1,INITIATED,1789018266803
2223997,2,VALIDATED,1789018267002
2223997,3,PROCESSED,1789018267512
2223998,1,INITIATED,1789018266804
2223998,2,VALIDATED,1789018267005
2223998,3,PROCESSED,1789018267657
2223999,1,INITIATED,1789018266802
2223999,2,VALIDATED,1789018267002
2223999,3,PROCESSED,1789018267512
2224000,1,INITIATED,1789018266804
2224000,2,VALIDATED,1789018267005
2224000,3,PROCESSED,1789018267511
2224001,1,INITIATED,1789018266817
2224001,2,VALIDATED,1789018267497
2224001,3,PROCESSED,1789018268024
2224002,1,INITIATED,1789018266817
2224002,2,VALIDATED,1789018267498
2224002,3,PROCESSED,1789018268023
2224003,1,INITIATED,1789018266817
2224003,2,VALIDATED,1789018267499
2224003,3,PROCESSED,1789018268023
2224004,1,INITIATED,1789018266996
2224004,2,VALIDATED,1789018267498
2224004,3,PROCESSED,1789018268021
2224005,1,INITIATED,1789018266996
2224005,2,VALIDATED,1789018267498
2224005,3,PROCESSED,1789018268024
2224006,1,INITIATED,1789018267021
2224006,2,VALIDATED,1789018267660
2224006,3,PROCESSED,1789018268182
2224007,1,INITIATED,1789018266996
2224007,2,VALIDATED,1789018267499
2224007,3,PROCESSED,1789018268024
2224008,1,INITIATED,1789018267021
2224008,2,VALIDATED,1789018267658
2224008,3,PROCESSED,1789018268023
2224009,1,INITIATED,1789018267021
2224009,2,VALIDATED,1789018268019
2224009,3,PROCESSED,1789018268722
2224010,1,INITIATED,1789018267020
2224010,2,VALIDATED,1789018267650
2224010,3,PROCESSED,1789018268023
2224011,1,INITIATED,1789018267005
2224011,2,VALIDATED,1789018267497
2224011,3,PROCESSED,1789018268024
2224012,1,INITIATED,1789018267021
2224012,2,VALIDATED,1789018268016
2224012,3,PROCESSED,1789018268723
2224013,1,INITIATED,1789018267019
2224013,2,VALIDATED,1789018267492
2224013,3,PROCESSED,1789018267659
2224014,1,INITIATED,1789018267005
2224014,2,VALIDATED,1789018267499
2224014,3,PROCESSED,1789018268024
2224015,1,INITIATED,1789018267005
2224015,2,VALIDATED,1789018267497
2224015,3,PROCESSED,1789018267659
2224016,1,INITIATED,1789018267005
2224016,2,VALIDATED,1789018267658
2224016,3,PROCESSED,1789018268176
2224017,1,INITIATED,1789018267021
2224017,2,VALIDATED,1789018267650
2224017,3,PROCESSED,1789018268024
2224018,1,INITIATED,1789018267021
2224018,2,VALIDATED,1789018267660
2224018,3,PROCESSED,1789018268176
2224019,1,INITIATED,1789018267493
2224019,2,VALIDATED,1789018268018
2224019,3,PROCESSED,1789018268723
2224020,1,INITIATED,1789018267492
2224020,2,VALIDATED,1789018267659
2224020,3,PROCESSED,1789018268025
2224021,1,INITIATED,1789018267495
2224021,2,VALIDATED,1789018268015
2224021,3,PROCESSED,1789018268581
2224022,1,INITIATED,1789018267493
2224022,2,VALIDATED,1789018267659
2224022,3,PROCESSED,1789018268177
2224023,1,INITIATED,1789018267653
2224023,2,VALIDATED,1789018268174
2224023,3,PROCESSED,1789018268579
2224024,1,INITIATED,1789018267655
2224024,2,VALIDATED,1789018268020
2224024,3,PROCESSED,1789018268581
2224025,1,INITIATED,1789018267655
2224025,2,VALIDATED,1789018268175
2224025,3,PROCESSED,1789018268723
2224026,1,INITIATED,1789018267656
2224026,2,VALIDATED,1789018268022
2224026,3,PROCESSED,1789018268581
2224027,1,INITIATED,1789018267657
2224027,2,VALIDATED,1789018268172
2224027,3,PROCESSED,1789018268724
2224028,1,INITIATED,1789018267658
2224028,2,VALIDATED,1789018268016
2224028,3,PROCESSED,1789018268182
2224029,1,INITIATED,1789018267656
2224029,2,VALIDATED,1789018268020
2224029,3,PROCESSED,1789018268581
2224030,1,INITIATED,1789018267657
2224030,2,VALIDATED,1789018268176
2224030,3,PROCESSED,1789018268581
2224031,1,INITIATED,1789018267658
2224031,2,VALIDATED,1789018268176
2224031,3,PROCESSED,1789018268723
2224032,1,INITIATED,1789018267657
2224032,2,VALIDATED,1789018268170
2224032,3,PROCESSED,1789018268723
2224033,1,INITIATED,1789018267658
2224033,2,VALIDATED,1789018268175
2224033,3,PROCESSED,1789018268581
2224034,1,INITIATED,1789018267659
2224034,2,VALIDATED,1789018268166
2224034,3,PROCESSED,1789018268723
2224035,1,INITIATED,1789018267656
2224035,2,VALIDATED,1789018268019
2224035,3,PROCESSED,1789018268723
2224036,1,INITIATED,1789018267659
2224036,2,VALIDATED,1789018268021
2224036,3,PROCESSED,1789018268581
2224037,1,INITIATED,1789018267659
2224037,2,VALIDATED,1789018268169
2224037,3,PROCESSED,1789018268724
2224038,1,INITIATED,1789018267660
2224038,2,VALIDATED,1789018268173
2224038,3,PROCESSED,1789018268724
2224039,1,INITIATED,1789018267660
2224039,2,VALIDATED,1789018268174
2224039,3,PROCESSED,1789018268581
2224040,1,INITIATED,1789018267660
2224040,2,VALIDATED,1789018268016
2224040,3,PROCESSED,1789018268721
2224041,1,INITIATED,1789018267658
2224041,2,VALIDATED,1789018268174
2224041,3,PROCESSED,1789018268580
2224042,1,INITIATED,1789018267707
2224042,2,VALIDATED,1789018268171
2224042,3,PROCESSED,1789018268722
2224043,1,INITIATED,1789018268013
2224043,2,VALIDATED,1789018268571
2224043,3,PROCESSED,1789018268753
2224044,1,INITIATED,1789018268017
2224044,2,VALIDATED,1789018268581
2224044,3,PROCESSED,1789018268777
2224045,1,INITIATED,1789018268016
2224045,2,VALIDATED,1789018268575
2224045,3,PROCESSED,1789018268775
2224046,1,INITIATED,1789018268021
2224046,2,VALIDATED,1789018268571
2224046,3,PROCESSED,1789018268752
2224047,1,INITIATED,1789018268018
2224047,2,VALIDATED,1789018268721
2224047,3,PROCESSED,1789018268777
2224048,1,INITIATED,1789018268016
2224048,2,VALIDATED,1789018268580
2224048,3,PROCESSED,1789018268753
2224049,1,INITIATED,1789018268014
2224049,2,VALIDATED,1789018268579
2224049,3,PROCESSED,1789018268776
2224050,1,INITIATED,1789018268015
2224050,2,VALIDATED,1789018268576
2224050,3,PROCESSED,1789018268777
2224051,1,INITIATED,1789018268014
2224051,2,VALIDATED,1789018268577
2224051,3,PROCESSED,1789018268777
2224052,1,INITIATED,1789018268013
2224052,2,VALIDATED,1789018268571
2224052,3,PROCESSED,1789018268752
2224053,1,INITIATED,1789018268016
2224053,2,VALIDATED,1789018268717
2224053,3,PROCESSED,1789018268777
2224054,1,INITIATED,1789018268175
2224054,2,VALIDATED,1789018268721
2224054,3,PROCESSED,1789018268753
2224055,1,INITIATED,1789018268172
2224055,2,VALIDATED,1789018268722
2224055,3,PROCESSED,1789018268753
2224056,1,INITIATED,1789018268170
2224056,2,VALIDATED,1789018268720
2224056,3,PROCESSED,1789018268752
2224057,1,INITIATED,1789018268170
2224057,2,VALIDATED,1789018268712
2224057,3,REJECTED,1789018268752
2224058,1,INITIATED,1789018268175
2224058,2,VALIDATED,1789018268713
2224058,3,PROCESSED,1789018268795
2224059,1,INITIATED,1789018268173
2224059,2,VALIDATED,1789018268718
2224059,3,PROCESSED,1789018268777
2224060,1,INITIATED,1789018268172
2224060,2,VALIDATED,1789018268721
2224060,3,PROCESSED,1789018268753
2224061,1,INITIATED,1789018268175
2224061,2,VALIDATED,1789018268580
2224061,3,PROCESSED,1789018268798
2224062,1,INITIATED,1789018268175
2224062,2,VALIDATED,1789018268721
2224062,3,REJECTED,1789018268794
2224063,1,INITIATED,1789018268173
2224063,2,VALIDATED,1789018268717
2224063,3,REJECTED,1789018268751
2224064,1,INITIATED,1789018268173
2224064,2,VALIDATED,1789018268718
2224064,3,PROCESSED,1789018268754
2224065,1,INITIATED,1789018268173
2224065,2,VALIDATED,1789018268581
2224065,3,PROCESSED,1789018268754
2224066,1,INITIATED,1789018268175
2224066,2,VALIDATED,1789018268719
2224066,3,REJECTED,1789018268751
2224067,1,INITIATED,1789018268174
2224067,2,VALIDATED,1789018268719
2224067,3,PROCESSED,1789018268777
2224068,1,INITIATED,1789018268580
2224068,2,VALIDATED,1789018268773
2224068,3,PROCESSED,1789018268799
2224069,1,INITIATED,1789018268579
2224069,2,VALIDATED,1789018268768
2224069,3,PROCESSED,1789018268778
2224070,1,INITIATED,1789018268579
2224070,2,VALIDATED,1789018268774
2224070,3,PROCESSED,1789018268819
2224071,1,INITIATED,1789018268576
2224071,2,VALIDATED,1789018268770
2224071,3,PROCESSED,1789018268799
2224072,1,INITIATED,1789018268573
2224072,2,VALIDATED,1789018268770
2224072,3,PROCESSED,1789018268799
2224073,1,INITIATED,1789018268571
2224073,2,VALIDATED,1789018268796
2224073,3,PROCESSED,1789018268820
2224074,1,INITIATED,1789018268574
2224074,2,VALIDATED,1789018268771
2224074,3,PROCESSED,1789018268799
2224075,1,INITIATED,1789018268576
2224075,2,VALIDATED,1789018268772
2224075,3,PROCESSED,1789018268799
2224076,1,INITIATED,1789018268572
2224076,2,VALIDATED,1789018268771
2224076,3,PROCESSED,1789018268798
2224077,1,INITIATED,1789018268571
2224077,2,VALIDATED,1789018268775
2224077,3,PROCESSED,1789018268819
2224078,1,INITIATED,1789018268578
2224078,2,VALIDATED,1789018268753
2224078,3,PROCESSED,1789018268777
2224079,1,INITIATED,1789018268716
2224079,2,VALIDATED,1789018268773
2224079,3,PROCESSED,1789018268799
2224080,1,INITIATED,1789018268721
2224080,2,VALIDATED,1789018268752
2224080,3,PROCESSED,1789018268779
2224081,1,INITIATED,1789018268720
2224081,2,VALIDATED,1789018268751
2224081,3,PROCESSED,1789018268799
2224082,1,INITIATED,1789018268720
2224082,2,VALIDATED,1789018268775
2224082,3,PROCESSED,1789018268818
2224083,1,INITIATED,1789018268721
2224083,2,VALIDATED,1789018268753
2224083,3,PROCESSED,1789018268779
2224084,1,INITIATED,1789018268748
2224084,2,VALIDATED,1789018268793
2224084,3,PROCESSED,1789018268818
2224085,1,INITIATED,1789018268748
2224085,2,VALIDATED,1789018268795
2224085,3,PROCESSED,1789018268820
2224086,1,INITIATED,1789018268748
2224086,2,VALIDATED,1789018268775
2224086,3,PROCESSED,1789018268798
2224087,1,INITIATED,1789018268749
2224087,2,VALIDATED,1789018268795
2224087,3,PROCESSED,1789018268821
2224088,1,INITIATED,1789018268749
2224088,2,VALIDATED,1789018268795
2224088,3,PROCESSED,1789018268818
2224089,1,INITIATED,1789018268749
2224089,2,VALIDATED,1789018268774
2224089,3,PROCESSED,1789018268819
2224090,1,INITIATED,1789018268749
2224090,2,VALIDATED,1789018268797
2224090,3,PROCESSED,1789018268819
2224091,1,INITIATED,1789018268751
2224091,2,VALIDATED,1789018268796
2224091,3,PROCESSED,1789018268819
2224092,1,INITIATED,1789018268751
2224092,2,VALIDATED,1789018268794
2224092,3,PROCESSED,1789018268820
2224093,1,INITIATED,1789018268752
2224093,2,VALIDATED,1789018268772
2224093,3,PROCESSED,1789018268799
2224094,1,INITIATED,1789018268752
2224094,2,VALIDATED,1789018268776
2224094,3,PROCESSED,1789018268818
2224095,1,INITIATED,1789018268752
2224095,2,VALIDATED,1789018268773
2224095,3,PROCESSED,1789018268799
2224096,1,INITIATED,1789018268750
2224096,2,VALIDATED,1789018268797
2224096,3,PROCESSED,1789018268821
2224097,1,INITIATED,1789018268751
2224097,2,VALIDATED,1789018268796
2224097,3,PROCESSED,1789018268820
2224098,1,INITIATED,1789018268750
2224098,2,VALIDATED,1789018268798
2224098,3,PROCESSED,1789018268820
2224099,1,INITIATED,1789018268770
2224099,2,VALIDATED,1789018268798
2224099,3,PROCESSED,1789018268821
2224100,1,INITIATED,1789018268774
2224100,2,VALIDATED,1789018268798
2224100,3,PROCESSED,1789018268820
2224101,1,INITIATED,1789018268772
2224101,2,VALIDATED,1789018268794
2224101,3,PROCESSED,1789018268819
2224102,1,INITIATED,1789018268771
2224102,2,VALIDATED,1789018268796
2224102,3,PROCESSED,1789018268819
2224103,1,INITIATED,1789018268771
2224103,2,VALIDATED,1789018268794
2224103,3,PROCESSED,1789018268821
2224104,1,INITIATED,1789018268774
2224104,2,VALIDATED,1789018268797
2224104,3,PROCESSED,1789018268820
2224105,1,INITIATED,1789018268773
2224105,2,VALIDATED,1789018268798
2224105,3,PROCESSED,1789018268821
2224106,1,INITIATED,1789018268773
2224106,2,VALIDATED,1789018268815
2224106,3,PROCESSED,1789018268821
2224107,1,INITIATED,1789018268795
2224107,2,VALIDATED,1789018268817
2224107,3,PROCESSED,1789018268838
2224108,1,INITIATED,1789018268815
2224108,2,VALIDATED,1789018268836
2224108,3,PROCESSED,1789018268840
2224109,1,INITIATED,1789018268821
2224109,2,VALIDATED,1789018268836
2224109,3,PROCESSED,1789018268841
2224110,1,INITIATED,1789018268841
2224110,2,VALIDATED,1789018268843
2224110,3,PROCESSED,1789018268846
2224111,1,INITIATED,1789018268860
2224111,2,VALIDATED,1789018268864
2224111,3,PROCESSED,1789018269051
2224112,1,INITIATED,1789018269048
2224112,2,VALIDATED,1789018269054
2224112,3,PROCESSED,1789018269212
2224113,1,INITIATED,1789018269048
2224113,2,VALIDATED,1789018269053
2224113,3,PROCESSED,1789018269212
2224114,1,INITIATED,1789018269048
2224114,2,VALIDATED,1789018269053
2224114,3,PROCESSED,1789018269211
2224115,1,INITIATED,1789018269048
2224115,2,VALIDATED,1789018269053
2224115,3,PROCESSED,1789018269212
2224116,1,INITIATED,1789018269049
2224116,2,VALIDATED,1789018269054
2224116,3,PROCESSED,1789018269212
2224117,1,INITIATED,1789018269049
2224117,2,VALIDATED,1789018269054
2224117,3,PROCESSED,1789018269212
2224118,1,INITIATED,1789018269048
2224118,2,VALIDATED,1789018269054
2224118,3,PROCESSED,1789018269212
2224119,1,INITIATED,1789018269048
2224119,2,VALIDATED,1789018269053
2224119,3,PROCESSED,1789018269212
2224120,1,INITIATED,1789018269048
2224120,2,VALIDATED,1789018269054
2224120,3,PROCESSED,1789018269212
2224121,1,INITIATED,1789018269151
2224121,2,VALIDATED,1789018269209
2224121,3,PROCESSED,1789018269519
2224122,1,INITIATED,1789018269151
2224122,2,VALIDATED,1789018269210
2224122,3,PROCESSED,1789018269518
2224123,1,INITIATED,1789018269151
2224123,2,VALIDATED,1789018269210
2224123,3,PROCESSED,1789018269518
2224124,1,INITIATED,1789018269151
2224124,2,VALIDATED,1789018269209
2224124,3,PROCESSED,1789018269519
2224125,1,INITIATED,1789018269151
2224125,2,VALIDATED,1789018269210
2224125,3,PROCESSED,1789018269518
2224126,1,INITIATED,1789018269204
2224126,2,VALIDATED,1789018269513
2224126,3,PROCESSED,1789018269675
2224127,1,INITIATED,1789018269204
2224127,2,VALIDATED,1789018269513
2224127,3,PROCESSED,1789018269675
2224128,1,INITIATED,1789018269204
2224128,2,VALIDATED,1789018269515
2224128,3,PROCESSED,1789018269675
2224129,1,INITIATED,1789018269513
2224129,2,VALIDATED,1789018269670
2224129,3,PROCESSED,1789018269750
2224130,1,INITIATED,1789018269515
2224130,2,VALIDATED,1789018269674
2224130,3,PROCESSED,1789018269750
2224131,1,INITIATED,1789018269516
2224131,2,VALIDATED,1789018269673
2224131,3,PROCESSED,1789018269749
2224132,1,INITIATED,1789018269513
2224132,2,VALIDATED,1789018269520
2224132,3,PROCESSED,1789018269675
2224133,1,INITIATED,1789018269514
2224133,2,VALIDATED,1789018269674
2224133,3,PROCESSED,1789018269748
2224134,1,INITIATED,1789018269515
2224134,2,VALIDATED,1789018269672
2224134,3,PROCESSED,1789018269749
2224135,1,INITIATED,1789018269514
2224135,2,VALIDATED,1789018269672
2224135,3,PROCESSED,1789018269749
2224136,1,INITIATED,1789018269512
2224136,2,VALIDATED,1789018269520
2224136,3,PROCESSED,1789018269676
2224137,1,INITIATED,1789018269513
2224137,2,VALIDATED,1789018269672
2224137,3,PROCESSED,1789018269750
2224138,1,INITIATED,1789018269513
2224138,2,VALIDATED,1789018269671
2224138,3,PROCESSED,1789018269750
2224139,1,INITIATED,1789018269512
2224139,2,VALIDATED,1789018269520
2224139,3,PROCESSED,1789018269675
2224140,1,INITIATED,1789018269512
2224140,2,VALIDATED,1789018269520
2224140,3,PROCESSED,1789018269675
2224141,1,INITIATED,1789018269514
2224141,2,VALIDATED,1789018269674
2224141,3,PROCESSED,1789018269749
2224142,1,INITIATED,1789018269516
2224142,2,VALIDATED,1789018269673
2224142,3,PROCESSED,1789018269750
2224143,1,INITIATED,1789018269515
2224143,2,VALIDATED,1789018269673
2224143,3,PROCESSED,1789018269750
2224144,1,INITIATED,1789018269521
2224144,2,VALIDATED,1789018269671
2224144,3,PROCESSED,1789018269750
2224145,1,INITIATED,1789018269669
2224145,2,VALIDATED,1789018269691
2224145,3,PROCESSED,1789018269750
2224146,1,INITIATED,1789018269670
2224146,2,VALIDATED,1789018269747
2224146,3,PROCESSED,1789018269763
2224147,1,INITIATED,1789018269670
2224147,2,VALIDATED,1789018269691
2224147,3,PROCESSED,1789018269750
2224148,1,INITIATED,1789018269669
2224148,2,VALIDATED,1789018269691
2224148,3,PROCESSED,1789018269750
2224149,1,INITIATED,1789018269669
2224149,2,VALIDATED,1789018269691
2224149,3,PROCESSED,1789018269750
2224150,1,INITIATED,1789018269668
2224150,2,VALIDATED,1789018269691
2224150,3,PROCESSED,1789018269750
2224151,1,INITIATED,1789018269672
2224151,2,VALIDATED,1789018269744
2224151,3,PROCESSED,1789018269763
2224152,1,INITIATED,1789018269689
2224152,2,VALIDATED,1789018269747
2224152,3,PROCESSED,1789018269763
2224153,1,INITIATED,1789018269701
2224153,2,VALIDATED,1789018269748
2224153,3,PROCESSED,1789018269763
2224154,1,INITIATED,1789018269720
2224154,2,VALIDATED,1789018269746
2224154,3,PROCESSED,1789018269763
2224155,1,INITIATED,1789018269740
2224155,2,VALIDATED,1789018269761
2224155,3,PROCESSED,1789018269781
2224156,1,INITIATED,1789018269761
2224156,2,VALIDATED,1789018269780
2224156,3,PROCESSED,1789018269800
2224157,1,INITIATED,1789018269780
2224157,2,VALIDATED,1789018269799
2224157,3,PROCESSED,1789018269803
2224158,1,INITIATED,1789018269800
2224158,2,VALIDATED,1789018269803
2224158,3,PROCESSED,1789018269807
2224159,1,INITIATED,1789018269820
2224159,2,VALIDATED,1789018269831
2224159,3,PROCESSED,1789018269835
2224160,1,INITIATED,1789018269841
2224160,2,VALIDATED,1789018269853
2224160,3,REJECTED,1789018269855
2224161,1,INITIATED,1789018269860
2224161,2,VALIDATED,1789018269873
2224161,3,REJECTED,1789018269876
2224162,1,INITIATED,1789018270117
2224162,2,VALIDATED,1789018270257
2224162,3,REJECTED,1789018270311
2224163,1,INITIATED,1789018270116
2224163,2,VALIDATED,1789018270257
2224163,3,REJECTED,1789018270311
2224164,1,INITIATED,1789018270117
2224164,2,VALIDATED,1789018270257
2224164,3,PROCESSED,1789018270316
2224165,1,INITIATED,1789018270117
2224165,2,VALIDATED,1789018270257
2224165,3,PROCESSED,1789018270315
2224166,1,INITIATED,1789018270117
2224166,2,VALIDATED,1789018270258
2224166,3,PROCESSED,1789018270316
2224167,1,INITIATED,1789018270116
2224167,2,VALIDATED,1789018270257
2224167,3,PROCESSED,1789018270314
2224168,1,INITIATED,1789018270116
2224168,2,VALIDATED,1789018270256
2224168,3,PROCESSED,1789018270315
2224169,1,INITIATED,1789018270117
2224169,2,VALIDATED,1789018270258
2224169,3,PROCESSED,1789018270314
2224170,1,INITIATED,1789018270116
2224170,2,VALIDATED,1789018270258
2224170,3,PROCESSED,1789018270316
2224171,1,INITIATED,1789018270117
2224171,2,VALIDATED,1789018270258
2224171,3,PROCESSED,1789018270314
2224172,1,INITIATED,1789018270117
2224172,2,VALIDATED,1789018270256
2224172,3,PROCESSED,1789018270316
2224173,1,INITIATED,1789018270117
2224173,2,VALIDATED,1789018270257
2224173,3,PROCESSED,1789018270314
2224174,1,INITIATED,1789018270121
2224174,2,VALIDATED,1789018270258
2224174,3,PROCESSED,1789018270315
2224175,1,INITIATED,1789018270256
2224175,2,VALIDATED,1789018270313
2224175,3,PROCESSED,1789018270320
2224176,1,INITIATED,1789018270256
2224176,2,VALIDATED,1789018270312
2224176,3,PROCESSED,1789018270320
2224177,1,INITIATED,1789018270256
2224177,2,VALIDATED,1789018270312
2224177,3,PROCESSED,1789018270319
2224178,1,INITIATED,1789018270258
2224178,2,VALIDATED,1789018270312
2224178,3,PROCESSED,1789018270320
2224179,1,INITIATED,1789018270256
2224179,2,VALIDATED,1789018270312
2224179,3,PROCESSED,1789018270320
2224180,1,INITIATED,1789018270256
2224180,2,VALIDATED,1789018270312
2224180,3,PROCESSED,1789018270319
2224181,1,INITIATED,1789018270261
2224181,2,VALIDATED,1789018270312
2224181,3,PROCESSED,1789018270319
2224182,1,INITIATED,1789018270280
2224182,2,VALIDATED,1789018270313
2224182,3,PROCESSED,1789018270319
2224183,1,INITIATED,1789018270300
2224183,2,VALIDATED,1789018270313
2224183,3,PROCESSED,1789018270320
2224184,1,INITIATED,1789018270321
2224184,2,VALIDATED,1789018270337
2224184,3,PROCESSED,1789018270341
2224185,1,INITIATED,1789018270340
2224185,2,VALIDATED,1789018270357
2224185,3,PROCESSED,1789018270361
2224186,1,INITIATED,1789018270360
2224186,2,VALIDATED,1789018270378
2224186,3,PROCESSED,1789018270397
2224187,1,INITIATED,1789018270380
2224187,2,VALIDATED,1789018270396
2224187,3,PROCESSED,1789018270400
2224188,1,INITIATED,1789018270400
2224188,2,VALIDATED,1789018270403
2224188,3,PROCESSED,1789018270610
2224189,1,INITIATED,1789018270607
2224189,2,VALIDATED,1789018270612
2224189,3,PROCESSED,1789018270813
2224190,1,INITIATED,1789018270607
2224190,2,VALIDATED,1789018270613
2224190,3,PROCESSED,1789018270813
2224191,1,INITIATED,1789018270607
2224191,2,VALIDATED,1789018270612
2224191,3,PROCESSED,1789018270814
2224192,1,INITIATED,1789018270607
2224192,2,VALIDATED,1789018270611
2224192,3,PROCESSED,1789018270813
2224193,1,INITIATED,1789018270608
2224193,2,VALIDATED,1789018270613
2224193,3,PROCESSED,1789018270813
2224194,1,INITIATED,1789018270607
2224194,2,VALIDATED,1789018270613
2224194,3,PROCESSED,1789018270813
2224195,1,INITIATED,1789018270607
2224195,2,VALIDATED,1789018270613
2224195,3,PROCESSED,1789018270814
2224196,1,INITIATED,1789018270607
2224196,2,VALIDATED,1789018270613
2224196,3,PROCESSED,1789018270813
2224197,1,INITIATED,1789018270608
2224197,2,VALIDATED,1789018270613
2224197,3,PROCESSED,1789018270814
2224198,1,INITIATED,1789018270608
2224198,2,VALIDATED,1789018270613
2224198,3,PROCESSED,1789018270814
2224199,1,INITIATED,1789018270683
2224199,2,VALIDATED,1789018270831
2224199,3,PROCESSED,1789018270856
2224200,1,INITIATED,1789018270684
2224200,2,VALIDATED,1789018270831
2224200,3,PROCESSED,1789018270856
2224201,1,INITIATED,1789018270683
2224201,2,VALIDATED,1789018270830
2224201,3,PROCESSED,1789018270855
2224202,1,INITIATED,1789018270683
2224202,2,VALIDATED,1789018270831
2224202,3,PROCESSED,1789018270856
2224203,1,INITIATED,1789018270701
2224203,2,VALIDATED,1789018270831
2224203,3,PROCESSED,1789018270856
2224204,1,INITIATED,1789018270721
2224204,2,VALIDATED,1789018270831
2224204,3,PROCESSED,1789018270856
2224205,1,INITIATED,1789018270740
2224205,2,VALIDATED,1789018270832
2224205,3,PROCESSED,1789018270856
2224206,1,INITIATED,1789018270760
2224206,2,VALIDATED,1789018270830
2224206,3,PROCESSED,1789018270855
2224207,1,INITIATED,1789018270781
2224207,2,VALIDATED,1789018270830
2224207,3,PROCESSED,1789018270855
2224208,1,INITIATED,1789018270801
2224208,2,VALIDATED,1789018270831
2224208,3,PROCESSED,1789018270856
2224209,1,INITIATED,1789018270820
2224209,2,VALIDATED,1789018270831
2224209,3,PROCESSED,1789018270856
2224210,1,INITIATED,1789018270840
2224210,2,VALIDATED,1789018270854
2224210,3,PROCESSED,1789018270877
2224211,1,INITIATED,1789018270860
2224211,2,VALIDATED,1789018270876
2224211,3,PROCESSED,1789018270900
2224212,1,INITIATED,1789018270880
2224212,2,VALIDATED,1789018270899
2224212,3,PROCESSED,1789018270903
2224213,1,INITIATED,1789018270901
2224213,2,VALIDATED,1789018270903
2224213,3,PROCESSED,1789018270907
2224214,1,INITIATED,1789018270921
2224214,2,VALIDATED,1789018270927
2224214,3,PROCESSED,1789018270931
2224215,1,INITIATED,1789018270941
2224215,2,VALIDATED,1789018270953
2224215,3,PROCESSED,1789018270956
2224216,1,INITIATED,1789018270960
2224216,2,VALIDATED,1789018270963
2224216,3,PROCESSED,1789018270967
2224217,1,INITIATED,1789018270981
2224217,2,VALIDATED,1789018270984
2224217,3,PROCESSED,1789018270988
2224218,1,INITIATED,1789018271000
2224218,2,VALIDATED,1789018271354
2224218,3,PROCESSED,1789018271465
2224219,1,INITIATED,1789018271356
2224219,2,VALIDATED,1789018271465
2224219,3,PROCESSED,1789018271482
2224220,1,INITIATED,1789018271354
2224220,2,VALIDATED,1789018271463
2224220,3,PROCESSED,1789018271482
2224221,1,INITIATED,1789018271357
2224221,2,VALIDATED,1789018271466
2224221,3,PROCESSED,1789018271478
2224222,1,INITIATED,1789018271356
2224222,2,VALIDATED,1789018271466
2224222,3,PROCESSED,1789018271479
2224223,1,INITIATED,1789018271357
2224223,2,VALIDATED,1789018271467
2224223,3,PROCESSED,1789018271481
2224224,1,INITIATED,1789018271355
2224224,2,VALIDATED,1789018271466
2224224,3,PROCESSED,1789018271478
2224225,1,INITIATED,1789018271355
2224225,2,VALIDATED,1789018271467
2224225,3,PROCESSED,1789018271478
2224226,1,INITIATED,1789018271357
2224226,2,VALIDATED,1789018271467
2224226,3,PROCESSED,1789018271481
2224227,1,INITIATED,1789018271355
2224227,2,VALIDATED,1789018271467
2224227,3,PROCESSED,1789018271480
2224228,1,INITIATED,1789018271356
2224228,2,VALIDATED,1789018271466
2224228,3,PROCESSED,1789018271481
2224229,1,INITIATED,1789018271355
2224229,2,VALIDATED,1789018271467
2224229,3,PROCESSED,1789018271480
2224230,1,INITIATED,1789018271357
2224230,2,VALIDATED,1789018271466
2224230,3,PROCESSED,1789018271478
2224231,1,INITIATED,1789018271357
2224231,2,VALIDATED,1789018271467
2224231,3,PROCESSED,1789018271481
2224232,1,INITIATED,1789018271357
2224232,2,VALIDATED,1789018271466
2224232,3,PROCESSED,1789018271480
2224233,1,INITIATED,1789018271355
2224233,2,VALIDATED,1789018271466
2224233,3,PROCESSED,1789018271478
2224234,1,INITIATED,1789018271357
2224234,2,VALIDATED,1789018271465
2224234,3,PROCESSED,1789018271480
2224235,1,INITIATED,1789018271355
2224235,2,VALIDATED,1789018271467
2224235,3,PROCESSED,1789018271478
2224236,1,INITIATED,1789018271361
2224236,2,VALIDATED,1789018271466
2224236,3,PROCESSED,1789018271480
2224237,1,INITIATED,1789018271449
2224237,2,VALIDATED,1789018271471
2224237,3,PROCESSED,1789018271481
2224238,1,INITIATED,1789018271449
2224238,2,VALIDATED,1789018271471
2224238,3,PROCESSED,1789018271480
2224239,1,INITIATED,1789018271450
2224239,2,VALIDATED,1789018271471
2224239,3,PROCESSED,1789018271482
2224240,1,INITIATED,1789018271450
2224240,2,VALIDATED,1789018271471
2224240,3,PROCESSED,1789018271481
2224241,1,INITIATED,1789018271463
2224241,2,VALIDATED,1789018271476
2224241,3,PROCESSED,1789018271486
2224242,1,INITIATED,1789018271481
2224242,2,VALIDATED,1789018271486
2224242,3,PROCESSED,1789018271492
2224243,1,INITIATED,1789018271501
2224243,2,VALIDATED,1789018271504
2224243,3,PROCESSED,1789018271509
2224244,1,INITIATED,1789018271520
2224244,2,VALIDATED,1789018271523
2224244,3,PROCESSED,1789018271527
2224245,1,INITIATED,1789018271541
2224245,2,VALIDATED,1789018271688
2224245,3,PROCESSED,1789018271751
2224246,1,INITIATED,1789018271688
2224246,2,VALIDATED,1789018271750
2224246,3,PROCESSED,1789018271767
2224247,1,INITIATED,1789018271688
2224247,2,VALIDATED,1789018271749
2224247,3,PROCESSED,1789018271768
2224248,1,INITIATED,1789018271689
2224248,2,VALIDATED,1789018271750
2224248,3,PROCESSED,1789018271767
2224249,1,INITIATED,1789018271688
2224249,2,VALIDATED,1789018271749
2224249,3,PROCESSED,1789018271767
2224250,1,INITIATED,1789018271688
2224250,2,VALIDATED,1789018271750
2224250,3,PROCESSED,1789018271767
2224251,1,INITIATED,1789018271688
2224251,2,VALIDATED,1789018271750
2224251,3,PROCESSED,1789018271767
2224252,1,INITIATED,1789018271688
2224252,2,VALIDATED,1789018271749
2224252,3,PROCESSED,1789018271767
2224253,1,INITIATED,1789018271748
2224253,2,VALIDATED,1789018271766
2224253,3,PROCESSED,1789018271788
2224254,1,INITIATED,1789018271748
2224254,2,VALIDATED,1789018271765
2224254,3,PROCESSED,1789018271789
2224255,1,INITIATED,1789018271747
2224255,2,VALIDATED,1789018271765
2224255,3,PROCESSED,1789018271789
2224256,1,INITIATED,1789018271764
2224256,2,VALIDATED,1789018271787
2224256,3,PROCESSED,1789018271793
2224257,1,INITIATED,1789018271781
2224257,2,VALIDATED,1789018271789
2224257,3,PROCESSED,1789018271795
2224258,1,INITIATED,1789018271801
2224258,2,VALIDATED,1789018271804
2224258,3,PROCESSED,1789018271807
2224259,1,INITIATED,1789018271821
2224259,2,VALIDATED,1789018271825
2224259,3,PROCESSED,1789018271828
2224260,1,INITIATED,1789018271841
2224260,2,VALIDATED,1789018271846
2224260,3,REJECTED,1789018271849
2224261,1,INITIATED,1789018271860
2224261,2,VALIDATED,1789018271863
2224261,3,REJECTED,1789018271866
2224262,1,INITIATED,1789018271880
2224262,2,VALIDATED,1789018271883
2224262,3,REJECTED,1789018271885
2224263,1,INITIATED,1789018271901
2224263,2,VALIDATED,1789018271906
2224263,3,REJECTED,1789018271910
2224264,1,INITIATED,1789018271921
2224264,2,VALIDATED,1789018271924
2224264,3,PROCESSED,1789018271927
2224265,1,INITIATED,1789018271940
2224265,2,VALIDATED,1789018271944
2224265,3,PROCESSED,1789018271947
2224266,1,INITIATED,1789018271960
2224266,2,VALIDATED,1789018271964
2224266,3,PROCESSED,1789018271968
2224267,1,INITIATED,1789018271981
2224267,2,VALIDATED,1789018271984
2224267,3,PROCESSED,1789018271988
2224268,1,INITIATED,1789018272000
2224268,2,VALIDATED,1789018272003
2224268,3,PROCESSED,1789018272007
2224269,1,INITIATED,1789018272162
2224269,2,VALIDATED,1789018272177
2224269,3,PROCESSED,1789018272231
2224270,1,INITIATED,1789018272162
2224270,2,VALIDATED,1789018272178
2224270,3,PROCESSED,1789018272231
2224271,1,INITIATED,1789018272162
2224271,2,VALIDATED,1789018272177
2224271,3,PROCESSED,1789018272230
2224272,1,INITIATED,1789018272161
2224272,2,VALIDATED,1789018272177
2224272,3,PROCESSED,1789018272231
2224273,1,INITIATED,1789018272162
2224273,2,VALIDATED,1789018272177
2224273,3,PROCESSED,1789018272230
2224274,1,INITIATED,1789018272162
2224274,2,VALIDATED,1789018272177
2224274,3,PROCESSED,1789018272231
2224275,1,INITIATED,1789018272161
2224275,2,VALIDATED,1789018272177
2224275,3,PROCESSED,1789018272231
2224276,1,INITIATED,1789018272161
2224276,2,VALIDATED,1789018272177
2224276,3,PROCESSED,1789018272231
2224277,1,INITIATED,1789018272181
2224277,2,VALIDATED,1789018272229
2224277,3,PROCESSED,1789018272365
2224278,1,INITIATED,1789018272225
2224278,2,VALIDATED,1789018272233
2224278,3,PROCESSED,1789018272365
2224279,1,INITIATED,1789018272225
2224279,2,VALIDATED,1789018272233
2224279,3,PROCESSED,1789018272365
2224280,1,INITIATED,1789018272362
2224280,2,VALIDATED,1789018272369
2224280,3,PROCESSED,1789018272421
2224281,1,INITIATED,1789018272362
2224281,2,VALIDATED,1789018272368
2224281,3,PROCESSED,1789018272421
2224282,1,INITIATED,1789018272362
2224282,2,VALIDATED,1789018272369
2224282,3,PROCESSED,1789018272421
2224283,1,INITIATED,1789018272362
2224283,2,VALIDATED,1789018272369
2224283,3,PROCESSED,1789018272420
2224284,1,INITIATED,1789018272362
2224284,2,VALIDATED,1789018272369
2224284,3,PROCESSED,1789018272421
2224285,1,INITIATED,1789018272362
2224285,2,VALIDATED,1789018272369
2224285,3,PROCESSED,1789018272421
2224286,1,INITIATED,1789018272362
2224286,2,VALIDATED,1789018272369
2224286,3,PROCESSED,1789018272421
2224287,1,INITIATED,1789018272417
2224287,2,VALIDATED,1789018272434
2224287,3,PROCESSED,1789018272440
2224288,1,INITIATED,1789018272417
2224288,2,VALIDATED,1789018272434
2224288,3,PROCESSED,1789018272440
2224289,1,INITIATED,1789018272421
2224289,2,VALIDATED,1789018272435
2224289,3,PROCESSED,1789018272442
2224290,1,INITIATED,1789018272440
2224290,2,VALIDATED,1789018272443
2224290,3,PROCESSED,1789018272447
2224291,1,INITIATED,1789018272460
2224291,2,VALIDATED,1789018272465
2224291,3,PROCESSED,1789018272478
2224292,1,INITIATED,1789018272481
2224292,2,VALIDATED,1789018272486
2224292,3,PROCESSED,1789018272490
2224293,1,INITIATED,1789018272500
2224293,2,VALIDATED,1789018272504
2224293,3,PROCESSED,1789018272511
2224294,1,INITIATED,1789018272521
2224294,2,VALIDATED,1789018272523
2224294,3,PROCESSED,1789018272526
2224295,1,INITIATED,1789018272540
2224295,2,VALIDATED,1789018272543
2224295,3,PROCESSED,1789018272546
2224296,1,INITIATED,1789018272560
2224296,2,VALIDATED,1789018272563
2224296,3,PROCESSED,1789018272567
2224297,1,INITIATED,1789018272581
2224297,2,VALIDATED,1789018272584
2224297,3,PROCESSED,1789018272589
2224298,1,INITIATED,1789018272600
2224298,2,VALIDATED,1789018272603
2224298,3,PROCESSED,1789018272606
2224299,1,INITIATED,1789018272620
2224299,2,VALIDATED,1789018272623
2224299,3,PROCESSED,1789018272626
2224300,1,INITIATED,1789018272640
2224300,2,VALIDATED,1789018272643
2224300,3,PROCESSED,1789018272647
2224301,1,INITIATED,1789018272661
2224301,2,VALIDATED,1789018272663
2224301,3,PROCESSED,1789018272667
2224302,1,INITIATED,1789018272680
2224302,2,VALIDATED,1789018272683
2224302,3,PROCESSED,1789018272687
2224303,1,INITIATED,1789018272700
2224303,2,VALIDATED,1789018272702
2224303,3,PROCESSED,1789018272705
2224304,1,INITIATED,1789018272720
2224304,2,VALIDATED,1789018272724
2224304,3,PROCESSED,1789018272727
2224305,1,INITIATED,1789018272741
2224305,2,VALIDATED,1789018272743
2224305,3,PROCESSED,1789018272746
2224306,1,INITIATED,1789018272761
2224306,2,VALIDATED,1789018272765
2224306,3,PROCESSED,1789018272768
2224307,1,INITIATED,1789018272780
2224307,2,VALIDATED,1789018272783
2224307,3,PROCESSED,1789018272785
2224308,1,INITIATED,1789018272801
2224308,2,VALIDATED,1789018272804
2224308,3,PROCESSED,1789018272808
2224309,1,INITIATED,1789018272820
2224309,2,VALIDATED,1789018272823
2224309,3,PROCESSED,1789018272826
2224310,1,INITIATED,1789018272841
2224310,2,VALIDATED,1789018272844
2224310,3,PROCESSED,1789018272846
2224311,1,INITIATED,1789018272860
2224311,2,VALIDATED,1789018272863
2224311,3,PROCESSED,1789018272867
2224312,1,INITIATED,1789018272880
2224312,2,VALIDATED,1789018272883
2224312,3,PROCESSED,1789018272886
2224313,1,INITIATED,1789018272901
2224313,2,VALIDATED,1789018272904
2224313,3,PROCESSED,1789018272908
2224314,1,INITIATED,1789018272920
2224314,2,VALIDATED,1789018272923
2224314,3,PROCESSED,1789018272926
2224315,1,INITIATED,1789018272941
2224315,2,VALIDATED,1789018272944
2224315,3,PROCESSED,1789018272947
2224316,1,INITIATED,1789018272960
2224316,2,VALIDATED,1789018272963
2224316,3,PROCESSED,1789018272966
2224317,1,INITIATED,1789018272981
2224317,2,VALIDATED,1789018272984
2224317,3,PROCESSED,1789018272988
2224318,1,INITIATED,1789018273000
2224318,2,VALIDATED,1789018273003
2224318,3,PROCESSED,1789018273093
2224319,1,INITIATED,1789018273091
2224319,2,VALIDATED,1789018273104
2224319,3,PROCESSED,1789018273163
2224320,1,INITIATED,1789018273091
2224320,2,VALIDATED,1789018273104
2224320,3,PROCESSED,1789018273163
2224321,1,INITIATED,1789018273091
2224321,2,VALIDATED,1789018273104
2224321,3,PROCESSED,1789018273163
2224322,1,INITIATED,1789018273091
2224322,2,VALIDATED,1789018273104
2224322,3,PROCESSED,1789018273308
2224323,1,INITIATED,1789018273102
2224323,2,VALIDATED,1789018273162
2224323,3,PROCESSED,1789018273311
2224324,1,INITIATED,1789018273150
2224324,2,VALIDATED,1789018273309
2224324,3,PROCESSED,1789018273319
2224325,1,INITIATED,1789018273150
2224325,2,VALIDATED,1789018273309
2224325,3,PROCESSED,1789018273319
2224326,1,INITIATED,1789018273160
2224326,2,VALIDATED,1789018273309
2224326,3,PROCESSED,1789018273319
2224327,1,INITIATED,1789018273309
2224327,2,VALIDATED,1789018273318
2224327,3,PROCESSED,1789018273346
2224328,1,INITIATED,1789018273308
2224328,2,VALIDATED,1789018273314
2224328,3,PROCESSED,1789018273321
2224329,1,INITIATED,1789018273308
2224329,2,VALIDATED,1789018273313
2224329,3,PROCESSED,1789018273321
2224330,1,INITIATED,1789018273309
2224330,2,VALIDATED,1789018273314
2224330,3,PROCESSED,1789018273321
2224331,1,INITIATED,1789018273308
2224331,2,VALIDATED,1789018273314
2224331,3,PROCESSED,1789018273321
2224332,1,INITIATED,1789018273309
2224332,2,VALIDATED,1789018273314
2224332,3,PROCESSED,1789018273321
2224333,1,INITIATED,1789018273308
2224333,2,VALIDATED,1789018273314
2224333,3,PROCESSED,1789018273322
2224334,1,INITIATED,1789018273321
2224334,2,VALIDATED,1789018273347
2224334,3,PROCESSED,1789018273351
2224335,1,INITIATED,1789018273341
2224335,2,VALIDATED,1789018273347
2224335,3,PROCESSED,1789018273351
2224336,1,INITIATED,1789018273360
2224336,2,VALIDATED,1789018273366
2224336,3,PROCESSED,1789018273369
2224337,1,INITIATED,1789018273380
2224337,2,VALIDATED,1789018273383
2224337,3,PROCESSED,1789018273387
2224338,1,INITIATED,1789018273400
2224338,2,VALIDATED,1789018273404
2224338,3,PROCESSED,1789018273450
2224339,1,INITIATED,1789018273421
2224339,2,VALIDATED,1789018273483
2224339,3,PROCESSED,1789018273487
2224340,1,INITIATED,1789018273441
2224340,2,VALIDATED,1789018273483
2224340,3,PROCESSED,1789018273487
2224341,1,INITIATED,1789018273460
2224341,2,VALIDATED,1789018273485
2224341,3,PROCESSED,1789018273489
2224342,1,INITIATED,1789018273481
2224342,2,VALIDATED,1789018273486
2224342,3,PROCESSED,1789018273489
2224343,1,INITIATED,1789018273501
2224343,2,VALIDATED,1789018273504
2224343,3,PROCESSED,1789018273510
2224344,1,INITIATED,1789018273520
2224344,2,VALIDATED,1789018273524
2224344,3,PROCESSED,1789018273526
2224345,1,INITIATED,1789018273540
2224345,2,VALIDATED,1789018273543
2224345,3,PROCESSED,1789018273546
2224346,1,INITIATED,1789018273560
2224346,2,VALIDATED,1789018273563
2224346,3,PROCESSED,1789018273566
2224347,1,INITIATED,1789018273581
2224347,2,VALIDATED,1789018273584
2224347,3,PROCESSED,1789018273588
2224348,1,INITIATED,1789018273600
2224348,2,VALIDATED,1789018273603
2224348,3,PROCESSED,1789018273607
2224349,1,INITIATED,1789018273620
2224349,2,VALIDATED,1789018273624
2224349,3,PROCESSED,1789018273627
2224350,1,INITIATED,1789018273640
2224350,2,VALIDATED,1789018273643
2224350,3,PROCESSED,1789018273646
2224351,1,INITIATED,1789018273660
2224351,2,VALIDATED,1789018273662
2224351,3,PROCESSED,1789018273665
2224352,1,INITIATED,1789018273680
2224352,2,VALIDATED,1789018273682
2224352,3,PROCESSED,1789018273685
2224353,1,INITIATED,1789018273701
2224353,2,VALIDATED,1789018273704
2224353,3,PROCESSED,1789018273707
2224354,1,INITIATED,1789018273721
2224354,2,VALIDATED,1789018273724
2224354,3,PROCESSED,1789018273727
2224355,1,INITIATED,1789018273741
2224355,2,VALIDATED,1789018273743
2224355,3,PROCESSED,1789018273751
2224356,1,INITIATED,1789018273760
2224356,2,VALIDATED,1789018273763
2224356,3,PROCESSED,1789018273766
2224357,1,INITIATED,1789018273781
2224357,2,VALIDATED,1789018273784
2224357,3,PROCESSED,1789018273788
2224358,1,INITIATED,1789018273801
2224358,2,VALIDATED,1789018273807
2224358,3,PROCESSED,1789018273810
2224359,1,INITIATED,1789018273820
2224359,2,VALIDATED,1789018273823
2224359,3,PROCESSED,1789018273826
2224360,1,INITIATED,1789018273841
2224360,2,VALIDATED,1789018273844
2224360,3,REJECTED,1789018273848
2224361,1,INITIATED,1789018273860
2224361,2,VALIDATED,1789018273865
2224361,3,REJECTED,1789018273871
2224362,1,INITIATED,1789018273880
2224362,2,VALIDATED,1789018273889
2224362,3,REJECTED,1789018273891
2224363,1,INITIATED,1789018273900
2224363,2,VALIDATED,1789018273904
2224363,3,REJECTED,1789018273906
2224364,1,INITIATED,1789018273920
2224364,2,VALIDATED,1789018273924
2224364,3,PROCESSED,1789018273926
2224365,1,INITIATED,1789018273940
2224365,2,VALIDATED,1789018273945
2224365,3,PROCESSED,1789018273948
2224366,1,INITIATED,1789018273961
2224366,2,VALIDATED,1789018273964
2224366,3,PROCESSED,1789018273969
2224367,1,INITIATED,1789018273980
2224367,2,VALIDATED,1789018273985
2224367,3,PROCESSED,1789018273988
2224368,1,INITIATED,1789018274000
2224368,2,VALIDATED,1789018274005
2224368,3,PROCESSED,1789018274088
2224369,1,INITIATED,1789018274087
2224369,2,VALIDATED,1789018274095
2224369,3,PROCESSED,1789018274151
2224370,1,INITIATED,1789018274087
2224370,2,VALIDATED,1789018274095
2224370,3,PROCESSED,1789018274151
2224371,1,INITIATED,1789018274087
2224371,2,VALIDATED,1789018274095
2224371,3,PROCESSED,1789018274151
2224372,1,INITIATED,1789018274087
2224372,2,VALIDATED,1789018274095
2224372,3,PROCESSED,1789018274151
2224373,1,INITIATED,1789018274140
2224373,2,VALIDATED,1789018274378
2224373,3,PROCESSED,1789018274388
2224374,1,INITIATED,1789018274140
2224374,2,VALIDATED,1789018274379
2224374,3,PROCESSED,1789018274389
2224375,1,INITIATED,1789018274141
2224375,2,VALIDATED,1789018274379
2224375,3,PROCESSED,1789018274388
2224376,1,INITIATED,1789018274174
2224376,2,VALIDATED,1789018274380
2224376,3,PROCESSED,1789018274396
2224377,1,INITIATED,1789018274379
2224377,2,VALIDATED,1789018274386
2224377,3,PROCESSED,1789018274567
2224378,1,INITIATED,1789018274379
2224378,2,VALIDATED,1789018274386
2224378,3,PROCESSED,1789018274568
2224379,1,INITIATED,1789018274378
2224379,2,VALIDATED,1789018274387
2224379,3,PROCESSED,1789018274568
2224380,1,INITIATED,1789018274379
2224380,2,VALIDATED,1789018274386
2224380,3,PROCESSED,1789018274568
2224381,1,INITIATED,1789018274379
2224381,2,VALIDATED,1789018274386
2224381,3,PROCESSED,1789018274568
2224382,1,INITIATED,1789018274379
2224382,2,VALIDATED,1789018274387
2224382,3,PROCESSED,1789018274568
2224383,1,INITIATED,1789018274379
2224383,2,VALIDATED,1789018274387
2224383,3,PROCESSED,1789018274568
2224384,1,INITIATED,1789018274379
2224384,2,VALIDATED,1789018274386
2224384,3,PROCESSED,1789018274568
2224385,1,INITIATED,1789018274379
2224385,2,VALIDATED,1789018274387
2224385,3,PROCESSED,1789018274567
2224386,1,INITIATED,1789018274379
2224386,2,VALIDATED,1789018274395
2224386,3,PROCESSED,1789018274576
2224387,1,INITIATED,1789018274381
2224387,2,VALIDATED,1789018274395
2224387,3,PROCESSED,1789018274576
2224388,1,INITIATED,1789018274401
2224388,2,VALIDATED,1789018274575
2224388,3,PROCESSED,1789018274593
2224389,1,INITIATED,1789018274421
2224389,2,VALIDATED,1789018274575
2224389,3,PROCESSED,1789018274593
2224390,1,INITIATED,1789018274441
2224390,2,VALIDATED,1789018274575
2224390,3,PROCESSED,1789018274593
2224391,1,INITIATED,1789018274461
2224391,2,VALIDATED,1789018274574
2224391,3,PROCESSED,1789018274593
2224392,1,INITIATED,1789018274481
2224392,2,VALIDATED,1789018274575
2224392,3,PROCESSED,1789018274593
2224393,1,INITIATED,1789018274501
2224393,2,VALIDATED,1789018274575
2224393,3,PROCESSED,1789018274593
2224394,1,INITIATED,1789018274521
2224394,2,VALIDATED,1789018274574
2224394,3,PROCESSED,1789018274593
2224395,1,INITIATED,1789018274541
2224395,2,VALIDATED,1789018274575
2224395,3,PROCESSED,1789018274593
2224396,1,INITIATED,1789018274560
2224396,2,VALIDATED,1789018274575
2224396,3,PROCESSED,1789018274593
2224397,1,INITIATED,1789018274581
2224397,2,VALIDATED,1789018274591
2224397,3,PROCESSED,1789018274604
2224398,1,INITIATED,1789018274601
2224398,2,VALIDATED,1789018274607
2224398,3,PROCESSED,1789018274612
2224399,1,INITIATED,1789018274621
2224399,2,VALIDATED,1789018274623
2224399,3,PROCESSED,1789018274629
2224400,1,INITIATED,1789018274641
2224400,2,VALIDATED,1789018274644
2224400,3,PROCESSED,1789018274647
2224401,1,INITIATED,1789018274661
2224401,2,VALIDATED,1789018274664
2224401,3,PROCESSED,1789018274668
2224402,1,INITIATED,1789018274681
2224402,2,VALIDATED,1789018274685
2224402,3,PROCESSED,1789018274694
2224403,1,INITIATED,1789018274701
2224403,2,VALIDATED,1789018274704
2224403,3,PROCESSED,1789018274708
2224404,1,INITIATED,1789018274720
2224404,2,VALIDATED,1789018274723
2224404,3,PROCESSED,1789018274726
2224405,1,INITIATED,1789018274740
2224405,2,VALIDATED,1789018274742
2224405,3,PROCESSED,1789018274745
2224406,1,INITIATED,1789018274761
2224406,2,VALIDATED,1789018274764
2224406,3,PROCESSED,1789018274767
2224407,1,INITIATED,1789018274781
2224407,2,VALIDATED,1789018274785
2224407,3,PROCESSED,1789018274790
2224408,1,INITIATED,1789018274801
2224408,2,VALIDATED,1789018274805
2224408,3,PROCESSED,1789018274808
2224409,1,INITIATED,1789018274821
2224409,2,VALIDATED,1789018274824
2224409,3,PROCESSED,1789018274828
2224410,1,INITIATED,1789018274840
2224410,2,VALIDATED,1789018274843
2224410,3,PROCESSED,1789018274846
2224411,1,INITIATED,1789018274860
2224411,2,VALIDATED,1789018274863
2224411,3,PROCESSED,1789018274867
2224412,1,INITIATED,1789018274880
2224412,2,VALIDATED,1789018274883
2224412,3,PROCESSED,1789018274886
2224413,1,INITIATED,1789018274900
2224413,2,VALIDATED,1789018274904
2224413,3,PROCESSED,1789018274907
2224414,1,INITIATED,1789018274920
2224414,2,VALIDATED,1789018274923
2224414,3,PROCESSED,1789018274926
2224415,1,INITIATED,1789018274940
2224415,2,VALIDATED,1789018274943
2224415,3,PROCESSED,1789018274946
2224416,1,INITIATED,1789018274960
2224416,2,VALIDATED,1789018274963
2224416,3,PROCESSED,1789018274967
2224417,1,INITIATED,1789018274980
2224417,2,VALIDATED,1789018274984
2224417,3,PROCESSED,1789018274986
2224418,1,INITIATED,1789018275000
2224418,2,VALIDATED,1789018275003
2224418,3,PROCESSED,1789018275006
2224419,1,INITIATED,1789018275114
2224419,2,VALIDATED,1789018275120
2224419,3,PROCESSED,1789018275125
2224420,1,INITIATED,1789018275114
2224420,2,VALIDATED,1789018275121
2224420,3,PROCESSED,1789018275125
2224421,1,INITIATED,1789018275114
2224421,2,VALIDATED,1789018275120
2224421,3,PROCESSED,1789018275125
2224422,1,INITIATED,1789018275114
2224422,2,VALIDATED,1789018275120
2224422,3,PROCESSED,1789018275125
2224423,1,INITIATED,1789018275114
2224423,2,VALIDATED,1789018275120
2224423,3,PROCESSED,1789018275125
2224424,1,INITIATED,1789018275120
2224424,2,VALIDATED,1789018275123
2224424,3,PROCESSED,1789018275154
2224425,1,INITIATED,1789018275141
2224425,2,VALIDATED,1789018275154
2224425,3,PROCESSED,1789018275158
2224426,1,INITIATED,1789018275160
2224426,2,VALIDATED,1789018275165
2224426,3,PROCESSED,1789018275170
2224427,1,INITIATED,1789018275180
2224427,2,VALIDATED,1789018275192
2224427,3,PROCESSED,1789018275202
2224428,1,INITIATED,1789018275201
2224428,2,VALIDATED,1789018275216
2224428,3,PROCESSED,1789018275236
2224429,1,INITIATED,1789018275221
2224429,2,VALIDATED,1789018275234
2224429,3,PROCESSED,1789018275256
2224430,1,INITIATED,1789018275241
2224430,2,VALIDATED,1789018275255
2224430,3,PROCESSED,1789018275258
2224431,1,INITIATED,1789018275261
2224431,2,VALIDATED,1789018275275
2224431,3,PROCESSED,1789018275310
2224432,1,INITIATED,1789018275280
2224432,2,VALIDATED,1789018275309
2224432,3,PROCESSED,1789018275328
2224433,1,INITIATED,1789018275301
2224433,2,VALIDATED,1789018275309
2224433,3,PROCESSED,1789018275328
2224434,1,INITIATED,1789018275320
2224434,2,VALIDATED,1789018275326
2224434,3,PROCESSED,1789018275330
2224435,1,INITIATED,1789018275341
2224435,2,VALIDATED,1789018275344
2224435,3,PROCESSED,1789018275347
2224436,1,INITIATED,1789018275361
2224436,2,VALIDATED,1789018275367
2224436,3,PROCESSED,1789018275370
2224437,1,INITIATED,1789018275381
2224437,2,VALIDATED,1789018275385
2224437,3,PROCESSED,1789018275389
2224438,1,INITIATED,1789018275400
2224438,2,VALIDATED,1789018275404
2224438,3,PROCESSED,1789018275423
2224439,1,INITIATED,1789018275420
2224439,2,VALIDATED,1789018275423
2224439,3,PROCESSED,1789018275426
2224440,1,INITIATED,1789018275445
2224440,2,VALIDATED,1789018276501
2224440,3,PROCESSED,1789018278003
2224441,1,INITIATED,1789018275570
2224441,2,VALIDATED,1789018276501
2224441,3,PROCESSED,1789018278529
2224442,1,INITIATED,1789018275570
2224442,2,VALIDATED,1789018276501
2224442,3,PROCESSED,1789018278002
2224443,1,INITIATED,1789018275570
2224443,2,VALIDATED,1789018276503
2224443,3,PROCESSED,1789018278531
2224444,1,INITIATED,1789018275570
2224444,2,VALIDATED,1789018276502
2224444,3,PROCESSED,1789018278004
2224445,1,INITIATED,1789018275570
2224445,2,VALIDATED,1789018276501
2224445,3,PROCESSED,1789018278531
2224446,1,INITIATED,1789018275570
2224446,2,VALIDATED,1789018276500
2224446,3,PROCESSED,1789018276920
2224447,1,INITIATED,1789018275586
2224447,2,VALIDATED,1789018277998
2224447,3,PROCESSED,1789018278697
2224448,1,INITIATED,1789018276503
2224448,2,VALIDATED,1789018278530
2224448,3,PROCESSED,1789018278762
2224449,1,INITIATED,1789018276502
2224449,2,VALIDATED,1789018278001
2224449,3,PROCESSED,1789018278738
2224450,1,INITIATED,1789018276503
2224450,2,VALIDATED,1789018278036
2224450,3,PROCESSED,1789018278764
2224451,1,INITIATED,1789018276500
2224451,2,VALIDATED,1789018277999
2224451,3,PROCESSED,1789018278697
2224452,1,INITIATED,1789018276502
2224452,2,VALIDATED,1789018278000
2224452,3,PROCESSED,1789018278737
2224453,1,INITIATED,1789018276502
2224453,2,VALIDATED,1789018277997
2224453,3,PROCESSED,1789018278697
2224454,1,INITIATED,1789018276501
2224454,2,VALIDATED,1789018278531
2224454,3,PROCESSED,1789018278871
2224455,1,INITIATED,1789018276501
2224455,2,VALIDATED,1789018278002
2224455,3,PROCESSED,1789018278731
2224456,1,INITIATED,1789018276501
2224456,2,VALIDATED,1789018277999
2224456,3,PROCESSED,1789018278696
2224457,1,INITIATED,1789018276502
2224457,2,VALIDATED,1789018278001
2224457,3,PROCESSED,1789018278533
2224458,1,INITIATED,1789018276500
2224458,2,VALIDATED,1789018278000
2224458,3,PROCESSED,1789018278736
2224459,1,INITIATED,1789018276501
2224459,2,VALIDATED,1789018278036
2224459,3,PROCESSED,1789018278761
2224460,1,INITIATED,1789018276499
2224460,2,VALIDATED,1789018278035
2224460,3,REJECTED,1789018278731
2224461,1,INITIATED,1789018276501
2224461,2,VALIDATED,1789018278035
2224461,3,REJECTED,1789018278753
2224462,1,INITIATED,1789018276502
2224462,2,VALIDATED,1789018278035
2224462,3,REJECTED,1789018278756
2224463,1,INITIATED,1789018276500
2224463,2,VALIDATED,1789018276918
2224463,3,REJECTED,1789018278611
2224464,1,INITIATED,1789018276500
2224464,2,VALIDATED,1789018278531
2224464,3,PROCESSED,1789018278762
2224465,1,INITIATED,1789018276502
2224465,2,VALIDATED,1789018278000
2224465,3,PROCESSED,1789018278737
2224466,1,INITIATED,1789018276502
2224466,2,VALIDATED,1789018277999
2224466,3,PROCESSED,1789018278736
2224467,1,INITIATED,1789018276499
2224467,2,VALIDATED,1789018278001
2224467,3,PROCESSED,1789018278737
2224468,1,INITIATED,1789018276501
2224468,2,VALIDATED,1789018278002
2224468,3,PROCESSED,1789018278736
2224469,1,INITIATED,1789018276501
2224469,2,VALIDATED,1789018278530
2224469,3,PROCESSED,1789018278762
2224470,1,INITIATED,1789018276499
2224470,2,VALIDATED,1789018278036
2224470,3,PROCESSED,1789018278763
2224471,1,INITIATED,1789018276502
2224471,2,VALIDATED,1789018277997
2224471,3,PROCESSED,1789018278697
2224472,1,INITIATED,1789018276913
2224472,2,VALIDATED,1789018278611
2224472,3,PROCESSED,1789018278657
2224473,1,INITIATED,1789018276915
2224473,2,VALIDATED,1789018278530
2224473,3,PROCESSED,1789018278763
2224474,1,INITIATED,1789018276913
2224474,2,VALIDATED,1789018278036
2224474,3,PROCESSED,1789018278763
2224475,1,INITIATED,1789018276913
2224475,2,VALIDATED,1789018278611
2224475,3,PROCESSED,1789018278788
2224476,1,INITIATED,1789018276915
2224476,2,VALIDATED,1789018278610
2224476,3,PROCESSED,1789018278657
2224477,1,INITIATED,1789018276914
2224477,2,VALIDATED,1789018278568
2224477,3,PROCESSED,1789018278763
2224478,1,INITIATED,1789018276916
2224478,2,VALIDATED,1789018278609
2224478,3,PROCESSED,1789018278786
2224479,1,INITIATED,1789018276914
2224479,2,VALIDATED,1789018278531
2224479,3,PROCESSED,1789018278613
2224480,1,INITIATED,1789018276917
2224480,2,VALIDATED,1789018278609
2224480,3,PROCESSED,1789018278784
2224481,1,INITIATED,1789018276915
2224481,2,VALIDATED,1789018278612
2224481,3,PROCESSED,1789018278871
2224482,1,INITIATED,1789018276917
2224482,2,VALIDATED,1789018278609
2224482,3,PROCESSED,1789018278764
2224483,1,INITIATED,1789018276918
2224483,2,VALIDATED,1789018278612
2224483,3,PROCESSED,1789018278788
2224484,1,INITIATED,1789018276917
2224484,2,VALIDATED,1789018278568
2224484,3,PROCESSED,1789018278764
2224485,1,INITIATED,1789018276918
2224485,2,VALIDATED,1789018278611
2224485,3,PROCESSED,1789018278787
2224486,1,INITIATED,1789018276919
2224486,2,VALIDATED,1789018278609
2224486,3,PROCESSED,1789018278786
2224487,1,INITIATED,1789018276919
2224487,2,VALIDATED,1789018278610
2224487,3,PROCESSED,1789018278788
2224488,1,INITIATED,1789018276919
2224488,2,VALIDATED,1789018278001
2224488,3,PROCESSED,1789018278738
2224489,1,INITIATED,1789018276918
2224489,2,VALIDATED,1789018278731
2224489,3,PROCESSED,1789018278904
2224490,1,INITIATED,1789018276919
2224490,2,VALIDATED,1789018278001
2224490,3,PROCESSED,1789018278737
2224491,1,INITIATED,1789018276918
2224491,2,VALIDATED,1789018278732
2224491,3,PROCESSED,1789018278905
2224492,1,INITIATED,1789018276918
2224492,2,VALIDATED,1789018278001
2224492,3,PROCESSED,1789018278739
2224493,1,INITIATED,1789018276918
2224493,2,VALIDATED,1789018278530
2224493,3,PROCESSED,1789018278761
2224494,1,INITIATED,1789018276917
2224494,2,VALIDATED,1789018278611
2224494,3,PROCESSED,1789018278783
2224495,1,INITIATED,1789018276918
2224495,2,VALIDATED,1789018278610
2224495,3,PROCESSED,1789018278787
2224496,1,INITIATED,1789018276918
2224496,2,VALIDATED,1789018278530
2224496,3,PROCESSED,1789018278763
2224497,1,INITIATED,1789018276918
2224497,2,VALIDATED,1789018278000
2224497,3,PROCESSED,1789018278532
2224498,1,INITIATED,1789018276919
2224498,2,VALIDATED,1789018278531
2224498,3,PROCESSED,1789018278738
2224499,1,INITIATED,1789018276918
2224499,2,VALIDATED,1789018278529
2224499,3,PROCESSED,1789018278759
2224500,1,INITIATED,1789018276919
2224500,2,VALIDATED,1789018278531
2224500,3,PROCESSED,1789018278760
2224501,1,INITIATED,1789018276919
2224501,2,VALIDATED,1789018278612
2224501,3,PROCESSED,1789018278787
2224502,1,INITIATED,1789018276976
2224502,2,VALIDATED,1789018278611
2224502,3,PROCESSED,1789018278656
2224503,1,INITIATED,1789018277997
2224503,2,VALIDATED,1789018278690
2224503,3,PROCESSED,1789018278871
2224504,1,INITIATED,1789018277996
2224504,2,VALIDATED,1789018278687
2224504,3,PROCESSED,1789018278838
2224505,1,INITIATED,1789018277997
2224505,2,VALIDATED,1789018278692
2224505,3,PROCESSED,1789018278872
2224506,1,INITIATED,1789018277996
2224506,2,VALIDATED,1789018278687
2224506,3,PROCESSED,1789018278870
2224507,1,INITIATED,1789018277996
2224507,2,VALIDATED,1789018278691
2224507,3,PROCESSED,1789018278837
2224508,1,INITIATED,1789018277996
2224508,2,VALIDATED,1789018278693
2224508,3,PROCESSED,1789018278838
2224509,1,INITIATED,1789018277996
2224509,2,VALIDATED,1789018278686
2224509,3,PROCESSED,1789018278838
2224510,1,INITIATED,1789018277999
2224510,2,VALIDATED,1789018278734
2224510,3,PROCESSED,1789018278906
2224511,1,INITIATED,1789018277999
2224511,2,VALIDATED,1789018278693
2224511,3,PROCESSED,1789018278836
2224512,1,INITIATED,1789018278001
2224512,2,VALIDATED,1789018278531
2224512,3,PROCESSED,1789018278762
2224513,1,INITIATED,1789018277997
2224513,2,VALIDATED,1789018278689
2224513,3,PROCESSED,1789018278838
2224514,1,INITIATED,1789018278035
2224514,2,VALIDATED,1789018278731
2224514,3,PROCESSED,1789018278871
2224515,1,INITIATED,1789018278035
2224515,2,VALIDATED,1789018278609
2224515,3,PROCESSED,1789018278905
2224516,1,INITIATED,1789018278036
2224516,2,VALIDATED,1789018278738
2224516,3,PROCESSED,1789018278761
2224517,1,INITIATED,1789018278035
2224517,2,VALIDATED,1789018278753
2224517,3,PROCESSED,1789018278905
2224518,1,INITIATED,1789018278528
2224518,2,VALIDATED,1789018278738
2224518,3,PROCESSED,1789018278872
2224519,1,INITIATED,1789018278529
2224519,2,VALIDATED,1789018278734
2224519,3,PROCESSED,1789018278869
2224520,1,INITIATED,1789018278529
2224520,2,VALIDATED,1789018278759
2224520,3,PROCESSED,1789018278788
2224521,1,INITIATED,1789018278531
2224521,2,VALIDATED,1789018278755
2224521,3,PROCESSED,1789018278904
2224522,1,INITIATED,1789018278608
2224522,2,VALIDATED,1789018278778
2224522,3,PROCESSED,1789018278903
2224523,1,INITIATED,1789018278609
2224523,2,VALIDATED,1789018278757
2224523,3,PROCESSED,1789018278904
2224524,1,INITIATED,1789018278609
2224524,2,VALIDATED,1789018278783
2224524,3,PROCESSED,1789018278919
2224525,1,INITIATED,1789018278609
2224525,2,VALIDATED,1789018278756
2224525,3,PROCESSED,1789018278906
2224526,1,INITIATED,1789018278610
2224526,2,VALIDATED,1789018278781
2224526,3,PROCESSED,1789018278900
2224527,1,INITIATED,1789018278611
2224527,2,VALIDATED,1789018278783
2224527,3,PROCESSED,1789018278906
2224528,1,INITIATED,1789018278610
2224528,2,VALIDATED,1789018278783
2224528,3,PROCESSED,1789018278923
2224529,1,INITIATED,1789018278612
2224529,2,VALIDATED,1789018278757
2224529,3,PROCESSED,1789018278788
2224530,1,INITIATED,1789018278612
2224530,2,VALIDATED,1789018278777
2224530,3,PROCESSED,1789018278906
2224531,1,INITIATED,1789018278612
2224531,2,VALIDATED,1789018278650
2224531,3,PROCESSED,1789018278837
2224532,1,INITIATED,1789018278612
2224532,2,VALIDATED,1789018278653
2224532,3,PROCESSED,1789018278837
2224533,1,INITIATED,1789018278612
2224533,2,VALIDATED,1789018278753
2224533,3,PROCESSED,1789018278785
2224534,1,INITIATED,1789018278628
2224534,2,VALIDATED,1789018278784
2224534,3,PROCESSED,1789018278906
2224535,1,INITIATED,1789018278628
2224535,2,VALIDATED,1789018278781
2224535,3,PROCESSED,1789018278837
2224536,1,INITIATED,1789018278647
2224536,2,VALIDATED,1789018278834
2224536,3,PROCESSED,1789018278928
2224537,1,INITIATED,1789018278647
2224537,2,VALIDATED,1789018278831
2224537,3,PROCESSED,1789018278868
2224538,1,INITIATED,1789018278648
2224538,2,VALIDATED,1789018278784
2224538,3,PROCESSED,1789018278906
2224539,1,INITIATED,1789018278648
2224539,2,VALIDATED,1789018278835
2224539,3,PROCESSED,1789018278924
2224540,1,INITIATED,1789018278649
2224540,2,VALIDATED,1789018278835
2224540,3,PROCESSED,1789018278925
2224541,1,INITIATED,1789018278648
2224541,2,VALIDATED,1789018278785
2224541,3,PROCESSED,1789018278957
2224542,1,INITIATED,1789018278651
2224542,2,VALIDATED,1789018278835
2224542,3,PROCESSED,1789018278926
2224543,1,INITIATED,1789018278651
2224543,2,VALIDATED,1789018278796
2224543,3,PROCESSED,1789018278924
2224544,1,INITIATED,1789018278651
2224544,2,VALIDATED,1789018278902
2224544,3,PROCESSED,1789018278985
2224545,1,INITIATED,1789018278652
2224545,2,VALIDATED,1789018278834
2224545,3,PROCESSED,1789018278925
2224546,1,INITIATED,1789018278652
2224546,2,VALIDATED,1789018278835
2224546,3,PROCESSED,1789018278933
2224547,1,INITIATED,1789018278652
2224547,2,VALIDATED,1789018278898
2224547,3,PROCESSED,1789018278982
2224548,1,INITIATED,1789018278653
2224548,2,VALIDATED,1789018278783
2224548,3,PROCESSED,1789018278927
2224549,1,INITIATED,1789018278652
2224549,2,VALIDATED,1789018278904
2224549,3,PROCESSED,1789018278924
2224550,1,INITIATED,1789018278653
2224550,2,VALIDATED,1789018278836
2224550,3,PROCESSED,1789018278927
2224551,1,INITIATED,1789018278654
2224551,2,VALIDATED,1789018278784
2224551,3,PROCESSED,1789018278927
2224552,1,INITIATED,1789018278653
2224552,2,VALIDATED,1789018278830
2224552,3,PROCESSED,1789018278924
2224553,1,INITIATED,1789018278653
2224553,2,VALIDATED,1789018278833
2224553,3,PROCESSED,1789018278927
2224554,1,INITIATED,1789018278655
2224554,2,VALIDATED,1789018278779
2224554,3,PROCESSED,1789018278923
2224555,1,INITIATED,1789018278654
2224555,2,VALIDATED,1789018278832
2224555,3,PROCESSED,1789018278925
2224556,1,INITIATED,1789018278654
2224556,2,VALIDATED,1789018278830
2224556,3,REJECTED,1789018278917
2224557,1,INITIATED,1789018278655
2224557,2,VALIDATED,1789018278830
2224557,3,PROCESSED,1789018278925
2224558,1,INITIATED,1789018278653
2224558,2,VALIDATED,1789018278829
2224558,3,PROCESSED,1789018278922
2224559,1,INITIATED,1789018278655
2224559,2,VALIDATED,1789018278779
2224559,3,REJECTED,1789018278920
2224560,1,INITIATED,1789018278666
2224560,2,VALIDATED,1789018278834
2224560,3,PROCESSED,1789018278924
2224561,1,INITIATED,1789018278666
2224561,2,VALIDATED,1789018278833
2224561,3,PROCESSED,1789018278926
2224562,1,INITIATED,1789018278688
2224562,2,VALIDATED,1789018278846
2224562,3,PROCESSED,1789018278962
2224563,1,INITIATED,1789018278688
2224563,2,VALIDATED,1789018278901
2224563,3,PROCESSED,1789018278954
2224564,1,INITIATED,1789018278694
2224564,2,VALIDATED,1789018278836
2224564,3,PROCESSED,1789018278871
2224565,1,INITIATED,1789018278691
2224565,2,VALIDATED,1789018278830
2224565,3,PROCESSED,1789018278924
2224566,1,INITIATED,1789018278692
2224566,2,VALIDATED,1789018278870
2224566,3,PROCESSED,1789018278958
2224567,1,INITIATED,1789018278689
2224567,2,VALIDATED,1789018278867
2224567,3,PROCESSED,1789018278956
2224568,1,INITIATED,1789018278691
2224568,2,VALIDATED,1789018278865
2224568,3,PROCESSED,1789018278959
2224569,1,INITIATED,1789018278692
2224569,2,VALIDATED,1789018278865
2224569,3,PROCESSED,1789018278960
2224570,1,INITIATED,1789018278693
2224570,2,VALIDATED,1789018278868
2224570,3,PROCESSED,1789018278960
2224571,1,INITIATED,1789018278695
2224571,2,VALIDATED,1789018278836
2224571,3,PROCESSED,1789018278985
2224572,1,INITIATED,1789018278695
2224572,2,VALIDATED,1789018278864
2224572,3,PROCESSED,1789018278958
2224573,1,INITIATED,1789018278693
2224573,2,VALIDATED,1789018278870
2224573,3,PROCESSED,1789018278960
2224574,1,INITIATED,1789018278694
2224574,2,VALIDATED,1789018278866
2224574,3,PROCESSED,1789018278961
2224575,1,INITIATED,1789018278694
2224575,2,VALIDATED,1789018278833
2224575,3,PROCESSED,1789018278924
2224576,1,INITIATED,1789018278695
2224576,2,VALIDATED,1789018278865
2224576,3,PROCESSED,1789018278962
2224577,1,INITIATED,1789018278698
2224577,2,VALIDATED,1789018278833
2224577,3,PROCESSED,1789018278927
2224578,1,INITIATED,1789018278707
2224578,2,VALIDATED,1789018278868
2224578,3,PROCESSED,1789018278953
2224579,1,INITIATED,1789018278708
2224579,2,VALIDATED,1789018278868
2224579,3,PROCESSED,1789018278955
2224580,1,INITIATED,1789018278728
2224580,2,VALIDATED,1789018278864
2224580,3,PROCESSED,1789018278957
2224581,1,INITIATED,1789018278728
2224581,2,VALIDATED,1789018278866
2224581,3,PROCESSED,1789018278960
2224582,1,INITIATED,1789018278734
2224582,2,VALIDATED,1789018278758
2224582,3,PROCESSED,1789018278903
2224583,1,INITIATED,1789018278728
2224583,2,VALIDATED,1789018278758
2224583,3,PROCESSED,1789018278905
2224584,1,INITIATED,1789018278731
2224584,2,VALIDATED,1789018278879
2224584,3,PROCESSED,1789018278956
2224585,1,INITIATED,1789018278733
2224585,2,VALIDATED,1789018278922
2224585,3,PROCESSED,1789018278985
2224586,1,INITIATED,1789018278734
2224586,2,VALIDATED,1789018278758
2224586,3,PROCESSED,1789018278905
2224587,1,INITIATED,1789018278731
2224587,2,VALIDATED,1789018278919
2224587,3,PROCESSED,1789018278960
2224588,1,INITIATED,1789018278735
2224588,2,VALIDATED,1789018278865
2224588,3,PROCESSED,1789018278960
2224589,1,INITIATED,1789018278733
2224589,2,VALIDATED,1789018278918
2224589,3,PROCESSED,1789018278986
2224590,1,INITIATED,1789018278733
2224590,2,VALIDATED,1789018278867
2224590,3,PROCESSED,1789018278983
2224591,1,INITIATED,1789018278734
2224591,2,VALIDATED,1789018278869
2224591,3,PROCESSED,1789018278960
2224592,1,INITIATED,1789018278739
2224592,2,VALIDATED,1789018278868
2224592,3,PROCESSED,1789018278906
2224593,1,INITIATED,1789018278737
2224593,2,VALIDATED,1789018278870
2224593,3,PROCESSED,1789018278957
2224594,1,INITIATED,1789018278756
2224594,2,VALIDATED,1789018278899
2224594,3,PROCESSED,1789018278959
2224595,1,INITIATED,1789018278758
2224595,2,VALIDATED,1789018278780
2224595,3,PROCESSED,1789018278905
2224596,1,INITIATED,1789018278759
2224596,2,VALIDATED,1789018278898
2224596,3,PROCESSED,1789018278961
2224597,1,INITIATED,1789018278775
2224597,2,VALIDATED,1789018278902
2224597,3,REJECTED,1789018278982
2224598,1,INITIATED,1789018278778
2224598,2,VALIDATED,1789018278900
2224598,3,PROCESSED,1789018278962
2224599,1,INITIATED,1789018278781
2224599,2,VALIDATED,1789018278918
2224599,3,PROCESSED,1789018278985
2224600,1,INITIATED,1789018278782
2224600,2,VALIDATED,1789018278919
2224600,3,PROCESSED,1789018278984
2224601,1,INITIATED,1789018278832
2224601,2,VALIDATED,1789018278867
2224601,3,PROCESSED,1789018278961
2224602,1,INITIATED,1789018278835
2224602,2,VALIDATED,1789018278949
2224602,3,PROCESSED,1789018278986
2224603,1,INITIATED,1789018278866
2224603,2,VALIDATED,1789018278951
2224603,3,PROCESSED,1789018278986
2224604,1,INITIATED,1789018278870
2224604,2,VALIDATED,1789018278952
2224604,3,REJECTED,1789018278981
2224605,1,INITIATED,1789018278896
2224605,2,VALIDATED,1789018278918
2224605,3,PROCESSED,1789018278983
2224606,1,INITIATED,1789018278898
2224606,2,VALIDATED,1789018278984
2224606,3,PROCESSED,1789018279002
2224607,1,INITIATED,1789018278900
2224607,2,VALIDATED,1789018278982
2224607,3,PROCESSED,1789018279002
2224608,1,INITIATED,1789018278901
2224608,2,VALIDATED,1789018278979
2224608,3,PROCESSED,1789018279002
2224609,1,INITIATED,1789018278904
2224609,2,VALIDATED,1789018278951
2224609,3,PROCESSED,1789018278985
2224610,1,INITIATED,1789018278921
2224610,2,VALIDATED,1789018278979
2224610,3,PROCESSED,1789018279002
2224611,1,INITIATED,1789018278948
2224611,2,VALIDATED,1789018278982
2224611,3,PROCESSED,1789018279002
2224612,1,INITIATED,1789018278949
2224612,2,VALIDATED,1789018278978
2224612,3,PROCESSED,1789018279001
2224613,1,INITIATED,1789018278953
2224613,2,VALIDATED,1789018278983
2224613,3,PROCESSED,1789018279002
2224614,1,INITIATED,1789018278978
2224614,2,VALIDATED,1789018279000
2224614,3,PROCESSED,1789018279035
2224615,1,INITIATED,1789018278980
2224615,2,VALIDATED,1789018278999
2224615,3,PROCESSED,1789018279035
2224616,1,INITIATED,1789018278981
2224616,2,VALIDATED,1789018278999
2224616,3,PROCESSED,1789018279035
2224617,1,INITIATED,1789018278984
2224617,2,VALIDATED,1789018278999
2224617,3,PROCESSED,1789018279019
2224618,1,INITIATED,1789018279001
2224618,2,VALIDATED,1789018279033
2224618,3,PROCESSED,1789018279051
2224619,1,INITIATED,1789018279020
2224619,2,VALIDATED,1789018279049
2224619,3,PROCESSED,1789018279053
2224620,1,INITIATED,1789018279041
2224620,2,VALIDATED,1789018279049
2224620,3,PROCESSED,1789018279053
2224621,1,INITIATED,1789018279060
2224621,2,VALIDATED,1789018279073
2224621,3,PROCESSED,1789018279077
2224622,1,INITIATED,1789018279081
2224622,2,VALIDATED,1789018279096
2224622,3,PROCESSED,1789018279100
2224623,1,INITIATED,1789018279101
2224623,2,VALIDATED,1789018279103
2224623,3,PROCESSED,1789018279107
2224624,1,INITIATED,1789018279121
2224624,2,VALIDATED,1789018279127
2224624,3,PROCESSED,1789018279131
2224625,1,INITIATED,1789018279141
2224625,2,VALIDATED,1789018279144
2224625,3,PROCESSED,1789018279150
2224626,1,INITIATED,1789018279161
2224626,2,VALIDATED,1789018279164
2224626,3,PROCESSED,1789018279774
2224627,1,INITIATED,1789018279767
2224627,2,VALIDATED,1789018280337
2224627,3,PROCESSED,1789018282734
2224628,1,INITIATED,1789018279769
2224628,2,VALIDATED,1789018280188
2224628,3,PROCESSED,1789018281289
2224629,1,INITIATED,1789018279771
2224629,2,VALIDATED,1789018280335
2224629,3,PROCESSED,1789018283715
2224630,1,INITIATED,1789018279767
2224630,2,VALIDATED,1789018280340
2224630,3,PROCESSED,1789018282735
2224631,1,INITIATED,1789018279773
2224631,2,VALIDATED,1789018281286
2224631,3,PROCESSED,1789018282735
2224632,1,INITIATED,1789018279769
2224632,2,VALIDATED,1789018280338
2224632,3,PROCESSED,1789018282544
2224633,1,INITIATED,1789018279768
2224633,2,VALIDATED,1789018280187
2224633,3,PROCESSED,1789018281794
2224634,1,INITIATED,1789018279772
2224634,2,VALIDATED,1789018280185
2224634,3,PROCESSED,1789018281795
2224635,1,INITIATED,1789018279769
2224635,2,VALIDATED,1789018280336
2224635,3,PROCESSED,1789018281795
2224636,1,INITIATED,1789018279773
2224636,2,VALIDATED,1789018280188
2224636,3,PROCESSED,1789018281795
2224637,1,INITIATED,1789018279772
2224637,2,VALIDATED,1789018280339
2224637,3,PROCESSED,1789018283715
2224638,1,INITIATED,1789018279773
2224638,2,VALIDATED,1789018280334
2224638,3,PROCESSED,1789018281796
2224639,1,INITIATED,1789018279770
2224639,2,VALIDATED,1789018280334
2224639,3,PROCESSED,1789018281796
2224640,1,INITIATED,1789018279772
2224640,2,VALIDATED,1789018280340
2224640,3,PROCESSED,1789018283714
2224641,1,INITIATED,1789018279767
2224641,2,VALIDATED,1789018280336
2224641,3,PROCESSED,1789018281796
2224642,1,INITIATED,1789018279772
2224642,2,VALIDATED,1789018280182
2224642,3,PROCESSED,1789018281289
2224643,1,INITIATED,1789018279768
2224643,2,VALIDATED,1789018280333
2224643,3,PROCESSED,1789018282735
2224644,1,INITIATED,1789018279773
2224644,2,VALIDATED,1789018280341
2224644,3,PROCESSED,1789018282736
2224645,1,INITIATED,1789018279770
2224645,2,VALIDATED,1789018280341
2224645,3,PROCESSED,1789018283128
2224646,1,INITIATED,1789018279770
2224646,2,VALIDATED,1789018280188
2224646,3,PROCESSED,1789018281286
2224647,1,INITIATED,1789018279770
2224647,2,VALIDATED,1789018280337
2224647,3,PROCESSED,1789018281796
2224648,1,INITIATED,1789018279769
2224648,2,VALIDATED,1789018280331
2224648,3,PROCESSED,1789018282725
2224649,1,INITIATED,1789018279769
2224649,2,VALIDATED,1789018280187
2224649,3,PROCESSED,1789018281793
2224650,1,INITIATED,1789018279771
2224650,2,VALIDATED,1789018280341
2224650,3,PROCESSED,1789018282735
2224651,1,INITIATED,1789018279772
2224651,2,VALIDATED,1789018280187
2224651,3,PROCESSED,1789018281796
2224652,1,INITIATED,1789018279771
2224652,2,VALIDATED,1789018280188
2224652,3,PROCESSED,1789018281795
2224653,1,INITIATED,1789018279773
2224653,2,VALIDATED,1789018280186
2224653,3,PROCESSED,1789018281795
2224654,1,INITIATED,1789018279771
2224654,2,VALIDATED,1789018280187
2224654,3,PROCESSED,1789018281290
2224655,1,INITIATED,1789018279770
2224655,2,VALIDATED,1789018280183
2224655,3,PROCESSED,1789018281794
2224656,1,INITIATED,1789018279767
2224656,2,VALIDATED,1789018280340
2224656,3,PROCESSED,1789018283128
2224657,1,INITIATED,1789018279784
2224657,2,VALIDATED,1789018280338
2224657,3,PROCESSED,1789018282735
2224658,1,INITIATED,1789018280179
2224658,2,VALIDATED,1789018281788
2224658,3,PROCESSED,1789018282526
2224659,1,INITIATED,1789018280185
2224659,2,VALIDATED,1789018281286
2224659,3,PROCESSED,1789018283128
2224660,1,INITIATED,1789018280181
2224660,2,VALIDATED,1789018283125
2224660,3,REJECTED,1789018283964
2224661,1,INITIATED,1789018280184
2224661,2,VALIDATED,1789018281791
2224661,3,PROCESSED,1789018283134
2224662,1,INITIATED,1789018280181
2224662,2,VALIDATED,1789018281286
2224662,3,REJECTED,1789018283123
2224663,1,INITIATED,1789018280181
2224663,2,VALIDATED,1789018281285
2224663,3,PROCESSED,1789018281794
2224664,1,INITIATED,1789018280187
2224664,2,VALIDATED,1789018280339
2224664,3,PROCESSED,1789018283128
2224665,1,INITIATED,1789018280186
2224665,2,VALIDATED,1789018280341
2224665,3,PROCESSED,1789018283128
2224666,1,INITIATED,1789018280187
2224666,2,VALIDATED,1789018281789
2224666,3,PROCESSED,1789018283134
2224667,1,INITIATED,1789018280182
2224667,2,VALIDATED,1789018281304
2224667,3,PROCESSED,1789018283134
2224668,1,INITIATED,1789018280185
2224668,2,VALIDATED,1789018281286
2224668,3,PROCESSED,1789018283128
2224669,1,INITIATED,1789018280186
2224669,2,VALIDATED,1789018281286
2224669,3,PROCESSED,1789018281796
2224670,1,INITIATED,1789018280188
2224670,2,VALIDATED,1789018280339
2224670,3,REJECTED,1789018282732
2224671,1,INITIATED,1789018280188
2224671,2,VALIDATED,1789018280341
2224671,3,REJECTED,1789018282732
2224672,1,INITIATED,1789018280188
2224672,2,VALIDATED,1789018280338
2224672,3,PROCESSED,1789018281795
2224673,1,INITIATED,1789018280188
2224673,2,VALIDATED,1789018281790
2224673,3,PROCESSED,1789018282531
2224674,1,INITIATED,1789018280189
2224674,2,VALIDATED,1789018281789
2224674,3,PROCESSED,1789018282530
2224675,1,INITIATED,1789018280187
2224675,2,VALIDATED,1789018281787
2224675,3,PROCESSED,1789018282526
2224676,1,INITIATED,1789018280188
2224676,2,VALIDATED,1789018281286
2224676,3,PROCESSED,1789018281793
2224677,1,INITIATED,1789018280341
2224677,2,VALIDATED,1789018281794
2224677,3,PROCESSED,1789018282530
2224678,1,INITIATED,1789018280336
2224678,2,VALIDATED,1789018281792
2224678,3,PROCESSED,1789018282530
2224679,1,INITIATED,1789018280340
2224679,2,VALIDATED,1789018283122
2224679,3,PROCESSED,1789018283973
2224680,1,INITIATED,1789018280341
2224680,2,VALIDATED,1789018283126
2224680,3,PROCESSED,1789018283972
2224681,1,INITIATED,1789018280341
2224681,2,VALIDATED,1789018282732
2224681,3,PROCESSED,1789018283722
2224682,1,INITIATED,1789018280340
2224682,2,VALIDATED,1789018283124
2224682,3,PROCESSED,1789018283251
2224683,1,INITIATED,1789018280341
2224683,2,VALIDATED,1789018283121
2224683,3,PROCESSED,1789018283972
2224684,1,INITIATED,1789018280341
2224684,2,VALIDATED,1789018281793
2224684,3,PROCESSED,1789018283134
2224685,1,INITIATED,1789018281790
2224685,2,VALIDATED,1789018282524
2224685,3,PROCESSED,1789018283628
2224686,1,INITIATED,1789018281791
2224686,2,VALIDATED,1789018283131
2224686,3,PROCESSED,1789018284047
2224687,1,INITIATED,1789018281788
2224687,2,VALIDATED,1789018283132
2224687,3,PROCESSED,1789018284048
2224688,1,INITIATED,1789018281791
2224688,2,VALIDATED,1789018281949
2224688,3,PROCESSED,1789018283255
2224689,1,INITIATED,1789018281790
2224689,2,VALIDATED,1789018283128
2224689,3,PROCESSED,1789018283973
2224690,1,INITIATED,1789018281950
2224690,2,VALIDATED,1789018283619
2224690,3,PROCESSED,1789018284028
2224691,1,INITIATED,1789018281949
2224691,2,VALIDATED,1789018282530
2224691,3,PROCESSED,1789018283628
2224692,1,INITIATED,1789018281949
2224692,2,VALIDATED,1789018283622
2224692,3,PROCESSED,1789018283715
2224693,1,INITIATED,1789018281949
2224693,2,VALIDATED,1789018283224
2224693,3,PROCESSED,1789018283992
2224694,1,INITIATED,1789018281949
2224694,2,VALIDATED,1789018283270
2224694,3,PROCESSED,1789018284013
2224695,1,INITIATED,1789018281952
2224695,2,VALIDATED,1789018283254
2224695,3,PROCESSED,1789018283991
2224696,1,INITIATED,1789018281951
2224696,2,VALIDATED,1789018283620
2224696,3,PROCESSED,1789018284034
2224697,1,INITIATED,1789018281950
2224697,2,VALIDATED,1789018283622
2224697,3,PROCESSED,1789018284028
2224698,1,INITIATED,1789018282522
2224698,2,VALIDATED,1789018283270
2224698,3,PROCESSED,1789018284028
2224699,1,INITIATED,1789018282527
2224699,2,VALIDATED,1789018283622
2224699,3,PROCESSED,1789018284033
2224700,1,INITIATED,1789018282522
2224700,2,VALIDATED,1789018283618
2224700,3,PROCESSED,1789018284028
2224701,1,INITIATED,1789018282529
2224701,2,VALIDATED,1789018283626
2224701,3,PROCESSED,1789018284030
2224702,1,INITIATED,1789018282523
2224702,2,VALIDATED,1789018283627
2224702,3,PROCESSED,1789018284030
2224703,1,INITIATED,1789018282524
2224703,2,VALIDATED,1789018283628
2224703,3,PROCESSED,1789018284030
2224704,1,INITIATED,1789018282529
2224704,2,VALIDATED,1789018282724
2224704,3,PROCESSED,1789018284034
2224705,1,INITIATED,1789018282521
2224705,2,VALIDATED,1789018283617
2224705,3,PROCESSED,1789018284029
2224706,1,INITIATED,1789018282522
2224706,2,VALIDATED,1789018283625
2224706,3,PROCESSED,1789018284028
2224707,1,INITIATED,1789018282525
2224707,2,VALIDATED,1789018283627
2224707,3,PROCESSED,1789018284035
2224708,1,INITIATED,1789018282522
2224708,2,VALIDATED,1789018283982
2224708,3,PROCESSED,1789018284064
2224709,1,INITIATED,1789018282522
2224709,2,VALIDATED,1789018283616
2224709,3,PROCESSED,1789018284013
2224710,1,INITIATED,1789018282523
2224710,2,VALIDATED,1789018283624
2224710,3,PROCESSED,1789018284031
2224711,1,INITIATED,1789018282523
2224711,2,VALIDATED,1789018283623
2224711,3,PROCESSED,1789018284034
2224712,1,INITIATED,1789018282523
2224712,2,VALIDATED,1789018283620
2224712,3,PROCESSED,1789018284027
2224713,1,INITIATED,1789018282529
2224713,2,VALIDATED,1789018283628
2224713,3,PROCESSED,1789018283715
2224714,1,INITIATED,1789018282523
2224714,2,VALIDATED,1789018283627
2224714,3,PROCESSED,1789018284031
2224715,1,INITIATED,1789018282530
2224715,2,VALIDATED,1789018283637
2224715,3,PROCESSED,1789018284036
2224716,1,INITIATED,1789018282530
2224716,2,VALIDATED,1789018283628
2224716,3,PROCESSED,1789018284070
2224717,1,INITIATED,1789018282530
2224717,2,VALIDATED,1789018282724
2224717,3,PROCESSED,1789018283715
2224718,1,INITIATED,1789018282541
2224718,2,VALIDATED,1789018283637
2224718,3,PROCESSED,1789018284037
2224719,1,INITIATED,1789018282542
2224719,2,VALIDATED,1789018283708
2224719,3,PROCESSED,1789018284038
2224720,1,INITIATED,1789018282541
2224720,2,VALIDATED,1789018283708
2224720,3,PROCESSED,1789018284047
2224721,1,INITIATED,1789018282542
2224721,2,VALIDATED,1789018283637
2224721,3,PROCESSED,1789018284036
2224722,1,INITIATED,1789018282541
2224722,2,VALIDATED,1789018283638
2224722,3,PROCESSED,1789018284039
2224723,1,INITIATED,1789018282542
2224723,2,VALIDATED,1789018283637
2224723,3,PROCESSED,1789018284075
2224724,1,INITIATED,1789018282542
2224724,2,VALIDATED,1789018283637
2224724,3,PROCESSED,1789018284039
2224725,1,INITIATED,1789018282542
2224725,2,VALIDATED,1789018283712
2224725,3,PROCESSED,1789018284044
2224726,1,INITIATED,1789018282542
2224726,2,VALIDATED,1789018283704
2224726,3,PROCESSED,1789018284040
2224727,1,INITIATED,1789018282717
2224727,2,VALIDATED,1789018283710
2224727,3,PROCESSED,1789018284042
2224728,1,INITIATED,1789018282721
2224728,2,VALIDATED,1789018283721
2224728,3,PROCESSED,1789018284047
2224729,1,INITIATED,1789018282718
2224729,2,VALIDATED,1789018283714
2224729,3,PROCESSED,1789018284037
2224730,1,INITIATED,1789018282718
2224730,2,VALIDATED,1789018283714
2224730,3,PROCESSED,1789018284039
2224731,1,INITIATED,1789018282723
2224731,2,VALIDATED,1789018283715
2224731,3,PROCESSED,1789018284042
2224732,1,INITIATED,1789018282722
2224732,2,VALIDATED,1789018283715
2224732,3,PROCESSED,1789018284037
2224733,1,INITIATED,1789018282719
2224733,2,VALIDATED,1789018283713
2224733,3,PROCESSED,1789018284038
2224734,1,INITIATED,1789018282720
2224734,2,VALIDATED,1789018284026
2224734,3,PROCESSED,1789018284074
2224735,1,INITIATED,1789018282720
2224735,2,VALIDATED,1789018284024
2224735,3,PROCESSED,1789018284075
2224736,1,INITIATED,1789018282721
2224736,2,VALIDATED,1789018283721
2224736,3,PROCESSED,1789018284046
2224737,1,INITIATED,1789018282724
2224737,2,VALIDATED,1789018283123
2224737,3,PROCESSED,1789018283971
2224738,1,INITIATED,1789018282723
2224738,2,VALIDATED,1789018283714
2224738,3,PROCESSED,1789018284039
2224739,1,INITIATED,1789018282725
2224739,2,VALIDATED,1789018283126
2224739,3,PROCESSED,1789018283974
2224740,1,INITIATED,1789018282724
2224740,2,VALIDATED,1789018284029
2224740,3,PROCESSED,1789018284076
2224741,1,INITIATED,1789018282725
2224741,2,VALIDATED,1789018283119
2224741,3,PROCESSED,1789018283962
2224742,1,INITIATED,1789018282724
2224742,2,VALIDATED,1789018283714
2224742,3,PROCESSED,1789018284040
2224743,1,INITIATED,1789018282725
2224743,2,VALIDATED,1789018283715
2224743,3,PROCESSED,1789018284040
2224744,1,INITIATED,1789018282724
2224744,2,VALIDATED,1789018283712
2224744,3,PROCESSED,1789018284037
2224745,1,INITIATED,1789018282724
2224745,2,VALIDATED,1789018283127
2224745,3,PROCESSED,1789018283970
2224746,1,INITIATED,1789018283120
2224746,2,VALIDATED,1789018283736
2224746,3,PROCESSED,1789018284045
2224747,1,INITIATED,1789018283120
2224747,2,VALIDATED,1789018283740
2224747,3,PROCESSED,1789018284053
2224748,1,INITIATED,1789018283119
2224748,2,VALIDATED,1789018283738
2224748,3,PROCESSED,1789018284047
2224749,1,INITIATED,1789018283120
2224749,2,VALIDATED,1789018283740
2224749,3,REJECTED,1789018284053
2224750,1,INITIATED,1789018283125
2224750,2,VALIDATED,1789018283968
2224750,3,REJECTED,1789018283991
2224751,1,INITIATED,1789018283122
2224751,2,VALIDATED,1789018283966
2224751,3,REJECTED,1789018284052
2224752,1,INITIATED,1789018283120
2224752,2,VALIDATED,1789018283741
2224752,3,PROCESSED,1789018284059
2224753,1,INITIATED,1789018283118
2224753,2,VALIDATED,1789018283219
2224753,3,PROCESSED,1789018283975
2224754,1,INITIATED,1789018283118
2224754,2,VALIDATED,1789018283737
2224754,3,PROCESSED,1789018284048
2224755,1,INITIATED,1789018283121
2224755,2,VALIDATED,1789018283736
2224755,3,PROCESSED,1789018284047
2224756,1,INITIATED,1789018283124
2224756,2,VALIDATED,1789018283965
2224756,3,PROCESSED,1789018284060
2224757,1,INITIATED,1789018283125
2224757,2,VALIDATED,1789018283968
2224757,3,PROCESSED,1789018284059
2224758,1,INITIATED,1789018283127
2224758,2,VALIDATED,1789018283962
2224758,3,PROCESSED,1789018284061
2224759,1,INITIATED,1789018283127
2224759,2,VALIDATED,1789018283224
2224759,3,PROCESSED,1789018283991
2224760,1,INITIATED,1789018283131
2224760,2,VALIDATED,1789018284044
2224760,3,PROCESSED,1789018284088
2224761,1,INITIATED,1789018283131
2224761,2,VALIDATED,1789018283970
2224761,3,PROCESSED,1789018284060
2224762,1,INITIATED,1789018283131
2224762,2,VALIDATED,1789018284044
2224762,3,PROCESSED,1789018284088
2224763,1,INITIATED,1789018283222
2224763,2,VALIDATED,1789018283973
2224763,3,PROCESSED,1789018283993
2224764,1,INITIATED,1789018283218
2224764,2,VALIDATED,1789018283975
2224764,3,PROCESSED,1789018284063
2224765,1,INITIATED,1789018283218
2224765,2,VALIDATED,1789018283977
2224765,3,PROCESSED,1789018284063
2224766,1,INITIATED,1789018283218
2224766,2,VALIDATED,1789018283971
2224766,3,PROCESSED,1789018284087
2224767,1,INITIATED,1789018283222
2224767,2,VALIDATED,1789018283977
2224767,3,PROCESSED,1789018284065
2224768,1,INITIATED,1789018283223
2224768,2,VALIDATED,1789018283972
2224768,3,PROCESSED,1789018284063
2224769,1,INITIATED,1789018283220
2224769,2,VALIDATED,1789018283971
2224769,3,PROCESSED,1789018284063
2224770,1,INITIATED,1789018283223
2224770,2,VALIDATED,1789018284051
2224770,3,PROCESSED,1789018284104
2224771,1,INITIATED,1789018283223
2224771,2,VALIDATED,1789018283990
2224771,3,PROCESSED,1789018284070
2224772,1,INITIATED,1789018283223
2224772,2,VALIDATED,1789018284052
2224772,3,PROCESSED,1789018284110
2224773,1,INITIATED,1789018283221
2224773,2,VALIDATED,1789018283973
2224773,3,PROCESSED,1789018284059
2224774,1,INITIATED,1789018283222
2224774,2,VALIDATED,1789018283982
2224774,3,PROCESSED,1789018284065
2224775,1,INITIATED,1789018283222
2224775,2,VALIDATED,1789018283973
2224775,3,PROCESSED,1789018284060
2224776,1,INITIATED,1789018283224
2224776,2,VALIDATED,1789018283982
2224776,3,PROCESSED,1789018284066
2224777,1,INITIATED,1789018283224
2224777,2,VALIDATED,1789018283988
2224777,3,PROCESSED,1789018284064
2224778,1,INITIATED,1789018283224
2224778,2,VALIDATED,1789018283981
2224778,3,PROCESSED,1789018284064
2224779,1,INITIATED,1789018283249
2224779,2,VALIDATED,1789018283982
2224779,3,PROCESSED,1789018284065
2224780,1,INITIATED,1789018283250
2224780,2,VALIDATED,1789018283982
2224780,3,PROCESSED,1789018284064
2224781,1,INITIATED,1789018283224
2224781,2,VALIDATED,1789018284056
2224781,3,PROCESSED,1789018284102
2224782,1,INITIATED,1789018283250
2224782,2,VALIDATED,1789018283987
2224782,3,PROCESSED,1789018284070
2224783,1,INITIATED,1789018283252
2224783,2,VALIDATED,1789018283984
2224783,3,PROCESSED,1789018284071
2224784,1,INITIATED,1789018283251
2224784,2,VALIDATED,1789018283988
2224784,3,PROCESSED,1789018284072
2224785,1,INITIATED,1789018283252
2224785,2,VALIDATED,1789018283626
2224785,3,PROCESSED,1789018284032
2224786,1,INITIATED,1789018283252
2224786,2,VALIDATED,1789018283990
2224786,3,PROCESSED,1789018284071
2224787,1,INITIATED,1789018283253
2224787,2,VALIDATED,1789018283982
2224787,3,PROCESSED,1789018284064
2224788,1,INITIATED,1789018283253
2224788,2,VALIDATED,1789018283987
2224788,3,PROCESSED,1789018284073
2224789,1,INITIATED,1789018283269
2224789,2,VALIDATED,1789018284012
2224789,3,PROCESSED,1789018284072
2224790,1,INITIATED,1789018283618
2224790,2,VALIDATED,1789018284023
2224790,3,PROCESSED,1789018284074
2224791,1,INITIATED,1789018283626
2224791,2,VALIDATED,1789018283714
2224791,3,PROCESSED,1789018284037
2224792,1,INITIATED,1789018283627
2224792,2,VALIDATED,1789018284029
2224792,3,PROCESSED,1789018284075
2224793,1,INITIATED,1789018283628
2224793,2,VALIDATED,1789018283713
2224793,3,PROCESSED,1789018284039
2224794,1,INITIATED,1789018283617
2224794,2,VALIDATED,1789018284024
2224794,3,PROCESSED,1789018284076
2224795,1,INITIATED,1789018283627
2224795,2,VALIDATED,1789018284025
2224795,3,PROCESSED,1789018284037
2224796,1,INITIATED,1789018283628
2224796,2,VALIDATED,1789018284026
2224796,3,PROCESSED,1789018284074
2224797,1,INITIATED,1789018283618
2224797,2,VALIDATED,1789018284012
2224797,3,PROCESSED,1789018284072
2224798,1,INITIATED,1789018283626
2224798,2,VALIDATED,1789018284023
2224798,3,PROCESSED,1789018284075
2224799,1,INITIATED,1789018283625
2224799,2,VALIDATED,1789018284032
2224799,3,PROCESSED,1789018284075
2224800,1,INITIATED,1789018283637
2224800,2,VALIDATED,1789018284033
2224800,3,PROCESSED,1789018284076
2224801,1,INITIATED,1789018283710
2224801,2,VALIDATED,1789018284034
2224801,3,PROCESSED,1789018284076
2224802,1,INITIATED,1789018283712
2224802,2,VALIDATED,1789018284035
2224802,3,REJECTED,1789018284075
2224803,1,INITIATED,1789018283715
2224803,2,VALIDATED,1789018284036
2224803,3,PROCESSED,1789018284076
2224804,1,INITIATED,1789018283721
2224804,2,VALIDATED,1789018284040
2224804,3,PROCESSED,1789018284081
2224805,1,INITIATED,1789018283721
2224805,2,VALIDATED,1789018284041
2224805,3,PROCESSED,1789018284049
2224806,1,INITIATED,1789018283738
2224806,2,VALIDATED,1789018284043
2224806,3,PROCESSED,1789018284056
2224807,1,INITIATED,1789018283735
2224807,2,VALIDATED,1789018284041
2224807,3,PROCESSED,1789018284081
2224808,1,INITIATED,1789018283735
2224808,2,VALIDATED,1789018284041
2224808,3,PROCESSED,1789018284079
2224809,1,INITIATED,1789018283738
2224809,2,VALIDATED,1789018283970
2224809,3,PROCESSED,1789018284060
2224810,1,INITIATED,1789018283737
2224810,2,VALIDATED,1789018284044
2224810,3,PROCESSED,1789018284088
2224811,1,INITIATED,1789018283738
2224811,2,VALIDATED,1789018283969
2224811,3,PROCESSED,1789018284058
2224812,1,INITIATED,1789018283736
2224812,2,VALIDATED,1789018284047
2224812,3,PROCESSED,1789018284087
2224813,1,INITIATED,1789018283736
2224813,2,VALIDATED,1789018284043
2224813,3,PROCESSED,1789018284081
2224814,1,INITIATED,1789018283739
2224814,2,VALIDATED,1789018284045
2224814,3,PROCESSED,1789018284081
2224815,1,INITIATED,1789018283739
2224815,2,VALIDATED,1789018283965
2224815,3,PROCESSED,1789018284061
2224816,1,INITIATED,1789018283737
2224816,2,VALIDATED,1789018284042
2224816,3,PROCESSED,1789018284081
2224817,1,INITIATED,1789018283736
2224817,2,VALIDATED,1789018284043
2224817,3,PROCESSED,1789018284088
2224818,1,INITIATED,1789018283738
2224818,2,VALIDATED,1789018284078
2224818,3,PROCESSED,1789018284115
2224819,1,INITIATED,1789018283737
2224819,2,VALIDATED,1789018284046
2224819,3,PROCESSED,1789018284088
2224820,1,INITIATED,1789018283738
2224820,2,VALIDATED,1789018284042
2224820,3,PROCESSED,1789018284081
2224821,1,INITIATED,1789018283739
2224821,2,VALIDATED,1789018284051
2224821,3,PROCESSED,1789018284100
2224822,1,INITIATED,1789018283738
2224822,2,VALIDATED,1789018283968
2224822,3,PROCESSED,1789018284057
2224823,1,INITIATED,1789018283740
2224823,2,VALIDATED,1789018284049
2224823,3,PROCESSED,1789018284088
2224824,1,INITIATED,1789018283739
2224824,2,VALIDATED,1789018284052
2224824,3,PROCESSED,1789018284111
2224825,1,INITIATED,1789018283740
2224825,2,VALIDATED,1789018284057
2224825,3,PROCESSED,1789018284109
2224826,1,INITIATED,1789018283740
2224826,2,VALIDATED,1789018284056
2224826,3,PROCESSED,1789018284104
2224827,1,INITIATED,1789018283740
2224827,2,VALIDATED,1789018284051
2224827,3,PROCESSED,1789018284104
2224828,1,INITIATED,1789018283741
2224828,2,VALIDATED,1789018284053
2224828,3,PROCESSED,1789018284104
2224829,1,INITIATED,1789018283962
2224829,2,VALIDATED,1789018284054
2224829,3,PROCESSED,1789018284103
2224830,1,INITIATED,1789018283968
2224830,2,VALIDATED,1789018284086
2224830,3,PROCESSED,1789018284115
2224831,1,INITIATED,1789018283972
2224831,2,VALIDATED,1789018284056
2224831,3,PROCESSED,1789018284101
2224832,1,INITIATED,1789018283981
2224832,2,VALIDATED,1789018284062
2224832,3,PROCESSED,1789018284111
2224833,1,INITIATED,1789018283987
2224833,2,VALIDATED,1789018284067
2224833,3,PROCESSED,1789018284117
2224834,1,INITIATED,1789018283989
2224834,2,VALIDATED,1789018284064
2224834,3,PROCESSED,1789018284110
2224835,1,INITIATED,1789018283988
2224835,2,VALIDATED,1789018284062
2224835,3,PROCESSED,1789018284108
2224836,1,INITIATED,1789018283988
2224836,2,VALIDATED,1789018284067
2224836,3,PROCESSED,1789018284111
2224837,1,INITIATED,1789018283989
2224837,2,VALIDATED,1789018284063
2224837,3,PROCESSED,1789018284112
2224838,1,INITIATED,1789018283990
2224838,2,VALIDATED,1789018284063
2224838,3,PROCESSED,1789018284106
2224839,1,INITIATED,1789018283990
2224839,2,VALIDATED,1789018284062
2224839,3,PROCESSED,1789018284105
2224840,1,INITIATED,1789018283991
2224840,2,VALIDATED,1789018284062
2224840,3,PROCESSED,1789018284108
2224841,1,INITIATED,1789018284011
2224841,2,VALIDATED,1789018284069
2224841,3,PROCESSED,1789018284114
2224842,1,INITIATED,1789018284011
2224842,2,VALIDATED,1789018284067
2224842,3,PROCESSED,1789018284112
2224843,1,INITIATED,1789018284011
2224843,2,VALIDATED,1789018284068
2224843,3,PROCESSED,1789018284109
2224844,1,INITIATED,1789018284011
2224844,2,VALIDATED,1789018284069
2224844,3,PROCESSED,1789018284113
2224845,1,INITIATED,1789018284012
2224845,2,VALIDATED,1789018284067
2224845,3,PROCESSED,1789018284108
2224846,1,INITIATED,1789018284011
2224846,2,VALIDATED,1789018284068
2224846,3,PROCESSED,1789018284116
2224847,1,INITIATED,1789018284011
2224847,2,VALIDATED,1789018284067
2224847,3,PROCESSED,1789018284111
2224848,1,INITIATED,1789018284012
2224848,2,VALIDATED,1789018284027
2224848,3,PROCESSED,1789018284075
2224849,1,INITIATED,1789018284024
2224849,2,VALIDATED,1789018284069
2224849,3,PROCESSED,1789018284109
2224850,1,INITIATED,1789018284023
2224850,2,VALIDATED,1789018284071
2224850,3,PROCESSED,1789018284113
2224851,1,INITIATED,1789018284023
2224851,2,VALIDATED,1789018284072
2224851,3,PROCESSED,1789018284111
2224852,1,INITIATED,1789018284024
2224852,2,VALIDATED,1789018284069
2224852,3,PROCESSED,1789018284112
2224853,1,INITIATED,1789018284033
2224853,2,VALIDATED,1789018284073
2224853,3,PROCESSED,1789018284114
2224854,1,INITIATED,1789018284040
2224854,2,VALIDATED,1789018284075
2224854,3,PROCESSED,1789018284109
2224855,1,INITIATED,1789018284045
2224855,2,VALIDATED,1789018284085
2224855,3,PROCESSED,1789018284116
2224856,1,INITIATED,1789018284045
2224856,2,VALIDATED,1789018284085
2224856,3,PROCESSED,1789018284117
2224857,1,INITIATED,1789018284046
2224857,2,VALIDATED,1789018284086
2224857,3,REJECTED,1789018284107
2224858,1,INITIATED,1789018284046
2224858,2,VALIDATED,1789018284086
2224858,3,REJECTED,1789018284113
2224859,1,INITIATED,1789018284046
2224859,2,VALIDATED,1789018284087
2224859,3,PROCESSED,1789018284117
2224860,1,INITIATED,1789018284047
2224860,2,VALIDATED,1789018284086
2224860,3,PROCESSED,1789018284107
2224861,1,INITIATED,1789018284046
2224861,2,VALIDATED,1789018284054
2224861,3,REJECTED,1789018284099
2224862,1,INITIATED,1789018284048
2224862,2,VALIDATED,1789018284086
2224862,3,PROCESSED,1789018284116
2224863,1,INITIATED,1789018284049
2224863,2,VALIDATED,1789018284101
2224863,3,PROCESSED,1789018284118
2224864,1,INITIATED,1789018284049
2224864,2,VALIDATED,1789018284100
2224864,3,PROCESSED,1789018284117
2224865,1,INITIATED,1789018284054
2224865,2,VALIDATED,1789018284097
2224865,3,PROCESSED,1789018284117
2224866,1,INITIATED,1789018284056
2224866,2,VALIDATED,1789018284096
2224866,3,PROCESSED,1789018284118
2224867,1,INITIATED,1789018284060
2224867,2,VALIDATED,1789018284099
2224867,3,PROCESSED,1789018284118
2224868,1,INITIATED,1789018284062
2224868,2,VALIDATED,1789018284099
2224868,3,PROCESSED,1789018284117
2224869,1,INITIATED,1789018284074
2224869,2,VALIDATED,1789018284105
2224869,3,PROCESSED,1789018284118
2224870,1,INITIATED,1789018284077
2224870,2,VALIDATED,1789018284107
2224870,3,REJECTED,1789018284115
2224871,1,INITIATED,1789018284097
2224871,2,VALIDATED,1789018284115
2224871,3,PROCESSED,1789018284123
2224872,1,INITIATED,1789018284105
2224872,2,VALIDATED,1789018284116
2224872,3,PROCESSED,1789018284123
2224873,1,INITIATED,1789018284115
2224873,2,VALIDATED,1789018284122
2224873,3,PROCESSED,1789018284129
2224874,1,INITIATED,1789018284121
2224874,2,VALIDATED,1789018284124
2224874,3,PROCESSED,1789018284129
2224875,1,INITIATED,1789018284140
2224875,2,VALIDATED,1789018284144
2224875,3,PROCESSED,1789018284147
2224876,1,INITIATED,1789018284160
2224876,2,VALIDATED,1789018284163
2224876,3,PROCESSED,1789018284251
2224877,1,INITIATED,1789018284249
2224877,2,VALIDATED,1789018284253
2224877,3,PROCESSED,1789018284258
2224878,1,INITIATED,1789018284249
2224878,2,VALIDATED,1789018284253
2224878,3,PROCESSED,1789018284258
2224879,1,INITIATED,1789018284249
2224879,2,VALIDATED,1789018284254
2224879,3,PROCESSED,1789018284258
2224880,1,INITIATED,1789018284249
2224880,2,VALIDATED,1789018284253
2224880,3,PROCESSED,1789018284258
2224881,1,INITIATED,1789018284260
2224881,2,VALIDATED,1789018284294
2224881,3,PROCESSED,1789018284299
2224882,1,INITIATED,1789018284282
2224882,2,VALIDATED,1789018284296
2224882,3,PROCESSED,1789018284303
2224883,1,INITIATED,1789018284301
2224883,2,VALIDATED,1789018284311
2224883,3,PROCESSED,1789018284314
2224884,1,INITIATED,1789018284320
2224884,2,VALIDATED,1789018284322
2224884,3,PROCESSED,1789018284325
2224885,1,INITIATED,1789018284341
2224885,2,VALIDATED,1789018284344
2224885,3,PROCESSED,1789018284347
2224886,1,INITIATED,1789018284360
2224886,2,VALIDATED,1789018284363
2224886,3,PROCESSED,1789018284366
2224887,1,INITIATED,1789018284380
2224887,2,VALIDATED,1789018284383
2224887,3,PROCESSED,1789018284385
2224888,1,INITIATED,1789018284400
2224888,2,VALIDATED,1789018284404
2224888,3,PROCESSED,1789018284407
2224889,1,INITIATED,1789018284420
2224889,2,VALIDATED,1789018284423
2224889,3,PROCESSED,1789018284426
2224890,1,INITIATED,1789018284441
2224890,2,VALIDATED,1789018284445
2224890,3,PROCESSED,1789018284450
2224891,1,INITIATED,1789018284461
2224891,2,VALIDATED,1789018284466
2224891,3,PROCESSED,1789018284471
2224892,1,INITIATED,1789018284481
2224892,2,VALIDATED,1789018284485
2224892,3,PROCESSED,1789018284489
2224893,1,INITIATED,1789018284500
2224893,2,VALIDATED,1789018284504
2224893,3,PROCESSED,1789018284507
2224894,1,INITIATED,1789018284520
2224894,2,VALIDATED,1789018284525
2224894,3,PROCESSED,1789018284528
2224895,1,INITIATED,1789018284541
2224895,2,VALIDATED,1789018284544
2224895,3,PROCESSED,1789018284548
2224896,1,INITIATED,1789018284560
2224896,2,VALIDATED,1789018284564
2224896,3,PROCESSED,1789018284567
2224897,1,INITIATED,1789018284580
2224897,2,VALIDATED,1789018284586
2224897,3,PROCESSED,1789018284590
2224898,1,INITIATED,1789018284601
2224898,2,VALIDATED,1789018284604
2224898,3,PROCESSED,1789018284607
2224899,1,INITIATED,1789018284621
2224899,2,VALIDATED,1789018284624
2224899,3,PROCESSED,1789018284627
2224900,1,INITIATED,1789018284640
2224900,2,VALIDATED,1789018284643
2224900,3,PROCESSED,1789018284646
2224901,1,INITIATED,1789018284661
2224901,2,VALIDATED,1789018284665
2224901,3,PROCESSED,1789018284668
2224902,1,INITIATED,1789018284681
2224902,2,VALIDATED,1789018284684
2224902,3,PROCESSED,1789018284689
2224903,1,INITIATED,1789018284701
2224903,2,VALIDATED,1789018284704
2224903,3,PROCESSED,1789018284709
2224904,1,INITIATED,1789018284721
2224904,2,VALIDATED,1789018284724
2224904,3,PROCESSED,1789018284728
2224905,1,INITIATED,1789018284913
2224905,2,VALIDATED,1789018284917
2224905,3,PROCESSED,1789018284964
2224906,1,INITIATED,1789018284913
2224906,2,VALIDATED,1789018284923
2224906,3,PROCESSED,1789018284968
2224907,1,INITIATED,1789018284913
2224907,2,VALIDATED,1789018284918
2224907,3,PROCESSED,1789018284964
2224908,1,INITIATED,1789018284912
2224908,2,VALIDATED,1789018284918
2224908,3,PROCESSED,1789018284964
2224909,1,INITIATED,1789018284922
2224909,2,VALIDATED,1789018284967
2224909,3,PROCESSED,1789018285073
2224910,1,INITIATED,1789018284913
2224910,2,VALIDATED,1789018284918
2224910,3,PROCESSED,1789018284964
2224911,1,INITIATED,1789018284912
2224911,2,VALIDATED,1789018284918
2224911,3,PROCESSED,1789018284964
2224912,1,INITIATED,1789018284912
2224912,2,VALIDATED,1789018284918
2224912,3,PROCESSED,1789018284964
2224913,1,INITIATED,1789018284913
2224913,2,VALIDATED,1789018284918
2224913,3,PROCESSED,1789018284964
2224914,1,INITIATED,1789018284921
2224914,2,VALIDATED,1789018284967
2224914,3,PROCESSED,1789018285074
2224915,1,INITIATED,1789018284960
2224915,2,VALIDATED,1789018285071
2224915,3,PROCESSED,1789018285080
2224916,1,INITIATED,1789018284962
2224916,2,VALIDATED,1789018285072
2224916,3,PROCESSED,1789018285080
2224917,1,INITIATED,1789018285071
2224917,2,VALIDATED,1789018285078
2224917,3,PROCESSED,1789018285169
2224918,1,INITIATED,1789018285070
2224918,2,VALIDATED,1789018285075
2224918,3,PROCESSED,1789018285085
2224919,1,INITIATED,1789018285071
2224919,2,VALIDATED,1789018285075
2224919,3,PROCESSED,1789018285085
2224920,1,INITIATED,1789018285071
2224920,2,VALIDATED,1789018285078
2224920,3,PROCESSED,1789018285169
2224921,1,INITIATED,1789018285071
2224921,2,VALIDATED,1789018285078
2224921,3,PROCESSED,1789018285169
2224922,1,INITIATED,1789018285081
2224922,2,VALIDATED,1789018285168
2224922,3,PROCESSED,1789018285188
2224923,1,INITIATED,1789018285101
2224923,2,VALIDATED,1789018285186
2224923,3,PROCESSED,1789018285207
2224924,1,INITIATED,1789018285121
2224924,2,VALIDATED,1789018285186
2224924,3,PROCESSED,1789018285206
2224925,1,INITIATED,1789018285141
2224925,2,VALIDATED,1789018285187
2224925,3,PROCESSED,1789018285207
2224926,1,INITIATED,1789018285161
2224926,2,VALIDATED,1789018285187
2224926,3,PROCESSED,1789018285207
2224927,1,INITIATED,1789018285180
2224927,2,VALIDATED,1789018285187
2224927,3,PROCESSED,1789018285207
2224928,1,INITIATED,1789018285200
2224928,2,VALIDATED,1789018285206
2224928,3,PROCESSED,1789018285226
2224929,1,INITIATED,1789018285221
2224929,2,VALIDATED,1789018285225
2224929,3,PROCESSED,1789018285245
2224930,1,INITIATED,1789018285240
2224930,2,VALIDATED,1789018285244
2224930,3,PROCESSED,1789018285247
2224931,1,INITIATED,1789018285260
2224931,2,VALIDATED,1789018285269
2224931,3,PROCESSED,1789018285272
2224932,1,INITIATED,1789018285280
2224932,2,VALIDATED,1789018285290
2224932,3,PROCESSED,1789018285310
2224933,1,INITIATED,1789018285301
2224933,2,VALIDATED,1789018285310
2224933,3,PROCESSED,1789018285313
2224934,1,INITIATED,1789018285321
2224934,2,VALIDATED,1789018285333
2224934,3,PROCESSED,1789018285337
2224935,1,INITIATED,1789018285340
2224935,2,VALIDATED,1789018285354
2224935,3,PROCESSED,1789018285373
2224936,1,INITIATED,1789018285360
2224936,2,VALIDATED,1789018285372
2224936,3,PROCESSED,1789018285384
2224937,1,INITIATED,1789018285380
2224937,2,VALIDATED,1789018285383
2224937,3,PROCESSED,1789018285386
2224938,1,INITIATED,1789018285400
2224938,2,VALIDATED,1789018285422
2224938,3,PROCESSED,1789018285425
2224939,1,INITIATED,1789018285421
2224939,2,VALIDATED,1789018285423
2224939,3,PROCESSED,1789018285427
2224940,1,INITIATED,1789018285440
2224940,2,VALIDATED,1789018285444
2224940,3,PROCESSED,1789018285446
2224941,1,INITIATED,1789018285460
2224941,2,VALIDATED,1789018285463
2224941,3,PROCESSED,1789018285466
2224942,1,INITIATED,1789018285481
2224942,2,VALIDATED,1789018285483
2224942,3,PROCESSED,1789018285487
2224943,1,INITIATED,1789018285500
2224943,2,VALIDATED,1789018285520
2224943,3,PROCESSED,1789018285524
2224944,1,INITIATED,1789018285520
2224944,2,VALIDATED,1789018285524
2224944,3,PROCESSED,1789018285527
2224945,1,INITIATED,1789018285541
2224945,2,VALIDATED,1789018285543
2224945,3,PROCESSED,1789018285546
2224946,1,INITIATED,1789018285560
2224946,2,VALIDATED,1789018285563
2224946,3,PROCESSED,1789018285566
2224947,1,INITIATED,1789018285581
2224947,2,VALIDATED,1789018285583
2224947,3,PROCESSED,1789018285586
2224948,1,INITIATED,1789018285600
2224948,2,VALIDATED,1789018285604
2224948,3,PROCESSED,1789018285608
2224949,1,INITIATED,1789018285621
2224949,2,VALIDATED,1789018285624
2224949,3,PROCESSED,1789018285626
2224950,1,INITIATED,1789018285640
2224950,2,VALIDATED,1789018285643
2224950,3,PROCESSED,1789018285646
2224951,1,INITIATED,1789018285661
2224951,2,VALIDATED,1789018285664
2224951,3,PROCESSED,1789018285666
2224952,1,INITIATED,1789018285681
2224952,2,VALIDATED,1789018285684
2224952,3,PROCESSED,1789018285687
2224953,1,INITIATED,1789018285700
2224953,2,VALIDATED,1789018285707
2224953,3,PROCESSED,1789018285711
2224954,1,INITIATED,1789018285720
2224954,2,VALIDATED,1789018285723
2224954,3,PROCESSED,1789018285726
2224955,1,INITIATED,1789018285899
2224955,2,VALIDATED,1789018286054
2224955,3,PROCESSED,1789018286114
2224956,1,INITIATED,1789018285899
2224956,2,VALIDATED,1789018286054
2224956,3,PROCESSED,1789018286075
2224957,1,INITIATED,1789018285899
2224957,2,VALIDATED,1789018286054
2224957,3,PROCESSED,1789018286114
2224958,1,INITIATED,1789018285899
2224958,2,VALIDATED,1789018286055
2224958,3,PROCESSED,1789018286115
2224959,1,INITIATED,1789018285899
2224959,2,VALIDATED,1789018286054
2224959,3,PROCESSED,1789018286075
2224960,1,INITIATED,1789018285899
2224960,2,VALIDATED,1789018286055
2224960,3,REJECTED,1789018286112
2224961,1,INITIATED,1789018285899
2224961,2,VALIDATED,1789018286054
2224961,3,REJECTED,1789018286073
2224962,1,INITIATED,1789018285899
2224962,2,VALIDATED,1789018286054
2224962,3,REJECTED,1789018286112
2224963,1,INITIATED,1789018285901
2224963,2,VALIDATED,1789018286054
2224963,3,REJECTED,1789018286112
2224964,1,INITIATED,1789018286052
2224964,2,VALIDATED,1789018286056
2224964,3,PROCESSED,1789018286114
2224965,1,INITIATED,1789018286052
2224965,2,VALIDATED,1789018286056
2224965,3,PROCESSED,1789018286113
2224966,1,INITIATED,1789018286052
2224966,2,VALIDATED,1789018286057
2224966,3,PROCESSED,1789018286115
2224967,1,INITIATED,1789018286052
2224967,2,VALIDATED,1789018286057
2224967,3,PROCESSED,1789018286114
2224968,1,INITIATED,1789018286052
2224968,2,VALIDATED,1789018286056
2224968,3,PROCESSED,1789018286114
2224969,1,INITIATED,1789018286052
2224969,2,VALIDATED,1789018286057
2224969,3,PROCESSED,1789018286114
2224970,1,INITIATED,1789018286052
2224970,2,VALIDATED,1789018286057
2224970,3,PROCESSED,1789018286114
2224971,1,INITIATED,1789018286060
2224971,2,VALIDATED,1789018286112
2224971,3,PROCESSED,1789018286133
2224972,1,INITIATED,1789018286081
2224972,2,VALIDATED,1789018286112
2224972,3,PROCESSED,1789018286133
2224973,1,INITIATED,1789018286101
2224973,2,VALIDATED,1789018286112
2224973,3,PROCESSED,1789018286133
2224974,1,INITIATED,1789018286121
2224974,2,VALIDATED,1789018286132
2224974,3,PROCESSED,1789018286135
2224975,1,INITIATED,1789018286140
2224975,2,VALIDATED,1789018286152
2224975,3,PROCESSED,1789018286172
2224976,1,INITIATED,1789018286160
2224976,2,VALIDATED,1789018286171
2224976,3,PROCESSED,1789018286174
2224977,1,INITIATED,1789018286181
2224977,2,VALIDATED,1789018286198
2224977,3,PROCESSED,1789018286203
2224978,1,INITIATED,1789018286201
2224978,2,VALIDATED,1789018286221
2224978,3,PROCESSED,1789018286226
2224979,1,INITIATED,1789018286221
2224979,2,VALIDATED,1789018286224
2224979,3,PROCESSED,1789018286243
2224980,1,INITIATED,1789018286241
2224980,2,VALIDATED,1789018286243
2224980,3,PROCESSED,1789018286247
2224981,1,INITIATED,1789018286261
2224981,2,VALIDATED,1789018286264
2224981,3,PROCESSED,1789018286267
2224982,1,INITIATED,1789018286280
2224982,2,VALIDATED,1789018286285
2224982,3,PROCESSED,1789018286289
2224983,1,INITIATED,1789018286300
2224983,2,VALIDATED,1789018286316
2224983,3,PROCESSED,1789018286320
2224984,1,INITIATED,1789018286320
2224984,2,VALIDATED,1789018286323
2224984,3,PROCESSED,1789018286325
2224985,1,INITIATED,1789018286340
2224985,2,VALIDATED,1789018286344
2224985,3,PROCESSED,1789018286363
2224986,1,INITIATED,1789018286361
2224986,2,VALIDATED,1789018286380
2224986,3,PROCESSED,1789018286387
2224987,1,INITIATED,1789018286380
2224987,2,VALIDATED,1789018286385
2224987,3,PROCESSED,1789018286389
2224988,1,INITIATED,1789018286401
2224988,2,VALIDATED,1789018286407
2224988,3,PROCESSED,1789018286410
2224989,1,INITIATED,1789018286421
2224989,2,VALIDATED,1789018286433
2224989,3,PROCESSED,1789018286437
2224990,1,INITIATED,1789018286440
2224990,2,VALIDATED,1789018286442
2224990,3,PROCESSED,1789018286445
2224991,1,INITIATED,1789018286461
2224991,2,VALIDATED,1789018286464
2224991,3,PROCESSED,1789018286467
2224992,1,INITIATED,1789018286480
2224992,2,VALIDATED,1789018286483
2224992,3,PROCESSED,1789018286487
2224993,1,INITIATED,1789018286501
2224993,2,VALIDATED,1789018286504
2224993,3,PROCESSED,1789018286508
2224994,1,INITIATED,1789018286520
2224994,2,VALIDATED,1789018286523
2224994,3,PROCESSED,1789018286527
2224995,1,INITIATED,1789018286541
2224995,2,VALIDATED,1789018286543
2224995,3,PROCESSED,1789018286546
2224996,1,INITIATED,1789018286560
2224996,2,VALIDATED,1789018286563
2224996,3,PROCESSED,1789018286566
2224997,1,INITIATED,1789018286581
2224997,2,VALIDATED,1789018286590
2224997,3,PROCESSED,1789018286593
2224998,1,INITIATED,1789018286600
2224998,2,VALIDATED,1789018286603
2224998,3,PROCESSED,1789018286606
2224999,1,INITIATED,1789018286620
2224999,2,VALIDATED,1789018286623
2224999,3,PROCESSED,1789018286626
2225000,1,INITIATED,1789018286640
2225000,2,VALIDATED,1789018286643
2225000,3,PROCESSED,1789018286646
2225001,1,INITIATED,1789018286661
2225001,2,VALIDATED,1789018286663
2225001,3,PROCESSED,1789018286666
2225002,1,INITIATED,1789018286681
2225002,2,VALIDATED,1789018286684
2225002,3,PROCESSED,1789018286686
2225003,1,INITIATED,1789018286736
2225003,2,VALIDATED,1789018286741
2225003,3,PROCESSED,1789018286922
2225004,1,INITIATED,1789018286736
2225004,2,VALIDATED,1789018286741
2225004,3,PROCESSED,1789018286921
2225005,1,INITIATED,1789018286741
2225005,2,VALIDATED,1789018286917
2225005,3,PROCESSED,1789018286961
2225006,1,INITIATED,1789018286914
2225006,2,VALIDATED,1789018286922
2225006,3,PROCESSED,1789018286961
2225007,1,INITIATED,1789018286915
2225007,2,VALIDATED,1789018286922
2225007,3,PROCESSED,1789018286960
2225008,1,INITIATED,1789018286914
2225008,2,VALIDATED,1789018286921
2225008,3,PROCESSED,1789018286960
2225009,1,INITIATED,1789018286915
2225009,2,VALIDATED,1789018286922
2225009,3,PROCESSED,1789018286960
2225010,1,INITIATED,1789018286915
2225010,2,VALIDATED,1789018286922
2225010,3,PROCESSED,1789018286960
2225011,1,INITIATED,1789018286915
2225011,2,VALIDATED,1789018286922
2225011,3,PROCESSED,1789018286961
2225012,1,INITIATED,1789018286915
2225012,2,VALIDATED,1789018286922
2225012,3,PROCESSED,1789018286960
2225013,1,INITIATED,1789018286914
2225013,2,VALIDATED,1789018286922
2225013,3,PROCESSED,1789018286962
2225014,1,INITIATED,1789018286922
2225014,2,VALIDATED,1789018286958
2225014,3,PROCESSED,1789018286966
2225015,1,INITIATED,1789018286940
2225015,2,VALIDATED,1789018286958
2225015,3,PROCESSED,1789018286980
2225016,1,INITIATED,1789018286963
2225016,2,VALIDATED,1789018286979
2225016,3,PROCESSED,1789018286982
2225017,1,INITIATED,1789018286980
2225017,2,VALIDATED,1789018286999
2225017,3,PROCESSED,1789018287003
2225018,1,INITIATED,1789018287000
2225018,2,VALIDATED,1789018287003
2225018,3,PROCESSED,1789018287006
2225019,1,INITIATED,1789018287020
2225019,2,VALIDATED,1789018287023
2225019,3,PROCESSED,1789018287042
2225020,1,INITIATED,1789018287041
2225020,2,VALIDATED,1789018287043
2225020,3,PROCESSED,1789018287047
2225021,1,INITIATED,1789018287061
2225021,2,VALIDATED,1789018287071
2225021,3,PROCESSED,1789018287075
2225022,1,INITIATED,1789018287080
2225022,2,VALIDATED,1789018287094
2225022,3,PROCESSED,1789018287099
2225023,1,INITIATED,1789018287101
2225023,2,VALIDATED,1789018287118
2225023,3,PROCESSED,1789018287122
2225024,1,INITIATED,1789018287120
2225024,2,VALIDATED,1789018287122
2225024,3,PROCESSED,1789018287126
2225025,1,INITIATED,1789018287140
2225025,2,VALIDATED,1789018287144
2225025,3,PROCESSED,1789018287148
2225026,1,INITIATED,1789018287160
2225026,2,VALIDATED,1789018287171
2225026,3,PROCESSED,1789018287175
2225027,1,INITIATED,1789018287180
2225027,2,VALIDATED,1789018287196
2225027,3,PROCESSED,1789018287200
2225028,1,INITIATED,1789018287200
2225028,2,VALIDATED,1789018287220
2225028,3,PROCESSED,1789018287224
2225029,1,INITIATED,1789018287220
2225029,2,VALIDATED,1789018287224
2225029,3,PROCESSED,1789018287228
2225030,1,INITIATED,1789018287280
2225030,2,VALIDATED,1789018287449
2225030,3,PROCESSED,1789018287837
2225031,1,INITIATED,1789018287280
2225031,2,VALIDATED,1789018287450
2225031,3,PROCESSED,1789018287838
2225032,1,INITIATED,1789018287281
2225032,2,VALIDATED,1789018287450
2225032,3,PROCESSED,1789018287838
2225033,1,INITIATED,1789018287448
2225033,2,VALIDATED,1789018287520
2225033,3,PROCESSED,1789018287975
2225034,1,INITIATED,1789018287448
2225034,2,VALIDATED,1789018287520
2225034,3,PROCESSED,1789018287974
2225035,1,INITIATED,1789018287449
2225035,2,VALIDATED,1789018287521
2225035,3,PROCESSED,1789018287975
2225036,1,INITIATED,1789018287448
2225036,2,VALIDATED,1789018287834
2225036,3,PROCESSED,1789018287973
2225037,1,INITIATED,1789018287449
2225037,2,VALIDATED,1789018287520
2225037,3,PROCESSED,1789018287975
2225038,1,INITIATED,1789018287449
2225038,2,VALIDATED,1789018287520
2225038,3,PROCESSED,1789018287974
2225039,1,INITIATED,1789018287448
2225039,2,VALIDATED,1789018287520
2225039,3,PROCESSED,1789018287840
2225040,1,INITIATED,1789018287448
2225040,2,VALIDATED,1789018287835
2225040,3,PROCESSED,1789018287974
2225041,1,INITIATED,1789018287468
2225041,2,VALIDATED,1789018287836
2225041,3,PROCESSED,1789018287975
2225042,1,INITIATED,1789018287835
2225042,2,VALIDATED,1789018287970
2225042,3,PROCESSED,1789018288026
2225043,1,INITIATED,1789018287520
2225043,2,VALIDATED,1789018287971
2225043,3,PROCESSED,1789018288028
2225044,1,INITIATED,1789018287836
2225044,2,VALIDATED,1789018287973
2225044,3,PROCESSED,1789018288027
2225045,1,INITIATED,1789018287835
2225045,2,VALIDATED,1789018287973
2225045,3,PROCESSED,1789018288029
2225046,1,INITIATED,1789018287835
2225046,2,VALIDATED,1789018287975
2225046,3,PROCESSED,1789018288026
2225047,1,INITIATED,1789018287837
2225047,2,VALIDATED,1789018287973
2225047,3,PROCESSED,1789018288027
2225048,1,INITIATED,1789018287837
2225048,2,VALIDATED,1789018287974
2225048,3,PROCESSED,1789018288028
2225049,1,INITIATED,1789018287837
2225049,2,VALIDATED,1789018287973
2225049,3,PROCESSED,1789018288028
2225050,1,INITIATED,1789018287836
2225050,2,VALIDATED,1789018287973
2225050,3,PROCESSED,1789018288028
2225051,1,INITIATED,1789018287836
2225051,2,VALIDATED,1789018287974
2225051,3,PROCESSED,1789018288028
2225052,1,INITIATED,1789018287835
2225052,2,VALIDATED,1789018287975
2225052,3,PROCESSED,1789018288027
2225053,1,INITIATED,1789018287836
2225053,2,VALIDATED,1789018287975
2225053,3,PROCESSED,1789018288027
2225054,1,INITIATED,1789018287837
2225054,2,VALIDATED,1789018287971
2225054,3,PROCESSED,1789018288028
2225055,1,INITIATED,1789018287837
2225055,2,VALIDATED,1789018287974
2225055,3,PROCESSED,1789018288028
2225056,1,INITIATED,1789018287837
2225056,2,VALIDATED,1789018287975
2225056,3,PROCESSED,1789018288027
2225057,1,INITIATED,1789018287837
2225057,2,VALIDATED,1789018287974
2225057,3,PROCESSED,1789018288028
2225058,1,INITIATED,1789018287836
2225058,2,VALIDATED,1789018288024
2225058,3,PROCESSED,1789018288043
2225059,1,INITIATED,1789018287837
2225059,2,VALIDATED,1789018287974
2225059,3,PROCESSED,1789018288028
2225060,1,INITIATED,1789018287841
2225060,2,VALIDATED,1789018287974
2225060,3,REJECTED,1789018288025
2225061,1,INITIATED,1789018287969
2225061,2,VALIDATED,1789018288026
2225061,3,REJECTED,1789018288042
2225062,1,INITIATED,1789018287971
2225062,2,VALIDATED,1789018288025
2225062,3,PROCESSED,1789018288043
2225063,1,INITIATED,1789018287972
2225063,2,VALIDATED,1789018288025
2225063,3,PROCESSED,1789018288043
2225064,1,INITIATED,1789018287970
2225064,2,VALIDATED,1789018288025
2225064,3,PROCESSED,1789018288043
2225065,1,INITIATED,1789018287972
2225065,2,VALIDATED,1789018288025
2225065,3,REJECTED,1789018288042
2225066,1,INITIATED,1789018287972
2225066,2,VALIDATED,1789018288025
2225066,3,REJECTED,1789018288042
2225067,1,INITIATED,1789018288023
2225067,2,VALIDATED,1789018288041
2225067,3,PROCESSED,1789018288049
2225068,1,INITIATED,1789018288024
2225068,2,VALIDATED,1789018288042
2225068,3,PROCESSED,1789018288049
2225069,1,INITIATED,1789018288025
2225069,2,VALIDATED,1789018288041
2225069,3,PROCESSED,1789018288049
2225070,1,INITIATED,1789018288041
2225070,2,VALIDATED,1789018288048
2225070,3,PROCESSED,1789018288052
2225071,1,INITIATED,1789018288061
2225071,2,VALIDATED,1789018288064
2225071,3,PROCESSED,1789018288067
2225072,1,INITIATED,1789018288080
2225072,2,VALIDATED,1789018288092
2225072,3,PROCESSED,1789018288096
2225073,1,INITIATED,1789018288101
2225073,2,VALIDATED,1789018288104
2225073,3,PROCESSED,1789018288109
2225074,1,INITIATED,1789018288120
2225074,2,VALIDATED,1789018288124
2225074,3,PROCESSED,1789018288128
2225075,1,INITIATED,1789018288141
2225075,2,VALIDATED,1789018288144
2225075,3,PROCESSED,1789018288148
2225076,1,INITIATED,1789018288160
2225076,2,VALIDATED,1789018288164
2225076,3,PROCESSED,1789018288169
2225077,1,INITIATED,1789018288181
2225077,2,VALIDATED,1789018288185
2225077,3,PROCESSED,1789018288190
2225078,1,INITIATED,1789018288201
2225078,2,VALIDATED,1789018288204
2225078,3,PROCESSED,1789018288209
2225079,1,INITIATED,1789018288220
2225079,2,VALIDATED,1789018288240
2225079,3,PROCESSED,1789018288244
2225080,1,INITIATED,1789018288241
2225080,2,VALIDATED,1789018288243
2225080,3,PROCESSED,1789018288561
2225081,1,INITIATED,1789018288557
2225081,2,VALIDATED,1789018288752
2225081,3,PROCESSED,1789018289193
2225082,1,INITIATED,1789018288556
2225082,2,VALIDATED,1789018288752
2225082,3,PROCESSED,1789018289192
2225083,1,INITIATED,1789018288556
2225083,2,VALIDATED,1789018288751
2225083,3,PROCESSED,1789018288757
2225084,1,INITIATED,1789018288556
2225084,2,VALIDATED,1789018288752
2225084,3,PROCESSED,1789018289193
2225085,1,INITIATED,1789018288557
2225085,2,VALIDATED,1789018288750
2225085,3,PROCESSED,1789018288757
2225086,1,INITIATED,1789018288557
2225086,2,VALIDATED,1789018288751
2225086,3,PROCESSED,1789018288757
2225087,1,INITIATED,1789018288557
2225087,2,VALIDATED,1789018288753
2225087,3,PROCESSED,1789018289193
2225088,1,INITIATED,1789018288557
2225088,2,VALIDATED,1789018288752
2225088,3,PROCESSED,1789018289190
2225089,1,INITIATED,1789018288557
2225089,2,VALIDATED,1789018288752
2225089,3,PROCESSED,1789018289193
2225090,1,INITIATED,1789018288556
2225090,2,VALIDATED,1789018288750
2225090,3,PROCESSED,1789018288757
2225091,1,INITIATED,1789018288556
2225091,2,VALIDATED,1789018288562
2225091,3,PROCESSED,1789018288754
2225092,1,INITIATED,1789018288557
2225092,2,VALIDATED,1789018288752
2225092,3,PROCESSED,1789018289193
2225093,1,INITIATED,1789018288558
2225093,2,VALIDATED,1789018288752
2225093,3,PROCESSED,1789018289194
2225094,1,INITIATED,1789018288557
2225094,2,VALIDATED,1789018288751
2225094,3,PROCESSED,1789018289192
2225095,1,INITIATED,1789018288557
2225095,2,VALIDATED,1789018288751
2225095,3,PROCESSED,1789018288757
2225096,1,INITIATED,1789018288562
2225096,2,VALIDATED,1789018288753
2225096,3,PROCESSED,1789018289192
2225097,1,INITIATED,1789018288750
2225097,2,VALIDATED,1789018288756
2225097,3,PROCESSED,1789018289193
2225098,1,INITIATED,1789018288751
2225098,2,VALIDATED,1789018288755
2225098,3,PROCESSED,1789018289193
2225099,1,INITIATED,1789018288751
2225099,2,VALIDATED,1789018288755
2225099,3,PROCESSED,1789018289194
2225100,1,INITIATED,1789018288749
2225100,2,VALIDATED,1789018288755
2225100,3,PROCESSED,1789018289194
2225101,1,INITIATED,1789018288751
2225101,2,VALIDATED,1789018288755
2225101,3,PROCESSED,1789018289192
2225102,1,INITIATED,1789018288749
2225102,2,VALIDATED,1789018288756
2225102,3,PROCESSED,1789018289194
2225103,1,INITIATED,1789018288750
2225103,2,VALIDATED,1789018288755
2225103,3,PROCESSED,1789018289193
2225104,1,INITIATED,1789018288750
2225104,2,VALIDATED,1789018288755
2225104,3,PROCESSED,1789018289194
2225105,1,INITIATED,1789018288752
2225105,2,VALIDATED,1789018289187
2225105,3,PROCESSED,1789018289364
2225106,1,INITIATED,1789018288760
2225106,2,VALIDATED,1789018289189
2225106,3,PROCESSED,1789018289363
2225107,1,INITIATED,1789018289186
2225107,2,VALIDATED,1789018289361
2225107,3,PROCESSED,1789018289819
2225108,1,INITIATED,1789018289190
2225108,2,VALIDATED,1789018289362
2225108,3,PROCESSED,1789018289822
2225109,1,INITIATED,1789018289189
2225109,2,VALIDATED,1789018289361
2225109,3,PROCESSED,1789018289821
2225110,1,INITIATED,1789018289186
2225110,2,VALIDATED,1789018289360
2225110,3,PROCESSED,1789018289820
2225111,1,INITIATED,1789018289186
2225111,2,VALIDATED,1789018289361
2225111,3,PROCESSED,1789018289821
2225112,1,INITIATED,1789018289188
2225112,2,VALIDATED,1789018289360
2225112,3,PROCESSED,1789018289823
2225113,1,INITIATED,1789018289190
2225113,2,VALIDATED,1789018289361
2225113,3,PROCESSED,1789018289822
2225114,1,INITIATED,1789018289188
2225114,2,VALIDATED,1789018289361
2225114,3,PROCESSED,1789018289821
2225115,1,INITIATED,1789018289187
2225115,2,VALIDATED,1789018289361
2225115,3,PROCESSED,1789018289822
2225116,1,INITIATED,1789018289189
2225116,2,VALIDATED,1789018289361
2225116,3,PROCESSED,1789018289821
2225117,1,INITIATED,1789018289190
2225117,2,VALIDATED,1789018289361
2225117,3,PROCESSED,1789018289821
2225118,1,INITIATED,1789018289187
2225118,2,VALIDATED,1789018289361
2225118,3,PROCESSED,1789018289820
2225119,1,INITIATED,1789018289211
2225119,2,VALIDATED,1789018289381
2225119,3,PROCESSED,1789018289824
2225120,1,INITIATED,1789018289211
2225120,2,VALIDATED,1789018289381
2225120,3,PROCESSED,1789018289822
2225121,1,INITIATED,1789018289211
2225121,2,VALIDATED,1789018289381
2225121,3,PROCESSED,1789018289824
2225122,1,INITIATED,1789018289359
2225122,2,VALIDATED,1789018289818
2225122,3,PROCESSED,1789018289974
2225123,1,INITIATED,1789018289362
2225123,2,VALIDATED,1789018289816
2225123,3,PROCESSED,1789018289975
2225124,1,INITIATED,1789018289359
2225124,2,VALIDATED,1789018289817
2225124,3,PROCESSED,1789018289976
2225125,1,INITIATED,1789018289363
2225125,2,VALIDATED,1789018289818
2225125,3,PROCESSED,1789018290401
2225126,1,INITIATED,1789018289362
2225126,2,VALIDATED,1789018289817
2225126,3,PROCESSED,1789018290398
2225127,1,INITIATED,1789018289363
2225127,2,VALIDATED,1789018289818
2225127,3,PROCESSED,1789018290401
2225128,1,INITIATED,1789018289362
2225128,2,VALIDATED,1789018289818
2225128,3,PROCESSED,1789018290396
2225129,1,INITIATED,1789018289363
2225129,2,VALIDATED,1789018289818
2225129,3,PROCESSED,1789018290400
2225130,1,INITIATED,1789018289363
2225130,2,VALIDATED,1789018289815
2225130,3,PROCESSED,1789018289824
2225131,1,INITIATED,1789018289362
2225131,2,VALIDATED,1789018289819
2225131,3,PROCESSED,1789018290399
2225132,1,INITIATED,1789018289362
2225132,2,VALIDATED,1789018289819
2225132,3,PROCESSED,1789018290399
2225133,1,INITIATED,1789018289362
2225133,2,VALIDATED,1789018289816
2225133,3,PROCESSED,1789018289975
2225134,1,INITIATED,1789018289362
2225134,2,VALIDATED,1789018289816
2225134,3,PROCESSED,1789018289975
2225135,1,INITIATED,1789018289363
2225135,2,VALIDATED,1789018289817
2225135,3,PROCESSED,1789018289976
2225136,1,INITIATED,1789018289363
2225136,2,VALIDATED,1789018289816
2225136,3,PROCESSED,1789018289975
2225137,1,INITIATED,1789018289421
2225137,2,VALIDATED,1789018289823
2225137,3,PROCESSED,1789018289975
2225138,1,INITIATED,1789018289421
2225138,2,VALIDATED,1789018289973
2225138,3,PROCESSED,1789018290400
2225139,1,INITIATED,1789018289422
2225139,2,VALIDATED,1789018289975
2225139,3,PROCESSED,1789018290400
2225140,1,INITIATED,1789018289815
2225140,2,VALIDATED,1789018289972
2225140,3,PROCESSED,1789018290401
2225141,1,INITIATED,1789018289822
2225141,2,VALIDATED,1789018289973
2225141,3,PROCESSED,1789018290401
2225142,1,INITIATED,1789018289821
2225142,2,VALIDATED,1789018289994
2225142,3,PROCESSED,1789018290567
2225143,1,INITIATED,1789018289821
2225143,2,VALIDATED,1789018290397
2225143,3,PROCESSED,1789018290962
2225144,1,INITIATED,1789018289841
2225144,2,VALIDATED,1789018290399
2225144,3,PROCESSED,1789018290963
2225145,1,INITIATED,1789018289841
2225145,2,VALIDATED,1789018290399
2225145,3,PROCESSED,1789018290960
2225146,1,INITIATED,1789018289841
2225146,2,VALIDATED,1789018290398
2225146,3,PROCESSED,1789018290963
2225147,1,INITIATED,1789018289841
2225147,2,VALIDATED,1789018290399
2225147,3,PROCESSED,1789018290961
2225148,1,INITIATED,1789018289841
2225148,2,VALIDATED,1789018290399
2225148,3,PROCESSED,1789018290963
2225149,1,INITIATED,1789018289841
2225149,2,VALIDATED,1789018290398
2225149,3,PROCESSED,1789018290962
2225150,1,INITIATED,1789018289971
2225150,2,VALIDATED,1789018290399
2225150,3,PROCESSED,1789018290568
2225151,1,INITIATED,1789018289972
2225151,2,VALIDATED,1789018290398
2225151,3,REJECTED,1789018290956
2225152,1,INITIATED,1789018289971
2225152,2,VALIDATED,1789018290397
2225152,3,PROCESSED,1789018290960
2225153,1,INITIATED,1789018289971
2225153,2,VALIDATED,1789018290564
2225153,3,PROCESSED,1789018291119
2225154,1,INITIATED,1789018289973
2225154,2,VALIDATED,1789018290396
2225154,3,PROCESSED,1789018290962
2225155,1,INITIATED,1789018289972
2225155,2,VALIDATED,1789018290399
2225155,3,PROCESSED,1789018290959
2225156,1,INITIATED,1789018289972
2225156,2,VALIDATED,1789018290399
2225156,3,PROCESSED,1789018290963
2225157,1,INITIATED,1789018289973
2225157,2,VALIDATED,1789018290397
2225157,3,PROCESSED,1789018291116
2225158,1,INITIATED,1789018289973
2225158,2,VALIDATED,1789018290398
2225158,3,PROCESSED,1789018290962
2225159,1,INITIATED,1789018289973
2225159,2,VALIDATED,1789018290397
2225159,3,PROCESSED,1789018290962
2225160,1,INITIATED,1789018289973
2225160,2,VALIDATED,1789018290398
2225160,3,PROCESSED,1789018290962
2225161,1,INITIATED,1789018289974
2225161,2,VALIDATED,1789018290415
2225161,3,REJECTED,1789018291115
2225162,1,INITIATED,1789018289974
2225162,2,VALIDATED,1789018290400
2225162,3,REJECTED,1789018290957
2225163,1,INITIATED,1789018289974
2225163,2,VALIDATED,1789018290562
2225163,3,PROCESSED,1789018291116
2225164,1,INITIATED,1789018289993
2225164,2,VALIDATED,1789018290562
2225164,3,PROCESSED,1789018291116
2225165,1,INITIATED,1789018289993
2225165,2,VALIDATED,1789018290563
2225165,3,PROCESSED,1789018290962
2225166,1,INITIATED,1789018289993
2225166,2,VALIDATED,1789018290565
2225166,3,REJECTED,1789018290956
2225167,1,INITIATED,1789018290398
2225167,2,VALIDATED,1789018290956
2225167,3,PROCESSED,1789018291117
2225168,1,INITIATED,1789018290395
2225168,2,VALIDATED,1789018290565
2225168,3,PROCESSED,1789018291117
2225169,1,INITIATED,1789018290396
2225169,2,VALIDATED,1789018290620
2225169,3,PROCESSED,1789018291117
2225170,1,INITIATED,1789018290562
2225170,2,VALIDATED,1789018291168
2225170,3,PROCESSED,1789018291665
2225171,1,INITIATED,1789018290563
2225171,2,VALIDATED,1789018290957
2225171,3,PROCESSED,1789018291118
2225172,1,INITIATED,1789018290564
2225172,2,VALIDATED,1789018291524
2225172,3,PROCESSED,1789018291744
2225173,1,INITIATED,1789018290562
2225173,2,VALIDATED,1789018291115
2225173,3,PROCESSED,1789018291526
2225174,1,INITIATED,1789018290564
2225174,2,VALIDATED,1789018291108
2225174,3,PROCESSED,1789018291523
2225175,1,INITIATED,1789018290564
2225175,2,VALIDATED,1789018291112
2225175,3,PROCESSED,1789018291525
2225176,1,INITIATED,1789018290564
2225176,2,VALIDATED,1789018291115
2225176,3,PROCESSED,1789018291536
2225177,1,INITIATED,1789018290565
2225177,2,VALIDATED,1789018291112
2225177,3,PROCESSED,1789018291536
2225178,1,INITIATED,1789018290565
2225178,2,VALIDATED,1789018290619
2225178,3,PROCESSED,1789018291517
2225179,1,INITIATED,1789018290565
2225179,2,VALIDATED,1789018291115
2225179,3,PROCESSED,1789018291526
2225180,1,INITIATED,1789018290565
2225180,2,VALIDATED,1789018290620
2225180,3,PROCESSED,1789018291118
2225181,1,INITIATED,1789018290565
2225181,2,VALIDATED,1789018291112
2225181,3,PROCESSED,1789018291537
2225182,1,INITIATED,1789018290565
2225182,2,VALIDATED,1789018291114
2225182,3,PROCESSED,1789018291522
2225183,1,INITIATED,1789018290565
2225183,2,VALIDATED,1789018291169
2225183,3,PROCESSED,1789018291536
2225184,1,INITIATED,1789018290566
2225184,2,VALIDATED,1789018291167
2225184,3,PROCESSED,1789018291665
2225185,1,INITIATED,1789018290566
2225185,2,VALIDATED,1789018291115
2225185,3,PROCESSED,1789018291526
2225186,1,INITIATED,1789018290566
2225186,2,VALIDATED,1789018290957
2225186,3,PROCESSED,1789018291117
2225187,1,INITIATED,1789018290566
2225187,2,VALIDATED,1789018290956
2225187,3,PROCESSED,1789018291118
2225188,1,INITIATED,1789018290566
2225188,2,VALIDATED,1789018290957
2225188,3,PROCESSED,1789018291522
2225189,1,INITIATED,1789018290566
2225189,2,VALIDATED,1789018291115
2225189,3,PROCESSED,1789018291525
2225190,1,INITIATED,1789018290567
2225190,2,VALIDATED,1789018290956
2225190,3,PROCESSED,1789018291117
2225191,1,INITIATED,1789018290567
2225191,2,VALIDATED,1789018291115
2225191,3,PROCESSED,1789018291517
2225192,1,INITIATED,1789018290617
2225192,2,VALIDATED,1789018291112
2225192,3,PROCESSED,1789018291525
2225193,1,INITIATED,1789018290620
2225193,2,VALIDATED,1789018291113
2225193,3,PROCESSED,1789018291523
2225194,1,INITIATED,1789018290620
2225194,2,VALIDATED,1789018291524
2225194,3,PROCESSED,1789018291743
2225195,1,INITIATED,1789018290619
2225195,2,VALIDATED,1789018291166
2225195,3,PROCESSED,1789018291526
2225196,1,INITIATED,1789018290620
2225196,2,VALIDATED,1789018291166
2225196,3,PROCESSED,1789018291666
2225197,1,INITIATED,1789018290956
2225197,2,VALIDATED,1789018291167
2225197,3,PROCESSED,1789018291666
2225198,1,INITIATED,1789018290956
2225198,2,VALIDATED,1789018291115
2225198,3,PROCESSED,1789018291666
2225199,1,INITIATED,1789018291113
2225199,2,VALIDATED,1789018291165
2225199,3,PROCESSED,1789018291664
2225200,1,INITIATED,1789018291113
2225200,2,VALIDATED,1789018291520
2225200,3,PROCESSED,1789018291746
2225201,1,INITIATED,1789018291115
2225201,2,VALIDATED,1789018291523
2225201,3,PROCESSED,1789018291722
2225202,1,INITIATED,1789018291114
2225202,2,VALIDATED,1789018291521
2225202,3,PROCESSED,1789018291722
2225203,1,INITIATED,1789018291118
2225203,2,VALIDATED,1789018291169
2225203,3,PROCESSED,1789018291661
2225204,1,INITIATED,1789018291162
2225204,2,VALIDATED,1789018291662
2225204,3,PROCESSED,1789018291742
2225205,1,INITIATED,1789018291163
2225205,2,VALIDATED,1789018291663
2225205,3,PROCESSED,1789018291747
2225206,1,INITIATED,1789018291169
2225206,2,VALIDATED,1789018291714
2225206,3,PROCESSED,1789018291768
2225207,1,INITIATED,1789018291166
2225207,2,VALIDATED,1789018291663
2225207,3,PROCESSED,1789018291744
2225208,1,INITIATED,1789018291166
2225208,2,VALIDATED,1789018291662
2225208,3,PROCESSED,1789018291745
2225209,1,INITIATED,1789018291167
2225209,2,VALIDATED,1789018291521
2225209,3,PROCESSED,1789018291721
2225210,1,INITIATED,1789018291168
2225210,2,VALIDATED,1789018291664
2225210,3,PROCESSED,1789018291745
2225211,1,INITIATED,1789018291167
2225211,2,VALIDATED,1789018291538
2225211,3,PROCESSED,1789018291743
2225212,1,INITIATED,1789018291168
2225212,2,VALIDATED,1789018291664
2225212,3,PROCESSED,1789018291719
2225213,1,INITIATED,1789018291168
2225213,2,VALIDATED,1789018291662
2225213,3,PROCESSED,1789018291743
2225214,1,INITIATED,1789018291169
2225214,2,VALIDATED,1789018291520
2225214,3,PROCESSED,1789018291721
2225215,1,INITIATED,1789018291169
2225215,2,VALIDATED,1789018291662
2225215,3,PROCESSED,1789018291743
2225216,1,INITIATED,1789018291168
2225216,2,VALIDATED,1789018291538
2225216,3,PROCESSED,1789018291745
2225217,1,INITIATED,1789018291169
2225217,2,VALIDATED,1789018291662
2225217,3,PROCESSED,1789018291742
2225218,1,INITIATED,1789018291169
2225218,2,VALIDATED,1789018291527
2225218,3,PROCESSED,1789018291740
2225219,1,INITIATED,1789018291170
2225219,2,VALIDATED,1789018291716
2225219,3,PROCESSED,1789018291771
2225220,1,INITIATED,1789018291169
2225220,2,VALIDATED,1789018291519
2225220,3,PROCESSED,1789018291722
2225221,1,INITIATED,1789018291170
2225221,2,VALIDATED,1789018291715
2225221,3,PROCESSED,1789018291772
2225222,1,INITIATED,1789018291168
2225222,2,VALIDATED,1789018291665
2225222,3,PROCESSED,1789018291745
2225223,1,INITIATED,1789018291517
2225223,2,VALIDATED,1789018291713
2225223,3,PROCESSED,1789018291770
2225224,1,INITIATED,1789018291524
2225224,2,VALIDATED,1789018291736
2225224,3,PROCESSED,1789018291771
2225225,1,INITIATED,1789018291519
2225225,2,VALIDATED,1789018291714
2225225,3,PROCESSED,1789018291772
2225226,1,INITIATED,1789018291518
2225226,2,VALIDATED,1789018291732
2225226,3,PROCESSED,1789018291770
2225227,1,INITIATED,1789018291519
2225227,2,VALIDATED,1789018291715
2225227,3,PROCESSED,1789018291746
2225228,1,INITIATED,1789018291661
2225228,2,VALIDATED,1789018291718
2225228,3,PROCESSED,1789018291747
2225229,1,INITIATED,1789018291661
2225229,2,VALIDATED,1789018291737
2225229,3,PROCESSED,1789018291768
2225230,1,INITIATED,1789018291664
2225230,2,VALIDATED,1789018291740
2225230,3,PROCESSED,1789018291784
2225231,1,INITIATED,1789018291664
2225231,2,VALIDATED,1789018291746
2225231,3,PROCESSED,1789018291771
2225232,1,INITIATED,1789018291665
2225232,2,VALIDATED,1789018291735
2225232,3,PROCESSED,1789018291768
2225233,1,INITIATED,1789018291678
2225233,2,VALIDATED,1789018291746
2225233,3,PROCESSED,1789018291771
2225234,1,INITIATED,1789018291678
2225234,2,VALIDATED,1789018291737
2225234,3,PROCESSED,1789018291772
2225235,1,INITIATED,1789018291678
2225235,2,VALIDATED,1789018291741
2225235,3,PROCESSED,1789018291771
2225236,1,INITIATED,1789018291678
2225236,2,VALIDATED,1789018291741
2225236,3,PROCESSED,1789018291785
2225237,1,INITIATED,1789018291678
2225237,2,VALIDATED,1789018291759
2225237,3,PROCESSED,1789018291784
2225238,1,INITIATED,1789018291678
2225238,2,VALIDATED,1789018291742
2225238,3,PROCESSED,1789018291772
2225239,1,INITIATED,1789018291678
2225239,2,VALIDATED,1789018291736
2225239,3,PROCESSED,1789018291770
2225240,1,INITIATED,1789018291678
2225240,2,VALIDATED,1789018291740
2225240,3,PROCESSED,1789018291769
2225241,1,INITIATED,1789018291678
2225241,2,VALIDATED,1789018291743
2225241,3,PROCESSED,1789018291773
2225242,1,INITIATED,1789018291678
2225242,2,VALIDATED,1789018291738
2225242,3,PROCESSED,1789018291770
2225243,1,INITIATED,1789018291715
2225243,2,VALIDATED,1789018291744
2225243,3,PROCESSED,1789018291772
2225244,1,INITIATED,1789018291719
2225244,2,VALIDATED,1789018291739
2225244,3,PROCESSED,1789018291769
2225245,1,INITIATED,1789018291717
2225245,2,VALIDATED,1789018291745
2225245,3,PROCESSED,1789018291769
2225246,1,INITIATED,1789018291718
2225246,2,VALIDATED,1789018291745
2225246,3,PROCESSED,1789018291772
2225247,1,INITIATED,1789018291716
2225247,2,VALIDATED,1789018291765
2225247,3,PROCESSED,1789018291785
2225248,1,INITIATED,1789018291718
2225248,2,VALIDATED,1789018291744
2225248,3,PROCESSED,1789018291772
2225249,1,INITIATED,1789018291717
2225249,2,VALIDATED,1789018291762
2225249,3,PROCESSED,1789018291785
2225250,1,INITIATED,1789018291717
2225250,2,VALIDATED,1789018291744
2225250,3,PROCESSED,1789018291769
2225251,1,INITIATED,1789018291720
2225251,2,VALIDATED,1789018291739
2225251,3,PROCESSED,1789018291772
2225252,1,INITIATED,1789018291732
2225252,2,VALIDATED,1789018291763
2225252,3,PROCESSED,1789018291784
2225253,1,INITIATED,1789018291733
2225253,2,VALIDATED,1789018291764
2225253,3,PROCESSED,1789018291785
2225254,1,INITIATED,1789018291741
2225254,2,VALIDATED,1789018291770
2225254,3,PROCESSED,1789018291785
2225255,1,INITIATED,1789018291764
2225255,2,VALIDATED,1789018291783
2225255,3,PROCESSED,1789018291788
2225256,1,INITIATED,1789018291763
2225256,2,VALIDATED,1789018291784
2225256,3,PROCESSED,1789018291788
2225257,1,INITIATED,1789018291782
2225257,2,VALIDATED,1789018291786
2225257,3,PROCESSED,1789018291805
2225258,1,INITIATED,1789018291801
2225258,2,VALIDATED,1789018291804
2225258,3,PROCESSED,1789018291808
2225259,1,INITIATED,1789018291820
2225259,2,VALIDATED,1789018291827
2225259,3,PROCESSED,1789018291831
2225260,1,INITIATED,1789018291840
2225260,2,VALIDATED,1789018291850
2225260,3,REJECTED,1789018291852
2225261,1,INITIATED,1789018291860
2225261,2,VALIDATED,1789018291862
2225261,3,REJECTED,1789018291864
2225262,1,INITIATED,1789018291881
2225262,2,VALIDATED,1789018291885
2225262,3,REJECTED,1789018291888
2225263,1,INITIATED,1789018291900
2225263,2,VALIDATED,1789018291903
2225263,3,REJECTED,1789018291906
2225264,1,INITIATED,1789018291921
2225264,2,VALIDATED,1789018291923
2225264,3,PROCESSED,1789018291927
2225265,1,INITIATED,1789018291940
2225265,2,VALIDATED,1789018291942
2225265,3,PROCESSED,1789018291945
2225266,1,INITIATED,1789018291961
2225266,2,VALIDATED,1789018291963
2225266,3,PROCESSED,1789018291967
2225267,1,INITIATED,1789018291980
2225267,2,VALIDATED,1789018292242
2225267,3,PROCESSED,1789018292385
2225268,1,INITIATED,1789018292240
2225268,2,VALIDATED,1789018292383
2225268,3,PROCESSED,1789018292762
2225269,1,INITIATED,1789018292240
2225269,2,VALIDATED,1789018292244
2225269,3,PROCESSED,1789018292386
2225270,1,INITIATED,1789018292241
2225270,2,VALIDATED,1789018292384
2225270,3,PROCESSED,1789018292760
2225271,1,INITIATED,1789018292240
2225271,2,VALIDATED,1789018292380
2225271,3,PROCESSED,1789018292762
2225272,1,INITIATED,1789018292241
2225272,2,VALIDATED,1789018292384
2225272,3,PROCESSED,1789018292762
2225273,1,INITIATED,1789018292241
2225273,2,VALIDATED,1789018292384
2225273,3,PROCESSED,1789018292763
2225274,1,INITIATED,1789018292241
2225274,2,VALIDATED,1789018292385
2225274,3,PROCESSED,1789018292763
2225275,1,INITIATED,1789018292239
2225275,2,VALIDATED,1789018292379
2225275,3,PROCESSED,1789018292762
2225276,1,INITIATED,1789018292239
2225276,2,VALIDATED,1789018292378
2225276,3,PROCESSED,1789018292762
2225277,1,INITIATED,1789018292241
2225277,2,VALIDATED,1789018292384
2225277,3,PROCESSED,1789018292762
2225278,1,INITIATED,1789018292241
2225278,2,VALIDATED,1789018292384
2225278,3,PROCESSED,1789018292763
2225279,1,INITIATED,1789018292242
2225279,2,VALIDATED,1789018292384
2225279,3,PROCESSED,1789018292763
2225280,1,INITIATED,1789018292242
2225280,2,VALIDATED,1789018292380
2225280,3,PROCESSED,1789018292763
2225281,1,INITIATED,1789018292379
2225281,2,VALIDATED,1789018292755
2225281,3,PROCESSED,1789018292895
2225282,1,INITIATED,1789018292380
2225282,2,VALIDATED,1789018292753
2225282,3,PROCESSED,1789018292895
2225283,1,INITIATED,1789018292384
2225283,2,VALIDATED,1789018292757
2225283,3,PROCESSED,1789018292897
2225284,1,INITIATED,1789018292379
2225284,2,VALIDATED,1789018292755
2225284,3,PROCESSED,1789018292896
2225285,1,INITIATED,1789018292379
2225285,2,VALIDATED,1789018292759
2225285,3,PROCESSED,1789018292896
2225286,1,INITIATED,1789018292382
2225286,2,VALIDATED,1789018292760
2225286,3,PROCESSED,1789018292895
2225287,1,INITIATED,1789018292382
2225287,2,VALIDATED,1789018292753
2225287,3,PROCESSED,1789018292895
2225288,1,INITIATED,1789018292430
2225288,2,VALIDATED,1789018292756
2225288,3,PROCESSED,1789018292896
2225289,1,INITIATED,1789018292430
2225289,2,VALIDATED,1789018292757
2225289,3,PROCESSED,1789018292896
2225290,1,INITIATED,1789018292751
2225290,2,VALIDATED,1789018292893
2225290,3,PROCESSED,1789018292947
2225291,1,INITIATED,1789018292760
2225291,2,VALIDATED,1789018292894
2225291,3,PROCESSED,1789018292946
2225292,1,INITIATED,1789018292757
2225292,2,VALIDATED,1789018292892
2225292,3,PROCESSED,1789018292948
2225293,1,INITIATED,1789018292751
2225293,2,VALIDATED,1789018292888
2225293,3,PROCESSED,1789018292946
2225294,1,INITIATED,1789018292756
2225294,2,VALIDATED,1789018292893
2225294,3,PROCESSED,1789018292948
2225295,1,INITIATED,1789018292754
2225295,2,VALIDATED,1789018292890
2225295,3,PROCESSED,1789018292946
2225296,1,INITIATED,1789018292752
2225296,2,VALIDATED,1789018292888
2225296,3,PROCESSED,1789018292946
2225297,1,INITIATED,1789018292751
2225297,2,VALIDATED,1789018292894
2225297,3,PROCESSED,1789018292948
2225298,1,INITIATED,1789018292752
2225298,2,VALIDATED,1789018292889
2225298,3,PROCESSED,1789018292947
2225299,1,INITIATED,1789018292752
2225299,2,VALIDATED,1789018292895
2225299,3,PROCESSED,1789018292945
2225300,1,INITIATED,1789018292752
2225300,2,VALIDATED,1789018292891
2225300,3,PROCESSED,1789018292946
2225301,1,INITIATED,1789018292761
2225301,2,VALIDATED,1789018292894
2225301,3,PROCESSED,1789018292946
2225302,1,INITIATED,1789018292775
2225302,2,VALIDATED,1789018292938
2225302,3,PROCESSED,1789018292949
2225303,1,INITIATED,1789018292775
2225303,2,VALIDATED,1789018292942
2225303,3,PROCESSED,1789018292951
2225304,1,INITIATED,1789018292775
2225304,2,VALIDATED,1789018292942
2225304,3,PROCESSED,1789018292951
2225305,1,INITIATED,1789018292886
2225305,2,VALIDATED,1789018292941
2225305,3,PROCESSED,1789018292951
2225306,1,INITIATED,1789018292887
2225306,2,VALIDATED,1789018292945
2225306,3,PROCESSED,1789018292952
2225307,1,INITIATED,1789018292894
2225307,2,VALIDATED,1789018292944
2225307,3,PROCESSED,1789018292952
2225308,1,INITIATED,1789018292888
2225308,2,VALIDATED,1789018292940
2225308,3,PROCESSED,1789018292950
2225309,1,INITIATED,1789018292892
2225309,2,VALIDATED,1789018292940
2225309,3,PROCESSED,1789018292950
2225310,1,INITIATED,1789018292892
2225310,2,VALIDATED,1789018292942
2225310,3,PROCESSED,1789018292950
2225311,1,INITIATED,1789018292893
2225311,2,VALIDATED,1789018292940
2225311,3,PROCESSED,1789018292950
2225312,1,INITIATED,1789018292891
2225312,2,VALIDATED,1789018292944
2225312,3,PROCESSED,1789018292951
2225313,1,INITIATED,1789018292938
2225313,2,VALIDATED,1789018292947
2225313,3,PROCESSED,1789018292953
2225314,1,INITIATED,1789018292938
2225314,2,VALIDATED,1789018292946
2225314,3,PROCESSED,1789018292953
2225315,1,INITIATED,1789018292943
2225315,2,VALIDATED,1789018292949
2225315,3,PROCESSED,1789018292954
2225316,1,INITIATED,1789018292960
2225316,2,VALIDATED,1789018292963
2225316,3,PROCESSED,1789018292966
2225317,1,INITIATED,1789018293358
2225317,2,VALIDATED,1789018293531
2225317,3,PROCESSED,1789018293619
2225318,1,INITIATED,1789018293359
2225318,2,VALIDATED,1789018293534
2225318,3,PROCESSED,1789018293617
2225319,1,INITIATED,1789018293359
2225319,2,VALIDATED,1789018293538
2225319,3,PROCESSED,1789018293617
2225320,1,INITIATED,1789018293361
2225320,2,VALIDATED,1789018293536
2225320,3,PROCESSED,1789018293623
2225321,1,INITIATED,1789018293361
2225321,2,VALIDATED,1789018293533
2225321,3,PROCESSED,1789018293622
2225322,1,INITIATED,1789018293358
2225322,2,VALIDATED,1789018293539
2225322,3,PROCESSED,1789018293619
2225323,1,INITIATED,1789018293359
2225323,2,VALIDATED,1789018293538
2225323,3,PROCESSED,1789018293618
2225324,1,INITIATED,1789018293361
2225324,2,VALIDATED,1789018293534
2225324,3,PROCESSED,1789018293621
2225325,1,INITIATED,1789018293361
2225325,2,VALIDATED,1789018293537
2225325,3,PROCESSED,1789018293620
2225326,1,INITIATED,1789018293358
2225326,2,VALIDATED,1789018293531
2225326,3,PROCESSED,1789018293622
2225327,1,INITIATED,1789018293359
2225327,2,VALIDATED,1789018293538
2225327,3,PROCESSED,1789018293623
2225328,1,INITIATED,1789018293361
2225328,2,VALIDATED,1789018293538
2225328,3,PROCESSED,1789018293619
2225329,1,INITIATED,1789018293359
2225329,2,VALIDATED,1789018293538
2225329,3,PROCESSED,1789018293621
2225330,1,INITIATED,1789018293361
2225330,2,VALIDATED,1789018293537
2225330,3,PROCESSED,1789018293618
2225331,1,INITIATED,1789018293359
2225331,2,VALIDATED,1789018293533
2225331,3,PROCESSED,1789018293617
2225332,1,INITIATED,1789018293358
2225332,2,VALIDATED,1789018293538
2225332,3,PROCESSED,1789018293620
2225333,1,INITIATED,1789018293361
2225333,2,VALIDATED,1789018293538
2225333,3,PROCESSED,1789018293621
2225334,1,INITIATED,1789018293360
2225334,2,VALIDATED,1789018293537
2225334,3,PROCESSED,1789018293616
2225335,1,INITIATED,1789018293358
2225335,2,VALIDATED,1789018293538
2225335,3,PROCESSED,1789018293618
2225336,1,INITIATED,1789018293362
2225336,2,VALIDATED,1789018293536
2225336,3,PROCESSED,1789018293619
2225337,1,INITIATED,1789018293531
2225337,2,VALIDATED,1789018293614
2225337,3,PROCESSED,1789018293625
2225338,1,INITIATED,1789018293531
2225338,2,VALIDATED,1789018293613
2225338,3,PROCESSED,1789018293626
2225339,1,INITIATED,1789018293530
2225339,2,VALIDATED,1789018293614
2225339,3,PROCESSED,1789018293624
2225340,1,INITIATED,1789018293534
2225340,2,VALIDATED,1789018293613
2225340,3,PROCESSED,1789018293624
2225341,1,INITIATED,1789018293530
2225341,2,VALIDATED,1789018293612
2225341,3,PROCESSED,1789018293624
2225342,1,INITIATED,1789018293538
2225342,2,VALIDATED,1789018293614
2225342,3,PROCESSED,1789018293625
2225343,1,INITIATED,1789018293532
2225343,2,VALIDATED,1789018293615
2225343,3,PROCESSED,1789018293625
2225344,1,INITIATED,1789018293530
2225344,2,VALIDATED,1789018293615
2225344,3,PROCESSED,1789018293626
2225345,1,INITIATED,1789018293541
2225345,2,VALIDATED,1789018293614
2225345,3,PROCESSED,1789018293625
2225346,1,INITIATED,1789018293561
2225346,2,VALIDATED,1789018293620
2225346,3,PROCESSED,1789018293626
2225347,1,INITIATED,1789018293581
2225347,2,VALIDATED,1789018293618
2225347,3,PROCESSED,1789018293627
2225348,1,INITIATED,1789018293601
2225348,2,VALIDATED,1789018293617
2225348,3,PROCESSED,1789018293626
2225349,1,INITIATED,1789018293622
2225349,2,VALIDATED,1789018293646
2225349,3,PROCESSED,1789018293669
2225350,1,INITIATED,1789018293641
2225350,2,VALIDATED,1789018293646
2225350,3,PROCESSED,1789018293668
2225351,1,INITIATED,1789018293660
2225351,2,VALIDATED,1789018293668
2225351,3,PROCESSED,1789018293672
2225352,1,INITIATED,1789018293681
2225352,2,VALIDATED,1789018293697
2225352,3,PROCESSED,1789018293702
2225353,1,INITIATED,1789018293700
2225353,2,VALIDATED,1789018293703
2225353,3,PROCESSED,1789018293726
2225354,1,INITIATED,1789018293721
2225354,2,VALIDATED,1789018293725
2225354,3,PROCESSED,1789018293728
2225355,1,INITIATED,1789018293741
2225355,2,VALIDATED,1789018293750
2225355,3,PROCESSED,1789018293753
2225356,1,INITIATED,1789018293760
2225356,2,VALIDATED,1789018293780
2225356,3,PROCESSED,1789018293784
2225357,1,INITIATED,1789018293780
2225357,2,VALIDATED,1789018293783
2225357,3,PROCESSED,1789018293805
2225358,1,INITIATED,1789018293800
2225358,2,VALIDATED,1789018293804
2225358,3,PROCESSED,1789018293808
2225359,1,INITIATED,1789018293821
2225359,2,VALIDATED,1789018293834
2225359,3,PROCESSED,1789018293838
2225360,1,INITIATED,1789018293841
2225360,2,VALIDATED,1789018293843
2225360,3,REJECTED,1789018293845
2225361,1,INITIATED,1789018293886
2225361,2,VALIDATED,1789018294050
2225361,3,REJECTED,1789018294073
2225362,1,INITIATED,1789018293886
2225362,2,VALIDATED,1789018294050
2225362,3,REJECTED,1789018294072
2225363,1,INITIATED,1789018293901
2225363,2,VALIDATED,1789018294050
2225363,3,REJECTED,1789018294073
2225364,1,INITIATED,1789018293920
2225364,2,VALIDATED,1789018294051
2225364,3,PROCESSED,1789018294075
2225365,1,INITIATED,1789018293941
2225365,2,VALIDATED,1789018294051
2225365,3,PROCESSED,1789018294075
2225366,1,INITIATED,1789018293961
2225366,2,VALIDATED,1789018294051
2225366,3,PROCESSED,1789018294074
2225367,1,INITIATED,1789018293980
2225367,2,VALIDATED,1789018294051
2225367,3,PROCESSED,1789018294075
2225368,1,INITIATED,1789018294001
2225368,2,VALIDATED,1789018294051
2225368,3,PROCESSED,1789018294074
2225369,1,INITIATED,1789018294021
2225369,2,VALIDATED,1789018294051
2225369,3,PROCESSED,1789018294074
2225370,1,INITIATED,1789018294041
2225370,2,VALIDATED,1789018294051
2225370,3,PROCESSED,1789018294075
2225371,1,INITIATED,1789018294061
2225371,2,VALIDATED,1789018294073
2225371,3,PROCESSED,1789018294097
2225372,1,INITIATED,1789018294080
2225372,2,VALIDATED,1789018294096
2225372,3,PROCESSED,1789018294119
2225373,1,INITIATED,1789018294100
2225373,2,VALIDATED,1789018294118
2225373,3,PROCESSED,1789018294121
2225374,1,INITIATED,1789018294120
2225374,2,VALIDATED,1789018294122
2225374,3,PROCESSED,1789018294125
2225375,1,INITIATED,1789018294141
2225375,2,VALIDATED,1789018294147
2225375,3,PROCESSED,1789018294170
2225376,1,INITIATED,1789018294160
2225376,2,VALIDATED,1789018294169
2225376,3,PROCESSED,1789018294173
2225377,1,INITIATED,1789018294180
2225377,2,VALIDATED,1789018294196
2225377,3,PROCESSED,1789018294199
2225378,1,INITIATED,1789018294200
2225378,2,VALIDATED,1789018294221
2225378,3,PROCESSED,1789018294225
2225379,1,INITIATED,1789018294221
2225379,2,VALIDATED,1789018294224
2225379,3,PROCESSED,1789018294246
2225380,1,INITIATED,1789018294241
2225380,2,VALIDATED,1789018294245
2225380,3,PROCESSED,1789018294249
2225381,1,INITIATED,1789018294260
2225381,2,VALIDATED,1789018294274
2225381,3,PROCESSED,1789018294277
2225382,1,INITIATED,1789018294280
2225382,2,VALIDATED,1789018294298
2225382,3,PROCESSED,1789018294303
2225383,1,INITIATED,1789018294301
2225383,2,VALIDATED,1789018294304
2225383,3,PROCESSED,1789018294308
2225384,1,INITIATED,1789018294321
2225384,2,VALIDATED,1789018294324
2225384,3,PROCESSED,1789018294328
2225385,1,INITIATED,1789018294340
2225385,2,VALIDATED,1789018294344
2225385,3,PROCESSED,1789018294368
2225386,1,INITIATED,1789018294361
2225386,2,VALIDATED,1789018294367
2225386,3,PROCESSED,1789018294371
2225387,1,INITIATED,1789018294380
2225387,2,VALIDATED,1789018294384
2225387,3,PROCESSED,1789018294388
2225388,1,INITIATED,1789018294400
2225388,2,VALIDATED,1789018294419
2225388,3,PROCESSED,1789018294424
2225389,1,INITIATED,1789018294420
2225389,2,VALIDATED,1789018294423
2225389,3,PROCESSED,1789018294427
2225390,1,INITIATED,1789018294440
2225390,2,VALIDATED,1789018294444
2225390,3,PROCESSED,1789018294447
2225391,1,INITIATED,1789018294460
2225391,2,VALIDATED,1789018294463
2225391,3,PROCESSED,1789018294467
2225392,1,INITIATED,1789018294481
2225392,2,VALIDATED,1789018294486
2225392,3,PROCESSED,1789018294491
2225393,1,INITIATED,1789018294501
2225393,2,VALIDATED,1789018294506
2225393,3,PROCESSED,1789018294511
2225394,1,INITIATED,1789018294521
2225394,2,VALIDATED,1789018294525
2225394,3,PROCESSED,1789018294529
2225395,1,INITIATED,1789018294552
2225395,2,VALIDATED,1789018294731
2225395,3,PROCESSED,1789018294738
2225396,1,INITIATED,1789018294600
2225396,2,VALIDATED,1789018294731
2225396,3,PROCESSED,1789018294738
2225397,1,INITIATED,1789018294600
2225397,2,VALIDATED,1789018294731
2225397,3,PROCESSED,1789018294738
2225398,1,INITIATED,1789018294602
2225398,2,VALIDATED,1789018294731
2225398,3,PROCESSED,1789018294738
2225399,1,INITIATED,1789018294730
2225399,2,VALIDATED,1789018294735
2225399,3,PROCESSED,1789018294745
2225400,1,INITIATED,1789018294730
2225400,2,VALIDATED,1789018294736
2225400,3,PROCESSED,1789018294782
2225401,1,INITIATED,1789018294730
2225401,2,VALIDATED,1789018294736
2225401,3,PROCESSED,1789018294782
2225402,1,INITIATED,1789018294730
2225402,2,VALIDATED,1789018294735
2225402,3,PROCESSED,1789018294745
2225403,1,INITIATED,1789018294730
2225403,2,VALIDATED,1789018294736
2225403,3,PROCESSED,1789018294782
2225404,1,INITIATED,1789018294730
2225404,2,VALIDATED,1789018294736
2225404,3,PROCESSED,1789018294782
2225405,1,INITIATED,1789018294741
2225405,2,VALIDATED,1789018294790
2225405,3,PROCESSED,1789018294963
2225406,1,INITIATED,1789018294778
2225406,2,VALIDATED,1789018294963
2225406,3,PROCESSED,1789018294970
2225407,1,INITIATED,1789018294781
2225407,2,VALIDATED,1789018294962
2225407,3,PROCESSED,1789018294970
2225408,1,INITIATED,1789018294962
2225408,2,VALIDATED,1789018294969
2225408,3,PROCESSED,1789018294980
2225409,1,INITIATED,1789018294961
2225409,2,VALIDATED,1789018294966
2225409,3,PROCESSED,1789018294980
2225410,1,INITIATED,1789018294961
2225410,2,VALIDATED,1789018294968
2225410,3,PROCESSED,1789018294980
2225411,1,INITIATED,1789018294961
2225411,2,VALIDATED,1789018294968
2225411,3,PROCESSED,1789018294979
2225412,1,INITIATED,1789018294962
2225412,2,VALIDATED,1789018294968
2225412,3,PROCESSED,1789018294980
2225413,1,INITIATED,1789018294961
2225413,2,VALIDATED,1789018294968
2225413,3,PROCESSED,1789018294979
2225414,1,INITIATED,1789018294962
2225414,2,VALIDATED,1789018294969
2225414,3,PROCESSED,1789018294979
2225415,1,INITIATED,1789018294962
2225415,2,VALIDATED,1789018294969
2225415,3,PROCESSED,1789018294980
2225416,1,INITIATED,1789018294963
2225416,2,VALIDATED,1789018294968
2225416,3,PROCESSED,1789018294979
2225417,1,INITIATED,1789018294980
2225417,2,VALIDATED,1789018295021
2225417,3,PROCESSED,1789018295028
2225418,1,INITIATED,1789018295008
2225418,2,VALIDATED,1789018295023
2225418,3,PROCESSED,1789018295035
2225419,1,INITIATED,1789018295021
2225419,2,VALIDATED,1789018295034
2225419,3,PROCESSED,1789018295038
2225420,1,INITIATED,1789018295040
2225420,2,VALIDATED,1789018295043
2225420,3,PROCESSED,1789018295047
2225421,1,INITIATED,1789018295061
2225421,2,VALIDATED,1789018295064
2225421,3,PROCESSED,1789018295068
2225422,1,INITIATED,1789018295081
2225422,2,VALIDATED,1789018295085
2225422,3,PROCESSED,1789018295089
2225423,1,INITIATED,1789018295101
2225423,2,VALIDATED,1789018295106
2225423,3,PROCESSED,1789018295114
2225424,1,INITIATED,1789018295121
2225424,2,VALIDATED,1789018295134
2225424,3,PROCESSED,1789018295141
2225425,1,INITIATED,1789018295140
2225425,2,VALIDATED,1789018295144
2225425,3,PROCESSED,1789018295151
2225426,1,INITIATED,1789018295160
2225426,2,VALIDATED,1789018295163
2225426,3,PROCESSED,1789018295167
2225427,1,INITIATED,1789018295181
2225427,2,VALIDATED,1789018295184
2225427,3,PROCESSED,1789018295190
2225428,1,INITIATED,1789018295201
2225428,2,VALIDATED,1789018295242
2225428,3,PROCESSED,1789018295255
2225429,1,INITIATED,1789018295221
2225429,2,VALIDATED,1789018295243
2225429,3,PROCESSED,1789018295255
2225430,1,INITIATED,1789018295241
2225430,2,VALIDATED,1789018295244
2225430,3,PROCESSED,1789018295255
2225431,1,INITIATED,1789018295260
2225431,2,VALIDATED,1789018295264
2225431,3,PROCESSED,1789018295274
2225432,1,INITIATED,1789018295281
2225432,2,VALIDATED,1789018295284
2225432,3,PROCESSED,1789018295288
2225433,1,INITIATED,1789018295301
2225433,2,VALIDATED,1789018295304
2225433,3,PROCESSED,1789018295308
2225434,1,INITIATED,1789018295321
2225434,2,VALIDATED,1789018295324
2225434,3,PROCESSED,1789018295328
2225435,1,INITIATED,1789018295341
2225435,2,VALIDATED,1789018295345
2225435,3,PROCESSED,1789018295349
2225436,1,INITIATED,1789018295361
2225436,2,VALIDATED,1789018295363
2225436,3,PROCESSED,1789018295367
2225437,1,INITIATED,1789018295381
2225437,2,VALIDATED,1789018295384
2225437,3,PROCESSED,1789018295388
2225438,1,INITIATED,1789018295400
2225438,2,VALIDATED,1789018295404
2225438,3,PROCESSED,1789018295410
2225439,1,INITIATED,1789018295421
2225439,2,VALIDATED,1789018295424
2225439,3,PROCESSED,1789018295427
2225440,1,INITIATED,1789018295441
2225440,2,VALIDATED,1789018295444
2225440,3,PROCESSED,1789018295447
2225441,1,INITIATED,1789018295461
2225441,2,VALIDATED,1789018295464
2225441,3,PROCESSED,1789018295466
2225442,1,INITIATED,1789018295480
2225442,2,VALIDATED,1789018295483
2225442,3,PROCESSED,1789018295485
2225443,1,INITIATED,1789018295500
2225443,2,VALIDATED,1789018295503
2225443,3,PROCESSED,1789018295508
2225444,1,INITIATED,1789018295520
2225444,2,VALIDATED,1789018295524
2225444,3,PROCESSED,1789018295527
2225445,1,INITIATED,1789018295541
2225445,2,VALIDATED,1789018295543
2225445,3,PROCESSED,1789018295546
2225446,1,INITIATED,1789018295566
2225446,2,VALIDATED,1789018295577
2225446,3,PROCESSED,1789018295909
2225447,1,INITIATED,1789018295646
2225447,2,VALIDATED,1789018295910
2225447,3,PROCESSED,1789018295955
2225448,1,INITIATED,1789018295646
2225448,2,VALIDATED,1789018295909
2225448,3,PROCESSED,1789018295956
2225449,1,INITIATED,1789018295646
2225449,2,VALIDATED,1789018295910
2225449,3,PROCESSED,1789018295955
2225450,1,INITIATED,1789018295646
2225450,2,VALIDATED,1789018295910
2225450,3,PROCESSED,1789018295956
2225451,1,INITIATED,1789018295910
2225451,2,VALIDATED,1789018295953
2225451,3,PROCESSED,1789018295971
2225452,1,INITIATED,1789018295909
2225452,2,VALIDATED,1789018295951
2225452,3,PROCESSED,1789018295971
2225453,1,INITIATED,1789018295909
2225453,2,VALIDATED,1789018295952
2225453,3,PROCESSED,1789018295971
2225454,1,INITIATED,1789018295909
2225454,2,VALIDATED,1789018295951
2225454,3,PROCESSED,1789018295971
2225455,1,INITIATED,1789018295908
2225455,2,VALIDATED,1789018295916
2225455,3,PROCESSED,1789018295960
2225456,1,INITIATED,1789018295908
2225456,2,VALIDATED,1789018295917
2225456,3,PROCESSED,1789018295960
2225457,1,INITIATED,1789018295910
2225457,2,VALIDATED,1789018295951
2225457,3,PROCESSED,1789018295971
2225458,1,INITIATED,1789018295909
2225458,2,VALIDATED,1789018295916
2225458,3,PROCESSED,1789018295960
2225459,1,INITIATED,1789018295909
2225459,2,VALIDATED,1789018295952
2225459,3,PROCESSED,1789018295971
2225460,1,INITIATED,1789018295910
2225460,2,VALIDATED,1789018295950
2225460,3,REJECTED,1789018295969
2225461,1,INITIATED,1789018295909
2225461,2,VALIDATED,1789018295917
2225461,3,REJECTED,1789018295958
2225462,1,INITIATED,1789018295908
2225462,2,VALIDATED,1789018295952
2225462,3,REJECTED,1789018295969
2225463,1,INITIATED,1789018295908
2225463,2,VALIDATED,1789018295916
2225463,3,REJECTED,1789018295959
2225464,1,INITIATED,1789018295948
2225464,2,VALIDATED,1789018295969
2225464,3,PROCESSED,1789018295975
2225465,1,INITIATED,1789018295949
2225465,2,VALIDATED,1789018295969
2225465,3,PROCESSED,1789018295975
2225466,1,INITIATED,1789018295960
2225466,2,VALIDATED,1789018295974
2225466,3,PROCESSED,1789018295978
2225467,1,INITIATED,1789018295980
2225467,2,VALIDATED,1789018295981
2225467,3,PROCESSED,1789018295984
2225468,1,INITIATED,1789018296001
2225468,2,VALIDATED,1789018296007
2225468,3,PROCESSED,1789018296011
2225469,1,INITIATED,1789018296021
2225469,2,VALIDATED,1789018296024
2225469,3,PROCESSED,1789018296028
2225470,1,INITIATED,1789018296041
2225470,2,VALIDATED,1789018296044
2225470,3,PROCESSED,1789018296048
2225471,1,INITIATED,1789018296060
2225471,2,VALIDATED,1789018296063
2225471,3,PROCESSED,1789018296066
2225472,1,INITIATED,1789018296081
2225472,2,VALIDATED,1789018296083
2225472,3,PROCESSED,1789018296087
2225473,1,INITIATED,1789018296101
2225473,2,VALIDATED,1789018296105
2225473,3,PROCESSED,1789018296109
2225474,1,INITIATED,1789018296121
2225474,2,VALIDATED,1789018296124
2225474,3,PROCESSED,1789018296127
2225475,1,INITIATED,1789018296140
2225475,2,VALIDATED,1789018296144
2225475,3,PROCESSED,1789018296147
2225476,1,INITIATED,1789018296160
2225476,2,VALIDATED,1789018296163
2225476,3,PROCESSED,1789018296166
2225477,1,INITIATED,1789018296180
2225477,2,VALIDATED,1789018296183
2225477,3,PROCESSED,1789018296186
2225478,1,INITIATED,1789018296200
2225478,2,VALIDATED,1789018296203
2225478,3,PROCESSED,1789018296206
2225479,1,INITIATED,1789018296220
2225479,2,VALIDATED,1789018296223
2225479,3,PROCESSED,1789018296226
2225480,1,INITIATED,1789018296240
2225480,2,VALIDATED,1789018296244
2225480,3,PROCESSED,1789018296248
2225481,1,INITIATED,1789018296260
2225481,2,VALIDATED,1789018296265
2225481,3,PROCESSED,1789018296269
2225482,1,INITIATED,1789018296280
2225482,2,VALIDATED,1789018296283
2225482,3,PROCESSED,1789018296286
2225483,1,INITIATED,1789018296300
2225483,2,VALIDATED,1789018296303
2225483,3,PROCESSED,1789018296306
2225484,1,INITIATED,1789018296320
2225484,2,VALIDATED,1789018296323
2225484,3,PROCESSED,1789018296329
2225485,1,INITIATED,1789018296341
2225485,2,VALIDATED,1789018296344
2225485,3,PROCESSED,1789018296346
2225486,1,INITIATED,1789018296360
2225486,2,VALIDATED,1789018296363
2225486,3,PROCESSED,1789018296366
2225487,1,INITIATED,1789018296380
2225487,2,VALIDATED,1789018296382
2225487,3,PROCESSED,1789018296388
2225488,1,INITIATED,1789018296400
2225488,2,VALIDATED,1789018296406
2225488,3,PROCESSED,1789018296411
2225489,1,INITIATED,1789018296421
2225489,2,VALIDATED,1789018296424
2225489,3,PROCESSED,1789018296428
2225490,1,INITIATED,1789018296440
2225490,2,VALIDATED,1789018296444
2225490,3,PROCESSED,1789018296447
2225491,1,INITIATED,1789018296460
2225491,2,VALIDATED,1789018296463
2225491,3,PROCESSED,1789018296468
2225492,1,INITIATED,1789018296480
2225492,2,VALIDATED,1789018296483
2225492,3,PROCESSED,1789018296486
2225493,1,INITIATED,1789018296501
2225493,2,VALIDATED,1789018296504
2225493,3,PROCESSED,1789018296507
2225494,1,INITIATED,1789018296520
2225494,2,VALIDATED,1789018296524
2225494,3,PROCESSED,1789018296526
2225495,1,INITIATED,1789018296541
2225495,2,VALIDATED,1789018296545
2225495,3,PROCESSED,1789018296548
2225496,1,INITIATED,1789018296718
2225496,2,VALIDATED,1789018296735
2225496,3,PROCESSED,1789018296960
2225497,1,INITIATED,1789018296718
2225497,2,VALIDATED,1789018296735
2225497,3,PROCESSED,1789018296961
2225498,1,INITIATED,1789018296718
2225498,2,VALIDATED,1789018296736
2225498,3,PROCESSED,1789018296960
2225499,1,INITIATED,1789018296718
2225499,2,VALIDATED,1789018296735
2225499,3,PROCESSED,1789018296962
2225500,1,INITIATED,1789018296718
2225500,2,VALIDATED,1789018296735
2225500,3,PROCESSED,1789018296962
2225501,1,INITIATED,1789018296718
2225501,2,VALIDATED,1789018296735
2225501,3,PROCESSED,1789018296962
2225502,1,INITIATED,1789018296718
2225502,2,VALIDATED,1789018296735
2225502,3,PROCESSED,1789018296960
2225503,1,INITIATED,1789018296718
2225503,2,VALIDATED,1789018296724
2225503,3,PROCESSED,1789018296798
2225504,1,INITIATED,1789018296720
2225504,2,VALIDATED,1789018296735
2225504,3,PROCESSED,1789018296962
2225505,1,INITIATED,1789018296794
2225505,2,VALIDATED,1789018296960
2225505,3,PROCESSED,1789018296974
2225506,1,INITIATED,1789018296794
2225506,2,VALIDATED,1789018296959
2225506,3,PROCESSED,1789018296974
2225507,1,INITIATED,1789018296794
2225507,2,VALIDATED,1789018296959
2225507,3,PROCESSED,1789018296974
2225508,1,INITIATED,1789018296804
2225508,2,VALIDATED,1789018296960
2225508,3,PROCESSED,1789018296973
2225509,1,INITIATED,1789018296958
2225509,2,VALIDATED,1789018296972
2225509,3,PROCESSED,1789018297032
2225510,1,INITIATED,1789018296959
2225510,2,VALIDATED,1789018296972
2225510,3,PROCESSED,1789018297032
2225511,1,INITIATED,1789018296958
2225511,2,VALIDATED,1789018296972
2225511,3,PROCESSED,1789018297032
2225512,1,INITIATED,1789018296958
2225512,2,VALIDATED,1789018296972
2225512,3,PROCESSED,1789018297032
2225513,1,INITIATED,1789018296958
2225513,2,VALIDATED,1789018296971
2225513,3,PROCESSED,1789018297032
2225514,1,INITIATED,1789018296958
2225514,2,VALIDATED,1789018296972
2225514,3,PROCESSED,1789018297032
2225515,1,INITIATED,1789018296958
2225515,2,VALIDATED,1789018296971
2225515,3,PROCESSED,1789018297032
2225516,1,INITIATED,1789018296961
2225516,2,VALIDATED,1789018296972
2225516,3,PROCESSED,1789018297032
2225517,1,INITIATED,1789018297020
2225517,2,VALIDATED,1789018297037
2225517,3,PROCESSED,1789018297040
2225518,1,INITIATED,1789018297019
2225518,2,VALIDATED,1789018297037
2225518,3,PROCESSED,1789018297045
2225519,1,INITIATED,1789018297020
2225519,2,VALIDATED,1789018297037
2225519,3,PROCESSED,1789018297045
2225520,1,INITIATED,1789018297040
2225520,2,VALIDATED,1789018297044
2225520,3,PROCESSED,1789018297048
2225521,1,INITIATED,1789018297060
2225521,2,VALIDATED,1789018297064
2225521,3,PROCESSED,1789018297068
2225522,1,INITIATED,1789018297080
2225522,2,VALIDATED,1789018297085
2225522,3,PROCESSED,1789018297089
2225523,1,INITIATED,1789018297100
2225523,2,VALIDATED,1789018297104
2225523,3,PROCESSED,1789018297107
2225524,1,INITIATED,1789018297121
2225524,2,VALIDATED,1789018297124
2225524,3,PROCESSED,1789018297129
2225525,1,INITIATED,1789018297141
2225525,2,VALIDATED,1789018297144
2225525,3,PROCESSED,1789018297146
2225526,1,INITIATED,1789018297160
2225526,2,VALIDATED,1789018297163
2225526,3,PROCESSED,1789018297167
2225527,1,INITIATED,1789018297181
2225527,2,VALIDATED,1789018297184
2225527,3,PROCESSED,1789018297188
2225528,1,INITIATED,1789018297201
2225528,2,VALIDATED,1789018297204
2225528,3,PROCESSED,1789018297208
2225529,1,INITIATED,1789018297220
2225529,2,VALIDATED,1789018297223
2225529,3,PROCESSED,1789018297226
2225530,1,INITIATED,1789018297241
2225530,2,VALIDATED,1789018297246
2225530,3,PROCESSED,1789018297250
2225531,1,INITIATED,1789018297260
2225531,2,VALIDATED,1789018297262
2225531,3,PROCESSED,1789018297266
2225532,1,INITIATED,1789018297281
2225532,2,VALIDATED,1789018297285
2225532,3,PROCESSED,1789018297290
2225533,1,INITIATED,1789018297301
2225533,2,VALIDATED,1789018297305
2225533,3,PROCESSED,1789018297311
2225534,1,INITIATED,1789018297321
2225534,2,VALIDATED,1789018297324
2225534,3,PROCESSED,1789018297328
2225535,1,INITIATED,1789018297340
2225535,2,VALIDATED,1789018297348
2225535,3,PROCESSED,1789018297352
2225536,1,INITIATED,1789018297360
2225536,2,VALIDATED,1789018297364
2225536,3,PROCESSED,1789018297369
2225537,1,INITIATED,1789018297381
2225537,2,VALIDATED,1789018297385
2225537,3,PROCESSED,1789018297388
2225538,1,INITIATED,1789018297401
2225538,2,VALIDATED,1789018297404
2225538,3,PROCESSED,1789018297407
2225539,1,INITIATED,1789018297421
2225539,2,VALIDATED,1789018297423
2225539,3,PROCESSED,1789018297426
2225540,1,INITIATED,1789018297441
2225540,2,VALIDATED,1789018297445
2225540,3,PROCESSED,1789018297448
2225541,1,INITIATED,1789018297460
2225541,2,VALIDATED,1789018297463
2225541,3,PROCESSED,1789018297466
2225542,1,INITIATED,1789018297481
2225542,2,VALIDATED,1789018297484
2225542,3,PROCESSED,1789018297487
2225543,1,INITIATED,1789018297501
2225543,2,VALIDATED,1789018297505
2225543,3,PROCESSED,1789018297509
2225544,1,INITIATED,1789018297521
2225544,2,VALIDATED,1789018297524
2225544,3,PROCESSED,1789018297527
2225545,1,INITIATED,1789018297540
2225545,2,VALIDATED,1789018297546
2225545,3,PROCESSED,1789018297549
2225546,1,INITIATED,1789018297732
2225546,2,VALIDATED,1789018297737
2225546,3,PROCESSED,1789018297794
2225547,1,INITIATED,1789018297732
2225547,2,VALIDATED,1789018297737
2225547,3,PROCESSED,1789018297794
2225548,1,INITIATED,1789018297732
2225548,2,VALIDATED,1789018297737
2225548,3,PROCESSED,1789018297794
2225549,1,INITIATED,1789018297733
2225549,2,VALIDATED,1789018297737
2225549,3,PROCESSED,1789018297741
2225550,1,INITIATED,1789018297732
2225550,2,VALIDATED,1789018297737
2225550,3,PROCESSED,1789018297794
2225551,1,INITIATED,1789018297733
2225551,2,VALIDATED,1789018297737
2225551,3,PROCESSED,1789018297794
2225552,1,INITIATED,1789018297732
2225552,2,VALIDATED,1789018297737
2225552,3,PROCESSED,1789018297795
2225553,1,INITIATED,1789018297733
2225553,2,VALIDATED,1789018297737
2225553,3,PROCESSED,1789018297794
2225554,1,INITIATED,1789018297733
2225554,2,VALIDATED,1789018297737
2225554,3,PROCESSED,1789018297794
2225555,1,INITIATED,1789018297741
2225555,2,VALIDATED,1789018297794
2225555,3,PROCESSED,1789018297978
2225556,1,INITIATED,1789018297760
2225556,2,VALIDATED,1789018297794
2225556,3,PROCESSED,1789018297978
2225557,1,INITIATED,1789018297792
2225557,2,VALIDATED,1789018297802
2225557,3,PROCESSED,1789018297981
2225558,1,INITIATED,1789018297801
2225558,2,VALIDATED,1789018297979
2225558,3,PROCESSED,1789018298032
2225559,1,INITIATED,1789018297978
2225559,2,VALIDATED,1789018297985
2225559,3,PROCESSED,1789018298035
2225560,1,INITIATED,1789018297978
2225560,2,VALIDATED,1789018297982
2225560,3,REJECTED,1789018298023
2225561,1,INITIATED,1789018297979
2225561,2,VALIDATED,1789018298024
2225561,3,REJECTED,1789018298043
2225562,1,INITIATED,1789018297978
2225562,2,VALIDATED,1789018297985
2225562,3,REJECTED,1789018298034
2225563,1,INITIATED,1789018297978
2225563,2,VALIDATED,1789018297982
2225563,3,REJECTED,1789018298024
2225564,1,INITIATED,1789018297978
2225564,2,VALIDATED,1789018297982
2225564,3,PROCESSED,1789018298032
2225565,1,INITIATED,1789018297978
2225565,2,VALIDATED,1789018297985
2225565,3,PROCESSED,1789018298035
2225566,1,INITIATED,1789018297978
2225566,2,VALIDATED,1789018297985
2225566,3,PROCESSED,1789018298035
2225567,1,INITIATED,1789018297981
2225567,2,VALIDATED,1789018298024
2225567,3,PROCESSED,1789018298044
2225568,1,INITIATED,1789018298021
2225568,2,VALIDATED,1789018298042
2225568,3,PROCESSED,1789018298047
2225569,1,INITIATED,1789018298021
2225569,2,VALIDATED,1789018298042
2225569,3,PROCESSED,1789018298047
2225570,1,INITIATED,1789018298040
2225570,2,VALIDATED,1789018298045
2225570,3,PROCESSED,1789018298050
2225571,1,INITIATED,1789018298060
2225571,2,VALIDATED,1789018298062
2225571,3,PROCESSED,1789018298065
2225572,1,INITIATED,1789018298081
2225572,2,VALIDATED,1789018298084
2225572,3,PROCESSED,1789018298087
2225573,1,INITIATED,1789018298100
2225573,2,VALIDATED,1789018298103
2225573,3,PROCESSED,1789018298106
2225574,1,INITIATED,1789018298121
2225574,2,VALIDATED,1789018298124
2225574,3,PROCESSED,1789018298126
2225575,1,INITIATED,1789018298141
2225575,2,VALIDATED,1789018298143
2225575,3,PROCESSED,1789018298146
2225576,1,INITIATED,1789018298160
2225576,2,VALIDATED,1789018298163
2225576,3,PROCESSED,1789018298166
2225577,1,INITIATED,1789018298180
2225577,2,VALIDATED,1789018298183
2225577,3,PROCESSED,1789018298187
2225578,1,INITIATED,1789018298200
2225578,2,VALIDATED,1789018298205
2225578,3,PROCESSED,1789018298209
2225579,1,INITIATED,1789018298221
2225579,2,VALIDATED,1789018298223
2225579,3,PROCESSED,1789018298226
2225580,1,INITIATED,1789018298240
2225580,2,VALIDATED,1789018298243
2225580,3,PROCESSED,1789018298246
2225581,1,INITIATED,1789018298260
2225581,2,VALIDATED,1789018298264
2225581,3,PROCESSED,1789018298266
2225582,1,INITIATED,1789018298280
2225582,2,VALIDATED,1789018298283
2225582,3,PROCESSED,1789018298288
2225583,1,INITIATED,1789018298300
2225583,2,VALIDATED,1789018298303
2225583,3,PROCESSED,1789018298306
2225584,1,INITIATED,1789018298320
2225584,2,VALIDATED,1789018298323
2225584,3,PROCESSED,1789018298326
2225585,1,INITIATED,1789018298340
2225585,2,VALIDATED,1789018298343
2225585,3,PROCESSED,1789018298346
2225586,1,INITIATED,1789018298360
2225586,2,VALIDATED,1789018298362
2225586,3,PROCESSED,1789018298365
2225587,1,INITIATED,1789018298380
2225587,2,VALIDATED,1789018298383
2225587,3,PROCESSED,1789018298386
2225588,1,INITIATED,1789018298400
2225588,2,VALIDATED,1789018298403
2225588,3,PROCESSED,1789018298405
2225589,1,INITIATED,1789018298421
2225589,2,VALIDATED,1789018298423
2225589,3,PROCESSED,1789018298426
2225590,1,INITIATED,1789018298441
2225590,2,VALIDATED,1789018298443
2225590,3,PROCESSED,1789018298447
2225591,1,INITIATED,1789018298460
2225591,2,VALIDATED,1789018298464
2225591,3,PROCESSED,1789018298466
2225592,1,INITIATED,1789018298480
2225592,2,VALIDATED,1789018298483
2225592,3,PROCESSED,1789018298486
2225593,1,INITIATED,1789018298501
2225593,2,VALIDATED,1789018298504
2225593,3,PROCESSED,1789018298509
2225594,1,INITIATED,1789018298521
2225594,2,VALIDATED,1789018298524
2225594,3,PROCESSED,1789018298526
2225595,1,INITIATED,1789018298540
2225595,2,VALIDATED,1789018298544
2225595,3,PROCESSED,1789018298548
2225596,1,INITIATED,1789018298675
2225596,2,VALIDATED,1789018298681
2225596,3,PROCESSED,1789018298808
2225597,1,INITIATED,1789018298675
2225597,2,VALIDATED,1789018298682
2225597,3,PROCESSED,1789018298807
2225598,1,INITIATED,1789018298675
2225598,2,VALIDATED,1789018298681
2225598,3,PROCESSED,1789018298807
2225599,1,INITIATED,1789018298675
2225599,2,VALIDATED,1789018298681
2225599,3,PROCESSED,1789018298807
2225600,1,INITIATED,1789018298675
2225600,2,VALIDATED,1789018298681
2225600,3,PROCESSED,1789018298807
2225601,1,INITIATED,1789018298675
2225601,2,VALIDATED,1789018298681
2225601,3,PROCESSED,1789018298807
2225602,1,INITIATED,1789018298681
2225602,2,VALIDATED,1789018298806
2225602,3,PROCESSED,1789018299201
2225603,1,INITIATED,1789018298753
2225603,2,VALIDATED,1789018299197
2225603,3,PROCESSED,1789018299345
2225604,1,INITIATED,1789018298753
2225604,2,VALIDATED,1789018299197
2225604,3,PROCESSED,1789018299344
2225605,1,INITIATED,1789018298753
2225605,2,VALIDATED,1789018299197
2225605,3,PROCESSED,1789018299345
2225606,1,INITIATED,1789018298760
2225606,2,VALIDATED,1789018299198
2225606,3,PROCESSED,1789018299345
2225607,1,INITIATED,1789018298803
2225607,2,VALIDATED,1789018299198
2225607,3,PROCESSED,1789018299346
2225608,1,INITIATED,1789018298803
2225608,2,VALIDATED,1789018299198
2225608,3,PROCESSED,1789018299346
2225609,1,INITIATED,1789018298821
2225609,2,VALIDATED,1789018299199
2225609,3,PROCESSED,1789018299345
2225610,1,INITIATED,1789018299198
2225610,2,VALIDATED,1789018299341
2225610,3,PROCESSED,1789018299399
2225611,1,INITIATED,1789018299197
2225611,2,VALIDATED,1789018299358
2225611,3,PROCESSED,1789018299404
2225612,1,INITIATED,1789018299198
2225612,2,VALIDATED,1789018299342
2225612,3,PROCESSED,1789018299401
2225613,1,INITIATED,1789018299199
2225613,2,VALIDATED,1789018299341
2225613,3,PROCESSED,1789018299405
2225614,1,INITIATED,1789018299199
2225614,2,VALIDATED,1789018299341
2225614,3,PROCESSED,1789018299406
2225615,1,INITIATED,1789018299198
2225615,2,VALIDATED,1789018299344
2225615,3,PROCESSED,1789018299401
2225616,1,INITIATED,1789018299198
2225616,2,VALIDATED,1789018299343
2225616,3,PROCESSED,1789018299404
2225617,1,INITIATED,1789018299199
2225617,2,VALIDATED,1789018299342
2225617,3,PROCESSED,1789018299405
2225618,1,INITIATED,1789018299200
2225618,2,VALIDATED,1789018299342
2225618,3,PROCESSED,1789018299405
2225619,1,INITIATED,1789018299198
2225619,2,VALIDATED,1789018299344
2225619,3,PROCESSED,1789018299406
2225620,1,INITIATED,1789018299199
2225620,2,VALIDATED,1789018299342
2225620,3,PROCESSED,1789018299404
2225621,1,INITIATED,1789018299198
2225621,2,VALIDATED,1789018299341
2225621,3,PROCESSED,1789018299405
2225622,1,INITIATED,1789018299199
2225622,2,VALIDATED,1789018299344
2225622,3,PROCESSED,1789018299407
2225623,1,INITIATED,1789018299199
2225623,2,VALIDATED,1789018299344
2225623,3,PROCESSED,1789018299404
2225624,1,INITIATED,1789018299199
2225624,2,VALIDATED,1789018299341
2225624,3,PROCESSED,1789018299406
2225625,1,INITIATED,1789018299197
2225625,2,VALIDATED,1789018299342
2225625,3,PROCESSED,1789018299396
2225626,1,INITIATED,1789018299199
2225626,2,VALIDATED,1789018299342
2225626,3,PROCESSED,1789018299402
2225627,1,INITIATED,1789018299200
2225627,2,VALIDATED,1789018299340
2225627,3,PROCESSED,1789018299397
2225628,1,INITIATED,1789018299201
2225628,2,VALIDATED,1789018299343
2225628,3,PROCESSED,1789018299404
2225629,1,INITIATED,1789018299343
2225629,2,VALIDATED,1789018299399
2225629,3,PROCESSED,1789018299411
2225630,1,INITIATED,1789018299344
2225630,2,VALIDATED,1789018299398
2225630,3,PROCESSED,1789018299410
2225631,1,INITIATED,1789018299340
2225631,2,VALIDATED,1789018299401
2225631,3,PROCESSED,1789018299412
2225632,1,INITIATED,1789018299338
2225632,2,VALIDATED,1789018299402
2225632,3,PROCESSED,1789018299410
2225633,1,INITIATED,1789018299338
2225633,2,VALIDATED,1789018299399
2225633,3,PROCESSED,1789018299410
2225634,1,INITIATED,1789018299344
2225634,2,VALIDATED,1789018299394
2225634,3,PROCESSED,1789018299407
2225635,1,INITIATED,1789018299392
2225635,2,VALIDATED,1789018299398
2225635,3,PROCESSED,1789018299410
2225636,1,INITIATED,1789018299392
2225636,2,VALIDATED,1789018299399
2225636,3,PROCESSED,1789018299409
2225637,1,INITIATED,1789018299398
2225637,2,VALIDATED,1789018299408
2225637,3,PROCESSED,1789018299415
2225638,1,INITIATED,1789018299402
2225638,2,VALIDATED,1789018299408
2225638,3,PROCESSED,1789018299416
2225639,1,INITIATED,1789018299421
2225639,2,VALIDATED,1789018299424
2225639,3,PROCESSED,1789018299428
2225640,1,INITIATED,1789018299440
2225640,2,VALIDATED,1789018299444
2225640,3,PROCESSED,1789018299447
2225641,1,INITIATED,1789018299461
2225641,2,VALIDATED,1789018299464
2225641,3,PROCESSED,1789018299468
2225642,1,INITIATED,1789018299481
2225642,2,VALIDATED,1789018299485
2225642,3,PROCESSED,1789018299506
2225643,1,INITIATED,1789018299501
2225643,2,VALIDATED,1789018299505
2225643,3,PROCESSED,1789018299510
2225644,1,INITIATED,1789018299520
2225644,2,VALIDATED,1789018299523
2225644,3,PROCESSED,1789018299527
2225645,1,INITIATED,1789018299541
2225645,2,VALIDATED,1789018299544
2225645,3,PROCESSED,1789018299547
2225646,1,INITIATED,1789018299560
2225646,2,VALIDATED,1789018299873
2225646,3,PROCESSED,1789018300020
2225647,1,INITIATED,1789018299873
2225647,2,VALIDATED,1789018300019
2225647,3,PROCESSED,1789018300399
2225648,1,INITIATED,1789018299874
2225648,2,VALIDATED,1789018300018
2225648,3,PROCESSED,1789018300401
2225649,1,INITIATED,1789018299874
2225649,2,VALIDATED,1789018300019
2225649,3,PROCESSED,1789018300400
2225650,1,INITIATED,1789018299874
2225650,2,VALIDATED,1789018300018
2225650,3,PROCESSED,1789018300401
2225651,1,INITIATED,1789018299875
2225651,2,VALIDATED,1789018300018
2225651,3,PROCESSED,1789018300400
2225652,1,INITIATED,1789018299874
2225652,2,VALIDATED,1789018300018
2225652,3,PROCESSED,1789018300400
2225653,1,INITIATED,1789018299873
2225653,2,VALIDATED,1789018300019
2225653,3,PROCESSED,1789018300400
2225654,1,INITIATED,1789018299874
2225654,2,VALIDATED,1789018300018
2225654,3,PROCESSED,1789018300401
2225655,1,INITIATED,1789018299873
2225655,2,VALIDATED,1789018300018
2225655,3,PROCESSED,1789018300400
2225656,1,INITIATED,1789018299873
2225656,2,VALIDATED,1789018300018
2225656,3,PROCESSED,1789018300400
2225657,1,INITIATED,1789018299874
2225657,2,VALIDATED,1789018300017
2225657,3,PROCESSED,1789018300400
2225658,1,INITIATED,1789018299873
2225658,2,VALIDATED,1789018300018
2225658,3,PROCESSED,1789018300400
2225659,1,INITIATED,1789018299874
2225659,2,VALIDATED,1789018300019
2225659,3,PROCESSED,1789018300400
2225660,1,INITIATED,1789018299874
2225660,2,VALIDATED,1789018300017
2225660,3,REJECTED,1789018300398
2225661,1,INITIATED,1789018299874
2225661,2,VALIDATED,1789018300018
2225661,3,REJECTED,1789018300073
2225662,1,INITIATED,1789018299880
2225662,2,VALIDATED,1789018300019
2225662,3,REJECTED,1789018300075
2225663,1,INITIATED,1789018300015
2225663,2,VALIDATED,1789018300397
2225663,3,REJECTED,1789018300564
2225664,1,INITIATED,1789018300015
2225664,2,VALIDATED,1789018300397
2225664,3,PROCESSED,1789018300569
2225665,1,INITIATED,1789018300015
2225665,2,VALIDATED,1789018300074
2225665,3,PROCESSED,1789018300568
2225666,1,INITIATED,1789018300015
2225666,2,VALIDATED,1789018300076
2225666,3,PROCESSED,1789018300568
2225667,1,INITIATED,1789018300015
2225667,2,VALIDATED,1789018300074
2225667,3,PROCESSED,1789018300568
2225668,1,INITIATED,1789018300015
2225668,2,VALIDATED,1789018300075
2225668,3,PROCESSED,1789018300566
2225669,1,INITIATED,1789018300021
2225669,2,VALIDATED,1789018300075
2225669,3,PROCESSED,1789018300568
2225670,1,INITIATED,1789018300071
2225670,2,VALIDATED,1789018300399
2225670,3,PROCESSED,1789018300568
2225671,1,INITIATED,1789018300071
2225671,2,VALIDATED,1789018300398
2225671,3,PROCESSED,1789018300568
2225672,1,INITIATED,1789018300398
2225672,2,VALIDATED,1789018300565
2225672,3,PROCESSED,1789018300990
2225673,1,INITIATED,1789018300397
2225673,2,VALIDATED,1789018300568
2225673,3,PROCESSED,1789018300990
2225674,1,INITIATED,1789018300398
2225674,2,VALIDATED,1789018300565
2225674,3,PROCESSED,1789018300990
2225675,1,INITIATED,1789018300399
2225675,2,VALIDATED,1789018300566
2225675,3,PROCESSED,1789018300989
2225676,1,INITIATED,1789018300398
2225676,2,VALIDATED,1789018300564
2225676,3,PROCESSED,1789018300990
2225677,1,INITIATED,1789018300398
2225677,2,VALIDATED,1789018300566
2225677,3,PROCESSED,1789018300990
2225678,1,INITIATED,1789018300399
2225678,2,VALIDATED,1789018300566
2225678,3,PROCESSED,1789018300990
2225679,1,INITIATED,1789018300400
2225679,2,VALIDATED,1789018300583
2225679,3,PROCESSED,1789018300989
2225680,1,INITIATED,1789018300400
2225680,2,VALIDATED,1789018300565
2225680,3,PROCESSED,1789018300989
2225681,1,INITIATED,1789018300416
2225681,2,VALIDATED,1789018300583
2225681,3,PROCESSED,1789018300989
2225682,1,INITIATED,1789018300416
2225682,2,VALIDATED,1789018300569
2225682,3,PROCESSED,1789018300989
2225683,1,INITIATED,1789018300417
2225683,2,VALIDATED,1789018300987
2225683,3,PROCESSED,1789018301133
2225684,1,INITIATED,1789018300417
2225684,2,VALIDATED,1789018300986
2225684,3,PROCESSED,1789018301133
2225685,1,INITIATED,1789018300417
2225685,2,VALIDATED,1789018300987
2225685,3,PROCESSED,1789018301134
2225686,1,INITIATED,1789018300417
2225686,2,VALIDATED,1789018300989
2225686,3,PROCESSED,1789018301168
2225687,1,INITIATED,1789018300563
2225687,2,VALIDATED,1789018300986
2225687,3,PROCESSED,1789018301133
2225688,1,INITIATED,1789018300563
2225688,2,VALIDATED,1789018300987
2225688,3,PROCESSED,1789018301133
2225689,1,INITIATED,1789018300565
2225689,2,VALIDATED,1789018300987
2225689,3,PROCESSED,1789018301168
2225690,1,INITIATED,1789018300564
2225690,2,VALIDATED,1789018300987
2225690,3,PROCESSED,1789018301134
2225691,1,INITIATED,1789018300564
2225691,2,VALIDATED,1789018300988
2225691,3,PROCESSED,1789018301133
2225692,1,INITIATED,1789018300565
2225692,2,VALIDATED,1789018300988
2225692,3,PROCESSED,1789018301133
2225693,1,INITIATED,1789018300565
2225693,2,VALIDATED,1789018300988
2225693,3,PROCESSED,1789018301169
2225694,1,INITIATED,1789018300564
2225694,2,VALIDATED,1789018300986
2225694,3,PROCESSED,1789018301133
2225695,1,INITIATED,1789018300565
2225695,2,VALIDATED,1789018300988
2225695,3,PROCESSED,1789018301168
2225696,1,INITIATED,1789018300564
2225696,2,VALIDATED,1789018300988
2225696,3,PROCESSED,1789018301168
2225697,1,INITIATED,1789018300583
2225697,2,VALIDATED,1789018300989
2225697,3,PROCESSED,1789018301168
2225698,1,INITIATED,1789018300985
2225698,2,VALIDATED,1789018301131
2225698,3,PROCESSED,1789018301170
2225699,1,INITIATED,1789018300985
2225699,2,VALIDATED,1789018301131
2225699,3,PROCESSED,1789018301189
2225700,1,INITIATED,1789018300985
2225700,2,VALIDATED,1789018301131
2225700,3,PROCESSED,1789018301170
2225701,1,INITIATED,1789018300984
2225701,2,VALIDATED,1789018301130
2225701,3,PROCESSED,1789018301169
2225702,1,INITIATED,1789018300987
2225702,2,VALIDATED,1789018301130
2225702,3,PROCESSED,1789018301169
2225703,1,INITIATED,1789018300985
2225703,2,VALIDATED,1789018301129
2225703,3,PROCESSED,1789018301170
2225704,1,INITIATED,1789018300990
2225704,2,VALIDATED,1789018301164
2225704,3,PROCESSED,1789018301189
2225705,1,INITIATED,1789018300990
2225705,2,VALIDATED,1789018301130
2225705,3,PROCESSED,1789018301171
2225706,1,INITIATED,1789018301008
2225706,2,VALIDATED,1789018301168
2225706,3,PROCESSED,1789018301191
2225707,1,INITIATED,1789018301008
2225707,2,VALIDATED,1789018301165
2225707,3,PROCESSED,1789018301190
2225708,1,INITIATED,1789018301008
2225708,2,VALIDATED,1789018301169
2225708,3,PROCESSED,1789018301191
2225709,1,INITIATED,1789018301008
2225709,2,VALIDATED,1789018301168
2225709,3,PROCESSED,1789018301191
2225710,1,INITIATED,1789018301008
2225710,2,VALIDATED,1789018301167
2225710,3,PROCESSED,1789018301191
2225711,1,INITIATED,1789018301008
2225711,2,VALIDATED,1789018301167
2225711,3,PROCESSED,1789018301191
2225712,1,INITIATED,1789018301008
2225712,2,VALIDATED,1789018301167
2225712,3,PROCESSED,1789018301190
2225713,1,INITIATED,1789018301008
2225713,2,VALIDATED,1789018301167
2225713,3,PROCESSED,1789018301191
2225714,1,INITIATED,1789018301129
2225714,2,VALIDATED,1789018301167
2225714,3,PROCESSED,1789018301191
2225715,1,INITIATED,1789018301131
2225715,2,VALIDATED,1789018301166
2225715,3,PROCESSED,1789018301191
2225716,1,INITIATED,1789018301128
2225716,2,VALIDATED,1789018301165
2225716,3,PROCESSED,1789018301191
2225717,1,INITIATED,1789018301130
2225717,2,VALIDATED,1789018301166
2225717,3,PROCESSED,1789018301190
2225718,1,INITIATED,1789018301131
2225718,2,VALIDATED,1789018301166
2225718,3,PROCESSED,1789018301190
2225719,1,INITIATED,1789018301131
2225719,2,VALIDATED,1789018301166
2225719,3,PROCESSED,1789018301190
2225720,1,INITIATED,1789018301131
2225720,2,VALIDATED,1789018301168
2225720,3,PROCESSED,1789018301191
2225721,1,INITIATED,1789018301131
2225721,2,VALIDATED,1789018301167
2225721,3,PROCESSED,1789018301191
2225722,1,INITIATED,1789018301164
2225722,2,VALIDATED,1789018301186
2225722,3,PROCESSED,1789018301208
2225723,1,INITIATED,1789018301164
2225723,2,VALIDATED,1789018301187
2225723,3,PROCESSED,1789018301208
2225724,1,INITIATED,1789018301164
2225724,2,VALIDATED,1789018301187
2225724,3,PROCESSED,1789018301208
2225725,1,INITIATED,1789018301165
2225725,2,VALIDATED,1789018301187
2225725,3,PROCESSED,1789018301208
2225726,1,INITIATED,1789018301166
2225726,2,VALIDATED,1789018301186
2225726,3,PROCESSED,1789018301208
2225727,1,INITIATED,1789018301186
2225727,2,VALIDATED,1789018301206
2225727,3,PROCESSED,1789018301228
2225728,1,INITIATED,1789018301201
2225728,2,VALIDATED,1789018301206
2225728,3,PROCESSED,1789018301228
2225729,1,INITIATED,1789018301221
2225729,2,VALIDATED,1789018301226
2225729,3,PROCESSED,1789018301248
2225730,1,INITIATED,1789018301241
2225730,2,VALIDATED,1789018301246
2225730,3,PROCESSED,1789018301266
2225731,1,INITIATED,1789018301261
2225731,2,VALIDATED,1789018301265
2225731,3,PROCESSED,1789018301269
2225732,1,INITIATED,1789018301281
2225732,2,VALIDATED,1789018301285
2225732,3,PROCESSED,1789018301574
2225733,1,INITIATED,1789018301572
2225733,2,VALIDATED,1789018301738
2225733,3,PROCESSED,1789018301804
2225734,1,INITIATED,1789018301572
2225734,2,VALIDATED,1789018301739
2225734,3,PROCESSED,1789018302131
2225735,1,INITIATED,1789018301572
2225735,2,VALIDATED,1789018301739
2225735,3,PROCESSED,1789018302131
2225736,1,INITIATED,1789018301572
2225736,2,VALIDATED,1789018301739
2225736,3,PROCESSED,1789018302133
2225737,1,INITIATED,1789018301571
2225737,2,VALIDATED,1789018301739
2225737,3,PROCESSED,1789018301803
2225738,1,INITIATED,1789018301572
2225738,2,VALIDATED,1789018301738
2225738,3,PROCESSED,1789018302133
2225739,1,INITIATED,1789018301571
2225739,2,VALIDATED,1789018301738
2225739,3,PROCESSED,1789018302133
2225740,1,INITIATED,1789018301572
2225740,2,VALIDATED,1789018301738
2225740,3,PROCESSED,1789018302132
2225741,1,INITIATED,1789018301572
2225741,2,VALIDATED,1789018301738
2225741,3,PROCESSED,1789018301804
2225742,1,INITIATED,1789018301572
2225742,2,VALIDATED,1789018301738
2225742,3,PROCESSED,1789018301803
2225743,1,INITIATED,1789018301572
2225743,2,VALIDATED,1789018301738
2225743,3,PROCESSED,1789018301804
2225744,1,INITIATED,1789018301572
2225744,2,VALIDATED,1789018301739
2225744,3,PROCESSED,1789018301804
2225745,1,INITIATED,1789018301572
2225745,2,VALIDATED,1789018301739
2225745,3,PROCESSED,1789018301804
2225746,1,INITIATED,1789018301572
2225746,2,VALIDATED,1789018301739
2225746,3,PROCESSED,1789018301804
2225747,1,INITIATED,1789018301581
2225747,2,VALIDATED,1789018301739
2225747,3,PROCESSED,1789018301803
2225748,1,INITIATED,1789018301736
2225748,2,VALIDATED,1789018302131
2225748,3,PROCESSED,1789018302296
2225749,1,INITIATED,1789018301736
2225749,2,VALIDATED,1789018301801
2225749,3,PROCESSED,1789018302134
2225750,1,INITIATED,1789018301736
2225750,2,VALIDATED,1789018301802
2225750,3,PROCESSED,1789018302134
2225751,1,INITIATED,1789018301737
2225751,2,VALIDATED,1789018301802
2225751,3,PROCESSED,1789018302134
2225752,1,INITIATED,1789018301737
2225752,2,VALIDATED,1789018301801
2225752,3,PROCESSED,1789018302134
2225753,1,INITIATED,1789018301737
2225753,2,VALIDATED,1789018301801
2225753,3,PROCESSED,1789018302134
2225754,1,INITIATED,1789018301737
2225754,2,VALIDATED,1789018301801
2225754,3,PROCESSED,1789018302134
2225755,1,INITIATED,1789018301741
2225755,2,VALIDATED,1789018301801
2225755,3,PROCESSED,1789018302134
2225756,1,INITIATED,1789018301798
2225756,2,VALIDATED,1789018302131
2225756,3,PROCESSED,1789018302300
2225757,1,INITIATED,1789018301798
2225757,2,VALIDATED,1789018302132
2225757,3,PROCESSED,1789018302326
2225758,1,INITIATED,1789018301803
2225758,2,VALIDATED,1789018302132
2225758,3,PROCESSED,1789018302301
2225759,1,INITIATED,1789018302131
2225759,2,VALIDATED,1789018302296
2225759,3,PROCESSED,1789018302781
2225760,1,INITIATED,1789018302131
2225760,2,VALIDATED,1789018302296
2225760,3,REJECTED,1789018302776
2225761,1,INITIATED,1789018302133
2225761,2,VALIDATED,1789018302298
2225761,3,REJECTED,1789018302778
2225762,1,INITIATED,1789018302133
2225762,2,VALIDATED,1789018302298
2225762,3,REJECTED,1789018302776
2225763,1,INITIATED,1789018302131
2225763,2,VALIDATED,1789018302256
2225763,3,REJECTED,1789018302328
2225764,1,INITIATED,1789018302133
2225764,2,VALIDATED,1789018302298
2225764,3,PROCESSED,1789018302781
2225765,1,INITIATED,1789018302130
2225765,2,VALIDATED,1789018302256
2225765,3,PROCESSED,1789018302331
2225766,1,INITIATED,1789018302130
2225766,2,VALIDATED,1789018302256
2225766,3,PROCESSED,1789018302330
2225767,1,INITIATED,1789018302131
2225767,2,VALIDATED,1789018302255
2225767,3,PROCESSED,1789018302331
2225768,1,INITIATED,1789018302134
2225768,2,VALIDATED,1789018302298
2225768,3,PROCESSED,1789018302781
2225769,1,INITIATED,1789018302254
2225769,2,VALIDATED,1789018302328
2225769,3,PROCESSED,1789018302782
2225770,1,INITIATED,1789018302255
2225770,2,VALIDATED,1789018302328
2225770,3,PROCESSED,1789018302782
2225771,1,INITIATED,1789018302255
2225771,2,VALIDATED,1789018302327
2225771,3,PROCESSED,1789018302782
2225772,1,INITIATED,1789018302255
2225772,2,VALIDATED,1789018302328
2225772,3,PROCESSED,1789018302781
2225773,1,INITIATED,1789018302255
2225773,2,VALIDATED,1789018302329
2225773,3,PROCESSED,1789018302783
2225774,1,INITIATED,1789018302255
2225774,2,VALIDATED,1789018302328
2225774,3,PROCESSED,1789018302781
2225775,1,INITIATED,1789018302255
2225775,2,VALIDATED,1789018302328
2225775,3,PROCESSED,1789018302781
2225776,1,INITIATED,1789018302255
2225776,2,VALIDATED,1789018302327
2225776,3,PROCESSED,1789018302782
2225777,1,INITIATED,1789018302256
2225777,2,VALIDATED,1789018302328
2225777,3,PROCESSED,1789018302781
2225778,1,INITIATED,1789018302256
2225778,2,VALIDATED,1789018302327
2225778,3,PROCESSED,1789018302782
2225779,1,INITIATED,1789018302256
2225779,2,VALIDATED,1789018302327
2225779,3,PROCESSED,1789018302781
2225780,1,INITIATED,1789018302255
2225780,2,VALIDATED,1789018302329
2225780,3,PROCESSED,1789018302781
2225781,1,INITIATED,1789018302296
2225781,2,VALIDATED,1789018302778
2225781,3,PROCESSED,1789018302972
2225782,1,INITIATED,1789018302297
2225782,2,VALIDATED,1789018302778
2225782,3,PROCESSED,1789018302968
2225783,1,INITIATED,1789018302301
2225783,2,VALIDATED,1789018302777
2225783,3,PROCESSED,1789018302968
2225784,1,INITIATED,1789018302325
2225784,2,VALIDATED,1789018302778
2225784,3,PROCESSED,1789018302968
2225785,1,INITIATED,1789018302366
2225785,2,VALIDATED,1789018302964
2225785,3,PROCESSED,1789018303368
2225786,1,INITIATED,1789018302367
2225786,2,VALIDATED,1789018302963
2225786,3,PROCESSED,1789018302973
2225787,1,INITIATED,1789018302775
2225787,2,VALIDATED,1789018302963
2225787,3,PROCESSED,1789018303365
2225788,1,INITIATED,1789018302775
2225788,2,VALIDATED,1789018302965
2225788,3,PROCESSED,1789018303371
2225789,1,INITIATED,1789018302775
2225789,2,VALIDATED,1789018302971
2225789,3,PROCESSED,1789018303371
2225790,1,INITIATED,1789018302776
2225790,2,VALIDATED,1789018302971
2225790,3,PROCESSED,1789018303370
2225791,1,INITIATED,1789018302777
2225791,2,VALIDATED,1789018302965
2225791,3,PROCESSED,1789018303369
2225792,1,INITIATED,1789018302777
2225792,2,VALIDATED,1789018302965
2225792,3,PROCESSED,1789018303368
2225793,1,INITIATED,1789018302775
2225793,2,VALIDATED,1789018302971
2225793,3,PROCESSED,1789018303370
2225794,1,INITIATED,1789018302774
2225794,2,VALIDATED,1789018302964
2225794,3,PROCESSED,1789018303370
2225795,1,INITIATED,1789018302960
2225795,2,VALIDATED,1789018303010
2225795,3,PROCESSED,1789018303505
2225796,1,INITIATED,1789018302968
2225796,2,VALIDATED,1789018303011
2225796,3,PROCESSED,1789018303911
2225797,1,INITIATED,1789018302964
2225797,2,VALIDATED,1789018303366
2225797,3,PROCESSED,1789018303909
2225798,1,INITIATED,1789018302968
2225798,2,VALIDATED,1789018303364
2225798,3,PROCESSED,1789018303906
2225799,1,INITIATED,1789018302963
2225799,2,VALIDATED,1789018302971
2225799,3,PROCESSED,1789018303370
2225800,1,INITIATED,1789018302968
2225800,2,VALIDATED,1789018303368
2225800,3,PROCESSED,1789018303907
2225801,1,INITIATED,1789018302962
2225801,2,VALIDATED,1789018303011
2225801,3,PROCESSED,1789018303911
2225802,1,INITIATED,1789018302963
2225802,2,VALIDATED,1789018303010
2225802,3,PROCESSED,1789018303505
2225803,1,INITIATED,1789018302967
2225803,2,VALIDATED,1789018303366
2225803,3,PROCESSED,1789018303907
2225804,1,INITIATED,1789018302966
2225804,2,VALIDATED,1789018303367
2225804,3,PROCESSED,1789018303907
2225805,1,INITIATED,1789018302967
2225805,2,VALIDATED,1789018303365
2225805,3,PROCESSED,1789018303508
2225806,1,INITIATED,1789018302967
2225806,2,VALIDATED,1789018303365
2225806,3,PROCESSED,1789018303508
2225807,1,INITIATED,1789018302966
2225807,2,VALIDATED,1789018303365
2225807,3,PROCESSED,1789018303911
2225808,1,INITIATED,1789018302967
2225808,2,VALIDATED,1789018303368
2225808,3,PROCESSED,1789018303506
2225809,1,INITIATED,1789018302967
2225809,2,VALIDATED,1789018303367
2225809,3,PROCESSED,1789018303913
2225810,1,INITIATED,1789018302966
2225810,2,VALIDATED,1789018303367
2225810,3,PROCESSED,1789018303905
2225811,1,INITIATED,1789018302967
2225811,2,VALIDATED,1789018303011
2225811,3,PROCESSED,1789018303509
2225812,1,INITIATED,1789018302966
2225812,2,VALIDATED,1789018303365
2225812,3,PROCESSED,1789018303905
2225813,1,INITIATED,1789018302967
2225813,2,VALIDATED,1789018303364
2225813,3,PROCESSED,1789018303910
2225814,1,INITIATED,1789018302967
2225814,2,VALIDATED,1789018303011
2225814,3,PROCESSED,1789018303506
2225815,1,INITIATED,1789018302967
2225815,2,VALIDATED,1789018303367
2225815,3,PROCESSED,1789018303908
2225816,1,INITIATED,1789018302966
2225816,2,VALIDATED,1789018303367
2225816,3,PROCESSED,1789018303508
2225817,1,INITIATED,1789018303010
2225817,2,VALIDATED,1789018303503
2225817,3,PROCESSED,1789018303912
2225818,1,INITIATED,1789018303011
2225818,2,VALIDATED,1789018303543
2225818,3,PROCESSED,1789018304056
2225819,1,INITIATED,1789018303364
2225819,2,VALIDATED,1789018303543
2225819,3,PROCESSED,1789018304056
2225820,1,INITIATED,1789018303366
2225820,2,VALIDATED,1789018303910
2225820,3,PROCESSED,1789018304060
2225821,1,INITIATED,1789018303503
2225821,2,VALIDATED,1789018303908
2225821,3,PROCESSED,1789018304465
2225822,1,INITIATED,1789018303505
2225822,2,VALIDATED,1789018303905
2225822,3,PROCESSED,1789018304457
2225823,1,INITIATED,1789018303504
2225823,2,VALIDATED,1789018303910
2225823,3,PROCESSED,1789018304456
2225824,1,INITIATED,1789018303505
2225824,2,VALIDATED,1789018303909
2225824,3,PROCESSED,1789018304466
2225825,1,INITIATED,1789018303504
2225825,2,VALIDATED,1789018303907
2225825,3,PROCESSED,1789018304466
2225826,1,INITIATED,1789018303505
2225826,2,VALIDATED,1789018303907
2225826,3,PROCESSED,1789018304067
2225827,1,INITIATED,1789018303507
2225827,2,VALIDATED,1789018304053
2225827,3,PROCESSED,1789018304457
2225828,1,INITIATED,1789018303508
2225828,2,VALIDATED,1789018303910
2225828,3,PROCESSED,1789018304455
2225829,1,INITIATED,1789018303507
2225829,2,VALIDATED,1789018303930
2225829,3,PROCESSED,1789018304588
2225830,1,INITIATED,1789018303504
2225830,2,VALIDATED,1789018303910
2225830,3,PROCESSED,1789018304456
2225831,1,INITIATED,1789018303507
2225831,2,VALIDATED,1789018304060
2225831,3,PROCESSED,1789018304455
2225832,1,INITIATED,1789018303506
2225832,2,VALIDATED,1789018303913
2225832,3,PROCESSED,1789018304058
2225833,1,INITIATED,1789018303508
2225833,2,VALIDATED,1789018304052
2225833,3,PROCESSED,1789018304588
2225834,1,INITIATED,1789018303508
2225834,2,VALIDATED,1789018303914
2225834,3,PROCESSED,1789018304451
2225835,1,INITIATED,1789018303505
2225835,2,VALIDATED,1789018303906
2225835,3,PROCESSED,1789018304465
2225836,1,INITIATED,1789018303508
2225836,2,VALIDATED,1789018304055
2225836,3,PROCESSED,1789018304588
2225837,1,INITIATED,1789018303508
2225837,2,VALIDATED,1789018304051
2225837,3,PROCESSED,1789018304588
2225838,1,INITIATED,1789018303507
2225838,2,VALIDATED,1789018303906
2225838,3,PROCESSED,1789018304466
2225839,1,INITIATED,1789018303507
2225839,2,VALIDATED,1789018303911
2225839,3,PROCESSED,1789018304457
2225840,1,INITIATED,1789018303509
2225840,2,VALIDATED,1789018304055
2225840,3,PROCESSED,1789018304455
2225841,1,INITIATED,1789018303508
2225841,2,VALIDATED,1789018304053
2225841,3,PROCESSED,1789018304588
2225842,1,INITIATED,1789018303509
2225842,2,VALIDATED,1789018303908
2225842,3,PROCESSED,1789018304466
2225843,1,INITIATED,1789018303544
2225843,2,VALIDATED,1789018304057
2225843,3,PROCESSED,1789018304588
2225844,1,INITIATED,1789018303905
2225844,2,VALIDATED,1789018304056
2225844,3,PROCESSED,1789018304587
2225845,1,INITIATED,1789018303905
2225845,2,VALIDATED,1789018304450
2225845,3,PROCESSED,1789018304993
2225846,1,INITIATED,1789018303905
2225846,2,VALIDATED,1789018304452
2225846,3,PROCESSED,1789018304993
2225847,1,INITIATED,1789018304057
2225847,2,VALIDATED,1789018304447
2225847,3,PROCESSED,1789018304992
2225848,1,INITIATED,1789018304052
2225848,2,VALIDATED,1789018304586
2225848,3,PROCESSED,1789018305141
2225849,1,INITIATED,1789018304057
2225849,2,VALIDATED,1789018304587
2225849,3,PROCESSED,1789018305134
2225850,1,INITIATED,1789018304058
2225850,2,VALIDATED,1789018304585
2225850,3,PROCESSED,1789018305124
2225851,1,INITIATED,1789018304055
2225851,2,VALIDATED,1789018304450
2225851,3,PROCESSED,1789018305141
2225852,1,INITIATED,1789018304054
2225852,2,VALIDATED,1789018304456
2225852,3,PROCESSED,1789018305000
2225853,1,INITIATED,1789018304057
2225853,2,VALIDATED,1789018304585
2225853,3,PROCESSED,1789018305140
2225854,1,INITIATED,1789018304058
2225854,2,VALIDATED,1789018304584
2225854,3,PROCESSED,1789018304992
2225855,1,INITIATED,1789018304059
2225855,2,VALIDATED,1789018304583
2225855,3,REJECTED,1789018305127
2225856,1,INITIATED,1789018304058
2225856,2,VALIDATED,1789018304586
2225856,3,REJECTED,1789018305134
2225857,1,INITIATED,1789018304059
2225857,2,VALIDATED,1789018304586
2225857,3,PROCESSED,1789018305141
2225858,1,INITIATED,1789018304059
2225858,2,VALIDATED,1789018304586
2225858,3,PROCESSED,1789018305128
2225859,1,INITIATED,1789018304059
2225859,2,VALIDATED,1789018304585
2225859,3,PROCESSED,1789018305140
2225860,1,INITIATED,1789018304060
2225860,2,VALIDATED,1789018304584
2225860,3,REJECTED,1789018304984
2225861,1,INITIATED,1789018304060
2225861,2,VALIDATED,1789018304454
2225861,3,REJECTED,1789018304984
2225862,1,INITIATED,1789018304060
2225862,2,VALIDATED,1789018304456
2225862,3,PROCESSED,1789018304991
2225863,1,INITIATED,1789018304059
2225863,2,VALIDATED,1789018304583
2225863,3,PROCESSED,1789018305132
2225864,1,INITIATED,1789018304447
2225864,2,VALIDATED,1789018305124
2225864,3,PROCESSED,1789018305649
2225865,1,INITIATED,1789018304449
2225865,2,VALIDATED,1789018304984
2225865,3,PROCESSED,1789018305651
2225866,1,INITIATED,1789018304448
2225866,2,VALIDATED,1789018304982
2225866,3,PROCESSED,1789018305504
2225867,1,INITIATED,1789018304453
2225867,2,VALIDATED,1789018304639
2225867,3,PROCESSED,1789018305505
2225868,1,INITIATED,1789018304454
2225868,2,VALIDATED,1789018304985
2225868,3,PROCESSED,1789018305505
2225869,1,INITIATED,1789018304451
2225869,2,VALIDATED,1789018304985
2225869,3,PROCESSED,1789018305505
2225870,1,INITIATED,1789018304452
2225870,2,VALIDATED,1789018304983
2225870,3,PROCESSED,1789018305504
2225871,1,INITIATED,1789018304456
2225871,2,VALIDATED,1789018304990
2225871,3,PROCESSED,1789018305650
2225872,1,INITIATED,1789018304450
2225872,2,VALIDATED,1789018304982
2225872,3,PROCESSED,1789018305504
2225873,1,INITIATED,1789018304448
2225873,2,VALIDATED,1789018304983
2225873,3,PROCESSED,1789018305505
2225874,1,INITIATED,1789018304585
2225874,2,VALIDATED,1789018305133
2225874,3,PROCESSED,1789018306057
2225875,1,INITIATED,1789018304601
2225875,2,VALIDATED,1789018305131
2225875,3,PROCESSED,1789018305650
2225876,1,INITIATED,1789018304601
2225876,2,VALIDATED,1789018305126
2225876,3,PROCESSED,1789018306057
2225877,1,INITIATED,1789018304601
2225877,2,VALIDATED,1789018305134
2225877,3,PROCESSED,1789018305651
2225878,1,INITIATED,1789018304601
2225878,2,VALIDATED,1789018305497
2225878,3,PROCESSED,1789018306069
2225879,1,INITIATED,1789018304982
2225879,2,VALIDATED,1789018305647
2225879,3,PROCESSED,1789018306600
2225880,1,INITIATED,1789018304640
2225880,2,VALIDATED,1789018305498
2225880,3,PROCESSED,1789018306069
2225881,1,INITIATED,1789018304638
2225881,2,VALIDATED,1789018305133
2225881,3,PROCESSED,1789018305650
2225882,1,INITIATED,1789018304640
2225882,2,VALIDATED,1789018305501
2225882,3,PROCESSED,1789018306058
2225883,1,INITIATED,1789018304637
2225883,2,VALIDATED,1789018305648
2225883,3,PROCESSED,1789018306601
2225884,1,INITIATED,1789018304640
2225884,2,VALIDATED,1789018305494
2225884,3,PROCESSED,1789018306069
2225885,1,INITIATED,1789018304639
2225885,2,VALIDATED,1789018305495
2225885,3,PROCESSED,1789018306058
2225886,1,INITIATED,1789018304984
2225886,2,VALIDATED,1789018305645
2225886,3,PROCESSED,1789018306609
2225887,1,INITIATED,1789018304983
2225887,2,VALIDATED,1789018305500
2225887,3,PROCESSED,1789018306058
2225888,1,INITIATED,1789018304988
2225888,2,VALIDATED,1789018305500
2225888,3,PROCESSED,1789018306611
2225889,1,INITIATED,1789018304986
2225889,2,VALIDATED,1789018305496
2225889,3,PROCESSED,1789018306069
2225890,1,INITIATED,1789018304991
2225890,2,VALIDATED,1789018305647
2225890,3,PROCESSED,1789018306600
2225891,1,INITIATED,1789018304989
2225891,2,VALIDATED,1789018305497
2225891,3,PROCESSED,1789018306056
2225892,1,INITIATED,1789018304989
2225892,2,VALIDATED,1789018305502
2225892,3,PROCESSED,1789018306057
2225893,1,INITIATED,1789018304985
2225893,2,VALIDATED,1789018305651
2225893,3,PROCESSED,1789018306605
2225894,1,INITIATED,1789018304990
2225894,2,VALIDATED,1789018305130
2225894,3,PROCESSED,1789018305649
2225895,1,INITIATED,1789018304986
2225895,2,VALIDATED,1789018305499
2225895,3,PROCESSED,1789018306058
2225896,1,INITIATED,1789018304991
2225896,2,VALIDATED,1789018305129
2225896,3,PROCESSED,1789018305651
2225897,1,INITIATED,1789018304987
2225897,2,VALIDATED,1789018305648
2225897,3,PROCESSED,1789018306601
2225898,1,INITIATED,1789018304990
2225898,2,VALIDATED,1789018305649
2225898,3,PROCESSED,1789018306605
2225899,1,INITIATED,1789018305002
2225899,2,VALIDATED,1789018305496
2225899,3,PROCESSED,1789018305648
2225900,1,INITIATED,1789018305126
2225900,2,VALIDATED,1789018305651
2225900,3,PROCESSED,1789018306220
2225901,1,INITIATED,1789018305127
2225901,2,VALIDATED,1789018305650
2225901,3,PROCESSED,1789018306606
2225902,1,INITIATED,1789018305129
2225902,2,VALIDATED,1789018306047
2225902,3,PROCESSED,1789018306611
2225903,1,INITIATED,1789018305129
2225903,2,VALIDATED,1789018305645
2225903,3,PROCESSED,1789018306601
2225904,1,INITIATED,1789018305129
2225904,2,VALIDATED,1789018305650
2225904,3,PROCESSED,1789018306609
2225905,1,INITIATED,1789018305132
2225905,2,VALIDATED,1789018305647
2225905,3,PROCESSED,1789018306607
2225906,1,INITIATED,1789018305133
2225906,2,VALIDATED,1789018305649
2225906,3,PROCESSED,1789018306220
2225907,1,INITIATED,1789018305133
2225907,2,VALIDATED,1789018305649
2225907,3,PROCESSED,1789018306600
2225908,1,INITIATED,1789018305132
2225908,2,VALIDATED,1789018305649
2225908,3,PROCESSED,1789018306220
2225909,1,INITIATED,1789018305134
2225909,2,VALIDATED,1789018306047
2225909,3,PROCESSED,1789018306816
2225910,1,INITIATED,1789018305133
2225910,2,VALIDATED,1789018306048
2225910,3,PROCESSED,1789018306816
2225911,1,INITIATED,1789018305141
2225911,2,VALIDATED,1789018305651
2225911,3,PROCESSED,1789018306609
2225912,1,INITIATED,1789018305503
2225912,2,VALIDATED,1789018306047
2225912,3,PROCESSED,1789018306811
2225913,1,INITIATED,1789018305497
2225913,2,VALIDATED,1789018305651
2225913,3,PROCESSED,1789018306220
2225914,1,INITIATED,1789018305501
2225914,2,VALIDATED,1789018305648
2225914,3,PROCESSED,1789018306222
2225915,1,INITIATED,1789018305495
2225915,2,VALIDATED,1789018305651
2225915,3,PROCESSED,1789018306604
2225916,1,INITIATED,1789018305502
2225916,2,VALIDATED,1789018306067
2225916,3,PROCESSED,1789018307379
2225917,1,INITIATED,1789018305497
2225917,2,VALIDATED,1789018306046
2225917,3,PROCESSED,1789018306814
2225918,1,INITIATED,1789018305494
2225918,2,VALIDATED,1789018305649
2225918,3,PROCESSED,1789018306609
2225919,1,INITIATED,1789018305502
2225919,2,VALIDATED,1789018305651
2225919,3,PROCESSED,1789018306608
2225920,1,INITIATED,1789018305499
2225920,2,VALIDATED,1789018306051
2225920,3,PROCESSED,1789018306816
2225921,1,INITIATED,1789018305502
2225921,2,VALIDATED,1789018306056
2225921,3,PROCESSED,1789018306830
2225922,1,INITIATED,1789018305498
2225922,2,VALIDATED,1789018306055
2225922,3,PROCESSED,1789018306816
2225923,1,INITIATED,1789018305501
2225923,2,VALIDATED,1789018306048
2225923,3,PROCESSED,1789018306816
2225924,1,INITIATED,1789018305504
2225924,2,VALIDATED,1789018306067
2225924,3,PROCESSED,1789018307382
2225925,1,INITIATED,1789018305646
2225925,2,VALIDATED,1789018306216
2225925,3,PROCESSED,1789018307383
2225926,1,INITIATED,1789018305647
2225926,2,VALIDATED,1789018306217
2225926,3,PROCESSED,1789018307382
2225927,1,INITIATED,1789018305666
2225927,2,VALIDATED,1789018306222
2225927,3,PROCESSED,1789018307383
2225928,1,INITIATED,1789018306048
2225928,2,VALIDATED,1789018306626
2225928,3,PROCESSED,1789018307593
2225929,1,INITIATED,1789018306048
2225929,2,VALIDATED,1789018306813
2225929,3,PROCESSED,1789018307590
2225930,1,INITIATED,1789018306052
2225930,2,VALIDATED,1789018306813
2225930,3,PROCESSED,1789018307591
2225931,1,INITIATED,1789018306046
2225931,2,VALIDATED,1789018306608
2225931,3,PROCESSED,1789018308001
2225932,1,INITIATED,1789018306052
2225932,2,VALIDATED,1789018306812
2225932,3,PROCESSED,1789018307592
2225933,1,INITIATED,1789018306049
2225933,2,VALIDATED,1789018306831
2225933,3,PROCESSED,1789018307824
2225934,1,INITIATED,1789018306045
2225934,2,VALIDATED,1789018306609
2225934,3,PROCESSED,1789018307590
2225935,1,INITIATED,1789018306050
2225935,2,VALIDATED,1789018306814
2225935,3,PROCESSED,1789018307590
2225936,1,INITIATED,1789018306050
2225936,2,VALIDATED,1789018306813
2225936,3,PROCESSED,1789018307593
2225937,1,INITIATED,1789018306046
2225937,2,VALIDATED,1789018306610
2225937,3,PROCESSED,1789018307590
2225938,1,INITIATED,1789018306048
2225938,2,VALIDATED,1789018306815
2225938,3,PROCESSED,1789018307823
2225939,1,INITIATED,1789018306049
2225939,2,VALIDATED,1789018306814
2225939,3,PROCESSED,1789018307593
2225940,1,INITIATED,1789018306045
2225940,2,VALIDATED,1789018306055
2225940,3,PROCESSED,1789018306816
2225941,1,INITIATED,1789018306046
2225941,2,VALIDATED,1789018307382
2225941,3,PROCESSED,1789018308300
2225942,1,INITIATED,1789018306050
2225942,2,VALIDATED,1789018306813
2225942,3,PROCESSED,1789018307590
2225943,1,INITIATED,1789018306046
2225943,2,VALIDATED,1789018306609
2225943,3,PROCESSED,1789018307588
2225944,1,INITIATED,1789018306046
2225944,2,VALIDATED,1789018306610
2225944,3,PROCESSED,1789018307590
2225945,1,INITIATED,1789018306048
2225945,2,VALIDATED,1789018306625
2225945,3,PROCESSED,1789018307591
2225946,1,INITIATED,1789018306049
2225946,2,VALIDATED,1789018306811
2225946,3,PROCESSED,1789018307592
2225947,1,INITIATED,1789018306047
2225947,2,VALIDATED,1789018306625
2225947,3,PROCESSED,1789018307588
2225948,1,INITIATED,1789018306048
2225948,2,VALIDATED,1789018306625
2225948,3,PROCESSED,1789018307590
2225949,1,INITIATED,1789018306052
2225949,2,VALIDATED,1789018307580
2225949,3,PROCESSED,1789018308302
2225950,1,INITIATED,1789018306050
2225950,2,VALIDATED,1789018306814
2225950,3,PROCESSED,1789018307590
2225951,1,INITIATED,1789018306067
2225951,2,VALIDATED,1789018306831
2225951,3,PROCESSED,1789018307824
2225952,1,INITIATED,1789018306218
2225952,2,VALIDATED,1789018307373
2225952,3,PROCESSED,1789018307826
2225953,1,INITIATED,1789018306216
2225953,2,VALIDATED,1789018307374
2225953,3,PROCESSED,1789018307996
2225954,1,INITIATED,1789018306222
2225954,2,VALIDATED,1789018307380
2225954,3,PROCESSED,1789018307998
2225955,1,INITIATED,1789018306222
2225955,2,VALIDATED,1789018307373
2225955,3,PROCESSED,1789018307826
2225956,1,INITIATED,1789018306221
2225956,2,VALIDATED,1789018307378
2225956,3,PROCESSED,1789018307994
2225957,1,INITIATED,1789018306221
2225957,2,VALIDATED,1789018307378
2225957,3,PROCESSED,1789018307999
2225958,1,INITIATED,1789018306222
2225958,2,VALIDATED,1789018307374
2225958,3,PROCESSED,1789018307998
2225959,1,INITIATED,1789018306223
2225959,2,VALIDATED,1789018307378
2225959,3,PROCESSED,1789018308377
2225960,1,INITIATED,1789018306599
2225960,2,VALIDATED,1789018306610
2225960,3,REJECTED,1789018307587
2225961,1,INITIATED,1789018306601
2225961,2,VALIDATED,1789018307821
2225961,3,REJECTED,1789018308375
2225962,1,INITIATED,1789018306600
2225962,2,VALIDATED,1789018307825
2225962,3,REJECTED,1789018308777
2225963,1,INITIATED,1789018306601
2225963,2,VALIDATED,1789018307383
2225963,3,REJECTED,1789018308001
2225964,1,INITIATED,1789018306602
2225964,2,VALIDATED,1789018307383
2225964,3,PROCESSED,1789018308002
2225965,1,INITIATED,1789018306602
2225965,2,VALIDATED,1789018307586
2225965,3,PROCESSED,1789018308302
2225966,1,INITIATED,1789018306599
2225966,2,VALIDATED,1789018307381
2225966,3,PROCESSED,1789018308010
2225967,1,INITIATED,1789018306601
2225967,2,VALIDATED,1789018307825
2225967,3,PROCESSED,1789018308784
2225968,1,INITIATED,1789018306603
2225968,2,VALIDATED,1789018306815
2225968,3,PROCESSED,1789018307591
2225969,1,INITIATED,1789018306605
2225969,2,VALIDATED,1789018307837
2225969,3,PROCESSED,1789018308785
2225970,1,INITIATED,1789018306608
2225970,2,VALIDATED,1789018307586
2225970,3,PROCESSED,1789018308302
2225971,1,INITIATED,1789018306625
2225971,2,VALIDATED,1789018307584
2225971,3,PROCESSED,1789018308304
2225972,1,INITIATED,1789018306812
2225972,2,VALIDATED,1789018307375
2225972,3,PROCESSED,1789018308001
2225973,1,INITIATED,1789018306812
2225973,2,VALIDATED,1789018307589
2225973,3,PROCESSED,1789018307823
2225974,1,INITIATED,1789018306812
2225974,2,VALIDATED,1789018307379
2225974,3,PROCESSED,1789018308405
2225975,1,INITIATED,1789018306814
2225975,2,VALIDATED,1789018307592
2225975,3,PROCESSED,1789018308304
2225976,1,INITIATED,1789018306812
2225976,2,VALIDATED,1789018307590
2225976,3,PROCESSED,1789018308786
2225977,1,INITIATED,1789018306815
2225977,2,VALIDATED,1789018307585
2225977,3,PROCESSED,1789018308302
2225978,1,INITIATED,1789018306814
2225978,2,VALIDATED,1789018308001
2225978,3,PROCESSED,1789018308303
2225979,1,INITIATED,1789018306831
2225979,2,VALIDATED,1789018307819
2225979,3,PROCESSED,1789018309080
2225980,1,INITIATED,1789018307375
2225980,2,VALIDATED,1789018307838
2225980,3,PROCESSED,1789018308785
2225981,1,INITIATED,1789018307376
2225981,2,VALIDATED,1789018307838
2225981,3,PROCESSED,1789018308783
2225982,1,INITIATED,1789018307379
2225982,2,VALIDATED,1789018308403
2225982,3,PROCESSED,1789018308999
2225983,1,INITIATED,1789018307380
2225983,2,VALIDATED,1789018307998
2225983,3,PROCESSED,1789018308794
2225984,1,INITIATED,1789018307374
2225984,2,VALIDATED,1789018307825
2225984,3,PROCESSED,1789018308785
2225985,1,INITIATED,1789018307374
2225985,2,VALIDATED,1789018307838
2225985,3,PROCESSED,1789018308786
2225986,1,INITIATED,1789018307381
2225986,2,VALIDATED,1789018308002
2225986,3,PROCESSED,1789018308786
2225987,1,INITIATED,1789018307373
2225987,2,VALIDATED,1789018307825
2225987,3,PROCESSED,1789018308785
2225988,1,INITIATED,1789018307380
2225988,2,VALIDATED,1789018307581
2225988,3,PROCESSED,1789018308304
2225989,1,INITIATED,1789018307382
2225989,2,VALIDATED,1789018308011
2225989,3,PROCESSED,1789018308793
2225990,1,INITIATED,1789018307376
2225990,2,VALIDATED,1789018307839
2225990,3,PROCESSED,1789018308794
2225991,1,INITIATED,1789018307379
2225991,2,VALIDATED,1789018307582
2225991,3,PROCESSED,1789018308303
2225992,1,INITIATED,1789018307372
2225992,2,VALIDATED,1789018307382
2225992,3,PROCESSED,1789018308300
2225993,1,INITIATED,1789018307374
2225993,2,VALIDATED,1789018307381
2225993,3,PROCESSED,1789018308298
2225994,1,INITIATED,1789018307378
2225994,2,VALIDATED,1789018307838
2225994,3,PROCESSED,1789018308784
2225995,1,INITIATED,1789018307381
2225995,2,VALIDATED,1789018308000
2225995,3,PROCESSED,1789018308785
2225996,1,INITIATED,1789018307378
2225996,2,VALIDATED,1789018308403
2225996,3,PROCESSED,1789018309002
2225997,1,INITIATED,1789018307382
2225997,2,VALIDATED,1789018308002
2225997,3,PROCESSED,1789018308787
2225998,1,INITIATED,1789018307383
2225998,2,VALIDATED,1789018308011
2225998,3,PROCESSED,1789018308794
2225999,1,INITIATED,1789018307383
2225999,2,VALIDATED,1789018307586
2225999,3,PROCESSED,1789018308302
2226000,1,INITIATED,1789018307384
2226000,2,VALIDATED,1789018308011
2226000,3,PROCESSED,1789018308793
2226001,1,INITIATED,1789018307384
2226001,2,VALIDATED,1789018308001
2226001,3,PROCESSED,1789018308793
2226002,1,INITIATED,1789018307387
2226002,2,VALIDATED,1789018308001
2226002,3,PROCESSED,1789018308303
2226003,1,INITIATED,1789018307586
2226003,2,VALIDATED,1789018308300
2226003,3,PROCESSED,1789018308855
2226004,1,INITIATED,1789018307586
2226004,2,VALIDATED,1789018308299
2226004,3,PROCESSED,1789018308854
2226005,1,INITIATED,1789018307584
2226005,2,VALIDATED,1789018308300
2226005,3,PROCESSED,1789018309085
2226006,1,INITIATED,1789018307586
2226006,2,VALIDATED,1789018308300
2226006,3,PROCESSED,1789018308377
2226007,1,INITIATED,1789018307580
2226007,2,VALIDATED,1789018308300
2226007,3,PROCESSED,1789018309083
2226008,1,INITIATED,1789018307587
2226008,2,VALIDATED,1789018308297
2226008,3,PROCESSED,1789018308855
2226009,1,INITIATED,1789018307588
2226009,2,VALIDATED,1789018308300
2226009,3,PROCESSED,1789018308377
2226010,1,INITIATED,1789018307587
2226010,2,VALIDATED,1789018308296
2226010,3,PROCESSED,1789018308852
2226011,1,INITIATED,1789018307588
2226011,2,VALIDATED,1789018308299
2226011,3,PROCESSED,1789018308855
2226012,1,INITIATED,1789018307587
2226012,2,VALIDATED,1789018308301
2226012,3,PROCESSED,1789018308855
2226013,1,INITIATED,1789018307821
2226013,2,VALIDATED,1789018308403
2226013,3,PROCESSED,1789018309002
2226014,1,INITIATED,1789018307815
2226014,2,VALIDATED,1789018308376
2226014,3,PROCESSED,1789018309001
2226015,1,INITIATED,1789018307819
2226015,2,VALIDATED,1789018307838
2226015,3,PROCESSED,1789018308303
2226016,1,INITIATED,1789018307818
2226016,2,VALIDATED,1789018308850
2226016,3,PROCESSED,1789018309094
2226017,1,INITIATED,1789018307821
2226017,2,VALIDATED,1789018308403
2226017,3,PROCESSED,1789018309001
2226018,1,INITIATED,1789018307820
2226018,2,VALIDATED,1789018308781
2226018,3,PROCESSED,1789018308854
2226019,1,INITIATED,1789018307820
2226019,2,VALIDATED,1789018308851
2226019,3,PROCESSED,1789018309002
2226020,1,INITIATED,1789018307817
2226020,2,VALIDATED,1789018308373
2226020,3,PROCESSED,1789018309000
2226021,1,INITIATED,1789018307816
2226021,2,VALIDATED,1789018308376
2226021,3,PROCESSED,1789018309000
2226022,1,INITIATED,1789018307819
2226022,2,VALIDATED,1789018308373
2226022,3,PROCESSED,1789018309001
2226023,1,INITIATED,1789018307815
2226023,2,VALIDATED,1789018308375
2226023,3,PROCESSED,1789018309002
2226024,1,INITIATED,1789018307818
2226024,2,VALIDATED,1789018308376
2226024,3,PROCESSED,1789018309000
2226025,1,INITIATED,1789018307815
2226025,2,VALIDATED,1789018308373
2226025,3,PROCESSED,1789018309002
2226026,1,INITIATED,1789018307818
2226026,2,VALIDATED,1789018308376
2226026,3,PROCESSED,1789018309001
2226027,1,INITIATED,1789018307819
2226027,2,VALIDATED,1789018308846
2226027,3,PROCESSED,1789018309084
2226028,1,INITIATED,1789018307822
2226028,2,VALIDATED,1789018308780
2226028,3,PROCESSED,1789018309079
2226029,1,INITIATED,1789018307817
2226029,2,VALIDATED,1789018308374
2226029,3,PROCESSED,1789018309001
2226030,1,INITIATED,1789018307815
2226030,2,VALIDATED,1789018308374
2226030,3,PROCESSED,1789018309002
2226031,1,INITIATED,1789018307821
2226031,2,VALIDATED,1789018308001
2226031,3,PROCESSED,1789018308303
2226032,1,INITIATED,1789018307815
2226032,2,VALIDATED,1789018308374
2226032,3,PROCESSED,1789018309000
2226033,1,INITIATED,1789018307820
2226033,2,VALIDATED,1789018308403
2226033,3,PROCESSED,1789018309003
2226034,1,INITIATED,1789018307821
2226034,2,VALIDATED,1789018308777
2226034,3,PROCESSED,1789018309084
2226035,1,INITIATED,1789018307822
2226035,2,VALIDATED,1789018308779
2226035,3,PROCESSED,1789018309083
2226036,1,INITIATED,1789018307822
2226036,2,VALIDATED,1789018308375
2226036,3,PROCESSED,1789018309001
2226037,1,INITIATED,1789018307837
2226037,2,VALIDATED,1789018308780
2226037,3,PROCESSED,1789018309082
2226038,1,INITIATED,1789018307838
2226038,2,VALIDATED,1789018308297
2226038,3,PROCESSED,1789018308378
2226039,1,INITIATED,1789018307994
2226039,2,VALIDATED,1789018308779
2226039,3,PROCESSED,1789018309078
2226040,1,INITIATED,1789018308001
2226040,2,VALIDATED,1789018308780
2226040,3,PROCESSED,1789018309078
2226041,1,INITIATED,1789018308000
2226041,2,VALIDATED,1789018308778
2226041,3,PROCESSED,1789018309077
2226042,1,INITIATED,1789018308001
2226042,2,VALIDATED,1789018308786
2226042,3,PROCESSED,1789018308854
2226043,1,INITIATED,1789018308001
2226043,2,VALIDATED,1789018308792
2226043,3,PROCESSED,1789018308855
2226044,1,INITIATED,1789018308294
2226044,2,VALIDATED,1789018308852
2226044,3,PROCESSED,1789018309002
2226045,1,INITIATED,1789018308293
2226045,2,VALIDATED,1789018308852
2226045,3,PROCESSED,1789018309105
2226046,1,INITIATED,1789018308294
2226046,2,VALIDATED,1789018308854
2226046,3,PROCESSED,1789018309085
2226047,1,INITIATED,1789018308294
2226047,2,VALIDATED,1789018308374
2226047,3,PROCESSED,1789018309000
2226048,1,INITIATED,1789018308293
2226048,2,VALIDATED,1789018309083
2226048,3,PROCESSED,1789018309106
2226049,1,INITIATED,1789018308304
2226049,2,VALIDATED,1789018308993
2226049,3,PROCESSED,1789018309094
2226050,1,INITIATED,1789018308372
2226050,2,VALIDATED,1789018308996
2226050,3,PROCESSED,1789018309103
2226051,1,INITIATED,1789018308373
2226051,2,VALIDATED,1789018308997
2226051,3,PROCESSED,1789018309094
2226052,1,INITIATED,1789018308373
2226052,2,VALIDATED,1789018308994
2226052,3,PROCESSED,1789018309113
2226053,1,INITIATED,1789018308403
2226053,2,VALIDATED,1789018308999
2226053,3,REJECTED,1789018309091
2226054,1,INITIATED,1789018308403
2226054,2,VALIDATED,1789018308998
2226054,3,PROCESSED,1789018309093
2226055,1,INITIATED,1789018308403
2226055,2,VALIDATED,1789018308993
2226055,3,REJECTED,1789018309088
2226056,1,INITIATED,1789018308403
2226056,2,VALIDATED,1789018308992
2226056,3,PROCESSED,1789018309105
2226057,1,INITIATED,1789018308403
2226057,2,VALIDATED,1789018308997
2226057,3,REJECTED,1789018309098
2226058,1,INITIATED,1789018308781
2226058,2,VALIDATED,1789018308851
2226058,3,PROCESSED,1789018309104
2226059,1,INITIATED,1789018308778
2226059,2,VALIDATED,1789018309074
2226059,3,REJECTED,1789018309099
2226060,1,INITIATED,1789018308780
2226060,2,VALIDATED,1789018309074
2226060,3,PROCESSED,1789018309085
2226061,1,INITIATED,1789018308782
2226061,2,VALIDATED,1789018309076
2226061,3,PROCESSED,1789018309106
2226062,1,INITIATED,1789018308781
2226062,2,VALIDATED,1789018309078
2226062,3,PROCESSED,1789018309104
2226063,1,INITIATED,1789018308783
2226063,2,VALIDATED,1789018309074
2226063,3,PROCESSED,1789018309085
2226064,1,INITIATED,1789018308782
2226064,2,VALIDATED,1789018309075
2226064,3,PROCESSED,1789018309101
2226065,1,INITIATED,1789018308784
2226065,2,VALIDATED,1789018309074
2226065,3,PROCESSED,1789018309105
2226066,1,INITIATED,1789018308782
2226066,2,VALIDATED,1789018309082
2226066,3,PROCESSED,1789018309106
2226067,1,INITIATED,1789018308781
2226067,2,VALIDATED,1789018309075
2226067,3,PROCESSED,1789018309104
2226068,1,INITIATED,1789018308778
2226068,2,VALIDATED,1789018309073
2226068,3,PROCESSED,1789018309105
2226069,1,INITIATED,1789018308778
2226069,2,VALIDATED,1789018309075
2226069,3,PROCESSED,1789018309103
2226070,1,INITIATED,1789018308792
2226070,2,VALIDATED,1789018309079
2226070,3,PROCESSED,1789018309093
2226071,1,INITIATED,1789018308792
2226071,2,VALIDATED,1789018309081
2226071,3,PROCESSED,1789018309103
2226072,1,INITIATED,1789018308792
2226072,2,VALIDATED,1789018308853
2226072,3,PROCESSED,1789018309101
2226073,1,INITIATED,1789018308847
2226073,2,VALIDATED,1789018309093
2226073,3,PROCESSED,1789018309113
2226074,1,INITIATED,1789018308846
2226074,2,VALIDATED,1789018309079
2226074,3,PROCESSED,1789018309109
2226075,1,INITIATED,1789018308846
2226075,2,VALIDATED,1789018309090
2226075,3,PROCESSED,1789018309108
2226076,1,INITIATED,1789018308851
2226076,2,VALIDATED,1789018309088
2226076,3,PROCESSED,1789018309111
2226077,1,INITIATED,1789018308851
2226077,2,VALIDATED,1789018309089
2226077,3,PROCESSED,1789018309109
2226078,1,INITIATED,1789018308846
2226078,2,VALIDATED,1789018309081
2226078,3,PROCESSED,1789018309109
2226079,1,INITIATED,1789018308849
2226079,2,VALIDATED,1789018309090
2226079,3,PROCESSED,1789018309112
2226080,1,INITIATED,1789018308849
2226080,2,VALIDATED,1789018309101
2226080,3,PROCESSED,1789018309117
2226081,1,INITIATED,1789018308852
2226081,2,VALIDATED,1789018309087
2226081,3,PROCESSED,1789018309106
2226082,1,INITIATED,1789018308849
2226082,2,VALIDATED,1789018309083
2226082,3,PROCESSED,1789018309093
2226083,1,INITIATED,1789018308849
2226083,2,VALIDATED,1789018309089
2226083,3,PROCESSED,1789018309109
2226084,1,INITIATED,1789018308848
2226084,2,VALIDATED,1789018309083
2226084,3,PROCESSED,1789018309102
2226085,1,INITIATED,1789018308848
2226085,2,VALIDATED,1789018309085
2226085,3,PROCESSED,1789018309107
2226086,1,INITIATED,1789018308853
2226086,2,VALIDATED,1789018309085
2226086,3,PROCESSED,1789018309109
2226087,1,INITIATED,1789018308854
2226087,2,VALIDATED,1789018308994
2226087,3,PROCESSED,1789018309093
2226088,1,INITIATED,1789018308991
2226088,2,VALIDATED,1789018309088
2226088,3,PROCESSED,1789018309109
2226089,1,INITIATED,1789018308998
2226089,2,VALIDATED,1789018309090
2226089,3,PROCESSED,1789018309110
2226090,1,INITIATED,1789018309003
2226090,2,VALIDATED,1789018309093
2226090,3,PROCESSED,1789018309114
2226091,1,INITIATED,1789018309003
2226091,2,VALIDATED,1789018309092
2226091,3,PROCESSED,1789018309114
2226092,1,INITIATED,1789018309003
2226092,2,VALIDATED,1789018309093
2226092,3,PROCESSED,1789018309114
2226093,1,INITIATED,1789018309008
2226093,2,VALIDATED,1789018309094
2226093,3,PROCESSED,1789018309114
2226094,1,INITIATED,1789018309008
2226094,2,VALIDATED,1789018309092
2226094,3,PROCESSED,1789018309113
2226095,1,INITIATED,1789018309008
2226095,2,VALIDATED,1789018309083
2226095,3,PROCESSED,1789018309104
2226096,1,INITIATED,1789018309008
2226096,2,VALIDATED,1789018309092
2226096,3,PROCESSED,1789018309112
2226097,1,INITIATED,1789018309008
2226097,2,VALIDATED,1789018309093
2226097,3,PROCESSED,1789018309114
2226098,1,INITIATED,1789018309008
2226098,2,VALIDATED,1789018309093
2226098,3,PROCESSED,1789018309103
2226099,1,INITIATED,1789018309008
2226099,2,VALIDATED,1789018309093
2226099,3,PROCESSED,1789018309102
2226100,1,INITIATED,1789018309008
2226100,2,VALIDATED,1789018309093
2226100,3,PROCESSED,1789018309104
2226101,1,INITIATED,1789018309008
2226101,2,VALIDATED,1789018309096
2226101,3,PROCESSED,1789018309115
2226102,1,INITIATED,1789018309008
2226102,2,VALIDATED,1789018309082
2226102,3,PROCESSED,1789018309114
2226103,1,INITIATED,1789018309073
2226103,2,VALIDATED,1789018309083
2226103,3,PROCESSED,1789018309114
2226104,1,INITIATED,1789018309074
2226104,2,VALIDATED,1789018309098
2226104,3,PROCESSED,1789018309116
2226105,1,INITIATED,1789018309073
2226105,2,VALIDATED,1789018309083
2226105,3,PROCESSED,1789018309102
2226106,1,INITIATED,1789018309075
2226106,2,VALIDATED,1789018309098
2226106,3,PROCESSED,1789018309114
2226107,1,INITIATED,1789018309075
2226107,2,VALIDATED,1789018309099
2226107,3,PROCESSED,1789018309116
2226108,1,INITIATED,1789018309083
2226108,2,VALIDATED,1789018309110
2226108,3,PROCESSED,1789018309122
2226109,1,INITIATED,1789018309081
2226109,2,VALIDATED,1789018309092
2226109,3,PROCESSED,1789018309106
2226110,1,INITIATED,1789018309082
2226110,2,VALIDATED,1789018309087
2226110,3,PROCESSED,1789018309110
2226111,1,INITIATED,1789018309088
2226111,2,VALIDATED,1789018309112
2226111,3,PROCESSED,1789018309123
2226112,1,INITIATED,1789018309088
2226112,2,VALIDATED,1789018309104
2226112,3,PROCESSED,1789018309118
2226113,1,INITIATED,1789018309089
2226113,2,VALIDATED,1789018309106
2226113,3,PROCESSED,1789018309118
2226114,1,INITIATED,1789018309091
2226114,2,VALIDATED,1789018309098
2226114,3,PROCESSED,1789018309115
2226115,1,INITIATED,1789018309091
2226115,2,VALIDATED,1789018309110
2226115,3,PROCESSED,1789018309118
2226116,1,INITIATED,1789018309090
2226116,2,VALIDATED,1789018309111
2226116,3,PROCESSED,1789018309122
2226117,1,INITIATED,1789018309091
2226117,2,VALIDATED,1789018309101
2226117,3,PROCESSED,1789018309117
2226118,1,INITIATED,1789018309091
2226118,2,VALIDATED,1789018309114
2226118,3,PROCESSED,1789018309122
2226119,1,INITIATED,1789018309090
2226119,2,VALIDATED,1789018309111
2226119,3,PROCESSED,1789018309119
2226120,1,INITIATED,1789018309091
2226120,2,VALIDATED,1789018309110
2226120,3,PROCESSED,1789018309122
2226121,1,INITIATED,1789018309096
2226121,2,VALIDATED,1789018309112
2226121,3,PROCESSED,1789018309122
2226122,1,INITIATED,1789018309099
2226122,2,VALIDATED,1789018309105
2226122,3,PROCESSED,1789018309117
2226123,1,INITIATED,1789018309111
2226123,2,VALIDATED,1789018309120
2226123,3,PROCESSED,1789018309124
2226124,1,INITIATED,1789018309120
2226124,2,VALIDATED,1789018309124
2226124,3,PROCESSED,1789018309127
2226125,1,INITIATED,1789018309140
2226125,2,VALIDATED,1789018309144
2226125,3,PROCESSED,1789018309147
2226126,1,INITIATED,1789018309161
2226126,2,VALIDATED,1789018309164
2226126,3,PROCESSED,1789018309166
2226127,1,INITIATED,1789018309180
2226127,2,VALIDATED,1789018309183
2226127,3,PROCESSED,1789018309186
2226128,1,INITIATED,1789018309200
2226128,2,VALIDATED,1789018309203
2226128,3,PROCESSED,1789018309206
2226129,1,INITIATED,1789018309221
2226129,2,VALIDATED,1789018309224
2226129,3,PROCESSED,1789018309229
2226130,1,INITIATED,1789018309240
2226130,2,VALIDATED,1789018309244
2226130,3,PROCESSED,1789018309286
2226131,1,INITIATED,1789018309260
2226131,2,VALIDATED,1789018309302
2226131,3,PROCESSED,1789018309305
2226132,1,INITIATED,1789018309281
2226132,2,VALIDATED,1789018309302
2226132,3,PROCESSED,1789018309305
2226133,1,INITIATED,1789018309300
2226133,2,VALIDATED,1789018309303
2226133,3,PROCESSED,1789018309306
2226134,1,INITIATED,1789018309321
2226134,2,VALIDATED,1789018309324
2226134,3,PROCESSED,1789018309327
2226135,1,INITIATED,1789018309341
2226135,2,VALIDATED,1789018309343
2226135,3,PROCESSED,1789018309345
2226136,1,INITIATED,1789018309360
2226136,2,VALIDATED,1789018309362
2226136,3,PROCESSED,1789018309366
2226137,1,INITIATED,1789018309380
2226137,2,VALIDATED,1789018309383
2226137,3,PROCESSED,1789018309385
2226138,1,INITIATED,1789018309598
2226138,2,VALIDATED,1789018309655
2226138,3,PROCESSED,1789018309814
2226139,1,INITIATED,1789018309598
2226139,2,VALIDATED,1789018309654
2226139,3,PROCESSED,1789018309815
2226140,1,INITIATED,1789018309599
2226140,2,VALIDATED,1789018309654
2226140,3,PROCESSED,1789018309811
2226141,1,INITIATED,1789018309598
2226141,2,VALIDATED,1789018309654
2226141,3,PROCESSED,1789018309814
2226142,1,INITIATED,1789018309598
2226142,2,VALIDATED,1789018309654
2226142,3,PROCESSED,1789018309814
2226143,1,INITIATED,1789018309599
2226143,2,VALIDATED,1789018309655
2226143,3,PROCESSED,1789018309813
2226144,1,INITIATED,1789018309599
2226144,2,VALIDATED,1789018309654
2226144,3,PROCESSED,1789018309813
2226145,1,INITIATED,1789018309599
2226145,2,VALIDATED,1789018309654
2226145,3,PROCESSED,1789018309814
2226146,1,INITIATED,1789018309598
2226146,2,VALIDATED,1789018309655
2226146,3,PROCESSED,1789018309812
2226147,1,INITIATED,1789018309598
2226147,2,VALIDATED,1789018309655
2226147,3,PROCESSED,1789018309812
2226148,1,INITIATED,1789018309601
2226148,2,VALIDATED,1789018309654
2226148,3,PROCESSED,1789018309815
2226149,1,INITIATED,1789018309652
2226149,2,VALIDATED,1789018309674
2226149,3,PROCESSED,1789018309816
2226150,1,INITIATED,1789018309652
2226150,2,VALIDATED,1789018309673
2226150,3,PROCESSED,1789018309815
2226151,1,INITIATED,1789018309664
2226151,2,VALIDATED,1789018309810
2226151,3,PROCESSED,1789018309820
2226152,1,INITIATED,1789018309810
2226152,2,VALIDATED,1789018309818
2226152,3,PROCESSED,1789018309825
2226153,1,INITIATED,1789018309810
2226153,2,VALIDATED,1789018309818
2226153,3,PROCESSED,1789018309825
2226154,1,INITIATED,1789018309810
2226154,2,VALIDATED,1789018309818
2226154,3,PROCESSED,1789018309825
2226155,1,INITIATED,1789018309813
2226155,2,VALIDATED,1789018309821
2226155,3,PROCESSED,1789018309827
2226156,1,INITIATED,1789018309810
2226156,2,VALIDATED,1789018309818
2226156,3,PROCESSED,1789018309825
2226157,1,INITIATED,1789018309813
2226157,2,VALIDATED,1789018309820
2226157,3,PROCESSED,1789018309826
2226158,1,INITIATED,1789018309810
2226158,2,VALIDATED,1789018309818
2226158,3,PROCESSED,1789018309825
2226159,1,INITIATED,1789018309821
2226159,2,VALIDATED,1789018309825
2226159,3,PROCESSED,1789018309866
2226160,1,INITIATED,1789018309841
2226160,2,VALIDATED,1789018309865
2226160,3,REJECTED,1789018309868
2226161,1,INITIATED,1789018309861
2226161,2,VALIDATED,1789018309865
2226161,3,REJECTED,1789018309868
2226162,1,INITIATED,1789018309881
2226162,2,VALIDATED,1789018309886
2226162,3,REJECTED,1789018309889
2226163,1,INITIATED,1789018309901
2226163,2,VALIDATED,1789018309904
2226163,3,REJECTED,1789018309906
2226164,1,INITIATED,1789018309921
2226164,2,VALIDATED,1789018309925
2226164,3,PROCESSED,1789018309929
2226165,1,INITIATED,1789018309940
2226165,2,VALIDATED,1789018309943
2226165,3,PROCESSED,1789018309947
2226166,1,INITIATED,1789018309961
2226166,2,VALIDATED,1789018309964
2226166,3,PROCESSED,1789018309967
2226167,1,INITIATED,1789018309981
2226167,2,VALIDATED,1789018309984
2226167,3,PROCESSED,1789018309988
2226168,1,INITIATED,1789018310001
2226168,2,VALIDATED,1789018310004
2226168,3,PROCESSED,1789018310007
2226169,1,INITIATED,1789018310021
2226169,2,VALIDATED,1789018310024
2226169,3,PROCESSED,1789018310028
2226170,1,INITIATED,1789018310041
2226170,2,VALIDATED,1789018310045
2226170,3,PROCESSED,1789018310049
2226171,1,INITIATED,1789018310060
2226171,2,VALIDATED,1789018310064
2226171,3,PROCESSED,1789018310067
2226172,1,INITIATED,1789018310081
2226172,2,VALIDATED,1789018310083
2226172,3,PROCESSED,1789018310087
2226173,1,INITIATED,1789018310101
2226173,2,VALIDATED,1789018310105
2226173,3,PROCESSED,1789018310109
2226174,1,INITIATED,1789018310121
2226174,2,VALIDATED,1789018310125
2226174,3,PROCESSED,1789018310129
2226175,1,INITIATED,1789018310141
2226175,2,VALIDATED,1789018310144
2226175,3,PROCESSED,1789018310148
2226176,1,INITIATED,1789018310161
2226176,2,VALIDATED,1789018310165
2226176,3,PROCESSED,1789018310169
2226177,1,INITIATED,1789018310180
2226177,2,VALIDATED,1789018310184
2226177,3,PROCESSED,1789018310187
2226178,1,INITIATED,1789018310200
2226178,2,VALIDATED,1789018310204
2226178,3,PROCESSED,1789018310208
2226179,1,INITIATED,1789018310221
2226179,2,VALIDATED,1789018310226
2226179,3,PROCESSED,1789018310231
2226180,1,INITIATED,1789018310241
2226180,2,VALIDATED,1789018310245
2226180,3,PROCESSED,1789018310251
2226181,1,INITIATED,1789018310261
2226181,2,VALIDATED,1789018310265
2226181,3,PROCESSED,1789018310269
2226182,1,INITIATED,1789018310281
2226182,2,VALIDATED,1789018310284
2226182,3,PROCESSED,1789018310288
2226183,1,INITIATED,1789018310302
2226183,2,VALIDATED,1789018310306
2226183,3,PROCESSED,1789018310311
2226184,1,INITIATED,1789018310321
2226184,2,VALIDATED,1789018310324
2226184,3,PROCESSED,1789018310329
2226185,1,INITIATED,1789018310341
2226185,2,VALIDATED,1789018310344
2226185,3,PROCESSED,1789018310348
2226186,1,INITIATED,1789018310361
2226186,2,VALIDATED,1789018310364
2226186,3,PROCESSED,1789018310368
2226187,1,INITIATED,1789018310381
2226187,2,VALIDATED,1789018310384
2226187,3,PROCESSED,1789018310389
2226188,1,INITIATED,1789018310583
2226188,2,VALIDATED,1789018310589
2226188,3,PROCESSED,1789018310734
2226189,1,INITIATED,1789018310584
2226189,2,VALIDATED,1789018310589
2226189,3,PROCESSED,1789018310734
2226190,1,INITIATED,1789018310584
2226190,2,VALIDATED,1789018310589
2226190,3,PROCESSED,1789018310734
2226191,1,INITIATED,1789018310584
2226191,2,VALIDATED,1789018310589
2226191,3,PROCESSED,1789018310734
2226192,1,INITIATED,1789018310583
2226192,2,VALIDATED,1789018310589
2226192,3,PROCESSED,1789018310734
2226193,1,INITIATED,1789018310584
2226193,2,VALIDATED,1789018310589
2226193,3,PROCESSED,1789018310734
2226194,1,INITIATED,1789018310584
2226194,2,VALIDATED,1789018310589
2226194,3,PROCESSED,1789018310735
2226195,1,INITIATED,1789018310585
2226195,2,VALIDATED,1789018310590
2226195,3,PROCESSED,1789018310734
2226196,1,INITIATED,1789018310584
2226196,2,VALIDATED,1789018310589
2226196,3,PROCESSED,1789018310734
2226197,1,INITIATED,1789018310584
2226197,2,VALIDATED,1789018310589
2226197,3,PROCESSED,1789018310734
2226198,1,INITIATED,1789018310606
2226198,2,VALIDATED,1789018311189
2226198,3,PROCESSED,1789018311210
2226199,1,INITIATED,1789018310729
2226199,2,VALIDATED,1789018311191
2226199,3,PROCESSED,1789018311385
2226200,1,INITIATED,1789018310730
2226200,2,VALIDATED,1789018311190
2226200,3,PROCESSED,1789018311385
2226201,1,INITIATED,1789018310729
2226201,2,VALIDATED,1789018311192
2226201,3,PROCESSED,1789018311385
2226202,1,INITIATED,1789018310730
2226202,2,VALIDATED,1789018311191
2226202,3,PROCESSED,1789018311384
2226203,1,INITIATED,1789018310730
2226203,2,VALIDATED,1789018311192
2226203,3,PROCESSED,1789018311384
2226204,1,INITIATED,1789018310729
2226204,2,VALIDATED,1789018311192
2226204,3,PROCESSED,1789018311385
2226205,1,INITIATED,1789018310748
2226205,2,VALIDATED,1789018311190
2226205,3,PROCESSED,1789018311384
2226206,1,INITIATED,1789018311190
2226206,2,VALIDATED,1789018311381
2226206,3,PROCESSED,1789018311393
2226207,1,INITIATED,1789018311191
2226207,2,VALIDATED,1789018311381
2226207,3,PROCESSED,1789018311397
2226208,1,INITIATED,1789018311189
2226208,2,VALIDATED,1789018311382
2226208,3,PROCESSED,1789018311396
2226209,1,INITIATED,1789018311190
2226209,2,VALIDATED,1789018311384
2226209,3,PROCESSED,1789018311394
2226210,1,INITIATED,1789018311191
2226210,2,VALIDATED,1789018311383
2226210,3,PROCESSED,1789018311398
2226211,1,INITIATED,1789018311192
2226211,2,VALIDATED,1789018311382
2226211,3,PROCESSED,1789018311394
2226212,1,INITIATED,1789018311190
2226212,2,VALIDATED,1789018311382
2226212,3,PROCESSED,1789018311393
2226213,1,INITIATED,1789018311191
2226213,2,VALIDATED,1789018311383
2226213,3,PROCESSED,1789018311395
2226214,1,INITIATED,1789018311191
2226214,2,VALIDATED,1789018311385
2226214,3,PROCESSED,1789018311399
2226215,1,INITIATED,1789018311193
2226215,2,VALIDATED,1789018311383
2226215,3,PROCESSED,1789018311396
2226216,1,INITIATED,1789018311189
2226216,2,VALIDATED,1789018311381
2226216,3,PROCESSED,1789018311396
2226217,1,INITIATED,1789018311190
2226217,2,VALIDATED,1789018311381
2226217,3,PROCESSED,1789018311392
2226218,1,INITIATED,1789018311191
2226218,2,VALIDATED,1789018311382
2226218,3,PROCESSED,1789018311394
2226219,1,INITIATED,1789018311192
2226219,2,VALIDATED,1789018311383
2226219,3,PROCESSED,1789018311396
2226220,1,INITIATED,1789018311192
2226220,2,VALIDATED,1789018311380
2226220,3,PROCESSED,1789018311391
2226221,1,INITIATED,1789018311192
2226221,2,VALIDATED,1789018311384
2226221,3,PROCESSED,1789018311398
2226222,1,INITIATED,1789018311190
2226222,2,VALIDATED,1789018311384
2226222,3,PROCESSED,1789018311393
2226223,1,INITIATED,1789018311192
2226223,2,VALIDATED,1789018311384
2226223,3,PROCESSED,1789018311395
2226224,1,INITIATED,1789018311193
2226224,2,VALIDATED,1789018311382
2226224,3,PROCESSED,1789018311396
2226225,1,INITIATED,1789018311193
2226225,2,VALIDATED,1789018311382
2226225,3,PROCESSED,1789018311398
2226226,1,INITIATED,1789018311192
2226226,2,VALIDATED,1789018311384
2226226,3,PROCESSED,1789018311393
2226227,1,INITIATED,1789018311192
2226227,2,VALIDATED,1789018311383
2226227,3,PROCESSED,1789018311396
2226228,1,INITIATED,1789018311208
2226228,2,VALIDATED,1789018311387
2226228,3,PROCESSED,1789018311399
2226229,1,INITIATED,1789018311221
2226229,2,VALIDATED,1789018311388
2226229,3,PROCESSED,1789018311400
2226230,1,INITIATED,1789018311378
2226230,2,VALIDATED,1789018311388
2226230,3,PROCESSED,1789018311399
2226231,1,INITIATED,1789018311380
2226231,2,VALIDATED,1789018311388
2226231,3,PROCESSED,1789018311399
2226232,1,INITIATED,1789018311379
2226232,2,VALIDATED,1789018311387
2226232,3,PROCESSED,1789018311399
2226233,1,INITIATED,1789018311378
2226233,2,VALIDATED,1789018311388
2226233,3,PROCESSED,1789018311398
2226234,1,INITIATED,1789018311379
2226234,2,VALIDATED,1789018311387
2226234,3,PROCESSED,1789018311399
2226235,1,INITIATED,1789018311379
2226235,2,VALIDATED,1789018311388
2226235,3,PROCESSED,1789018311399
2226236,1,INITIATED,1789018311380
2226236,2,VALIDATED,1789018311388
2226236,3,PROCESSED,1789018311398
2226237,1,INITIATED,1789018311389
2226237,2,VALIDATED,1789018311395
2226237,3,PROCESSED,1789018311790
2226238,1,INITIATED,1789018311447
2226238,2,VALIDATED,1789018311930
2226238,3,PROCESSED,1789018312344
2226239,1,INITIATED,1789018311447
2226239,2,VALIDATED,1789018311790
2226239,3,PROCESSED,1789018311935
2226240,1,INITIATED,1789018311788
2226240,2,VALIDATED,1789018311932
2226240,3,PROCESSED,1789018312343
2226241,1,INITIATED,1789018311788
2226241,2,VALIDATED,1789018311931
2226241,3,PROCESSED,1789018312345
2226242,1,INITIATED,1789018311789
2226242,2,VALIDATED,1789018311932
2226242,3,PROCESSED,1789018312343
2226243,1,INITIATED,1789018311789
2226243,2,VALIDATED,1789018311934
2226243,3,PROCESSED,1789018312343
2226244,1,INITIATED,1789018311788
2226244,2,VALIDATED,1789018311931
2226244,3,PROCESSED,1789018312344
2226245,1,INITIATED,1789018311788
2226245,2,VALIDATED,1789018311934
2226245,3,PROCESSED,1789018312346
2226246,1,INITIATED,1789018311787
2226246,2,VALIDATED,1789018311932
2226246,3,PROCESSED,1789018312346
2226247,1,INITIATED,1789018311789
2226247,2,VALIDATED,1789018311932
2226247,3,PROCESSED,1789018312345
2226248,1,INITIATED,1789018311789
2226248,2,VALIDATED,1789018311933
2226248,3,PROCESSED,1789018312345
2226249,1,INITIATED,1789018311788
2226249,2,VALIDATED,1789018311934
2226249,3,PROCESSED,1789018312342
2226250,1,INITIATED,1789018311788
2226250,2,VALIDATED,1789018311933
2226250,3,PROCESSED,1789018312344
2226251,1,INITIATED,1789018311789
2226251,2,VALIDATED,1789018311934
2226251,3,PROCESSED,1789018312346
2226252,1,INITIATED,1789018311787
2226252,2,VALIDATED,1789018311931
2226252,3,PROCESSED,1789018312344
2226253,1,INITIATED,1789018311789
2226253,2,VALIDATED,1789018311933
2226253,3,PROCESSED,1789018312344
2226254,1,INITIATED,1789018311787
2226254,2,VALIDATED,1789018311933
2226254,3,PROCESSED,1789018312345
2226255,1,INITIATED,1789018311787
2226255,2,VALIDATED,1789018311932
2226255,3,PROCESSED,1789018312345
2226256,1,INITIATED,1789018311787
2226256,2,VALIDATED,1789018311931
2226256,3,PROCESSED,1789018312343
2226257,1,INITIATED,1789018311787
2226257,2,VALIDATED,1789018311932
2226257,3,PROCESSED,1789018312343
2226258,1,INITIATED,1789018311806
2226258,2,VALIDATED,1789018311984
2226258,3,PROCESSED,1789018312346
2226259,1,INITIATED,1789018311930
2226259,2,VALIDATED,1789018312339
2226259,3,PROCESSED,1789018312517
2226260,1,INITIATED,1789018311932
2226260,2,VALIDATED,1789018312341
2226260,3,REJECTED,1789018312515
2226261,1,INITIATED,1789018311930
2226261,2,VALIDATED,1789018312339
2226261,3,REJECTED,1789018312516
2226262,1,INITIATED,1789018311930
2226262,2,VALIDATED,1789018312340
2226262,3,REJECTED,1789018312515
2226263,1,INITIATED,1789018311931
2226263,2,VALIDATED,1789018312340
2226263,3,REJECTED,1789018312514
2226264,1,INITIATED,1789018311930
2226264,2,VALIDATED,1789018312341
2226264,3,PROCESSED,1789018312518
2226265,1,INITIATED,1789018311947
2226265,2,VALIDATED,1789018312341
2226265,3,PROCESSED,1789018312517
2226266,1,INITIATED,1789018311984
2226266,2,VALIDATED,1789018312341
2226266,3,PROCESSED,1789018312517
2226267,1,INITIATED,1789018311984
2226267,2,VALIDATED,1789018312339
2226267,3,PROCESSED,1789018312518
2226268,1,INITIATED,1789018312339
2226268,2,VALIDATED,1789018312517
2226268,3,PROCESSED,1789018312934
2226269,1,INITIATED,1789018312340
2226269,2,VALIDATED,1789018312515
2226269,3,PROCESSED,1789018312935
2226270,1,INITIATED,1789018312340
2226270,2,VALIDATED,1789018312516
2226270,3,PROCESSED,1789018312933
2226271,1,INITIATED,1789018312344
2226271,2,VALIDATED,1789018312535
2226271,3,PROCESSED,1789018312934
2226272,1,INITIATED,1789018312344
2226272,2,VALIDATED,1789018312535
2226272,3,PROCESSED,1789018312934
2226273,1,INITIATED,1789018312370
2226273,2,VALIDATED,1789018312570
2226273,3,PROCESSED,1789018313076
2226274,1,INITIATED,1789018312370
2226274,2,VALIDATED,1789018312930
2226274,3,PROCESSED,1789018313076
2226275,1,INITIATED,1789018312370
2226275,2,VALIDATED,1789018312931
2226275,3,PROCESSED,1789018313076
2226276,1,INITIATED,1789018312370
2226276,2,VALIDATED,1789018312570
2226276,3,PROCESSED,1789018313074
2226277,1,INITIATED,1789018312370
2226277,2,VALIDATED,1789018312570
2226277,3,PROCESSED,1789018313075
2226278,1,INITIATED,1789018312370
2226278,2,VALIDATED,1789018312930
2226278,3,PROCESSED,1789018313076
2226279,1,INITIATED,1789018312370
2226279,2,VALIDATED,1789018312570
2226279,3,PROCESSED,1789018313075
2226280,1,INITIATED,1789018312370
2226280,2,VALIDATED,1789018312570
2226280,3,PROCESSED,1789018313076
2226281,1,INITIATED,1789018312370
2226281,2,VALIDATED,1789018312928
2226281,3,PROCESSED,1789018313490
2226282,1,INITIATED,1789018312370
2226282,2,VALIDATED,1789018312570
2226282,3,PROCESSED,1789018313076
2226283,1,INITIATED,1789018312515
2226283,2,VALIDATED,1789018312931
2226283,3,PROCESSED,1789018313492
2226284,1,INITIATED,1789018312514
2226284,2,VALIDATED,1789018312932
2226284,3,PROCESSED,1789018313492
2226285,1,INITIATED,1789018312515
2226285,2,VALIDATED,1789018312932
2226285,3,PROCESSED,1789018313491
2226286,1,INITIATED,1789018312516
2226286,2,VALIDATED,1789018312930
2226286,3,PROCESSED,1789018313492
2226287,1,INITIATED,1789018312516
2226287,2,VALIDATED,1789018312931
2226287,3,PROCESSED,1789018313491
2226288,1,INITIATED,1789018312516
2226288,2,VALIDATED,1789018312927
2226288,3,PROCESSED,1789018313490
2226289,1,INITIATED,1789018312515
2226289,2,VALIDATED,1789018312931
2226289,3,PROCESSED,1789018313492
2226290,1,INITIATED,1789018312516
2226290,2,VALIDATED,1789018312929
2226290,3,PROCESSED,1789018313489
2226291,1,INITIATED,1789018312516
2226291,2,VALIDATED,1789018312928
2226291,3,PROCESSED,1789018313491
2226292,1,INITIATED,1789018312517
2226292,2,VALIDATED,1789018312927
2226292,3,PROCESSED,1789018313492
2226293,1,INITIATED,1789018312535
2226293,2,VALIDATED,1789018312929
2226293,3,PROCESSED,1789018313076
2226294,1,INITIATED,1789018312535
2226294,2,VALIDATED,1789018312932
2226294,3,PROCESSED,1789018313076
2226295,1,INITIATED,1789018312930
2226295,2,VALIDATED,1789018313073
2226295,3,PROCESSED,1789018313494
2226296,1,INITIATED,1789018312931
2226296,2,VALIDATED,1789018313135
2226296,3,PROCESSED,1789018313657
2226297,1,INITIATED,1789018312929
2226297,2,VALIDATED,1789018313072
2226297,3,PROCESSED,1789018313493
2226298,1,INITIATED,1789018312926
2226298,2,VALIDATED,1789018313070
2226298,3,PROCESSED,1789018313493
2226299,1,INITIATED,1789018312926
2226299,2,VALIDATED,1789018313073
2226299,3,PROCESSED,1789018313493
2226300,1,INITIATED,1789018312932
2226300,2,VALIDATED,1789018313136
2226300,3,PROCESSED,1789018314170
2226301,1,INITIATED,1789018312931
2226301,2,VALIDATED,1789018313073
2226301,3,PROCESSED,1789018313493
2226302,1,INITIATED,1789018312932
2226302,2,VALIDATED,1789018313133
2226302,3,PROCESSED,1789018313655
2226303,1,INITIATED,1789018312932
2226303,2,VALIDATED,1789018313134
2226303,3,PROCESSED,1789018313657
2226304,1,INITIATED,1789018312933
2226304,2,VALIDATED,1789018313133
2226304,3,PROCESSED,1789018313656
2226305,1,INITIATED,1789018312933
2226305,2,VALIDATED,1789018313133
2226305,3,PROCESSED,1789018313656
2226306,1,INITIATED,1789018313069
2226306,2,VALIDATED,1789018313490
2226306,3,PROCESSED,1789018314167
2226307,1,INITIATED,1789018313070
2226307,2,VALIDATED,1789018313491
2226307,3,PROCESSED,1789018314168
2226308,1,INITIATED,1789018313072
2226308,2,VALIDATED,1789018313514
2226308,3,PROCESSED,1789018314169
2226309,1,INITIATED,1789018313070
2226309,2,VALIDATED,1789018313489
2226309,3,PROCESSED,1789018314168
2226310,1,INITIATED,1789018313072
2226310,2,VALIDATED,1789018313491
2226310,3,PROCESSED,1789018314168
2226311,1,INITIATED,1789018313070
2226311,2,VALIDATED,1789018313490
2226311,3,PROCESSED,1789018314170
2226312,1,INITIATED,1789018313070
2226312,2,VALIDATED,1789018313489
2226312,3,PROCESSED,1789018313656
2226313,1,INITIATED,1789018313073
2226313,2,VALIDATED,1789018313492
2226313,3,PROCESSED,1789018313656
2226314,1,INITIATED,1789018313071
2226314,2,VALIDATED,1789018313514
2226314,3,PROCESSED,1789018314169
2226315,1,INITIATED,1789018313071
2226315,2,VALIDATED,1789018313136
2226315,3,PROCESSED,1789018313656
2226316,1,INITIATED,1789018313071
2226316,2,VALIDATED,1789018313136
2226316,3,PROCESSED,1789018314166
2226317,1,INITIATED,1789018313073
2226317,2,VALIDATED,1789018313514
2226317,3,PROCESSED,1789018314169
2226318,1,INITIATED,1789018313074
2226318,2,VALIDATED,1789018313489
2226318,3,PROCESSED,1789018314168
2226319,1,INITIATED,1789018313072
2226319,2,VALIDATED,1789018313490
2226319,3,PROCESSED,1789018314166
2226320,1,INITIATED,1789018313074
2226320,2,VALIDATED,1789018313137
2226320,3,PROCESSED,1789018314167
2226321,1,INITIATED,1789018313073
2226321,2,VALIDATED,1789018313489
2226321,3,PROCESSED,1789018314169
2226322,1,INITIATED,1789018313133
2226322,2,VALIDATED,1789018313654
2226322,3,PROCESSED,1789018314773
2226323,1,INITIATED,1789018313135
2226323,2,VALIDATED,1789018313653
2226323,3,PROCESSED,1789018314170
2226324,1,INITIATED,1789018313137
2226324,2,VALIDATED,1789018313654
2226324,3,PROCESSED,1789018314169
2226325,1,INITIATED,1789018313514
2226325,2,VALIDATED,1789018314165
2226325,3,PROCESSED,1789018314777
2226326,1,INITIATED,1789018313652
2226326,2,VALIDATED,1789018314285
2226326,3,PROCESSED,1789018314957
2226327,1,INITIATED,1789018313652
2226327,2,VALIDATED,1789018314166
2226327,3,PROCESSED,1789018314959
2226328,1,INITIATED,1789018313652
2226328,2,VALIDATED,1789018314166
2226328,3,PROCESSED,1789018314776
2226329,1,INITIATED,1789018313652
2226329,2,VALIDATED,1789018314167
2226329,3,PROCESSED,1789018314345
2226330,1,INITIATED,1789018313652
2226330,2,VALIDATED,1789018314285
2226330,3,PROCESSED,1789018314957
2226331,1,INITIATED,1789018313652
2226331,2,VALIDATED,1789018314285
2226331,3,PROCESSED,1789018315335
2226332,1,INITIATED,1789018313652
2226332,2,VALIDATED,1789018314285
2226332,3,PROCESSED,1789018314960
2226333,1,INITIATED,1789018313652
2226333,2,VALIDATED,1789018314170
2226333,3,PROCESSED,1789018314777
2226334,1,INITIATED,1789018313652
2226334,2,VALIDATED,1789018314285
2226334,3,PROCESSED,1789018316175
2226335,1,INITIATED,1789018313653
2226335,2,VALIDATED,1789018314170
2226335,3,PROCESSED,1789018314345
2226336,1,INITIATED,1789018313653
2226336,2,VALIDATED,1789018314166
2226336,3,PROCESSED,1789018314777
2226337,1,INITIATED,1789018313654
2226337,2,VALIDATED,1789018314166
2226337,3,PROCESSED,1789018314776
2226338,1,INITIATED,1789018313653
2226338,2,VALIDATED,1789018314170
2226338,3,PROCESSED,1789018314776
2226339,1,INITIATED,1789018313653
2226339,2,VALIDATED,1789018314169
2226339,3,PROCESSED,1789018314776
2226340,1,INITIATED,1789018313654
2226340,2,VALIDATED,1789018314166
2226340,3,PROCESSED,1789018314777
2226341,1,INITIATED,1789018313654
2226341,2,VALIDATED,1789018314327
2226341,3,PROCESSED,1789018314961
2226342,1,INITIATED,1789018313654
2226342,2,VALIDATED,1789018314164
2226342,3,PROCESSED,1789018314777
2226343,1,INITIATED,1789018313673
2226343,2,VALIDATED,1789018314774
2226343,3,PROCESSED,1789018314958
2226344,1,INITIATED,1789018313673
2226344,2,VALIDATED,1789018314331
2226344,3,PROCESSED,1789018314957
2226345,1,INITIATED,1789018313673
2226345,2,VALIDATED,1789018314330
2226345,3,PROCESSED,1789018314960
2226346,1,INITIATED,1789018313673
2226346,2,VALIDATED,1789018314329
2226346,3,PROCESSED,1789018314961
2226347,1,INITIATED,1789018313715
2226347,2,VALIDATED,1789018314774
2226347,3,PROCESSED,1789018315334
2226348,1,INITIATED,1789018314165
2226348,2,VALIDATED,1789018314774
2226348,3,PROCESSED,1789018315334
2226349,1,INITIATED,1789018314163
2226349,2,VALIDATED,1789018314774
2226349,3,PROCESSED,1789018315334
2226350,1,INITIATED,1789018314167
2226350,2,VALIDATED,1789018314774
2226350,3,PROCESSED,1789018315334
2226351,1,INITIATED,1789018314164
2226351,2,VALIDATED,1789018314774
2226351,3,PROCESSED,1789018314957
2226352,1,INITIATED,1789018314167
2226352,2,VALIDATED,1789018314775
2226352,3,PROCESSED,1789018315334
2226353,1,INITIATED,1789018314167
2226353,2,VALIDATED,1789018314336
2226353,3,PROCESSED,1789018314777
2226354,1,INITIATED,1789018314328
2226354,2,VALIDATED,1789018314939
2226354,3,PROCESSED,1789018315505
2226355,1,INITIATED,1789018314328
2226355,2,VALIDATED,1789018314959
2226355,3,PROCESSED,1789018315506
2226356,1,INITIATED,1789018314328
2226356,2,VALIDATED,1789018315331
2226356,3,PROCESSED,1789018316179
2226357,1,INITIATED,1789018314329
2226357,2,VALIDATED,1789018315331
2226357,3,PROCESSED,1789018316177
2226358,1,INITIATED,1789018314328
2226358,2,VALIDATED,1789018314958
2226358,3,REJECTED,1789018315504
2226359,1,INITIATED,1789018314328
2226359,2,VALIDATED,1789018314773
2226359,3,REJECTED,1789018315333
2226360,1,INITIATED,1789018314329
2226360,2,VALIDATED,1789018314958
2226360,3,REJECTED,1789018316017
2226361,1,INITIATED,1789018314330
2226361,2,VALIDATED,1789018314958
2226361,3,PROCESSED,1789018316179
2226362,1,INITIATED,1789018314331
2226362,2,VALIDATED,1789018314940
2226362,3,PROCESSED,1789018316019
2226363,1,INITIATED,1789018314330
2226363,2,VALIDATED,1789018314940
2226363,3,PROCESSED,1789018315505
2226364,1,INITIATED,1789018314331
2226364,2,VALIDATED,1789018314959
2226364,3,PROCESSED,1789018316018
2226365,1,INITIATED,1789018314331
2226365,2,VALIDATED,1789018314958
2226365,3,PROCESSED,1789018315506
2226366,1,INITIATED,1789018314336
2226366,2,VALIDATED,1789018315353
2226366,3,PROCESSED,1789018316178
2226367,1,INITIATED,1789018314336
2226367,2,VALIDATED,1789018314939
2226367,3,PROCESSED,1789018315507
2226368,1,INITIATED,1789018314335
2226368,2,VALIDATED,1789018314939
2226368,3,PROCESSED,1789018315506
2226369,1,INITIATED,1789018314335
2226369,2,VALIDATED,1789018314940
2226369,3,PROCESSED,1789018315506
2226370,1,INITIATED,1789018314335
2226370,2,VALIDATED,1789018314939
2226370,3,REJECTED,1789018315504
2226371,1,INITIATED,1789018314336
2226371,2,VALIDATED,1789018314940
2226371,3,PROCESSED,1789018316174
2226372,1,INITIATED,1789018314774
2226372,2,VALIDATED,1789018315332
2226372,3,PROCESSED,1789018315507
2226373,1,INITIATED,1789018314773
2226373,2,VALIDATED,1789018315333
2226373,3,PROCESSED,1789018315506
2226374,1,INITIATED,1789018314773
2226374,2,VALIDATED,1789018315504
2226374,3,PROCESSED,1789018316729
2226375,1,INITIATED,1789018314773
2226375,2,VALIDATED,1789018315330
2226375,3,PROCESSED,1789018315507
2226376,1,INITIATED,1789018314773
2226376,2,VALIDATED,1789018314939
2226376,3,PROCESSED,1789018315506
2226377,1,INITIATED,1789018314773
2226377,2,VALIDATED,1789018315332
2226377,3,PROCESSED,1789018316176
2226378,1,INITIATED,1789018314773
2226378,2,VALIDATED,1789018315332
2226378,3,PROCESSED,1789018315506
2226379,1,INITIATED,1789018314775
2226379,2,VALIDATED,1789018314941
2226379,3,PROCESSED,1789018315334
2226380,1,INITIATED,1789018314775
2226380,2,VALIDATED,1789018315332
2226380,3,PROCESSED,1789018316176
2226381,1,INITIATED,1789018314775
2226381,2,VALIDATED,1789018315332
2226381,3,PROCESSED,1789018316176
2226382,1,INITIATED,1789018314775
2226382,2,VALIDATED,1789018315330
2226382,3,PROCESSED,1789018316179
2226383,1,INITIATED,1789018314774
2226383,2,VALIDATED,1789018314940
2226383,3,PROCESSED,1789018315506
2226384,1,INITIATED,1789018314778
2226384,2,VALIDATED,1789018315353
2226384,3,PROCESSED,1789018316727
2226385,1,INITIATED,1789018314939
2226385,2,VALIDATED,1789018315503
2226385,3,PROCESSED,1789018316179
2226386,1,INITIATED,1789018314940
2226386,2,VALIDATED,1789018316017
2226386,3,PROCESSED,1789018316179
2226387,1,INITIATED,1789018314940
2226387,2,VALIDATED,1789018316025
2226387,3,PROCESSED,1789018317100
2226388,1,INITIATED,1789018314959
2226388,2,VALIDATED,1789018316015
2226388,3,PROCESSED,1789018316729
2226389,1,INITIATED,1789018314961
2226389,2,VALIDATED,1789018315332
2226389,3,PROCESSED,1789018315507
2226390,1,INITIATED,1789018314991
2226390,2,VALIDATED,1789018315540
2226390,3,PROCESSED,1789018316583
2226391,1,INITIATED,1789018314991
2226391,2,VALIDATED,1789018316016
2226391,3,PROCESSED,1789018316727
2226392,1,INITIATED,1789018314991
2226392,2,VALIDATED,1789018315540
2226392,3,PROCESSED,1789018316583
2226393,1,INITIATED,1789018314991
2226393,2,VALIDATED,1789018315540
2226393,3,PROCESSED,1789018317107
2226394,1,INITIATED,1789018314992
2226394,2,VALIDATED,1789018316175
2226394,3,PROCESSED,1789018316585
2226395,1,INITIATED,1789018314992
2226395,2,VALIDATED,1789018315540
2226395,3,PROCESSED,1789018316230
2226396,1,INITIATED,1789018314992
2226396,2,VALIDATED,1789018315540
2226396,3,PROCESSED,1789018316586
2226397,1,INITIATED,1789018314992
2226397,2,VALIDATED,1789018315507
2226397,3,PROCESSED,1789018316180
2226398,1,INITIATED,1789018314992
2226398,2,VALIDATED,1789018315540
2226398,3,PROCESSED,1789018316584
2226399,1,INITIATED,1789018314992
2226399,2,VALIDATED,1789018315540
2226399,3,PROCESSED,1789018317104
2226400,1,INITIATED,1789018315331
2226400,2,VALIDATED,1789018315503
2226400,3,PROCESSED,1789018316179
2226401,1,INITIATED,1789018315329
2226401,2,VALIDATED,1789018316014
2226401,3,PROCESSED,1789018316590
2226402,1,INITIATED,1789018315332
2226402,2,VALIDATED,1789018316176
2226402,3,PROCESSED,1789018317105
2226403,1,INITIATED,1789018315330
2226403,2,VALIDATED,1789018316016
2226403,3,PROCESSED,1789018316726
2226404,1,INITIATED,1789018315329
2226404,2,VALIDATED,1789018316014
2226404,3,PROCESSED,1789018316727
2226405,1,INITIATED,1789018315331
2226405,2,VALIDATED,1789018316025
2226405,3,PROCESSED,1789018317103
2226406,1,INITIATED,1789018315333
2226406,2,VALIDATED,1789018316018
2226406,3,PROCESSED,1789018316726
2226407,1,INITIATED,1789018315331
2226407,2,VALIDATED,1789018315504
2226407,3,PROCESSED,1789018316179
2226408,1,INITIATED,1789018315332
2226408,2,VALIDATED,1789018316025
2226408,3,PROCESSED,1789018317106
2226409,1,INITIATED,1789018315329
2226409,2,VALIDATED,1789018316016
2226409,3,PROCESSED,1789018316729
2226410,1,INITIATED,1789018315329
2226410,2,VALIDATED,1789018315502
2226410,3,PROCESSED,1789018316178
2226411,1,INITIATED,1789018315332
2226411,2,VALIDATED,1789018315505
2226411,3,PROCESSED,1789018316230
2226412,1,INITIATED,1789018315332
2226412,2,VALIDATED,1789018316025
2226412,3,PROCESSED,1789018317100
2226413,1,INITIATED,1789018315353
2226413,2,VALIDATED,1789018316176
2226413,3,PROCESSED,1789018317106
2226414,1,INITIATED,1789018315353
2226414,2,VALIDATED,1789018317254
2226414,3,PROCESSED,1789018319012
2226415,1,INITIATED,1789018315501
2226415,2,VALIDATED,1789018316177
2226415,3,PROCESSED,1789018316585
2226416,1,INITIATED,1789018315502
2226416,2,VALIDATED,1789018316725
2226416,3,PROCESSED,1789018317671
2226417,1,INITIATED,1789018315502
2226417,2,VALIDATED,1789018316227
2226417,3,PROCESSED,1789018317105
2226418,1,INITIATED,1789018315503
2226418,2,VALIDATED,1789018316177
2226418,3,PROCESSED,1789018317105
2226419,1,INITIATED,1789018315503
2226419,2,VALIDATED,1789018316228
2226419,3,PROCESSED,1789018317106
2226420,1,INITIATED,1789018316014
2226420,2,VALIDATED,1789018316691
2226420,3,PROCESSED,1789018317665
2226421,1,INITIATED,1789018316014
2226421,2,VALIDATED,1789018316691
2226421,3,PROCESSED,1789018317669
2226422,1,INITIATED,1789018316016
2226422,2,VALIDATED,1789018316177
2226422,3,PROCESSED,1789018316585
2226423,1,INITIATED,1789018316013
2226423,2,VALIDATED,1789018316692
2226423,3,PROCESSED,1789018317670
2226424,1,INITIATED,1789018316013
2226424,2,VALIDATED,1789018316583
2226424,3,PROCESSED,1789018317660
2226425,1,INITIATED,1789018316013
2226425,2,VALIDATED,1789018316588
2226425,3,PROCESSED,1789018317665
2226426,1,INITIATED,1789018316013
2226426,2,VALIDATED,1789018316584
2226426,3,PROCESSED,1789018316727
2226427,1,INITIATED,1789018316013
2226427,2,VALIDATED,1789018316725
2226427,3,PROCESSED,1789018317666
2226428,1,INITIATED,1789018316014
2226428,2,VALIDATED,1789018316588
2226428,3,PROCESSED,1789018317670
2226429,1,INITIATED,1789018316016
2226429,2,VALIDATED,1789018316177
2226429,3,PROCESSED,1789018317106
2226430,1,INITIATED,1789018316016
2226430,2,VALIDATED,1789018316727
2226430,3,PROCESSED,1789018318352
2226431,1,INITIATED,1789018316013
2226431,2,VALIDATED,1789018316586
2226431,3,PROCESSED,1789018317666
2226432,1,INITIATED,1789018316016
2226432,2,VALIDATED,1789018317253
2226432,3,PROCESSED,1789018318350
2226433,1,INITIATED,1789018316015
2226433,2,VALIDATED,1789018316727
2226433,3,PROCESSED,1789018318351
2226434,1,INITIATED,1789018316016
2226434,2,VALIDATED,1789018316691
2226434,3,PROCESSED,1789018317664
2226435,1,INITIATED,1789018316013
2226435,2,VALIDATED,1789018316693
2226435,3,PROCESSED,1789018317668
2226436,1,INITIATED,1789018316016
2226436,2,VALIDATED,1789018316727
2226436,3,PROCESSED,1789018318351
2226437,1,INITIATED,1789018316014
2226437,2,VALIDATED,1789018316725
2226437,3,PROCESSED,1789018317671
2226438,1,INITIATED,1789018316014
2226438,2,VALIDATED,1789018317252
2226438,3,PROCESSED,1789018318353
2226439,1,INITIATED,1789018316016
2226439,2,VALIDATED,1789018316692
2226439,3,PROCESSED,1789018317667
2226440,1,INITIATED,1789018316016
2226440,2,VALIDATED,1789018316727
2226440,3,PROCESSED,1789018317669
2226441,1,INITIATED,1789018316015
2226441,2,VALIDATED,1789018316177
2226441,3,PROCESSED,1789018317104
2226442,1,INITIATED,1789018316016
2226442,2,VALIDATED,1789018316692
2226442,3,PROCESSED,1789018317670
2226443,1,INITIATED,1789018316025
2226443,2,VALIDATED,1789018316744
2226443,3,PROCESSED,1789018317669
2226444,1,INITIATED,1789018316175
2226444,2,VALIDATED,1789018317099
2226444,3,PROCESSED,1789018317839
2226445,1,INITIATED,1789018316177
2226445,2,VALIDATED,1789018317098
2226445,3,PROCESSED,1789018317838
2226446,1,INITIATED,1789018316176
2226446,2,VALIDATED,1789018317098
2226446,3,PROCESSED,1789018317837
2226447,1,INITIATED,1789018316229
2226447,2,VALIDATED,1789018317248
2226447,3,PROCESSED,1789018318351
2226448,1,INITIATED,1789018316229
2226448,2,VALIDATED,1789018317253
2226448,3,PROCESSED,1789018317671
2226449,1,INITIATED,1789018316230
2226449,2,VALIDATED,1789018317253
2226449,3,PROCESSED,1789018318495
2226450,1,INITIATED,1789018316230
2226450,2,VALIDATED,1789018317251
2226450,3,PROCESSED,1789018318495
2226451,1,INITIATED,1789018316231
2226451,2,VALIDATED,1789018317302
2226451,3,PROCESSED,1789018318507
2226452,1,INITIATED,1789018316231
2226452,2,VALIDATED,1789018318347
2226452,3,PROCESSED,1789018320386
2226453,1,INITIATED,1789018316231
2226453,2,VALIDATED,1789018317248
2226453,3,PROCESSED,1789018318507
2226454,1,INITIATED,1789018316231
2226454,2,VALIDATED,1789018316692
2226454,3,PROCESSED,1789018317658
2226455,1,INITIATED,1789018316583
2226455,2,VALIDATED,1789018317250
2226455,3,REJECTED,1789018317662
2226456,1,INITIATED,1789018316584
2226456,2,VALIDATED,1789018317254
2226456,3,REJECTED,1789018318346
2226457,1,INITIATED,1789018316584
2226457,2,VALIDATED,1789018316725
2226457,3,PROCESSED,1789018317667
2226458,1,INITIATED,1789018316584
2226458,2,VALIDATED,1789018317254
2226458,3,PROCESSED,1789018318352
2226459,1,INITIATED,1789018316584
2226459,2,VALIDATED,1789018317305
2226459,3,REJECTED,1789018318493
2226460,1,INITIATED,1789018316585
2226460,2,VALIDATED,1789018317254
2226460,3,PROCESSED,1789018318351
2226461,1,INITIATED,1789018316584
2226461,2,VALIDATED,1789018317251
2226461,3,PROCESSED,1789018318352
2226462,1,INITIATED,1789018316585
2226462,2,VALIDATED,1789018317255
2226462,3,PROCESSED,1789018317666
2226463,1,INITIATED,1789018316583
2226463,2,VALIDATED,1789018317253
2226463,3,PROCESSED,1789018318352
2226464,1,INITIATED,1789018316585
2226464,2,VALIDATED,1789018316725
2226464,3,PROCESSED,1789018317665
2226465,1,INITIATED,1789018316586
2226465,2,VALIDATED,1789018317304
2226465,3,PROCESSED,1789018319455
2226466,1,INITIATED,1789018316585
2226466,2,VALIDATED,1789018317253
2226466,3,PROCESSED,1789018318351
2226467,1,INITIATED,1789018316585
2226467,2,VALIDATED,1789018317253
2226467,3,PROCESSED,1789018318506
2226468,1,INITIATED,1789018316586
2226468,2,VALIDATED,1789018317658
2226468,3,PROCESSED,1789018319012
2226469,1,INITIATED,1789018316692
2226469,2,VALIDATED,1789018317662
2226469,3,PROCESSED,1789018319012
2226470,1,INITIATED,1789018316692
2226470,2,VALIDATED,1789018318348
2226470,3,PROCESSED,1789018319553
2226471,1,INITIATED,1789018316691
2226471,2,VALIDATED,1789018317658
2226471,3,PROCESSED,1789018319013
2226472,1,INITIATED,1789018316691
2226472,2,VALIDATED,1789018317658
2226472,3,PROCESSED,1789018319012
2226473,1,INITIATED,1789018316692
2226473,2,VALIDATED,1789018317662
2226473,3,PROCESSED,1789018319011
2226474,1,INITIATED,1789018316692
2226474,2,VALIDATED,1789018317661
2226474,3,PROCESSED,1789018319013
2226475,1,INITIATED,1789018316744
2226475,2,VALIDATED,1789018317664
2226475,3,PROCESSED,1789018319012
2226476,1,INITIATED,1789018316745
2226476,2,VALIDATED,1789018317664
2226476,3,PROCESSED,1789018319013
2226477,1,INITIATED,1789018317099
2226477,2,VALIDATED,1789018318347
2226477,3,PROCESSED,1789018318495
2226478,1,INITIATED,1789018317116
2226478,2,VALIDATED,1789018318346
2226478,3,REJECTED,1789018319461
2226479,1,INITIATED,1789018317106
2226479,2,VALIDATED,1789018317832
2226479,3,PROCESSED,1789018319180
2226480,1,INITIATED,1789018317105
2226480,2,VALIDATED,1789018317831
2226480,3,PROCESSED,1789018319012
2226481,1,INITIATED,1789018317106
2226481,2,VALIDATED,1789018318347
2226481,3,PROCESSED,1789018318507
2226482,1,INITIATED,1789018317097
2226482,2,VALIDATED,1789018317836
2226482,3,PROCESSED,1789018319178
2226483,1,INITIATED,1789018317100
2226483,2,VALIDATED,1789018318346
2226483,3,PROCESSED,1789018318494
2226484,1,INITIATED,1789018317107
2226484,2,VALIDATED,1789018318347
2226484,3,PROCESSED,1789018319555
2226485,1,INITIATED,1789018317100
2226485,2,VALIDATED,1789018318348
2226485,3,PROCESSED,1789018320113
2226486,1,INITIATED,1789018317100
2226486,2,VALIDATED,1789018317834
2226486,3,PROCESSED,1789018319181
2226487,1,INITIATED,1789018317107
2226487,2,VALIDATED,1789018318348
2226487,3,PROCESSED,1789018319453
2226488,1,INITIATED,1789018317105
2226488,2,VALIDATED,1789018317833
2226488,3,PROCESSED,1789018319181
2226489,1,INITIATED,1789018317100
2226489,2,VALIDATED,1789018317833
2226489,3,PROCESSED,1789018319012
2226490,1,INITIATED,1789018317115
2226490,2,VALIDATED,1789018318345
2226490,3,PROCESSED,1789018319456
2226491,1,INITIATED,1789018317102
2226491,2,VALIDATED,1789018317254
2226491,3,PROCESSED,1789018318352
2226492,1,INITIATED,1789018317104
2226492,2,VALIDATED,1789018318350
2226492,3,PROCESSED,1789018319456
2226493,1,INITIATED,1789018317117
2226493,2,VALIDATED,1789018318350
2226493,3,PROCESSED,1789018320114
2226494,1,INITIATED,1789018317117
2226494,2,VALIDATED,1789018318345
2226494,3,PROCESSED,1789018320504
2226495,1,INITIATED,1789018317248
2226495,2,VALIDATED,1789018318490
2226495,3,PROCESSED,1789018319558
2226496,1,INITIATED,1789018317251
2226496,2,VALIDATED,1789018318344
2226496,3,PROCESSED,1789018319454
2226497,1,INITIATED,1789018317252
2226497,2,VALIDATED,1789018318344
2226497,3,PROCESSED,1789018319454
2226498,1,INITIATED,1789018317252
2226498,2,VALIDATED,1789018318348
2226498,3,PROCESSED,1789018318548
2226499,1,INITIATED,1789018317252
2226499,2,VALIDATED,1789018318494
2226499,3,PROCESSED,1789018320388
2226500,1,INITIATED,1789018317253
2226500,2,VALIDATED,1789018318490
2226500,3,PROCESSED,1789018319558
2226501,1,INITIATED,1789018317252
2226501,2,VALIDATED,1789018317657
2226501,3,PROCESSED,1789018318507
2226502,1,INITIATED,1789018317254
2226502,2,VALIDATED,1789018317303
2226502,3,PROCESSED,1789018318494
2226503,1,INITIATED,1789018317301
2226503,2,VALIDATED,1789018318493
2226503,3,PROCESSED,1789018319557
2226504,1,INITIATED,1789018317306
2226504,2,VALIDATED,1789018318491
2226504,3,PROCESSED,1789018319558
2226505,1,INITIATED,1789018317658
2226505,2,VALIDATED,1789018319008
2226505,3,PROCESSED,1789018319180
2226506,1,INITIATED,1789018317665
2226506,2,VALIDATED,1789018319009
2226506,3,PROCESSED,1789018319181
2226507,1,INITIATED,1789018317839
2226507,2,VALIDATED,1789018319010
2226507,3,PROCESSED,1789018319919
2226508,1,INITIATED,1789018317834
2226508,2,VALIDATED,1789018319012
2226508,3,PROCESSED,1789018319919
2226509,1,INITIATED,1789018317833
2226509,2,VALIDATED,1789018319918
2226509,3,PROCESSED,1789018320504
2226510,1,INITIATED,1789018317830
2226510,2,VALIDATED,1789018319178
2226510,3,PROCESSED,1789018320124
2226511,1,INITIATED,1789018317833
2226511,2,VALIDATED,1789018319176
2226511,3,PROCESSED,1789018320114
2226512,1,INITIATED,1789018317837
2226512,2,VALIDATED,1789018319176
2226512,3,PROCESSED,1789018319455
2226513,1,INITIATED,1789018317836
2226513,2,VALIDATED,1789018320400
2226513,3,PROCESSED,1789018321024
2226514,1,INITIATED,1789018317835
2226514,2,VALIDATED,1789018319178
2226514,3,PROCESSED,1789018320110
2226515,1,INITIATED,1789018317835
2226515,2,VALIDATED,1789018319178
2226515,3,PROCESSED,1789018320113
2226516,1,INITIATED,1789018317838
2226516,2,VALIDATED,1789018319028
2226516,3,PROCESSED,1789018320113
2226517,1,INITIATED,1789018317835
2226517,2,VALIDATED,1789018319174
2226517,3,PROCESSED,1789018320113
2226518,1,INITIATED,1789018317836
2226518,2,VALIDATED,1789018319009
2226518,3,PROCESSED,1789018319920
2226519,1,INITIATED,1789018317838
2226519,2,VALIDATED,1789018319010
2226519,3,PROCESSED,1789018319181
2226520,1,INITIATED,1789018317836
2226520,2,VALIDATED,1789018319176
2226520,3,PROCESSED,1789018320111
2226521,1,INITIATED,1789018317836
2226521,2,VALIDATED,1789018318349
2226521,3,PROCESSED,1789018320112
2226522,1,INITIATED,1789018317839
2226522,2,VALIDATED,1789018319028
2226522,3,PROCESSED,1789018320113
2226523,1,INITIATED,1789018317835
2226523,2,VALIDATED,1789018319177
2226523,3,PROCESSED,1789018320113
2226524,1,INITIATED,1789018317839
2226524,2,VALIDATED,1789018319006
2226524,3,PROCESSED,1789018319919
2226525,1,INITIATED,1789018317837
2226525,2,VALIDATED,1789018319010
2226525,3,PROCESSED,1789018319920
2226526,1,INITIATED,1789018317838
2226526,2,VALIDATED,1789018319179
2226526,3,PROCESSED,1789018319454
2226527,1,INITIATED,1789018317838
2226527,2,VALIDATED,1789018319177
2226527,3,PROCESSED,1789018320113
2226528,1,INITIATED,1789018317838
2226528,2,VALIDATED,1789018319010
2226528,3,PROCESSED,1789018319181
2226529,1,INITIATED,1789018317839
2226529,2,VALIDATED,1789018319173
2226529,3,PROCESSED,1789018320113
2226530,1,INITIATED,1789018318350
2226530,2,VALIDATED,1789018320107
2226530,3,PROCESSED,1789018320718
2226531,1,INITIATED,1789018318349
2226531,2,VALIDATED,1789018319450
2226531,3,PROCESSED,1789018320388
2226532,1,INITIATED,1789018318349
2226532,2,VALIDATED,1789018319231
2226532,3,PROCESSED,1789018320388
2226533,1,INITIATED,1789018318349
2226533,2,VALIDATED,1789018318493
2226533,3,PROCESSED,1789018319557
2226534,1,INITIATED,1789018318488
2226534,2,VALIDATED,1789018319555
2226534,3,PROCESSED,1789018320405
2226535,1,INITIATED,1789018318489
2226535,2,VALIDATED,1789018319556
2226535,3,PROCESSED,1789018320405
2226536,1,INITIATED,1789018318489
2226536,2,VALIDATED,1789018319554
2226536,3,PROCESSED,1789018320405
2226537,1,INITIATED,1789018318489
2226537,2,VALIDATED,1789018319462
2226537,3,PROCESSED,1789018320406
2226538,1,INITIATED,1789018318491
2226538,2,VALIDATED,1789018319557
2226538,3,PROCESSED,1789018320408
2226539,1,INITIATED,1789018318492
2226539,2,VALIDATED,1789018319555
2226539,3,PROCESSED,1789018320406
2226540,1,INITIATED,1789018318492
2226540,2,VALIDATED,1789018319462
2226540,3,PROCESSED,1789018320404
2226541,1,INITIATED,1789018318491
2226541,2,VALIDATED,1789018319558
2226541,3,PROCESSED,1789018320407
2226542,1,INITIATED,1789018318492
2226542,2,VALIDATED,1789018319555
2226542,3,PROCESSED,1789018320405
2226543,1,INITIATED,1789018318494
2226543,2,VALIDATED,1789018319554
2226543,3,PROCESSED,1789018320407
2226544,1,INITIATED,1789018318492
2226544,2,VALIDATED,1789018319554
2226544,3,PROCESSED,1789018320729
2226545,1,INITIATED,1789018318493
2226545,2,VALIDATED,1789018320386
2226545,3,PROCESSED,1789018321090
2226546,1,INITIATED,1789018318494
2226546,2,VALIDATED,1789018320715
2226546,3,PROCESSED,1789018321089
2226547,1,INITIATED,1789018318495
2226547,2,VALIDATED,1789018319554
2226547,3,PROCESSED,1789018320407
2226548,1,INITIATED,1789018319009
2226548,2,VALIDATED,1789018319177
2226548,3,PROCESSED,1789018320504
2226549,1,INITIATED,1789018319008
2226549,2,VALIDATED,1789018319180
2226549,3,PROCESSED,1789018319455
2226550,1,INITIATED,1789018319009
2226550,2,VALIDATED,1789018319918
2226550,3,PROCESSED,1789018320717
2226551,1,INITIATED,1789018319009
2226551,2,VALIDATED,1789018319919
2226551,3,PROCESSED,1789018320113
2226552,1,INITIATED,1789018319007
2226552,2,VALIDATED,1789018319175
2226552,3,PROCESSED,1789018319454
2226553,1,INITIATED,1789018319005
2226553,2,VALIDATED,1789018319917
2226553,3,PROCESSED,1789018320114
2226554,1,INITIATED,1789018319011
2226554,2,VALIDATED,1789018319917
2226554,3,PROCESSED,1789018320717
2226555,1,INITIATED,1789018319009
2226555,2,VALIDATED,1789018319174
2226555,3,PROCESSED,1789018320114
2226556,1,INITIATED,1789018319007
2226556,2,VALIDATED,1789018319918
2226556,3,REJECTED,1789018320507
2226557,1,INITIATED,1789018319009
2226557,2,VALIDATED,1789018319919
2226557,3,REJECTED,1789018320499
2226558,1,INITIATED,1789018319011
2226558,2,VALIDATED,1789018319180
2226558,3,REJECTED,1789018320108
2226559,1,INITIATED,1789018319178
2226559,2,VALIDATED,1789018320107
2226559,3,PROCESSED,1789018320719
2226560,1,INITIATED,1789018319175
2226560,2,VALIDATED,1789018320499
2226560,3,PROCESSED,1789018321047
2226561,1,INITIATED,1789018319180
2226561,2,VALIDATED,1789018320107
2226561,3,REJECTED,1789018320385
2226562,1,INITIATED,1789018319179
2226562,2,VALIDATED,1789018320111
2226562,3,PROCESSED,1789018320718
2226563,1,INITIATED,1789018319180
2226563,2,VALIDATED,1789018320502
2226563,3,PROCESSED,1789018321044
2226564,1,INITIATED,1789018319179
2226564,2,VALIDATED,1789018320112
2226564,3,PROCESSED,1789018320388
2226565,1,INITIATED,1789018319231
2226565,2,VALIDATED,1789018320385
2226565,3,PROCESSED,1789018320729
2226566,1,INITIATED,1789018319229
2226566,2,VALIDATED,1789018320382
2226566,3,PROCESSED,1789018320728
2226567,1,INITIATED,1789018319450
2226567,2,VALIDATED,1789018320385
2226567,3,PROCESSED,1789018320745
2226568,1,INITIATED,1789018319450
2226568,2,VALIDATED,1789018320383
2226568,3,PROCESSED,1789018320729
2226569,1,INITIATED,1789018319451
2226569,2,VALIDATED,1789018320386
2226569,3,PROCESSED,1789018320744
2226570,1,INITIATED,1789018319454
2226570,2,VALIDATED,1789018320399
2226570,3,PROCESSED,1789018320744
2226571,1,INITIATED,1789018319451
2226571,2,VALIDATED,1789018320386
2226571,3,PROCESSED,1789018320744
2226572,1,INITIATED,1789018319453
2226572,2,VALIDATED,1789018320385
2226572,3,PROCESSED,1789018320744
2226573,1,INITIATED,1789018319450
2226573,2,VALIDATED,1789018320384
2226573,3,PROCESSED,1789018320729
2226574,1,INITIATED,1789018319454
2226574,2,VALIDATED,1789018319558
2226574,3,PROCESSED,1789018320407
2226575,1,INITIATED,1789018319453
2226575,2,VALIDATED,1789018319557
2226575,3,PROCESSED,1789018320405
2226576,1,INITIATED,1789018319452
2226576,2,VALIDATED,1789018320398
2226576,3,PROCESSED,1789018320753
2226577,1,INITIATED,1789018319452
2226577,2,VALIDATED,1789018320383
2226577,3,PROCESSED,1789018320408
2226578,1,INITIATED,1789018319452
2226578,2,VALIDATED,1789018320385
2226578,3,PROCESSED,1789018320728
2226579,1,INITIATED,1789018319452
2226579,2,VALIDATED,1789018320715
2226579,3,PROCESSED,1789018321087
2226580,1,INITIATED,1789018319452
2226580,2,VALIDATED,1789018320385
2226580,3,PROCESSED,1789018320744
2226581,1,INITIATED,1789018319453
2226581,2,VALIDATED,1789018320384
2226581,3,PROCESSED,1789018320729
2226582,1,INITIATED,1789018319453
2226582,2,VALIDATED,1789018320383
2226582,3,PROCESSED,1789018320729
2226583,1,INITIATED,1789018319454
2226583,2,VALIDATED,1789018319557
2226583,3,PROCESSED,1789018320744
2226584,1,INITIATED,1789018319452
2226584,2,VALIDATED,1789018320384
2226584,3,PROCESSED,1789018320730
2226585,1,INITIATED,1789018319461
2226585,2,VALIDATED,1789018320400
2226585,3,PROCESSED,1789018320753
2226586,1,INITIATED,1789018319461
2226586,2,VALIDATED,1789018320403
2226586,3,PROCESSED,1789018321026
2226587,1,INITIATED,1789018319461
2226587,2,VALIDATED,1789018320400
2226587,3,PROCESSED,1789018320753
2226588,1,INITIATED,1789018319553
2226588,2,VALIDATED,1789018320402
2226588,3,PROCESSED,1789018320752
2226589,1,INITIATED,1789018319556
2226589,2,VALIDATED,1789018320403
2226589,3,PROCESSED,1789018321023
2226590,1,INITIATED,1789018319557
2226590,2,VALIDATED,1789018320402
2226590,3,PROCESSED,1789018320752
2226591,1,INITIATED,1789018319555
2226591,2,VALIDATED,1789018319917
2226591,3,PROCESSED,1789018320504
2226592,1,INITIATED,1789018319556
2226592,2,VALIDATED,1789018320404
2226592,3,PROCESSED,1789018321026
2226593,1,INITIATED,1789018319555
2226593,2,VALIDATED,1789018320402
2226593,3,PROCESSED,1789018320753
2226594,1,INITIATED,1789018319560
2226594,2,VALIDATED,1789018320403
2226594,3,PROCESSED,1789018321027
2226595,1,INITIATED,1789018319560
2226595,2,VALIDATED,1789018320404
2226595,3,PROCESSED,1789018321027
2226596,1,INITIATED,1789018319561
2226596,2,VALIDATED,1789018320403
2226596,3,PROCESSED,1789018321024
2226597,1,INITIATED,1789018319561
2226597,2,VALIDATED,1789018320401
2226597,3,PROCESSED,1789018320753
2226598,1,INITIATED,1789018319561
2226598,2,VALIDATED,1789018320406
2226598,3,PROCESSED,1789018321031
2226599,1,INITIATED,1789018319561
2226599,2,VALIDATED,1789018320405
2226599,3,PROCESSED,1789018321031
2226600,1,INITIATED,1789018319576
2226600,2,VALIDATED,1789018320408
2226600,3,PROCESSED,1789018321026
2226601,1,INITIATED,1789018319577
2226601,2,VALIDATED,1789018320500
2226601,3,PROCESSED,1789018321044
2226602,1,INITIATED,1789018319577
2226602,2,VALIDATED,1789018320500
2226602,3,PROCESSED,1789018321048
2226603,1,INITIATED,1789018319576
2226603,2,VALIDATED,1789018320408
2226603,3,PROCESSED,1789018321028
2226604,1,INITIATED,1789018319576
2226604,2,VALIDATED,1789018320409
2226604,3,PROCESSED,1789018321027
2226605,1,INITIATED,1789018319577
2226605,2,VALIDATED,1789018320408
2226605,3,PROCESSED,1789018321027
2226606,1,INITIATED,1789018319577
2226606,2,VALIDATED,1789018320409
2226606,3,PROCESSED,1789018321027
2226607,1,INITIATED,1789018319578
2226607,2,VALIDATED,1789018320501
2226607,3,PROCESSED,1789018321044
2226608,1,INITIATED,1789018319578
2226608,2,VALIDATED,1789018320499
2226608,3,PROCESSED,1789018321041
2226609,1,INITIATED,1789018319578
2226609,2,VALIDATED,1789018320501
2226609,3,PROCESSED,1789018321046
2226610,1,INITIATED,1789018319578
2226610,2,VALIDATED,1789018320502
2226610,3,PROCESSED,1789018321044
2226611,1,INITIATED,1789018319578
2226611,2,VALIDATED,1789018320714
2226611,3,PROCESSED,1789018321048
2226612,1,INITIATED,1789018319578
2226612,2,VALIDATED,1789018320501
2226612,3,PROCESSED,1789018321044
2226613,1,INITIATED,1789018319915
2226613,2,VALIDATED,1789018320109
2226613,3,PROCESSED,1789018320718
2226614,1,INITIATED,1789018319915
2226614,2,VALIDATED,1789018320110
2226614,3,PROCESSED,1789018320719
2226615,1,INITIATED,1789018319917
2226615,2,VALIDATED,1789018320499
2226615,3,PROCESSED,1789018321042
2226616,1,INITIATED,1789018319916
2226616,2,VALIDATED,1789018320503
2226616,3,PROCESSED,1789018321045
2226617,1,INITIATED,1789018319916
2226617,2,VALIDATED,1789018320502
2226617,3,PROCESSED,1789018321044
2226618,1,INITIATED,1789018319917
2226618,2,VALIDATED,1789018320507
2226618,3,PROCESSED,1789018321048
2226619,1,INITIATED,1789018319917
2226619,2,VALIDATED,1789018321036
2226619,3,PROCESSED,1789018321122
2226620,1,INITIATED,1789018319578
2226620,2,VALIDATED,1789018320412
2226620,3,PROCESSED,1789018321031
2226621,1,INITIATED,1789018319918
2226621,2,VALIDATED,1789018320500
2226621,3,PROCESSED,1789018321047
2226622,1,INITIATED,1789018319918
2226622,2,VALIDATED,1789018321026
2226622,3,PROCESSED,1789018321098
2226623,1,INITIATED,1789018319918
2226623,2,VALIDATED,1789018320507
2226623,3,PROCESSED,1789018321089
2226624,1,INITIATED,1789018319916
2226624,2,VALIDATED,1789018320501
2226624,3,PROCESSED,1789018321046
2226625,1,INITIATED,1789018319918
2226625,2,VALIDATED,1789018320107
2226625,3,PROCESSED,1789018320718
2226626,1,INITIATED,1789018320105
2226626,2,VALIDATED,1789018320715
2226626,3,PROCESSED,1789018321048
2226627,1,INITIATED,1789018320105
2226627,2,VALIDATED,1789018320714
2226627,3,PROCESSED,1789018321088
2226628,1,INITIATED,1789018320105
2226628,2,VALIDATED,1789018320716
2226628,3,PROCESSED,1789018321088
2226629,1,INITIATED,1789018320109
2226629,2,VALIDATED,1789018320717
2226629,3,PROCESSED,1789018321085
2226630,1,INITIATED,1789018320110
2226630,2,VALIDATED,1789018320714
2226630,3,PROCESSED,1789018321087
2226631,1,INITIATED,1789018320110
2226631,2,VALIDATED,1789018320715
2226631,3,PROCESSED,1789018321088
2226632,1,INITIATED,1789018320125
2226632,2,VALIDATED,1789018320716
2226632,3,PROCESSED,1789018321089
2226633,1,INITIATED,1789018320125
2226633,2,VALIDATED,1789018320716
2226633,3,PROCESSED,1789018321086
2226634,1,INITIATED,1789018320386
2226634,2,VALIDATED,1789018320742
2226634,3,PROCESSED,1789018321092
2226635,1,INITIATED,1789018320386
2226635,2,VALIDATED,1789018320741
2226635,3,PROCESSED,1789018321087
2226636,1,INITIATED,1789018320387
2226636,2,VALIDATED,1789018320743
2226636,3,PROCESSED,1789018321091
2226637,1,INITIATED,1789018320386
2226637,2,VALIDATED,1789018320742
2226637,3,PROCESSED,1789018321089
2226638,1,INITIATED,1789018320387
2226638,2,VALIDATED,1789018320742
2226638,3,PROCESSED,1789018321094
2226639,1,INITIATED,1789018320384
2226639,2,VALIDATED,1789018320726
2226639,3,PROCESSED,1789018321087
2226640,1,INITIATED,1789018320385
2226640,2,VALIDATED,1789018320727
2226640,3,PROCESSED,1789018321089
2226641,1,INITIATED,1789018320386
2226641,2,VALIDATED,1789018320742
2226641,3,PROCESSED,1789018321086
2226642,1,INITIATED,1789018320387
2226642,2,VALIDATED,1789018320741
2226642,3,PROCESSED,1789018321089
2226643,1,INITIATED,1789018320387
2226643,2,VALIDATED,1789018320741
2226643,3,PROCESSED,1789018321091
2226644,1,INITIATED,1789018320382
2226644,2,VALIDATED,1789018320402
2226644,3,PROCESSED,1789018320753
2226645,1,INITIATED,1789018320401
2226645,2,VALIDATED,1789018320751
2226645,3,PROCESSED,1789018321093
2226646,1,INITIATED,1789018320402
2226646,2,VALIDATED,1789018320751
2226646,3,PROCESSED,1789018321093
2226647,1,INITIATED,1789018320409
2226647,2,VALIDATED,1789018321025
2226647,3,PROCESSED,1789018321098
2226648,1,INITIATED,1789018320409
2226648,2,VALIDATED,1789018321024
2226648,3,PROCESSED,1789018321099
2226649,1,INITIATED,1789018320409
2226649,2,VALIDATED,1789018321025
2226649,3,PROCESSED,1789018321098
2226650,1,INITIATED,1789018320409
2226650,2,VALIDATED,1789018321024
2226650,3,PROCESSED,1789018321098
2226651,1,INITIATED,1789018320409
2226651,2,VALIDATED,1789018321030
2226651,3,PROCESSED,1789018321099
2226652,1,INITIATED,1789018320409
2226652,2,VALIDATED,1789018321023
2226652,3,PROCESSED,1789018321098
2226653,1,INITIATED,1789018320409
2226653,2,VALIDATED,1789018321025
2226653,3,PROCESSED,1789018321100
2226654,1,INITIATED,1789018320410
2226654,2,VALIDATED,1789018321025
2226654,3,PROCESSED,1789018321111
2226655,1,INITIATED,1789018320410
2226655,2,VALIDATED,1789018321026
2226655,3,PROCESSED,1789018321100
2226656,1,INITIATED,1789018320410
2226656,2,VALIDATED,1789018321026
2226656,3,PROCESSED,1789018321098
2226657,1,INITIATED,1789018320410
2226657,2,VALIDATED,1789018320500
2226657,3,PROCESSED,1789018321045
2226658,1,INITIATED,1789018320410
2226658,2,VALIDATED,1789018321025
2226658,3,PROCESSED,1789018321102
2226659,1,INITIATED,1789018320411
2226659,2,VALIDATED,1789018321038
2226659,3,REJECTED,1789018321100
2226660,1,INITIATED,1789018320411
2226660,2,VALIDATED,1789018321030
2226660,3,REJECTED,1789018321095
2226661,1,INITIATED,1789018320411
2226661,2,VALIDATED,1789018320503
2226661,3,REJECTED,1789018321043
2226662,1,INITIATED,1789018320412
2226662,2,VALIDATED,1789018321030
2226662,3,REJECTED,1789018321096
2226663,1,INITIATED,1789018320499
2226663,2,VALIDATED,1789018321042
2226663,3,PROCESSED,1789018321107
2226664,1,INITIATED,1789018320503
2226664,2,VALIDATED,1789018321039
2226664,3,PROCESSED,1789018321106
2226665,1,INITIATED,1789018320500
2226665,2,VALIDATED,1789018321038
2226665,3,PROCESSED,1789018321101
2226666,1,INITIATED,1789018320502
2226666,2,VALIDATED,1789018321039
2226666,3,PROCESSED,1789018321102
2226667,1,INITIATED,1789018320499
2226667,2,VALIDATED,1789018321037
2226667,3,PROCESSED,1789018321099
2226668,1,INITIATED,1789018320501
2226668,2,VALIDATED,1789018321037
2226668,3,PROCESSED,1789018321100
2226669,1,INITIATED,1789018320502
2226669,2,VALIDATED,1789018321036
2226669,3,PROCESSED,1789018321101
2226670,1,INITIATED,1789018320498
2226670,2,VALIDATED,1789018321037
2226670,3,PROCESSED,1789018321102
2226671,1,INITIATED,1789018320500
2226671,2,VALIDATED,1789018321043
2226671,3,PROCESSED,1789018321108
2226672,1,INITIATED,1789018320502
2226672,2,VALIDATED,1789018321039
2226672,3,PROCESSED,1789018321107
2226673,1,INITIATED,1789018320498
2226673,2,VALIDATED,1789018321039
2226673,3,PROCESSED,1789018321106
2226674,1,INITIATED,1789018320508
2226674,2,VALIDATED,1789018321047
2226674,3,PROCESSED,1789018321109
2226675,1,INITIATED,1789018320715
2226675,2,VALIDATED,1789018321052
2226675,3,PROCESSED,1789018321109
2226676,1,INITIATED,1789018320717
2226676,2,VALIDATED,1789018321085
2226676,3,PROCESSED,1789018321109
2226677,1,INITIATED,1789018320714
2226677,2,VALIDATED,1789018321047
2226677,3,PROCESSED,1789018321107
2226678,1,INITIATED,1789018320716
2226678,2,VALIDATED,1789018321083
2226678,3,PROCESSED,1789018321111
2226679,1,INITIATED,1789018320714
2226679,2,VALIDATED,1789018321083
2226679,3,PROCESSED,1789018321110
2226680,1,INITIATED,1789018320717
2226680,2,VALIDATED,1789018321084
2226680,3,PROCESSED,1789018321111
2226681,1,INITIATED,1789018320716
2226681,2,VALIDATED,1789018321083
2226681,3,PROCESSED,1789018321109
2226682,1,INITIATED,1789018320717
2226682,2,VALIDATED,1789018321084
2226682,3,PROCESSED,1789018321110
2226683,1,INITIATED,1789018320716
2226683,2,VALIDATED,1789018321083
2226683,3,PROCESSED,1789018321111
2226684,1,INITIATED,1789018320726
2226684,2,VALIDATED,1789018321085
2226684,3,PROCESSED,1789018321110
2226685,1,INITIATED,1789018320726
2226685,2,VALIDATED,1789018321085
2226685,3,PROCESSED,1789018321101
2226686,1,INITIATED,1789018320727
2226686,2,VALIDATED,1789018321083
2226686,3,PROCESSED,1789018321110
2226687,1,INITIATED,1789018320727
2226687,2,VALIDATED,1789018321085
2226687,3,PROCESSED,1789018321094
2226688,1,INITIATED,1789018320742
2226688,2,VALIDATED,1789018321090
2226688,3,PROCESSED,1789018321112
2226689,1,INITIATED,1789018320742
2226689,2,VALIDATED,1789018321085
2226689,3,PROCESSED,1789018321110
2226690,1,INITIATED,1789018321025
2226690,2,VALIDATED,1789018321095
2226690,3,PROCESSED,1789018321121
2226691,1,INITIATED,1789018321022
2226691,2,VALIDATED,1789018321095
2226691,3,PROCESSED,1789018321119
2226692,1,INITIATED,1789018321024
2226692,2,VALIDATED,1789018321096
2226692,3,PROCESSED,1789018321120
2226693,1,INITIATED,1789018321030
2226693,2,VALIDATED,1789018321094
2226693,3,PROCESSED,1789018321122
2226694,1,INITIATED,1789018321037
2226694,2,VALIDATED,1789018321097
2226694,3,PROCESSED,1789018321107
2226695,1,INITIATED,1789018321036
2226695,2,VALIDATED,1789018321097
2226695,3,PROCESSED,1789018321122
2226696,1,INITIATED,1789018321044
2226696,2,VALIDATED,1789018321106
2226696,3,PROCESSED,1789018321123
2226697,1,INITIATED,1789018321046
2226697,2,VALIDATED,1789018321103
2226697,3,PROCESSED,1789018321122
2226698,1,INITIATED,1789018321046
2226698,2,VALIDATED,1789018321106
2226698,3,PROCESSED,1789018321117
2226699,1,INITIATED,1789018321045
2226699,2,VALIDATED,1789018321106
2226699,3,PROCESSED,1789018321122
2226700,1,INITIATED,1789018321045
2226700,2,VALIDATED,1789018321104
2226700,3,PROCESSED,1789018321122
2226701,1,INITIATED,1789018321047
2226701,2,VALIDATED,1789018321105
2226701,3,PROCESSED,1789018321118
2226702,1,INITIATED,1789018321047
2226702,2,VALIDATED,1789018321107
2226702,3,PROCESSED,1789018321123
2226703,1,INITIATED,1789018321047
2226703,2,VALIDATED,1789018321116
2226703,3,PROCESSED,1789018321125
2226704,1,INITIATED,1789018321046
2226704,2,VALIDATED,1789018321103
2226704,3,PROCESSED,1789018321121
2226705,1,INITIATED,1789018321046
2226705,2,VALIDATED,1789018321102
2226705,3,PROCESSED,1789018321122
2226706,1,INITIATED,1789018321083
2226706,2,VALIDATED,1789018321104
2226706,3,PROCESSED,1789018321123
2226707,1,INITIATED,1789018321084
2226707,2,VALIDATED,1789018321107
2226707,3,PROCESSED,1789018321119
2226708,1,INITIATED,1789018321085
2226708,2,VALIDATED,1789018321107
2226708,3,PROCESSED,1789018321123
2226709,1,INITIATED,1789018321089
2226709,2,VALIDATED,1789018321109
2226709,3,PROCESSED,1789018321122
2226710,1,INITIATED,1789018321091
2226710,2,VALIDATED,1789018321110
2226710,3,PROCESSED,1789018321123
2226711,1,INITIATED,1789018321090
2226711,2,VALIDATED,1789018321108
2226711,3,PROCESSED,1789018321123
2226712,1,INITIATED,1789018321090
2226712,2,VALIDATED,1789018321109
2226712,3,PROCESSED,1789018321121
2226713,1,INITIATED,1789018321091
2226713,2,VALIDATED,1789018321116
2226713,3,PROCESSED,1789018321125
2226714,1,INITIATED,1789018321091
2226714,2,VALIDATED,1789018321110
2226714,3,PROCESSED,1789018321122
2226715,1,INITIATED,1789018321091
2226715,2,VALIDATED,1789018321096
2226715,3,PROCESSED,1789018321119
2226716,1,INITIATED,1789018321093
2226716,2,VALIDATED,1789018321115
2226716,3,PROCESSED,1789018321125
2226717,1,INITIATED,1789018321093
2226717,2,VALIDATED,1789018321114
2226717,3,PROCESSED,1789018321124
2226718,1,INITIATED,1789018321094
2226718,2,VALIDATED,1789018321115
2226718,3,PROCESSED,1789018321124
2226719,1,INITIATED,1789018321095
2226719,2,VALIDATED,1789018321113
2226719,3,PROCESSED,1789018321124
2226720,1,INITIATED,1789018321101
2226720,2,VALIDATED,1789018321115
2226720,3,PROCESSED,1789018321124
2226721,1,INITIATED,1789018321104
2226721,2,VALIDATED,1789018321115
2226721,3,PROCESSED,1789018321124
2226722,1,INITIATED,1789018321105
2226722,2,VALIDATED,1789018321114
2226722,3,PROCESSED,1789018321124
2226723,1,INITIATED,1789018321113
2226723,2,VALIDATED,1789018321121
2226723,3,PROCESSED,1789018321130
2226724,1,INITIATED,1789018321121
2226724,2,VALIDATED,1789018321129
2226724,3,PROCESSED,1789018321133
2226725,1,INITIATED,1789018321140
2226725,2,VALIDATED,1789018321142
2226725,3,PROCESSED,1789018321146
2226726,1,INITIATED,1789018321161
2226726,2,VALIDATED,1789018321165
2226726,3,PROCESSED,1789018321168
2226727,1,INITIATED,1789018321181
2226727,2,VALIDATED,1789018321185
2226727,3,PROCESSED,1789018321192
2226728,1,INITIATED,1789018321200
2226728,2,VALIDATED,1789018321203
2226728,3,PROCESSED,1789018321207
2226729,1,INITIATED,1789018321221
2226729,2,VALIDATED,1789018321224
2226729,3,PROCESSED,1789018321230
2226730,1,INITIATED,1789018321241
2226730,2,VALIDATED,1789018321245
2226730,3,PROCESSED,1789018321249
2226731,1,INITIATED,1789018321261
2226731,2,VALIDATED,1789018321264
2226731,3,PROCESSED,1789018321268
2226732,1,INITIATED,1789018321281
2226732,2,VALIDATED,1789018321284
2226732,3,PROCESSED,1789018321288
2226733,1,INITIATED,1789018321301
2226733,2,VALIDATED,1789018321304
2226733,3,PROCESSED,1789018321308
2226734,1,INITIATED,1789018321321
2226734,2,VALIDATED,1789018321326
2226734,3,PROCESSED,1789018321331
2226735,1,INITIATED,1789018321341
2226735,2,VALIDATED,1789018321344
2226735,3,PROCESSED,1789018321349
2226736,1,INITIATED,1789018321361
2226736,2,VALIDATED,1789018321364
2226736,3,PROCESSED,1789018321369
2226737,1,INITIATED,1789018321380
2226737,2,VALIDATED,1789018321384
2226737,3,PROCESSED,1789018321388
2226738,1,INITIATED,1789018321401
2226738,2,VALIDATED,1789018321404
2226738,3,PROCESSED,1789018321410
2226739,1,INITIATED,1789018321420
2226739,2,VALIDATED,1789018321423
2226739,3,PROCESSED,1789018321427
2226740,1,INITIATED,1789018321441
2226740,2,VALIDATED,1789018321444
2226740,3,PROCESSED,1789018321449
2226741,1,INITIATED,1789018321460
2226741,2,VALIDATED,1789018321469
2226741,3,PROCESSED,1789018321675
2226742,1,INITIATED,1789018321672
2226742,2,VALIDATED,1789018321678
2226742,3,PROCESSED,1789018321738
2226743,1,INITIATED,1789018321672
2226743,2,VALIDATED,1789018321678
2226743,3,PROCESSED,1789018321738
2226744,1,INITIATED,1789018321673
2226744,2,VALIDATED,1789018321679
2226744,3,PROCESSED,1789018321738
2226745,1,INITIATED,1789018321672
2226745,2,VALIDATED,1789018321679
2226745,3,PROCESSED,1789018321738
2226746,1,INITIATED,1789018321673
2226746,2,VALIDATED,1789018321678
2226746,3,PROCESSED,1789018321739
2226747,1,INITIATED,1789018321672
2226747,2,VALIDATED,1789018321678
2226747,3,PROCESSED,1789018321739
2226748,1,INITIATED,1789018321672
2226748,2,VALIDATED,1789018321678
2226748,3,PROCESSED,1789018321738
2226749,1,INITIATED,1789018321672
2226749,2,VALIDATED,1789018321678
2226749,3,PROCESSED,1789018321738
2226750,1,INITIATED,1789018321673
2226750,2,VALIDATED,1789018321678
2226750,3,PROCESSED,1789018321739
2226751,1,INITIATED,1789018321673
2226751,2,VALIDATED,1789018321679
2226751,3,PROCESSED,1789018321739
2226752,1,INITIATED,1789018321680
2226752,2,VALIDATED,1789018321761
2226752,3,PROCESSED,1789018321997
2226753,1,INITIATED,1789018321734
2226753,2,VALIDATED,1789018321994
2226753,3,PROCESSED,1789018322015
2226754,1,INITIATED,1789018321734
2226754,2,VALIDATED,1789018321994
2226754,3,PROCESSED,1789018322015
2226755,1,INITIATED,1789018321760
2226755,2,VALIDATED,1789018321995
2226755,3,PROCESSED,1789018322015
2226756,1,INITIATED,1789018321761
2226756,2,VALIDATED,1789018321996
2226756,3,PROCESSED,1789018322015
2226757,1,INITIATED,1789018321995
2226757,2,VALIDATED,1789018322013
2226757,3,PROCESSED,1789018322148
2226758,1,INITIATED,1789018321995
2226758,2,VALIDATED,1789018322013
2226758,3,PROCESSED,1789018322148
2226759,1,INITIATED,1789018321996
2226759,2,VALIDATED,1789018322031
2226759,3,PROCESSED,1789018322148
2226760,1,INITIATED,1789018321994
2226760,2,VALIDATED,1789018321998
2226760,3,REJECTED,1789018322031
2226761,1,INITIATED,1789018321995
2226761,2,VALIDATED,1789018322013
2226761,3,REJECTED,1789018322146
2226762,1,INITIATED,1789018321996
2226762,2,VALIDATED,1789018322031
2226762,3,REJECTED,1789018322145
2226763,1,INITIATED,1789018321995
2226763,2,VALIDATED,1789018322013
2226763,3,REJECTED,1789018322146
2226764,1,INITIATED,1789018321995
2226764,2,VALIDATED,1789018322013
2226764,3,PROCESSED,1789018322148
2226765,1,INITIATED,1789018321995
2226765,2,VALIDATED,1789018322013
2226765,3,PROCESSED,1789018322147
2226766,1,INITIATED,1789018321996
2226766,2,VALIDATED,1789018322030
2226766,3,PROCESSED,1789018322149
2226767,1,INITIATED,1789018321995
2226767,2,VALIDATED,1789018322013
2226767,3,PROCESSED,1789018322148
2226768,1,INITIATED,1789018322001
2226768,2,VALIDATED,1789018322030
2226768,3,PROCESSED,1789018322148
2226769,1,INITIATED,1789018322021
2226769,2,VALIDATED,1789018322149
2226769,3,PROCESSED,1789018322154
2226770,1,INITIATED,1789018322041
2226770,2,VALIDATED,1789018322146
2226770,3,PROCESSED,1789018322153
2226771,1,INITIATED,1789018322060
2226771,2,VALIDATED,1789018322147
2226771,3,PROCESSED,1789018322154
2226772,1,INITIATED,1789018322081
2226772,2,VALIDATED,1789018322146
2226772,3,PROCESSED,1789018322153
2226773,1,INITIATED,1789018322101
2226773,2,VALIDATED,1789018322146
2226773,3,PROCESSED,1789018322153
2226774,1,INITIATED,1789018322121
2226774,2,VALIDATED,1789018322146
2226774,3,PROCESSED,1789018322153
2226775,1,INITIATED,1789018322141
2226775,2,VALIDATED,1789018322147
2226775,3,PROCESSED,1789018322153
2226776,1,INITIATED,1789018322160
2226776,2,VALIDATED,1789018322174
2226776,3,PROCESSED,1789018322178
2226777,1,INITIATED,1789018322180
2226777,2,VALIDATED,1789018322183
2226777,3,PROCESSED,1789018322187
2226778,1,INITIATED,1789018322200
2226778,2,VALIDATED,1789018322204
2226778,3,PROCESSED,1789018322213
2226779,1,INITIATED,1789018322221
2226779,2,VALIDATED,1789018322224
2226779,3,PROCESSED,1789018322228
2226780,1,INITIATED,1789018322241
2226780,2,VALIDATED,1789018322245
2226780,3,PROCESSED,1789018322250
2226781,1,INITIATED,1789018322260
2226781,2,VALIDATED,1789018322264
2226781,3,PROCESSED,1789018322267
2226782,1,INITIATED,1789018322280
2226782,2,VALIDATED,1789018322284
2226782,3,PROCESSED,1789018322287
2226783,1,INITIATED,1789018322301
2226783,2,VALIDATED,1789018322305
2226783,3,PROCESSED,1789018322309
2226784,1,INITIATED,1789018322321
2226784,2,VALIDATED,1789018322325
2226784,3,PROCESSED,1789018322329
2226785,1,INITIATED,1789018322340
2226785,2,VALIDATED,1789018322349
2226785,3,PROCESSED,1789018322353
2226786,1,INITIATED,1789018322361
2226786,2,VALIDATED,1789018322363
2226786,3,PROCESSED,1789018322367
2226787,1,INITIATED,1789018322381
2226787,2,VALIDATED,1789018322385
2226787,3,PROCESSED,1789018322388
2226788,1,INITIATED,1789018322400
2226788,2,VALIDATED,1789018322403
2226788,3,PROCESSED,1789018322407
2226789,1,INITIATED,1789018322420
2226789,2,VALIDATED,1789018322423
2226789,3,PROCESSED,1789018322427
2226790,1,INITIATED,1789018322440
2226790,2,VALIDATED,1789018322444
2226790,3,PROCESSED,1789018322448
2226791,1,INITIATED,1789018322460
2226791,2,VALIDATED,1789018322464
2226791,3,PROCESSED,1789018322518
2226792,1,INITIATED,1789018322481
2226792,2,VALIDATED,1789018322742
2226792,3,PROCESSED,1789018322907
2226793,1,INITIATED,1789018322515
2226793,2,VALIDATED,1789018322742
2226793,3,PROCESSED,1789018322907
2226794,1,INITIATED,1789018322741
2226794,2,VALIDATED,1789018322904
2226794,3,PROCESSED,1789018323364
2226795,1,INITIATED,1789018322741
2226795,2,VALIDATED,1789018322905
2226795,3,PROCESSED,1789018323361
2226796,1,INITIATED,1789018322742
2226796,2,VALIDATED,1789018322905
2226796,3,PROCESSED,1789018323364
2226797,1,INITIATED,1789018322741
2226797,2,VALIDATED,1789018322906
2226797,3,PROCESSED,1789018323362
2226798,1,INITIATED,1789018322742
2226798,2,VALIDATED,1789018322905
2226798,3,PROCESSED,1789018323360
2226799,1,INITIATED,1789018322741
2226799,2,VALIDATED,1789018322906
2226799,3,PROCESSED,1789018323360
2226800,1,INITIATED,1789018322741
2226800,2,VALIDATED,1789018322905
2226800,3,PROCESSED,1789018323360
2226801,1,INITIATED,1789018322742
2226801,2,VALIDATED,1789018322905
2226801,3,PROCESSED,1789018323363
2226802,1,INITIATED,1789018322741
2226802,2,VALIDATED,1789018322905
2226802,3,PROCESSED,1789018323363
2226803,1,INITIATED,1789018322741
2226803,2,VALIDATED,1789018322905
2226803,3,PROCESSED,1789018323360
2226804,1,INITIATED,1789018322741
2226804,2,VALIDATED,1789018322905
2226804,3,PROCESSED,1789018323361
2226805,1,INITIATED,1789018322741
2226805,2,VALIDATED,1789018322905
2226805,3,PROCESSED,1789018323363
2226806,1,INITIATED,1789018322902
2226806,2,VALIDATED,1789018322976
2226806,3,PROCESSED,1789018323363
2226807,1,INITIATED,1789018322905
2226807,2,VALIDATED,1789018322979
2226807,3,PROCESSED,1789018323503
2226808,1,INITIATED,1789018322903
2226808,2,VALIDATED,1789018322977
2226808,3,PROCESSED,1789018323361
2226809,1,INITIATED,1789018322902
2226809,2,VALIDATED,1789018322976
2226809,3,PROCESSED,1789018323364
2226810,1,INITIATED,1789018322903
2226810,2,VALIDATED,1789018322976
2226810,3,PROCESSED,1789018323362
2226811,1,INITIATED,1789018322902
2226811,2,VALIDATED,1789018322977
2226811,3,PROCESSED,1789018323364
2226812,1,INITIATED,1789018322902
2226812,2,VALIDATED,1789018322976
2226812,3,PROCESSED,1789018323362
2226813,1,INITIATED,1789018322902
2226813,2,VALIDATED,1789018322978
2226813,3,PROCESSED,1789018323364
2226814,1,INITIATED,1789018322922
2226814,2,VALIDATED,1789018323359
2226814,3,PROCESSED,1789018323501
2226815,1,INITIATED,1789018322976
2226815,2,VALIDATED,1789018323358
2226815,3,PROCESSED,1789018323504
2226816,1,INITIATED,1789018322977
2226816,2,VALIDATED,1789018323359
2226816,3,PROCESSED,1789018323501
2226817,1,INITIATED,1789018323357
2226817,2,VALIDATED,1789018323381
2226817,3,PROCESSED,1789018323506
2226818,1,INITIATED,1789018323358
2226818,2,VALIDATED,1789018323381
2226818,3,PROCESSED,1789018323506
2226819,1,INITIATED,1789018323357
2226819,2,VALIDATED,1789018323468
2226819,3,PROCESSED,1789018323932
2226820,1,INITIATED,1789018323357
2226820,2,VALIDATED,1789018323381
2226820,3,PROCESSED,1789018323506
2226821,1,INITIATED,1789018323356
2226821,2,VALIDATED,1789018323381
2226821,3,PROCESSED,1789018323506
2226822,1,INITIATED,1789018323359
2226822,2,VALIDATED,1789018323381
2226822,3,PROCESSED,1789018323506
2226823,1,INITIATED,1789018323357
2226823,2,VALIDATED,1789018323364
2226823,3,PROCESSED,1789018323502
2226824,1,INITIATED,1789018323357
2226824,2,VALIDATED,1789018323381
2226824,3,PROCESSED,1789018323506
2226825,1,INITIATED,1789018323357
2226825,2,VALIDATED,1789018323381
2226825,3,PROCESSED,1789018323506
2226826,1,INITIATED,1789018323363
2226826,2,VALIDATED,1789018323468
2226826,3,PROCESSED,1789018323931
2226827,1,INITIATED,1789018323361
2226827,2,VALIDATED,1789018323467
2226827,3,PROCESSED,1789018323931
2226828,1,INITIATED,1789018323362
2226828,2,VALIDATED,1789018323467
2226828,3,PROCESSED,1789018323931
2226829,1,INITIATED,1789018323362
2226829,2,VALIDATED,1789018323468
2226829,3,PROCESSED,1789018323931
2226830,1,INITIATED,1789018323362
2226830,2,VALIDATED,1789018323468
2226830,3,PROCESSED,1789018323932
2226831,1,INITIATED,1789018323363
2226831,2,VALIDATED,1789018323467
2226831,3,PROCESSED,1789018323932
2226832,1,INITIATED,1789018323364
2226832,2,VALIDATED,1789018323469
2226832,3,PROCESSED,1789018323932
2226833,1,INITIATED,1789018323364
2226833,2,VALIDATED,1789018323468
2226833,3,PROCESSED,1789018323931
2226834,1,INITIATED,1789018323364
2226834,2,VALIDATED,1789018323469
2226834,3,PROCESSED,1789018323931
2226835,1,INITIATED,1789018323365
2226835,2,VALIDATED,1789018323469
2226835,3,PROCESSED,1789018323932
2226836,1,INITIATED,1789018323381
2226836,2,VALIDATED,1789018323504
2226836,3,PROCESSED,1789018323931
2226837,1,INITIATED,1789018323466
2226837,2,VALIDATED,1789018323929
2226837,3,PROCESSED,1789018324077
2226838,1,INITIATED,1789018323467
2226838,2,VALIDATED,1789018323927
2226838,3,PROCESSED,1789018324077
2226839,1,INITIATED,1789018323467
2226839,2,VALIDATED,1789018323929
2226839,3,PROCESSED,1789018324077
2226840,1,INITIATED,1789018323468
2226840,2,VALIDATED,1789018323930
2226840,3,PROCESSED,1789018324077
2226841,1,INITIATED,1789018323468
2226841,2,VALIDATED,1789018323930
2226841,3,PROCESSED,1789018324077
2226842,1,INITIATED,1789018323502
2226842,2,VALIDATED,1789018323929
2226842,3,PROCESSED,1789018324077
2226843,1,INITIATED,1789018323502
2226843,2,VALIDATED,1789018323928
2226843,3,PROCESSED,1789018324077
2226844,1,INITIATED,1789018323930
2226844,2,VALIDATED,1789018324075
2226844,3,PROCESSED,1789018324489
2226845,1,INITIATED,1789018323929
2226845,2,VALIDATED,1789018324143
2226845,3,PROCESSED,1789018324646
2226846,1,INITIATED,1789018323927
2226846,2,VALIDATED,1789018324076
2226846,3,PROCESSED,1789018324489
2226847,1,INITIATED,1789018323930
2226847,2,VALIDATED,1789018324074
2226847,3,PROCESSED,1789018324488
2226848,1,INITIATED,1789018323928
2226848,2,VALIDATED,1789018324074
2226848,3,PROCESSED,1789018324489
2226849,1,INITIATED,1789018323928
2226849,2,VALIDATED,1789018324073
2226849,3,PROCESSED,1789018324489
2226850,1,INITIATED,1789018323926
2226850,2,VALIDATED,1789018324075
2226850,3,PROCESSED,1789018324489
2226851,1,INITIATED,1789018323929
2226851,2,VALIDATED,1789018324143
2226851,3,PROCESSED,1789018324647
2226852,1,INITIATED,1789018323929
2226852,2,VALIDATED,1789018324075
2226852,3,PROCESSED,1789018324489
2226853,1,INITIATED,1789018323927
2226853,2,VALIDATED,1789018324074
2226853,3,PROCESSED,1789018324489
2226854,1,INITIATED,1789018323927
2226854,2,VALIDATED,1789018324076
2226854,3,PROCESSED,1789018324489
2226855,1,INITIATED,1789018323926
2226855,2,VALIDATED,1789018324075
2226855,3,PROCESSED,1789018324488
2226856,1,INITIATED,1789018323930
2226856,2,VALIDATED,1789018324487
2226856,3,PROCESSED,1789018324646
2226857,1,INITIATED,1789018324072
2226857,2,VALIDATED,1789018324488
2226857,3,PROCESSED,1789018324667
2226858,1,INITIATED,1789018324072
2226858,2,VALIDATED,1789018324487
2226858,3,REJECTED,1789018324644
2226859,1,INITIATED,1789018324072
2226859,2,VALIDATED,1789018324487
2226859,3,REJECTED,1789018324666
2226860,1,INITIATED,1789018324072
2226860,2,VALIDATED,1789018324486
2226860,3,PROCESSED,1789018324646
2226861,1,INITIATED,1789018324072
2226861,2,VALIDATED,1789018324487
2226861,3,PROCESSED,1789018324667
2226862,1,INITIATED,1789018324072
2226862,2,VALIDATED,1789018324487
2226862,3,PROCESSED,1789018324667
2226863,1,INITIATED,1789018324072
2226863,2,VALIDATED,1789018324145
2226863,3,REJECTED,1789018324644
2226864,1,INITIATED,1789018324072
2226864,2,VALIDATED,1789018324488
2226864,3,PROCESSED,1789018324667
2226865,1,INITIATED,1789018324073
2226865,2,VALIDATED,1789018324488
2226865,3,PROCESSED,1789018324667
2226866,1,INITIATED,1789018324074
2226866,2,VALIDATED,1789018324487
2226866,3,REJECTED,1789018324643
2226867,1,INITIATED,1789018324074
2226867,2,VALIDATED,1789018324144
2226867,3,PROCESSED,1789018324646
2226868,1,INITIATED,1789018324075
2226868,2,VALIDATED,1789018324145
2226868,3,PROCESSED,1789018324647
2226869,1,INITIATED,1789018324075
2226869,2,VALIDATED,1789018324486
2226869,3,PROCESSED,1789018324646
2226870,1,INITIATED,1789018324073
2226870,2,VALIDATED,1789018324486
2226870,3,PROCESSED,1789018324646
2226871,1,INITIATED,1789018324075
2226871,2,VALIDATED,1789018324487
2226871,3,PROCESSED,1789018324647
2226872,1,INITIATED,1789018324143
2226872,2,VALIDATED,1789018324644
2226872,3,PROCESSED,1789018324725
2226873,1,INITIATED,1789018324144
2226873,2,VALIDATED,1789018324643
2226873,3,PROCESSED,1789018324724
2226874,1,INITIATED,1789018324145
2226874,2,VALIDATED,1789018324665
2226874,3,PROCESSED,1789018324725
2226875,1,INITIATED,1789018324144
2226875,2,VALIDATED,1789018324644
2226875,3,PROCESSED,1789018324668
2226876,1,INITIATED,1789018324489
2226876,2,VALIDATED,1789018324666
2226876,3,PROCESSED,1789018324726
2226877,1,INITIATED,1789018324489
2226877,2,VALIDATED,1789018324645
2226877,3,PROCESSED,1789018324725
2226878,1,INITIATED,1789018324489
2226878,2,VALIDATED,1789018324665
2226878,3,PROCESSED,1789018324725
2226879,1,INITIATED,1789018324506
2226879,2,VALIDATED,1789018324665
2226879,3,PROCESSED,1789018324725
2226880,1,INITIATED,1789018324506
2226880,2,VALIDATED,1789018324719
2226880,3,PROCESSED,1789018325075
2226881,1,INITIATED,1789018324506
2226881,2,VALIDATED,1789018324719
2226881,3,PROCESSED,1789018325076
2226882,1,INITIATED,1789018324506
2226882,2,VALIDATED,1789018324666
2226882,3,PROCESSED,1789018324725
2226883,1,INITIATED,1789018324641
2226883,2,VALIDATED,1789018324665
2226883,3,PROCESSED,1789018324726
2226884,1,INITIATED,1789018324506
2226884,2,VALIDATED,1789018324719
2226884,3,PROCESSED,1789018325077
2226885,1,INITIATED,1789018324641
2226885,2,VALIDATED,1789018324719
2226885,3,PROCESSED,1789018325077
2226886,1,INITIATED,1789018324506
2226886,2,VALIDATED,1789018324665
2226886,3,PROCESSED,1789018324726
2226887,1,INITIATED,1789018324506
2226887,2,VALIDATED,1789018324719
2226887,3,PROCESSED,1789018325076
2226888,1,INITIATED,1789018324506
2226888,2,VALIDATED,1789018324666
2226888,3,PROCESSED,1789018324726
2226889,1,INITIATED,1789018324506
2226889,2,VALIDATED,1789018324719
2226889,3,PROCESSED,1789018324726
2226890,1,INITIATED,1789018324506
2226890,2,VALIDATED,1789018324719
2226890,3,PROCESSED,1789018325074
2226891,1,INITIATED,1789018324641
2226891,2,VALIDATED,1789018324666
2226891,3,PROCESSED,1789018324725
2226892,1,INITIATED,1789018324644
2226892,2,VALIDATED,1789018324719
2226892,3,PROCESSED,1789018325077
2226893,1,INITIATED,1789018324644
2226893,2,VALIDATED,1789018324720
2226893,3,PROCESSED,1789018325078
2226894,1,INITIATED,1789018324644
2226894,2,VALIDATED,1789018324720
2226894,3,PROCESSED,1789018325076
2226895,1,INITIATED,1789018324645
2226895,2,VALIDATED,1789018324718
2226895,3,PROCESSED,1789018324726
2226896,1,INITIATED,1789018324647
2226896,2,VALIDATED,1789018324721
2226896,3,PROCESSED,1789018325078
2226897,1,INITIATED,1789018324647
2226897,2,VALIDATED,1789018324721
2226897,3,PROCESSED,1789018325079
2226898,1,INITIATED,1789018324647
2226898,2,VALIDATED,1789018324721
2226898,3,PROCESSED,1789018325078
2226899,1,INITIATED,1789018324647
2226899,2,VALIDATED,1789018324721
2226899,3,PROCESSED,1789018325077
2226900,1,INITIATED,1789018324647
2226900,2,VALIDATED,1789018324721
2226900,3,PROCESSED,1789018325077
2226901,1,INITIATED,1789018324665
2226901,2,VALIDATED,1789018324723
2226901,3,PROCESSED,1789018325077
2226902,1,INITIATED,1789018324719
2226902,2,VALIDATED,1789018324741
2226902,3,PROCESSED,1789018325079
2226903,1,INITIATED,1789018324721
2226903,2,VALIDATED,1789018324743
2226903,3,PROCESSED,1789018325083
2226904,1,INITIATED,1789018324722
2226904,2,VALIDATED,1789018324742
2226904,3,PROCESSED,1789018325079
2226905,1,INITIATED,1789018324741
2226905,2,VALIDATED,1789018325076
2226905,3,PROCESSED,1789018325084
2226906,1,INITIATED,1789018325075
2226906,2,VALIDATED,1789018325082
2226906,3,PROCESSED,1789018325100
2226907,1,INITIATED,1789018325076
2226907,2,VALIDATED,1789018325083
2226907,3,PROCESSED,1789018325099
2226908,1,INITIATED,1789018325075
2226908,2,VALIDATED,1789018325082
2226908,3,PROCESSED,1789018325100
2226909,1,INITIATED,1789018325076
2226909,2,VALIDATED,1789018325083
2226909,3,PROCESSED,1789018325100
2226910,1,INITIATED,1789018325076
2226910,2,VALIDATED,1789018325082
2226910,3,PROCESSED,1789018325088
2226911,1,INITIATED,1789018325077
2226911,2,VALIDATED,1789018325083
2226911,3,PROCESSED,1789018325100
2226912,1,INITIATED,1789018325076
2226912,2,VALIDATED,1789018325083
2226912,3,PROCESSED,1789018325100
2226913,1,INITIATED,1789018325075
2226913,2,VALIDATED,1789018325083
2226913,3,PROCESSED,1789018325100
2226914,1,INITIATED,1789018325076
2226914,2,VALIDATED,1789018325082
2226914,3,PROCESSED,1789018325088
2226915,1,INITIATED,1789018325076
2226915,2,VALIDATED,1789018325082
2226915,3,PROCESSED,1789018325100
2226916,1,INITIATED,1789018325075
2226916,2,VALIDATED,1789018325082
2226916,3,PROCESSED,1789018325099
2226917,1,INITIATED,1789018325074
2226917,2,VALIDATED,1789018325083
2226917,3,PROCESSED,1789018325100
2226918,1,INITIATED,1789018325075
2226918,2,VALIDATED,1789018325082
2226918,3,PROCESSED,1789018325088
2226919,1,INITIATED,1789018325077
2226919,2,VALIDATED,1789018325083
2226919,3,PROCESSED,1789018325100
2226920,1,INITIATED,1789018325079
2226920,2,VALIDATED,1789018325084
2226920,3,PROCESSED,1789018325110
2226921,1,INITIATED,1789018325080
2226921,2,VALIDATED,1789018325085
2226921,3,PROCESSED,1789018325102
2226922,1,INITIATED,1789018325082
2226922,2,VALIDATED,1789018325086
2226922,3,PROCESSED,1789018325102
2226923,1,INITIATED,1789018325101
2226923,2,VALIDATED,1789018325211
2226923,3,PROCESSED,1789018325216
2226924,1,INITIATED,1789018325121
2226924,2,VALIDATED,1789018325211
2226924,3,PROCESSED,1789018325216
2226925,1,INITIATED,1789018325141
2226925,2,VALIDATED,1789018325211
2226925,3,PROCESSED,1789018325216
2226926,1,INITIATED,1789018325160
2226926,2,VALIDATED,1789018325211
2226926,3,PROCESSED,1789018325216
2226927,1,INITIATED,1789018325181
2226927,2,VALIDATED,1789018325211
2226927,3,PROCESSED,1789018325216
2226928,1,INITIATED,1789018325201
2226928,2,VALIDATED,1789018325212
2226928,3,PROCESSED,1789018325216
2226929,1,INITIATED,1789018325220
2226929,2,VALIDATED,1789018325222
2226929,3,PROCESSED,1789018325225
2226930,1,INITIATED,1789018325240
2226930,2,VALIDATED,1789018325299
2226930,3,PROCESSED,1789018325781
2226931,1,INITIATED,1789018325298
2226931,2,VALIDATED,1789018325361
2226931,3,PROCESSED,1789018325802
2226932,1,INITIATED,1789018325298
2226932,2,VALIDATED,1789018325361
2226932,3,PROCESSED,1789018325780
2226933,1,INITIATED,1789018325300
2226933,2,VALIDATED,1789018325361
2226933,3,PROCESSED,1789018325780
2226934,1,INITIATED,1789018325359
2226934,2,VALIDATED,1789018325777
2226934,3,PROCESSED,1789018325804
2226935,1,INITIATED,1789018325359
2226935,2,VALIDATED,1789018325778
2226935,3,PROCESSED,1789018325803
2226936,1,INITIATED,1789018325361
2226936,2,VALIDATED,1789018325778
2226936,3,PROCESSED,1789018325804
2226937,1,INITIATED,1789018325781
2226937,2,VALIDATED,1789018325801
2226937,3,PROCESSED,1789018325808
2226938,1,INITIATED,1789018325781
2226938,2,VALIDATED,1789018325800
2226938,3,PROCESSED,1789018325809
2226939,1,INITIATED,1789018325781
2226939,2,VALIDATED,1789018325800
2226939,3,PROCESSED,1789018325808
2226940,1,INITIATED,1789018325781
2226940,2,VALIDATED,1789018325800
2226940,3,PROCESSED,1789018325809
2226941,1,INITIATED,1789018325782
2226941,2,VALIDATED,1789018325801
2226941,3,PROCESSED,1789018325809
2226942,1,INITIATED,1789018325777
2226942,2,VALIDATED,1789018325802
2226942,3,PROCESSED,1789018325809
2226943,1,INITIATED,1789018325782
2226943,2,VALIDATED,1789018325802
2226943,3,PROCESSED,1789018325809
2226944,1,INITIATED,1789018325781
2226944,2,VALIDATED,1789018325805
2226944,3,PROCESSED,1789018325910
2226945,1,INITIATED,1789018325781
2226945,2,VALIDATED,1789018325800
2226945,3,PROCESSED,1789018325808
2226946,1,INITIATED,1789018325777
2226946,2,VALIDATED,1789018325801
2226946,3,PROCESSED,1789018325808
2226947,1,INITIATED,1789018325781
2226947,2,VALIDATED,1789018325802
2226947,3,PROCESSED,1789018325809
2226948,1,INITIATED,1789018325781
2226948,2,VALIDATED,1789018325801
2226948,3,PROCESSED,1789018325808
2226949,1,INITIATED,1789018325782
2226949,2,VALIDATED,1789018325800
2226949,3,PROCESSED,1789018325809
2226950,1,INITIATED,1789018325781
2226950,2,VALIDATED,1789018325801
2226950,3,PROCESSED,1789018325808
2226951,1,INITIATED,1789018325782
2226951,2,VALIDATED,1789018325801
2226951,3,PROCESSED,1789018325809
2226952,1,INITIATED,1789018325777
2226952,2,VALIDATED,1789018325801
2226952,3,PROCESSED,1789018325808
2226953,1,INITIATED,1789018325781
2226953,2,VALIDATED,1789018325800
2226953,3,PROCESSED,1789018325808
2226954,1,INITIATED,1789018325777
2226954,2,VALIDATED,1789018325801
2226954,3,PROCESSED,1789018325809
2226955,1,INITIATED,1789018325782
2226955,2,VALIDATED,1789018325800
2226955,3,PROCESSED,1789018325809
2226956,1,INITIATED,1789018325782
2226956,2,VALIDATED,1789018325801
2226956,3,PROCESSED,1789018325810
2226957,1,INITIATED,1789018325782
2226957,2,VALIDATED,1789018325800
2226957,3,PROCESSED,1789018325808
2226958,1,INITIATED,1789018325801
2226958,2,VALIDATED,1789018325805
2226958,3,PROCESSED,1789018325910
2226959,1,INITIATED,1789018325821
2226959,2,VALIDATED,1789018325908
2226959,3,PROCESSED,1789018325914
2226960,1,INITIATED,1789018325840
2226960,2,VALIDATED,1789018325909
2226960,3,REJECTED,1789018325913
2226961,1,INITIATED,1789018325860
2226961,2,VALIDATED,1789018325908
2226961,3,REJECTED,1789018325912
2226962,1,INITIATED,1789018325881
2226962,2,VALIDATED,1789018325909
2226962,3,REJECTED,1789018325913
2226963,1,INITIATED,1789018325902
2226963,2,VALIDATED,1789018325909
2226963,3,REJECTED,1789018325913
2226964,1,INITIATED,1789018325920
2226964,2,VALIDATED,1789018325936
2226964,3,PROCESSED,1789018325940
2226965,1,INITIATED,1789018325940
2226965,2,VALIDATED,1789018325942
2226965,3,PROCESSED,1789018325946
2226966,1,INITIATED,1789018325960
2226966,2,VALIDATED,1789018325964
2226966,3,PROCESSED,1789018325968
2226967,1,INITIATED,1789018325980
2226967,2,VALIDATED,1789018325984
2226967,3,PROCESSED,1789018325987
2226968,1,INITIATED,1789018326001
2226968,2,VALIDATED,1789018326004
2226968,3,PROCESSED,1789018326008
2226969,1,INITIATED,1789018326021
2226969,2,VALIDATED,1789018326024
2226969,3,PROCESSED,1789018326028
2226970,1,INITIATED,1789018326041
2226970,2,VALIDATED,1789018326044
2226970,3,PROCESSED,1789018326047
2226971,1,INITIATED,1789018326060
2226971,2,VALIDATED,1789018326063
2226971,3,PROCESSED,1789018326066
2226972,1,INITIATED,1789018326081
2226972,2,VALIDATED,1789018326089
2226972,3,PROCESSED,1789018326093
2226973,1,INITIATED,1789018326100
2226973,2,VALIDATED,1789018326161
2226973,3,PROCESSED,1789018326478
2226974,1,INITIATED,1789018326159
2226974,2,VALIDATED,1789018326473
2226974,3,PROCESSED,1789018326482
2226975,1,INITIATED,1789018326159
2226975,2,VALIDATED,1789018326474
2226975,3,PROCESSED,1789018326661
2226976,1,INITIATED,1789018326161
2226976,2,VALIDATED,1789018326474
2226976,3,PROCESSED,1789018326661
2226977,1,INITIATED,1789018326473
2226977,2,VALIDATED,1789018326480
2226977,3,PROCESSED,1789018326663
2226978,1,INITIATED,1789018326475
2226978,2,VALIDATED,1789018326658
2226978,3,PROCESSED,1789018327121
2226979,1,INITIATED,1789018326473
2226979,2,VALIDATED,1789018326480
2226979,3,PROCESSED,1789018326662
2226980,1,INITIATED,1789018326475
2226980,2,VALIDATED,1789018326661
2226980,3,PROCESSED,1789018327122
2226981,1,INITIATED,1789018326475
2226981,2,VALIDATED,1789018326660
2226981,3,PROCESSED,1789018327122
2226982,1,INITIATED,1789018326473
2226982,2,VALIDATED,1789018326481
2226982,3,PROCESSED,1789018326663
2226983,1,INITIATED,1789018326475
2226983,2,VALIDATED,1789018326660
2226983,3,PROCESSED,1789018327121
2226984,1,INITIATED,1789018326472
2226984,2,VALIDATED,1789018326480
2226984,3,PROCESSED,1789018326662
2226985,1,INITIATED,1789018326473
2226985,2,VALIDATED,1789018326480
2226985,3,PROCESSED,1789018326662
2226986,1,INITIATED,1789018326474
2226986,2,VALIDATED,1789018326659
2226986,3,PROCESSED,1789018327122
2226987,1,INITIATED,1789018326473
2226987,2,VALIDATED,1789018326481
2226987,3,PROCESSED,1789018326662
2226988,1,INITIATED,1789018326473
2226988,2,VALIDATED,1789018326658
2226988,3,PROCESSED,1789018327121
2226989,1,INITIATED,1789018326474
2226989,2,VALIDATED,1789018326659
2226989,3,PROCESSED,1789018327120
2226990,1,INITIATED,1789018326473
2226990,2,VALIDATED,1789018326481
2226990,3,PROCESSED,1789018326662
2226991,1,INITIATED,1789018326472
2226991,2,VALIDATED,1789018326480
2226991,3,PROCESSED,1789018326662
2226992,1,INITIATED,1789018326481
2226992,2,VALIDATED,1789018326660
2226992,3,PROCESSED,1789018327122
2226993,1,INITIATED,1789018326657
2226993,2,VALIDATED,1789018327118
2226993,3,PROCESSED,1789018327284
2226994,1,INITIATED,1789018326658
2226994,2,VALIDATED,1789018327117
2226994,3,PROCESSED,1789018327282
2226995,1,INITIATED,1789018326658
2226995,2,VALIDATED,1789018327118
2226995,3,PROCESSED,1789018327284
2226996,1,INITIATED,1789018326657
2226996,2,VALIDATED,1789018327116
2226996,3,PROCESSED,1789018327280
2226997,1,INITIATED,1789018326658
2226997,2,VALIDATED,1789018327116
2226997,3,PROCESSED,1789018327279
2226998,1,INITIATED,1789018326658
2226998,2,VALIDATED,1789018327116
2226998,3,PROCESSED,1789018327280
2226999,1,INITIATED,1789018326658
2226999,2,VALIDATED,1789018327117
2226999,3,PROCESSED,1789018327280
2227000,1,INITIATED,1789018326657
2227000,2,VALIDATED,1789018327116
2227000,3,PROCESSED,1789018327280
2227001,1,INITIATED,1789018326661
2227001,2,VALIDATED,1789018327117
2227001,3,PROCESSED,1789018327281
2227002,1,INITIATED,1789018327115
2227002,2,VALIDATED,1789018327121
2227002,3,PROCESSED,1789018327285
2227003,1,INITIATED,1789018327117
2227003,2,VALIDATED,1789018327276
2227003,3,PROCESSED,1789018327564
2227004,1,INITIATED,1789018327117
2227004,2,VALIDATED,1789018327278
2227004,3,PROCESSED,1789018327565
2227005,1,INITIATED,1789018327118
2227005,2,VALIDATED,1789018327282
2227005,3,PROCESSED,1789018327567
2227006,1,INITIATED,1789018327119
2227006,2,VALIDATED,1789018327278
2227006,3,PROCESSED,1789018327566
2227007,1,INITIATED,1789018327119
2227007,2,VALIDATED,1789018327278
2227007,3,PROCESSED,1789018327567
2227008,1,INITIATED,1789018327117
2227008,2,VALIDATED,1789018327277
2227008,3,PROCESSED,1789018327565
2227009,1,INITIATED,1789018327118
2227009,2,VALIDATED,1789018327280
2227009,3,PROCESSED,1789018327566
2227010,1,INITIATED,1789018327118
2227010,2,VALIDATED,1789018327277
2227010,3,PROCESSED,1789018327563
2227011,1,INITIATED,1789018327115
2227011,2,VALIDATED,1789018327275
2227011,3,PROCESSED,1789018327567
2227012,1,INITIATED,1789018327117
2227012,2,VALIDATED,1789018327277
2227012,3,PROCESSED,1789018327563
2227013,1,INITIATED,1789018327117
2227013,2,VALIDATED,1789018327279
2227013,3,PROCESSED,1789018327566
2227014,1,INITIATED,1789018327115
2227014,2,VALIDATED,1789018327276
2227014,3,PROCESSED,1789018327564
2227015,1,INITIATED,1789018327118
2227015,2,VALIDATED,1789018327276
2227015,3,PROCESSED,1789018327564
2227016,1,INITIATED,1789018327115
2227016,2,VALIDATED,1789018327276
2227016,3,PROCESSED,1789018327284
2227017,1,INITIATED,1789018327120
2227017,2,VALIDATED,1789018327278
2227017,3,PROCESSED,1789018327565
2227018,1,INITIATED,1789018327120
2227018,2,VALIDATED,1789018327278
2227018,3,PROCESSED,1789018327566
2227019,1,INITIATED,1789018327120
2227019,2,VALIDATED,1789018327279
2227019,3,PROCESSED,1789018327563
2227020,1,INITIATED,1789018327121
2227020,2,VALIDATED,1789018327282
2227020,3,PROCESSED,1789018327566
2227021,1,INITIATED,1789018327121
2227021,2,VALIDATED,1789018327278
2227021,3,PROCESSED,1789018327567
2227022,1,INITIATED,1789018327121
2227022,2,VALIDATED,1789018327282
2227022,3,PROCESSED,1789018327565
2227023,1,INITIATED,1789018327121
2227023,2,VALIDATED,1789018327283
2227023,3,PROCESSED,1789018327567
2227024,1,INITIATED,1789018327275
2227024,2,VALIDATED,1789018327283
2227024,3,PROCESSED,1789018327567
2227025,1,INITIATED,1789018327277
2227025,2,VALIDATED,1789018327562
2227025,3,PROCESSED,1789018327736
2227026,1,INITIATED,1789018327277
2227026,2,VALIDATED,1789018327562
2227026,3,PROCESSED,1789018327739
2227027,1,INITIATED,1789018327277
2227027,2,VALIDATED,1789018327283
2227027,3,PROCESSED,1789018327566
2227028,1,INITIATED,1789018327277
2227028,2,VALIDATED,1789018327561
2227028,3,PROCESSED,1789018327737
2227029,1,INITIATED,1789018327279
2227029,2,VALIDATED,1789018327562
2227029,3,PROCESSED,1789018327739
2227030,1,INITIATED,1789018327278
2227030,2,VALIDATED,1789018327561
2227030,3,PROCESSED,1789018327739
2227031,1,INITIATED,1789018327278
2227031,2,VALIDATED,1789018327562
2227031,3,PROCESSED,1789018327739
2227032,1,INITIATED,1789018327283
2227032,2,VALIDATED,1789018327561
2227032,3,PROCESSED,1789018327739
2227033,1,INITIATED,1789018327560
2227033,2,VALIDATED,1789018327734
2227033,3,PROCESSED,1789018327742
2227034,1,INITIATED,1789018327561
2227034,2,VALIDATED,1789018327737
2227034,3,PROCESSED,1789018327761
2227035,1,INITIATED,1789018327563
2227035,2,VALIDATED,1789018327737
2227035,3,PROCESSED,1789018327760
2227036,1,INITIATED,1789018327567
2227036,2,VALIDATED,1789018327737
2227036,3,PROCESSED,1789018327762
2227037,1,INITIATED,1789018327567
2227037,2,VALIDATED,1789018327736
2227037,3,PROCESSED,1789018327742
2227038,1,INITIATED,1789018327566
2227038,2,VALIDATED,1789018327737
2227038,3,PROCESSED,1789018327762
2227039,1,INITIATED,1789018327567
2227039,2,VALIDATED,1789018327737
2227039,3,PROCESSED,1789018327762
2227040,1,INITIATED,1789018327567
2227040,2,VALIDATED,1789018327737
2227040,3,PROCESSED,1789018327761
2227041,1,INITIATED,1789018327567
2227041,2,VALIDATED,1789018327736
2227041,3,PROCESSED,1789018327761
2227042,1,INITIATED,1789018327582
2227042,2,VALIDATED,1789018327736
2227042,3,PROCESSED,1789018327743
2227043,1,INITIATED,1789018327582
2227043,2,VALIDATED,1789018327736
2227043,3,PROCESSED,1789018327762
2227044,1,INITIATED,1789018327582
2227044,2,VALIDATED,1789018327735
2227044,3,PROCESSED,1789018327742
2227045,1,INITIATED,1789018327582
2227045,2,VALIDATED,1789018327735
2227045,3,PROCESSED,1789018327742
2227046,1,INITIATED,1789018327733
2227046,2,VALIDATED,1789018327740
2227046,3,PROCESSED,1789018327762
2227047,1,INITIATED,1789018327733
2227047,2,VALIDATED,1789018327740
2227047,3,PROCESSED,1789018327763
2227048,1,INITIATED,1789018327734
2227048,2,VALIDATED,1789018327739
2227048,3,PROCESSED,1789018327762
2227049,1,INITIATED,1789018327733
2227049,2,VALIDATED,1789018327740
2227049,3,PROCESSED,1789018327761
2227050,1,INITIATED,1789018327733
2227050,2,VALIDATED,1789018327739
2227050,3,PROCESSED,1789018327762
2227051,1,INITIATED,1789018327736
2227051,2,VALIDATED,1789018327758
2227051,3,PROCESSED,1789018327779
2227052,1,INITIATED,1789018327734
2227052,2,VALIDATED,1789018327740
2227052,3,PROCESSED,1789018327761
2227053,1,INITIATED,1789018327736
2227053,2,VALIDATED,1789018327740
2227053,3,PROCESSED,1789018327761
2227054,1,INITIATED,1789018327735
2227054,2,VALIDATED,1789018327741
2227054,3,PROCESSED,1789018327762
2227055,1,INITIATED,1789018327741
2227055,2,VALIDATED,1789018327759
2227055,3,PROCESSED,1789018327780
2227056,1,INITIATED,1789018327762
2227056,2,VALIDATED,1789018327778
2227056,3,PROCESSED,1789018327798
2227057,1,INITIATED,1789018327781
2227057,2,VALIDATED,1789018327796
2227057,3,PROCESSED,1789018327801
2227058,1,INITIATED,1789018327801
2227058,2,VALIDATED,1789018327804
2227058,3,PROCESSED,1789018327823
2227059,1,INITIATED,1789018327821
2227059,2,VALIDATED,1789018327841
2227059,3,PROCESSED,1789018327846
2227060,1,INITIATED,1789018327841
2227060,2,VALIDATED,1789018327844
2227060,3,REJECTED,1789018327863
2227061,1,INITIATED,1789018327861
2227061,2,VALIDATED,1789018327864
2227061,3,REJECTED,1789018327867
2227062,1,INITIATED,1789018327881
2227062,2,VALIDATED,1789018327893
2227062,3,REJECTED,1789018327911
2227063,1,INITIATED,1789018327900
2227063,2,VALIDATED,1789018327911
2227063,3,REJECTED,1789018327928
2227064,1,INITIATED,1789018327921
2227064,2,VALIDATED,1789018327928
2227064,3,PROCESSED,1789018327932
2227065,1,INITIATED,1789018327940
2227065,2,VALIDATED,1789018327943
2227065,3,PROCESSED,1789018327948
2227066,1,INITIATED,1789018327961
2227066,2,VALIDATED,1789018328222
2227066,3,PROCESSED,1789018328358
2227067,1,INITIATED,1789018328221
2227067,2,VALIDATED,1789018328356
2227067,3,PROCESSED,1789018328707
2227068,1,INITIATED,1789018328222
2227068,2,VALIDATED,1789018328357
2227068,3,PROCESSED,1789018328707
2227069,1,INITIATED,1789018328222
2227069,2,VALIDATED,1789018328356
2227069,3,PROCESSED,1789018328708
2227070,1,INITIATED,1789018328222
2227070,2,VALIDATED,1789018328357
2227070,3,PROCESSED,1789018328709
2227071,1,INITIATED,1789018328222
2227071,2,VALIDATED,1789018328356
2227071,3,PROCESSED,1789018328708
2227072,1,INITIATED,1789018328222
2227072,2,VALIDATED,1789018328356
2227072,3,PROCESSED,1789018328707
2227073,1,INITIATED,1789018328222
2227073,2,VALIDATED,1789018328356
2227073,3,PROCESSED,1789018328708
2227074,1,INITIATED,1789018328222
2227074,2,VALIDATED,1789018328356
2227074,3,PROCESSED,1789018328706
2227075,1,INITIATED,1789018328222
2227075,2,VALIDATED,1789018328356
2227075,3,PROCESSED,1789018328709
2227076,1,INITIATED,1789018328222
2227076,2,VALIDATED,1789018328357
2227076,3,PROCESSED,1789018328708
2227077,1,INITIATED,1789018328222
2227077,2,VALIDATED,1789018328356
2227077,3,PROCESSED,1789018328709
2227078,1,INITIATED,1789018328222
2227078,2,VALIDATED,1789018328357
2227078,3,PROCESSED,1789018328708
2227079,1,INITIATED,1789018328221
2227079,2,VALIDATED,1789018328356
2227079,3,PROCESSED,1789018328707
2227080,1,INITIATED,1789018328241
2227080,2,VALIDATED,1789018328707
2227080,3,PROCESSED,1789018328860
2227081,1,INITIATED,1789018328355
2227081,2,VALIDATED,1789018328703
2227081,3,PROCESSED,1789018328860
2227082,1,INITIATED,1789018328355
2227082,2,VALIDATED,1789018328704
2227082,3,PROCESSED,1789018328860
2227083,1,INITIATED,1789018328355
2227083,2,VALIDATED,1789018328704
2227083,3,PROCESSED,1789018328860
2227084,1,INITIATED,1789018328355
2227084,2,VALIDATED,1789018328705
2227084,3,PROCESSED,1789018328860
2227085,1,INITIATED,1789018328355
2227085,2,VALIDATED,1789018328705
2227085,3,PROCESSED,1789018328860
2227086,1,INITIATED,1789018328361
2227086,2,VALIDATED,1789018328703
2227086,3,PROCESSED,1789018328861
2227087,1,INITIATED,1789018328408
2227087,2,VALIDATED,1789018328705
2227087,3,PROCESSED,1789018328860
2227088,1,INITIATED,1789018328408
2227088,2,VALIDATED,1789018328706
2227088,3,PROCESSED,1789018328860
2227089,1,INITIATED,1789018328706
2227089,2,VALIDATED,1789018328859
2227089,3,PROCESSED,1789018328930
2227090,1,INITIATED,1789018328704
2227090,2,VALIDATED,1789018328858
2227090,3,PROCESSED,1789018328929
2227091,1,INITIATED,1789018328707
2227091,2,VALIDATED,1789018328857
2227091,3,PROCESSED,1789018328930
2227092,1,INITIATED,1789018328707
2227092,2,VALIDATED,1789018328857
2227092,3,PROCESSED,1789018328929
2227093,1,INITIATED,1789018328705
2227093,2,VALIDATED,1789018328858
2227093,3,PROCESSED,1789018328930
2227094,1,INITIATED,1789018328707
2227094,2,VALIDATED,1789018328859
2227094,3,PROCESSED,1789018328929
2227095,1,INITIATED,1789018328703
2227095,2,VALIDATED,1789018328858
2227095,3,PROCESSED,1789018328929
2227096,1,INITIATED,1789018328705
2227096,2,VALIDATED,1789018328858
2227096,3,PROCESSED,1789018328929
2227097,1,INITIATED,1789018328706
2227097,2,VALIDATED,1789018328858
2227097,3,PROCESSED,1789018328929
2227098,1,INITIATED,1789018328705
2227098,2,VALIDATED,1789018328858
2227098,3,PROCESSED,1789018328929
2227099,1,INITIATED,1789018328855
2227099,2,VALIDATED,1789018328926
2227099,3,PROCESSED,1789018328933
2227100,1,INITIATED,1789018328855
2227100,2,VALIDATED,1789018328928
2227100,3,PROCESSED,1789018328949
2227101,1,INITIATED,1789018328855
2227101,2,VALIDATED,1789018328926
2227101,3,PROCESSED,1789018328933
2227102,1,INITIATED,1789018328855
2227102,2,VALIDATED,1789018328927
2227102,3,PROCESSED,1789018328933
2227103,1,INITIATED,1789018328855
2227103,2,VALIDATED,1789018328928
2227103,3,PROCESSED,1789018328949
2227104,1,INITIATED,1789018328855
2227104,2,VALIDATED,1789018328927
2227104,3,PROCESSED,1789018328933
2227105,1,INITIATED,1789018328856
2227105,2,VALIDATED,1789018328927
2227105,3,PROCESSED,1789018328933
2227106,1,INITIATED,1789018328856
2227106,2,VALIDATED,1789018328927
2227106,3,PROCESSED,1789018328933
2227107,1,INITIATED,1789018328858
2227107,2,VALIDATED,1789018328927
2227107,3,PROCESSED,1789018328934
2227108,1,INITIATED,1789018328856
2227108,2,VALIDATED,1789018328927
2227108,3,PROCESSED,1789018328933
2227109,1,INITIATED,1789018328856
2227109,2,VALIDATED,1789018328927
2227109,3,PROCESSED,1789018328933
2227110,1,INITIATED,1789018328857
2227110,2,VALIDATED,1789018328927
2227110,3,PROCESSED,1789018328934
2227111,1,INITIATED,1789018328861
2227111,2,VALIDATED,1789018328927
2227111,3,PROCESSED,1789018328933
2227112,1,INITIATED,1789018328925
2227112,2,VALIDATED,1789018328929
2227112,3,PROCESSED,1789018328950
2227113,1,INITIATED,1789018328925
2227113,2,VALIDATED,1789018328931
2227113,3,PROCESSED,1789018328950
2227114,1,INITIATED,1789018328925
2227114,2,VALIDATED,1789018328931
2227114,3,PROCESSED,1789018328950
2227115,1,INITIATED,1789018328941
2227115,2,VALIDATED,1789018328948
2227115,3,PROCESSED,1789018328952
2227116,1,INITIATED,1789018328960
2227116,2,VALIDATED,1789018328969
2227116,3,PROCESSED,1789018328988
2227117,1,INITIATED,1789018328980
2227117,2,VALIDATED,1789018328987
2227117,3,PROCESSED,1789018328990
2227118,1,INITIATED,1789018329000
2227118,2,VALIDATED,1789018329011
2227118,3,PROCESSED,1789018329014
2227119,1,INITIATED,1789018329020
2227119,2,VALIDATED,1789018329022
2227119,3,PROCESSED,1789018329025
2227120,1,INITIATED,1789018329041
2227120,2,VALIDATED,1789018329044
2227120,3,PROCESSED,1789018329047
2227121,1,INITIATED,1789018329060
2227121,2,VALIDATED,1789018329063
2227121,3,PROCESSED,1789018329066
2227122,1,INITIATED,1789018329081
2227122,2,VALIDATED,1789018329084
2227122,3,PROCESSED,1789018329088
2227123,1,INITIATED,1789018329100
2227123,2,VALIDATED,1789018329103
2227123,3,PROCESSED,1789018329106
2227124,1,INITIATED,1789018329120
2227124,2,VALIDATED,1789018329124
2227124,3,PROCESSED,1789018329126
2227125,1,INITIATED,1789018329141
2227125,2,VALIDATED,1789018329144
2227125,3,PROCESSED,1789018329148
2227126,1,INITIATED,1789018329160
2227126,2,VALIDATED,1789018329163
2227126,3,PROCESSED,1789018329166
2227127,1,INITIATED,1789018329411
2227127,2,VALIDATED,1789018329415
2227127,3,PROCESSED,1789018329421
2227128,1,INITIATED,1789018329411
2227128,2,VALIDATED,1789018329416
2227128,3,PROCESSED,1789018329421
2227129,1,INITIATED,1789018329412
2227129,2,VALIDATED,1789018329416
2227129,3,PROCESSED,1789018329421
2227130,1,INITIATED,1789018329412
2227130,2,VALIDATED,1789018329416
2227130,3,PROCESSED,1789018329421
2227131,1,INITIATED,1789018329412
2227131,2,VALIDATED,1789018329416
2227131,3,PROCESSED,1789018329421
2227132,1,INITIATED,1789018329411
2227132,2,VALIDATED,1789018329416
2227132,3,PROCESSED,1789018329421
2227133,1,INITIATED,1789018329412
2227133,2,VALIDATED,1789018329416
2227133,3,PROCESSED,1789018329421
2227134,1,INITIATED,1789018329411
2227134,2,VALIDATED,1789018329415
2227134,3,PROCESSED,1789018329421
2227135,1,INITIATED,1789018329411
2227135,2,VALIDATED,1789018329415
2227135,3,PROCESSED,1789018329421
2227136,1,INITIATED,1789018329411
2227136,2,VALIDATED,1789018329416
2227136,3,PROCESSED,1789018329421
2227137,1,INITIATED,1789018329411
2227137,2,VALIDATED,1789018329416
2227137,3,PROCESSED,1789018329421
2227138,1,INITIATED,1789018329411
2227138,2,VALIDATED,1789018329416
2227138,3,PROCESSED,1789018329421
2227139,1,INITIATED,1789018329421
2227139,2,VALIDATED,1789018329426
2227139,3,PROCESSED,1789018329430
2227140,1,INITIATED,1789018329532
2227140,2,VALIDATED,1789018329596
2227140,3,PROCESSED,1789018329975
2227141,1,INITIATED,1789018329532
2227141,2,VALIDATED,1789018329596
2227141,3,PROCESSED,1789018329974
2227142,1,INITIATED,1789018329532
2227142,2,VALIDATED,1789018329596
2227142,3,PROCESSED,1789018329975
2227143,1,INITIATED,1789018329532
2227143,2,VALIDATED,1789018329596
2227143,3,PROCESSED,1789018329974
2227144,1,INITIATED,1789018329532
2227144,2,VALIDATED,1789018329597
2227144,3,PROCESSED,1789018329973
2227145,1,INITIATED,1789018329593
2227145,2,VALIDATED,1789018329973
2227145,3,PROCESSED,1789018330118
2227146,1,INITIATED,1789018329593
2227146,2,VALIDATED,1789018329596
2227146,3,PROCESSED,1789018329974
2227147,1,INITIATED,1789018329593
2227147,2,VALIDATED,1789018329971
2227147,3,PROCESSED,1789018330118
2227148,1,INITIATED,1789018329601
2227148,2,VALIDATED,1789018329971
2227148,3,PROCESSED,1789018330118
2227149,1,INITIATED,1789018329648
2227149,2,VALIDATED,1789018330114
2227149,3,PROCESSED,1789018330189
2227150,1,INITIATED,1789018329648
2227150,2,VALIDATED,1789018330113
2227150,3,PROCESSED,1789018330190
2227151,1,INITIATED,1789018329969
2227151,2,VALIDATED,1789018330115
2227151,3,PROCESSED,1789018330189
2227152,1,INITIATED,1789018329969
2227152,2,VALIDATED,1789018330117
2227152,3,PROCESSED,1789018330189
2227153,1,INITIATED,1789018329970
2227153,2,VALIDATED,1789018330117
2227153,3,PROCESSED,1789018330189
2227154,1,INITIATED,1789018329972
2227154,2,VALIDATED,1789018330115
2227154,3,PROCESSED,1789018330189
2227155,1,INITIATED,1789018329972
2227155,2,VALIDATED,1789018330114
2227155,3,PROCESSED,1789018330190
2227156,1,INITIATED,1789018329971
2227156,2,VALIDATED,1789018330116
2227156,3,PROCESSED,1789018330189
2227157,1,INITIATED,1789018329969
2227157,2,VALIDATED,1789018330117
2227157,3,PROCESSED,1789018330187
2227158,1,INITIATED,1789018329970
2227158,2,VALIDATED,1789018330116
2227158,3,PROCESSED,1789018330189
2227159,1,INITIATED,1789018329970
2227159,2,VALIDATED,1789018330117
2227159,3,PROCESSED,1789018330188
2227160,1,INITIATED,1789018329969
2227160,2,VALIDATED,1789018330115
2227160,3,REJECTED,1789018330188
2227161,1,INITIATED,1789018329969
2227161,2,VALIDATED,1789018330114
2227161,3,REJECTED,1789018330186
2227162,1,INITIATED,1789018329970
2227162,2,VALIDATED,1789018330116
2227162,3,REJECTED,1789018330186
2227163,1,INITIATED,1789018329971
2227163,2,VALIDATED,1789018330117
2227163,3,REJECTED,1789018330186
2227164,1,INITIATED,1789018329972
2227164,2,VALIDATED,1789018330116
2227164,3,PROCESSED,1789018330189
2227165,1,INITIATED,1789018329970
2227165,2,VALIDATED,1789018330114
2227165,3,PROCESSED,1789018330188
2227166,1,INITIATED,1789018329970
2227166,2,VALIDATED,1789018330116
2227166,3,PROCESSED,1789018330188
2227167,1,INITIATED,1789018329987
2227167,2,VALIDATED,1789018330129
2227167,3,PROCESSED,1789018330189
2227168,1,INITIATED,1789018330111
2227168,2,VALIDATED,1789018330184
2227168,3,PROCESSED,1789018330204
2227169,1,INITIATED,1789018330110
2227169,2,VALIDATED,1789018330185
2227169,3,PROCESSED,1789018330204
2227170,1,INITIATED,1789018330110
2227170,2,VALIDATED,1789018330183
2227170,3,PROCESSED,1789018330204
2227171,1,INITIATED,1789018330112
2227171,2,VALIDATED,1789018330183
2227171,3,PROCESSED,1789018330204
2227172,1,INITIATED,1789018330114
2227172,2,VALIDATED,1789018330184
2227172,3,PROCESSED,1789018330205
2227173,1,INITIATED,1789018330113
2227173,2,VALIDATED,1789018330184
2227173,3,PROCESSED,1789018330204
2227174,1,INITIATED,1789018330120
2227174,2,VALIDATED,1789018330186
2227174,3,PROCESSED,1789018330204
2227175,1,INITIATED,1789018330141
2227175,2,VALIDATED,1789018330187
2227175,3,PROCESSED,1789018330205
2227176,1,INITIATED,1789018330160
2227176,2,VALIDATED,1789018330185
2227176,3,PROCESSED,1789018330204
2227177,1,INITIATED,1789018330182
2227177,2,VALIDATED,1789018330201
2227177,3,PROCESSED,1789018330224
2227178,1,INITIATED,1789018330201
2227178,2,VALIDATED,1789018330224
2227178,3,PROCESSED,1789018330246
2227179,1,INITIATED,1789018330221
2227179,2,VALIDATED,1789018330224
2227179,3,PROCESSED,1789018330247
2227180,1,INITIATED,1789018330240
2227180,2,VALIDATED,1789018330246
2227180,3,PROCESSED,1789018330251
2227181,1,INITIATED,1789018330261
2227181,2,VALIDATED,1789018330274
2227181,3,PROCESSED,1789018330278
2227182,1,INITIATED,1789018330281
2227182,2,VALIDATED,1789018330283
2227182,3,PROCESSED,1789018330305
2227183,1,INITIATED,1789018330301
2227183,2,VALIDATED,1789018330305
2227183,3,PROCESSED,1789018330308
2227184,1,INITIATED,1789018330320
2227184,2,VALIDATED,1789018330333
2227184,3,PROCESSED,1789018330338
2227185,1,INITIATED,1789018330341
2227185,2,VALIDATED,1789018330343
2227185,3,PROCESSED,1789018330367
2227186,1,INITIATED,1789018330360
2227186,2,VALIDATED,1789018330366
2227186,3,PROCESSED,1789018330370
2227187,1,INITIATED,1789018330381
2227187,2,VALIDATED,1789018330384
2227187,3,PROCESSED,1789018330406
2227188,1,INITIATED,1789018330401
2227188,2,VALIDATED,1789018330405
2227188,3,PROCESSED,1789018330409
2227189,1,INITIATED,1789018330421
2227189,2,VALIDATED,1789018330424
2227189,3,PROCESSED,1789018330427
2227190,1,INITIATED,1789018330462
2227190,2,VALIDATED,1789018330640
2227190,3,PROCESSED,1789018330707
2227191,1,INITIATED,1789018330462
2227191,2,VALIDATED,1789018330641
2227191,3,PROCESSED,1789018330708
2227192,1,INITIATED,1789018330483
2227192,2,VALIDATED,1789018330642
2227192,3,PROCESSED,1789018330707
2227193,1,INITIATED,1789018330641
2227193,2,VALIDATED,1789018330706
2227193,3,PROCESSED,1789018330732
2227194,1,INITIATED,1789018330640
2227194,2,VALIDATED,1789018330705
2227194,3,PROCESSED,1789018330732
2227195,1,INITIATED,1789018330641
2227195,2,VALIDATED,1789018330705
2227195,3,PROCESSED,1789018330732
2227196,1,INITIATED,1789018330640
2227196,2,VALIDATED,1789018330705
2227196,3,PROCESSED,1789018330732
2227197,1,INITIATED,1789018330641
2227197,2,VALIDATED,1789018330706
2227197,3,PROCESSED,1789018330732
2227198,1,INITIATED,1789018330641
2227198,2,VALIDATED,1789018330705
2227198,3,PROCESSED,1789018330732
2227199,1,INITIATED,1789018330639
2227199,2,VALIDATED,1789018330662
2227199,3,PROCESSED,1789018330708
2227200,1,INITIATED,1789018330642
2227200,2,VALIDATED,1789018330706
2227200,3,PROCESSED,1789018330732
2227201,1,INITIATED,1789018330661
2227201,2,VALIDATED,1789018330706
2227201,3,PROCESSED,1789018330731
2227202,1,INITIATED,1789018330680
2227202,2,VALIDATED,1789018330705
2227202,3,PROCESSED,1789018330731
2227203,1,INITIATED,1789018330701
2227203,2,VALIDATED,1789018330706
2227203,3,PROCESSED,1789018330731
2227204,1,INITIATED,1789018330720
2227204,2,VALIDATED,1789018330728
2227204,3,PROCESSED,1789018330734
2227205,1,INITIATED,1789018330740
2227205,2,VALIDATED,1789018330753
2227205,3,PROCESSED,1789018330757
2227206,1,INITIATED,1789018330760
2227206,2,VALIDATED,1789018330780
2227206,3,PROCESSED,1789018330784
2227207,1,INITIATED,1789018330780
2227207,2,VALIDATED,1789018330782
2227207,3,PROCESSED,1789018330786
2227208,1,INITIATED,1789018330801
2227208,2,VALIDATED,1789018330812
2227208,3,PROCESSED,1789018330836
2227209,1,INITIATED,1789018330821
2227209,2,VALIDATED,1789018330834
2227209,3,PROCESSED,1789018330841
2227210,1,INITIATED,1789018330841
2227210,2,VALIDATED,1789018330844
2227210,3,PROCESSED,1789018330848
2227211,1,INITIATED,1789018330861
2227211,2,VALIDATED,1789018330869
2227211,3,PROCESSED,1789018330873
2227212,1,INITIATED,1789018330880
2227212,2,VALIDATED,1789018330897
2227212,3,PROCESSED,1789018330921
2227213,1,INITIATED,1789018330901
2227213,2,VALIDATED,1789018330920
2227213,3,PROCESSED,1789018330944
2227214,1,INITIATED,1789018330920
2227214,2,VALIDATED,1789018330943
2227214,3,PROCESSED,1789018330969
2227215,1,INITIATED,1789018330941
2227215,2,VALIDATED,1789018330944
2227215,3,PROCESSED,1789018330969
2227216,1,INITIATED,1789018330961
2227216,2,VALIDATED,1789018330967
2227216,3,PROCESSED,1789018330971
2227217,1,INITIATED,1789018330981
2227217,2,VALIDATED,1789018330993
2227217,3,PROCESSED,1789018330997
2227218,1,INITIATED,1789018331001
2227218,2,VALIDATED,1789018331021
2227218,3,PROCESSED,1789018331025
2227219,1,INITIATED,1789018331020
2227219,2,VALIDATED,1789018331023
2227219,3,PROCESSED,1789018331026
2227220,1,INITIATED,1789018331040
2227220,2,VALIDATED,1789018331052
2227220,3,PROCESSED,1789018331075
2227221,1,INITIATED,1789018331061
2227221,2,VALIDATED,1789018331074
2227221,3,PROCESSED,1789018331097
2227222,1,INITIATED,1789018331081
2227222,2,VALIDATED,1789018331096
2227222,3,PROCESSED,1789018331118
2227223,1,INITIATED,1789018331100
2227223,2,VALIDATED,1789018331146
2227223,3,PROCESSED,1789018331192
2227224,1,INITIATED,1789018331120
2227224,2,VALIDATED,1789018331146
2227224,3,PROCESSED,1789018331191
2227225,1,INITIATED,1789018331140
2227225,2,VALIDATED,1789018331147
2227225,3,PROCESSED,1789018331192
2227226,1,INITIATED,1789018331162
2227226,2,VALIDATED,1789018331190
2227226,3,PROCESSED,1789018331194
2227227,1,INITIATED,1789018331181
2227227,2,VALIDATED,1789018331190
2227227,3,PROCESSED,1789018331194
2227228,1,INITIATED,1789018331201
2227228,2,VALIDATED,1789018331204
2227228,3,PROCESSED,1789018331208
2227229,1,INITIATED,1789018331220
2227229,2,VALIDATED,1789018331223
2227229,3,PROCESSED,1789018331226
2227230,1,INITIATED,1789018331240
2227230,2,VALIDATED,1789018331244
2227230,3,PROCESSED,1789018331249
2227231,1,INITIATED,1789018331260
2227231,2,VALIDATED,1789018331263
2227231,3,PROCESSED,1789018331267
2227232,1,INITIATED,1789018331294
2227232,2,VALIDATED,1789018331297
2227232,3,PROCESSED,1789018331342
2227233,1,INITIATED,1789018331300
2227233,2,VALIDATED,1789018331341
2227233,3,PROCESSED,1789018331525
2227234,1,INITIATED,1789018331339
2227234,2,VALIDATED,1789018331359
2227234,3,PROCESSED,1789018331535
2227235,1,INITIATED,1789018331340
2227235,2,VALIDATED,1789018331524
2227235,3,PROCESSED,1789018331535
2227236,1,INITIATED,1789018331524
2227236,2,VALIDATED,1789018331533
2227236,3,PROCESSED,1789018331593
2227237,1,INITIATED,1789018331524
2227237,2,VALIDATED,1789018331533
2227237,3,PROCESSED,1789018331594
2227238,1,INITIATED,1789018331525
2227238,2,VALIDATED,1789018331547
2227238,3,PROCESSED,1789018331736
2227239,1,INITIATED,1789018331525
2227239,2,VALIDATED,1789018331547
2227239,3,PROCESSED,1789018331736
2227240,1,INITIATED,1789018331524
2227240,2,VALIDATED,1789018331534
2227240,3,PROCESSED,1789018331594
2227241,1,INITIATED,1789018331525
2227241,2,VALIDATED,1789018331547
2227241,3,PROCESSED,1789018331736
2227242,1,INITIATED,1789018331524
2227242,2,VALIDATED,1789018331533
2227242,3,PROCESSED,1789018331594
2227243,1,INITIATED,1789018331525
2227243,2,VALIDATED,1789018331533
2227243,3,PROCESSED,1789018331594
2227244,1,INITIATED,1789018331525
2227244,2,VALIDATED,1789018331533
2227244,3,PROCESSED,1789018331594
2227245,1,INITIATED,1789018331545
2227245,2,VALIDATED,1789018331734
2227245,3,PROCESSED,1789018331786
2227246,1,INITIATED,1789018331593
2227246,2,VALIDATED,1789018331735
2227246,3,PROCESSED,1789018331786
2227247,1,INITIATED,1789018331593
2227247,2,VALIDATED,1789018331735
2227247,3,PROCESSED,1789018331786
2227248,1,INITIATED,1789018331735
2227248,2,VALIDATED,1789018331785
2227248,3,PROCESSED,1789018331965
2227249,1,INITIATED,1789018331735
2227249,2,VALIDATED,1789018331784
2227249,3,PROCESSED,1789018331965
2227250,1,INITIATED,1789018331734
2227250,2,VALIDATED,1789018331784
2227250,3,PROCESSED,1789018331965
2227251,1,INITIATED,1789018331734
2227251,2,VALIDATED,1789018331784
2227251,3,PROCESSED,1789018331965
2227252,1,INITIATED,1789018331734
2227252,2,VALIDATED,1789018331785
2227252,3,PROCESSED,1789018331962
2227253,1,INITIATED,1789018331734
2227253,2,VALIDATED,1789018331785
2227253,3,PROCESSED,1789018331965
2227254,1,INITIATED,1789018331734
2227254,2,VALIDATED,1789018331785
2227254,3,PROCESSED,1789018331965
2227255,1,INITIATED,1789018331741
2227255,2,VALIDATED,1789018331784
2227255,3,PROCESSED,1789018331962
2227256,1,INITIATED,1789018331782
2227256,2,VALIDATED,1789018331808
2227256,3,PROCESSED,1789018331966
2227257,1,INITIATED,1789018331782
2227257,2,VALIDATED,1789018331808
2227257,3,PROCESSED,1789018331966
2227258,1,INITIATED,1789018331808
2227258,2,VALIDATED,1789018331963
2227258,3,PROCESSED,1789018331971
2227259,1,INITIATED,1789018331963
2227259,2,VALIDATED,1789018331970
2227259,3,PROCESSED,1789018331976
2227260,1,INITIATED,1789018331963
2227260,2,VALIDATED,1789018331970
2227260,3,REJECTED,1789018331974
2227261,1,INITIATED,1789018331962
2227261,2,VALIDATED,1789018331970
2227261,3,REJECTED,1789018331974
2227262,1,INITIATED,1789018331962
2227262,2,VALIDATED,1789018331970
2227262,3,REJECTED,1789018331974
2227263,1,INITIATED,1789018331964
2227263,2,VALIDATED,1789018331970
2227263,3,REJECTED,1789018331974
2227264,1,INITIATED,1789018331964
2227264,2,VALIDATED,1789018331970
2227264,3,PROCESSED,1789018331975
2227265,1,INITIATED,1789018331963
2227265,2,VALIDATED,1789018331970
2227265,3,PROCESSED,1789018331975
2227266,1,INITIATED,1789018331964
2227266,2,VALIDATED,1789018331970
2227266,3,PROCESSED,1789018331975
2227267,1,INITIATED,1789018331980
2227267,2,VALIDATED,1789018332003
2227267,3,PROCESSED,1789018332007
2227268,1,INITIATED,1789018332001
2227268,2,VALIDATED,1789018332004
2227268,3,PROCESSED,1789018332010
2227269,1,INITIATED,1789018332021
2227269,2,VALIDATED,1789018332024
2227269,3,PROCESSED,1789018332028
2227270,1,INITIATED,1789018332040
2227270,2,VALIDATED,1789018332045
2227270,3,PROCESSED,1789018332048
2227271,1,INITIATED,1789018332060
2227271,2,VALIDATED,1789018332064
2227271,3,PROCESSED,1789018332067
2227272,1,INITIATED,1789018332081
2227272,2,VALIDATED,1789018332084
2227272,3,PROCESSED,1789018332088
2227273,1,INITIATED,1789018332100
2227273,2,VALIDATED,1789018332103
2227273,3,PROCESSED,1789018332107
2227274,1,INITIATED,1789018332121
2227274,2,VALIDATED,1789018332124
2227274,3,PROCESSED,1789018332127
2227275,1,INITIATED,1789018332140
2227275,2,VALIDATED,1789018332144
2227275,3,PROCESSED,1789018332148
2227276,1,INITIATED,1789018332160
2227276,2,VALIDATED,1789018332163
2227276,3,PROCESSED,1789018332166
2227277,1,INITIATED,1789018332181
2227277,2,VALIDATED,1789018332184
2227277,3,PROCESSED,1789018332188
2227278,1,INITIATED,1789018332200
2227278,2,VALIDATED,1789018332203
2227278,3,PROCESSED,1789018332206
2227279,1,INITIATED,1789018332220
2227279,2,VALIDATED,1789018332223
2227279,3,PROCESSED,1789018332227
2227280,1,INITIATED,1789018332240
2227280,2,VALIDATED,1789018332243
2227280,3,PROCESSED,1789018332247
2227281,1,INITIATED,1789018332260
2227281,2,VALIDATED,1789018332263
2227281,3,PROCESSED,1789018332267
2227282,1,INITIATED,1789018332280
2227282,2,VALIDATED,1789018332283
2227282,3,PROCESSED,1789018332286
2227283,1,INITIATED,1789018332300
2227283,2,VALIDATED,1789018332303
2227283,3,PROCESSED,1789018332306
2227284,1,INITIATED,1789018332320
2227284,2,VALIDATED,1789018332325
2227284,3,PROCESSED,1789018332330
2227285,1,INITIATED,1789018332341
2227285,2,VALIDATED,1789018332344
2227285,3,PROCESSED,1789018332348
2227286,1,INITIATED,1789018332360
2227286,2,VALIDATED,1789018332364
2227286,3,PROCESSED,1789018332368
2227287,1,INITIATED,1789018332380
2227287,2,VALIDATED,1789018332383
2227287,3,PROCESSED,1789018332386
2227288,1,INITIATED,1789018332400
2227288,2,VALIDATED,1789018332403
2227288,3,PROCESSED,1789018332405
2227289,1,INITIATED,1789018332421
2227289,2,VALIDATED,1789018332424
2227289,3,PROCESSED,1789018332426
2227290,1,INITIATED,1789018332441
2227290,2,VALIDATED,1789018332445
2227290,3,PROCESSED,1789018332451
2227291,1,INITIATED,1789018332460
2227291,2,VALIDATED,1789018332463
2227291,3,PROCESSED,1789018332466
2227292,1,INITIATED,1789018332481
2227292,2,VALIDATED,1789018332484
2227292,3,PROCESSED,1789018332487
2227293,1,INITIATED,1789018332500
2227293,2,VALIDATED,1789018332505
2227293,3,PROCESSED,1789018332508
2227294,1,INITIATED,1789018332520
2227294,2,VALIDATED,1789018332523
2227294,3,PROCESSED,1789018332526
2227295,1,INITIATED,1789018332541
2227295,2,VALIDATED,1789018332546
2227295,3,PROCESSED,1789018332550
2227296,1,INITIATED,1789018332561
2227296,2,VALIDATED,1789018332567
2227296,3,PROCESSED,1789018332572
2227297,1,INITIATED,1789018332580
2227297,2,VALIDATED,1789018332582
2227297,3,PROCESSED,1789018332592
2227298,1,INITIATED,1789018332600
2227298,2,VALIDATED,1789018332603
2227298,3,PROCESSED,1789018332607
2227299,1,INITIATED,1789018332750
2227299,2,VALIDATED,1789018332766
2227299,3,PROCESSED,1789018332842
2227300,1,INITIATED,1789018332750
2227300,2,VALIDATED,1789018332766
2227300,3,PROCESSED,1789018332841
2227301,1,INITIATED,1789018332750
2227301,2,VALIDATED,1789018332766
2227301,3,PROCESSED,1789018332841
2227302,1,INITIATED,1789018332749
2227302,2,VALIDATED,1789018332766
2227302,3,PROCESSED,1789018333097
2227303,1,INITIATED,1789018332749
2227303,2,VALIDATED,1789018332766
2227303,3,PROCESSED,1789018333097
2227304,1,INITIATED,1789018332750
2227304,2,VALIDATED,1789018332766
2227304,3,PROCESSED,1789018333098
2227305,1,INITIATED,1789018332750
2227305,2,VALIDATED,1789018332766
2227305,3,PROCESSED,1789018332841
2227306,1,INITIATED,1789018332763
2227306,2,VALIDATED,1789018332840
2227306,3,PROCESSED,1789018333097
2227307,1,INITIATED,1789018332834
2227307,2,VALIDATED,1789018333095
2227307,3,PROCESSED,1789018333103
2227308,1,INITIATED,1789018332834
2227308,2,VALIDATED,1789018333096
2227308,3,PROCESSED,1789018333103
2227309,1,INITIATED,1789018332834
2227309,2,VALIDATED,1789018333095
2227309,3,PROCESSED,1789018333103
2227310,1,INITIATED,1789018332841
2227310,2,VALIDATED,1789018333096
2227310,3,PROCESSED,1789018333103
2227311,1,INITIATED,1789018333094
2227311,2,VALIDATED,1789018333101
2227311,3,PROCESSED,1789018333106
2227312,1,INITIATED,1789018333094
2227312,2,VALIDATED,1789018333101
2227312,3,PROCESSED,1789018333108
2227313,1,INITIATED,1789018333094
2227313,2,VALIDATED,1789018333101
2227313,3,PROCESSED,1789018333107
2227314,1,INITIATED,1789018333094
2227314,2,VALIDATED,1789018333100
2227314,3,PROCESSED,1789018333107
2227315,1,INITIATED,1789018333095
2227315,2,VALIDATED,1789018333101
2227315,3,PROCESSED,1789018333107
2227316,1,INITIATED,1789018333094
2227316,2,VALIDATED,1789018333100
2227316,3,PROCESSED,1789018333107
2227317,1,INITIATED,1789018333096
2227317,2,VALIDATED,1789018333100
2227317,3,PROCESSED,1789018333107
2227318,1,INITIATED,1789018333095
2227318,2,VALIDATED,1789018333100
2227318,3,PROCESSED,1789018333106
2227319,1,INITIATED,1789018333096
2227319,2,VALIDATED,1789018333101
2227319,3,PROCESSED,1789018333107
2227320,1,INITIATED,1789018333096
2227320,2,VALIDATED,1789018333101
2227320,3,PROCESSED,1789018333107
2227321,1,INITIATED,1789018333094
2227321,2,VALIDATED,1789018333100
2227321,3,PROCESSED,1789018333107
2227322,1,INITIATED,1789018333096
2227322,2,VALIDATED,1789018333101
2227322,3,PROCESSED,1789018333107
2227323,1,INITIATED,1789018333101
2227323,2,VALIDATED,1789018333105
2227323,3,PROCESSED,1789018333146
2227324,1,INITIATED,1789018333121
2227324,2,VALIDATED,1789018333145
2227324,3,PROCESSED,1789018333150
2227325,1,INITIATED,1789018333141
2227325,2,VALIDATED,1789018333145
2227325,3,PROCESSED,1789018333150
2227326,1,INITIATED,1789018333161
2227326,2,VALIDATED,1789018333164
2227326,3,PROCESSED,1789018333170
2227327,1,INITIATED,1789018333181
2227327,2,VALIDATED,1789018333185
2227327,3,PROCESSED,1789018333189
2227328,1,INITIATED,1789018333200
2227328,2,VALIDATED,1789018333204
2227328,3,PROCESSED,1789018333209
2227329,1,INITIATED,1789018333221
2227329,2,VALIDATED,1789018333228
2227329,3,PROCESSED,1789018333232
2227330,1,INITIATED,1789018333241
2227330,2,VALIDATED,1789018333245
2227330,3,PROCESSED,1789018333250
2227331,1,INITIATED,1789018333261
2227331,2,VALIDATED,1789018333264
2227331,3,PROCESSED,1789018333268
2227332,1,INITIATED,1789018333281
2227332,2,VALIDATED,1789018333284
2227332,3,PROCESSED,1789018333289
2227333,1,INITIATED,1789018333301
2227333,2,VALIDATED,1789018333305
2227333,3,PROCESSED,1789018333309
2227334,1,INITIATED,1789018333320
2227334,2,VALIDATED,1789018333324
2227334,3,PROCESSED,1789018333329
2227335,1,INITIATED,1789018333341
2227335,2,VALIDATED,1789018333345
2227335,3,PROCESSED,1789018333350
2227336,1,INITIATED,1789018333360
2227336,2,VALIDATED,1789018333364
2227336,3,PROCESSED,1789018333369
2227337,1,INITIATED,1789018333380
2227337,2,VALIDATED,1789018333384
2227337,3,PROCESSED,1789018333387
2227338,1,INITIATED,1789018333401
2227338,2,VALIDATED,1789018333404
2227338,3,PROCESSED,1789018333408
2227339,1,INITIATED,1789018333421
2227339,2,VALIDATED,1789018333424
2227339,3,PROCESSED,1789018333427
2227340,1,INITIATED,1789018333440
2227340,2,VALIDATED,1789018333443
2227340,3,PROCESSED,1789018333446
2227341,1,INITIATED,1789018333460
2227341,2,VALIDATED,1789018333464
2227341,3,PROCESSED,1789018333468
2227342,1,INITIATED,1789018333481
2227342,2,VALIDATED,1789018333484
2227342,3,PROCESSED,1789018333487
2227343,1,INITIATED,1789018333501
2227343,2,VALIDATED,1789018333504
2227343,3,PROCESSED,1789018333509
2227344,1,INITIATED,1789018333521
2227344,2,VALIDATED,1789018333525
2227344,3,PROCESSED,1789018333529
2227345,1,INITIATED,1789018333540
2227345,2,VALIDATED,1789018333832
2227345,3,PROCESSED,1789018333893
2227346,1,INITIATED,1789018333832
2227346,2,VALIDATED,1789018333891
2227346,3,PROCESSED,1789018334069
2227347,1,INITIATED,1789018333833
2227347,2,VALIDATED,1789018333892
2227347,3,PROCESSED,1789018334069
2227348,1,INITIATED,1789018333832
2227348,2,VALIDATED,1789018333891
2227348,3,PROCESSED,1789018334068
2227349,1,INITIATED,1789018333833
2227349,2,VALIDATED,1789018333892
2227349,3,PROCESSED,1789018334069
2227350,1,INITIATED,1789018333833
2227350,2,VALIDATED,1789018333892
2227350,3,PROCESSED,1789018334069
2227351,1,INITIATED,1789018333832
2227351,2,VALIDATED,1789018333892
2227351,3,PROCESSED,1789018334069
2227352,1,INITIATED,1789018333833
2227352,2,VALIDATED,1789018333891
2227352,3,PROCESSED,1789018334068
2227353,1,INITIATED,1789018333833
2227353,2,VALIDATED,1789018333892
2227353,3,PROCESSED,1789018334068
2227354,1,INITIATED,1789018333833
2227354,2,VALIDATED,1789018333891
2227354,3,PROCESSED,1789018334069
2227355,1,INITIATED,1789018333832
2227355,2,VALIDATED,1789018333892
2227355,3,PROCESSED,1789018334069
2227356,1,INITIATED,1789018333832
2227356,2,VALIDATED,1789018333891
2227356,3,PROCESSED,1789018334068
2227357,1,INITIATED,1789018333833
2227357,2,VALIDATED,1789018333891
2227357,3,PROCESSED,1789018334070
2227358,1,INITIATED,1789018333832
2227358,2,VALIDATED,1789018333891
2227358,3,PROCESSED,1789018334068
2227359,1,INITIATED,1789018333833
2227359,2,VALIDATED,1789018333892
2227359,3,PROCESSED,1789018334068
2227360,1,INITIATED,1789018333841
2227360,2,VALIDATED,1789018333906
2227360,3,REJECTED,1789018334067
2227361,1,INITIATED,1789018333889
2227361,2,VALIDATED,1789018333916
2227361,3,REJECTED,1789018334072
2227362,1,INITIATED,1789018333889
2227362,2,VALIDATED,1789018333915
2227362,3,REJECTED,1789018334073
2227363,1,INITIATED,1789018333904
2227363,2,VALIDATED,1789018334067
2227363,3,REJECTED,1789018334073
2227364,1,INITIATED,1789018334067
2227364,2,VALIDATED,1789018334073
2227364,3,PROCESSED,1789018334078
2227365,1,INITIATED,1789018334067
2227365,2,VALIDATED,1789018334073
2227365,3,PROCESSED,1789018334078
2227366,1,INITIATED,1789018334065
2227366,2,VALIDATED,1789018334073
2227366,3,PROCESSED,1789018334078
2227367,1,INITIATED,1789018334067
2227367,2,VALIDATED,1789018334073
2227367,3,PROCESSED,1789018334078
2227368,1,INITIATED,1789018334066
2227368,2,VALIDATED,1789018334073
2227368,3,PROCESSED,1789018334079
2227369,1,INITIATED,1789018334066
2227369,2,VALIDATED,1789018334072
2227369,3,PROCESSED,1789018334078
2227370,1,INITIATED,1789018334067
2227370,2,VALIDATED,1789018334073
2227370,3,PROCESSED,1789018334079
2227371,1,INITIATED,1789018334065
2227371,2,VALIDATED,1789018334073
2227371,3,PROCESSED,1789018334079
2227372,1,INITIATED,1789018334080
2227372,2,VALIDATED,1789018334128
2227372,3,PROCESSED,1789018334133
2227373,1,INITIATED,1789018334100
2227373,2,VALIDATED,1789018334128
2227373,3,PROCESSED,1789018334132
2227374,1,INITIATED,1789018334121
2227374,2,VALIDATED,1789018334128
2227374,3,PROCESSED,1789018334132
2227375,1,INITIATED,1789018334141
2227375,2,VALIDATED,1789018334144
2227375,3,PROCESSED,1789018334147
2227376,1,INITIATED,1789018334161
2227376,2,VALIDATED,1789018334165
2227376,3,PROCESSED,1789018334168
2227377,1,INITIATED,1789018334180
2227377,2,VALIDATED,1789018334184
2227377,3,PROCESSED,1789018334188
2227378,1,INITIATED,1789018334200
2227378,2,VALIDATED,1789018334204
2227378,3,PROCESSED,1789018334208
2227379,1,INITIATED,1789018334221
2227379,2,VALIDATED,1789018334224
2227379,3,PROCESSED,1789018334228
2227380,1,INITIATED,1789018334241
2227380,2,VALIDATED,1789018334245
2227380,3,PROCESSED,1789018334251
2227381,1,INITIATED,1789018334260
2227381,2,VALIDATED,1789018334264
2227381,3,PROCESSED,1789018334268
2227382,1,INITIATED,1789018334280
2227382,2,VALIDATED,1789018334284
2227382,3,PROCESSED,1789018334287
2227383,1,INITIATED,1789018334300
2227383,2,VALIDATED,1789018334303
2227383,3,PROCESSED,1789018334308
2227384,1,INITIATED,1789018334320
2227384,2,VALIDATED,1789018334324
2227384,3,PROCESSED,1789018334327
2227385,1,INITIATED,1789018334340
2227385,2,VALIDATED,1789018334343
2227385,3,PROCESSED,1789018334347
2227386,1,INITIATED,1789018334361
2227386,2,VALIDATED,1789018334364
2227386,3,PROCESSED,1789018334368
2227387,1,INITIATED,1789018334381
2227387,2,VALIDATED,1789018334385
2227387,3,PROCESSED,1789018334389
2227388,1,INITIATED,1789018334400
2227388,2,VALIDATED,1789018334405
2227388,3,PROCESSED,1789018334409
2227389,1,INITIATED,1789018334421
2227389,2,VALIDATED,1789018334425
2227389,3,PROCESSED,1789018334429
2227390,1,INITIATED,1789018334441
2227390,2,VALIDATED,1789018334445
2227390,3,PROCESSED,1789018334449
2227391,1,INITIATED,1789018334460
2227391,2,VALIDATED,1789018334464
2227391,3,PROCESSED,1789018334468
2227392,1,INITIATED,1789018334481
2227392,2,VALIDATED,1789018334487
2227392,3,PROCESSED,1789018334492
2227393,1,INITIATED,1789018334501
2227393,2,VALIDATED,1789018334504
2227393,3,PROCESSED,1789018334509
2227394,1,INITIATED,1789018334521
2227394,2,VALIDATED,1789018334525
2227394,3,PROCESSED,1789018334529
2227395,1,INITIATED,1789018334554
2227395,2,VALIDATED,1789018334836
2227395,3,PROCESSED,1789018334987
2227396,1,INITIATED,1789018334561
2227396,2,VALIDATED,1789018334836
2227396,3,PROCESSED,1789018334987
2227397,1,INITIATED,1789018334835
2227397,2,VALIDATED,1789018334986
2227397,3,PROCESSED,1789018335003
2227398,1,INITIATED,1789018334835
2227398,2,VALIDATED,1789018334986
2227398,3,PROCESSED,1789018335002
2227399,1,INITIATED,1789018334835
2227399,2,VALIDATED,1789018334848
2227399,3,PROCESSED,1789018335002
2227400,1,INITIATED,1789018334836
2227400,2,VALIDATED,1789018334985
2227400,3,PROCESSED,1789018335002
2227401,1,INITIATED,1789018334835
2227401,2,VALIDATED,1789018334986
2227401,3,PROCESSED,1789018335003
2227402,1,INITIATED,1789018334836
2227402,2,VALIDATED,1789018334848
2227402,3,PROCESSED,1789018335003
2227403,1,INITIATED,1789018334836
2227403,2,VALIDATED,1789018334986
2227403,3,PROCESSED,1789018335002
2227404,1,INITIATED,1789018334836
2227404,2,VALIDATED,1789018334985
2227404,3,PROCESSED,1789018335003
2227405,1,INITIATED,1789018334836
2227405,2,VALIDATED,1789018334985
2227405,3,PROCESSED,1789018335003
2227406,1,INITIATED,1789018334835
2227406,2,VALIDATED,1789018334985
2227406,3,PROCESSED,1789018335003
2227407,1,INITIATED,1789018334835
2227407,2,VALIDATED,1789018334985
2227407,3,PROCESSED,1789018335003
2227408,1,INITIATED,1789018334836
2227408,2,VALIDATED,1789018334848
2227408,3,PROCESSED,1789018335003
2227409,1,INITIATED,1789018334836
2227409,2,VALIDATED,1789018334985
2227409,3,PROCESSED,1789018335003
2227410,1,INITIATED,1789018334841
2227410,2,VALIDATED,1789018334987
2227410,3,PROCESSED,1789018335003
2227411,1,INITIATED,1789018334987
2227411,2,VALIDATED,1789018335000
2227411,3,PROCESSED,1789018335033
2227412,1,INITIATED,1789018334987
2227412,2,VALIDATED,1789018335000
2227412,3,PROCESSED,1789018335033
2227413,1,INITIATED,1789018334985
2227413,2,VALIDATED,1789018335000
2227413,3,PROCESSED,1789018335033
2227414,1,INITIATED,1789018334986
2227414,2,VALIDATED,1789018335000
2227414,3,PROCESSED,1789018335033
2227415,1,INITIATED,1789018334987
2227415,2,VALIDATED,1789018335000
2227415,3,PROCESSED,1789018335033
2227416,1,INITIATED,1789018334987
2227416,2,VALIDATED,1789018334999
2227416,3,PROCESSED,1789018335033
2227417,1,INITIATED,1789018334987
2227417,2,VALIDATED,1789018335000
2227417,3,PROCESSED,1789018335033
2227418,1,INITIATED,1789018335001
2227418,2,VALIDATED,1789018335032
2227418,3,PROCESSED,1789018335047
2227419,1,INITIATED,1789018335021
2227419,2,VALIDATED,1789018335031
2227419,3,PROCESSED,1789018335042
2227420,1,INITIATED,1789018335041
2227420,2,VALIDATED,1789018335047
2227420,3,PROCESSED,1789018335057
2227421,1,INITIATED,1789018335060
2227421,2,VALIDATED,1789018335064
2227421,3,PROCESSED,1789018335070
2227422,1,INITIATED,1789018335081
2227422,2,VALIDATED,1789018335303
2227422,3,PROCESSED,1789018335424
2227423,1,INITIATED,1789018335299
2227423,2,VALIDATED,1789018335303
2227423,3,PROCESSED,1789018335425
2227424,1,INITIATED,1789018335299
2227424,2,VALIDATED,1789018335303
2227424,3,PROCESSED,1789018335424
2227425,1,INITIATED,1789018335299
2227425,2,VALIDATED,1789018335303
2227425,3,PROCESSED,1789018335424
2227426,1,INITIATED,1789018335299
2227426,2,VALIDATED,1789018335303
2227426,3,PROCESSED,1789018335425
2227427,1,INITIATED,1789018335299
2227427,2,VALIDATED,1789018335303
2227427,3,PROCESSED,1789018335425
2227428,1,INITIATED,1789018335299
2227428,2,VALIDATED,1789018335303
2227428,3,PROCESSED,1789018335424
2227429,1,INITIATED,1789018335299
2227429,2,VALIDATED,1789018335303
2227429,3,PROCESSED,1789018335425
2227430,1,INITIATED,1789018335299
2227430,2,VALIDATED,1789018335303
2227430,3,PROCESSED,1789018335424
2227431,1,INITIATED,1789018335299
2227431,2,VALIDATED,1789018335303
2227431,3,PROCESSED,1789018335424
2227432,1,INITIATED,1789018335299
2227432,2,VALIDATED,1789018335303
2227432,3,PROCESSED,1789018335424
2227433,1,INITIATED,1789018335301
2227433,2,VALIDATED,1789018335321
2227433,3,PROCESSED,1789018335426
2227434,1,INITIATED,1789018335321
2227434,2,VALIDATED,1789018335423
2227434,3,PROCESSED,1789018335430
2227435,1,INITIATED,1789018335341
2227435,2,VALIDATED,1789018335423
2227435,3,PROCESSED,1789018335429
2227436,1,INITIATED,1789018335360
2227436,2,VALIDATED,1789018335423
2227436,3,PROCESSED,1789018335429
2227437,1,INITIATED,1789018335380
2227437,2,VALIDATED,1789018335424
2227437,3,PROCESSED,1789018335430
2227438,1,INITIATED,1789018335401
2227438,2,VALIDATED,1789018335422
2227438,3,PROCESSED,1789018335429
2227439,1,INITIATED,1789018335421
2227439,2,VALIDATED,1789018335426
2227439,3,PROCESSED,1789018335448
2227440,1,INITIATED,1789018335441
2227440,2,VALIDATED,1789018335446
2227440,3,PROCESSED,1789018335451
2227441,1,INITIATED,1789018335461
2227441,2,VALIDATED,1789018335466
2227441,3,PROCESSED,1789018335471
2227442,1,INITIATED,1789018335482
2227442,2,VALIDATED,1789018335485
2227442,3,PROCESSED,1789018335490
2227443,1,INITIATED,1789018335501
2227443,2,VALIDATED,1789018335506
2227443,3,PROCESSED,1789018335511
2227444,1,INITIATED,1789018335521
2227444,2,VALIDATED,1789018335525
2227444,3,PROCESSED,1789018335530
2227445,1,INITIATED,1789018335547
2227445,2,VALIDATED,1789018335639
2227445,3,PROCESSED,1789018335993
2227446,1,INITIATED,1789018335585
2227446,2,VALIDATED,1789018335989
2227446,3,PROCESSED,1789018335996
2227447,1,INITIATED,1789018335585
2227447,2,VALIDATED,1789018335989
2227447,3,PROCESSED,1789018335996
2227448,1,INITIATED,1789018335603
2227448,2,VALIDATED,1789018335990
2227448,3,PROCESSED,1789018335996
2227449,1,INITIATED,1789018335639
2227449,2,VALIDATED,1789018335990
2227449,3,PROCESSED,1789018336140
2227450,1,INITIATED,1789018335989
2227450,2,VALIDATED,1789018336137
2227450,3,PROCESSED,1789018336194
2227451,1,INITIATED,1789018335990
2227451,2,VALIDATED,1789018336136
2227451,3,PROCESSED,1789018336195
2227452,1,INITIATED,1789018335991
2227452,2,VALIDATED,1789018336137
2227452,3,PROCESSED,1789018336196
2227453,1,INITIATED,1789018335989
2227453,2,VALIDATED,1789018335994
2227453,3,PROCESSED,1789018336141
2227454,1,INITIATED,1789018335989
2227454,2,VALIDATED,1789018335994
2227454,3,PROCESSED,1789018336141
2227455,1,INITIATED,1789018335990
2227455,2,VALIDATED,1789018336136
2227455,3,PROCESSED,1789018336195
2227456,1,INITIATED,1789018335989
2227456,2,VALIDATED,1789018335994
2227456,3,PROCESSED,1789018336141
2227457,1,INITIATED,1789018335989
2227457,2,VALIDATED,1789018335994
2227457,3,PROCESSED,1789018336141
2227458,1,INITIATED,1789018335991
2227458,2,VALIDATED,1789018336139
2227458,3,PROCESSED,1789018336195
2227459,1,INITIATED,1789018335990
2227459,2,VALIDATED,1789018336135
2227459,3,PROCESSED,1789018336195
2227460,1,INITIATED,1789018335990
2227460,2,VALIDATED,1789018336137
2227460,3,REJECTED,1789018336192
2227461,1,INITIATED,1789018335989
2227461,2,VALIDATED,1789018335994
2227461,3,REJECTED,1789018336139
2227462,1,INITIATED,1789018335990
2227462,2,VALIDATED,1789018336136
2227462,3,REJECTED,1789018336193
2227463,1,INITIATED,1789018335991
2227463,2,VALIDATED,1789018336136
2227463,3,REJECTED,1789018336194
2227464,1,INITIATED,1789018335991
2227464,2,VALIDATED,1789018336139
2227464,3,PROCESSED,1789018336195
2227465,1,INITIATED,1789018335990
2227465,2,VALIDATED,1789018336137
2227465,3,PROCESSED,1789018336195
2227466,1,INITIATED,1789018335991
2227466,2,VALIDATED,1789018336136
2227466,3,PROCESSED,1789018336195
2227467,1,INITIATED,1789018335988
2227467,2,VALIDATED,1789018335995
2227467,3,PROCESSED,1789018336141
2227468,1,INITIATED,1789018336009
2227468,2,VALIDATED,1789018336190
2227468,3,PROCESSED,1789018336213
2227469,1,INITIATED,1789018336137
2227469,2,VALIDATED,1789018336192
2227469,3,PROCESSED,1789018336213
2227470,1,INITIATED,1789018336138
2227470,2,VALIDATED,1789018336193
2227470,3,PROCESSED,1789018336213
2227471,1,INITIATED,1789018336137
2227471,2,VALIDATED,1789018336194
2227471,3,PROCESSED,1789018336213
2227472,1,INITIATED,1789018336138
2227472,2,VALIDATED,1789018336193
2227472,3,PROCESSED,1789018336213
2227473,1,INITIATED,1789018336136
2227473,2,VALIDATED,1789018336193
2227473,3,PROCESSED,1789018336213
2227474,1,INITIATED,1789018336137
2227474,2,VALIDATED,1789018336193
2227474,3,PROCESSED,1789018336213
2227475,1,INITIATED,1789018336141
2227475,2,VALIDATED,1789018336192
2227475,3,PROCESSED,1789018336213
2227476,1,INITIATED,1789018336190
2227476,2,VALIDATED,1789018336211
2227476,3,PROCESSED,1789018336217
2227477,1,INITIATED,1789018336190
2227477,2,VALIDATED,1789018336211
2227477,3,PROCESSED,1789018336217
2227478,1,INITIATED,1789018336200
2227478,2,VALIDATED,1789018336211
2227478,3,PROCESSED,1789018336217
2227479,1,INITIATED,1789018336220
2227479,2,VALIDATED,1789018336224
2227479,3,PROCESSED,1789018336229
2227480,1,INITIATED,1789018336240
2227480,2,VALIDATED,1789018336245
2227480,3,PROCESSED,1789018336253
2227481,1,INITIATED,1789018336262
2227481,2,VALIDATED,1789018336266
2227481,3,PROCESSED,1789018336287
2227482,1,INITIATED,1789018336281
2227482,2,VALIDATED,1789018336286
2227482,3,PROCESSED,1789018336292
2227483,1,INITIATED,1789018336301
2227483,2,VALIDATED,1789018336304
2227483,3,PROCESSED,1789018336309
2227484,1,INITIATED,1789018336321
2227484,2,VALIDATED,1789018336325
2227484,3,PROCESSED,1789018336329
2227485,1,INITIATED,1789018336340
2227485,2,VALIDATED,1789018336344
2227485,3,PROCESSED,1789018336349
2227486,1,INITIATED,1789018336361
2227486,2,VALIDATED,1789018336366
2227486,3,PROCESSED,1789018336374
2227487,1,INITIATED,1789018336380
2227487,2,VALIDATED,1789018336384
2227487,3,PROCESSED,1789018336388
2227488,1,INITIATED,1789018336401
2227488,2,VALIDATED,1789018336406
2227488,3,PROCESSED,1789018336410
2227489,1,INITIATED,1789018336420
2227489,2,VALIDATED,1789018336424
2227489,3,PROCESSED,1789018336428
2227490,1,INITIATED,1789018336441
2227490,2,VALIDATED,1789018336461
2227490,3,PROCESSED,1789018336467
2227491,1,INITIATED,1789018336460
2227491,2,VALIDATED,1789018336464
2227491,3,PROCESSED,1789018336469
2227492,1,INITIATED,1789018336481
2227492,2,VALIDATED,1789018336485
2227492,3,PROCESSED,1789018336490
2227493,1,INITIATED,1789018336501
2227493,2,VALIDATED,1789018336505
2227493,3,PROCESSED,1789018336510
2227494,1,INITIATED,1789018336520
2227494,2,VALIDATED,1789018336524
2227494,3,PROCESSED,1789018336529
2227495,1,INITIATED,1789018336831
2227495,2,VALIDATED,1789018337004
2227495,3,PROCESSED,1789018337400
2227496,1,INITIATED,1789018336833
2227496,2,VALIDATED,1789018337004
2227496,3,PROCESSED,1789018337399
2227497,1,INITIATED,1789018336832
2227497,2,VALIDATED,1789018337005
2227497,3,PROCESSED,1789018337399
2227498,1,INITIATED,1789018336832
2227498,2,VALIDATED,1789018337005
2227498,3,PROCESSED,1789018337399
2227499,1,INITIATED,1789018336832
2227499,2,VALIDATED,1789018337005
2227499,3,PROCESSED,1789018337400
2227500,1,INITIATED,1789018336832
2227500,2,VALIDATED,1789018337005
2227500,3,PROCESSED,1789018337399
2227501,1,INITIATED,1789018336831
2227501,2,VALIDATED,1789018337005
2227501,3,PROCESSED,1789018337400
2227502,1,INITIATED,1789018336832
2227502,2,VALIDATED,1789018337005
2227502,3,PROCESSED,1789018337399
2227503,1,INITIATED,1789018336832
2227503,2,VALIDATED,1789018337006
2227503,3,PROCESSED,1789018337400
2227504,1,INITIATED,1789018336832
2227504,2,VALIDATED,1789018337006
2227504,3,PROCESSED,1789018337400
2227505,1,INITIATED,1789018336831
2227505,2,VALIDATED,1789018337005
2227505,3,PROCESSED,1789018337400
2227506,1,INITIATED,1789018336832
2227506,2,VALIDATED,1789018337006
2227506,3,PROCESSED,1789018337399
2227507,1,INITIATED,1789018336832
2227507,2,VALIDATED,1789018337005
2227507,3,PROCESSED,1789018337400
2227508,1,INITIATED,1789018336833
2227508,2,VALIDATED,1789018337005
2227508,3,PROCESSED,1789018337398
2227509,1,INITIATED,1789018336832
2227509,2,VALIDATED,1789018337005
2227509,3,PROCESSED,1789018337400
2227510,1,INITIATED,1789018336849
2227510,2,VALIDATED,1789018337397
2227510,3,PROCESSED,1789018337549
2227511,1,INITIATED,1789018337003
2227511,2,VALIDATED,1789018337395
2227511,3,PROCESSED,1789018337547
2227512,1,INITIATED,1789018337002
2227512,2,VALIDATED,1789018337397
2227512,3,PROCESSED,1789018337550
2227513,1,INITIATED,1789018337002
2227513,2,VALIDATED,1789018337396
2227513,3,PROCESSED,1789018337548
2227514,1,INITIATED,1789018337002
2227514,2,VALIDATED,1789018337397
2227514,3,PROCESSED,1789018337548
2227515,1,INITIATED,1789018337002
2227515,2,VALIDATED,1789018337396
2227515,3,PROCESSED,1789018337549
2227516,1,INITIATED,1789018337003
2227516,2,VALIDATED,1789018337062
2227516,3,PROCESSED,1789018337401
2227517,1,INITIATED,1789018337002
2227517,2,VALIDATED,1789018337395
2227517,3,PROCESSED,1789018337403
2227518,1,INITIATED,1789018337002
2227518,2,VALIDATED,1789018337397
2227518,3,PROCESSED,1789018337548
2227519,1,INITIATED,1789018337022
2227519,2,VALIDATED,1789018337397
2227519,3,PROCESSED,1789018337550
2227520,1,INITIATED,1789018337060
2227520,2,VALIDATED,1789018337398
2227520,3,PROCESSED,1789018337549
2227521,1,INITIATED,1789018337061
2227521,2,VALIDATED,1789018337398
2227521,3,PROCESSED,1789018337550
2227522,1,INITIATED,1789018337397
2227522,2,VALIDATED,1789018337546
2227522,3,PROCESSED,1789018337960
2227523,1,INITIATED,1789018337395
2227523,2,VALIDATED,1789018337402
2227523,3,PROCESSED,1789018337550
2227524,1,INITIATED,1789018337398
2227524,2,VALIDATED,1789018337546
2227524,3,PROCESSED,1789018337962
2227525,1,INITIATED,1789018337398
2227525,2,VALIDATED,1789018337547
2227525,3,PROCESSED,1789018337962
2227526,1,INITIATED,1789018337398
2227526,2,VALIDATED,1789018337547
2227526,3,PROCESSED,1789018337962
2227527,1,INITIATED,1789018337400
2227527,2,VALIDATED,1789018337547
2227527,3,PROCESSED,1789018337963
2227528,1,INITIATED,1789018337401
2227528,2,VALIDATED,1789018337546
2227528,3,PROCESSED,1789018337962
2227529,1,INITIATED,1789018337401
2227529,2,VALIDATED,1789018337546
2227529,3,PROCESSED,1789018337963
2227530,1,INITIATED,1789018337402
2227530,2,VALIDATED,1789018337957
2227530,3,PROCESSED,1789018338136
2227531,1,INITIATED,1789018337402
2227531,2,VALIDATED,1789018337957
2227531,3,PROCESSED,1789018338134
2227532,1,INITIATED,1789018337402
2227532,2,VALIDATED,1789018337547
2227532,3,PROCESSED,1789018337963
2227533,1,INITIATED,1789018337402
2227533,2,VALIDATED,1789018337546
2227533,3,PROCESSED,1789018337962
2227534,1,INITIATED,1789018337402
2227534,2,VALIDATED,1789018337547
2227534,3,PROCESSED,1789018337963
2227535,1,INITIATED,1789018337402
2227535,2,VALIDATED,1789018337546
2227535,3,PROCESSED,1789018337964
2227536,1,INITIATED,1789018337420
2227536,2,VALIDATED,1789018337958
2227536,3,PROCESSED,1789018338134
2227537,1,INITIATED,1789018337420
2227537,2,VALIDATED,1789018337961
2227537,3,PROCESSED,1789018338613
2227538,1,INITIATED,1789018337420
2227538,2,VALIDATED,1789018337960
2227538,3,PROCESSED,1789018338136
2227539,1,INITIATED,1789018337547
2227539,2,VALIDATED,1789018337959
2227539,3,PROCESSED,1789018338135
2227540,1,INITIATED,1789018337546
2227540,2,VALIDATED,1789018337961
2227540,3,PROCESSED,1789018338614
2227541,1,INITIATED,1789018337548
2227541,2,VALIDATED,1789018337960
2227541,3,PROCESSED,1789018338137
2227542,1,INITIATED,1789018337546
2227542,2,VALIDATED,1789018337961
2227542,3,PROCESSED,1789018338615
2227543,1,INITIATED,1789018337548
2227543,2,VALIDATED,1789018337961
2227543,3,PROCESSED,1789018338615
2227544,1,INITIATED,1789018337548
2227544,2,VALIDATED,1789018337959
2227544,3,PROCESSED,1789018338137
2227545,1,INITIATED,1789018337548
2227545,2,VALIDATED,1789018337959
2227545,3,PROCESSED,1789018338136
2227546,1,INITIATED,1789018337960
2227546,2,VALIDATED,1789018338134
2227546,3,PROCESSED,1789018338614
2227547,1,INITIATED,1789018337956
2227547,2,VALIDATED,1789018337981
2227547,3,PROCESSED,1789018338614
2227548,1,INITIATED,1789018337957
2227548,2,VALIDATED,1789018337981
2227548,3,PROCESSED,1789018338818
2227549,1,INITIATED,1789018337960
2227549,2,VALIDATED,1789018338133
2227549,3,PROCESSED,1789018338616
2227550,1,INITIATED,1789018337957
2227550,2,VALIDATED,1789018337980
2227550,3,PROCESSED,1789018338614
2227551,1,INITIATED,1789018337956
2227551,2,VALIDATED,1789018337980
2227551,3,PROCESSED,1789018338615
2227552,1,INITIATED,1789018337959
2227552,2,VALIDATED,1789018338134
2227552,3,PROCESSED,1789018338614
2227553,1,INITIATED,1789018337959
2227553,2,VALIDATED,1789018338132
2227553,3,PROCESSED,1789018338615
2227554,1,INITIATED,1789018337959
2227554,2,VALIDATED,1789018338134
2227554,3,PROCESSED,1789018338616
2227555,1,INITIATED,1789018337961
2227555,2,VALIDATED,1789018338134
2227555,3,PROCESSED,1789018338615
2227556,1,INITIATED,1789018337961
2227556,2,VALIDATED,1789018338613
2227556,3,PROCESSED,1789018339262
2227557,1,INITIATED,1789018337962
2227557,2,VALIDATED,1789018338612
2227557,3,PROCESSED,1789018339261
2227558,1,INITIATED,1789018337963
2227558,2,VALIDATED,1789018338134
2227558,3,PROCESSED,1789018338615
2227559,1,INITIATED,1789018337963
2227559,2,VALIDATED,1789018338610
2227559,3,REJECTED,1789018339256
2227560,1,INITIATED,1789018337963
2227560,2,VALIDATED,1789018338609
2227560,3,PROCESSED,1789018339262
2227561,1,INITIATED,1789018337964
2227561,2,VALIDATED,1789018338612
2227561,3,REJECTED,1789018339257
2227562,1,INITIATED,1789018337980
2227562,2,VALIDATED,1789018338612
2227562,3,REJECTED,1789018339257
2227563,1,INITIATED,1789018337980
2227563,2,VALIDATED,1789018338610
2227563,3,PROCESSED,1789018339262
2227564,1,INITIATED,1789018337980
2227564,2,VALIDATED,1789018338611
2227564,3,REJECTED,1789018339258
2227565,1,INITIATED,1789018337981
2227565,2,VALIDATED,1789018338611
2227565,3,PROCESSED,1789018339262
2227566,1,INITIATED,1789018337981
2227566,2,VALIDATED,1789018338612
2227566,3,PROCESSED,1789018339262
2227567,1,INITIATED,1789018338133
2227567,2,VALIDATED,1789018338612
2227567,3,PROCESSED,1789018339262
2227568,1,INITIATED,1789018338134
2227568,2,VALIDATED,1789018338612
2227568,3,PROCESSED,1789018339262
2227569,1,INITIATED,1789018338133
2227569,2,VALIDATED,1789018338816
2227569,3,PROCESSED,1789018339437
2227570,1,INITIATED,1789018338133
2227570,2,VALIDATED,1789018338815
2227570,3,PROCESSED,1789018339263
2227571,1,INITIATED,1789018338133
2227571,2,VALIDATED,1789018338816
2227571,3,PROCESSED,1789018339262
2227572,1,INITIATED,1789018338134
2227572,2,VALIDATED,1789018338613
2227572,3,PROCESSED,1789018339261
2227573,1,INITIATED,1789018338134
2227573,2,VALIDATED,1789018338611
2227573,3,PROCESSED,1789018338818
2227574,1,INITIATED,1789018338134
2227574,2,VALIDATED,1789018338611
2227574,3,PROCESSED,1789018339261
2227575,1,INITIATED,1789018338609
2227575,2,VALIDATED,1789018339258
2227575,3,PROCESSED,1789018340109
2227576,1,INITIATED,1789018338609
2227576,2,VALIDATED,1789018339258
2227576,3,PROCESSED,1789018339921
2227577,1,INITIATED,1789018338610
2227577,2,VALIDATED,1789018339257
2227577,3,PROCESSED,1789018339921
2227578,1,INITIATED,1789018338815
2227578,2,VALIDATED,1789018339394
2227578,3,PROCESSED,1789018340092
2227579,1,INITIATED,1789018338813
2227579,2,VALIDATED,1789018339260
2227579,3,PROCESSED,1789018339439
2227580,1,INITIATED,1789018338815
2227580,2,VALIDATED,1789018339919
2227580,3,PROCESSED,1789018340644
2227581,1,INITIATED,1789018338816
2227581,2,VALIDATED,1789018339436
2227581,3,PROCESSED,1789018340094
2227582,1,INITIATED,1789018338816
2227582,2,VALIDATED,1789018339395
2227582,3,PROCESSED,1789018340096
2227583,1,INITIATED,1789018338816
2227583,2,VALIDATED,1789018339396
2227583,3,PROCESSED,1789018340096
2227584,1,INITIATED,1789018338817
2227584,2,VALIDATED,1789018339395
2227584,3,PROCESSED,1789018340094
2227585,1,INITIATED,1789018338817
2227585,2,VALIDATED,1789018339436
2227585,3,PROCESSED,1789018340095
2227586,1,INITIATED,1789018338817
2227586,2,VALIDATED,1789018339394
2227586,3,PROCESSED,1789018340095
2227587,1,INITIATED,1789018338817
2227587,2,VALIDATED,1789018339259
2227587,3,PROCESSED,1789018339921
2227588,1,INITIATED,1789018338817
2227588,2,VALIDATED,1789018339396
2227588,3,PROCESSED,1789018340095
2227589,1,INITIATED,1789018338818
2227589,2,VALIDATED,1789018339396
2227589,3,PROCESSED,1789018340096
2227590,1,INITIATED,1789018338816
2227590,2,VALIDATED,1789018339258
2227590,3,PROCESSED,1789018339921
2227591,1,INITIATED,1789018338815
2227591,2,VALIDATED,1789018339920
2227591,3,PROCESSED,1789018340643
2227592,1,INITIATED,1789018338815
2227592,2,VALIDATED,1789018339260
2227592,3,PROCESSED,1789018339920
2227593,1,INITIATED,1789018338817
2227593,2,VALIDATED,1789018339394
2227593,3,PROCESSED,1789018340094
2227594,1,INITIATED,1789018338817
2227594,2,VALIDATED,1789018339260
2227594,3,PROCESSED,1789018340096
2227595,1,INITIATED,1789018338816
2227595,2,VALIDATED,1789018339395
2227595,3,PROCESSED,1789018340094
2227596,1,INITIATED,1789018338818
2227596,2,VALIDATED,1789018339260
2227596,3,PROCESSED,1789018339922
2227597,1,INITIATED,1789018338818
2227597,2,VALIDATED,1789018339396
2227597,3,PROCESSED,1789018340096
2227598,1,INITIATED,1789018338817
2227598,2,VALIDATED,1789018339395
2227598,3,PROCESSED,1789018340094
2227599,1,INITIATED,1789018338817
2227599,2,VALIDATED,1789018339395
2227599,3,PROCESSED,1789018340096
2227600,1,INITIATED,1789018338817
2227600,2,VALIDATED,1789018339394
2227600,3,PROCESSED,1789018340093
2227601,1,INITIATED,1789018338818
2227601,2,VALIDATED,1789018339396
2227601,3,PROCESSED,1789018340096
2227602,1,INITIATED,1789018338818
2227602,2,VALIDATED,1789018339438
2227602,3,PROCESSED,1789018340096
2227603,1,INITIATED,1789018338817
2227603,2,VALIDATED,1789018339264
2227603,3,PROCESSED,1789018339920
2227604,1,INITIATED,1789018338818
2227604,2,VALIDATED,1789018339919
2227604,3,PROCESSED,1789018340643
2227605,1,INITIATED,1789018338837
2227605,2,VALIDATED,1789018339438
2227605,3,PROCESSED,1789018340096
2227606,1,INITIATED,1789018339258
2227606,2,VALIDATED,1789018339919
2227606,3,PROCESSED,1789018340643
2227607,1,INITIATED,1789018339257
2227607,2,VALIDATED,1789018339918
2227607,3,PROCESSED,1789018340644
2227608,1,INITIATED,1789018339256
2227608,2,VALIDATED,1789018339917
2227608,3,PROCESSED,1789018341036
2227609,1,INITIATED,1789018339258
2227609,2,VALIDATED,1789018339920
2227609,3,PROCESSED,1789018340644
2227610,1,INITIATED,1789018339258
2227610,2,VALIDATED,1789018339919
2227610,3,PROCESSED,1789018340644
2227611,1,INITIATED,1789018339257
2227611,2,VALIDATED,1789018339917
2227611,3,PROCESSED,1789018340643
2227612,1,INITIATED,1789018339395
2227612,2,VALIDATED,1789018340092
2227612,3,PROCESSED,1789018340501
2227613,1,INITIATED,1789018339438
2227613,2,VALIDATED,1789018340092
2227613,3,PROCESSED,1789018340501
2227614,1,INITIATED,1789018339438
2227614,2,VALIDATED,1789018340093
2227614,3,PROCESSED,1789018341040
2227615,1,INITIATED,1789018339438
2227615,2,VALIDATED,1789018339918
2227615,3,PROCESSED,1789018340644
2227616,1,INITIATED,1789018339438
2227616,2,VALIDATED,1789018340092
2227616,3,PROCESSED,1789018340644
2227617,1,INITIATED,1789018339439
2227617,2,VALIDATED,1789018340092
2227617,3,PROCESSED,1789018340501
2227618,1,INITIATED,1789018339438
2227618,2,VALIDATED,1789018340093
2227618,3,PROCESSED,1789018340501
2227619,1,INITIATED,1789018339438
2227619,2,VALIDATED,1789018339918
2227619,3,PROCESSED,1789018340644
2227620,1,INITIATED,1789018339438
2227620,2,VALIDATED,1789018340093
2227620,3,PROCESSED,1789018340501
2227621,1,INITIATED,1789018339439
2227621,2,VALIDATED,1789018340093
2227621,3,PROCESSED,1789018341042
2227622,1,INITIATED,1789018339439
2227622,2,VALIDATED,1789018340094
2227622,3,PROCESSED,1789018341039
2227623,1,INITIATED,1789018339439
2227623,2,VALIDATED,1789018340091
2227623,3,PROCESSED,1789018340502
2227624,1,INITIATED,1789018339461
2227624,2,VALIDATED,1789018340497
2227624,3,PROCESSED,1789018341205
2227625,1,INITIATED,1789018339461
2227625,2,VALIDATED,1789018340656
2227625,3,PROCESSED,1789018341212
2227626,1,INITIATED,1789018339461
2227626,2,VALIDATED,1789018340499
2227626,3,PROCESSED,1789018341045
2227627,1,INITIATED,1789018339461
2227627,2,VALIDATED,1789018340641
2227627,3,PROCESSED,1789018341041
2227628,1,INITIATED,1789018339916
2227628,2,VALIDATED,1789018340497
2227628,3,PROCESSED,1789018341042
2227629,1,INITIATED,1789018339918
2227629,2,VALIDATED,1789018340641
2227629,3,PROCESSED,1789018341205
2227630,1,INITIATED,1789018339919
2227630,2,VALIDATED,1789018340642
2227630,3,PROCESSED,1789018341041
2227631,1,INITIATED,1789018339918
2227631,2,VALIDATED,1789018340640
2227631,3,PROCESSED,1789018341211
2227632,1,INITIATED,1789018339918
2227632,2,VALIDATED,1789018340641
2227632,3,PROCESSED,1789018341041
2227633,1,INITIATED,1789018339919
2227633,2,VALIDATED,1789018340641
2227633,3,PROCESSED,1789018341211
2227634,1,INITIATED,1789018339918
2227634,2,VALIDATED,1789018340640
2227634,3,PROCESSED,1789018341210
2227635,1,INITIATED,1789018339919
2227635,2,VALIDATED,1789018340641
2227635,3,PROCESSED,1789018341042
2227636,1,INITIATED,1789018339917
2227636,2,VALIDATED,1789018340690
2227636,3,PROCESSED,1789018341211
2227637,1,INITIATED,1789018339916
2227637,2,VALIDATED,1789018340656
2227637,3,PROCESSED,1789018341212
2227638,1,INITIATED,1789018339920
2227638,2,VALIDATED,1789018340642
2227638,3,PROCESSED,1789018341206
2227639,1,INITIATED,1789018339920
2227639,2,VALIDATED,1789018340640
2227639,3,PROCESSED,1789018341206
2227640,1,INITIATED,1789018340091
2227640,2,VALIDATED,1789018340497
2227640,3,PROCESSED,1789018341041
2227641,1,INITIATED,1789018340094
2227641,2,VALIDATED,1789018340656
2227641,3,PROCESSED,1789018341211
2227642,1,INITIATED,1789018340498
2227642,2,VALIDATED,1789018341043
2227642,3,PROCESSED,1789018341777
2227643,1,INITIATED,1789018340498
2227643,2,VALIDATED,1789018341201
2227643,3,PROCESSED,1789018341780
2227644,1,INITIATED,1789018340499
2227644,2,VALIDATED,1789018341041
2227644,3,REJECTED,1789018342163
2227645,1,INITIATED,1789018340499
2227645,2,VALIDATED,1789018341202
2227645,3,REJECTED,1789018342385
2227646,1,INITIATED,1789018340501
2227646,2,VALIDATED,1789018341043
2227646,3,PROCESSED,1789018341778
2227647,1,INITIATED,1789018340497
2227647,2,VALIDATED,1789018341037
2227647,3,PROCESSED,1789018341620
2227648,1,INITIATED,1789018340501
2227648,2,VALIDATED,1789018341200
2227648,3,PROCESSED,1789018341780
2227649,1,INITIATED,1789018340500
2227649,2,VALIDATED,1789018341043
2227649,3,REJECTED,1789018341774
2227650,1,INITIATED,1789018340500
2227650,2,VALIDATED,1789018341043
2227650,3,PROCESSED,1789018341779
2227651,1,INITIATED,1789018340500
2227651,2,VALIDATED,1789018341043
2227651,3,PROCESSED,1789018341779
2227652,1,INITIATED,1789018340499
2227652,2,VALIDATED,1789018341043
2227652,3,PROCESSED,1789018341778
2227653,1,INITIATED,1789018340498
2227653,2,VALIDATED,1789018341038
2227653,3,PROCESSED,1789018341621
2227654,1,INITIATED,1789018340501
2227654,2,VALIDATED,1789018341198
2227654,3,PROCESSED,1789018341779
2227655,1,INITIATED,1789018340499
2227655,2,VALIDATED,1789018341044
2227655,3,PROCESSED,1789018341778
2227656,1,INITIATED,1789018340499
2227656,2,VALIDATED,1789018341205
2227656,3,PROCESSED,1789018341620
2227657,1,INITIATED,1789018340499
2227657,2,VALIDATED,1789018341197
2227657,3,PROCESSED,1789018341779
2227658,1,INITIATED,1789018340497
2227658,2,VALIDATED,1789018341038
2227658,3,PROCESSED,1789018341777
2227659,1,INITIATED,1789018340499
2227659,2,VALIDATED,1789018341198
2227659,3,PROCESSED,1789018341780
2227660,1,INITIATED,1789018340499
2227660,2,VALIDATED,1789018341203
2227660,3,PROCESSED,1789018342170
2227661,1,INITIATED,1789018340498
2227661,2,VALIDATED,1789018341204
2227661,3,PROCESSED,1789018341621
2227662,1,INITIATED,1789018340497
2227662,2,VALIDATED,1789018341035
2227662,3,PROCESSED,1789018342167
2227663,1,INITIATED,1789018340501
2227663,2,VALIDATED,1789018341203
2227663,3,PROCESSED,1789018342168
2227664,1,INITIATED,1789018340517
2227664,2,VALIDATED,1789018341200
2227664,3,PROCESSED,1789018341778
2227665,1,INITIATED,1789018340517
2227665,2,VALIDATED,1789018341198
2227665,3,PROCESSED,1789018341779
2227666,1,INITIATED,1789018340517
2227666,2,VALIDATED,1789018341202
2227666,3,PROCESSED,1789018342737
2227667,1,INITIATED,1789018340517
2227667,2,VALIDATED,1789018341204
2227667,3,PROCESSED,1789018342176
2227668,1,INITIATED,1789018340517
2227668,2,VALIDATED,1789018341201
2227668,3,PROCESSED,1789018341780
2227669,1,INITIATED,1789018340517
2227669,2,VALIDATED,1789018341204
2227669,3,PROCESSED,1789018342176
2227670,1,INITIATED,1789018340517
2227670,2,VALIDATED,1789018341203
2227670,3,PROCESSED,1789018341620
2227671,1,INITIATED,1789018340640
2227671,2,VALIDATED,1789018341034
2227671,3,PROCESSED,1789018341621
2227672,1,INITIATED,1789018340641
2227672,2,VALIDATED,1789018341204
2227672,3,PROCESSED,1789018342169
2227673,1,INITIATED,1789018340641
2227673,2,VALIDATED,1789018341204
2227673,3,PROCESSED,1789018342170
2227674,1,INITIATED,1789018340642
2227674,2,VALIDATED,1789018341203
2227674,3,PROCESSED,1789018342169
2227675,1,INITIATED,1789018340656
2227675,2,VALIDATED,1789018341210
2227675,3,REJECTED,1789018342166
2227676,1,INITIATED,1789018341039
2227676,2,VALIDATED,1789018341622
2227676,3,PROCESSED,1789018342736
2227677,1,INITIATED,1789018341039
2227677,2,VALIDATED,1789018341623
2227677,3,PROCESSED,1789018342733
2227678,1,INITIATED,1789018341033
2227678,2,VALIDATED,1789018341617
2227678,3,PROCESSED,1789018342337
2227679,1,INITIATED,1789018341035
2227679,2,VALIDATED,1789018341616
2227679,3,PROCESSED,1789018342336
2227680,1,INITIATED,1789018341033
2227680,2,VALIDATED,1789018341617
2227680,3,PROCESSED,1789018343255
2227681,1,INITIATED,1789018341034
2227681,2,VALIDATED,1789018341618
2227681,3,PROCESSED,1789018341779
2227682,1,INITIATED,1789018341033
2227682,2,VALIDATED,1789018341616
2227682,3,PROCESSED,1789018343255
2227683,1,INITIATED,1789018341035
2227683,2,VALIDATED,1789018341623
2227683,3,PROCESSED,1789018343259
2227684,1,INITIATED,1789018341036
2227684,2,VALIDATED,1789018341617
2227684,3,PROCESSED,1789018342336
2227685,1,INITIATED,1789018341034
2227685,2,VALIDATED,1789018341614
2227685,3,PROCESSED,1789018342336
2227686,1,INITIATED,1789018341033
2227686,2,VALIDATED,1789018341617
2227686,3,PROCESSED,1789018343256
2227687,1,INITIATED,1789018341037
2227687,2,VALIDATED,1789018341623
2227687,3,PROCESSED,1789018342734
2227688,1,INITIATED,1789018341035
2227688,2,VALIDATED,1789018341622
2227688,3,PROCESSED,1789018341780
2227689,1,INITIATED,1789018341033
2227689,2,VALIDATED,1789018341619
2227689,3,PROCESSED,1789018342337
2227690,1,INITIATED,1789018341036
2227690,2,VALIDATED,1789018341622
2227690,3,PROCESSED,1789018342739
2227691,1,INITIATED,1789018341038
2227691,2,VALIDATED,1789018341615
2227691,3,PROCESSED,1789018342337
2227692,1,INITIATED,1789018341035
2227692,2,VALIDATED,1789018341622
2227692,3,PROCESSED,1789018342737
2227693,1,INITIATED,1789018341041
2227693,2,VALIDATED,1789018341622
2227693,3,PROCESSED,1789018341780
2227694,1,INITIATED,1789018341041
2227694,2,VALIDATED,1789018341622
2227694,3,PROCESSED,1789018342736
2227695,1,INITIATED,1789018341041
2227695,2,VALIDATED,1789018341775
2227695,3,PROCESSED,1789018342738
2227696,1,INITIATED,1789018341197
2227696,2,VALIDATED,1789018341776
2227696,3,PROCESSED,1789018343259
2227697,1,INITIATED,1789018341198
2227697,2,VALIDATED,1789018341774
2227697,3,PROCESSED,1789018342740
2227698,1,INITIATED,1789018341199
2227698,2,VALIDATED,1789018342335
2227698,3,PROCESSED,1789018343259
2227699,1,INITIATED,1789018341199
2227699,2,VALIDATED,1789018341775
2227699,3,PROCESSED,1789018342739
2227700,1,INITIATED,1789018341203
2227700,2,VALIDATED,1789018342166
2227700,3,PROCESSED,1789018342337
2227701,1,INITIATED,1789018341202
2227701,2,VALIDATED,1789018341776
2227701,3,PROCESSED,1789018342167
2227702,1,INITIATED,1789018341204
2227702,2,VALIDATED,1789018342160
2227702,3,PROCESSED,1789018343255
2227703,1,INITIATED,1789018341206
2227703,2,VALIDATED,1789018342160
2227703,3,PROCESSED,1789018342337
2227704,1,INITIATED,1789018341210
2227704,2,VALIDATED,1789018342168
2227704,3,PROCESSED,1789018343250
2227705,1,INITIATED,1789018341614
2227705,2,VALIDATED,1789018342334
2227705,3,PROCESSED,1789018342739
2227706,1,INITIATED,1789018341613
2227706,2,VALIDATED,1789018342330
2227706,3,PROCESSED,1789018343258
2227707,1,INITIATED,1789018341619
2227707,2,VALIDATED,1789018342333
2227707,3,PROCESSED,1789018343259
2227708,1,INITIATED,1789018341613
2227708,2,VALIDATED,1789018342325
2227708,3,PROCESSED,1789018343411
2227709,1,INITIATED,1789018341619
2227709,2,VALIDATED,1789018342332
2227709,3,PROCESSED,1789018342739
2227710,1,INITIATED,1789018341613
2227710,2,VALIDATED,1789018342333
2227710,3,PROCESSED,1789018343257
2227711,1,INITIATED,1789018341619
2227711,2,VALIDATED,1789018342385
2227711,3,PROCESSED,1789018342918
2227712,1,INITIATED,1789018341618
2227712,2,VALIDATED,1789018342923
2227712,3,PROCESSED,1789018344493
2227713,1,INITIATED,1789018341617
2227713,2,VALIDATED,1789018341776
2227713,3,PROCESSED,1789018342739
2227714,1,INITIATED,1789018341619
2227714,2,VALIDATED,1789018342331
2227714,3,PROCESSED,1789018343259
2227715,1,INITIATED,1789018341614
2227715,2,VALIDATED,1789018342333
2227715,3,PROCESSED,1789018343256
2227716,1,INITIATED,1789018341613
2227716,2,VALIDATED,1789018342331
2227716,3,PROCESSED,1789018343256
2227717,1,INITIATED,1789018341617
2227717,2,VALIDATED,1789018342925
2227717,3,PROCESSED,1789018344498
2227718,1,INITIATED,1789018341618
2227718,2,VALIDATED,1789018342334
2227718,3,PROCESSED,1789018342740
2227719,1,INITIATED,1789018341619
2227719,2,VALIDATED,1789018342335
2227719,3,PROCESSED,1789018342739
2227720,1,INITIATED,1789018341613
2227720,2,VALIDATED,1789018342331
2227720,3,PROCESSED,1789018343259
2227721,1,INITIATED,1789018341773
2227721,2,VALIDATED,1789018342727
2227721,3,PROCESSED,1789018343923
2227722,1,INITIATED,1789018341774
2227722,2,VALIDATED,1789018342727
2227722,3,PROCESSED,1789018343921
2227723,1,INITIATED,1789018341773
2227723,2,VALIDATED,1789018343258
2227723,3,PROCESSED,1789018343918
2227724,1,INITIATED,1789018341773
2227724,2,VALIDATED,1789018342733
2227724,3,PROCESSED,1789018343921
2227725,1,INITIATED,1789018341774
2227725,2,VALIDATED,1789018342731
2227725,3,PROCESSED,1789018343923
2227726,1,INITIATED,1789018341773
2227726,2,VALIDATED,1789018342726
2227726,3,PROCESSED,1789018344497
2227727,1,INITIATED,1789018341776
2227727,2,VALIDATED,1789018342730
2227727,3,PROCESSED,1789018344504
2227728,1,INITIATED,1789018342157
2227728,2,VALIDATED,1789018343411
2227728,3,PROCESSED,1789018343924
2227729,1,INITIATED,1789018342167
2227729,2,VALIDATED,1789018342924
2227729,3,PROCESSED,1789018344130
2227730,1,INITIATED,1789018342159
2227730,2,VALIDATED,1789018342333
2227730,3,PROCESSED,1789018343258
2227731,1,INITIATED,1789018342160
2227731,2,VALIDATED,1789018343920
2227731,3,PROCESSED,1789018344130
2227732,1,INITIATED,1789018342162
2227732,2,VALIDATED,1789018342921
2227732,3,PROCESSED,1789018344129
2227733,1,INITIATED,1789018342168
2227733,2,VALIDATED,1789018342924
2227733,3,PROCESSED,1789018344495
2227734,1,INITIATED,1789018342165
2227734,2,VALIDATED,1789018342335
2227734,3,PROCESSED,1789018343257
2227735,1,INITIATED,1789018342168
2227735,2,VALIDATED,1789018342332
2227735,3,PROCESSED,1789018343257
2227736,1,INITIATED,1789018342157
2227736,2,VALIDATED,1789018342924
2227736,3,PROCESSED,1789018344497
2227737,1,INITIATED,1789018342167
2227737,2,VALIDATED,1789018342922
2227737,3,PROCESSED,1789018344131
2227738,1,INITIATED,1789018342157
2227738,2,VALIDATED,1789018344792
2227738,3,PROCESSED,1789018345039
2227739,1,INITIATED,1789018342165
2227739,2,VALIDATED,1789018343256
2227739,3,PROCESSED,1789018344497
2227740,1,INITIATED,1789018342166
2227740,2,VALIDATED,1789018342332
2227740,3,PROCESSED,1789018343253
2227741,1,INITIATED,1789018342161
2227741,2,VALIDATED,1789018343917
2227741,3,PROCESSED,1789018344783
2227742,1,INITIATED,1789018342158
2227742,2,VALIDATED,1789018342873
2227742,3,PROCESSED,1789018343924
2227743,1,INITIATED,1789018342157
2227743,2,VALIDATED,1789018342873
2227743,3,PROCESSED,1789018344504
2227744,1,INITIATED,1789018342159
2227744,2,VALIDATED,1789018343247
2227744,3,PROCESSED,1789018344497
2227745,1,INITIATED,1789018342169
2227745,2,VALIDATED,1789018342925
2227745,3,PROCESSED,1789018344985
2227746,1,INITIATED,1789018342169
2227746,2,VALIDATED,1789018342925
2227746,3,PROCESSED,1789018344495
2227747,1,INITIATED,1789018342169
2227747,2,VALIDATED,1789018342926
2227747,3,PROCESSED,1789018344498
2227748,1,INITIATED,1789018342335
2227748,2,VALIDATED,1789018343254
2227748,3,PROCESSED,1789018344805
2227749,1,INITIATED,1789018342383
2227749,2,VALIDATED,1789018342875
2227749,3,PROCESSED,1789018343925
2227750,1,INITIATED,1789018342385
2227750,2,VALIDATED,1789018342874
2227750,3,PROCESSED,1789018343924
2227751,1,INITIATED,1789018342381
2227751,2,VALIDATED,1789018344493
2227751,3,PROCESSED,1789018344961
2227752,1,INITIATED,1789018342381
2227752,2,VALIDATED,1789018342874
2227752,3,PROCESSED,1789018343924
2227753,1,INITIATED,1789018342726
2227753,2,VALIDATED,1789018344983
2227753,3,PROCESSED,1789018345067
2227754,1,INITIATED,1789018342727
2227754,2,VALIDATED,1789018343920
2227754,3,PROCESSED,1789018344783
2227755,1,INITIATED,1789018342726
2227755,2,VALIDATED,1789018342872
2227755,3,PROCESSED,1789018344131
2227756,1,INITIATED,1789018342730
2227756,2,VALIDATED,1789018343918
2227756,3,PROCESSED,1789018344781
2227757,1,INITIATED,1789018342734
2227757,2,VALIDATED,1789018342871
2227757,3,PROCESSED,1789018343924
2227758,1,INITIATED,1789018342745
2227758,2,VALIDATED,1789018344121
2227758,3,REJECTED,1789018344780
2227759,1,INITIATED,1789018342866
2227759,2,VALIDATED,1789018344128
2227759,3,REJECTED,1789018344789
2227760,1,INITIATED,1789018342867
2227760,2,VALIDATED,1789018344125
2227760,3,REJECTED,1789018344982
2227761,1,INITIATED,1789018342871
2227761,2,VALIDATED,1789018343922
2227761,3,REJECTED,1789018344778
2227762,1,INITIATED,1789018342869
2227762,2,VALIDATED,1789018344127
2227762,3,PROCESSED,1789018344803
2227763,1,INITIATED,1789018342875
2227763,2,VALIDATED,1789018344124
2227763,3,PROCESSED,1789018344791
2227764,1,INITIATED,1789018342874
2227764,2,VALIDATED,1789018343919
2227764,3,PROCESSED,1789018344131
2227765,1,INITIATED,1789018342875
2227765,2,VALIDATED,1789018344541
2227765,3,PROCESSED,1789018344970
2227766,1,INITIATED,1789018342875
2227766,2,VALIDATED,1789018343920
2227766,3,PROCESSED,1789018344783
2227767,1,INITIATED,1789018342874
2227767,2,VALIDATED,1789018343921
2227767,3,PROCESSED,1789018344130
2227768,1,INITIATED,1789018342874
2227768,2,VALIDATED,1789018344127
2227768,3,PROCESSED,1789018345057
2227769,1,INITIATED,1789018342876
2227769,2,VALIDATED,1789018344124
2227769,3,PROCESSED,1789018344804
2227770,1,INITIATED,1789018342875
2227770,2,VALIDATED,1789018344126
2227770,3,PROCESSED,1789018344800
2227771,1,INITIATED,1789018342875
2227771,2,VALIDATED,1789018343922
2227771,3,PROCESSED,1789018344966
2227772,1,INITIATED,1789018342876
2227772,2,VALIDATED,1789018344124
2227772,3,PROCESSED,1789018344784
2227773,1,INITIATED,1789018342881
2227773,2,VALIDATED,1789018344125
2227773,3,PROCESSED,1789018344986
2227774,1,INITIATED,1789018342881
2227774,2,VALIDATED,1789018344128
2227774,3,PROCESSED,1789018344985
2227775,1,INITIATED,1789018342881
2227775,2,VALIDATED,1789018344128
2227775,3,PROCESSED,1789018344498
2227776,1,INITIATED,1789018342881
2227776,2,VALIDATED,1789018344124
2227776,3,PROCESSED,1789018344804
2227777,1,INITIATED,1789018342882
2227777,2,VALIDATED,1789018344123
2227777,3,PROCESSED,1789018344791
2227778,1,INITIATED,1789018342882
2227778,2,VALIDATED,1789018344777
2227778,3,PROCESSED,1789018344803
2227779,1,INITIATED,1789018342882
2227779,2,VALIDATED,1789018344122
2227779,3,PROCESSED,1789018344784
2227780,1,INITIATED,1789018342882
2227780,2,VALIDATED,1789018344128
2227780,3,PROCESSED,1789018344795
2227781,1,INITIATED,1789018342882
2227781,2,VALIDATED,1789018344126
2227781,3,PROCESSED,1789018344796
2227782,1,INITIATED,1789018342925
2227782,2,VALIDATED,1789018343411
2227782,3,PROCESSED,1789018343923
2227783,1,INITIATED,1789018343253
2227783,2,VALIDATED,1789018344493
2227783,3,PROCESSED,1789018344835
2227784,1,INITIATED,1789018343252
2227784,2,VALIDATED,1789018344492
2227784,3,PROCESSED,1789018344805
2227785,1,INITIATED,1789018343257
2227785,2,VALIDATED,1789018343411
2227785,3,PROCESSED,1789018344544
2227786,1,INITIATED,1789018343410
2227786,2,VALIDATED,1789018343922
2227786,3,PROCESSED,1789018344782
2227787,1,INITIATED,1789018343410
2227787,2,VALIDATED,1789018344505
2227787,3,PROCESSED,1789018344962
2227788,1,INITIATED,1789018343410
2227788,2,VALIDATED,1789018344497
2227788,3,PROCESSED,1789018344832
2227789,1,INITIATED,1789018343410
2227789,2,VALIDATED,1789018344503
2227789,3,PROCESSED,1789018344968
2227790,1,INITIATED,1789018343411
2227790,2,VALIDATED,1789018343921
2227790,3,PROCESSED,1789018344966
2227791,1,INITIATED,1789018343411
2227791,2,VALIDATED,1789018344502
2227791,3,PROCESSED,1789018344971
2227792,1,INITIATED,1789018343411
2227792,2,VALIDATED,1789018344540
2227792,3,PROCESSED,1789018344970
2227793,1,INITIATED,1789018343411
2227793,2,VALIDATED,1789018343920
2227793,3,PROCESSED,1789018344783
2227794,1,INITIATED,1789018343411
2227794,2,VALIDATED,1789018343919
2227794,3,PROCESSED,1789018344969
2227795,1,INITIATED,1789018343427
2227795,2,VALIDATED,1789018344542
2227795,3,PROCESSED,1789018344785
2227796,1,INITIATED,1789018343426
2227796,2,VALIDATED,1789018343919
2227796,3,PROCESSED,1789018344784
2227797,1,INITIATED,1789018343427
2227797,2,VALIDATED,1789018344779
2227797,3,PROCESSED,1789018344805
2227798,1,INITIATED,1789018343427
2227798,2,VALIDATED,1789018344542
2227798,3,PROCESSED,1789018344969
2227799,1,INITIATED,1789018343426
2227799,2,VALIDATED,1789018344502
2227799,3,PROCESSED,1789018344969
2227800,1,INITIATED,1789018343485
2227800,2,VALIDATED,1789018344540
2227800,3,PROCESSED,1789018344971
2227801,1,INITIATED,1789018343426
2227801,2,VALIDATED,1789018344542
2227801,3,PROCESSED,1789018344972
2227802,1,INITIATED,1789018343426
2227802,2,VALIDATED,1789018344494
2227802,3,PROCESSED,1789018344964
2227803,1,INITIATED,1789018343485
2227803,2,VALIDATED,1789018344541
2227803,3,PROCESSED,1789018344969
2227804,1,INITIATED,1789018343485
2227804,2,VALIDATED,1789018344549
2227804,3,PROCESSED,1789018344977
2227805,1,INITIATED,1789018343487
2227805,2,VALIDATED,1789018344128
2227805,3,PROCESSED,1789018345023
2227806,1,INITIATED,1789018343487
2227806,2,VALIDATED,1789018344776
2227806,3,PROCESSED,1789018344985
2227807,1,INITIATED,1789018343488
2227807,2,VALIDATED,1789018344781
2227807,3,PROCESSED,1789018344795
2227808,1,INITIATED,1789018343487
2227808,2,VALIDATED,1789018344833
2227808,3,PROCESSED,1789018345051
2227809,1,INITIATED,1789018343485
2227809,2,VALIDATED,1789018344556
2227809,3,PROCESSED,1789018344980
2227810,1,INITIATED,1789018343485
2227810,2,VALIDATED,1789018344543
2227810,3,PROCESSED,1789018344968
2227811,1,INITIATED,1789018343922
2227811,2,VALIDATED,1789018344782
2227811,3,PROCESSED,1789018344805
2227812,1,INITIATED,1789018344123
2227812,2,VALIDATED,1789018344781
2227812,3,PROCESSED,1789018344802
2227813,1,INITIATED,1789018344127
2227813,2,VALIDATED,1789018344789
2227813,3,PROCESSED,1789018345040
2227814,1,INITIATED,1789018344128
2227814,2,VALIDATED,1789018344787
2227814,3,PROCESSED,1789018344804
2227815,1,INITIATED,1789018344125
2227815,2,VALIDATED,1789018344493
2227815,3,PROCESSED,1789018344834
2227816,1,INITIATED,1789018344126
2227816,2,VALIDATED,1789018344792
2227816,3,PROCESSED,1789018345041
2227817,1,INITIATED,1789018344129
2227817,2,VALIDATED,1789018344494
2227817,3,PROCESSED,1789018345041
2227818,1,INITIATED,1789018344129
2227818,2,VALIDATED,1789018344979
2227818,3,PROCESSED,1789018345062
2227819,1,INITIATED,1789018344130
2227819,2,VALIDATED,1789018344492
2227819,3,PROCESSED,1789018344806
2227820,1,INITIATED,1789018344130
2227820,2,VALIDATED,1789018344790
2227820,3,PROCESSED,1789018345040
2227821,1,INITIATED,1789018344131
2227821,2,VALIDATED,1789018344491
2227821,3,PROCESSED,1789018344805
2227822,1,INITIATED,1789018344131
2227822,2,VALIDATED,1789018344789
2227822,3,PROCESSED,1789018345040
2227823,1,INITIATED,1789018344131
2227823,2,VALIDATED,1789018344787
2227823,3,PROCESSED,1789018345023
2227824,1,INITIATED,1789018344190
2227824,2,VALIDATED,1789018344800
2227824,3,PROCESSED,1789018345066
2227825,1,INITIATED,1789018344492
2227825,2,VALIDATED,1789018344830
2227825,3,PROCESSED,1789018345046
2227826,1,INITIATED,1789018344498
2227826,2,VALIDATED,1789018345039
2227826,3,PROCESSED,1789018345077
2227827,1,INITIATED,1789018344496
2227827,2,VALIDATED,1789018344836
2227827,3,PROCESSED,1789018345056
2227828,1,INITIATED,1789018344494
2227828,2,VALIDATED,1789018344834
2227828,3,PROCESSED,1789018345051
2227829,1,INITIATED,1789018344493
2227829,2,VALIDATED,1789018344833
2227829,3,PROCESSED,1789018345052
2227830,1,INITIATED,1789018344491
2227830,2,VALIDATED,1789018344801
2227830,3,PROCESSED,1789018345064
2227831,1,INITIATED,1789018344496
2227831,2,VALIDATED,1789018344822
2227831,3,PROCESSED,1789018345041
2227832,1,INITIATED,1789018344496
2227832,2,VALIDATED,1789018344822
2227832,3,PROCESSED,1789018345054
2227833,1,INITIATED,1789018344497
2227833,2,VALIDATED,1789018344822
2227833,3,PROCESSED,1789018345040
2227834,1,INITIATED,1789018344494
2227834,2,VALIDATED,1789018344832
2227834,3,PROCESSED,1789018345051
2227835,1,INITIATED,1789018344496
2227835,2,VALIDATED,1789018344836
2227835,3,PROCESSED,1789018345059
2227836,1,INITIATED,1789018344491
2227836,2,VALIDATED,1789018344821
2227836,3,PROCESSED,1789018345041
2227837,1,INITIATED,1789018344497
2227837,2,VALIDATED,1789018344832
2227837,3,PROCESSED,1789018345053
2227838,1,INITIATED,1789018344502
2227838,2,VALIDATED,1789018344836
2227838,3,PROCESSED,1789018345076
2227839,1,INITIATED,1789018344543
2227839,2,VALIDATED,1789018344965
2227839,3,PROCESSED,1789018345057
2227840,1,INITIATED,1789018344541
2227840,2,VALIDATED,1789018344835
2227840,3,PROCESSED,1789018345074
2227841,1,INITIATED,1789018344540
2227841,2,VALIDATED,1789018344965
2227841,3,PROCESSED,1789018345055
2227842,1,INITIATED,1789018344541
2227842,2,VALIDATED,1789018344836
2227842,3,PROCESSED,1789018345056
2227843,1,INITIATED,1789018344541
2227843,2,VALIDATED,1789018344835
2227843,3,PROCESSED,1789018345049
2227844,1,INITIATED,1789018344543
2227844,2,VALIDATED,1789018344836
2227844,3,PROCESSED,1789018345049
2227845,1,INITIATED,1789018344543
2227845,2,VALIDATED,1789018344781
2227845,3,PROCESSED,1789018344806
2227846,1,INITIATED,1789018344542
2227846,2,VALIDATED,1789018344967
2227846,3,PROCESSED,1789018345059
2227847,1,INITIATED,1789018344544
2227847,2,VALIDATED,1789018344835
2227847,3,PROCESSED,1789018345053
2227848,1,INITIATED,1789018344544
2227848,2,VALIDATED,1789018344779
2227848,3,PROCESSED,1789018344803
2227849,1,INITIATED,1789018344542
2227849,2,VALIDATED,1789018344836
2227849,3,PROCESSED,1789018345050
2227850,1,INITIATED,1789018344543
2227850,2,VALIDATED,1789018344779
2227850,3,PROCESSED,1789018344804
2227851,1,INITIATED,1789018344544
2227851,2,VALIDATED,1789018344971
2227851,3,PROCESSED,1789018345057
2227852,1,INITIATED,1789018344543
2227852,2,VALIDATED,1789018344968
2227852,3,PROCESSED,1789018344985
2227853,1,INITIATED,1789018344544
2227853,2,VALIDATED,1789018344967
2227853,3,PROCESSED,1789018345051
2227854,1,INITIATED,1789018344543
2227854,2,VALIDATED,1789018344962
2227854,3,PROCESSED,1789018345072
2227855,1,INITIATED,1789018344548
2227855,2,VALIDATED,1789018344974
2227855,3,PROCESSED,1789018345060
2227856,1,INITIATED,1789018344548
2227856,2,VALIDATED,1789018344973
2227856,3,REJECTED,1789018345055
2227857,1,INITIATED,1789018344548
2227857,2,VALIDATED,1789018344974
2227857,3,REJECTED,1789018345056
2227858,1,INITIATED,1789018344548
2227858,2,VALIDATED,1789018344975
2227858,3,REJECTED,1789018345052
2227859,1,INITIATED,1789018344548
2227859,2,VALIDATED,1789018344981
2227859,3,PROCESSED,1789018345041
2227860,1,INITIATED,1789018344548
2227860,2,VALIDATED,1789018344972
2227860,3,REJECTED,1789018344985
2227861,1,INITIATED,1789018344557
2227861,2,VALIDATED,1789018344983
2227861,3,PROCESSED,1789018345040
2227862,1,INITIATED,1789018344555
2227862,2,VALIDATED,1789018344981
2227862,3,PROCESSED,1789018345065
2227863,1,INITIATED,1789018344556
2227863,2,VALIDATED,1789018344976
2227863,3,PROCESSED,1789018345062
2227864,1,INITIATED,1789018344782
2227864,2,VALIDATED,1789018344984
2227864,3,PROCESSED,1789018345064
2227865,1,INITIATED,1789018344783
2227865,2,VALIDATED,1789018345054
2227865,3,PROCESSED,1789018345079
2227866,1,INITIATED,1789018344782
2227866,2,VALIDATED,1789018345022
2227866,3,PROCESSED,1789018345081
2227867,1,INITIATED,1789018344782
2227867,2,VALIDATED,1789018345022
2227867,3,PROCESSED,1789018345069
2227868,1,INITIATED,1789018344776
2227868,2,VALIDATED,1789018344982
2227868,3,PROCESSED,1789018345062
2227869,1,INITIATED,1789018344776
2227869,2,VALIDATED,1789018344981
2227869,3,PROCESSED,1789018345065
2227870,1,INITIATED,1789018344782
2227870,2,VALIDATED,1789018344984
2227870,3,PROCESSED,1789018345041
2227871,1,INITIATED,1789018344780
2227871,2,VALIDATED,1789018344792
2227871,3,PROCESSED,1789018345039
2227872,1,INITIATED,1789018344782
2227872,2,VALIDATED,1789018345052
2227872,3,PROCESSED,1789018345080
2227873,1,INITIATED,1789018344777
2227873,2,VALIDATED,1789018344984
2227873,3,PROCESSED,1789018345068
2227874,1,INITIATED,1789018344785
2227874,2,VALIDATED,1789018345021
2227874,3,PROCESSED,1789018345067
2227875,1,INITIATED,1789018344785
2227875,2,VALIDATED,1789018344796
2227875,3,PROCESSED,1789018344833
2227876,1,INITIATED,1789018344785
2227876,2,VALIDATED,1789018345022
2227876,3,PROCESSED,1789018345066
2227877,1,INITIATED,1789018344794
2227877,2,VALIDATED,1789018345036
2227877,3,PROCESSED,1789018345089
2227878,1,INITIATED,1789018344795
2227878,2,VALIDATED,1789018345058
2227878,3,PROCESSED,1789018345083
2227879,1,INITIATED,1789018344793
2227879,2,VALIDATED,1789018345037
2227879,3,PROCESSED,1789018345078
2227880,1,INITIATED,1789018344797
2227880,2,VALIDATED,1789018344835
2227880,3,PROCESSED,1789018345050
2227881,1,INITIATED,1789018344794
2227881,2,VALIDATED,1789018345039
2227881,3,PROCESSED,1789018345078
2227882,1,INITIATED,1789018344793
2227882,2,VALIDATED,1789018345038
2227882,3,PROCESSED,1789018345085
2227883,1,INITIATED,1789018344795
2227883,2,VALIDATED,1789018345035
2227883,3,PROCESSED,1789018345079
2227884,1,INITIATED,1789018344797
2227884,2,VALIDATED,1789018345037
2227884,3,PROCESSED,1789018345050
2227885,1,INITIATED,1789018344795
2227885,2,VALIDATED,1789018345036
2227885,3,PROCESSED,1789018345075
2227886,1,INITIATED,1789018344796
2227886,2,VALIDATED,1789018345039
2227886,3,PROCESSED,1789018345071
2227887,1,INITIATED,1789018344797
2227887,2,VALIDATED,1789018345037
2227887,3,PROCESSED,1789018345075
2227888,1,INITIATED,1789018344798
2227888,2,VALIDATED,1789018345061
2227888,3,PROCESSED,1789018345075
2227889,1,INITIATED,1789018344798
2227889,2,VALIDATED,1789018345036
2227889,3,PROCESSED,1789018345059
2227890,1,INITIATED,1789018344801
2227890,2,VALIDATED,1789018345039
2227890,3,PROCESSED,1789018345073
2227891,1,INITIATED,1789018344821
2227891,2,VALIDATED,1789018345039
2227891,3,PROCESSED,1789018345079
2227892,1,INITIATED,1789018344822
2227892,2,VALIDATED,1789018345038
2227892,3,PROCESSED,1789018345057
2227893,1,INITIATED,1789018344971
2227893,2,VALIDATED,1789018345048
2227893,3,PROCESSED,1789018345080
2227894,1,INITIATED,1789018344976
2227894,2,VALIDATED,1789018345055
2227894,3,PROCESSED,1789018345082
2227895,1,INITIATED,1789018344977
2227895,2,VALIDATED,1789018345056
2227895,3,PROCESSED,1789018345068
2227896,1,INITIATED,1789018344977
2227896,2,VALIDATED,1789018345055
2227896,3,PROCESSED,1789018345082
2227897,1,INITIATED,1789018344979
2227897,2,VALIDATED,1789018345063
2227897,3,PROCESSED,1789018345077
2227898,1,INITIATED,1789018344982
2227898,2,VALIDATED,1789018345038
2227898,3,PROCESSED,1789018345077
2227899,1,INITIATED,1789018344985
2227899,2,VALIDATED,1789018345061
2227899,3,PROCESSED,1789018345089
2227900,1,INITIATED,1789018344978
2227900,2,VALIDATED,1789018345058
2227900,3,PROCESSED,1789018345088
2227901,1,INITIATED,1789018344984
2227901,2,VALIDATED,1789018345062
2227901,3,PROCESSED,1789018345077
2227902,1,INITIATED,1789018344985
2227902,2,VALIDATED,1789018345038
2227902,3,PROCESSED,1789018345089
2227903,1,INITIATED,1789018344978
2227903,2,VALIDATED,1789018345057
2227903,3,PROCESSED,1789018345084
2227904,1,INITIATED,1789018344981
2227904,2,VALIDATED,1789018345037
2227904,3,PROCESSED,1789018345074
2227905,1,INITIATED,1789018344980
2227905,2,VALIDATED,1789018345058
2227905,3,PROCESSED,1789018345087
2227906,1,INITIATED,1789018345021
2227906,2,VALIDATED,1789018345065
2227906,3,PROCESSED,1789018345089
2227907,1,INITIATED,1789018345021
2227907,2,VALIDATED,1789018345074
2227907,3,PROCESSED,1789018345086
2227908,1,INITIATED,1789018345034
2227908,2,VALIDATED,1789018345063
2227908,3,PROCESSED,1789018345088
2227909,1,INITIATED,1789018345035
2227909,2,VALIDATED,1789018345073
2227909,3,PROCESSED,1789018345086
2227910,1,INITIATED,1789018345046
2227910,2,VALIDATED,1789018345071
2227910,3,PROCESSED,1789018345089
2227911,1,INITIATED,1789018345047
2227911,2,VALIDATED,1789018345072
2227911,3,PROCESSED,1789018345083
2227912,1,INITIATED,1789018345047
2227912,2,VALIDATED,1789018345085
2227912,3,PROCESSED,1789018345125
2227913,1,INITIATED,1789018345046
2227913,2,VALIDATED,1789018345071
2227913,3,PROCESSED,1789018345088
2227914,1,INITIATED,1789018345048
2227914,2,VALIDATED,1789018345071
2227914,3,PROCESSED,1789018345090
2227915,1,INITIATED,1789018345046
2227915,2,VALIDATED,1789018345086
2227915,3,PROCESSED,1789018345125
2227916,1,INITIATED,1789018345048
2227916,2,VALIDATED,1789018345070
2227916,3,PROCESSED,1789018345089
2227917,1,INITIATED,1789018345053
2227917,2,VALIDATED,1789018345076
2227917,3,PROCESSED,1789018345089
2227918,1,INITIATED,1789018345054
2227918,2,VALIDATED,1789018345063
2227918,3,PROCESSED,1789018345084
2227919,1,INITIATED,1789018345060
2227919,2,VALIDATED,1789018345070
2227919,3,PROCESSED,1789018345087
2227920,1,INITIATED,1789018345065
2227920,2,VALIDATED,1789018345081
2227920,3,PROCESSED,1789018345089
2227921,1,INITIATED,1789018345074
2227921,2,VALIDATED,1789018345087
2227921,3,PROCESSED,1789018345125
2227922,1,INITIATED,1789018345084
2227922,2,VALIDATED,1789018345124
2227922,3,PROCESSED,1789018345132
2227923,1,INITIATED,1789018345100
2227923,2,VALIDATED,1789018345124
2227923,3,PROCESSED,1789018345132
2227924,1,INITIATED,1789018345121
2227924,2,VALIDATED,1789018345125
2227924,3,PROCESSED,1789018345132
2227925,1,INITIATED,1789018345141
2227925,2,VALIDATED,1789018345153
2227925,3,PROCESSED,1789018345157
2227926,1,INITIATED,1789018345160
2227926,2,VALIDATED,1789018345165
2227926,3,PROCESSED,1789018345168
2227927,1,INITIATED,1789018345181
2227927,2,VALIDATED,1789018345184
2227927,3,PROCESSED,1789018345188
2227928,1,INITIATED,1789018345200
2227928,2,VALIDATED,1789018345203
2227928,3,PROCESSED,1789018345206
2227929,1,INITIATED,1789018345220
2227929,2,VALIDATED,1789018345222
2227929,3,PROCESSED,1789018345225
2227930,1,INITIATED,1789018345240
2227930,2,VALIDATED,1789018345243
2227930,3,PROCESSED,1789018345245
2227931,1,INITIATED,1789018345260
2227931,2,VALIDATED,1789018345263
2227931,3,PROCESSED,1789018345265
2227932,1,INITIATED,1789018345281
2227932,2,VALIDATED,1789018345284
2227932,3,PROCESSED,1789018345287
2227933,1,INITIATED,1789018345300
2227933,2,VALIDATED,1789018345304
2227933,3,PROCESSED,1789018345307
2227934,1,INITIATED,1789018345320
2227934,2,VALIDATED,1789018345322
2227934,3,PROCESSED,1789018345325
2227935,1,INITIATED,1789018345341
2227935,2,VALIDATED,1789018345343
2227935,3,PROCESSED,1789018345346
2227936,1,INITIATED,1789018345361
2227936,2,VALIDATED,1789018345365
2227936,3,PROCESSED,1789018345370
2227937,1,INITIATED,1789018345381
2227937,2,VALIDATED,1789018345385
2227937,3,PROCESSED,1789018345390
2227938,1,INITIATED,1789018345400
2227938,2,VALIDATED,1789018345402
2227938,3,PROCESSED,1789018345405
2227939,1,INITIATED,1789018345421
2227939,2,VALIDATED,1789018345423
2227939,3,PROCESSED,1789018345426
2227940,1,INITIATED,1789018345440
2227940,2,VALIDATED,1789018345442
2227940,3,PROCESSED,1789018345445
2227941,1,INITIATED,1789018345460
2227941,2,VALIDATED,1789018345463
2227941,3,PROCESSED,1789018345465
2227942,1,INITIATED,1789018345480
2227942,2,VALIDATED,1789018345483
2227942,3,PROCESSED,1789018345485
2227943,1,INITIATED,1789018345500
2227943,2,VALIDATED,1789018345503
2227943,3,PROCESSED,1789018345505
2227944,1,INITIATED,1789018345520
2227944,2,VALIDATED,1789018345523
2227944,3,PROCESSED,1789018345525
2227945,1,INITIATED,1789018345540
2227945,2,VALIDATED,1789018345543
2227945,3,PROCESSED,1789018345545
2227946,1,INITIATED,1789018345637
2227946,2,VALIDATED,1789018345642
2227946,3,PROCESSED,1789018345682
2227947,1,INITIATED,1789018345637
2227947,2,VALIDATED,1789018345642
2227947,3,PROCESSED,1789018345683
2227948,1,INITIATED,1789018345637
2227948,2,VALIDATED,1789018345642
2227948,3,PROCESSED,1789018345683
2227949,1,INITIATED,1789018345637
2227949,2,VALIDATED,1789018345642
2227949,3,PROCESSED,1789018345682
2227950,1,INITIATED,1789018345641
2227950,2,VALIDATED,1789018345681
2227950,3,PROCESSED,1789018345840
2227951,1,INITIATED,1789018345679
2227951,2,VALIDATED,1789018345839
2227951,3,PROCESSED,1789018345848
2227952,1,INITIATED,1789018345681
2227952,2,VALIDATED,1789018345840
2227952,3,PROCESSED,1789018345886
2227953,1,INITIATED,1789018345839
2227953,2,VALIDATED,1789018345847
2227953,3,PROCESSED,1789018345890
2227954,1,INITIATED,1789018345839
2227954,2,VALIDATED,1789018345847
2227954,3,PROCESSED,1789018345890
2227955,1,INITIATED,1789018345839
2227955,2,VALIDATED,1789018345847
2227955,3,PROCESSED,1789018345890
2227956,1,INITIATED,1789018345839
2227956,2,VALIDATED,1789018345847
2227956,3,PROCESSED,1789018345889
2227957,1,INITIATED,1789018345839
2227957,2,VALIDATED,1789018345847
2227957,3,PROCESSED,1789018345890
2227958,1,INITIATED,1789018345839
2227958,2,VALIDATED,1789018345847
2227958,3,PROCESSED,1789018345890
2227959,1,INITIATED,1789018345840
2227959,2,VALIDATED,1789018345852
2227959,3,PROCESSED,1789018345893
2227960,1,INITIATED,1789018345841
2227960,2,VALIDATED,1789018345852
2227960,3,REJECTED,1789018345892
2227961,1,INITIATED,1789018345887
2227961,2,VALIDATED,1789018345896
2227961,3,REJECTED,1789018345898
2227962,1,INITIATED,1789018345887
2227962,2,VALIDATED,1789018345896
2227962,3,REJECTED,1789018345898
2227963,1,INITIATED,1789018345900
2227963,2,VALIDATED,1789018345902
2227963,3,REJECTED,1789018345905
2227964,1,INITIATED,1789018345920
2227964,2,VALIDATED,1789018345923
2227964,3,PROCESSED,1789018345927
2227965,1,INITIATED,1789018345940
2227965,2,VALIDATED,1789018345944
2227965,3,PROCESSED,1789018345948
2227966,1,INITIATED,1789018345960
2227966,2,VALIDATED,1789018345964
2227966,3,PROCESSED,1789018345968
2227967,1,INITIATED,1789018345981
2227967,2,VALIDATED,1789018345984
2227967,3,PROCESSED,1789018345987
2227968,1,INITIATED,1789018346001
2227968,2,VALIDATED,1789018346004
2227968,3,PROCESSED,1789018346009
2227969,1,INITIATED,1789018346021
2227969,2,VALIDATED,1789018346024
2227969,3,PROCESSED,1789018346027
2227970,1,INITIATED,1789018346040
2227970,2,VALIDATED,1789018346044
2227970,3,PROCESSED,1789018346046
2227971,1,INITIATED,1789018346060
2227971,2,VALIDATED,1789018346063
2227971,3,PROCESSED,1789018346066
2227972,1,INITIATED,1789018346081
2227972,2,VALIDATED,1789018346085
2227972,3,PROCESSED,1789018346090
2227973,1,INITIATED,1789018346101
2227973,2,VALIDATED,1789018346107
2227973,3,PROCESSED,1789018346111
2227974,1,INITIATED,1789018346121
2227974,2,VALIDATED,1789018346124
2227974,3,PROCESSED,1789018346129
2227975,1,INITIATED,1789018346140
2227975,2,VALIDATED,1789018346143
2227975,3,PROCESSED,1789018346146
2227976,1,INITIATED,1789018346161
2227976,2,VALIDATED,1789018346164
2227976,3,PROCESSED,1789018346167
2227977,1,INITIATED,1789018346181
2227977,2,VALIDATED,1789018346186
2227977,3,PROCESSED,1789018346190
2227978,1,INITIATED,1789018346200
2227978,2,VALIDATED,1789018346204
2227978,3,PROCESSED,1789018346207
2227979,1,INITIATED,1789018346222
2227979,2,VALIDATED,1789018346226
2227979,3,PROCESSED,1789018346231
2227980,1,INITIATED,1789018346241
2227980,2,VALIDATED,1789018346246
2227980,3,PROCESSED,1789018346250
2227981,1,INITIATED,1789018346261
2227981,2,VALIDATED,1789018346266
2227981,3,PROCESSED,1789018346271
2227982,1,INITIATED,1789018346281
2227982,2,VALIDATED,1789018346285
2227982,3,PROCESSED,1789018346288
2227983,1,INITIATED,1789018346300
2227983,2,VALIDATED,1789018346304
2227983,3,PROCESSED,1789018346308
2227984,1,INITIATED,1789018346320
2227984,2,VALIDATED,1789018346324
2227984,3,PROCESSED,1789018346333
2227985,1,INITIATED,1789018346340
2227985,2,VALIDATED,1789018346344
2227985,3,PROCESSED,1789018346348
2227986,1,INITIATED,1789018346361
2227986,2,VALIDATED,1789018346364
2227986,3,PROCESSED,1789018346369
2227987,1,INITIATED,1789018346382
2227987,2,VALIDATED,1789018346386
2227987,3,PROCESSED,1789018346390
2227988,1,INITIATED,1789018346400
2227988,2,VALIDATED,1789018346404
2227988,3,PROCESSED,1789018346407
2227989,1,INITIATED,1789018346421
2227989,2,VALIDATED,1789018346424
2227989,3,PROCESSED,1789018346432
2227990,1,INITIATED,1789018346441
2227990,2,VALIDATED,1789018346445
2227990,3,PROCESSED,1789018346448
2227991,1,INITIATED,1789018346461
2227991,2,VALIDATED,1789018346464
2227991,3,PROCESSED,1789018346468
2227992,1,INITIATED,1789018346480
2227992,2,VALIDATED,1789018346483
2227992,3,PROCESSED,1789018346487
2227993,1,INITIATED,1789018346501
2227993,2,VALIDATED,1789018346504
2227993,3,PROCESSED,1789018346508
2227994,1,INITIATED,1789018346521
2227994,2,VALIDATED,1789018346524
2227994,3,PROCESSED,1789018346527
2227995,1,INITIATED,1789018346540
2227995,2,VALIDATED,1789018346543
2227995,3,PROCESSED,1789018346546
2227996,1,INITIATED,1789018346689
2227996,2,VALIDATED,1789018346696
2227996,3,PROCESSED,1789018346705
2227997,1,INITIATED,1789018346690
2227997,2,VALIDATED,1789018346696
2227997,3,PROCESSED,1789018346705
2227998,1,INITIATED,1789018346689
2227998,2,VALIDATED,1789018346696
2227998,3,PROCESSED,1789018346706
2227999,1,INITIATED,1789018346689
2227999,2,VALIDATED,1789018346696
2227999,3,PROCESSED,1789018346705
2228000,1,INITIATED,1789018346690
2228000,2,VALIDATED,1789018346696
2228000,3,PROCESSED,1789018346706
2228001,1,INITIATED,1789018346690
2228001,2,VALIDATED,1789018346696
2228001,3,PROCESSED,1789018346706
2228002,1,INITIATED,1789018346689
2228002,2,VALIDATED,1789018346696
2228002,3,PROCESSED,1789018346705
2228003,1,INITIATED,1789018346701
2228003,2,VALIDATED,1789018346742
2228003,3,PROCESSED,1789018346927
2228004,1,INITIATED,1789018346741
2228004,2,VALIDATED,1789018346924
2228004,3,PROCESSED,1789018346948
2228005,1,INITIATED,1789018346741
2228005,2,VALIDATED,1789018346925
2228005,3,PROCESSED,1789018346948
2228006,1,INITIATED,1789018346925
2228006,2,VALIDATED,1789018346935
2228006,3,PROCESSED,1789018346998
2228007,1,INITIATED,1789018346924
2228007,2,VALIDATED,1789018346935
2228007,3,PROCESSED,1789018346997
2228008,1,INITIATED,1789018346924
2228008,2,VALIDATED,1789018346935
2228008,3,PROCESSED,1789018346998
2228009,1,INITIATED,1789018346925
2228009,2,VALIDATED,1789018346935
2228009,3,PROCESSED,1789018346997
2228010,1,INITIATED,1789018346924
2228010,2,VALIDATED,1789018346935
2228010,3,PROCESSED,1789018346997
2228011,1,INITIATED,1789018346924
2228011,2,VALIDATED,1789018346935
2228011,3,PROCESSED,1789018346997
2228012,1,INITIATED,1789018346925
2228012,2,VALIDATED,1789018346935
2228012,3,PROCESSED,1789018346997
2228013,1,INITIATED,1789018346924
2228013,2,VALIDATED,1789018346936
2228013,3,PROCESSED,1789018347014
2228014,1,INITIATED,1789018346924
2228014,2,VALIDATED,1789018346936
2228014,3,PROCESSED,1789018347014
2228015,1,INITIATED,1789018346948
2228015,2,VALIDATED,1789018347013
2228015,3,PROCESSED,1789018347017
2228016,1,INITIATED,1789018346960
2228016,2,VALIDATED,1789018347013
2228016,3,PROCESSED,1789018347017
2228017,1,INITIATED,1789018346981
2228017,2,VALIDATED,1789018347013
2228017,3,PROCESSED,1789018347017
2228018,1,INITIATED,1789018347001
2228018,2,VALIDATED,1789018347013
2228018,3,PROCESSED,1789018347017
2228019,1,INITIATED,1789018347021
2228019,2,VALIDATED,1789018347023
2228019,3,PROCESSED,1789018347027
2228020,1,INITIATED,1789018347041
2228020,2,VALIDATED,1789018347044
2228020,3,PROCESSED,1789018347048
2228021,1,INITIATED,1789018347060
2228021,2,VALIDATED,1789018347064
2228021,3,PROCESSED,1789018347070
2228022,1,INITIATED,1789018347080
2228022,2,VALIDATED,1789018347083
2228022,3,PROCESSED,1789018347087
2228023,1,INITIATED,1789018347100
2228023,2,VALIDATED,1789018347104
2228023,3,PROCESSED,1789018347108
2228024,1,INITIATED,1789018347120
2228024,2,VALIDATED,1789018347126
2228024,3,PROCESSED,1789018347130
2228025,1,INITIATED,1789018347140
2228025,2,VALIDATED,1789018347144
2228025,3,PROCESSED,1789018347149
2228026,1,INITIATED,1789018347160
2228026,2,VALIDATED,1789018347165
2228026,3,PROCESSED,1789018347169
2228027,1,INITIATED,1789018347181
2228027,2,VALIDATED,1789018347189
2228027,3,PROCESSED,1789018347193
2228028,1,INITIATED,1789018347201
2228028,2,VALIDATED,1789018347203
2228028,3,PROCESSED,1789018347207
2228029,1,INITIATED,1789018347221
2228029,2,VALIDATED,1789018347224
2228029,3,PROCESSED,1789018347228
2228030,1,INITIATED,1789018347241
2228030,2,VALIDATED,1789018347244
2228030,3,PROCESSED,1789018347248
2228031,1,INITIATED,1789018347261
2228031,2,VALIDATED,1789018347265
2228031,3,PROCESSED,1789018347269
2228032,1,INITIATED,1789018347280
2228032,2,VALIDATED,1789018347286
2228032,3,PROCESSED,1789018347290
2228033,1,INITIATED,1789018347301
2228033,2,VALIDATED,1789018347304
2228033,3,PROCESSED,1789018347308
2228034,1,INITIATED,1789018347320
2228034,2,VALIDATED,1789018347324
2228034,3,PROCESSED,1789018347328
2228035,1,INITIATED,1789018347340
2228035,2,VALIDATED,1789018347343
2228035,3,PROCESSED,1789018347347
2228036,1,INITIATED,1789018347361
2228036,2,VALIDATED,1789018347364
2228036,3,PROCESSED,1789018347372
2228037,1,INITIATED,1789018347381
2228037,2,VALIDATED,1789018347385
2228037,3,PROCESSED,1789018347390
2228038,1,INITIATED,1789018347401
2228038,2,VALIDATED,1789018347404
2228038,3,PROCESSED,1789018347408
2228039,1,INITIATED,1789018347420
2228039,2,VALIDATED,1789018347424
2228039,3,PROCESSED,1789018347428
2228040,1,INITIATED,1789018347441
2228040,2,VALIDATED,1789018347444
2228040,3,PROCESSED,1789018347448
2228041,1,INITIATED,1789018347460
2228041,2,VALIDATED,1789018347464
2228041,3,PROCESSED,1789018347468
2228042,1,INITIATED,1789018347480
2228042,2,VALIDATED,1789018347484
2228042,3,PROCESSED,1789018347488
2228043,1,INITIATED,1789018347501
2228043,2,VALIDATED,1789018347504
2228043,3,PROCESSED,1789018347508
2228044,1,INITIATED,1789018347521
2228044,2,VALIDATED,1789018347528
2228044,3,PROCESSED,1789018347532
2228045,1,INITIATED,1789018347541
2228045,2,VALIDATED,1789018347544
2228045,3,PROCESSED,1789018347548
2228046,1,INITIATED,1789018347757
2228046,2,VALIDATED,1789018347764
2228046,3,PROCESSED,1789018347829
2228047,1,INITIATED,1789018347758
2228047,2,VALIDATED,1789018347764
2228047,3,PROCESSED,1789018347829
2228048,1,INITIATED,1789018347758
2228048,2,VALIDATED,1789018347764
2228048,3,PROCESSED,1789018347829
2228049,1,INITIATED,1789018347758
2228049,2,VALIDATED,1789018347764
2228049,3,PROCESSED,1789018347829
2228050,1,INITIATED,1789018347758
2228050,2,VALIDATED,1789018347771
2228050,3,PROCESSED,1789018347984
2228051,1,INITIATED,1789018347758
2228051,2,VALIDATED,1789018347771
2228051,3,PROCESSED,1789018347986
2228052,1,INITIATED,1789018347757
2228052,2,VALIDATED,1789018347764
2228052,3,PROCESSED,1789018347829
2228053,1,INITIATED,1789018347758
2228053,2,VALIDATED,1789018347764
2228053,3,PROCESSED,1789018347829
2228054,1,INITIATED,1789018347758
2228054,2,VALIDATED,1789018347771
2228054,3,PROCESSED,1789018347986
2228055,1,INITIATED,1789018347758
2228055,2,VALIDATED,1789018347764
2228055,3,PROCESSED,1789018347829
2228056,1,INITIATED,1789018347761
2228056,2,VALIDATED,1789018347827
2228056,3,PROCESSED,1789018347987
2228057,1,INITIATED,1789018347825
2228057,2,VALIDATED,1789018347986
2228057,3,PROCESSED,1789018348038
2228058,1,INITIATED,1789018347825
2228058,2,VALIDATED,1789018347985
2228058,3,PROCESSED,1789018348038
2228059,1,INITIATED,1789018347825
2228059,2,VALIDATED,1789018347986
2228059,3,PROCESSED,1789018348037
2228060,1,INITIATED,1789018347986
2228060,2,VALIDATED,1789018348036
2228060,3,REJECTED,1789018348060
2228061,1,INITIATED,1789018347986
2228061,2,VALIDATED,1789018348036
2228061,3,REJECTED,1789018348060
2228062,1,INITIATED,1789018347984
2228062,2,VALIDATED,1789018348036
2228062,3,REJECTED,1789018348060
2228063,1,INITIATED,1789018347985
2228063,2,VALIDATED,1789018348036
2228063,3,REJECTED,1789018348060
2228064,1,INITIATED,1789018347984
2228064,2,VALIDATED,1789018348036
2228064,3,PROCESSED,1789018348062
2228065,1,INITIATED,1789018347984
2228065,2,VALIDATED,1789018348036
2228065,3,PROCESSED,1789018348062
2228066,1,INITIATED,1789018347985
2228066,2,VALIDATED,1789018348036
2228066,3,PROCESSED,1789018348062
2228067,1,INITIATED,1789018347984
2228067,2,VALIDATED,1789018347991
2228067,3,PROCESSED,1789018348049
2228068,1,INITIATED,1789018348033
2228068,2,VALIDATED,1789018348060
2228068,3,PROCESSED,1789018348068
2228069,1,INITIATED,1789018348034
2228069,2,VALIDATED,1789018348060
2228069,3,PROCESSED,1789018348068
2228070,1,INITIATED,1789018348047
2228070,2,VALIDATED,1789018348062
2228070,3,PROCESSED,1789018348068
2228071,1,INITIATED,1789018348061
2228071,2,VALIDATED,1789018348066
2228071,3,PROCESSED,1789018348072
2228072,1,INITIATED,1789018348080
2228072,2,VALIDATED,1789018348082
2228072,3,PROCESSED,1789018348086
2228073,1,INITIATED,1789018348101
2228073,2,VALIDATED,1789018348105
2228073,3,PROCESSED,1789018348113
2228074,1,INITIATED,1789018348121
2228074,2,VALIDATED,1789018348123
2228074,3,PROCESSED,1789018348128
2228075,1,INITIATED,1789018348141
2228075,2,VALIDATED,1789018348144
2228075,3,PROCESSED,1789018348150
2228076,1,INITIATED,1789018348160
2228076,2,VALIDATED,1789018348162
2228076,3,PROCESSED,1789018348165
2228077,1,INITIATED,1789018348180
2228077,2,VALIDATED,1789018348183
2228077,3,PROCESSED,1789018348186
2228078,1,INITIATED,1789018348201
2228078,2,VALIDATED,1789018348204
2228078,3,PROCESSED,1789018348207
2228079,1,INITIATED,1789018348221
2228079,2,VALIDATED,1789018348224
2228079,3,PROCESSED,1789018348227
2228080,1,INITIATED,1789018348240
2228080,2,VALIDATED,1789018348243
2228080,3,PROCESSED,1789018348247
2228081,1,INITIATED,1789018348261
2228081,2,VALIDATED,1789018348264
2228081,3,PROCESSED,1789018348267
2228082,1,INITIATED,1789018348281
2228082,2,VALIDATED,1789018348284
2228082,3,PROCESSED,1789018348287
2228083,1,INITIATED,1789018348300
2228083,2,VALIDATED,1789018348303
2228083,3,PROCESSED,1789018348307
2228084,1,INITIATED,1789018348321
2228084,2,VALIDATED,1789018348324
2228084,3,PROCESSED,1789018348327
2228085,1,INITIATED,1789018348340
2228085,2,VALIDATED,1789018348346
2228085,3,PROCESSED,1789018348349
2228086,1,INITIATED,1789018348361
2228086,2,VALIDATED,1789018348364
2228086,3,PROCESSED,1789018348369
2228087,1,INITIATED,1789018348381
2228087,2,VALIDATED,1789018348385
2228087,3,PROCESSED,1789018348389
2228088,1,INITIATED,1789018348401
2228088,2,VALIDATED,1789018348405
2228088,3,PROCESSED,1789018348409
2228089,1,INITIATED,1789018348421
2228089,2,VALIDATED,1789018348423
2228089,3,PROCESSED,1789018348427
2228090,1,INITIATED,1789018348441
2228090,2,VALIDATED,1789018348444
2228090,3,PROCESSED,1789018348447
2228091,1,INITIATED,1789018348461
2228091,2,VALIDATED,1789018348464
2228091,3,PROCESSED,1789018348471
2228092,1,INITIATED,1789018348480
2228092,2,VALIDATED,1789018348483
2228092,3,PROCESSED,1789018348485
2228093,1,INITIATED,1789018348501
2228093,2,VALIDATED,1789018348504
2228093,3,PROCESSED,1789018348507
2228094,1,INITIATED,1789018348521
2228094,2,VALIDATED,1789018348524
2228094,3,PROCESSED,1789018348528
2228095,1,INITIATED,1789018348541
2228095,2,VALIDATED,1789018348545
2228095,3,PROCESSED,1789018348548
2228096,1,INITIATED,1789018348703
2228096,2,VALIDATED,1789018349159
2228096,3,PROCESSED,1789018350312
2228097,1,INITIATED,1789018348703
2228097,2,VALIDATED,1789018349160
2228097,3,PROCESSED,1789018350312
2228098,1,INITIATED,1789018348702
2228098,2,VALIDATED,1789018349159
2228098,3,PROCESSED,1789018350313
2228099,1,INITIATED,1789018348702
2228099,2,VALIDATED,1789018349161
2228099,3,PROCESSED,1789018350312
2228100,1,INITIATED,1789018348702
2228100,2,VALIDATED,1789018349161
2228100,3,PROCESSED,1789018350311
2228101,1,INITIATED,1789018348702
2228101,2,VALIDATED,1789018349160
2228101,3,PROCESSED,1789018350311
2228102,1,INITIATED,1789018348702
2228102,2,VALIDATED,1789018349161
2228102,3,PROCESSED,1789018350312
2228103,1,INITIATED,1789018348702
2228103,2,VALIDATED,1789018349159
2228103,3,PROCESSED,1789018350310
2228104,1,INITIATED,1789018349158
2228104,2,VALIDATED,1789018350710
2228104,3,PROCESSED,1789018355764
2228105,1,INITIATED,1789018349161
2228105,2,VALIDATED,1789018349314
2228105,3,PROCESSED,1789018351981
2228106,1,INITIATED,1789018349161
2228106,2,VALIDATED,1789018350307
2228106,3,PROCESSED,1789018350717
2228107,1,INITIATED,1789018349160
2228107,2,VALIDATED,1789018350309
2228107,3,PROCESSED,1789018352417
2228108,1,INITIATED,1789018349159
2228108,2,VALIDATED,1789018350310
2228108,3,PROCESSED,1789018353402
2228109,1,INITIATED,1789018349161
2228109,2,VALIDATED,1789018350308
2228109,3,PROCESSED,1789018352417
2228110,1,INITIATED,1789018349158
2228110,2,VALIDATED,1789018350710
2228110,3,PROCESSED,1789018353405
2228111,1,INITIATED,1789018349161
2228111,2,VALIDATED,1789018350710
2228111,3,PROCESSED,1789018353404
2228112,1,INITIATED,1789018349160
2228112,2,VALIDATED,1789018350310
2228112,3,PROCESSED,1789018352417
2228113,1,INITIATED,1789018349159
2228113,2,VALIDATED,1789018350308
2228113,3,PROCESSED,1789018353404
2228114,1,INITIATED,1789018349161
2228114,2,VALIDATED,1789018350308
2228114,3,PROCESSED,1789018353402
2228115,1,INITIATED,1789018349159
2228115,2,VALIDATED,1789018350311
2228115,3,PROCESSED,1789018352416
2228116,1,INITIATED,1789018349161
2228116,2,VALIDATED,1789018350307
2228116,3,PROCESSED,1789018350717
2228117,1,INITIATED,1789018349159
2228117,2,VALIDATED,1789018350306
2228117,3,PROCESSED,1789018352418
2228118,1,INITIATED,1789018349158
2228118,2,VALIDATED,1789018350305
2228118,3,PROCESSED,1789018351981
2228119,1,INITIATED,1789018349161
2228119,2,VALIDATED,1789018350305
2228119,3,PROCESSED,1789018352418
2228120,1,INITIATED,1789018349158
2228120,2,VALIDATED,1789018350311
2228120,3,PROCESSED,1789018352417
2228121,1,INITIATED,1789018349157
2228121,2,VALIDATED,1789018350308
2228121,3,PROCESSED,1789018353398
2228122,1,INITIATED,1789018349161
2228122,2,VALIDATED,1789018350306
2228122,3,PROCESSED,1789018352416
2228123,1,INITIATED,1789018349159
2228123,2,VALIDATED,1789018350710
2228123,3,PROCESSED,1789018353405
2228124,1,INITIATED,1789018349158
2228124,2,VALIDATED,1789018350307
2228124,3,PROCESSED,1789018352416
2228125,1,INITIATED,1789018349160
2228125,2,VALIDATED,1789018350310
2228125,3,PROCESSED,1789018352418
2228126,1,INITIATED,1789018349161
2228126,2,VALIDATED,1789018350304
2228126,3,PROCESSED,1789018351981
2228127,1,INITIATED,1789018349311
2228127,2,VALIDATED,1789018350713
2228127,3,PROCESSED,1789018353405
2228128,1,INITIATED,1789018349314
2228128,2,VALIDATED,1789018351978
2228128,3,PROCESSED,1789018356464
2228129,1,INITIATED,1789018350304
2228129,2,VALIDATED,1789018351979
2228129,3,PROCESSED,1789018356464
2228130,1,INITIATED,1789018350304
2228130,2,VALIDATED,1789018351979
2228130,3,PROCESSED,1789018355521
2228131,1,INITIATED,1789018349313
2228131,2,VALIDATED,1789018351979
2228131,3,PROCESSED,1789018356849
2228132,1,INITIATED,1789018350306
2228132,2,VALIDATED,1789018352417
2228132,3,PROCESSED,1789018353404
2228133,1,INITIATED,1789018350306
2228133,2,VALIDATED,1789018350715
2228133,3,PROCESSED,1789018356856
2228134,1,INITIATED,1789018350711
2228134,2,VALIDATED,1789018356849
2228134,3,PROCESSED,1789018357533
2228135,1,INITIATED,1789018350711
2228135,2,VALIDATED,1789018355759
2228135,3,PROCESSED,1789018356847
2228136,1,INITIATED,1789018350712
2228136,2,VALIDATED,1789018356856
2228136,3,PROCESSED,1789018357584
2228137,1,INITIATED,1789018350713
2228137,2,VALIDATED,1789018353402
2228137,3,PROCESSED,1789018354878
2228138,1,INITIATED,1789018350712
2228138,2,VALIDATED,1789018352571
2228138,3,PROCESSED,1789018356334
2228139,1,INITIATED,1789018350712
2228139,2,VALIDATED,1789018353399
2228139,3,PROCESSED,1789018357461
2228140,1,INITIATED,1789018350714
2228140,2,VALIDATED,1789018356855
2228140,3,PROCESSED,1789018357580
2228141,1,INITIATED,1789018350714
2228141,2,VALIDATED,1789018353400
2228141,3,PROCESSED,1789018354876
2228142,1,INITIATED,1789018350715
2228142,2,VALIDATED,1789018352572
2228142,3,PROCESSED,1789018355875
2228143,1,INITIATED,1789018350713
2228143,2,VALIDATED,1789018352572
2228143,3,PROCESSED,1789018355766
2228144,1,INITIATED,1789018350715
2228144,2,VALIDATED,1789018352573
2228144,3,PROCESSED,1789018353852
2228145,1,INITIATED,1789018350714
2228145,2,VALIDATED,1789018353401
2228145,3,PROCESSED,1789018356451
2228146,1,INITIATED,1789018350714
2228146,2,VALIDATED,1789018355760
2228146,3,PROCESSED,1789018356850
2228147,1,INITIATED,1789018350713
2228147,2,VALIDATED,1789018353402
2228147,3,PROCESSED,1789018357460
2228148,1,INITIATED,1789018350713
2228148,2,VALIDATED,1789018352572
2228148,3,PROCESSED,1789018355765
2228149,1,INITIATED,1789018350714
2228149,2,VALIDATED,1789018352573
2228149,3,PROCESSED,1789018353851
2228150,1,INITIATED,1789018350714
2228150,2,VALIDATED,1789018352574
2228150,3,PROCESSED,1789018354878
2228151,1,INITIATED,1789018350715
2228151,2,VALIDATED,1789018353399
2228151,3,PROCESSED,1789018357462
2228152,1,INITIATED,1789018350715
2228152,2,VALIDATED,1789018356847
2228152,3,PROCESSED,1789018357533
2228153,1,INITIATED,1789018350715
2228153,2,VALIDATED,1789018353402
2228153,3,PROCESSED,1789018357461
2228154,1,INITIATED,1789018350715
2228154,2,VALIDATED,1789018352572
2228154,3,PROCESSED,1789018355764
2228155,1,INITIATED,1789018350715
2228155,2,VALIDATED,1789018356848
2228155,3,PROCESSED,1789018357581
2228156,1,INITIATED,1789018350716
2228156,2,VALIDATED,1789018352570
2228156,3,PROCESSED,1789018355764
2228157,1,INITIATED,1789018350716
2228157,2,VALIDATED,1789018353399
2228157,3,PROCESSED,1789018357564
2228158,1,INITIATED,1789018350892
2228158,2,VALIDATED,1789018356463
2228158,3,PROCESSED,1789018357471
2228159,1,INITIATED,1789018350893
2228159,2,VALIDATED,1789018355397
2228159,3,REJECTED,1789018357456
2228160,1,INITIATED,1789018350893
2228160,2,VALIDATED,1789018356842
2228160,3,PROCESSED,1789018357578
2228161,1,INITIATED,1789018350894
2228161,2,VALIDATED,1789018355391
2228161,3,PROCESSED,1789018357563
2228162,1,INITIATED,1789018350894
2228162,2,VALIDATED,1789018355386
2228162,3,REJECTED,1789018357557
2228163,1,INITIATED,1789018351978
2228163,2,VALIDATED,1789018355397
2228163,3,PROCESSED,1789018356454
2228164,1,INITIATED,1789018351977
2228164,2,VALIDATED,1789018355396
2228164,3,PROCESSED,1789018356452
2228165,1,INITIATED,1789018351980
2228165,2,VALIDATED,1789018355396
2228165,3,PROCESSED,1789018356452
2228166,1,INITIATED,1789018351980
2228166,2,VALIDATED,1789018354876
2228166,3,PROCESSED,1789018357159
2228167,1,INITIATED,1789018351980
2228167,2,VALIDATED,1789018355393
2228167,3,PROCESSED,1789018357564
2228168,1,INITIATED,1789018351979
2228168,2,VALIDATED,1789018356844
2228168,3,PROCESSED,1789018357575
2228169,1,INITIATED,1789018351980
2228169,2,VALIDATED,1789018354876
2228169,3,PROCESSED,1789018357160
2228170,1,INITIATED,1789018351978
2228170,2,VALIDATED,1789018355386
2228170,3,PROCESSED,1789018357566
2228171,1,INITIATED,1789018351979
2228171,2,VALIDATED,1789018356463
2228171,3,PROCESSED,1789018357471
2228172,1,INITIATED,1789018351980
2228172,2,VALIDATED,1789018356846
2228172,3,PROCESSED,1789018357534
2228173,1,INITIATED,1789018351978
2228173,2,VALIDATED,1789018355386
2228173,3,PROCESSED,1789018357461
2228174,1,INITIATED,1789018351977
2228174,2,VALIDATED,1789018356845
2228174,3,PROCESSED,1789018357530
2228175,1,INITIATED,1789018351979
2228175,2,VALIDATED,1789018355392
2228175,3,REJECTED,1789018357455
2228176,1,INITIATED,1789018351979
2228176,2,VALIDATED,1789018357469
2228176,3,PROCESSED,1789018357627
2228177,1,INITIATED,1789018351978
2228177,2,VALIDATED,1789018355395
2228177,3,PROCESSED,1789018357562
2228178,1,INITIATED,1789018351979
2228178,2,VALIDATED,1789018356841
2228178,3,PROCESSED,1789018357575
2228179,1,INITIATED,1789018351978
2228179,2,VALIDATED,1789018356846
2228179,3,PROCESSED,1789018357531
2228180,1,INITIATED,1789018351977
2228180,2,VALIDATED,1789018355396
2228180,3,PROCESSED,1789018357460
2228181,1,INITIATED,1789018351979
2228181,2,VALIDATED,1789018357469
2228181,3,PROCESSED,1789018357577
2228182,1,INITIATED,1789018351978
2228182,2,VALIDATED,1789018355397
2228182,3,PROCESSED,1789018357465
2228183,1,INITIATED,1789018352412
2228183,2,VALIDATED,1789018355759
2228183,3,PROCESSED,1789018357521
2228184,1,INITIATED,1789018352412
2228184,2,VALIDATED,1789018355761
2228184,3,PROCESSED,1789018357532
2228185,1,INITIATED,1789018352415
2228185,2,VALIDATED,1789018355758
2228185,3,REJECTED,1789018357527
2228186,1,INITIATED,1789018352413
2228186,2,VALIDATED,1789018356854
2228186,3,PROCESSED,1789018357534
2228187,1,INITIATED,1789018352414
2228187,2,VALIDATED,1789018352572
2228187,3,PROCESSED,1789018355767
2228188,1,INITIATED,1789018352413
2228188,2,VALIDATED,1789018355760
2228188,3,PROCESSED,1789018357577
2228189,1,INITIATED,1789018352416
2228189,2,VALIDATED,1789018352571
2228189,3,PROCESSED,1789018355763
2228190,1,INITIATED,1789018352414
2228190,2,VALIDATED,1789018356855
2228190,3,PROCESSED,1789018357578
2228191,1,INITIATED,1789018352413
2228191,2,VALIDATED,1789018355762
2228191,3,PROCESSED,1789018357583
2228192,1,INITIATED,1789018352414
2228192,2,VALIDATED,1789018352571
2228192,3,PROCESSED,1789018356916
2228193,1,INITIATED,1789018352417
2228193,2,VALIDATED,1789018352572
2228193,3,PROCESSED,1789018356914
2228194,1,INITIATED,1789018352415
2228194,2,VALIDATED,1789018352574
2228194,3,PROCESSED,1789018353851
2228195,1,INITIATED,1789018352415
2228195,2,VALIDATED,1789018355762
2228195,3,PROCESSED,1789018357577
2228196,1,INITIATED,1789018352413
2228196,2,VALIDATED,1789018352572
2228196,3,PROCESSED,1789018355873
2228197,1,INITIATED,1789018352414
2228197,2,VALIDATED,1789018352572
2228197,3,PROCESSED,1789018355766
2228198,1,INITIATED,1789018352416
2228198,2,VALIDATED,1789018355761
2228198,3,PROCESSED,1789018357534
2228199,1,INITIATED,1789018352415
2228199,2,VALIDATED,1789018352570
2228199,3,PROCESSED,1789018355877
2228200,1,INITIATED,1789018352417
2228200,2,VALIDATED,1789018352574
2228200,3,PROCESSED,1789018353851
2228201,1,INITIATED,1789018352416
2228201,2,VALIDATED,1789018356910
2228201,3,PROCESSED,1789018357586
2228202,1,INITIATED,1789018352416
2228202,2,VALIDATED,1789018355761
2228202,3,PROCESSED,1789018356848
2228203,1,INITIATED,1789018352417
2228203,2,VALIDATED,1789018355762
2228203,3,PROCESSED,1789018357580
2228204,1,INITIATED,1789018352570
2228204,2,VALIDATED,1789018355761
2228204,3,PROCESSED,1789018357529
2228205,1,INITIATED,1789018352570
2228205,2,VALIDATED,1789018355841
2228205,3,PROCESSED,1789018356913
2228206,1,INITIATED,1789018352570
2228206,2,VALIDATED,1789018355763
2228206,3,PROCESSED,1789018357578
2228207,1,INITIATED,1789018352571
2228207,2,VALIDATED,1789018356914
2228207,3,PROCESSED,1789018357548
2228208,1,INITIATED,1789018352571
2228208,2,VALIDATED,1789018355842
2228208,3,PROCESSED,1789018356913
2228209,1,INITIATED,1789018352572
2228209,2,VALIDATED,1789018356332
2228209,3,PROCESSED,1789018357461
2228210,1,INITIATED,1789018352573
2228210,2,VALIDATED,1789018353848
2228210,3,PROCESSED,1789018356849
2228211,1,INITIATED,1789018352573
2228211,2,VALIDATED,1789018353849
2228211,3,PROCESSED,1789018355407
2228212,1,INITIATED,1789018353397
2228212,2,VALIDATED,1789018357559
2228212,3,PROCESSED,1789018357665
2228213,1,INITIATED,1789018353399
2228213,2,VALIDATED,1789018354877
2228213,3,PROCESSED,1789018357209
2228214,1,INITIATED,1789018353396
2228214,2,VALIDATED,1789018357151
2228214,3,PROCESSED,1789018357599
2228215,1,INITIATED,1789018353397
2228215,2,VALIDATED,1789018356448
2228215,3,PROCESSED,1789018357565
2228216,1,INITIATED,1789018353398
2228216,2,VALIDATED,1789018353848
2228216,3,PROCESSED,1789018357571
2228217,1,INITIATED,1789018353398
2228217,2,VALIDATED,1789018356425
2228217,3,PROCESSED,1789018357567
2228218,1,INITIATED,1789018353404
2228218,2,VALIDATED,1789018353985
2228218,3,PROCESSED,1789018356916
2228219,1,INITIATED,1789018353404
2228219,2,VALIDATED,1789018356425
2228219,3,PROCESSED,1789018357472
2228220,1,INITIATED,1789018353433
2228220,2,VALIDATED,1789018357463
2228220,3,PROCESSED,1789018357675
2228221,1,INITIATED,1789018353433
2228221,2,VALIDATED,1789018356449
2228221,3,PROCESSED,1789018357570
2228222,1,INITIATED,1789018353843
2228222,2,VALIDATED,1789018355389
2228222,3,PROCESSED,1789018357561
2228223,1,INITIATED,1789018353433
2228223,2,VALIDATED,1789018357458
2228223,3,PROCESSED,1789018357674
2228224,1,INITIATED,1789018353433
2228224,2,VALIDATED,1789018357568
2228224,3,PROCESSED,1789018357667
2228225,1,INITIATED,1789018353433
2228225,2,VALIDATED,1789018356849
2228225,3,PROCESSED,1789018357533
2228226,1,INITIATED,1789018353433
2228226,2,VALIDATED,1789018355397
2228226,3,PROCESSED,1789018357462
2228227,1,INITIATED,1789018353843
2228227,2,VALIDATED,1789018357469
2228227,3,PROCESSED,1789018357626
2228228,1,INITIATED,1789018353845
2228228,2,VALIDATED,1789018355394
2228228,3,PROCESSED,1789018357561
2228229,1,INITIATED,1789018353845
2228229,2,VALIDATED,1789018353985
2228229,3,PROCESSED,1789018357209
2228230,1,INITIATED,1789018353846
2228230,2,VALIDATED,1789018355394
2228230,3,PROCESSED,1789018356452
2228231,1,INITIATED,1789018353846
2228231,2,VALIDATED,1789018356846
2228231,3,PROCESSED,1789018357534
2228232,1,INITIATED,1789018353848
2228232,2,VALIDATED,1789018355396
2228232,3,PROCESSED,1789018357560
2228233,1,INITIATED,1789018353849
2228233,2,VALIDATED,1789018355397
2228233,3,PROCESSED,1789018357471
2228234,1,INITIATED,1789018353849
2228234,2,VALIDATED,1789018355760
2228234,3,PROCESSED,1789018357534
2228235,1,INITIATED,1789018353849
2228235,2,VALIDATED,1789018355396
2228235,3,PROCESSED,1789018356453
2228236,1,INITIATED,1789018353849
2228236,2,VALIDATED,1789018355397
2228236,3,PROCESSED,1789018356453
2228237,1,INITIATED,1789018353849
2228237,2,VALIDATED,1789018357568
2228237,3,PROCESSED,1789018357670
2228238,1,INITIATED,1789018353849
2228238,2,VALIDATED,1789018355393
2228238,3,PROCESSED,1789018356452
2228239,1,INITIATED,1789018353850
2228239,2,VALIDATED,1789018355394
2228239,3,PROCESSED,1789018356453
2228240,1,INITIATED,1789018353850
2228240,2,VALIDATED,1789018355389
2228240,3,PROCESSED,1789018356453
2228241,1,INITIATED,1789018353850
2228241,2,VALIDATED,1789018356848
2228241,3,PROCESSED,1789018357530
2228242,1,INITIATED,1789018353850
2228242,2,VALIDATED,1789018356848
2228242,3,PROCESSED,1789018357534
2228243,1,INITIATED,1789018353850
2228243,2,VALIDATED,1789018357520
2228243,3,PROCESSED,1789018357685
2228244,1,INITIATED,1789018353850
2228244,2,VALIDATED,1789018355406
2228244,3,PROCESSED,1789018357571
2228245,1,INITIATED,1789018353861
2228245,2,VALIDATED,1789018355756
2228245,3,PROCESSED,1789018356850
2228246,1,INITIATED,1789018353861
2228246,2,VALIDATED,1789018357519
2228246,3,PROCESSED,1789018357693
2228247,1,INITIATED,1789018353861
2228247,2,VALIDATED,1789018355754
2228247,3,PROCESSED,1789018356848
2228248,1,INITIATED,1789018353982
2228248,2,VALIDATED,1789018355522
2228248,3,PROCESSED,1789018357521
2228249,1,INITIATED,1789018353982
2228249,2,VALIDATED,1789018355757
2228249,3,PROCESSED,1789018357574
2228250,1,INITIATED,1789018353983
2228250,2,VALIDATED,1789018356847
2228250,3,PROCESSED,1789018357633
2228251,1,INITIATED,1789018353983
2228251,2,VALIDATED,1789018357455
2228251,3,PROCESSED,1789018357620
2228252,1,INITIATED,1789018353983
2228252,2,VALIDATED,1789018357207
2228252,3,PROCESSED,1789018357609
2228253,1,INITIATED,1789018353983
2228253,2,VALIDATED,1789018357207
2228253,3,PROCESSED,1789018357609
2228254,1,INITIATED,1789018353985
2228254,2,VALIDATED,1789018357153
2228254,3,PROCESSED,1789018357607
2228255,1,INITIATED,1789018353984
2228255,2,VALIDATED,1789018357458
2228255,3,PROCESSED,1789018357621
2228256,1,INITIATED,1789018353985
2228256,2,VALIDATED,1789018356335
2228256,3,PROCESSED,1789018357566
2228257,1,INITIATED,1789018353985
2228257,2,VALIDATED,1789018357150
2228257,3,PROCESSED,1789018357548
2228258,1,INITIATED,1789018353985
2228258,2,VALIDATED,1789018357552
2228258,3,REJECTED,1789018357648
2228259,1,INITIATED,1789018353984
2228259,2,VALIDATED,1789018356332
2228259,3,PROCESSED,1789018357550
2228260,1,INITIATED,1789018353985
2228260,2,VALIDATED,1789018356331
2228260,3,PROCESSED,1789018357166
2228261,1,INITIATED,1789018353985
2228261,2,VALIDATED,1789018357159
2228261,3,REJECTED,1789018357596
2228262,1,INITIATED,1789018354873
2228262,2,VALIDATED,1789018357550
2228262,3,PROCESSED,1789018357656
2228263,1,INITIATED,1789018354878
2228263,2,VALIDATED,1789018356332
2228263,3,REJECTED,1789018357555
2228264,1,INITIATED,1789018354878
2228264,2,VALIDATED,1789018356335
2228264,3,PROCESSED,1789018357558
2228265,1,INITIATED,1789018354878
2228265,2,VALIDATED,1789018356333
2228265,3,PROCESSED,1789018357462
2228266,1,INITIATED,1789018354872
2228266,2,VALIDATED,1789018357150
2228266,3,PROCESSED,1789018357598
2228267,1,INITIATED,1789018354878
2228267,2,VALIDATED,1789018356336
2228267,3,PROCESSED,1789018357460
2228268,1,INITIATED,1789018354876
2228268,2,VALIDATED,1789018357163
2228268,3,PROCESSED,1789018357608
2228269,1,INITIATED,1789018354875
2228269,2,VALIDATED,1789018357207
2228269,3,PROCESSED,1789018357612
2228270,1,INITIATED,1789018354876
2228270,2,VALIDATED,1789018356333
2228270,3,PROCESSED,1789018357555
2228271,1,INITIATED,1789018354876
2228271,2,VALIDATED,1789018357207
2228271,3,PROCESSED,1789018357607
2228272,1,INITIATED,1789018354877
2228272,2,VALIDATED,1789018356334
2228272,3,PROCESSED,1789018357563
2228273,1,INITIATED,1789018354877
2228273,2,VALIDATED,1789018357208
2228273,3,PROCESSED,1789018357668
2228274,1,INITIATED,1789018354873
2228274,2,VALIDATED,1789018357207
2228274,3,PROCESSED,1789018357610
2228275,1,INITIATED,1789018355397
2228275,2,VALIDATED,1789018356447
2228275,3,PROCESSED,1789018357461
2228276,1,INITIATED,1789018355395
2228276,2,VALIDATED,1789018356449
2228276,3,PROCESSED,1789018357564
2228277,1,INITIATED,1789018355395
2228277,2,VALIDATED,1789018357459
2228277,3,PROCESSED,1789018357621
2228278,1,INITIATED,1789018355395
2228278,2,VALIDATED,1789018357556
2228278,3,PROCESSED,1789018357710
2228279,1,INITIATED,1789018355406
2228279,2,VALIDATED,1789018357463
2228279,3,PROCESSED,1789018357673
2228280,1,INITIATED,1789018355523
2228280,2,VALIDATED,1789018356846
2228280,3,PROCESSED,1789018357583
2228281,1,INITIATED,1789018355763
2228281,2,VALIDATED,1789018357577
2228281,3,PROCESSED,1789018357673
2228282,1,INITIATED,1789018355760
2228282,2,VALIDATED,1789018357527
2228282,3,PROCESSED,1789018357687
2228283,1,INITIATED,1789018355760
2228283,2,VALIDATED,1789018356850
2228283,3,PROCESSED,1789018357583
2228284,1,INITIATED,1789018355759
2228284,2,VALIDATED,1789018357519
2228284,3,PROCESSED,1789018357633
2228285,1,INITIATED,1789018355754
2228285,2,VALIDATED,1789018356849
2228285,3,PROCESSED,1789018357532
2228286,1,INITIATED,1789018355758
2228286,2,VALIDATED,1789018356847
2228286,3,PROCESSED,1789018357532
2228287,1,INITIATED,1789018355755
2228287,2,VALIDATED,1789018356849
2228287,3,PROCESSED,1789018357533
2228288,1,INITIATED,1789018355760
2228288,2,VALIDATED,1789018357571
2228288,3,PROCESSED,1789018357614
2228289,1,INITIATED,1789018355762
2228289,2,VALIDATED,1789018357576
2228289,3,PROCESSED,1789018357677
2228290,1,INITIATED,1789018355764
2228290,2,VALIDATED,1789018357631
2228290,3,PROCESSED,1789018357719
2228291,1,INITIATED,1789018355842
2228291,2,VALIDATED,1789018357533
2228291,3,PROCESSED,1789018357637
2228292,1,INITIATED,1789018355841
2228292,2,VALIDATED,1789018356909
2228292,3,PROCESSED,1789018357586
2228293,1,INITIATED,1789018355842
2228293,2,VALIDATED,1789018357538
2228293,3,PROCESSED,1789018357636
2228294,1,INITIATED,1789018355841
2228294,2,VALIDATED,1789018356911
2228294,3,PROCESSED,1789018357584
2228295,1,INITIATED,1789018355841
2228295,2,VALIDATED,1789018356911
2228295,3,PROCESSED,1789018357642
2228296,1,INITIATED,1789018355842
2228296,2,VALIDATED,1789018357584
2228296,3,PROCESSED,1789018357684
2228297,1,INITIATED,1789018355841
2228297,2,VALIDATED,1789018356909
2228297,3,PROCESSED,1789018357586
2228298,1,INITIATED,1789018355842
2228298,2,VALIDATED,1789018357536
2228298,3,PROCESSED,1789018357696
2228299,1,INITIATED,1789018355842
2228299,2,VALIDATED,1789018356910
2228299,3,PROCESSED,1789018357585
2228300,1,INITIATED,1789018355870
2228300,2,VALIDATED,1789018357532
2228300,3,PROCESSED,1789018357586
2228301,1,INITIATED,1789018355870
2228301,2,VALIDATED,1789018356911
2228301,3,PROCESSED,1789018357588
2228302,1,INITIATED,1789018355873
2228302,2,VALIDATED,1789018356912
2228302,3,PROCESSED,1789018357587
2228303,1,INITIATED,1789018355874
2228303,2,VALIDATED,1789018357585
2228303,3,PROCESSED,1789018357681
2228304,1,INITIATED,1789018355871
2228304,2,VALIDATED,1789018356914
2228304,3,PROCESSED,1789018357598
2228305,1,INITIATED,1789018355871
2228305,2,VALIDATED,1789018357538
2228305,3,PROCESSED,1789018357640
2228306,1,INITIATED,1789018355872
2228306,2,VALIDATED,1789018357577
2228306,3,PROCESSED,1789018357673
2228307,1,INITIATED,1789018355872
2228307,2,VALIDATED,1789018357538
2228307,3,PROCESSED,1789018357640
2228308,1,INITIATED,1789018355872
2228308,2,VALIDATED,1789018357636
2228308,3,PROCESSED,1789018357723
2228309,1,INITIATED,1789018355875
2228309,2,VALIDATED,1789018357583
2228309,3,PROCESSED,1789018357740
2228310,1,INITIATED,1789018355874
2228310,2,VALIDATED,1789018357538
2228310,3,PROCESSED,1789018357640
2228311,1,INITIATED,1789018355874
2228311,2,VALIDATED,1789018357628
2228311,3,PROCESSED,1789018357711
2228312,1,INITIATED,1789018355876
2228312,2,VALIDATED,1789018356912
2228312,3,PROCESSED,1789018357642
2228313,1,INITIATED,1789018355877
2228313,2,VALIDATED,1789018356908
2228313,3,PROCESSED,1789018357543
2228314,1,INITIATED,1789018355876
2228314,2,VALIDATED,1789018357536
2228314,3,PROCESSED,1789018357639
2228315,1,INITIATED,1789018355875
2228315,2,VALIDATED,1789018357533
2228315,3,PROCESSED,1789018357635
2228316,1,INITIATED,1789018355877
2228316,2,VALIDATED,1789018357585
2228316,3,PROCESSED,1789018357683
2228317,1,INITIATED,1789018355876
2228317,2,VALIDATED,1789018357580
2228317,3,PROCESSED,1789018357677
2228318,1,INITIATED,1789018355883
2228318,2,VALIDATED,1789018357539
2228318,3,PROCESSED,1789018357638
2228319,1,INITIATED,1789018355883
2228319,2,VALIDATED,1789018357591
2228319,3,PROCESSED,1789018357688
2228320,1,INITIATED,1789018355883
2228320,2,VALIDATED,1789018357154
2228320,3,PROCESSED,1789018357600
2228321,1,INITIATED,1789018355884
2228321,2,VALIDATED,1789018357542
2228321,3,PROCESSED,1789018357640
2228322,1,INITIATED,1789018355884
2228322,2,VALIDATED,1789018357545
2228322,3,PROCESSED,1789018357650
2228323,1,INITIATED,1789018355884
2228323,2,VALIDATED,1789018357550
2228323,3,PROCESSED,1789018357704
2228324,1,INITIATED,1789018356330
2228324,2,VALIDATED,1789018357548
2228324,3,PROCESSED,1789018357704
2228325,1,INITIATED,1789018356331
2228325,2,VALIDATED,1789018357164
2228325,3,PROCESSED,1789018357560
2228326,1,INITIATED,1789018356329
2228326,2,VALIDATED,1789018357545
2228326,3,PROCESSED,1789018357651
2228327,1,INITIATED,1789018356332
2228327,2,VALIDATED,1789018357459
2228327,3,PROCESSED,1789018357618
2228328,1,INITIATED,1789018356329
2228328,2,VALIDATED,1789018357546
2228328,3,PROCESSED,1789018357598
2228329,1,INITIATED,1789018356331
2228329,2,VALIDATED,1789018357549
2228329,3,PROCESSED,1789018357650
2228330,1,INITIATED,1789018356330
2228330,2,VALIDATED,1789018357547
2228330,3,PROCESSED,1789018357705
2228331,1,INITIATED,1789018356335
2228331,2,VALIDATED,1789018357459
2228331,3,PROCESSED,1789018357621
2228332,1,INITIATED,1789018356329
2228332,2,VALIDATED,1789018357164
2228332,3,PROCESSED,1789018357605
2228333,1,INITIATED,1789018356333
2228333,2,VALIDATED,1789018357454
2228333,3,PROCESSED,1789018357568
2228334,1,INITIATED,1789018356329
2228334,2,VALIDATED,1789018357549
2228334,3,PROCESSED,1789018357705
2228335,1,INITIATED,1789018356333
2228335,2,VALIDATED,1789018357456
2228335,3,PROCESSED,1789018357620
2228336,1,INITIATED,1789018356332
2228336,2,VALIDATED,1789018357600
2228336,3,PROCESSED,1789018357696
2228337,1,INITIATED,1789018356333
2228337,2,VALIDATED,1789018357553
2228337,3,PROCESSED,1789018357653
2228338,1,INITIATED,1789018356336
2228338,2,VALIDATED,1789018357557
2228338,3,PROCESSED,1789018357659
2228339,1,INITIATED,1789018356329
2228339,2,VALIDATED,1789018357550
2228339,3,PROCESSED,1789018357707
2228340,1,INITIATED,1789018356336
2228340,2,VALIDATED,1789018357552
2228340,3,REJECTED,1789018357707
2228341,1,INITIATED,1789018356334
2228341,2,VALIDATED,1789018357458
2228341,3,PROCESSED,1789018357619
2228342,1,INITIATED,1789018356334
2228342,2,VALIDATED,1789018357554
2228342,3,PROCESSED,1789018357567
2228343,1,INITIATED,1789018356335
2228343,2,VALIDATED,1789018357554
2228343,3,PROCESSED,1789018357657
2228344,1,INITIATED,1789018356336
2228344,2,VALIDATED,1789018357606
2228344,3,PROCESSED,1789018357704
2228345,1,INITIATED,1789018356337
2228345,2,VALIDATED,1789018357600
2228345,3,PROCESSED,1789018357694
2228346,1,INITIATED,1789018356425
2228346,2,VALIDATED,1789018357558
2228346,3,PROCESSED,1789018357720
2228347,1,INITIATED,1789018356423
2228347,2,VALIDATED,1789018357457
2228347,3,PROCESSED,1789018357674
2228348,1,INITIATED,1789018356423
2228348,2,VALIDATED,1789018357457
2228348,3,PROCESSED,1789018357623
2228349,1,INITIATED,1789018356424
2228349,2,VALIDATED,1789018357455
2228349,3,PROCESSED,1789018357618
2228350,1,INITIATED,1789018356425
2228350,2,VALIDATED,1789018357559
2228350,3,PROCESSED,1789018357661
2228351,1,INITIATED,1789018356425
2228351,2,VALIDATED,1789018357610
2228351,3,PROCESSED,1789018357700
2228352,1,INITIATED,1789018356424
2228352,2,VALIDATED,1789018357559
2228352,3,PROCESSED,1789018357661
2228353,1,INITIATED,1789018356424
2228353,2,VALIDATED,1789018357459
2228353,3,PROCESSED,1789018357625
2228354,1,INITIATED,1789018356445
2228354,2,VALIDATED,1789018357560
2228354,3,PROCESSED,1789018357662
2228355,1,INITIATED,1789018356446
2228355,2,VALIDATED,1789018357559
2228355,3,PROCESSED,1789018357664
2228356,1,INITIATED,1789018356447
2228356,2,VALIDATED,1789018357561
2228356,3,PROCESSED,1789018357660
2228357,1,INITIATED,1789018356447
2228357,2,VALIDATED,1789018357613
2228357,3,REJECTED,1789018357701
2228358,1,INITIATED,1789018356448
2228358,2,VALIDATED,1789018357556
2228358,3,PROCESSED,1789018357658
2228359,1,INITIATED,1789018356448
2228359,2,VALIDATED,1789018357560
2228359,3,PROCESSED,1789018357665
2228360,1,INITIATED,1789018356449
2228360,2,VALIDATED,1789018357557
2228360,3,PROCESSED,1789018357661
2228361,1,INITIATED,1789018356451
2228361,2,VALIDATED,1789018357563
2228361,3,REJECTED,1789018357655
2228362,1,INITIATED,1789018356463
2228362,2,VALIDATED,1789018357468
2228362,3,PROCESSED,1789018357629
2228363,1,INITIATED,1789018356841
2228363,2,VALIDATED,1789018357617
2228363,3,PROCESSED,1789018357654
2228364,1,INITIATED,1789018356842
2228364,2,VALIDATED,1789018357571
2228364,3,PROCESSED,1789018357670
2228365,1,INITIATED,1789018356841
2228365,2,VALIDATED,1789018357569
2228365,3,PROCESSED,1789018357675
2228366,1,INITIATED,1789018356842
2228366,2,VALIDATED,1789018357573
2228366,3,PROCESSED,1789018357669
2228367,1,INITIATED,1789018356844
2228367,2,VALIDATED,1789018357578
2228367,3,PROCESSED,1789018357674
2228368,1,INITIATED,1789018356841
2228368,2,VALIDATED,1789018357573
2228368,3,PROCESSED,1789018357671
2228369,1,INITIATED,1789018356843
2228369,2,VALIDATED,1789018357616
2228369,3,PROCESSED,1789018357704
2228370,1,INITIATED,1789018356856
2228370,2,VALIDATED,1789018357632
2228370,3,PROCESSED,1789018357720
2228371,1,INITIATED,1789018356855
2228371,2,VALIDATED,1789018357625
2228371,3,PROCESSED,1789018357715
2228372,1,INITIATED,1789018356856
2228372,2,VALIDATED,1789018357630
2228372,3,PROCESSED,1789018357723
2228373,1,INITIATED,1789018356907
2228373,2,VALIDATED,1789018357581
2228373,3,PROCESSED,1789018357678
2228374,1,INITIATED,1789018356907
2228374,2,VALIDATED,1789018357579
2228374,3,PROCESSED,1789018357673
2228375,1,INITIATED,1789018356908
2228375,2,VALIDATED,1789018357581
2228375,3,PROCESSED,1789018357624
2228376,1,INITIATED,1789018356909
2228376,2,VALIDATED,1789018357582
2228376,3,PROCESSED,1789018357623
2228377,1,INITIATED,1789018356911
2228377,2,VALIDATED,1789018357538
2228377,3,PROCESSED,1789018357640
2228378,1,INITIATED,1789018356911
2228378,2,VALIDATED,1789018357536
2228378,3,PROCESSED,1789018357640
2228379,1,INITIATED,1789018356911
2228379,2,VALIDATED,1789018357537
2228379,3,PROCESSED,1789018357641
2228380,1,INITIATED,1789018356911
2228380,2,VALIDATED,1789018357580
2228380,3,PROCESSED,1789018357678
2228381,1,INITIATED,1789018356912
2228381,2,VALIDATED,1789018357582
2228381,3,PROCESSED,1789018357675
2228382,1,INITIATED,1789018356910
2228382,2,VALIDATED,1789018357536
2228382,3,PROCESSED,1789018357640
2228383,1,INITIATED,1789018356910
2228383,2,VALIDATED,1789018357582
2228383,3,PROCESSED,1789018357676
2228384,1,INITIATED,1789018356914
2228384,2,VALIDATED,1789018357585
2228384,3,PROCESSED,1789018357626
2228385,1,INITIATED,1789018356914
2228385,2,VALIDATED,1789018357585
2228385,3,PROCESSED,1789018357684
2228386,1,INITIATED,1789018356915
2228386,2,VALIDATED,1789018357539
2228386,3,PROCESSED,1789018357594
2228387,1,INITIATED,1789018356915
2228387,2,VALIDATED,1789018357540
2228387,3,PROCESSED,1789018357639
2228388,1,INITIATED,1789018357155
2228388,2,VALIDATED,1789018357603
2228388,3,PROCESSED,1789018357701
2228389,1,INITIATED,1789018357154
2228389,2,VALIDATED,1789018357598
2228389,3,PROCESSED,1789018357690
2228390,1,INITIATED,1789018357150
2228390,2,VALIDATED,1789018357592
2228390,3,PROCESSED,1789018357688
2228391,1,INITIATED,1789018357158
2228391,2,VALIDATED,1789018357556
2228391,3,PROCESSED,1789018357603
2228392,1,INITIATED,1789018357158
2228392,2,VALIDATED,1789018357603
2228392,3,PROCESSED,1789018357699
2228393,1,INITIATED,1789018357155
2228393,2,VALIDATED,1789018357654
2228393,3,PROCESSED,1789018357734
2228394,1,INITIATED,1789018357152
2228394,2,VALIDATED,1789018357600
2228394,3,PROCESSED,1789018357696
2228395,1,INITIATED,1789018357157
2228395,2,VALIDATED,1789018357551
2228395,3,PROCESSED,1789018357705
2228396,1,INITIATED,1789018357154
2228396,2,VALIDATED,1789018357605
2228396,3,PROCESSED,1789018357699
2228397,1,INITIATED,1789018357152
2228397,2,VALIDATED,1789018357595
2228397,3,PROCESSED,1789018357689
2228398,1,INITIATED,1789018357153
2228398,2,VALIDATED,1789018357596
2228398,3,PROCESSED,1789018357689
2228399,1,INITIATED,1789018357155
2228399,2,VALIDATED,1789018357558
2228399,3,PROCESSED,1789018357660
2228400,1,INITIATED,1789018357152
2228400,2,VALIDATED,1789018357592
2228400,3,PROCESSED,1789018357689
2228401,1,INITIATED,1789018357151
2228401,2,VALIDATED,1789018357595
2228401,3,PROCESSED,1789018357687
2228402,1,INITIATED,1789018357156
2228402,2,VALIDATED,1789018357599
2228402,3,PROCESSED,1789018357693
2228403,1,INITIATED,1789018357156
2228403,2,VALIDATED,1789018357606
2228403,3,PROCESSED,1789018357701
2228404,1,INITIATED,1789018357151
2228404,2,VALIDATED,1789018357598
2228404,3,PROCESSED,1789018357690
2228405,1,INITIATED,1789018357154
2228405,2,VALIDATED,1789018357594
2228405,3,PROCESSED,1789018357632
2228406,1,INITIATED,1789018357153
2228406,2,VALIDATED,1789018357649
2228406,3,PROCESSED,1789018357734
2228407,1,INITIATED,1789018357152
2228407,2,VALIDATED,1789018357598
2228407,3,PROCESSED,1789018357639
2228408,1,INITIATED,1789018357156
2228408,2,VALIDATED,1789018357597
2228408,3,PROCESSED,1789018357689
2228409,1,INITIATED,1789018357150
2228409,2,VALIDATED,1789018357590
2228409,3,PROCESSED,1789018357687
2228410,1,INITIATED,1789018357150
2228410,2,VALIDATED,1789018357649
2228410,3,PROCESSED,1789018357750
2228411,1,INITIATED,1789018357156
2228411,2,VALIDATED,1789018357606
2228411,3,PROCESSED,1789018357703
2228412,1,INITIATED,1789018357155
2228412,2,VALIDATED,1789018357599
2228412,3,PROCESSED,1789018357696
2228413,1,INITIATED,1789018357157
2228413,2,VALIDATED,1789018357557
2228413,3,PROCESSED,1789018357659
2228414,1,INITIATED,1789018357158
2228414,2,VALIDATED,1789018357605
2228414,3,PROCESSED,1789018357700
2228415,1,INITIATED,1789018357159
2228415,2,VALIDATED,1789018357601
2228415,3,PROCESSED,1789018357696
2228416,1,INITIATED,1789018357159
2228416,2,VALIDATED,1789018357604
2228416,3,PROCESSED,1789018357700
2228417,1,INITIATED,1789018357163
2228417,2,VALIDATED,1789018357553
2228417,3,PROCESSED,1789018357603
2228418,1,INITIATED,1789018357164
2228418,2,VALIDATED,1789018357601
2228418,3,PROCESSED,1789018357693
2228419,1,INITIATED,1789018357455
2228419,2,VALIDATED,1789018357614
2228419,3,PROCESSED,1789018357658
2228420,1,INITIATED,1789018357459
2228420,2,VALIDATED,1789018357611
2228420,3,PROCESSED,1789018357704
2228421,1,INITIATED,1789018357454
2228421,2,VALIDATED,1789018357616
2228421,3,PROCESSED,1789018357705
2228422,1,INITIATED,1789018357459
2228422,2,VALIDATED,1789018357613
2228422,3,PROCESSED,1789018357654
2228423,1,INITIATED,1789018357454
2228423,2,VALIDATED,1789018357611
2228423,3,PROCESSED,1789018357704
2228424,1,INITIATED,1789018357457
2228424,2,VALIDATED,1789018357611
2228424,3,REJECTED,1789018357699
2228425,1,INITIATED,1789018357463
2228425,2,VALIDATED,1789018357614
2228425,3,PROCESSED,1789018357705
2228426,1,INITIATED,1789018357463
2228426,2,VALIDATED,1789018357671
2228426,3,REJECTED,1789018357730
2228427,1,INITIATED,1789018357468
2228427,2,VALIDATED,1789018357619
2228427,3,PROCESSED,1789018357653
2228428,1,INITIATED,1789018357467
2228428,2,VALIDATED,1789018357618
2228428,3,PROCESSED,1789018357656
2228429,1,INITIATED,1789018357469
2228429,2,VALIDATED,1789018357620
2228429,3,PROCESSED,1789018357653
2228430,1,INITIATED,1789018357467
2228430,2,VALIDATED,1789018357573
2228430,3,PROCESSED,1789018357671
2228431,1,INITIATED,1789018357469
2228431,2,VALIDATED,1789018357623
2228431,3,PROCESSED,1789018357653
2228432,1,INITIATED,1789018357469
2228432,2,VALIDATED,1789018357626
2228432,3,PROCESSED,1789018357713
2228433,1,INITIATED,1789018357469
2228433,2,VALIDATED,1789018357621
2228433,3,PROCESSED,1789018357706
2228434,1,INITIATED,1789018357469
2228434,2,VALIDATED,1789018357571
2228434,3,PROCESSED,1789018357670
2228435,1,INITIATED,1789018357470
2228435,2,VALIDATED,1789018357615
2228435,3,PROCESSED,1789018357704
2228436,1,INITIATED,1789018357470
2228436,2,VALIDATED,1789018357622
2228436,3,PROCESSED,1789018357710
2228437,1,INITIATED,1789018357470
2228437,2,VALIDATED,1789018357675
2228437,3,PROCESSED,1789018357738
2228438,1,INITIATED,1789018357470
2228438,2,VALIDATED,1789018357622
2228438,3,PROCESSED,1789018357711
2228439,1,INITIATED,1789018357471
2228439,2,VALIDATED,1789018357570
2228439,3,PROCESSED,1789018357671
2228440,1,INITIATED,1789018357519
2228440,2,VALIDATED,1789018357628
2228440,3,REJECTED,1789018357708
2228441,1,INITIATED,1789018357519
2228441,2,VALIDATED,1789018357627
2228441,3,PROCESSED,1789018357712
2228442,1,INITIATED,1789018357519
2228442,2,VALIDATED,1789018357624
2228442,3,PROCESSED,1789018357711
2228443,1,INITIATED,1789018357519
2228443,2,VALIDATED,1789018357628
2228443,3,PROCESSED,1789018357716
2228444,1,INITIATED,1789018357519
2228444,2,VALIDATED,1789018357683
2228444,3,PROCESSED,1789018357746
2228445,1,INITIATED,1789018357520
2228445,2,VALIDATED,1789018357628
2228445,3,PROCESSED,1789018357714
2228446,1,INITIATED,1789018357527
2228446,2,VALIDATED,1789018357579
2228446,3,PROCESSED,1789018357670
2228447,1,INITIATED,1789018357527
2228447,2,VALIDATED,1789018357626
2228447,3,REJECTED,1789018357707
2228448,1,INITIATED,1789018357528
2228448,2,VALIDATED,1789018357630
2228448,3,PROCESSED,1789018357719
2228449,1,INITIATED,1789018357528
2228449,2,VALIDATED,1789018357630
2228449,3,PROCESSED,1789018357660
2228450,1,INITIATED,1789018357529
2228450,2,VALIDATED,1789018357630
2228450,3,PROCESSED,1789018357718
2228451,1,INITIATED,1789018357531
2228451,2,VALIDATED,1789018357582
2228451,3,PROCESSED,1789018357676
2228452,1,INITIATED,1789018357532
2228452,2,VALIDATED,1789018357632
2228452,3,PROCESSED,1789018357720
2228453,1,INITIATED,1789018357531
2228453,2,VALIDATED,1789018357577
2228453,3,PROCESSED,1789018357668
2228454,1,INITIATED,1789018357529
2228454,2,VALIDATED,1789018357579
2228454,3,PROCESSED,1789018357622
2228455,1,INITIATED,1789018357534
2228455,2,VALIDATED,1789018357629
2228455,3,PROCESSED,1789018357717
2228456,1,INITIATED,1789018357532
2228456,2,VALIDATED,1789018357682
2228456,3,PROCESSED,1789018357741
2228457,1,INITIATED,1789018357534
2228457,2,VALIDATED,1789018357630
2228457,3,PROCESSED,1789018357712
2228458,1,INITIATED,1789018357535
2228458,2,VALIDATED,1789018357595
2228458,3,PROCESSED,1789018357691
2228459,1,INITIATED,1789018357538
2228459,2,VALIDATED,1789018357584
2228459,3,PROCESSED,1789018357624
2228460,1,INITIATED,1789018357540
2228460,2,VALIDATED,1789018357637
2228460,3,PROCESSED,1789018357664
2228461,1,INITIATED,1789018357542
2228461,2,VALIDATED,1789018357588
2228461,3,PROCESSED,1789018357685
2228462,1,INITIATED,1789018357540
2228462,2,VALIDATED,1789018357650
2228462,3,PROCESSED,1789018357733
2228463,1,INITIATED,1789018357542
2228463,2,VALIDATED,1789018357693
2228463,3,PROCESSED,1789018357750
2228464,1,INITIATED,1789018357540
2228464,2,VALIDATED,1789018357702
2228464,3,PROCESSED,1789018357753
2228465,1,INITIATED,1789018357543
2228465,2,VALIDATED,1789018357638
2228465,3,PROCESSED,1789018357667
2228466,1,INITIATED,1789018357541
2228466,2,VALIDATED,1789018357636
2228466,3,PROCESSED,1789018357724
2228467,1,INITIATED,1789018357541
2228467,2,VALIDATED,1789018357693
2228467,3,PROCESSED,1789018357745
2228468,1,INITIATED,1789018357544
2228468,2,VALIDATED,1789018357638
2228468,3,PROCESSED,1789018357726
2228469,1,INITIATED,1789018357543
2228469,2,VALIDATED,1789018357695
2228469,3,PROCESSED,1789018357748
2228470,1,INITIATED,1789018357544
2228470,2,VALIDATED,1789018357589
2228470,3,PROCESSED,1789018357685
2228471,1,INITIATED,1789018357544
2228471,2,VALIDATED,1789018357636
2228471,3,PROCESSED,1789018357721
2228472,1,INITIATED,1789018357544
2228472,2,VALIDATED,1789018357637
2228472,3,PROCESSED,1789018357719
2228473,1,INITIATED,1789018357546
2228473,2,VALIDATED,1789018357639
2228473,3,PROCESSED,1789018357725
2228474,1,INITIATED,1789018357543
2228474,2,VALIDATED,1789018357589
2228474,3,PROCESSED,1789018357685
2228475,1,INITIATED,1789018357546
2228475,2,VALIDATED,1789018357638
2228475,3,PROCESSED,1789018357722
2228476,1,INITIATED,1789018357547
2228476,2,VALIDATED,1789018357646
2228476,3,PROCESSED,1789018357733
2228477,1,INITIATED,1789018357545
2228477,2,VALIDATED,1789018357707
2228477,3,PROCESSED,1789018357751
2228478,1,INITIATED,1789018357548
2228478,2,VALIDATED,1789018357644
2228478,3,PROCESSED,1789018357728
2228479,1,INITIATED,1789018357548
2228479,2,VALIDATED,1789018357642
2228479,3,PROCESSED,1789018357666
2228480,1,INITIATED,1789018357547
2228480,2,VALIDATED,1789018357645
2228480,3,PROCESSED,1789018357728
2228481,1,INITIATED,1789018357548
2228481,2,VALIDATED,1789018357644
2228481,3,PROCESSED,1789018357725
2228482,1,INITIATED,1789018357547
2228482,2,VALIDATED,1789018357645
2228482,3,PROCESSED,1789018357726
2228483,1,INITIATED,1789018357548
2228483,2,VALIDATED,1789018357647
2228483,3,PROCESSED,1789018357736
2228484,1,INITIATED,1789018357548
2228484,2,VALIDATED,1789018357707
2228484,3,PROCESSED,1789018357748
2228485,1,INITIATED,1789018357554
2228485,2,VALIDATED,1789018357649
2228485,3,PROCESSED,1789018357735
2228486,1,INITIATED,1789018357555
2228486,2,VALIDATED,1789018357649
2228486,3,PROCESSED,1789018357728
2228487,1,INITIATED,1789018357562
2228487,2,VALIDATED,1789018357654
2228487,3,PROCESSED,1789018357738
2228488,1,INITIATED,1789018357562
2228488,2,VALIDATED,1789018357604
2228488,3,PROCESSED,1789018357700
2228489,1,INITIATED,1789018357566
2228489,2,VALIDATED,1789018357658
2228489,3,PROCESSED,1789018357740
2228490,1,INITIATED,1789018357563
2228490,2,VALIDATED,1789018357714
2228490,3,PROCESSED,1789018357750
2228491,1,INITIATED,1789018357565
2228491,2,VALIDATED,1789018357654
2228491,3,PROCESSED,1789018357733
2228492,1,INITIATED,1789018357565
2228492,2,VALIDATED,1789018357655
2228492,3,PROCESSED,1789018357733
2228493,1,INITIATED,1789018357565
2228493,2,VALIDATED,1789018357657
2228493,3,PROCESSED,1789018357739
2228494,1,INITIATED,1789018357569
2228494,2,VALIDATED,1789018357658
2228494,3,PROCESSED,1789018357734
2228495,1,INITIATED,1789018357567
2228495,2,VALIDATED,1789018357605
2228495,3,PROCESSED,1789018357698
2228496,1,INITIATED,1789018357565
2228496,2,VALIDATED,1789018357715
2228496,3,PROCESSED,1789018357754
2228497,1,INITIATED,1789018357570
2228497,2,VALIDATED,1789018357661
2228497,3,PROCESSED,1789018357753
2228498,1,INITIATED,1789018357567
2228498,2,VALIDATED,1789018357655
2228498,3,PROCESSED,1789018357736
2228499,1,INITIATED,1789018357568
2228499,2,VALIDATED,1789018357664
2228499,3,PROCESSED,1789018357678
2228500,1,INITIATED,1789018357569
2228500,2,VALIDATED,1789018357718
2228500,3,PROCESSED,1789018357732
2228501,1,INITIATED,1789018357568
2228501,2,VALIDATED,1789018357659
2228501,3,PROCESSED,1789018357736
2228502,1,INITIATED,1789018357568
2228502,2,VALIDATED,1789018357607
2228502,3,PROCESSED,1789018357641
2228503,1,INITIATED,1789018357570
2228503,2,VALIDATED,1789018357718
2228503,3,PROCESSED,1789018357753
2228504,1,INITIATED,1789018357574
2228504,2,VALIDATED,1789018357663
2228504,3,REJECTED,1789018357729
2228505,1,INITIATED,1789018357574
2228505,2,VALIDATED,1789018357663
2228505,3,REJECTED,1789018357727
2228506,1,INITIATED,1789018357580
2228506,2,VALIDATED,1789018357667
2228506,3,PROCESSED,1789018357738
2228507,1,INITIATED,1789018357588
2228507,2,VALIDATED,1789018357676
2228507,3,PROCESSED,1789018357737
2228508,1,INITIATED,1789018357588
2228508,2,VALIDATED,1789018357676
2228508,3,PROCESSED,1789018357736
2228509,1,INITIATED,1789018357594
2228509,2,VALIDATED,1789018357629
2228509,3,PROCESSED,1789018357718
2228510,1,INITIATED,1789018357594
2228510,2,VALIDATED,1789018357630
2228510,3,PROCESSED,1789018357714
2228511,1,INITIATED,1789018357591
2228511,2,VALIDATED,1789018357681
2228511,3,PROCESSED,1789018357742
2228512,1,INITIATED,1789018357594
2228512,2,VALIDATED,1789018357629
2228512,3,PROCESSED,1789018357719
2228513,1,INITIATED,1789018357590
2228513,2,VALIDATED,1789018357680
2228513,3,PROCESSED,1789018357739
2228514,1,INITIATED,1789018357591
2228514,2,VALIDATED,1789018357681
2228514,3,PROCESSED,1789018357741
2228515,1,INITIATED,1789018357590
2228515,2,VALIDATED,1789018357679
2228515,3,PROCESSED,1789018357691
2228516,1,INITIATED,1789018357593
2228516,2,VALIDATED,1789018357680
2228516,3,PROCESSED,1789018357735
2228517,1,INITIATED,1789018357592
2228517,2,VALIDATED,1789018357680
2228517,3,PROCESSED,1789018357739
2228518,1,INITIATED,1789018357592
2228518,2,VALIDATED,1789018357624
2228518,3,PROCESSED,1789018357712
2228519,1,INITIATED,1789018357593
2228519,2,VALIDATED,1789018357682
2228519,3,PROCESSED,1789018357746
2228520,1,INITIATED,1789018357595
2228520,2,VALIDATED,1789018357684
2228520,3,PROCESSED,1789018357747
2228521,1,INITIATED,1789018357597
2228521,2,VALIDATED,1789018357684
2228521,3,PROCESSED,1789018357744
2228522,1,INITIATED,1789018357597
2228522,2,VALIDATED,1789018357731
2228522,3,PROCESSED,1789018357755
2228523,1,INITIATED,1789018357602
2228523,2,VALIDATED,1789018357689
2228523,3,PROCESSED,1789018357745
2228524,1,INITIATED,1789018357607
2228524,2,VALIDATED,1789018357637
2228524,3,PROCESSED,1789018357722
2228525,1,INITIATED,1789018357603
2228525,2,VALIDATED,1789018357691
2228525,3,PROCESSED,1789018357744
2228526,1,INITIATED,1789018357606
2228526,2,VALIDATED,1789018357700
2228526,3,PROCESSED,1789018357751
2228527,1,INITIATED,1789018357606
2228527,2,VALIDATED,1789018357692
2228527,3,PROCESSED,1789018357751
2228528,1,INITIATED,1789018357606
2228528,2,VALIDATED,1789018357693
2228528,3,PROCESSED,1789018357748
2228529,1,INITIATED,1789018357608
2228529,2,VALIDATED,1789018357699
2228529,3,PROCESSED,1789018357749
2228530,1,INITIATED,1789018357608
2228530,2,VALIDATED,1789018357637
2228530,3,PROCESSED,1789018357725
2228531,1,INITIATED,1789018357608
2228531,2,VALIDATED,1789018357697
2228531,3,PROCESSED,1789018357751
2228532,1,INITIATED,1789018357608
2228532,2,VALIDATED,1789018357696
2228532,3,PROCESSED,1789018357747
2228533,1,INITIATED,1789018357609
2228533,2,VALIDATED,1789018357695
2228533,3,PROCESSED,1789018357749
2228534,1,INITIATED,1789018357610
2228534,2,VALIDATED,1789018357698
2228534,3,PROCESSED,1789018357748
2228535,1,INITIATED,1789018357612
2228535,2,VALIDATED,1789018357639
2228535,3,PROCESSED,1789018357726
2228536,1,INITIATED,1789018357613
2228536,2,VALIDATED,1789018357701
2228536,3,PROCESSED,1789018357751
2228537,1,INITIATED,1789018357614
2228537,2,VALIDATED,1789018357646
2228537,3,PROCESSED,1789018357736
2228538,1,INITIATED,1789018357617
2228538,2,VALIDATED,1789018357649
2228538,3,PROCESSED,1789018357730
2228539,1,INITIATED,1789018357617
2228539,2,VALIDATED,1789018357646
2228539,3,PROCESSED,1789018357731
2228540,1,INITIATED,1789018357617
2228540,2,VALIDATED,1789018357702
2228540,3,PROCESSED,1789018357749
2228541,1,INITIATED,1789018357632
2228541,2,VALIDATED,1789018357713
2228541,3,PROCESSED,1789018357751
2228542,1,INITIATED,1789018357639
2228542,2,VALIDATED,1789018357714
2228542,3,PROCESSED,1789018357750
2228543,1,INITIATED,1789018357639
2228543,2,VALIDATED,1789018357718
2228543,3,PROCESSED,1789018357753
2228544,1,INITIATED,1789018357647
2228544,2,VALIDATED,1789018357721
2228544,3,PROCESSED,1789018357735
2228545,1,INITIATED,1789018357647
2228545,2,VALIDATED,1789018357722
2228545,3,PROCESSED,1789018357754
2228546,1,INITIATED,1789018357663
2228546,2,VALIDATED,1789018357730
2228546,3,PROCESSED,1789018357755
2228547,1,INITIATED,1789018357665
2228547,2,VALIDATED,1789018357730
2228547,3,PROCESSED,1789018357754
2228548,1,INITIATED,1789018357683
2228548,2,VALIDATED,1789018357737
2228548,3,PROCESSED,1789018357754
2228549,1,INITIATED,1789018357702
2228549,2,VALIDATED,1789018357742
2228549,3,PROCESSED,1789018357754
2228550,1,INITIATED,1789018357715
2228550,2,VALIDATED,1789018357748
2228550,3,PROCESSED,1789018357757
2228551,1,INITIATED,1789018357726
2228551,2,VALIDATED,1789018357752
2228551,3,PROCESSED,1789018357759
2228552,1,INITIATED,1789018357731
2228552,2,VALIDATED,1789018357753
2228552,3,PROCESSED,1789018357759
2228553,1,INITIATED,1789018357741
2228553,2,VALIDATED,1789018357753
2228553,3,PROCESSED,1789018357759
2228554,1,INITIATED,1789018357747
2228554,2,VALIDATED,1789018357754
2228554,3,PROCESSED,1789018357759
2228555,1,INITIATED,1789018357751
2228555,2,VALIDATED,1789018357757
2228555,3,PROCESSED,1789018357761
2228556,1,INITIATED,1789018357760
2228556,2,VALIDATED,1789018357763
2228556,3,PROCESSED,1789018357767
2228557,1,INITIATED,1789018357781
2228557,2,VALIDATED,1789018357784
2228557,3,PROCESSED,1789018357793
2228558,1,INITIATED,1789018357800
2228558,2,VALIDATED,1789018357803
2228558,3,PROCESSED,1789018357808
2228559,1,INITIATED,1789018357821
2228559,2,VALIDATED,1789018357825
2228559,3,PROCESSED,1789018357830
2228560,1,INITIATED,1789018357840
2228560,2,VALIDATED,1789018357845
2228560,3,REJECTED,1789018357848
2228561,1,INITIATED,1789018357861
2228561,2,VALIDATED,1789018357865
2228561,3,REJECTED,1789018357868
2228562,1,INITIATED,1789018357881
2228562,2,VALIDATED,1789018357884
2228562,3,REJECTED,1789018357887
2228563,1,INITIATED,1789018357901
2228563,2,VALIDATED,1789018357904
2228563,3,REJECTED,1789018357908
2228564,1,INITIATED,1789018358086
2228564,2,VALIDATED,1789018358092
2228564,3,PROCESSED,1789018358334
2228565,1,INITIATED,1789018358087
2228565,2,VALIDATED,1789018358092
2228565,3,PROCESSED,1789018358333
2228566,1,INITIATED,1789018358088
2228566,2,VALIDATED,1789018358093
2228566,3,PROCESSED,1789018358334
2228567,1,INITIATED,1789018358087
2228567,2,VALIDATED,1789018358092
2228567,3,PROCESSED,1789018358334
2228568,1,INITIATED,1789018358087
2228568,2,VALIDATED,1789018358092
2228568,3,PROCESSED,1789018358333
2228569,1,INITIATED,1789018358087
2228569,2,VALIDATED,1789018358092
2228569,3,PROCESSED,1789018358331
2228570,1,INITIATED,1789018358087
2228570,2,VALIDATED,1789018358093
2228570,3,PROCESSED,1789018358334
2228571,1,INITIATED,1789018358087
2228571,2,VALIDATED,1789018358093
2228571,3,PROCESSED,1789018358334
2228572,1,INITIATED,1789018358087
2228572,2,VALIDATED,1789018358093
2228572,3,PROCESSED,1789018358333
2228573,1,INITIATED,1789018358134
2228573,2,VALIDATED,1789018358333
2228573,3,PROCESSED,1789018358346
2228574,1,INITIATED,1789018358134
2228574,2,VALIDATED,1789018358332
2228574,3,PROCESSED,1789018358341
2228575,1,INITIATED,1789018358148
2228575,2,VALIDATED,1789018358333
2228575,3,PROCESSED,1789018358346
2228576,1,INITIATED,1789018358332
2228576,2,VALIDATED,1789018358345
2228576,3,PROCESSED,1789018358383
2228577,1,INITIATED,1789018358330
2228577,2,VALIDATED,1789018358339
2228577,3,PROCESSED,1789018358379
2228578,1,INITIATED,1789018358330
2228578,2,VALIDATED,1789018358340
2228578,3,PROCESSED,1789018358380
2228579,1,INITIATED,1789018358332
2228579,2,VALIDATED,1789018358345
2228579,3,PROCESSED,1789018358383
2228580,1,INITIATED,1789018358334
2228580,2,VALIDATED,1789018358345
2228580,3,PROCESSED,1789018358383
2228581,1,INITIATED,1789018358332
2228581,2,VALIDATED,1789018358345
2228581,3,PROCESSED,1789018358383
2228582,1,INITIATED,1789018358331
2228582,2,VALIDATED,1789018358340
2228582,3,PROCESSED,1789018358379
2228583,1,INITIATED,1789018358332
2228583,2,VALIDATED,1789018358339
2228583,3,PROCESSED,1789018358379
2228584,1,INITIATED,1789018358331
2228584,2,VALIDATED,1789018358340
2228584,3,PROCESSED,1789018358379
2228585,1,INITIATED,1789018358340
2228585,2,VALIDATED,1789018358377
2228585,3,PROCESSED,1789018358388
2228586,1,INITIATED,1789018358375
2228586,2,VALIDATED,1789018358386
2228586,3,PROCESSED,1789018358392
2228587,1,INITIATED,1789018358382
2228587,2,VALIDATED,1789018358387
2228587,3,PROCESSED,1789018358393
2228588,1,INITIATED,1789018358401
2228588,2,VALIDATED,1789018358408
2228588,3,PROCESSED,1789018358413
2228589,1,INITIATED,1789018358421
2228589,2,VALIDATED,1789018358426
2228589,3,PROCESSED,1789018358430
2228590,1,INITIATED,1789018358440
2228590,2,VALIDATED,1789018358453
2228590,3,PROCESSED,1789018358457
2228591,1,INITIATED,1789018358461
2228591,2,VALIDATED,1789018358463
2228591,3,PROCESSED,1789018358467
2228592,1,INITIATED,1789018358481
2228592,2,VALIDATED,1789018358484
2228592,3,PROCESSED,1789018358487
2228593,1,INITIATED,1789018358500
2228593,2,VALIDATED,1789018358505
2228593,3,PROCESSED,1789018358525
2228594,1,INITIATED,1789018358520
2228594,2,VALIDATED,1789018358524
2228594,3,PROCESSED,1789018358528
2228595,1,INITIATED,1789018358541
2228595,2,VALIDATED,1789018358545
2228595,3,PROCESSED,1789018358549
2228596,1,INITIATED,1789018358561
2228596,2,VALIDATED,1789018358564
2228596,3,PROCESSED,1789018358570
2228597,1,INITIATED,1789018358581
2228597,2,VALIDATED,1789018358585
2228597,3,PROCESSED,1789018358589
2228598,1,INITIATED,1789018358601
2228598,2,VALIDATED,1789018358604
2228598,3,PROCESSED,1789018358608
2228599,1,INITIATED,1789018358621
2228599,2,VALIDATED,1789018358625
2228599,3,PROCESSED,1789018358629
2228600,1,INITIATED,1789018358641
2228600,2,VALIDATED,1789018358644
2228600,3,PROCESSED,1789018358665
2228601,1,INITIATED,1789018358661
2228601,2,VALIDATED,1789018358664
2228601,3,PROCESSED,1789018358669
2228602,1,INITIATED,1789018358681
2228602,2,VALIDATED,1789018358684
2228602,3,PROCESSED,1789018358688
2228603,1,INITIATED,1789018358701
2228603,2,VALIDATED,1789018358704
2228603,3,PROCESSED,1789018358707
2228604,1,INITIATED,1789018358720
2228604,2,VALIDATED,1789018358723
2228604,3,PROCESSED,1789018358727
2228605,1,INITIATED,1789018358741
2228605,2,VALIDATED,1789018358745
2228605,3,PROCESSED,1789018358748
2228606,1,INITIATED,1789018358761
2228606,2,VALIDATED,1789018358764
2228606,3,PROCESSED,1789018358769
2228607,1,INITIATED,1789018358781
2228607,2,VALIDATED,1789018358785
2228607,3,PROCESSED,1789018358789
2228608,1,INITIATED,1789018358801
2228608,2,VALIDATED,1789018358804
2228608,3,PROCESSED,1789018358809
2228609,1,INITIATED,1789018358822
2228609,2,VALIDATED,1789018358825
2228609,3,PROCESSED,1789018358829
2228610,1,INITIATED,1789018358841
2228610,2,VALIDATED,1789018358844
2228610,3,PROCESSED,1789018358848
2228611,1,INITIATED,1789018358861
2228611,2,VALIDATED,1789018358867
2228611,3,PROCESSED,1789018358872
2228612,1,INITIATED,1789018358881
2228612,2,VALIDATED,1789018358885
2228612,3,PROCESSED,1789018358889
2228613,1,INITIATED,1789018358901
2228613,2,VALIDATED,1789018358905
2228613,3,PROCESSED,1789018358909
2228614,1,INITIATED,1789018359189
2228614,2,VALIDATED,1789018359193
2228614,3,PROCESSED,1789018359345
2228615,1,INITIATED,1789018359190
2228615,2,VALIDATED,1789018359194
2228615,3,PROCESSED,1789018359345
2228616,1,INITIATED,1789018359190
2228616,2,VALIDATED,1789018359342
2228616,3,PROCESSED,1789018359723
2228617,1,INITIATED,1789018359189
2228617,2,VALIDATED,1789018359193
2228617,3,PROCESSED,1789018359345
2228618,1,INITIATED,1789018359190
2228618,2,VALIDATED,1789018359343
2228618,3,PROCESSED,1789018359725
2228619,1,INITIATED,1789018359189
2228619,2,VALIDATED,1789018359193
2228619,3,PROCESSED,1789018359345
2228620,1,INITIATED,1789018359190
2228620,2,VALIDATED,1789018359343
2228620,3,PROCESSED,1789018359722
2228621,1,INITIATED,1789018359189
2228621,2,VALIDATED,1789018359193
2228621,3,PROCESSED,1789018359345
2228622,1,INITIATED,1789018359190
2228622,2,VALIDATED,1789018359341
2228622,3,PROCESSED,1789018359722
2228623,1,INITIATED,1789018359190
2228623,2,VALIDATED,1789018359342
2228623,3,PROCESSED,1789018359723
2228624,1,INITIATED,1789018359191
2228624,2,VALIDATED,1789018359341
2228624,3,PROCESSED,1789018359723
2228625,1,INITIATED,1789018359190
2228625,2,VALIDATED,1789018359342
2228625,3,PROCESSED,1789018359725
2228626,1,INITIATED,1789018359191
2228626,2,VALIDATED,1789018359342
2228626,3,PROCESSED,1789018359723
2228627,1,INITIATED,1789018359189
2228627,2,VALIDATED,1789018359194
2228627,3,PROCESSED,1789018359345
2228628,1,INITIATED,1789018359209
2228628,2,VALIDATED,1789018359395
2228628,3,PROCESSED,1789018359725
2228629,1,INITIATED,1789018359343
2228629,2,VALIDATED,1789018359397
2228629,3,PROCESSED,1789018359865
2228630,1,INITIATED,1789018359342
2228630,2,VALIDATED,1789018359720
2228630,3,PROCESSED,1789018359866
2228631,1,INITIATED,1789018359343
2228631,2,VALIDATED,1789018359721
2228631,3,PROCESSED,1789018359866
2228632,1,INITIATED,1789018359341
2228632,2,VALIDATED,1789018359721
2228632,3,PROCESSED,1789018359867
2228633,1,INITIATED,1789018359343
2228633,2,VALIDATED,1789018359721
2228633,3,PROCESSED,1789018359866
2228634,1,INITIATED,1789018359343
2228634,2,VALIDATED,1789018359719
2228634,3,PROCESSED,1789018359864
2228635,1,INITIATED,1789018359342
2228635,2,VALIDATED,1789018359719
2228635,3,PROCESSED,1789018359729
2228636,1,INITIATED,1789018359395
2228636,2,VALIDATED,1789018359721
2228636,3,PROCESSED,1789018359866
2228637,1,INITIATED,1789018359395
2228637,2,VALIDATED,1789018359722
2228637,3,PROCESSED,1789018359867
2228638,1,INITIATED,1789018359724
2228638,2,VALIDATED,1789018359864
2228638,3,PROCESSED,1789018360301
2228639,1,INITIATED,1789018359721
2228639,2,VALIDATED,1789018359861
2228639,3,PROCESSED,1789018360299
2228640,1,INITIATED,1789018359724
2228640,2,VALIDATED,1789018359863
2228640,3,PROCESSED,1789018360301
2228641,1,INITIATED,1789018359723
2228641,2,VALIDATED,1789018359865
2228641,3,PROCESSED,1789018360301
2228642,1,INITIATED,1789018359721
2228642,2,VALIDATED,1789018359864
2228642,3,PROCESSED,1789018360302
2228643,1,INITIATED,1789018359722
2228643,2,VALIDATED,1789018359865
2228643,3,PROCESSED,1789018360302
2228644,1,INITIATED,1789018359723
2228644,2,VALIDATED,1789018359865
2228644,3,PROCESSED,1789018360300
2228645,1,INITIATED,1789018359723
2228645,2,VALIDATED,1789018359863
2228645,3,PROCESSED,1789018360301
2228646,1,INITIATED,1789018359724
2228646,2,VALIDATED,1789018359862
2228646,3,PROCESSED,1789018360299
2228647,1,INITIATED,1789018359724
2228647,2,VALIDATED,1789018359866
2228647,3,PROCESSED,1789018360297
2228648,1,INITIATED,1789018359720
2228648,2,VALIDATED,1789018359861
2228648,3,PROCESSED,1789018360301
2228649,1,INITIATED,1789018359724
2228649,2,VALIDATED,1789018359865
2228649,3,PROCESSED,1789018360300
2228650,1,INITIATED,1789018359724
2228650,2,VALIDATED,1789018359862
2228650,3,PROCESSED,1789018360301
2228651,1,INITIATED,1789018359722
2228651,2,VALIDATED,1789018359865
2228651,3,PROCESSED,1789018360300
2228652,1,INITIATED,1789018359725
2228652,2,VALIDATED,1789018359866
2228652,3,PROCESSED,1789018360301
2228653,1,INITIATED,1789018359725
2228653,2,VALIDATED,1789018359881
2228653,3,PROCESSED,1789018360302
2228654,1,INITIATED,1789018359860
2228654,2,VALIDATED,1789018360302
2228654,3,PROCESSED,1789018360441
2228655,1,INITIATED,1789018359860
2228655,2,VALIDATED,1789018360298
2228655,3,PROCESSED,1789018360865
2228656,1,INITIATED,1789018359861
2228656,2,VALIDATED,1789018360294
2228656,3,REJECTED,1789018360438
2228657,1,INITIATED,1789018359863
2228657,2,VALIDATED,1789018360297
2228657,3,PROCESSED,1789018360441
2228658,1,INITIATED,1789018359865
2228658,2,VALIDATED,1789018360298
2228658,3,PROCESSED,1789018360441
2228659,1,INITIATED,1789018359864
2228659,2,VALIDATED,1789018360296
2228659,3,PROCESSED,1789018360440
2228660,1,INITIATED,1789018359862
2228660,2,VALIDATED,1789018360300
2228660,3,REJECTED,1789018360438
2228661,1,INITIATED,1789018359864
2228661,2,VALIDATED,1789018360298
2228661,3,PROCESSED,1789018360861
2228662,1,INITIATED,1789018360297
2228662,2,VALIDATED,1789018360440
2228662,3,REJECTED,1789018360858
2228663,1,INITIATED,1789018360299
2228663,2,VALIDATED,1789018360441
2228663,3,REJECTED,1789018360860
2228664,1,INITIATED,1789018360295
2228664,2,VALIDATED,1789018360440
2228664,3,PROCESSED,1789018360865
2228665,1,INITIATED,1789018360296
2228665,2,VALIDATED,1789018360439
2228665,3,PROCESSED,1789018360862
2228666,1,INITIATED,1789018360296
2228666,2,VALIDATED,1789018360439
2228666,3,PROCESSED,1789018360863
2228667,1,INITIATED,1789018360295
2228667,2,VALIDATED,1789018360440
2228667,3,PROCESSED,1789018360863
2228668,1,INITIATED,1789018360295
2228668,2,VALIDATED,1789018360437
2228668,3,PROCESSED,1789018360862
2228669,1,INITIATED,1789018360293
2228669,2,VALIDATED,1789018360440
2228669,3,PROCESSED,1789018360865
2228670,1,INITIATED,1789018360301
2228670,2,VALIDATED,1789018360861
2228670,3,PROCESSED,1789018361005
2228671,1,INITIATED,1789018360301
2228671,2,VALIDATED,1789018360859
2228671,3,PROCESSED,1789018361412
2228672,1,INITIATED,1789018360316
2228672,2,VALIDATED,1789018360860
2228672,3,PROCESSED,1789018361409
2228673,1,INITIATED,1789018360316
2228673,2,VALIDATED,1789018360857
2228673,3,PROCESSED,1789018361005
2228674,1,INITIATED,1789018360316
2228674,2,VALIDATED,1789018360861
2228674,3,PROCESSED,1789018361411
2228675,1,INITIATED,1789018360316
2228675,2,VALIDATED,1789018360864
2228675,3,PROCESSED,1789018361005
2228676,1,INITIATED,1789018360316
2228676,2,VALIDATED,1789018360864
2228676,3,PROCESSED,1789018361005
2228677,1,INITIATED,1789018360436
2228677,2,VALIDATED,1789018360863
2228677,3,PROCESSED,1789018361413
2228678,1,INITIATED,1789018360436
2228678,2,VALIDATED,1789018360862
2228678,3,PROCESSED,1789018361412
2228679,1,INITIATED,1789018360438
2228679,2,VALIDATED,1789018360861
2228679,3,PROCESSED,1789018361408
2228680,1,INITIATED,1789018360438
2228680,2,VALIDATED,1789018360862
2228680,3,PROCESSED,1789018361408
2228681,1,INITIATED,1789018360439
2228681,2,VALIDATED,1789018360859
2228681,3,PROCESSED,1789018361412
2228682,1,INITIATED,1789018360438
2228682,2,VALIDATED,1789018360861
2228682,3,PROCESSED,1789018361410
2228683,1,INITIATED,1789018360439
2228683,2,VALIDATED,1789018360862
2228683,3,PROCESSED,1789018361410
2228684,1,INITIATED,1789018360439
2228684,2,VALIDATED,1789018360864
2228684,3,PROCESSED,1789018361412
2228685,1,INITIATED,1789018360439
2228685,2,VALIDATED,1789018360863
2228685,3,PROCESSED,1789018361408
2228686,1,INITIATED,1789018360440
2228686,2,VALIDATED,1789018360863
2228686,3,PROCESSED,1789018361411
2228687,1,INITIATED,1789018360440
2228687,2,VALIDATED,1789018360862
2228687,3,PROCESSED,1789018361005
2228688,1,INITIATED,1789018360440
2228688,2,VALIDATED,1789018360860
2228688,3,PROCESSED,1789018361409
2228689,1,INITIATED,1789018360439
2228689,2,VALIDATED,1789018360863
2228689,3,PROCESSED,1789018361411
2228690,1,INITIATED,1789018360860
2228690,2,VALIDATED,1789018361003
2228690,3,PROCESSED,1789018361414
2228691,1,INITIATED,1789018360861
2228691,2,VALIDATED,1789018361402
2228691,3,PROCESSED,1789018362093
2228692,1,INITIATED,1789018360857
2228692,2,VALIDATED,1789018360998
2228692,3,PROCESSED,1789018361411
2228693,1,INITIATED,1789018360995
2228693,2,VALIDATED,1789018361409
2228693,3,PROCESSED,1789018362094
2228694,1,INITIATED,1789018360995
2228694,2,VALIDATED,1789018361412
2228694,3,PROCESSED,1789018361600
2228695,1,INITIATED,1789018360996
2228695,2,VALIDATED,1789018361595
2228695,3,PROCESSED,1789018362120
2228696,1,INITIATED,1789018361000
2228696,2,VALIDATED,1789018361403
2228696,3,PROCESSED,1789018361600
2228697,1,INITIATED,1789018360997
2228697,2,VALIDATED,1789018361429
2228697,3,PROCESSED,1789018362120
2228698,1,INITIATED,1789018360997
2228698,2,VALIDATED,1789018361594
2228698,3,PROCESSED,1789018362295
2228699,1,INITIATED,1789018361000
2228699,2,VALIDATED,1789018361594
2228699,3,PROCESSED,1789018362295
2228700,1,INITIATED,1789018361000
2228700,2,VALIDATED,1789018361407
2228700,3,PROCESSED,1789018362094
2228701,1,INITIATED,1789018361001
2228701,2,VALIDATED,1789018361412
2228701,3,PROCESSED,1789018361600
2228702,1,INITIATED,1789018360999
2228702,2,VALIDATED,1789018361409
2228702,3,PROCESSED,1789018362094
2228703,1,INITIATED,1789018361001
2228703,2,VALIDATED,1789018361412
2228703,3,PROCESSED,1789018362095
2228704,1,INITIATED,1789018361001
2228704,2,VALIDATED,1789018361411
2228704,3,PROCESSED,1789018362095
2228705,1,INITIATED,1789018361001
2228705,2,VALIDATED,1789018361406
2228705,3,PROCESSED,1789018362094
2228706,1,INITIATED,1789018361004
2228706,2,VALIDATED,1789018361409
2228706,3,PROCESSED,1789018362093
2228707,1,INITIATED,1789018361001
2228707,2,VALIDATED,1789018361408
2228707,3,PROCESSED,1789018362093
2228708,1,INITIATED,1789018361002
2228708,2,VALIDATED,1789018361403
2228708,3,PROCESSED,1789018362093
2228709,1,INITIATED,1789018361003
2228709,2,VALIDATED,1789018361402
2228709,3,PROCESSED,1789018362093
2228710,1,INITIATED,1789018361004
2228710,2,VALIDATED,1789018361593
2228710,3,PROCESSED,1789018362296
2228711,1,INITIATED,1789018361004
2228711,2,VALIDATED,1789018361409
2228711,3,PROCESSED,1789018362094
2228712,1,INITIATED,1789018361002
2228712,2,VALIDATED,1789018361593
2228712,3,PROCESSED,1789018362295
2228713,1,INITIATED,1789018361005
2228713,2,VALIDATED,1789018361409
2228713,3,PROCESSED,1789018362093
2228714,1,INITIATED,1789018361005
2228714,2,VALIDATED,1789018361402
2228714,3,PROCESSED,1789018362092
2228715,1,INITIATED,1789018361004
2228715,2,VALIDATED,1789018361595
2228715,3,PROCESSED,1789018362120
2228716,1,INITIATED,1789018361004
2228716,2,VALIDATED,1789018361429
2228716,3,PROCESSED,1789018362120
2228717,1,INITIATED,1789018361005
2228717,2,VALIDATED,1789018361405
2228717,3,PROCESSED,1789018361601
2228718,1,INITIATED,1789018361401
2228718,2,VALIDATED,1789018361598
2228718,3,PROCESSED,1789018362295
2228719,1,INITIATED,1789018361401
2228719,2,VALIDATED,1789018361597
2228719,3,PROCESSED,1789018362094
2228720,1,INITIATED,1789018361401
2228720,2,VALIDATED,1789018361597
2228720,3,PROCESSED,1789018362295
2228721,1,INITIATED,1789018361597
2228721,2,VALIDATED,1789018362293
2228721,3,PROCESSED,1789018362976
2228722,1,INITIATED,1789018361596
2228722,2,VALIDATED,1789018362292
2228722,3,PROCESSED,1789018363912
2228723,1,INITIATED,1789018361598
2228723,2,VALIDATED,1789018362089
2228723,3,PROCESSED,1789018362812
2228724,1,INITIATED,1789018361598
2228724,2,VALIDATED,1789018362092
2228724,3,PROCESSED,1789018362295
2228725,1,INITIATED,1789018361597
2228725,2,VALIDATED,1789018362116
2228725,3,PROCESSED,1789018362975
2228726,1,INITIATED,1789018361598
2228726,2,VALIDATED,1789018362291
2228726,3,PROCESSED,1789018362976
2228727,1,INITIATED,1789018361597
2228727,2,VALIDATED,1789018362117
2228727,3,PROCESSED,1789018362815
2228728,1,INITIATED,1789018361599
2228728,2,VALIDATED,1789018362116
2228728,3,PROCESSED,1789018362973
2228729,1,INITIATED,1789018361598
2228729,2,VALIDATED,1789018362115
2228729,3,PROCESSED,1789018362815
2228730,1,INITIATED,1789018361598
2228730,2,VALIDATED,1789018362291
2228730,3,PROCESSED,1789018362813
2228731,1,INITIATED,1789018361599
2228731,2,VALIDATED,1789018362294
2228731,3,PROCESSED,1789018363544
2228732,1,INITIATED,1789018361599
2228732,2,VALIDATED,1789018362116
2228732,3,PROCESSED,1789018362814
2228733,1,INITIATED,1789018361600
2228733,2,VALIDATED,1789018362293
2228733,3,PROCESSED,1789018363545
2228734,1,INITIATED,1789018361598
2228734,2,VALIDATED,1789018362293
2228734,3,PROCESSED,1789018362976
2228735,1,INITIATED,1789018361600
2228735,2,VALIDATED,1789018362091
2228735,3,PROCESSED,1789018362814
2228736,1,INITIATED,1789018361599
2228736,2,VALIDATED,1789018362115
2228736,3,PROCESSED,1789018362972
2228737,1,INITIATED,1789018361599
2228737,2,VALIDATED,1789018362091
2228737,3,PROCESSED,1789018362813
2228738,1,INITIATED,1789018362085
2228738,2,VALIDATED,1789018362807
2228738,3,PROCESSED,1789018363545
2228739,1,INITIATED,1789018362085
2228739,2,VALIDATED,1789018362812
2228739,3,PROCESSED,1789018363545
2228740,1,INITIATED,1789018362088
2228740,2,VALIDATED,1789018362810
2228740,3,PROCESSED,1789018362975
2228741,1,INITIATED,1789018362086
2228741,2,VALIDATED,1789018362808
2228741,3,PROCESSED,1789018364056
2228742,1,INITIATED,1789018362085
2228742,2,VALIDATED,1789018362811
2228742,3,PROCESSED,1789018362976
2228743,1,INITIATED,1789018362090
2228743,2,VALIDATED,1789018362809
2228743,3,PROCESSED,1789018363544
2228744,1,INITIATED,1789018362087
2228744,2,VALIDATED,1789018362811
2228744,3,PROCESSED,1789018363545
2228745,1,INITIATED,1789018362089
2228745,2,VALIDATED,1789018362811
2228745,3,PROCESSED,1789018362976
2228746,1,INITIATED,1789018362085
2228746,2,VALIDATED,1789018362813
2228746,3,PROCESSED,1789018363545
2228747,1,INITIATED,1789018362085
2228747,2,VALIDATED,1789018362809
2228747,3,PROCESSED,1789018363545
2228748,1,INITIATED,1789018362087
2228748,2,VALIDATED,1789018362807
2228748,3,PROCESSED,1789018363908
2228749,1,INITIATED,1789018362085
2228749,2,VALIDATED,1789018362810
2228749,3,PROCESSED,1789018362977
2228750,1,INITIATED,1789018362085
2228750,2,VALIDATED,1789018362809
2228750,3,PROCESSED,1789018362977
2228751,1,INITIATED,1789018362291
2228751,2,VALIDATED,1789018362973
2228751,3,PROCESSED,1789018363387
2228752,1,INITIATED,1789018362291
2228752,2,VALIDATED,1789018363538
2228752,3,PROCESSED,1789018364056
2228753,1,INITIATED,1789018362291
2228753,2,VALIDATED,1789018364050
2228753,3,PROCESSED,1789018365077
2228754,1,INITIATED,1789018362292
2228754,2,VALIDATED,1789018362973
2228754,3,PROCESSED,1789018363911
2228755,1,INITIATED,1789018362294
2228755,2,VALIDATED,1789018363567
2228755,3,PROCESSED,1789018364446
2228756,1,INITIATED,1789018362293
2228756,2,VALIDATED,1789018362807
2228756,3,PROCESSED,1789018363388
2228757,1,INITIATED,1789018362294
2228757,2,VALIDATED,1789018362971
2228757,3,PROCESSED,1789018363909
2228758,1,INITIATED,1789018362293
2228758,2,VALIDATED,1789018363568
2228758,3,PROCESSED,1789018364608
2228759,1,INITIATED,1789018362313
2228759,2,VALIDATED,1789018362974
2228759,3,PROCESSED,1789018363388
2228760,1,INITIATED,1789018362313
2228760,2,VALIDATED,1789018362972
2228760,3,REJECTED,1789018363386
2228761,1,INITIATED,1789018362313
2228761,2,VALIDATED,1789018362974
2228761,3,REJECTED,1789018364054
2228762,1,INITIATED,1789018362313
2228762,2,VALIDATED,1789018362972
2228762,3,REJECTED,1789018363567
2228763,1,INITIATED,1789018362313
2228763,2,VALIDATED,1789018362973
2228763,3,PROCESSED,1789018363388
2228764,1,INITIATED,1789018362314
2228764,2,VALIDATED,1789018364051
2228764,3,PROCESSED,1789018364608
2228765,1,INITIATED,1789018362314
2228765,2,VALIDATED,1789018362974
2228765,3,REJECTED,1789018363382
2228766,1,INITIATED,1789018362314
2228766,2,VALIDATED,1789018363385
2228766,3,PROCESSED,1789018364055
2228767,1,INITIATED,1789018362314
2228767,2,VALIDATED,1789018362973
2228767,3,PROCESSED,1789018363388
2228768,1,INITIATED,1789018362353
2228768,2,VALIDATED,1789018363029
2228768,3,PROCESSED,1789018363913
2228769,1,INITIATED,1789018362809
2228769,2,VALIDATED,1789018363542
2228769,3,PROCESSED,1789018364056
2228770,1,INITIATED,1789018362813
2228770,2,VALIDATED,1789018363538
2228770,3,PROCESSED,1789018364056
2228771,1,INITIATED,1789018362810
2228771,2,VALIDATED,1789018362974
2228771,3,PROCESSED,1789018363389
2228772,1,INITIATED,1789018362806
2228772,2,VALIDATED,1789018363382
2228772,3,PROCESSED,1789018363913
2228773,1,INITIATED,1789018362806
2228773,2,VALIDATED,1789018363565
2228773,3,PROCESSED,1789018364449
2228774,1,INITIATED,1789018362807
2228774,2,VALIDATED,1789018364052
2228774,3,PROCESSED,1789018365239
2228775,1,INITIATED,1789018362810
2228775,2,VALIDATED,1789018363541
2228775,3,PROCESSED,1789018364447
2228776,1,INITIATED,1789018362806
2228776,2,VALIDATED,1789018363543
2228776,3,PROCESSED,1789018364448
2228777,1,INITIATED,1789018362811
2228777,2,VALIDATED,1789018363542
2228777,3,PROCESSED,1789018364607
2228778,1,INITIATED,1789018362811
2228778,2,VALIDATED,1789018363542
2228778,3,PROCESSED,1789018364445
2228779,1,INITIATED,1789018362812
2228779,2,VALIDATED,1789018362973
2228779,3,PROCESSED,1789018363388
2228780,1,INITIATED,1789018362806
2228780,2,VALIDATED,1789018363028
2228780,3,PROCESSED,1789018363913
2228781,1,INITIATED,1789018362812
2228781,2,VALIDATED,1789018362973
2228781,3,PROCESSED,1789018363910
2228782,1,INITIATED,1789018362966
2228782,2,VALIDATED,1789018363543
2228782,3,PROCESSED,1789018364055
2228783,1,INITIATED,1789018362966
2228783,2,VALIDATED,1789018363567
2228783,3,PROCESSED,1789018364446
2228784,1,INITIATED,1789018362966
2228784,2,VALIDATED,1789018363384
2228784,3,PROCESSED,1789018363913
2228785,1,INITIATED,1789018362970
2228785,2,VALIDATED,1789018363385
2228785,3,PROCESSED,1789018364056
2228786,1,INITIATED,1789018362973
2228786,2,VALIDATED,1789018363567
2228786,3,PROCESSED,1789018364447
2228787,1,INITIATED,1789018362974
2228787,2,VALIDATED,1789018363386
2228787,3,PROCESSED,1789018364055
2228788,1,INITIATED,1789018362975
2228788,2,VALIDATED,1789018363565
2228788,3,PROCESSED,1789018364447
2228789,1,INITIATED,1789018362975
2228789,2,VALIDATED,1789018363566
2228789,3,PROCESSED,1789018364447
2228790,1,INITIATED,1789018363028
2228790,2,VALIDATED,1789018363909
2228790,3,PROCESSED,1789018364453
2228791,1,INITIATED,1789018363029
2228791,2,VALIDATED,1789018363911
2228791,3,PROCESSED,1789018364596
2228792,1,INITIATED,1789018363383
2228792,2,VALIDATED,1789018364052
2228792,3,PROCESSED,1789018365239
2228793,1,INITIATED,1789018363383
2228793,2,VALIDATED,1789018364053
2228793,3,PROCESSED,1789018365240
2228794,1,INITIATED,1789018363385
2228794,2,VALIDATED,1789018363542
2228794,3,PROCESSED,1789018364448
2228795,1,INITIATED,1789018363383
2228795,2,VALIDATED,1789018363910
2228795,3,PROCESSED,1789018365200
2228796,1,INITIATED,1789018363384
2228796,2,VALIDATED,1789018363543
2228796,3,PROCESSED,1789018365200
2228797,1,INITIATED,1789018363384
2228797,2,VALIDATED,1789018363911
2228797,3,PROCESSED,1789018365199
2228798,1,INITIATED,1789018363383
2228798,2,VALIDATED,1789018363543
2228798,3,PROCESSED,1789018364055
2228799,1,INITIATED,1789018363385
2228799,2,VALIDATED,1789018364050
2228799,3,PROCESSED,1789018365239
2228800,1,INITIATED,1789018363385
2228800,2,VALIDATED,1789018363541
2228800,3,PROCESSED,1789018363911
2228801,1,INITIATED,1789018363385
2228801,2,VALIDATED,1789018364053
2228801,3,PROCESSED,1789018365240
2228802,1,INITIATED,1789018363386
2228802,2,VALIDATED,1789018363909
2228802,3,PROCESSED,1789018364595
2228803,1,INITIATED,1789018363383
2228803,2,VALIDATED,1789018363542
2228803,3,PROCESSED,1789018364055
2228804,1,INITIATED,1789018363383
2228804,2,VALIDATED,1789018363541
2228804,3,PROCESSED,1789018363909
2228805,1,INITIATED,1789018363386
2228805,2,VALIDATED,1789018364052
2228805,3,PROCESSED,1789018364608
2228806,1,INITIATED,1789018363386
2228806,2,VALIDATED,1789018363911
2228806,3,PROCESSED,1789018365200
2228807,1,INITIATED,1789018363387
2228807,2,VALIDATED,1789018364054
2228807,3,PROCESSED,1789018365078
2228808,1,INITIATED,1789018363535
2228808,2,VALIDATED,1789018364054
2228808,3,PROCESSED,1789018364608
2228809,1,INITIATED,1789018363535
2228809,2,VALIDATED,1789018364105
2228809,3,PROCESSED,1789018365200
2228810,1,INITIATED,1789018363535
2228810,2,VALIDATED,1789018364592
2228810,3,PROCESSED,1789018365624
2228811,1,INITIATED,1789018363536
2228811,2,VALIDATED,1789018364054
2228811,3,PROCESSED,1789018364447
2228812,1,INITIATED,1789018363537
2228812,2,VALIDATED,1789018364102
2228812,3,PROCESSED,1789018365077
2228813,1,INITIATED,1789018363537
2228813,2,VALIDATED,1789018363568
2228813,3,PROCESSED,1789018364448
2228814,1,INITIATED,1789018363539
2228814,2,VALIDATED,1789018364104
2228814,3,PROCESSED,1789018365200
2228815,1,INITIATED,1789018363541
2228815,2,VALIDATED,1789018364105
2228815,3,PROCESSED,1789018365200
2228816,1,INITIATED,1789018363543
2228816,2,VALIDATED,1789018364452
2228816,3,PROCESSED,1789018364608
2228817,1,INITIATED,1789018363542
2228817,2,VALIDATED,1789018364102
2228817,3,PROCESSED,1789018365078
2228818,1,INITIATED,1789018363565
2228818,2,VALIDATED,1789018364104
2228818,3,PROCESSED,1789018365078
2228819,1,INITIATED,1789018363565
2228819,2,VALIDATED,1789018364105
2228819,3,PROCESSED,1789018365200
2228820,1,INITIATED,1789018363566
2228820,2,VALIDATED,1789018364105
2228820,3,PROCESSED,1789018365200
2228821,1,INITIATED,1789018363567
2228821,2,VALIDATED,1789018364105
2228821,3,PROCESSED,1789018365200
2228822,1,INITIATED,1789018363566
2228822,2,VALIDATED,1789018364102
2228822,3,PROCESSED,1789018365624
2228823,1,INITIATED,1789018363567
2228823,2,VALIDATED,1789018364104
2228823,3,PROCESSED,1789018365079
2228824,1,INITIATED,1789018363568
2228824,2,VALIDATED,1789018364103
2228824,3,PROCESSED,1789018365077
2228825,1,INITIATED,1789018363907
2228825,2,VALIDATED,1789018364593
2228825,3,PROCESSED,1789018365079
2228826,1,INITIATED,1789018363908
2228826,2,VALIDATED,1789018364054
2228826,3,PROCESSED,1789018364608
2228827,1,INITIATED,1789018363908
2228827,2,VALIDATED,1789018364593
2228827,3,PROCESSED,1789018365624
2228828,1,INITIATED,1789018363908
2228828,2,VALIDATED,1789018364594
2228828,3,PROCESSED,1789018365624
2228829,1,INITIATED,1789018363907
2228829,2,VALIDATED,1789018364592
2228829,3,PROCESSED,1789018365624
2228830,1,INITIATED,1789018363912
2228830,2,VALIDATED,1789018364452
2228830,3,PROCESSED,1789018365622
2228831,1,INITIATED,1789018363908
2228831,2,VALIDATED,1789018364054
2228831,3,PROCESSED,1789018365238
2228832,1,INITIATED,1789018363911
2228832,2,VALIDATED,1789018364451
2228832,3,PROCESSED,1789018365621
2228833,1,INITIATED,1789018363908
2228833,2,VALIDATED,1789018364593
2228833,3,PROCESSED,1789018365621
2228834,1,INITIATED,1789018363911
2228834,2,VALIDATED,1789018364590
2228834,3,PROCESSED,1789018365077
2228835,1,INITIATED,1789018363907
2228835,2,VALIDATED,1789018364451
2228835,3,PROCESSED,1789018364608
2228836,1,INITIATED,1789018363909
2228836,2,VALIDATED,1789018364055
2228836,3,PROCESSED,1789018365239
2228837,1,INITIATED,1789018363911
2228837,2,VALIDATED,1789018364452
2228837,3,PROCESSED,1789018364608
2228838,1,INITIATED,1789018363910
2228838,2,VALIDATED,1789018364054
2228838,3,PROCESSED,1789018365238
2228839,1,INITIATED,1789018363910
2228839,2,VALIDATED,1789018364591
2228839,3,PROCESSED,1789018365624
2228840,1,INITIATED,1789018364050
2228840,2,VALIDATED,1789018364595
2228840,3,PROCESSED,1789018365624
2228841,1,INITIATED,1789018364053
2228841,2,VALIDATED,1789018364593
2228841,3,PROCESSED,1789018365624
2228842,1,INITIATED,1789018364050
2228842,2,VALIDATED,1789018365236
2228842,3,PROCESSED,1789018366177
2228843,1,INITIATED,1789018364051
2228843,2,VALIDATED,1789018365235
2228843,3,PROCESSED,1789018366177
2228844,1,INITIATED,1789018364055
2228844,2,VALIDATED,1789018364591
2228844,3,PROCESSED,1789018365623
2228845,1,INITIATED,1789018364055
2228845,2,VALIDATED,1789018365073
2228845,3,PROCESSED,1789018365774
2228846,1,INITIATED,1789018364102
2228846,2,VALIDATED,1789018365076
2228846,3,PROCESSED,1789018365774
2228847,1,INITIATED,1789018364103
2228847,2,VALIDATED,1789018365074
2228847,3,PROCESSED,1789018366324
2228848,1,INITIATED,1789018364105
2228848,2,VALIDATED,1789018365075
2228848,3,PROCESSED,1789018365774
2228849,1,INITIATED,1789018364104
2228849,2,VALIDATED,1789018365621
2228849,3,PROCESSED,1789018366325
2228850,1,INITIATED,1789018364104
2228850,2,VALIDATED,1789018365079
2228850,3,PROCESSED,1789018365823
2228851,1,INITIATED,1789018364104
2228851,2,VALIDATED,1789018365620
2228851,3,PROCESSED,1789018366324
2228852,1,INITIATED,1789018364105
2228852,2,VALIDATED,1789018364452
2228852,3,PROCESSED,1789018365622
2228853,1,INITIATED,1789018364104
2228853,2,VALIDATED,1789018365073
2228853,3,PROCESSED,1789018365775
2228854,1,INITIATED,1789018364443
2228854,2,VALIDATED,1789018365197
2228854,3,PROCESSED,1789018366329
2228855,1,INITIATED,1789018364444
2228855,2,VALIDATED,1789018365197
2228855,3,PROCESSED,1789018366178
2228856,1,INITIATED,1789018364443
2228856,2,VALIDATED,1789018364452
2228856,3,PROCESSED,1789018364608
2228857,1,INITIATED,1789018364443
2228857,2,VALIDATED,1789018365197
2228857,3,PROCESSED,1789018366179
2228858,1,INITIATED,1789018364444
2228858,2,VALIDATED,1789018365197
2228858,3,PROCESSED,1789018366330
2228859,1,INITIATED,1789018364443
2228859,2,VALIDATED,1789018364452
2228859,3,REJECTED,1789018365253
2228860,1,INITIATED,1789018364444
2228860,2,VALIDATED,1789018364452
2228860,3,PROCESSED,1789018365622
2228861,1,INITIATED,1789018364443
2228861,2,VALIDATED,1789018365197
2228861,3,REJECTED,1789018366173
2228862,1,INITIATED,1789018364448
2228862,2,VALIDATED,1789018364595
2228862,3,REJECTED,1789018365074
2228863,1,INITIATED,1789018364448
2228863,2,VALIDATED,1789018364594
2228863,3,PROCESSED,1789018365621
2228864,1,INITIATED,1789018364448
2228864,2,VALIDATED,1789018365254
2228864,3,REJECTED,1789018366342
2228865,1,INITIATED,1789018364449
2228865,2,VALIDATED,1789018364594
2228865,3,PROCESSED,1789018365077
2228866,1,INITIATED,1789018364449
2228866,2,VALIDATED,1789018365253
2228866,3,PROCESSED,1789018366177
2228867,1,INITIATED,1789018364451
2228867,2,VALIDATED,1789018364594
2228867,3,PROCESSED,1789018365624
2228868,1,INITIATED,1789018364451
2228868,2,VALIDATED,1789018365254
2228868,3,PROCESSED,1789018366330
2228869,1,INITIATED,1789018364451
2228869,2,VALIDATED,1789018364594
2228869,3,PROCESSED,1789018365624
2228870,1,INITIATED,1789018364451
2228870,2,VALIDATED,1789018364595
2228870,3,PROCESSED,1789018365077
2228871,1,INITIATED,1789018364592
2228871,2,VALIDATED,1789018365255
2228871,3,PROCESSED,1789018366328
2228872,1,INITIATED,1789018364593
2228872,2,VALIDATED,1789018365075
2228872,3,PROCESSED,1789018365774
2228873,1,INITIATED,1789018364595
2228873,2,VALIDATED,1789018365075
2228873,3,PROCESSED,1789018366174
2228874,1,INITIATED,1789018365075
2228874,2,VALIDATED,1789018365773
2228874,3,PROCESSED,1789018366730
2228875,1,INITIATED,1789018365075
2228875,2,VALIDATED,1789018365769
2228875,3,PROCESSED,1789018366727
2228876,1,INITIATED,1789018365074
2228876,2,VALIDATED,1789018366288
2228876,3,PROCESSED,1789018367389
2228877,1,INITIATED,1789018365073
2228877,2,VALIDATED,1789018365771
2228877,3,PROCESSED,1789018366732
2228878,1,INITIATED,1789018365077
2228878,2,VALIDATED,1789018365785
2228878,3,PROCESSED,1789018366733
2228879,1,INITIATED,1789018365073
2228879,2,VALIDATED,1789018365773
2228879,3,PROCESSED,1789018366728
2228880,1,INITIATED,1789018365074
2228880,2,VALIDATED,1789018365769
2228880,3,PROCESSED,1789018366733
2228881,1,INITIATED,1789018365074
2228881,2,VALIDATED,1789018365769
2228881,3,PROCESSED,1789018366177
2228882,1,INITIATED,1789018365075
2228882,2,VALIDATED,1789018365772
2228882,3,PROCESSED,1789018366732
2228883,1,INITIATED,1789018365076
2228883,2,VALIDATED,1789018365786
2228883,3,PROCESSED,1789018366732
2228884,1,INITIATED,1789018365076
2228884,2,VALIDATED,1789018365772
2228884,3,PROCESSED,1789018366730
2228885,1,INITIATED,1789018365076
2228885,2,VALIDATED,1789018365772
2228885,3,PROCESSED,1789018366176
2228886,1,INITIATED,1789018365073
2228886,2,VALIDATED,1789018365770
2228886,3,PROCESSED,1789018366732
2228887,1,INITIATED,1789018365197
2228887,2,VALIDATED,1789018365823
2228887,3,PROCESSED,1789018366895
2228888,1,INITIATED,1789018365197
2228888,2,VALIDATED,1789018365824
2228888,3,PROCESSED,1789018366183
2228889,1,INITIATED,1789018365197
2228889,2,VALIDATED,1789018366173
2228889,3,PROCESSED,1789018366896
2228890,1,INITIATED,1789018365235
2228890,2,VALIDATED,1789018366173
2228890,3,PROCESSED,1789018366896
2228891,1,INITIATED,1789018365235
2228891,2,VALIDATED,1789018366173
2228891,3,PROCESSED,1789018366183
2228892,1,INITIATED,1789018365235
2228892,2,VALIDATED,1789018366177
2228892,3,PROCESSED,1789018366896
2228893,1,INITIATED,1789018365235
2228893,2,VALIDATED,1789018365823
2228893,3,PROCESSED,1789018366895
2228894,1,INITIATED,1789018365254
2228894,2,VALIDATED,1789018366175
2228894,3,PROCESSED,1789018368158
2228895,1,INITIATED,1789018365254
2228895,2,VALIDATED,1789018366173
2228895,3,PROCESSED,1789018366896
2228896,1,INITIATED,1789018365254
2228896,2,VALIDATED,1789018366174
2228896,3,PROCESSED,1789018366897
2228897,1,INITIATED,1789018365255
2228897,2,VALIDATED,1789018366178
2228897,3,PROCESSED,1789018367389
2228898,1,INITIATED,1789018365255
2228898,2,VALIDATED,1789018366891
2228898,3,PROCESSED,1789018367896
2228899,1,INITIATED,1789018365256
2228899,2,VALIDATED,1789018366182
2228899,3,PROCESSED,1789018367389
2228900,1,INITIATED,1789018365619
2228900,2,VALIDATED,1789018366893
2228900,3,PROCESSED,1789018367896
2228901,1,INITIATED,1789018365620
2228901,2,VALIDATED,1789018366289
2228901,3,PROCESSED,1789018367582
2228902,1,INITIATED,1789018365621
2228902,2,VALIDATED,1789018366289
2228902,3,PROCESSED,1789018367389
2228903,1,INITIATED,1789018365619
2228903,2,VALIDATED,1789018366895
2228903,3,PROCESSED,1789018367924
2228904,1,INITIATED,1789018365620
2228904,2,VALIDATED,1789018366287
2228904,3,PROCESSED,1789018367389
2228905,1,INITIATED,1789018365620
2228905,2,VALIDATED,1789018366894
2228905,3,PROCESSED,1789018367896
2228906,1,INITIATED,1789018365620
2228906,2,VALIDATED,1789018366894
2228906,3,PROCESSED,1789018367389
2228907,1,INITIATED,1789018365619
2228907,2,VALIDATED,1789018366289
2228907,3,PROCESSED,1789018367389
2228908,1,INITIATED,1789018365621
2228908,2,VALIDATED,1789018365773
2228908,3,PROCESSED,1789018366732
2228909,1,INITIATED,1789018365619
2228909,2,VALIDATED,1789018366894
2228909,3,PROCESSED,1789018367896
2228910,1,INITIATED,1789018365619
2228910,2,VALIDATED,1789018366285
2228910,3,PROCESSED,1789018367896
2228911,1,INITIATED,1789018365623
2228911,2,VALIDATED,1789018366325
2228911,3,PROCESSED,1789018367582
2228912,1,INITIATED,1789018365623
2228912,2,VALIDATED,1789018365773
2228912,3,PROCESSED,1789018366728
2228913,1,INITIATED,1789018365641
2228913,2,VALIDATED,1789018366326
2228913,3,PROCESSED,1789018366733
2228914,1,INITIATED,1789018365641
2228914,2,VALIDATED,1789018366327
2228914,3,PROCESSED,1789018366733
2228915,1,INITIATED,1789018365641
2228915,2,VALIDATED,1789018366327
2228915,3,PROCESSED,1789018367580
2228916,1,INITIATED,1789018365641
2228916,2,VALIDATED,1789018366326
2228916,3,PROCESSED,1789018367388
2228917,1,INITIATED,1789018365641
2228917,2,VALIDATED,1789018366325
2228917,3,PROCESSED,1789018367581
2228918,1,INITIATED,1789018365641
2228918,2,VALIDATED,1789018365821
2228918,3,PROCESSED,1789018366732
2228919,1,INITIATED,1789018365641
2228919,2,VALIDATED,1789018366327
2228919,3,PROCESSED,1789018367389
2228920,1,INITIATED,1789018365641
2228920,2,VALIDATED,1789018366327
2228920,3,PROCESSED,1789018367921
2228921,1,INITIATED,1789018365641
2228921,2,VALIDATED,1789018365823
2228921,3,PROCESSED,1789018366733
2228922,1,INITIATED,1789018365770
2228922,2,VALIDATED,1789018366173
2228922,3,PROCESSED,1789018366896
2228923,1,INITIATED,1789018365768
2228923,2,VALIDATED,1789018366342
2228923,3,PROCESSED,1789018367583
2228924,1,INITIATED,1789018365770
2228924,2,VALIDATED,1789018367385
2228924,3,PROCESSED,1789018368157
2228925,1,INITIATED,1789018365770
2228925,2,VALIDATED,1789018366730
2228925,3,PROCESSED,1789018367813
2228926,1,INITIATED,1789018365773
2228926,2,VALIDATED,1789018366342
2228926,3,PROCESSED,1789018367811
2228927,1,INITIATED,1789018365772
2228927,2,VALIDATED,1789018366342
2228927,3,PROCESSED,1789018367812
2228928,1,INITIATED,1789018365785
2228928,2,VALIDATED,1789018366729
2228928,3,PROCESSED,1789018367812
2228929,1,INITIATED,1789018365785
2228929,2,VALIDATED,1789018366729
2228929,3,PROCESSED,1789018367816
2228930,1,INITIATED,1789018365785
2228930,2,VALIDATED,1789018366730
2228930,3,PROCESSED,1789018367816
2228931,1,INITIATED,1789018365823
2228931,2,VALIDATED,1789018366891
2228931,3,PROCESSED,1789018367955
2228932,1,INITIATED,1789018366173
2228932,2,VALIDATED,1789018366891
2228932,3,PROCESSED,1789018367956
2228933,1,INITIATED,1789018366174
2228933,2,VALIDATED,1789018366894
2228933,3,PROCESSED,1789018367895
2228934,1,INITIATED,1789018366174
2228934,2,VALIDATED,1789018366895
2228934,3,PROCESSED,1789018367958
2228935,1,INITIATED,1789018366173
2228935,2,VALIDATED,1789018366181
2228935,3,PROCESSED,1789018367388
2228936,1,INITIATED,1789018366174
2228936,2,VALIDATED,1789018367815
2228936,3,PROCESSED,1789018368210
2228937,1,INITIATED,1789018366177
2228937,2,VALIDATED,1789018367814
2228937,3,PROCESSED,1789018367959
2228938,1,INITIATED,1789018366174
2228938,2,VALIDATED,1789018366895
2228938,3,PROCESSED,1789018367956
2228939,1,INITIATED,1789018366175
2228939,2,VALIDATED,1789018366893
2228939,3,PROCESSED,1789018367957
2228940,1,INITIATED,1789018366176
2228940,2,VALIDATED,1789018366894
2228940,3,PROCESSED,1789018367957
2228941,1,INITIATED,1789018366178
2228941,2,VALIDATED,1789018367387
2228941,3,PROCESSED,1789018368158
2228942,1,INITIATED,1789018366179
2228942,2,VALIDATED,1789018366327
2228942,3,PROCESSED,1789018366733
2228943,1,INITIATED,1789018366181
2228943,2,VALIDATED,1789018367387
2228943,3,PROCESSED,1789018368152
2228944,1,INITIATED,1789018366181
2228944,2,VALIDATED,1789018367387
2228944,3,PROCESSED,1789018368155
2228945,1,INITIATED,1789018366181
2228945,2,VALIDATED,1789018367389
2228945,3,PROCESSED,1789018368356
2228946,1,INITIATED,1789018366181
2228946,2,VALIDATED,1789018367388
2228946,3,PROCESSED,1789018368155
2228947,1,INITIATED,1789018366181
2228947,2,VALIDATED,1789018367386
2228947,3,PROCESSED,1789018368149
2228948,1,INITIATED,1789018366181
2228948,2,VALIDATED,1789018367388
2228948,3,PROCESSED,1789018368156
2228949,1,INITIATED,1789018366287
2228949,2,VALIDATED,1789018367387
2228949,3,PROCESSED,1789018367583
2228950,1,INITIATED,1789018366287
2228950,2,VALIDATED,1789018367388
2228950,3,PROCESSED,1789018368151
2228951,1,INITIATED,1789018366287
2228951,2,VALIDATED,1789018367387
2228951,3,PROCESSED,1789018368154
2228952,1,INITIATED,1789018366288
2228952,2,VALIDATED,1789018367386
2228952,3,PROCESSED,1789018368156
2228953,1,INITIATED,1789018366289
2228953,2,VALIDATED,1789018367386
2228953,3,PROCESSED,1789018368157
2228954,1,INITIATED,1789018366289
2228954,2,VALIDATED,1789018367387
2228954,3,PROCESSED,1789018368158
2228955,1,INITIATED,1789018366289
2228955,2,VALIDATED,1789018367578
2228955,3,PROCESSED,1789018368158
2228956,1,INITIATED,1789018366326
2228956,2,VALIDATED,1789018367578
2228956,3,PROCESSED,1789018368158
2228957,1,INITIATED,1789018366326
2228957,2,VALIDATED,1789018367925
2228957,3,PROCESSED,1789018368341
2228958,1,INITIATED,1789018366327
2228958,2,VALIDATED,1789018367578
2228958,3,PROCESSED,1789018368153
2228959,1,INITIATED,1789018366730
2228959,2,VALIDATED,1789018367580
2228959,3,REJECTED,1789018368159
2228960,1,INITIATED,1789018366731
2228960,2,VALIDATED,1789018366894
2228960,3,REJECTED,1789018367893
2228961,1,INITIATED,1789018366728
2228961,2,VALIDATED,1789018367813
2228961,3,REJECTED,1789018368207
2228962,1,INITIATED,1789018366731
2228962,2,VALIDATED,1789018367813
2228962,3,PROCESSED,1789018368212
2228963,1,INITIATED,1789018366730
2228963,2,VALIDATED,1789018367814
2228963,3,REJECTED,1789018367926
2228964,1,INITIATED,1789018366730
2228964,2,VALIDATED,1789018367816
2228964,3,PROCESSED,1789018368339
2228965,1,INITIATED,1789018366730
2228965,2,VALIDATED,1789018367815
2228965,3,PROCESSED,1789018368397
2228966,1,INITIATED,1789018366728
2228966,2,VALIDATED,1789018367813
2228966,3,PROCESSED,1789018368210
2228967,1,INITIATED,1789018366730
2228967,2,VALIDATED,1789018367814
2228967,3,PROCESSED,1789018368210
2228968,1,INITIATED,1789018366730
2228968,2,VALIDATED,1789018367816
2228968,3,PROCESSED,1789018367956
2228969,1,INITIATED,1789018366729
2228969,2,VALIDATED,1789018367579
2228969,3,PROCESSED,1789018368158
2228970,1,INITIATED,1789018366733
2228970,2,VALIDATED,1789018366895
2228970,3,PROCESSED,1789018367924
2228971,1,INITIATED,1789018366892
2228971,2,VALIDATED,1789018367389
2228971,3,PROCESSED,1789018368152
2228972,1,INITIATED,1789018366892
2228972,2,VALIDATED,1789018367925
2228972,3,PROCESSED,1789018368343
2228973,1,INITIATED,1789018366892
2228973,2,VALIDATED,1789018367895
2228973,3,PROCESSED,1789018368347
2228974,1,INITIATED,1789018366892
2228974,2,VALIDATED,1789018367894
2228974,3,PROCESSED,1789018367961
2228975,1,INITIATED,1789018366892
2228975,2,VALIDATED,1789018367892
2228975,3,PROCESSED,1789018368345
2228976,1,INITIATED,1789018366893
2228976,2,VALIDATED,1789018367389
2228976,3,PROCESSED,1789018368156
2228977,1,INITIATED,1789018366894
2228977,2,VALIDATED,1789018367893
2228977,3,PROCESSED,1789018368338
2228978,1,INITIATED,1789018366894
2228978,2,VALIDATED,1789018367895
2228978,3,PROCESSED,1789018368341
2228979,1,INITIATED,1789018366911
2228979,2,VALIDATED,1789018367925
2228979,3,PROCESSED,1789018368343
2228980,1,INITIATED,1789018367385
2228980,2,VALIDATED,1789018368153
2228980,3,PROCESSED,1789018368410
2228981,1,INITIATED,1789018367387
2228981,2,VALIDATED,1789018368141
2228981,3,PROCESSED,1789018368352
2228982,1,INITIATED,1789018367386
2228982,2,VALIDATED,1789018368142
2228982,3,PROCESSED,1789018368358
2228983,1,INITIATED,1789018367386
2228983,2,VALIDATED,1789018368144
2228983,3,PROCESSED,1789018368360
2228984,1,INITIATED,1789018367387
2228984,2,VALIDATED,1789018368140
2228984,3,PROCESSED,1789018368359
2228985,1,INITIATED,1789018367385
2228985,2,VALIDATED,1789018368151
2228985,3,PROCESSED,1789018368359
2228986,1,INITIATED,1789018367578
2228986,2,VALIDATED,1789018368159
2228986,3,PROCESSED,1789018368360
2228987,1,INITIATED,1789018367578
2228987,2,VALIDATED,1789018368153
2228987,3,PROCESSED,1789018368361
2228988,1,INITIATED,1789018367579
2228988,2,VALIDATED,1789018368155
2228988,3,PROCESSED,1789018368164
2228989,1,INITIATED,1789018367578
2228989,2,VALIDATED,1789018368152
2228989,3,PROCESSED,1789018368360
2228990,1,INITIATED,1789018367578
2228990,2,VALIDATED,1789018368158
2228990,3,PROCESSED,1789018368411
2228991,1,INITIATED,1789018367579
2228991,2,VALIDATED,1789018367813
2228991,3,PROCESSED,1789018368209
2228992,1,INITIATED,1789018367579
2228992,2,VALIDATED,1789018368358
2228992,3,PROCESSED,1789018368416
2228993,1,INITIATED,1789018367579
2228993,2,VALIDATED,1789018368198
2228993,3,PROCESSED,1789018368398
2228994,1,INITIATED,1789018367578
2228994,2,VALIDATED,1789018368211
2228994,3,PROCESSED,1789018368396
2228995,1,INITIATED,1789018367579
2228995,2,VALIDATED,1789018368155
2228995,3,PROCESSED,1789018368357
2228996,1,INITIATED,1789018367578
2228996,2,VALIDATED,1789018368151
2228996,3,PROCESSED,1789018368359
2228997,1,INITIATED,1789018367579
2228997,2,VALIDATED,1789018368199
2228997,3,PROCESSED,1789018368402
2228998,1,INITIATED,1789018367580
2228998,2,VALIDATED,1789018368153
2228998,3,PROCESSED,1789018368360
2228999,1,INITIATED,1789018367580
2228999,2,VALIDATED,1789018368158
2228999,3,PROCESSED,1789018368361
2229000,1,INITIATED,1789018367579
2229000,2,VALIDATED,1789018368157
2229000,3,PROCESSED,1789018368361
2229001,1,INITIATED,1789018367580
2229001,2,VALIDATED,1789018368352
2229001,3,PROCESSED,1789018368420
2229002,1,INITIATED,1789018367580
2229002,2,VALIDATED,1789018368157
2229002,3,PROCESSED,1789018368361
2229003,1,INITIATED,1789018367580
2229003,2,VALIDATED,1789018368199
2229003,3,PROCESSED,1789018368395
2229004,1,INITIATED,1789018367816
2229004,2,VALIDATED,1789018368211
2229004,3,PROCESSED,1789018368400
2229005,1,INITIATED,1789018367816
2229005,2,VALIDATED,1789018368212
2229005,3,PROCESSED,1789018368406
2229006,1,INITIATED,1789018367816
2229006,2,VALIDATED,1789018367924
2229006,3,PROCESSED,1789018368343
2229007,1,INITIATED,1789018367815
2229007,2,VALIDATED,1789018368211
2229007,3,PROCESSED,1789018368400
2229008,1,INITIATED,1789018367810
2229008,2,VALIDATED,1789018368211
2229008,3,PROCESSED,1789018368407
2229009,1,INITIATED,1789018367814
2229009,2,VALIDATED,1789018368333
2229009,3,PROCESSED,1789018368406
2229010,1,INITIATED,1789018367815
2229010,2,VALIDATED,1789018368334
2229010,3,PROCESSED,1789018368406
2229011,1,INITIATED,1789018367814
2229011,2,VALIDATED,1789018367925
2229011,3,PROCESSED,1789018368338
2229012,1,INITIATED,1789018367809
2229012,2,VALIDATED,1789018368212
2229012,3,PROCESSED,1789018368406
2229013,1,INITIATED,1789018367817
2229013,2,VALIDATED,1789018367924
2229013,3,PROCESSED,1789018368334
2229014,1,INITIATED,1789018367817
2229014,2,VALIDATED,1789018368212
2229014,3,PROCESSED,1789018368342
2229015,1,INITIATED,1789018367926
2229015,2,VALIDATED,1789018368344
2229015,3,PROCESSED,1789018368412
2229016,1,INITIATED,1789018367926
2229016,2,VALIDATED,1789018368337
2229016,3,PROCESSED,1789018368404
2229017,1,INITIATED,1789018367958
2229017,2,VALIDATED,1789018368347
2229017,3,PROCESSED,1789018368416
2229018,1,INITIATED,1789018367957
2229018,2,VALIDATED,1789018368345
2229018,3,PROCESSED,1789018368415
2229019,1,INITIATED,1789018367958
2229019,2,VALIDATED,1789018368394
2229019,3,PROCESSED,1789018368431
2229020,1,INITIATED,1789018367958
2229020,2,VALIDATED,1789018368339
2229020,3,PROCESSED,1789018368403
2229021,1,INITIATED,1789018367958
2229021,2,VALIDATED,1789018368341
2229021,3,PROCESSED,1789018368425
2229022,1,INITIATED,1789018367958
2229022,2,VALIDATED,1789018368348
2229022,3,PROCESSED,1789018368413
2229023,1,INITIATED,1789018367959
2229023,2,VALIDATED,1789018368342
2229023,3,PROCESSED,1789018368404
2229024,1,INITIATED,1789018367960
2229024,2,VALIDATED,1789018368350
2229024,3,PROCESSED,1789018368417
2229025,1,INITIATED,1789018368141
2229025,2,VALIDATED,1789018368349
2229025,3,PROCESSED,1789018368410
2229026,1,INITIATED,1789018368141
2229026,2,VALIDATED,1789018368344
2229026,3,PROCESSED,1789018368412
2229027,1,INITIATED,1789018368140
2229027,2,VALIDATED,1789018368348
2229027,3,PROCESSED,1789018368411
2229028,1,INITIATED,1789018368140
2229028,2,VALIDATED,1789018368349
2229028,3,PROCESSED,1789018368418
2229029,1,INITIATED,1789018368140
2229029,2,VALIDATED,1789018368354
2229029,3,PROCESSED,1789018368426
2229030,1,INITIATED,1789018368140
2229030,2,VALIDATED,1789018368146
2229030,3,PROCESSED,1789018368358
2229031,1,INITIATED,1789018368140
2229031,2,VALIDATED,1789018368354
2229031,3,PROCESSED,1789018368418
2229032,1,INITIATED,1789018368144
2229032,2,VALIDATED,1789018368356
2229032,3,PROCESSED,1789018368421
2229033,1,INITIATED,1789018368144
2229033,2,VALIDATED,1789018368157
2229033,3,PROCESSED,1789018368360
2229034,1,INITIATED,1789018368143
2229034,2,VALIDATED,1789018368353
2229034,3,PROCESSED,1789018368418
2229035,1,INITIATED,1789018368141
2229035,2,VALIDATED,1789018368347
2229035,3,PROCESSED,1789018368414
2229036,1,INITIATED,1789018368140
2229036,2,VALIDATED,1789018368349
2229036,3,PROCESSED,1789018368362
2229037,1,INITIATED,1789018368143
2229037,2,VALIDATED,1789018368353
2229037,3,PROCESSED,1789018368418
2229038,1,INITIATED,1789018368141
2229038,2,VALIDATED,1789018368351
2229038,3,PROCESSED,1789018368418
2229039,1,INITIATED,1789018368143
2229039,2,VALIDATED,1789018368353
2229039,3,PROCESSED,1789018368418
2229040,1,INITIATED,1789018368156
2229040,2,VALIDATED,1789018368404
2229040,3,PROCESSED,1789018368434
2229041,1,INITIATED,1789018368162
2229041,2,VALIDATED,1789018368392
2229041,3,PROCESSED,1789018368434
2229042,1,INITIATED,1789018368161
2229042,2,VALIDATED,1789018368390
2229042,3,PROCESSED,1789018368409
2229043,1,INITIATED,1789018368161
2229043,2,VALIDATED,1789018368386
2229043,3,PROCESSED,1789018368427
2229044,1,INITIATED,1789018368162
2229044,2,VALIDATED,1789018368385
2229044,3,PROCESSED,1789018368420
2229045,1,INITIATED,1789018368161
2229045,2,VALIDATED,1789018368337
2229045,3,PROCESSED,1789018368403
2229046,1,INITIATED,1789018368161
2229046,2,VALIDATED,1789018368385
2229046,3,PROCESSED,1789018368422
2229047,1,INITIATED,1789018368161
2229047,2,VALIDATED,1789018368385
2229047,3,PROCESSED,1789018368419
2229048,1,INITIATED,1789018368161
2229048,2,VALIDATED,1789018368385
2229048,3,PROCESSED,1789018368423
2229049,1,INITIATED,1789018368162
2229049,2,VALIDATED,1789018368385
2229049,3,PROCESSED,1789018368424
2229050,1,INITIATED,1789018368162
2229050,2,VALIDATED,1789018368388
2229050,3,PROCESSED,1789018368424
2229051,1,INITIATED,1789018368162
2229051,2,VALIDATED,1789018368394
2229051,3,PROCESSED,1789018368405
2229052,1,INITIATED,1789018368199
2229052,2,VALIDATED,1789018368391
2229052,3,REJECTED,1789018368405
2229053,1,INITIATED,1789018368200
2229053,2,VALIDATED,1789018368389
2229053,3,REJECTED,1789018368402
2229054,1,INITIATED,1789018368200
2229054,2,VALIDATED,1789018368388
2229054,3,PROCESSED,1789018368426
2229055,1,INITIATED,1789018368201
2229055,2,VALIDATED,1789018368391
2229055,3,REJECTED,1789018368416
2229056,1,INITIATED,1789018368200
2229056,2,VALIDATED,1789018368390
2229056,3,REJECTED,1789018368415
2229057,1,INITIATED,1789018368209
2229057,2,VALIDATED,1789018368392
2229057,3,PROCESSED,1789018368429
2229058,1,INITIATED,1789018368208
2229058,2,VALIDATED,1789018368391
2229058,3,PROCESSED,1789018368430
2229059,1,INITIATED,1789018368208
2229059,2,VALIDATED,1789018368395
2229059,3,PROCESSED,1789018368431
2229060,1,INITIATED,1789018368210
2229060,2,VALIDATED,1789018368391
2229060,3,PROCESSED,1789018368409
2229061,1,INITIATED,1789018368212
2229061,2,VALIDATED,1789018368394
2229061,3,PROCESSED,1789018368429
2229062,1,INITIATED,1789018368331
2229062,2,VALIDATED,1789018368396
2229062,3,PROCESSED,1789018368433
2229063,1,INITIATED,1789018368333
2229063,2,VALIDATED,1789018368397
2229063,3,PROCESSED,1789018368430
2229064,1,INITIATED,1789018368334
2229064,2,VALIDATED,1789018368400
2229064,3,PROCESSED,1789018368434
2229065,1,INITIATED,1789018368340
2229065,2,VALIDATED,1789018368416
2229065,3,PROCESSED,1789018368433
2229066,1,INITIATED,1789018368337
2229066,2,VALIDATED,1789018368403
2229066,3,PROCESSED,1789018368432
2229067,1,INITIATED,1789018368335
2229067,2,VALIDATED,1789018368401
2229067,3,PROCESSED,1789018368433
2229068,1,INITIATED,1789018368342
2229068,2,VALIDATED,1789018368399
2229068,3,PROCESSED,1789018368432
2229069,1,INITIATED,1789018368342
2229069,2,VALIDATED,1789018368417
2229069,3,PROCESSED,1789018368435
2229070,1,INITIATED,1789018368343
2229070,2,VALIDATED,1789018368419
2229070,3,PROCESSED,1789018368436
2229071,1,INITIATED,1789018368344
2229071,2,VALIDATED,1789018368405
2229071,3,PROCESSED,1789018368435
2229072,1,INITIATED,1789018368345
2229072,2,VALIDATED,1789018368358
2229072,3,PROCESSED,1789018368423
2229073,1,INITIATED,1789018368344
2229073,2,VALIDATED,1789018368404
2229073,3,PROCESSED,1789018368432
2229074,1,INITIATED,1789018368344
2229074,2,VALIDATED,1789018368359
2229074,3,PROCESSED,1789018368419
2229075,1,INITIATED,1789018368344
2229075,2,VALIDATED,1789018368419
2229075,3,PROCESSED,1789018368437
2229076,1,INITIATED,1789018368355
2229076,2,VALIDATED,1789018368410
2229076,3,PROCESSED,1789018368435
2229077,1,INITIATED,1789018368356
2229077,2,VALIDATED,1789018368390
2229077,3,PROCESSED,1789018368422
2229078,1,INITIATED,1789018368359
2229078,2,VALIDATED,1789018368410
2229078,3,PROCESSED,1789018368436
2229079,1,INITIATED,1789018368389
2229079,2,VALIDATED,1789018368419
2229079,3,PROCESSED,1789018368436
2229080,1,INITIATED,1789018368395
2229080,2,VALIDATED,1789018368422
2229080,3,PROCESSED,1789018368433
2229081,1,INITIATED,1789018368393
2229081,2,VALIDATED,1789018368422
2229081,3,PROCESSED,1789018368436
2229082,1,INITIATED,1789018368393
2229082,2,VALIDATED,1789018368424
2229082,3,PROCESSED,1789018368436
2229083,1,INITIATED,1789018368396
2229083,2,VALIDATED,1789018368424
2229083,3,PROCESSED,1789018368437
2229084,1,INITIATED,1789018368399
2229084,2,VALIDATED,1789018368423
2229084,3,PROCESSED,1789018368437
2229085,1,INITIATED,1789018368408
2229085,2,VALIDATED,1789018368427
2229085,3,PROCESSED,1789018368437
2229086,1,INITIATED,1789018368408
2229086,2,VALIDATED,1789018368426
2229086,3,PROCESSED,1789018368435
2229087,1,INITIATED,1789018368410
2229087,2,VALIDATED,1789018368427
2229087,3,PROCESSED,1789018368437
2229088,1,INITIATED,1789018368422
2229088,2,VALIDATED,1789018368429
2229088,3,PROCESSED,1789018368437
2229089,1,INITIATED,1789018368429
2229089,2,VALIDATED,1789018368435
2229089,3,PROCESSED,1789018368441
2229090,1,INITIATED,1789018368440
2229090,2,VALIDATED,1789018368442
2229090,3,PROCESSED,1789018368445
2229091,1,INITIATED,1789018368460
2229091,2,VALIDATED,1789018368463
2229091,3,PROCESSED,1789018368466
2229092,1,INITIATED,1789018368480
2229092,2,VALIDATED,1789018368484
2229092,3,PROCESSED,1789018368487
2229093,1,INITIATED,1789018368500
2229093,2,VALIDATED,1789018368503
2229093,3,PROCESSED,1789018368506
2229094,1,INITIATED,1789018368520
2229094,2,VALIDATED,1789018368523
2229094,3,PROCESSED,1789018368526
2229095,1,INITIATED,1789018368540
2229095,2,VALIDATED,1789018368543
2229095,3,PROCESSED,1789018368545
2229096,1,INITIATED,1789018368560
2229096,2,VALIDATED,1789018368563
2229096,3,PROCESSED,1789018368567
2229097,1,INITIATED,1789018368580
2229097,2,VALIDATED,1789018368583
2229097,3,PROCESSED,1789018368585
2229098,1,INITIATED,1789018368600
2229098,2,VALIDATED,1789018368603
2229098,3,PROCESSED,1789018368605
2229099,1,INITIATED,1789018368620
2229099,2,VALIDATED,1789018368623
2229099,3,PROCESSED,1789018368625
2229100,1,INITIATED,1789018368640
2229100,2,VALIDATED,1789018368643
2229100,3,PROCESSED,1789018368646
2229101,1,INITIATED,1789018368660
2229101,2,VALIDATED,1789018368663
2229101,3,PROCESSED,1789018368666
2229102,1,INITIATED,1789018368680
2229102,2,VALIDATED,1789018368683
2229102,3,PROCESSED,1789018368686
2229103,1,INITIATED,1789018368701
2229103,2,VALIDATED,1789018368704
2229103,3,PROCESSED,1789018368706
2229104,1,INITIATED,1789018368721
2229104,2,VALIDATED,1789018368723
2229104,3,PROCESSED,1789018368726
2229105,1,INITIATED,1789018368740
2229105,2,VALIDATED,1789018368744
2229105,3,PROCESSED,1789018368748
2229106,1,INITIATED,1789018368761
2229106,2,VALIDATED,1789018368764
2229106,3,PROCESSED,1789018368767
2229107,1,INITIATED,1789018368781
2229107,2,VALIDATED,1789018368786
2229107,3,PROCESSED,1789018368791
2229108,1,INITIATED,1789018368801
2229108,2,VALIDATED,1789018368804
2229108,3,PROCESSED,1789018368809
2229109,1,INITIATED,1789018368821
2229109,2,VALIDATED,1789018368824
2229109,3,PROCESSED,1789018368828
2229110,1,INITIATED,1789018368841
2229110,2,VALIDATED,1789018368844
2229110,3,PROCESSED,1789018368848
2229111,1,INITIATED,1789018368860
2229111,2,VALIDATED,1789018368864
2229111,3,PROCESSED,1789018368870
2229112,1,INITIATED,1789018368880
2229112,2,VALIDATED,1789018368883
2229112,3,PROCESSED,1789018368887
2229113,1,INITIATED,1789018368901
2229113,2,VALIDATED,1789018369135
2229113,3,PROCESSED,1789018369155
2229114,1,INITIATED,1789018369134
2229114,2,VALIDATED,1789018369154
2229114,3,PROCESSED,1789018369482
2229115,1,INITIATED,1789018369136
2229115,2,VALIDATED,1789018369152
2229115,3,PROCESSED,1789018369483
2229116,1,INITIATED,1789018369135
2229116,2,VALIDATED,1789018369153
2229116,3,PROCESSED,1789018369482
2229117,1,INITIATED,1789018369135
2229117,2,VALIDATED,1789018369154
2229117,3,PROCESSED,1789018369483
2229118,1,INITIATED,1789018369135
2229118,2,VALIDATED,1789018369153
2229118,3,PROCESSED,1789018369484
2229119,1,INITIATED,1789018369135
2229119,2,VALIDATED,1789018369153
2229119,3,PROCESSED,1789018369483
2229120,1,INITIATED,1789018369134
2229120,2,VALIDATED,1789018369154
2229120,3,PROCESSED,1789018369484
2229121,1,INITIATED,1789018369135
2229121,2,VALIDATED,1789018369153
2229121,3,PROCESSED,1789018369482
2229122,1,INITIATED,1789018369134
2229122,2,VALIDATED,1789018369153
2229122,3,PROCESSED,1789018369483
2229123,1,INITIATED,1789018369136
2229123,2,VALIDATED,1789018369152
2229123,3,PROCESSED,1789018369481
2229124,1,INITIATED,1789018369134
2229124,2,VALIDATED,1789018369153
2229124,3,PROCESSED,1789018369483
2229125,1,INITIATED,1789018369142
2229125,2,VALIDATED,1789018369212
2229125,3,PROCESSED,1789018369485
2229126,1,INITIATED,1789018369210
2229126,2,VALIDATED,1789018369479
2229126,3,PROCESSED,1789018369500
2229127,1,INITIATED,1789018369210
2229127,2,VALIDATED,1789018369479
2229127,3,PROCESSED,1789018369500
2229128,1,INITIATED,1789018369210
2229128,2,VALIDATED,1789018369482
2229128,3,PROCESSED,1789018369499
2229129,1,INITIATED,1789018369481
2229129,2,VALIDATED,1789018369496
2229129,3,PROCESSED,1789018369560
2229130,1,INITIATED,1789018369478
2229130,2,VALIDATED,1789018369486
2229130,3,PROCESSED,1789018369553
2229131,1,INITIATED,1789018369482
2229131,2,VALIDATED,1789018369496
2229131,3,PROCESSED,1789018369560
2229132,1,INITIATED,1789018369482
2229132,2,VALIDATED,1789018369497
2229132,3,PROCESSED,1789018369560
2229133,1,INITIATED,1789018369478
2229133,2,VALIDATED,1789018369486
2229133,3,PROCESSED,1789018369553
2229134,1,INITIATED,1789018369481
2229134,2,VALIDATED,1789018369498
2229134,3,PROCESSED,1789018369560
2229135,1,INITIATED,1789018369483
2229135,2,VALIDATED,1789018369498
2229135,3,PROCESSED,1789018369561
2229136,1,INITIATED,1789018369480
2229136,2,VALIDATED,1789018369498
2229136,3,PROCESSED,1789018369560
2229137,1,INITIATED,1789018369483
2229137,2,VALIDATED,1789018369498
2229137,3,PROCESSED,1789018369561
2229138,1,INITIATED,1789018369483
2229138,2,VALIDATED,1789018369497
2229138,3,PROCESSED,1789018369559
2229139,1,INITIATED,1789018369480
2229139,2,VALIDATED,1789018369498
2229139,3,PROCESSED,1789018369560
2229140,1,INITIATED,1789018369478
2229140,2,VALIDATED,1789018369498
2229140,3,PROCESSED,1789018369560
2229141,1,INITIATED,1789018369480
2229141,2,VALIDATED,1789018369498
2229141,3,PROCESSED,1789018369560
2229142,1,INITIATED,1789018369484
2229142,2,VALIDATED,1789018369551
2229142,3,PROCESSED,1789018369559
2229143,1,INITIATED,1789018369500
2229143,2,VALIDATED,1789018369558
2229143,3,PROCESSED,1789018369565
2229144,1,INITIATED,1789018369521
2229144,2,VALIDATED,1789018369557
2229144,3,PROCESSED,1789018369565
2229145,1,INITIATED,1789018369540
2229145,2,VALIDATED,1789018369558
2229145,3,PROCESSED,1789018369565
2229146,1,INITIATED,1789018369561
2229146,2,VALIDATED,1789018369564
2229146,3,PROCESSED,1789018369569
2229147,1,INITIATED,1789018369581
2229147,2,VALIDATED,1789018369585
2229147,3,PROCESSED,1789018369592
2229148,1,INITIATED,1789018369600
2229148,2,VALIDATED,1789018369604
2229148,3,PROCESSED,1789018369608
2229149,1,INITIATED,1789018369621
2229149,2,VALIDATED,1789018369624
2229149,3,PROCESSED,1789018369627
2229150,1,INITIATED,1789018369641
2229150,2,VALIDATED,1789018369645
2229150,3,PROCESSED,1789018369651
2229151,1,INITIATED,1789018369660
2229151,2,VALIDATED,1789018369663
2229151,3,PROCESSED,1789018369667
2229152,1,INITIATED,1789018369681
2229152,2,VALIDATED,1789018369685
2229152,3,PROCESSED,1789018369690
2229153,1,INITIATED,1789018369701
2229153,2,VALIDATED,1789018369705
2229153,3,PROCESSED,1789018369710
2229154,1,INITIATED,1789018369721
2229154,2,VALIDATED,1789018369727
2229154,3,PROCESSED,1789018369734
2229155,1,INITIATED,1789018369740
2229155,2,VALIDATED,1789018369743
2229155,3,PROCESSED,1789018369747
2229156,1,INITIATED,1789018369761
2229156,2,VALIDATED,1789018369765
2229156,3,PROCESSED,1789018369768
2229157,1,INITIATED,1789018369781
2229157,2,VALIDATED,1789018369785
2229157,3,PROCESSED,1789018369790
2229158,1,INITIATED,1789018369800
2229158,2,VALIDATED,1789018369805
2229158,3,PROCESSED,1789018369810
2229159,1,INITIATED,1789018369821
2229159,2,VALIDATED,1789018369824
2229159,3,PROCESSED,1789018369829
2229160,1,INITIATED,1789018369841
2229160,2,VALIDATED,1789018369845
2229160,3,REJECTED,1789018369847
2229161,1,INITIATED,1789018369861
2229161,2,VALIDATED,1789018369864
2229161,3,REJECTED,1789018369866
2229162,1,INITIATED,1789018369880
2229162,2,VALIDATED,1789018369884
2229162,3,REJECTED,1789018369890
2229163,1,INITIATED,1789018369900
2229163,2,VALIDATED,1789018370126
2229163,3,REJECTED,1789018370142
2229164,1,INITIATED,1789018370126
2229164,2,VALIDATED,1789018370141
2229164,3,PROCESSED,1789018370216
2229165,1,INITIATED,1789018370125
2229165,2,VALIDATED,1789018370142
2229165,3,PROCESSED,1789018370216
2229166,1,INITIATED,1789018370127
2229166,2,VALIDATED,1789018370141
2229166,3,PROCESSED,1789018370229
2229167,1,INITIATED,1789018370125
2229167,2,VALIDATED,1789018370141
2229167,3,PROCESSED,1789018370216
2229168,1,INITIATED,1789018370127
2229168,2,VALIDATED,1789018370142
2229168,3,PROCESSED,1789018370216
2229169,1,INITIATED,1789018370126
2229169,2,VALIDATED,1789018370141
2229169,3,PROCESSED,1789018370216
2229170,1,INITIATED,1789018370126
2229170,2,VALIDATED,1789018370142
2229170,3,PROCESSED,1789018370215
2229171,1,INITIATED,1789018370125
2229171,2,VALIDATED,1789018370141
2229171,3,PROCESSED,1789018370216
2229172,1,INITIATED,1789018370125
2229172,2,VALIDATED,1789018370142
2229172,3,PROCESSED,1789018370229
2229173,1,INITIATED,1789018370127
2229173,2,VALIDATED,1789018370141
2229173,3,PROCESSED,1789018370216
2229174,1,INITIATED,1789018370126
2229174,2,VALIDATED,1789018370140
2229174,3,PROCESSED,1789018370229
2229175,1,INITIATED,1789018370142
2229175,2,VALIDATED,1789018370213
2229175,3,PROCESSED,1789018370428
2229176,1,INITIATED,1789018370204
2229176,2,VALIDATED,1789018370425
2229176,3,PROCESSED,1789018370439
2229177,1,INITIATED,1789018370204
2229177,2,VALIDATED,1789018370426
2229177,3,PROCESSED,1789018370439
2229178,1,INITIATED,1789018370204
2229178,2,VALIDATED,1789018370426
2229178,3,PROCESSED,1789018370438
2229179,1,INITIATED,1789018370229
2229179,2,VALIDATED,1789018370436
2229179,3,PROCESSED,1789018370486
2229180,1,INITIATED,1789018370426
2229180,2,VALIDATED,1789018370436
2229180,3,PROCESSED,1789018370486
2229181,1,INITIATED,1789018370427
2229181,2,VALIDATED,1789018370436
2229181,3,PROCESSED,1789018370486
2229182,1,INITIATED,1789018370425
2229182,2,VALIDATED,1789018370436
2229182,3,PROCESSED,1789018370485
2229183,1,INITIATED,1789018370426
2229183,2,VALIDATED,1789018370437
2229183,3,PROCESSED,1789018370486
2229184,1,INITIATED,1789018370426
2229184,2,VALIDATED,1789018370435
2229184,3,PROCESSED,1789018370486
2229185,1,INITIATED,1789018370426
2229185,2,VALIDATED,1789018370437
2229185,3,PROCESSED,1789018370486
2229186,1,INITIATED,1789018370427
2229186,2,VALIDATED,1789018370436
2229186,3,PROCESSED,1789018370486
2229187,1,INITIATED,1789018370425
2229187,2,VALIDATED,1789018370437
2229187,3,PROCESSED,1789018370486
2229188,1,INITIATED,1789018370427
2229188,2,VALIDATED,1789018370436
2229188,3,PROCESSED,1789018370487
2229189,1,INITIATED,1789018370426
2229189,2,VALIDATED,1789018370436
2229189,3,PROCESSED,1789018370486
2229190,1,INITIATED,1789018370441
2229190,2,VALIDATED,1789018370487
2229190,3,PROCESSED,1789018370491
2229191,1,INITIATED,1789018370460
2229191,2,VALIDATED,1789018370487
2229191,3,PROCESSED,1789018370491
2229192,1,INITIATED,1789018370482
2229192,2,VALIDATED,1789018370487
2229192,3,PROCESSED,1789018370491
2229193,1,INITIATED,1789018370501
2229193,2,VALIDATED,1789018370509
2229193,3,PROCESSED,1789018370513
2229194,1,INITIATED,1789018370521
2229194,2,VALIDATED,1789018370524
2229194,3,PROCESSED,1789018370527
2229195,1,INITIATED,1789018370541
2229195,2,VALIDATED,1789018370545
2229195,3,PROCESSED,1789018370548
2229196,1,INITIATED,1789018370560
2229196,2,VALIDATED,1789018370564
2229196,3,PROCESSED,1789018370567
2229197,1,INITIATED,1789018370582
2229197,2,VALIDATED,1789018370585
2229197,3,PROCESSED,1789018370591
2229198,1,INITIATED,1789018370601
2229198,2,VALIDATED,1789018370604
2229198,3,PROCESSED,1789018370608
2229199,1,INITIATED,1789018370621
2229199,2,VALIDATED,1789018370625
2229199,3,PROCESSED,1789018370631
2229200,1,INITIATED,1789018370641
2229200,2,VALIDATED,1789018370645
2229200,3,PROCESSED,1789018370650
2229201,1,INITIATED,1789018370661
2229201,2,VALIDATED,1789018370665
2229201,3,PROCESSED,1789018370668
2229202,1,INITIATED,1789018370680
2229202,2,VALIDATED,1789018370684
2229202,3,PROCESSED,1789018370688
2229203,1,INITIATED,1789018370701
2229203,2,VALIDATED,1789018370705
2229203,3,PROCESSED,1789018370709
2229204,1,INITIATED,1789018370721
2229204,2,VALIDATED,1789018370726
2229204,3,PROCESSED,1789018370730
2229205,1,INITIATED,1789018370741
2229205,2,VALIDATED,1789018370744
2229205,3,PROCESSED,1789018370747
2229206,1,INITIATED,1789018370760
2229206,2,VALIDATED,1789018370762
2229206,3,PROCESSED,1789018370765
2229207,1,INITIATED,1789018370780
2229207,2,VALIDATED,1789018370784
2229207,3,PROCESSED,1789018370788
2229208,1,INITIATED,1789018370801
2229208,2,VALIDATED,1789018370804
2229208,3,PROCESSED,1789018370807
2229209,1,INITIATED,1789018370820
2229209,2,VALIDATED,1789018370823
2229209,3,PROCESSED,1789018370826
2229210,1,INITIATED,1789018370840
2229210,2,VALIDATED,1789018370843
2229210,3,PROCESSED,1789018370846
2229211,1,INITIATED,1789018370860
2229211,2,VALIDATED,1789018370863
2229211,3,PROCESSED,1789018370866
2229212,1,INITIATED,1789018370881
2229212,2,VALIDATED,1789018370884
2229212,3,PROCESSED,1789018370888
2229213,1,INITIATED,1789018370900
2229213,2,VALIDATED,1789018370903
2229213,3,PROCESSED,1789018370908
2229214,1,INITIATED,1789018371032
2229214,2,VALIDATED,1789018371040
2229214,3,PROCESSED,1789018371300
2229215,1,INITIATED,1789018371031
2229215,2,VALIDATED,1789018371040
2229215,3,PROCESSED,1789018371128
2229216,1,INITIATED,1789018371032
2229216,2,VALIDATED,1789018371040
2229216,3,PROCESSED,1789018371128
2229217,1,INITIATED,1789018371032
2229217,2,VALIDATED,1789018371041
2229217,3,PROCESSED,1789018371299
2229218,1,INITIATED,1789018371031
2229218,2,VALIDATED,1789018371040
2229218,3,PROCESSED,1789018371298
2229219,1,INITIATED,1789018371032
2229219,2,VALIDATED,1789018371041
2229219,3,PROCESSED,1789018371298
2229220,1,INITIATED,1789018371041
2229220,2,VALIDATED,1789018371117
2229220,3,PROCESSED,1789018371302
2229221,1,INITIATED,1789018371104
2229221,2,VALIDATED,1789018371129
2229221,3,PROCESSED,1789018371308
2229222,1,INITIATED,1789018371104
2229222,2,VALIDATED,1789018371129
2229222,3,PROCESSED,1789018371301
2229223,1,INITIATED,1789018371104
2229223,2,VALIDATED,1789018371129
2229223,3,PROCESSED,1789018371301
2229224,1,INITIATED,1789018371127
2229224,2,VALIDATED,1789018371298
2229224,3,PROCESSED,1789018371308
2229225,1,INITIATED,1789018371298
2229225,2,VALIDATED,1789018371306
2229225,3,PROCESSED,1789018371314
2229226,1,INITIATED,1789018371297
2229226,2,VALIDATED,1789018371306
2229226,3,PROCESSED,1789018371314
2229227,1,INITIATED,1789018371297
2229227,2,VALIDATED,1789018371305
2229227,3,PROCESSED,1789018371314
2229228,1,INITIATED,1789018371297
2229228,2,VALIDATED,1789018371306
2229228,3,PROCESSED,1789018371314
2229229,1,INITIATED,1789018371297
2229229,2,VALIDATED,1789018371306
2229229,3,PROCESSED,1789018371314
2229230,1,INITIATED,1789018371297
2229230,2,VALIDATED,1789018371306
2229230,3,PROCESSED,1789018371314
2229231,1,INITIATED,1789018371297
2229231,2,VALIDATED,1789018371306
2229231,3,PROCESSED,1789018371314
2229232,1,INITIATED,1789018371297
2229232,2,VALIDATED,1789018371305
2229232,3,PROCESSED,1789018371314
2229233,1,INITIATED,1789018371303
2229233,2,VALIDATED,1789018371311
2229233,3,PROCESSED,1789018371316
2229234,1,INITIATED,1789018371320
2229234,2,VALIDATED,1789018371374
2229234,3,PROCESSED,1789018371378
2229235,1,INITIATED,1789018371340
2229235,2,VALIDATED,1789018371374
2229235,3,PROCESSED,1789018371378
2229236,1,INITIATED,1789018371360
2229236,2,VALIDATED,1789018371374
2229236,3,PROCESSED,1789018371378
2229237,1,INITIATED,1789018371380
2229237,2,VALIDATED,1789018371382
2229237,3,PROCESSED,1789018371385
2229238,1,INITIATED,1789018371400
2229238,2,VALIDATED,1789018371420
2229238,3,PROCESSED,1789018371425
2229239,1,INITIATED,1789018371421
2229239,2,VALIDATED,1789018371424
2229239,3,PROCESSED,1789018371427
2229240,1,INITIATED,1789018371442
2229240,2,VALIDATED,1789018371444
2229240,3,PROCESSED,1789018371447
2229241,1,INITIATED,1789018371460
2229241,2,VALIDATED,1789018371462
2229241,3,PROCESSED,1789018371466
2229242,1,INITIATED,1789018371480
2229242,2,VALIDATED,1789018371484
2229242,3,PROCESSED,1789018371488
2229243,1,INITIATED,1789018371501
2229243,2,VALIDATED,1789018371503
2229243,3,PROCESSED,1789018371507
2229244,1,INITIATED,1789018371520
2229244,2,VALIDATED,1789018371524
2229244,3,PROCESSED,1789018371527
2229245,1,INITIATED,1789018371541
2229245,2,VALIDATED,1789018371544
2229245,3,PROCESSED,1789018371546
2229246,1,INITIATED,1789018371560
2229246,2,VALIDATED,1789018371562
2229246,3,PROCESSED,1789018371566
2229247,1,INITIATED,1789018371581
2229247,2,VALIDATED,1789018371584
2229247,3,PROCESSED,1789018371587
2229248,1,INITIATED,1789018371601
2229248,2,VALIDATED,1789018371612
2229248,3,PROCESSED,1789018371616
2229249,1,INITIATED,1789018371620
2229249,2,VALIDATED,1789018371622
2229249,3,PROCESSED,1789018371625
2229250,1,INITIATED,1789018371640
2229250,2,VALIDATED,1789018371643
2229250,3,PROCESSED,1789018371646
2229251,1,INITIATED,1789018371660
2229251,2,VALIDATED,1789018371663
2229251,3,PROCESSED,1789018371665
2229252,1,INITIATED,1789018371680
2229252,2,VALIDATED,1789018371683
2229252,3,PROCESSED,1789018371686
2229253,1,INITIATED,1789018371700
2229253,2,VALIDATED,1789018371703
2229253,3,PROCESSED,1789018371706
2229254,1,INITIATED,1789018371720
2229254,2,VALIDATED,1789018371722
2229254,3,PROCESSED,1789018371725
2229255,1,INITIATED,1789018371740
2229255,2,VALIDATED,1789018371760
2229255,3,PROCESSED,1789018371764
2229256,1,INITIATED,1789018371760
2229256,2,VALIDATED,1789018371763
2229256,3,PROCESSED,1789018371767
2229257,1,INITIATED,1789018371781
2229257,2,VALIDATED,1789018371785
2229257,3,PROCESSED,1789018371789
2229258,1,INITIATED,1789018371800
2229258,2,VALIDATED,1789018371803
2229258,3,PROCESSED,1789018371808
2229259,1,INITIATED,1789018371820
2229259,2,VALIDATED,1789018371823
2229259,3,PROCESSED,1789018371828
2229260,1,INITIATED,1789018371841
2229260,2,VALIDATED,1789018371844
2229260,3,REJECTED,1789018371846
2229261,1,INITIATED,1789018371860
2229261,2,VALIDATED,1789018371863
2229261,3,REJECTED,1789018371865
2229262,1,INITIATED,1789018371880
2229262,2,VALIDATED,1789018371883
2229262,3,REJECTED,1789018371885
2229263,1,INITIATED,1789018371901
2229263,2,VALIDATED,1789018371903
2229263,3,REJECTED,1789018371906
2229264,1,INITIATED,1789018372191
2229264,2,VALIDATED,1789018372198
2229264,3,PROCESSED,1789018372387
2229265,1,INITIATED,1789018372192
2229265,2,VALIDATED,1789018372254
2229265,3,PROCESSED,1789018372825
2229266,1,INITIATED,1789018372192
2229266,2,VALIDATED,1789018372254
2229266,3,PROCESSED,1789018372824
2229267,1,INITIATED,1789018372192
2229267,2,VALIDATED,1789018372255
2229267,3,PROCESSED,1789018372824
2229268,1,INITIATED,1789018372191
2229268,2,VALIDATED,1789018372198
2229268,3,PROCESSED,1789018372387
2229269,1,INITIATED,1789018372191
2229269,2,VALIDATED,1789018372379
2229269,3,PROCESSED,1789018372824
2229270,1,INITIATED,1789018372191
2229270,2,VALIDATED,1789018372254
2229270,3,PROCESSED,1789018372825
2229271,1,INITIATED,1789018372192
2229271,2,VALIDATED,1789018372379
2229271,3,PROCESSED,1789018372825
2229272,1,INITIATED,1789018372191
2229272,2,VALIDATED,1789018372254
2229272,3,PROCESSED,1789018372824
2229273,1,INITIATED,1789018372191
2229273,2,VALIDATED,1789018372379
2229273,3,PROCESSED,1789018372825
2229274,1,INITIATED,1789018372191
2229274,2,VALIDATED,1789018372198
2229274,3,PROCESSED,1789018372387
2229275,1,INITIATED,1789018372191
2229275,2,VALIDATED,1789018372380
2229275,3,PROCESSED,1789018372824
2229276,1,INITIATED,1789018372192
2229276,2,VALIDATED,1789018372380
2229276,3,PROCESSED,1789018372825
2229277,1,INITIATED,1789018372192
2229277,2,VALIDATED,1789018372381
2229277,3,PROCESSED,1789018372825
2229278,1,INITIATED,1789018372200
2229278,2,VALIDATED,1789018372383
2229278,3,PROCESSED,1789018372825
2229279,1,INITIATED,1789018372253
2229279,2,VALIDATED,1789018372387
2229279,3,PROCESSED,1789018372824
2229280,1,INITIATED,1789018372253
2229280,2,VALIDATED,1789018372387
2229280,3,PROCESSED,1789018372825
2229281,1,INITIATED,1789018372379
2229281,2,VALIDATED,1789018372821
2229281,3,PROCESSED,1789018372967
2229282,1,INITIATED,1789018372381
2229282,2,VALIDATED,1789018372821
2229282,3,PROCESSED,1789018372967
2229283,1,INITIATED,1789018372380
2229283,2,VALIDATED,1789018372821
2229283,3,PROCESSED,1789018372968
2229284,1,INITIATED,1789018372380
2229284,2,VALIDATED,1789018372819
2229284,3,PROCESSED,1789018372968
2229285,1,INITIATED,1789018372379
2229285,2,VALIDATED,1789018372821
2229285,3,PROCESSED,1789018372968
2229286,1,INITIATED,1789018372381
2229286,2,VALIDATED,1789018372820
2229286,3,PROCESSED,1789018372967
2229287,1,INITIATED,1789018372383
2229287,2,VALIDATED,1789018372822
2229287,3,PROCESSED,1789018372967
2229288,1,INITIATED,1789018372401
2229288,2,VALIDATED,1789018372961
2229288,3,PROCESSED,1789018373350
2229289,1,INITIATED,1789018372816
2229289,2,VALIDATED,1789018372962
2229289,3,PROCESSED,1789018373349
2229290,1,INITIATED,1789018372819
2229290,2,VALIDATED,1789018372966
2229290,3,PROCESSED,1789018373350
2229291,1,INITIATED,1789018372816
2229291,2,VALIDATED,1789018372964
2229291,3,PROCESSED,1789018373349
2229292,1,INITIATED,1789018372818
2229292,2,VALIDATED,1789018372963
2229292,3,PROCESSED,1789018373348
2229293,1,INITIATED,1789018372818
2229293,2,VALIDATED,1789018373346
2229293,3,PROCESSED,1789018373516
2229294,1,INITIATED,1789018372820
2229294,2,VALIDATED,1789018373014
2229294,3,PROCESSED,1789018373515
2229295,1,INITIATED,1789018372817
2229295,2,VALIDATED,1789018373013
2229295,3,PROCESSED,1789018373515
2229296,1,INITIATED,1789018372817
2229296,2,VALIDATED,1789018373014
2229296,3,PROCESSED,1789018373516
2229297,1,INITIATED,1789018372817
2229297,2,VALIDATED,1789018372966
2229297,3,PROCESSED,1789018373348
2229298,1,INITIATED,1789018372817
2229298,2,VALIDATED,1789018372965
2229298,3,PROCESSED,1789018373350
2229299,1,INITIATED,1789018372958
2229299,2,VALIDATED,1789018373014
2229299,3,PROCESSED,1789018373905
2229300,1,INITIATED,1789018372958
2229300,2,VALIDATED,1789018373347
2229300,3,PROCESSED,1789018373904
2229301,1,INITIATED,1789018372958
2229301,2,VALIDATED,1789018373345
2229301,3,PROCESSED,1789018373516
2229302,1,INITIATED,1789018372960
2229302,2,VALIDATED,1789018373347
2229302,3,PROCESSED,1789018373905
2229303,1,INITIATED,1789018372961
2229303,2,VALIDATED,1789018373349
2229303,3,PROCESSED,1789018373904
2229304,1,INITIATED,1789018372960
2229304,2,VALIDATED,1789018373347
2229304,3,PROCESSED,1789018373515
2229305,1,INITIATED,1789018372965
2229305,2,VALIDATED,1789018373345
2229305,3,PROCESSED,1789018373905
2229306,1,INITIATED,1789018372965
2229306,2,VALIDATED,1789018373347
2229306,3,PROCESSED,1789018373905
2229307,1,INITIATED,1789018372965
2229307,2,VALIDATED,1789018373346
2229307,3,PROCESSED,1789018373516
2229308,1,INITIATED,1789018372966
2229308,2,VALIDATED,1789018373349
2229308,3,PROCESSED,1789018373905
2229309,1,INITIATED,1789018372965
2229309,2,VALIDATED,1789018373347
2229309,3,PROCESSED,1789018373516
2229310,1,INITIATED,1789018372966
2229310,2,VALIDATED,1789018373348
2229310,3,PROCESSED,1789018373516
2229311,1,INITIATED,1789018372965
2229311,2,VALIDATED,1789018373346
2229311,3,PROCESSED,1789018373516
2229312,1,INITIATED,1789018372963
2229312,2,VALIDATED,1789018373346
2229312,3,PROCESSED,1789018373516
2229313,1,INITIATED,1789018372963
2229313,2,VALIDATED,1789018373347
2229313,3,PROCESSED,1789018373904
2229314,1,INITIATED,1789018372965
2229314,2,VALIDATED,1789018373348
2229314,3,PROCESSED,1789018373905
2229315,1,INITIATED,1789018372966
2229315,2,VALIDATED,1789018373347
2229315,3,PROCESSED,1789018373904
2229316,1,INITIATED,1789018372966
2229316,2,VALIDATED,1789018373346
2229316,3,PROCESSED,1789018373515
2229317,1,INITIATED,1789018373013
2229317,2,VALIDATED,1789018373512
2229317,3,PROCESSED,1789018373906
2229318,1,INITIATED,1789018373014
2229318,2,VALIDATED,1789018373513
2229318,3,PROCESSED,1789018373904
2229319,1,INITIATED,1789018373346
2229319,2,VALIDATED,1789018373513
2229319,3,PROCESSED,1789018373904
2229320,1,INITIATED,1789018373348
2229320,2,VALIDATED,1789018373899
2229320,3,PROCESSED,1789018374055
2229321,1,INITIATED,1789018373349
2229321,2,VALIDATED,1789018373901
2229321,3,PROCESSED,1789018374110
2229322,1,INITIATED,1789018373349
2229322,2,VALIDATED,1789018373901
2229322,3,PROCESSED,1789018374450
2229323,1,INITIATED,1789018373350
2229323,2,VALIDATED,1789018373902
2229323,3,PROCESSED,1789018374448
2229324,1,INITIATED,1789018373459
2229324,2,VALIDATED,1789018373900
2229324,3,PROCESSED,1789018374449
2229325,1,INITIATED,1789018373460
2229325,2,VALIDATED,1789018373900
2229325,3,PROCESSED,1789018374110
2229326,1,INITIATED,1789018373460
2229326,2,VALIDATED,1789018373902
2229326,3,PROCESSED,1789018374055
2229327,1,INITIATED,1789018373509
2229327,2,VALIDATED,1789018374052
2229327,3,PROCESSED,1789018374450
2229328,1,INITIATED,1789018373509
2229328,2,VALIDATED,1789018373899
2229328,3,PROCESSED,1789018374054
2229329,1,INITIATED,1789018373510
2229329,2,VALIDATED,1789018373902
2229329,3,PROCESSED,1789018374055
2229330,1,INITIATED,1789018373509
2229330,2,VALIDATED,1789018373900
2229330,3,PROCESSED,1789018374109
2229331,1,INITIATED,1789018373509
2229331,2,VALIDATED,1789018374044
2229331,3,PROCESSED,1789018374451
2229332,1,INITIATED,1789018373509
2229332,2,VALIDATED,1789018373899
2229332,3,PROCESSED,1789018374445
2229333,1,INITIATED,1789018373509
2229333,2,VALIDATED,1789018374048
2229333,3,PROCESSED,1789018374451
2229334,1,INITIATED,1789018373512
2229334,2,VALIDATED,1789018373902
2229334,3,PROCESSED,1789018374447
2229335,1,INITIATED,1789018373513
2229335,2,VALIDATED,1789018373901
2229335,3,PROCESSED,1789018374450
2229336,1,INITIATED,1789018373512
2229336,2,VALIDATED,1789018374044
2229336,3,PROCESSED,1789018374446
2229337,1,INITIATED,1789018373512
2229337,2,VALIDATED,1789018374044
2229337,3,PROCESSED,1789018374451
2229338,1,INITIATED,1789018373512
2229338,2,VALIDATED,1789018374052
2229338,3,PROCESSED,1789018374451
2229339,1,INITIATED,1789018373513
2229339,2,VALIDATED,1789018373902
2229339,3,PROCESSED,1789018374055
2229340,1,INITIATED,1789018373515
2229340,2,VALIDATED,1789018373903
2229340,3,PROCESSED,1789018374448
2229341,1,INITIATED,1789018373901
2229341,2,VALIDATED,1789018374103
2229341,3,PROCESSED,1789018374622
2229342,1,INITIATED,1789018373901
2229342,2,VALIDATED,1789018374101
2229342,3,PROCESSED,1789018374622
2229343,1,INITIATED,1789018373899
2229343,2,VALIDATED,1789018374052
2229343,3,PROCESSED,1789018374450
2229344,1,INITIATED,1789018373899
2229344,2,VALIDATED,1789018374052
2229344,3,PROCESSED,1789018374449
2229345,1,INITIATED,1789018374046
2229345,2,VALIDATED,1789018374106
2229345,3,PROCESSED,1789018374618
2229346,1,INITIATED,1789018374046
2229346,2,VALIDATED,1789018374449
2229346,3,PROCESSED,1789018375139
2229347,1,INITIATED,1789018374046
2229347,2,VALIDATED,1789018374447
2229347,3,PROCESSED,1789018375138
2229348,1,INITIATED,1789018374046
2229348,2,VALIDATED,1789018374447
2229348,3,PROCESSED,1789018375138
2229349,1,INITIATED,1789018374047
2229349,2,VALIDATED,1789018374107
2229349,3,PROCESSED,1789018374451
2229350,1,INITIATED,1789018374047
2229350,2,VALIDATED,1789018374107
2229350,3,PROCESSED,1789018374614
2229351,1,INITIATED,1789018374048
2229351,2,VALIDATED,1789018374449
2229351,3,PROCESSED,1789018375137
2229352,1,INITIATED,1789018374048
2229352,2,VALIDATED,1789018374107
2229352,3,PROCESSED,1789018374451
2229353,1,INITIATED,1789018374050
2229353,2,VALIDATED,1789018374449
2229353,3,REJECTED,1789018375135
2229354,1,INITIATED,1789018374048
2229354,2,VALIDATED,1789018374448
2229354,3,PROCESSED,1789018375135
2229355,1,INITIATED,1789018374052
2229355,2,VALIDATED,1789018374446
2229355,3,REJECTED,1789018375136
2229356,1,INITIATED,1789018374051
2229356,2,VALIDATED,1789018374448
2229356,3,REJECTED,1789018375137
2229357,1,INITIATED,1789018374052
2229357,2,VALIDATED,1789018374449
2229357,3,PROCESSED,1789018375138
2229358,1,INITIATED,1789018374052
2229358,2,VALIDATED,1789018374105
2229358,3,PROCESSED,1789018374621
2229359,1,INITIATED,1789018374052
2229359,2,VALIDATED,1789018374447
2229359,3,PROCESSED,1789018374622
2229360,1,INITIATED,1789018374051
2229360,2,VALIDATED,1789018374448
2229360,3,REJECTED,1789018375136
2229361,1,INITIATED,1789018374051
2229361,2,VALIDATED,1789018374106
2229361,3,PROCESSED,1789018374614
2229362,1,INITIATED,1789018374051
2229362,2,VALIDATED,1789018374106
2229362,3,PROCESSED,1789018374622
2229363,1,INITIATED,1789018374052
2229363,2,VALIDATED,1789018374449
2229363,3,PROCESSED,1789018375138
2229364,1,INITIATED,1789018374099
2229364,2,VALIDATED,1789018374621
2229364,3,PROCESSED,1789018375299
2229365,1,INITIATED,1789018374100
2229365,2,VALIDATED,1789018374620
2229365,3,PROCESSED,1789018375300
2229366,1,INITIATED,1789018374100
2229366,2,VALIDATED,1789018374620
2229366,3,PROCESSED,1789018375138
2229367,1,INITIATED,1789018374101
2229367,2,VALIDATED,1789018374469
2229367,3,PROCESSED,1789018375136
2229368,1,INITIATED,1789018374102
2229368,2,VALIDATED,1789018374620
2229368,3,PROCESSED,1789018375299
2229369,1,INITIATED,1789018374102
2229369,2,VALIDATED,1789018374617
2229369,3,PROCESSED,1789018375140
2229370,1,INITIATED,1789018374103
2229370,2,VALIDATED,1789018374678
2229370,3,PROCESSED,1789018375800
2229371,1,INITIATED,1789018374106
2229371,2,VALIDATED,1789018374620
2229371,3,PROCESSED,1789018375300
2229372,1,INITIATED,1789018374104
2229372,2,VALIDATED,1789018374615
2229372,3,PROCESSED,1789018375799
2229373,1,INITIATED,1789018374445
2229373,2,VALIDATED,1789018375136
2229373,3,PROCESSED,1789018375977
2229374,1,INITIATED,1789018374616
2229374,2,VALIDATED,1789018375133
2229374,3,PROCESSED,1789018375798
2229375,1,INITIATED,1789018374617
2229375,2,VALIDATED,1789018375138
2229375,3,PROCESSED,1789018375977
2229376,1,INITIATED,1789018374616
2229376,2,VALIDATED,1789018375139
2229376,3,PROCESSED,1789018375799
2229377,1,INITIATED,1789018374617
2229377,2,VALIDATED,1789018375299
2229377,3,PROCESSED,1789018375977
2229378,1,INITIATED,1789018374616
2229378,2,VALIDATED,1789018375295
2229378,3,PROCESSED,1789018376002
2229379,1,INITIATED,1789018374617
2229379,2,VALIDATED,1789018375298
2229379,3,PROCESSED,1789018375978
2229380,1,INITIATED,1789018374617
2229380,2,VALIDATED,1789018375296
2229380,3,PROCESSED,1789018375977
2229381,1,INITIATED,1789018374621
2229381,2,VALIDATED,1789018375298
2229381,3,PROCESSED,1789018376376
2229382,1,INITIATED,1789018374619
2229382,2,VALIDATED,1789018375133
2229382,3,PROCESSED,1789018375800
2229383,1,INITIATED,1789018374619
2229383,2,VALIDATED,1789018375134
2229383,3,PROCESSED,1789018375797
2229384,1,INITIATED,1789018374621
2229384,2,VALIDATED,1789018375294
2229384,3,PROCESSED,1789018376377
2229385,1,INITIATED,1789018374620
2229385,2,VALIDATED,1789018375294
2229385,3,PROCESSED,1789018376376
2229386,1,INITIATED,1789018374619
2229386,2,VALIDATED,1789018375135
2229386,3,PROCESSED,1789018375799
2229387,1,INITIATED,1789018374621
2229387,2,VALIDATED,1789018375137
2229387,3,PROCESSED,1789018375800
2229388,1,INITIATED,1789018374621
2229388,2,VALIDATED,1789018375136
2229388,3,PROCESSED,1789018375976
2229389,1,INITIATED,1789018374621
2229389,2,VALIDATED,1789018375138
2229389,3,PROCESSED,1789018375798
2229390,1,INITIATED,1789018374681
2229390,2,VALIDATED,1789018375792
2229390,3,PROCESSED,1789018376376
2229391,1,INITIATED,1789018374680
2229391,2,VALIDATED,1789018375792
2229391,3,PROCESSED,1789018376523
2229392,1,INITIATED,1789018374684
2229392,2,VALIDATED,1789018375139
2229392,3,PROCESSED,1789018375801
2229393,1,INITIATED,1789018374681
2229393,2,VALIDATED,1789018375796
2229393,3,PROCESSED,1789018375978
2229394,1,INITIATED,1789018374682
2229394,2,VALIDATED,1789018375798
2229394,3,PROCESSED,1789018375977
2229395,1,INITIATED,1789018374682
2229395,2,VALIDATED,1789018375358
2229395,3,PROCESSED,1789018376376
2229396,1,INITIATED,1789018375132
2229396,2,VALIDATED,1789018375793
2229396,3,PROCESSED,1789018376522
2229397,1,INITIATED,1789018375134
2229397,2,VALIDATED,1789018375300
2229397,3,PROCESSED,1789018376376
2229398,1,INITIATED,1789018375137
2229398,2,VALIDATED,1789018375976
2229398,3,PROCESSED,1789018376527
2229399,1,INITIATED,1789018375137
2229399,2,VALIDATED,1789018375358
2229399,3,PROCESSED,1789018375978
2229400,1,INITIATED,1789018375137
2229400,2,VALIDATED,1789018375793
2229400,3,PROCESSED,1789018376522
2229401,1,INITIATED,1789018375133
2229401,2,VALIDATED,1789018375794
2229401,3,PROCESSED,1789018376377
2229402,1,INITIATED,1789018375296
2229402,2,VALIDATED,1789018375976
2229402,3,PROCESSED,1789018376573
2229403,1,INITIATED,1789018375296
2229403,2,VALIDATED,1789018375976
2229403,3,PROCESSED,1789018376573
2229404,1,INITIATED,1789018375296
2229404,2,VALIDATED,1789018375971
2229404,3,PROCESSED,1789018376527
2229405,1,INITIATED,1789018375298
2229405,2,VALIDATED,1789018375974
2229405,3,PROCESSED,1789018376527
2229406,1,INITIATED,1789018375297
2229406,2,VALIDATED,1789018375976
2229406,3,PROCESSED,1789018376573
2229407,1,INITIATED,1789018375297
2229407,2,VALIDATED,1789018376374
2229407,3,PROCESSED,1789018377586
2229408,1,INITIATED,1789018375299
2229408,2,VALIDATED,1789018375972
2229408,3,PROCESSED,1789018376526
2229409,1,INITIATED,1789018375298
2229409,2,VALIDATED,1789018375976
2229409,3,PROCESSED,1789018377012
2229410,1,INITIATED,1789018375298
2229410,2,VALIDATED,1789018375976
2229410,3,PROCESSED,1789018376527
2229411,1,INITIATED,1789018375298
2229411,2,VALIDATED,1789018375975
2229411,3,PROCESSED,1789018377010
2229412,1,INITIATED,1789018375299
2229412,2,VALIDATED,1789018376373
2229412,3,PROCESSED,1789018377029
2229413,1,INITIATED,1789018375299
2229413,2,VALIDATED,1789018375974
2229413,3,PROCESSED,1789018376526
2229414,1,INITIATED,1789018375299
2229414,2,VALIDATED,1789018375975
2229414,3,PROCESSED,1789018376526
2229415,1,INITIATED,1789018375300
2229415,2,VALIDATED,1789018375976
2229415,3,PROCESSED,1789018376527
2229416,1,INITIATED,1789018375299
2229416,2,VALIDATED,1789018375970
2229416,3,PROCESSED,1789018376526
2229417,1,INITIATED,1789018375299
2229417,2,VALIDATED,1789018375973
2229417,3,PROCESSED,1789018376526
2229418,1,INITIATED,1789018375300
2229418,2,VALIDATED,1789018375975
2229418,3,PROCESSED,1789018376527
2229419,1,INITIATED,1789018375300
2229419,2,VALIDATED,1789018375799
2229419,3,PROCESSED,1789018376377
2229420,1,INITIATED,1789018375298
2229420,2,VALIDATED,1789018375798
2229420,3,PROCESSED,1789018375978
2229421,1,INITIATED,1789018375299
2229421,2,VALIDATED,1789018375975
2229421,3,PROCESSED,1789018376528
2229422,1,INITIATED,1789018375793
2229422,2,VALIDATED,1789018376486
2229422,3,PROCESSED,1789018377182
2229423,1,INITIATED,1789018375792
2229423,2,VALIDATED,1789018376374
2229423,3,PROCESSED,1789018377181
2229424,1,INITIATED,1789018375792
2229424,2,VALIDATED,1789018376374
2229424,3,PROCESSED,1789018377181
2229425,1,INITIATED,1789018375798
2229425,2,VALIDATED,1789018376486
2229425,3,PROCESSED,1789018377579
2229426,1,INITIATED,1789018375798
2229426,2,VALIDATED,1789018376374
2229426,3,PROCESSED,1789018377181
2229427,1,INITIATED,1789018375797
2229427,2,VALIDATED,1789018376373
2229427,3,PROCESSED,1789018377182
2229428,1,INITIATED,1789018375795
2229428,2,VALIDATED,1789018376486
2229428,3,PROCESSED,1789018377216
2229429,1,INITIATED,1789018375792
2229429,2,VALIDATED,1789018375973
2229429,3,PROCESSED,1789018376523
2229430,1,INITIATED,1789018375796
2229430,2,VALIDATED,1789018375973
2229430,3,PROCESSED,1789018376527
2229431,1,INITIATED,1789018375798
2229431,2,VALIDATED,1789018376373
2229431,3,PROCESSED,1789018377183
2229432,1,INITIATED,1789018375795
2229432,2,VALIDATED,1789018376486
2229432,3,PROCESSED,1789018377012
2229433,1,INITIATED,1789018375973
2229433,2,VALIDATED,1789018376525
2229433,3,PROCESSED,1789018377578
2229434,1,INITIATED,1789018375975
2229434,2,VALIDATED,1789018376524
2229434,3,PROCESSED,1789018377578
2229435,1,INITIATED,1789018375976
2229435,2,VALIDATED,1789018377177
2229435,3,PROCESSED,1789018378706
2229436,1,INITIATED,1789018376000
2229436,2,VALIDATED,1789018377008
2229436,3,PROCESSED,1789018377579
2229437,1,INITIATED,1789018376000
2229437,2,VALIDATED,1789018377010
2229437,3,PROCESSED,1789018377182
2229438,1,INITIATED,1789018376000
2229438,2,VALIDATED,1789018377008
2229438,3,PROCESSED,1789018377582
2229439,1,INITIATED,1789018376000
2229439,2,VALIDATED,1789018377009
2229439,3,PROCESSED,1789018377747
2229440,1,INITIATED,1789018376000
2229440,2,VALIDATED,1789018377008
2229440,3,PROCESSED,1789018377586
2229441,1,INITIATED,1789018376000
2229441,2,VALIDATED,1789018377010
2229441,3,PROCESSED,1789018377586
2229442,1,INITIATED,1789018376000
2229442,2,VALIDATED,1789018377008
2229442,3,PROCESSED,1789018377747
2229443,1,INITIATED,1789018376000
2229443,2,VALIDATED,1789018377009
2229443,3,PROCESSED,1789018377182
2229444,1,INITIATED,1789018376000
2229444,2,VALIDATED,1789018377009
2229444,3,PROCESSED,1789018377747
2229445,1,INITIATED,1789018376001
2229445,2,VALIDATED,1789018377008
2229445,3,PROCESSED,1789018377581
2229446,1,INITIATED,1789018376372
2229446,2,VALIDATED,1789018377174
2229446,3,PROCESSED,1789018377752
2229447,1,INITIATED,1789018376374
2229447,2,VALIDATED,1789018377584
2229447,3,PROCESSED,1789018378314
2229448,1,INITIATED,1789018376372
2229448,2,VALIDATED,1789018376524
2229448,3,PROCESSED,1789018377579
2229449,1,INITIATED,1789018376373
2229449,2,VALIDATED,1789018377174
2229449,3,PROCESSED,1789018377754
2229450,1,INITIATED,1789018376373
2229450,2,VALIDATED,1789018377175
2229450,3,PROCESSED,1789018377754
2229451,1,INITIATED,1789018376374
2229451,2,VALIDATED,1789018377176
2229451,3,PROCESSED,1789018377754
2229452,1,INITIATED,1789018376373
2229452,2,VALIDATED,1789018377174
2229452,3,PROCESSED,1789018377754
2229453,1,INITIATED,1789018376372
2229453,2,VALIDATED,1789018377177
2229453,3,PROCESSED,1789018377754
2229454,1,INITIATED,1789018376372
2229454,2,VALIDATED,1789018377176
2229454,3,PROCESSED,1789018377754
2229455,1,INITIATED,1789018376372
2229455,2,VALIDATED,1789018377027
2229455,3,REJECTED,1789018377748
2229456,1,INITIATED,1789018376372
2229456,2,VALIDATED,1789018377176
2229456,3,PROCESSED,1789018377752
2229457,1,INITIATED,1789018376373
2229457,2,VALIDATED,1789018377176
2229457,3,PROCESSED,1789018377754
2229458,1,INITIATED,1789018376372
2229458,2,VALIDATED,1789018377175
2229458,3,PROCESSED,1789018377754
2229459,1,INITIATED,1789018376372
2229459,2,VALIDATED,1789018377175
2229459,3,REJECTED,1789018377750
2229460,1,INITIATED,1789018376374
2229460,2,VALIDATED,1789018377177
2229460,3,PROCESSED,1789018377756
2229461,1,INITIATED,1789018376373
2229461,2,VALIDATED,1789018377175
2229461,3,REJECTED,1789018377750
2229462,1,INITIATED,1789018376374
2229462,2,VALIDATED,1789018377176
2229462,3,REJECTED,1789018378702
2229463,1,INITIATED,1789018376486
2229463,2,VALIDATED,1789018377177
2229463,3,PROCESSED,1789018377755
2229464,1,INITIATED,1789018376524
2229464,2,VALIDATED,1789018377216
2229464,3,PROCESSED,1789018378140
2229465,1,INITIATED,1789018376524
2229465,2,VALIDATED,1789018377182
2229465,3,PROCESSED,1789018378140
2229466,1,INITIATED,1789018376523
2229466,2,VALIDATED,1789018377216
2229466,3,PROCESSED,1789018378139
2229467,1,INITIATED,1789018376524
2229467,2,VALIDATED,1789018377216
2229467,3,PROCESSED,1789018378140
2229468,1,INITIATED,1789018376524
2229468,2,VALIDATED,1789018377010
2229468,3,PROCESSED,1789018377586
2229469,1,INITIATED,1789018376524
2229469,2,VALIDATED,1789018377215
2229469,3,PROCESSED,1789018378140
2229470,1,INITIATED,1789018376525
2229470,2,VALIDATED,1789018377215
2229470,3,PROCESSED,1789018378140
2229471,1,INITIATED,1789018377011
2229471,2,VALIDATED,1789018377584
2229471,3,PROCESSED,1789018378313
2229472,1,INITIATED,1789018377012
2229472,2,VALIDATED,1789018377601
2229472,3,PROCESSED,1789018378707
2229473,1,INITIATED,1789018377012
2229473,2,VALIDATED,1789018377584
2229473,3,PROCESSED,1789018378317
2229474,1,INITIATED,1789018377011
2229474,2,VALIDATED,1789018377175
2229474,3,PROCESSED,1789018377753
2229475,1,INITIATED,1789018377010
2229475,2,VALIDATED,1789018377600
2229475,3,PROCESSED,1789018377756
2229476,1,INITIATED,1789018377010
2229476,2,VALIDATED,1789018378311
2229476,3,PROCESSED,1789018379368
2229477,1,INITIATED,1789018377011
2229477,2,VALIDATED,1789018377601
2229477,3,PROCESSED,1789018378706
2229478,1,INITIATED,1789018377011
2229478,2,VALIDATED,1789018377584
2229478,3,PROCESSED,1789018378706
2229479,1,INITIATED,1789018377012
2229479,2,VALIDATED,1789018377584
2229479,3,PROCESSED,1789018378704
2229480,1,INITIATED,1789018377009
2229480,2,VALIDATED,1789018377584
2229480,3,PROCESSED,1789018378876
2229481,1,INITIATED,1789018377008
2229481,2,VALIDATED,1789018377575
2229481,3,PROCESSED,1789018378313
2229482,1,INITIATED,1789018377011
2229482,2,VALIDATED,1789018377589
2229482,3,PROCESSED,1789018378314
2229483,1,INITIATED,1789018377011
2229483,2,VALIDATED,1789018377601
2229483,3,PROCESSED,1789018377756
2229484,1,INITIATED,1789018377011
2229484,2,VALIDATED,1789018377583
2229484,3,PROCESSED,1789018378316
2229485,1,INITIATED,1789018377010
2229485,2,VALIDATED,1789018377584
2229485,3,PROCESSED,1789018378314
2229486,1,INITIATED,1789018377012
2229486,2,VALIDATED,1789018377601
2229486,3,PROCESSED,1789018377756
2229487,1,INITIATED,1789018377011
2229487,2,VALIDATED,1789018377600
2229487,3,PROCESSED,1789018377756
2229488,1,INITIATED,1789018377027
2229488,2,VALIDATED,1789018377601
2229488,3,PROCESSED,1789018378706
2229489,1,INITIATED,1789018377027
2229489,2,VALIDATED,1789018377749
2229489,3,PROCESSED,1789018378705
2229490,1,INITIATED,1789018377027
2229490,2,VALIDATED,1789018377601
2229490,3,PROCESSED,1789018378706
2229491,1,INITIATED,1789018377176
2229491,2,VALIDATED,1789018377749
2229491,3,PROCESSED,1789018378706
2229492,1,INITIATED,1789018377177
2229492,2,VALIDATED,1789018377753
2229492,3,PROCESSED,1789018378706
2229493,1,INITIATED,1789018377182
2229493,2,VALIDATED,1789018377749
2229493,3,PROCESSED,1789018378706
2229494,1,INITIATED,1789018377182
2229494,2,VALIDATED,1789018377754
2229494,3,PROCESSED,1789018378707
2229495,1,INITIATED,1789018377182
2229495,2,VALIDATED,1789018377749
2229495,3,PROCESSED,1789018378707
2229496,1,INITIATED,1789018377216
2229496,2,VALIDATED,1789018378137
2229496,3,PROCESSED,1789018378875
2229497,1,INITIATED,1789018377215
2229497,2,VALIDATED,1789018378137
2229497,3,PROCESSED,1789018378876
2229498,1,INITIATED,1789018377215
2229498,2,VALIDATED,1789018378702
2229498,3,PROCESSED,1789018379508
2229499,1,INITIATED,1789018377216
2229499,2,VALIDATED,1789018378137
2229499,3,PROCESSED,1789018378878
2229500,1,INITIATED,1789018377575
2229500,2,VALIDATED,1789018378312
2229500,3,PROCESSED,1789018379368
2229501,1,INITIATED,1789018377575
2229501,2,VALIDATED,1789018378308
2229501,3,PROCESSED,1789018378879
2229502,1,INITIATED,1789018377575
2229502,2,VALIDATED,1789018378311
2229502,3,PROCESSED,1789018379368
2229503,1,INITIATED,1789018377576
2229503,2,VALIDATED,1789018378312
2229503,3,PROCESSED,1789018379368
2229504,1,INITIATED,1789018377578
2229504,2,VALIDATED,1789018378313
2229504,3,PROCESSED,1789018379368
2229505,1,INITIATED,1789018377576
2229505,2,VALIDATED,1789018378313
2229505,3,PROCESSED,1789018378879
2229506,1,INITIATED,1789018377574
2229506,2,VALIDATED,1789018378138
2229506,3,PROCESSED,1789018378878
2229507,1,INITIATED,1789018377575
2229507,2,VALIDATED,1789018378308
2229507,3,PROCESSED,1789018378880
2229508,1,INITIATED,1789018377576
2229508,2,VALIDATED,1789018378139
2229508,3,PROCESSED,1789018379548
2229509,1,INITIATED,1789018377575
2229509,2,VALIDATED,1789018378136
2229509,3,PROCESSED,1789018378867
2229510,1,INITIATED,1789018377574
2229510,2,VALIDATED,1789018378311
2229510,3,PROCESSED,1789018379368
2229511,1,INITIATED,1789018377576
2229511,2,VALIDATED,1789018378138
2229511,3,PROCESSED,1789018378876
2229512,1,INITIATED,1789018377575
2229512,2,VALIDATED,1789018378308
2229512,3,PROCESSED,1789018378879
2229513,1,INITIATED,1789018377574
2229513,2,VALIDATED,1789018378137
2229513,3,PROCESSED,1789018378878
2229514,1,INITIATED,1789018377578
2229514,2,VALIDATED,1789018378312
2229514,3,PROCESSED,1789018379369
2229515,1,INITIATED,1789018377574
2229515,2,VALIDATED,1789018378310
2229515,3,PROCESSED,1789018378880
2229516,1,INITIATED,1789018377576
2229516,2,VALIDATED,1789018378308
2229516,3,PROCESSED,1789018379362
2229517,1,INITIATED,1789018377574
2229517,2,VALIDATED,1789018378138
2229517,3,PROCESSED,1789018378315
2229518,1,INITIATED,1789018377577
2229518,2,VALIDATED,1789018378313
2229518,3,PROCESSED,1789018379367
2229519,1,INITIATED,1789018377575
2229519,2,VALIDATED,1789018378309
2229519,3,PROCESSED,1789018379368
2229520,1,INITIATED,1789018377579
2229520,2,VALIDATED,1789018378312
2229520,3,PROCESSED,1789018379367
2229521,1,INITIATED,1789018377581
2229521,2,VALIDATED,1789018378703
2229521,3,PROCESSED,1789018379548
2229522,1,INITIATED,1789018377581
2229522,2,VALIDATED,1789018378315
2229522,3,PROCESSED,1789018379368
2229523,1,INITIATED,1789018377581
2229523,2,VALIDATED,1789018378312
2229523,3,PROCESSED,1789018379367
2229524,1,INITIATED,1789018377581
2229524,2,VALIDATED,1789018378703
2229524,3,PROCESSED,1789018379508
2229525,1,INITIATED,1789018377582
2229525,2,VALIDATED,1789018378315
2229525,3,PROCESSED,1789018379368
2229526,1,INITIATED,1789018377581
2229526,2,VALIDATED,1789018378312
2229526,3,PROCESSED,1789018379368
2229527,1,INITIATED,1789018377600
2229527,2,VALIDATED,1789018378704
2229527,3,PROCESSED,1789018379529
2229528,1,INITIATED,1789018377748
2229528,2,VALIDATED,1789018378702
2229528,3,PROCESSED,1789018379529
2229529,1,INITIATED,1789018377750
2229529,2,VALIDATED,1789018378703
2229529,3,PROCESSED,1789018379528
2229530,1,INITIATED,1789018378137
2229530,2,VALIDATED,1789018378870
2229530,3,PROCESSED,1789018380059
2229531,1,INITIATED,1789018378135
2229531,2,VALIDATED,1789018378869
2229531,3,PROCESSED,1789018380059
2229532,1,INITIATED,1789018378139
2229532,2,VALIDATED,1789018378869
2229532,3,PROCESSED,1789018379548
2229533,1,INITIATED,1789018378138
2229533,2,VALIDATED,1789018378311
2229533,3,PROCESSED,1789018378879
2229534,1,INITIATED,1789018378136
2229534,2,VALIDATED,1789018378871
2229534,3,PROCESSED,1789018379549
2229535,1,INITIATED,1789018378139
2229535,2,VALIDATED,1789018378872
2229535,3,PROCESSED,1789018380059
2229536,1,INITIATED,1789018378139
2229536,2,VALIDATED,1789018378875
2229536,3,PROCESSED,1789018380059
2229537,1,INITIATED,1789018378138
2229537,2,VALIDATED,1789018378312
2229537,3,PROCESSED,1789018378879
2229538,1,INITIATED,1789018378136
2229538,2,VALIDATED,1789018378871
2229538,3,PROCESSED,1789018380059
2229539,1,INITIATED,1789018378137
2229539,2,VALIDATED,1789018378875
2229539,3,PROCESSED,1789018380059
2229540,1,INITIATED,1789018378139
2229540,2,VALIDATED,1789018378875
2229540,3,PROCESSED,1789018380058
2229541,1,INITIATED,1789018378139
2229541,2,VALIDATED,1789018379527
2229541,3,PROCESSED,1789018381031
2229542,1,INITIATED,1789018378136
2229542,2,VALIDATED,1789018378874
2229542,3,PROCESSED,1789018380059
2229543,1,INITIATED,1789018378137
2229543,2,VALIDATED,1789018378873
2229543,3,PROCESSED,1789018380058
2229544,1,INITIATED,1789018378136
2229544,2,VALIDATED,1789018378722
2229544,3,PROCESSED,1789018379548
2229545,1,INITIATED,1789018378138
2229545,2,VALIDATED,1789018378872
2229545,3,PROCESSED,1789018380058
2229546,1,INITIATED,1789018378138
2229546,2,VALIDATED,1789018378874
2229546,3,PROCESSED,1789018380059
2229547,1,INITIATED,1789018378312
2229547,2,VALIDATED,1789018379365
2229547,3,PROCESSED,1789018380712
2229548,1,INITIATED,1789018378312
2229548,2,VALIDATED,1789018379361
2229548,3,PROCESSED,1789018380212
2229549,1,INITIATED,1789018378312
2229549,2,VALIDATED,1789018379365
2229549,3,PROCESSED,1789018380714
2229550,1,INITIATED,1789018378313
2229550,2,VALIDATED,1789018379364
2229550,3,PROCESSED,1789018380211
2229551,1,INITIATED,1789018378313
2229551,2,VALIDATED,1789018379363
2229551,3,PROCESSED,1789018380272
2229552,1,INITIATED,1789018378312
2229552,2,VALIDATED,1789018379362
2229552,3,PROCESSED,1789018380272
2229553,1,INITIATED,1789018378702
2229553,2,VALIDATED,1789018379527
2229553,3,PROCESSED,1789018380713
2229554,1,INITIATED,1789018378703
2229554,2,VALIDATED,1789018379526
2229554,3,PROCESSED,1789018380768
2229555,1,INITIATED,1789018378701
2229555,2,VALIDATED,1789018379505
2229555,3,PROCESSED,1789018380709
2229556,1,INITIATED,1789018378702
2229556,2,VALIDATED,1789018379525
2229556,3,PROCESSED,1789018380713
2229557,1,INITIATED,1789018378703
2229557,2,VALIDATED,1789018379544
2229557,3,PROCESSED,1789018380771
2229558,1,INITIATED,1789018378703
2229558,2,VALIDATED,1789018379545
2229558,3,REJECTED,1789018380768
2229559,1,INITIATED,1789018378701
2229559,2,VALIDATED,1789018379504
2229559,3,REJECTED,1789018380709
2229560,1,INITIATED,1789018378704
2229560,2,VALIDATED,1789018378870
2229560,3,PROCESSED,1789018380059
2229561,1,INITIATED,1789018378704
2229561,2,VALIDATED,1789018379545
2229561,3,REJECTED,1789018380771
2229562,1,INITIATED,1789018378701
2229562,2,VALIDATED,1789018379504
2229562,3,PROCESSED,1789018380714
2229563,1,INITIATED,1789018378703
2229563,2,VALIDATED,1789018379526
2229563,3,PROCESSED,1789018380764
2229564,1,INITIATED,1789018378700
2229564,2,VALIDATED,1789018379504
2229564,3,REJECTED,1789018380706
2229565,1,INITIATED,1789018378705
2229565,2,VALIDATED,1789018379527
2229565,3,PROCESSED,1789018380764
2229566,1,INITIATED,1789018378705
2229566,2,VALIDATED,1789018379527
2229566,3,PROCESSED,1789018381030
2229567,1,INITIATED,1789018378705
2229567,2,VALIDATED,1789018378872
2229567,3,PROCESSED,1789018380059
2229568,1,INITIATED,1789018378722
2229568,2,VALIDATED,1789018379546
2229568,3,PROCESSED,1789018380774
2229569,1,INITIATED,1789018378722
2229569,2,VALIDATED,1789018379544
2229569,3,PROCESSED,1789018380769
2229570,1,INITIATED,1789018378723
2229570,2,VALIDATED,1789018378875
2229570,3,PROCESSED,1789018380059
2229571,1,INITIATED,1789018378722
2229571,2,VALIDATED,1789018379544
2229571,3,PROCESSED,1789018380779
2229572,1,INITIATED,1789018378723
2229572,2,VALIDATED,1789018379545
2229572,3,PROCESSED,1789018380770
2229573,1,INITIATED,1789018378723
2229573,2,VALIDATED,1789018379545
2229573,3,PROCESSED,1789018380776
2229574,1,INITIATED,1789018378869
2229574,2,VALIDATED,1789018379544
2229574,3,PROCESSED,1789018380779
2229575,1,INITIATED,1789018378869
2229575,2,VALIDATED,1789018380054
2229575,3,PROCESSED,1789018381020
2229576,1,INITIATED,1789018378870
2229576,2,VALIDATED,1789018380057
2229576,3,PROCESSED,1789018381020
2229577,1,INITIATED,1789018378870
2229577,2,VALIDATED,1789018380054
2229577,3,PROCESSED,1789018381020
2229578,1,INITIATED,1789018378871
2229578,2,VALIDATED,1789018380055
2229578,3,PROCESSED,1789018381020
2229579,1,INITIATED,1789018378869
2229579,2,VALIDATED,1789018380056
2229579,3,PROCESSED,1789018381021
2229580,1,INITIATED,1789018378872
2229580,2,VALIDATED,1789018380053
2229580,3,PROCESSED,1789018381021
2229581,1,INITIATED,1789018378872
2229581,2,VALIDATED,1789018380053
2229581,3,PROCESSED,1789018381024
2229582,1,INITIATED,1789018378875
2229582,2,VALIDATED,1789018380054
2229582,3,PROCESSED,1789018381019
2229583,1,INITIATED,1789018378877
2229583,2,VALIDATED,1789018379364
2229583,3,PROCESSED,1789018380210
2229584,1,INITIATED,1789018379362
2229584,2,VALIDATED,1789018380210
2229584,3,PROCESSED,1789018380712
2229585,1,INITIATED,1789018379362
2229585,2,VALIDATED,1789018380708
2229585,3,PROCESSED,1789018381066
2229586,1,INITIATED,1789018379360
2229586,2,VALIDATED,1789018380210
2229586,3,PROCESSED,1789018381031
2229587,1,INITIATED,1789018379361
2229587,2,VALIDATED,1789018380210
2229587,3,PROCESSED,1789018381031
2229588,1,INITIATED,1789018379360
2229588,2,VALIDATED,1789018380210
2229588,3,PROCESSED,1789018381058
2229589,1,INITIATED,1789018379365
2229589,2,VALIDATED,1789018380705
2229589,3,PROCESSED,1789018380774
2229590,1,INITIATED,1789018379360
2229590,2,VALIDATED,1789018380210
2229590,3,PROCESSED,1789018381031
2229591,1,INITIATED,1789018379362
2229591,2,VALIDATED,1789018380228
2229591,3,PROCESSED,1789018381057
2229592,1,INITIATED,1789018379364
2229592,2,VALIDATED,1789018380209
2229592,3,PROCESSED,1789018381031
2229593,1,INITIATED,1789018379360
2229593,2,VALIDATED,1789018380705
2229593,3,PROCESSED,1789018381065
2229594,1,INITIATED,1789018379504
2229594,2,VALIDATED,1789018380706
2229594,3,PROCESSED,1789018381070
2229595,1,INITIATED,1789018379504
2229595,2,VALIDATED,1789018380710
2229595,3,PROCESSED,1789018381068
2229596,1,INITIATED,1789018379504
2229596,2,VALIDATED,1789018380705
2229596,3,PROCESSED,1789018381069
2229597,1,INITIATED,1789018379504
2229597,2,VALIDATED,1789018380709
2229597,3,PROCESSED,1789018381071
2229598,1,INITIATED,1789018379504
2229598,2,VALIDATED,1789018380711
2229598,3,PROCESSED,1789018381072
2229599,1,INITIATED,1789018379504
2229599,2,VALIDATED,1789018380273
2229599,3,PROCESSED,1789018381067
2229600,1,INITIATED,1789018379505
2229600,2,VALIDATED,1789018380708
2229600,3,PROCESSED,1789018381073
2229601,1,INITIATED,1789018379505
2229601,2,VALIDATED,1789018380708
2229601,3,PROCESSED,1789018381071
2229602,1,INITIATED,1789018379505
2229602,2,VALIDATED,1789018380708
2229602,3,PROCESSED,1789018381072
2229603,1,INITIATED,1789018379526
2229603,2,VALIDATED,1789018380707
2229603,3,PROCESSED,1789018381071
2229604,1,INITIATED,1789018379527
2229604,2,VALIDATED,1789018380273
2229604,3,PROCESSED,1789018381070
2229605,1,INITIATED,1789018379526
2229605,2,VALIDATED,1789018380711
2229605,3,PROCESSED,1789018381073
2229606,1,INITIATED,1789018379527
2229606,2,VALIDATED,1789018380711
2229606,3,PROCESSED,1789018381073
2229607,1,INITIATED,1789018379527
2229607,2,VALIDATED,1789018380706
2229607,3,PROCESSED,1789018381067
2229608,1,INITIATED,1789018379528
2229608,2,VALIDATED,1789018380771
2229608,3,PROCESSED,1789018381308
2229609,1,INITIATED,1789018379528
2229609,2,VALIDATED,1789018380274
2229609,3,PROCESSED,1789018381068
2229610,1,INITIATED,1789018379543
2229610,2,VALIDATED,1789018380766
2229610,3,PROCESSED,1789018381079
2229611,1,INITIATED,1789018380057
2229611,2,VALIDATED,1789018381015
2229611,3,PROCESSED,1789018381317
2229612,1,INITIATED,1789018380054
2229612,2,VALIDATED,1789018381016
2229612,3,PROCESSED,1789018381317
2229613,1,INITIATED,1789018380056
2229613,2,VALIDATED,1789018381014
2229613,3,PROCESSED,1789018381309
2229614,1,INITIATED,1789018380057
2229614,2,VALIDATED,1789018381015
2229614,3,PROCESSED,1789018381317
2229615,1,INITIATED,1789018380052
2229615,2,VALIDATED,1789018381022
2229615,3,PROCESSED,1789018381584
2229616,1,INITIATED,1789018380051
2229616,2,VALIDATED,1789018381012
2229616,3,PROCESSED,1789018381308
2229617,1,INITIATED,1789018380057
2229617,2,VALIDATED,1789018381017
2229617,3,PROCESSED,1789018381316
2229618,1,INITIATED,1789018380051
2229618,2,VALIDATED,1789018381013
2229618,3,PROCESSED,1789018381024
2229619,1,INITIATED,1789018380055
2229619,2,VALIDATED,1789018380210
2229619,3,PROCESSED,1789018381056
2229620,1,INITIATED,1789018380051
2229620,2,VALIDATED,1789018380787
2229620,3,PROCESSED,1789018381310
2229621,1,INITIATED,1789018380064
2229621,2,VALIDATED,1789018381022
2229621,3,PROCESSED,1789018381581
2229622,1,INITIATED,1789018380064
2229622,2,VALIDATED,1789018381022
2229622,3,PROCESSED,1789018381584
2229623,1,INITIATED,1789018380065
2229623,2,VALIDATED,1789018381022
2229623,3,PROCESSED,1789018381585
2229624,1,INITIATED,1789018380208
2229624,2,VALIDATED,1789018381054
2229624,3,PROCESSED,1789018381587
2229625,1,INITIATED,1789018380209
2229625,2,VALIDATED,1789018381028
2229625,3,PROCESSED,1789018381581
2229626,1,INITIATED,1789018380208
2229626,2,VALIDATED,1789018381053
2229626,3,PROCESSED,1789018381587
2229627,1,INITIATED,1789018380210
2229627,2,VALIDATED,1789018381055
2229627,3,PROCESSED,1789018381639
2229628,1,INITIATED,1789018380209
2229628,2,VALIDATED,1789018381052
2229628,3,PROCESSED,1789018381582
2229629,1,INITIATED,1789018380211
2229629,2,VALIDATED,1789018381030
2229629,3,PROCESSED,1789018381581
2229630,1,INITIATED,1789018380212
2229630,2,VALIDATED,1789018380710
2229630,3,PROCESSED,1789018381070
2229631,1,INITIATED,1789018380211
2229631,2,VALIDATED,1789018381056
2229631,3,PROCESSED,1789018381583
2229632,1,INITIATED,1789018380211
2229632,2,VALIDATED,1789018381030
2229632,3,PROCESSED,1789018381584
2229633,1,INITIATED,1789018380211
2229633,2,VALIDATED,1789018381055
2229633,3,PROCESSED,1789018381639
2229634,1,INITIATED,1789018380211
2229634,2,VALIDATED,1789018381057
2229634,3,PROCESSED,1789018381585
2229635,1,INITIATED,1789018380211
2229635,2,VALIDATED,1789018381056
2229635,3,PROCESSED,1789018381581
2229636,1,INITIATED,1789018380211
2229636,2,VALIDATED,1789018381030
2229636,3,PROCESSED,1789018381585
2229637,1,INITIATED,1789018380211
2229637,2,VALIDATED,1789018381029
2229637,3,PROCESSED,1789018381354
2229638,1,INITIATED,1789018380212
2229638,2,VALIDATED,1789018381056
2229638,3,PROCESSED,1789018381587
2229639,1,INITIATED,1789018380211
2229639,2,VALIDATED,1789018381051
2229639,3,PROCESSED,1789018381611
2229640,1,INITIATED,1789018380211
2229640,2,VALIDATED,1789018381029
2229640,3,PROCESSED,1789018381578
2229641,1,INITIATED,1789018380211
2229641,2,VALIDATED,1789018381030
2229641,3,PROCESSED,1789018381582
2229642,1,INITIATED,1789018380210
2229642,2,VALIDATED,1789018381057
2229642,3,PROCESSED,1789018381585
2229643,1,INITIATED,1789018380711
2229643,2,VALIDATED,1789018381071
2229643,3,PROCESSED,1789018381605
2229644,1,INITIATED,1789018380708
2229644,2,VALIDATED,1789018381356
2229644,3,PROCESSED,1789018381644
2229645,1,INITIATED,1789018380705
2229645,2,VALIDATED,1789018381066
2229645,3,PROCESSED,1789018381592
2229646,1,INITIATED,1789018380769
2229646,2,VALIDATED,1789018381073
2229646,3,PROCESSED,1789018381609
2229647,1,INITIATED,1789018380770
2229647,2,VALIDATED,1789018381073
2229647,3,PROCESSED,1789018381602
2229648,1,INITIATED,1789018380775
2229648,2,VALIDATED,1789018381303
2229648,3,PROCESSED,1789018381609
2229649,1,INITIATED,1789018380775
2229649,2,VALIDATED,1789018381305
2229649,3,PROCESSED,1789018381610
2229650,1,INITIATED,1789018380777
2229650,2,VALIDATED,1789018381307
2229650,3,PROCESSED,1789018381607
2229651,1,INITIATED,1789018380777
2229651,2,VALIDATED,1789018381310
2229651,3,PROCESSED,1789018381611
2229652,1,INITIATED,1789018380778
2229652,2,VALIDATED,1789018381303
2229652,3,PROCESSED,1789018381606
2229653,1,INITIATED,1789018380778
2229653,2,VALIDATED,1789018381080
2229653,3,REJECTED,1789018381599
2229654,1,INITIATED,1789018380779
2229654,2,VALIDATED,1789018381306
2229654,3,PROCESSED,1789018381608
2229655,1,INITIATED,1789018380783
2229655,2,VALIDATED,1789018381309
2229655,3,PROCESSED,1789018381612
2229656,1,INITIATED,1789018380786
2229656,2,VALIDATED,1789018381306
2229656,3,REJECTED,1789018381647
2229657,1,INITIATED,1789018380785
2229657,2,VALIDATED,1789018381311
2229657,3,PROCESSED,1789018381658
2229658,1,INITIATED,1789018380783
2229658,2,VALIDATED,1789018381303
2229658,3,REJECTED,1789018381604
2229659,1,INITIATED,1789018380785
2229659,2,VALIDATED,1789018381306
2229659,3,REJECTED,1789018381602
2229660,1,INITIATED,1789018380785
2229660,2,VALIDATED,1789018381305
2229660,3,PROCESSED,1789018381607
2229661,1,INITIATED,1789018380785
2229661,2,VALIDATED,1789018381080
2229661,3,PROCESSED,1789018381646
2229662,1,INITIATED,1789018380787
2229662,2,VALIDATED,1789018381311
2229662,3,PROCESSED,1789018381656
2229663,1,INITIATED,1789018381016
2229663,2,VALIDATED,1789018381314
2229663,3,PROCESSED,1789018381586
2229664,1,INITIATED,1789018381013
2229664,2,VALIDATED,1789018381308
2229664,3,PROCESSED,1789018381612
2229665,1,INITIATED,1789018381016
2229665,2,VALIDATED,1789018381314
2229665,3,PROCESSED,1789018381641
2229666,1,INITIATED,1789018381017
2229666,2,VALIDATED,1789018381314
2229666,3,PROCESSED,1789018381638
2229667,1,INITIATED,1789018381015
2229667,2,VALIDATED,1789018381315
2229667,3,PROCESSED,1789018381637
2229668,1,INITIATED,1789018381017
2229668,2,VALIDATED,1789018381315
2229668,3,PROCESSED,1789018381583
2229669,1,INITIATED,1789018381018
2229669,2,VALIDATED,1789018381342
2229669,3,PROCESSED,1789018381640
2229670,1,INITIATED,1789018381017
2229670,2,VALIDATED,1789018381312
2229670,3,PROCESSED,1789018381640
2229671,1,INITIATED,1789018381020
2229671,2,VALIDATED,1789018381343
2229671,3,PROCESSED,1789018381636
2229672,1,INITIATED,1789018381018
2229672,2,VALIDATED,1789018381312
2229672,3,PROCESSED,1789018381655
2229673,1,INITIATED,1789018381019
2229673,2,VALIDATED,1789018381344
2229673,3,PROCESSED,1789018381640
2229674,1,INITIATED,1789018381016
2229674,2,VALIDATED,1789018381312
2229674,3,PROCESSED,1789018381611
2229675,1,INITIATED,1789018381018
2229675,2,VALIDATED,1789018381316
2229675,3,PROCESSED,1789018381637
2229676,1,INITIATED,1789018381016
2229676,2,VALIDATED,1789018381311
2229676,3,PROCESSED,1789018381580
2229677,1,INITIATED,1789018381019
2229677,2,VALIDATED,1789018381351
2229677,3,PROCESSED,1789018381640
2229678,1,INITIATED,1789018381022
2229678,2,VALIDATED,1789018381344
2229678,3,PROCESSED,1789018381638
2229679,1,INITIATED,1789018381028
2229679,2,VALIDATED,1789018381344
2229679,3,PROCESSED,1789018381639
2229680,1,INITIATED,1789018381052
2229680,2,VALIDATED,1789018381343
2229680,3,PROCESSED,1789018381639
2229681,1,INITIATED,1789018381054
2229681,2,VALIDATED,1789018381354
2229681,3,PROCESSED,1789018381641
2229682,1,INITIATED,1789018381054
2229682,2,VALIDATED,1789018381355
2229682,3,PROCESSED,1789018381638
2229683,1,INITIATED,1789018381057
2229683,2,VALIDATED,1789018381068
2229683,3,PROCESSED,1789018381311
2229684,1,INITIATED,1789018381057
2229684,2,VALIDATED,1789018381579
2229684,3,PROCESSED,1789018381639
2229685,1,INITIATED,1789018381054
2229685,2,VALIDATED,1789018381353
2229685,3,PROCESSED,1789018381640
2229686,1,INITIATED,1789018381058
2229686,2,VALIDATED,1789018381579
2229686,3,PROCESSED,1789018381644
2229687,1,INITIATED,1789018381058
2229687,2,VALIDATED,1789018381583
2229687,3,PROCESSED,1789018381649
2229688,1,INITIATED,1789018381058
2229688,2,VALIDATED,1789018381581
2229688,3,PROCESSED,1789018381645
2229689,1,INITIATED,1789018381059
2229689,2,VALIDATED,1789018381583
2229689,3,PROCESSED,1789018381650
2229690,1,INITIATED,1789018381059
2229690,2,VALIDATED,1789018381579
2229690,3,PROCESSED,1789018381644
2229691,1,INITIATED,1789018381058
2229691,2,VALIDATED,1789018381582
2229691,3,PROCESSED,1789018381605
2229692,1,INITIATED,1789018381059
2229692,2,VALIDATED,1789018381585
2229692,3,PROCESSED,1789018381650
2229693,1,INITIATED,1789018381059
2229693,2,VALIDATED,1789018381580
2229693,3,PROCESSED,1789018381642
2229694,1,INITIATED,1789018381062
2229694,2,VALIDATED,1789018381589
2229694,3,PROCESSED,1789018381654
2229695,1,INITIATED,1789018381062
2229695,2,VALIDATED,1789018381589
2229695,3,PROCESSED,1789018381653
2229696,1,INITIATED,1789018381060
2229696,2,VALIDATED,1789018381580
2229696,3,PROCESSED,1789018381646
2229697,1,INITIATED,1789018381064
2229697,2,VALIDATED,1789018381590
2229697,3,PROCESSED,1789018381651
2229698,1,INITIATED,1789018381062
2229698,2,VALIDATED,1789018381589
2229698,3,PROCESSED,1789018381651
2229699,1,INITIATED,1789018381065
2229699,2,VALIDATED,1789018381590
2229699,3,PROCESSED,1789018381647
2229700,1,INITIATED,1789018381058
2229700,2,VALIDATED,1789018381581
2229700,3,PROCESSED,1789018381647
2229701,1,INITIATED,1789018381064
2229701,2,VALIDATED,1789018381591
2229701,3,PROCESSED,1789018381652
2229702,1,INITIATED,1789018381067
2229702,2,VALIDATED,1789018381589
2229702,3,PROCESSED,1789018381602
2229703,1,INITIATED,1789018381066
2229703,2,VALIDATED,1789018381590
2229703,3,PROCESSED,1789018381646
2229704,1,INITIATED,1789018381071
2229704,2,VALIDATED,1789018381597
2229704,3,PROCESSED,1789018381654
2229705,1,INITIATED,1789018381071
2229705,2,VALIDATED,1789018381598
2229705,3,PROCESSED,1789018381658
2229706,1,INITIATED,1789018381069
2229706,2,VALIDATED,1789018381589
2229706,3,PROCESSED,1789018381671
2229707,1,INITIATED,1789018381309
2229707,2,VALIDATED,1789018381608
2229707,3,PROCESSED,1789018381663
2229708,1,INITIATED,1789018381310
2229708,2,VALIDATED,1789018381610
2229708,3,PROCESSED,1789018381662
2229709,1,INITIATED,1789018381310
2229709,2,VALIDATED,1789018381609
2229709,3,PROCESSED,1789018381669
2229710,1,INITIATED,1789018381307
2229710,2,VALIDATED,1789018381608
2229710,3,PROCESSED,1789018381663
2229711,1,INITIATED,1789018381311
2229711,2,VALIDATED,1789018381610
2229711,3,PROCESSED,1789018381642
2229712,1,INITIATED,1789018381311
2229712,2,VALIDATED,1789018381608
2229712,3,PROCESSED,1789018381667
2229713,1,INITIATED,1789018381306
2229713,2,VALIDATED,1789018381604
2229713,3,PROCESSED,1789018381665
2229714,1,INITIATED,1789018381308
2229714,2,VALIDATED,1789018381606
2229714,3,PROCESSED,1789018381662
2229715,1,INITIATED,1789018381307
2229715,2,VALIDATED,1789018381598
2229715,3,PROCESSED,1789018381657
2229716,1,INITIATED,1789018381306
2229716,2,VALIDATED,1789018381647
2229716,3,PROCESSED,1789018381673
2229717,1,INITIATED,1789018381303
2229717,2,VALIDATED,1789018381604
2229717,3,PROCESSED,1789018381661
2229718,1,INITIATED,1789018381311
2229718,2,VALIDATED,1789018381607
2229718,3,PROCESSED,1789018381663
2229719,1,INITIATED,1789018381344
2229719,2,VALIDATED,1789018381634
2229719,3,PROCESSED,1789018381665
2229720,1,INITIATED,1789018381354
2229720,2,VALIDATED,1789018381635
2229720,3,PROCESSED,1789018381669
2229721,1,INITIATED,1789018381589
2229721,2,VALIDATED,1789018381646
2229721,3,PROCESSED,1789018381670
2229722,1,INITIATED,1789018381589
2229722,2,VALIDATED,1789018381601
2229722,3,PROCESSED,1789018381653
2229723,1,INITIATED,1789018381596
2229723,2,VALIDATED,1789018381647
2229723,3,PROCESSED,1789018381670
2229724,1,INITIATED,1789018381595
2229724,2,VALIDATED,1789018381649
2229724,3,PROCESSED,1789018381670
2229725,1,INITIATED,1789018381595
2229725,2,VALIDATED,1789018381645
2229725,3,PROCESSED,1789018381671
2229726,1,INITIATED,1789018381595
2229726,2,VALIDATED,1789018381651
2229726,3,PROCESSED,1789018381665
2229727,1,INITIATED,1789018381598
2229727,2,VALIDATED,1789018381609
2229727,3,PROCESSED,1789018381672
2229728,1,INITIATED,1789018381596
2229728,2,VALIDATED,1789018381610
2229728,3,PROCESSED,1789018381663
2229729,1,INITIATED,1789018381598
2229729,2,VALIDATED,1789018381609
2229729,3,PROCESSED,1789018381668
2229730,1,INITIATED,1789018381598
2229730,2,VALIDATED,1789018381651
2229730,3,PROCESSED,1789018381676
2229731,1,INITIATED,1789018381598
2229731,2,VALIDATED,1789018381651
2229731,3,PROCESSED,1789018381672
2229732,1,INITIATED,1789018381597
2229732,2,VALIDATED,1789018381649
2229732,3,PROCESSED,1789018381672
2229733,1,INITIATED,1789018381598
2229733,2,VALIDATED,1789018381652
2229733,3,PROCESSED,1789018381670
2229734,1,INITIATED,1789018381599
2229734,2,VALIDATED,1789018381648
2229734,3,PROCESSED,1789018381659
2229735,1,INITIATED,1789018381608
2229735,2,VALIDATED,1789018381654
2229735,3,PROCESSED,1789018381674
2229736,1,INITIATED,1789018381634
2229736,2,VALIDATED,1789018381657
2229736,3,PROCESSED,1789018381674
2229737,1,INITIATED,1789018381635
2229737,2,VALIDATED,1789018381664
2229737,3,PROCESSED,1789018381676
2229738,1,INITIATED,1789018381636
2229738,2,VALIDATED,1789018381658
2229738,3,PROCESSED,1789018381676
2229739,1,INITIATED,1789018381633
2229739,2,VALIDATED,1789018381656
2229739,3,PROCESSED,1789018381673
2229740,1,INITIATED,1789018381640
2229740,2,VALIDATED,1789018381659
2229740,3,PROCESSED,1789018381674
2229741,1,INITIATED,1789018381638
2229741,2,VALIDATED,1789018381659
2229741,3,PROCESSED,1789018381675
2229742,1,INITIATED,1789018381636
2229742,2,VALIDATED,1789018381664
2229742,3,PROCESSED,1789018381676
2229743,1,INITIATED,1789018381639
2229743,2,VALIDATED,1789018381661
2229743,3,PROCESSED,1789018381676
2229744,1,INITIATED,1789018381641
2229744,2,VALIDATED,1789018381660
2229744,3,PROCESSED,1789018381674
2229745,1,INITIATED,1789018381640
2229745,2,VALIDATED,1789018381661
2229745,3,PROCESSED,1789018381675
2229746,1,INITIATED,1789018381637
2229746,2,VALIDATED,1789018381658
2229746,3,PROCESSED,1789018381675
2229747,1,INITIATED,1789018381647
2229747,2,VALIDATED,1789018381668
2229747,3,PROCESSED,1789018381677
2229748,1,INITIATED,1789018381651
2229748,2,VALIDATED,1789018381663
2229748,3,PROCESSED,1789018381674
2229749,1,INITIATED,1789018381652
2229749,2,VALIDATED,1789018381665
2229749,3,PROCESSED,1789018381673
2229750,1,INITIATED,1789018381657
2229750,2,VALIDATED,1789018381670
2229750,3,PROCESSED,1789018381678
2229751,1,INITIATED,1789018381667
2229751,2,VALIDATED,1789018381671
2229751,3,PROCESSED,1789018381679
2229752,1,INITIATED,1789018381680
2229752,2,VALIDATED,1789018381682
2229752,3,PROCESSED,1789018381686
2229753,1,INITIATED,1789018381701
2229753,2,VALIDATED,1789018381705
2229753,3,PROCESSED,1789018381709
2229754,1,INITIATED,1789018381721
2229754,2,VALIDATED,1789018381724
2229754,3,PROCESSED,1789018381727
2229755,1,INITIATED,1789018381741
2229755,2,VALIDATED,1789018381744
2229755,3,PROCESSED,1789018381749
2229756,1,INITIATED,1789018381760
2229756,2,VALIDATED,1789018381764
2229756,3,PROCESSED,1789018381770
2229757,1,INITIATED,1789018381781
2229757,2,VALIDATED,1789018381784
2229757,3,PROCESSED,1789018381788
2229758,1,INITIATED,1789018381801
2229758,2,VALIDATED,1789018381805
2229758,3,PROCESSED,1789018381809
2229759,1,INITIATED,1789018381822
2229759,2,VALIDATED,1789018381825
2229759,3,PROCESSED,1789018381830
2229760,1,INITIATED,1789018381841
2229760,2,VALIDATED,1789018381845
2229760,3,REJECTED,1789018381847
2229761,1,INITIATED,1789018381861
2229761,2,VALIDATED,1789018381864
2229761,3,REJECTED,1789018381866
2229762,1,INITIATED,1789018381880
2229762,2,VALIDATED,1789018381885
2229762,3,REJECTED,1789018381888
2229763,1,INITIATED,1789018381901
2229763,2,VALIDATED,1789018381904
2229763,3,REJECTED,1789018381907
2229764,1,INITIATED,1789018381921
2229764,2,VALIDATED,1789018381925
2229764,3,PROCESSED,1789018381929
2229765,1,INITIATED,1789018381940
2229765,2,VALIDATED,1789018381943
2229765,3,PROCESSED,1789018381947
2229766,1,INITIATED,1789018381960
2229766,2,VALIDATED,1789018381963
2229766,3,PROCESSED,1789018381966
2229767,1,INITIATED,1789018381980
2229767,2,VALIDATED,1789018381983
2229767,3,PROCESSED,1789018381986
2229768,1,INITIATED,1789018382000
2229768,2,VALIDATED,1789018382004
2229768,3,PROCESSED,1789018382009
2229769,1,INITIATED,1789018382021
2229769,2,VALIDATED,1789018382027
2229769,3,PROCESSED,1789018382031
2229770,1,INITIATED,1789018382040
2229770,2,VALIDATED,1789018382044
2229770,3,PROCESSED,1789018382047
2229771,1,INITIATED,1789018382061
2229771,2,VALIDATED,1789018382064
2229771,3,PROCESSED,1789018382068
2229772,1,INITIATED,1789018382089
2229772,2,VALIDATED,1789018382254
2229772,3,PROCESSED,1789018382263
2229773,1,INITIATED,1789018382255
2229773,2,VALIDATED,1789018382261
2229773,3,PROCESSED,1789018382325
2229774,1,INITIATED,1789018382254
2229774,2,VALIDATED,1789018382262
2229774,3,PROCESSED,1789018382325
2229775,1,INITIATED,1789018382255
2229775,2,VALIDATED,1789018382261
2229775,3,PROCESSED,1789018382314
2229776,1,INITIATED,1789018382254
2229776,2,VALIDATED,1789018382262
2229776,3,PROCESSED,1789018382324
2229777,1,INITIATED,1789018382255
2229777,2,VALIDATED,1789018382261
2229777,3,PROCESSED,1789018382325
2229778,1,INITIATED,1789018382254
2229778,2,VALIDATED,1789018382261
2229778,3,PROCESSED,1789018382324
2229779,1,INITIATED,1789018382255
2229779,2,VALIDATED,1789018382262
2229779,3,PROCESSED,1789018382325
2229780,1,INITIATED,1789018382254
2229780,2,VALIDATED,1789018382261
2229780,3,PROCESSED,1789018382324
2229781,1,INITIATED,1789018382261
2229781,2,VALIDATED,1789018382313
2229781,3,PROCESSED,1789018382524
2229782,1,INITIATED,1789018382310
2229782,2,VALIDATED,1789018382524
2229782,3,PROCESSED,1789018382537
2229783,1,INITIATED,1789018382310
2229783,2,VALIDATED,1789018382524
2229783,3,PROCESSED,1789018382536
2229784,1,INITIATED,1789018382324
2229784,2,VALIDATED,1789018382524
2229784,3,PROCESSED,1789018382536
2229785,1,INITIATED,1789018382523
2229785,2,VALIDATED,1789018382535
2229785,3,PROCESSED,1789018382589
2229786,1,INITIATED,1789018382522
2229786,2,VALIDATED,1789018382535
2229786,3,PROCESSED,1789018382589
2229787,1,INITIATED,1789018382522
2229787,2,VALIDATED,1789018382535
2229787,3,PROCESSED,1789018382589
2229788,1,INITIATED,1789018382523
2229788,2,VALIDATED,1789018382535
2229788,3,PROCESSED,1789018382589
2229789,1,INITIATED,1789018382522
2229789,2,VALIDATED,1789018382535
2229789,3,PROCESSED,1789018382589
2229790,1,INITIATED,1789018382523
2229790,2,VALIDATED,1789018382535
2229790,3,PROCESSED,1789018382589
2229791,1,INITIATED,1789018382523
2229791,2,VALIDATED,1789018382535
2229791,3,PROCESSED,1789018382589
2229792,1,INITIATED,1789018382523
2229792,2,VALIDATED,1789018382534
2229792,3,PROCESSED,1789018382589
2229793,1,INITIATED,1789018382523
2229793,2,VALIDATED,1789018382535
2229793,3,PROCESSED,1789018382589
2229794,1,INITIATED,1789018382522
2229794,2,VALIDATED,1789018382534
2229794,3,PROCESSED,1789018382589
