2171733,1,INITIATED,1789016116248
2171733,2,VALIDATED,1789016116623
2171733,3,PROCESSED,1789016116663
2171734,1,INITIATED,1789016116247
2171734,2,VALIDATED,1789016116642
2171734,3,PROCESSED,1789016116694
2171735,1,INITIATED,1789016116247
2171735,2,VALIDATED,1789016116642
2171735,3,PROCESSED,1789016116692
2171736,1,INITIATED,1789016116251
2171736,2,VALIDATED,1789016116616
2171736,3,PROCESSED,1789016116665
2171737,1,INITIATED,1789016116250
2171737,2,VALIDATED,1789016116635
2171737,3,PROCESSED,1789016116677
2171738,1,INITIATED,1789016116249
2171738,2,VALIDATED,1789016116641
2171738,3,REJECTED,1789016116684
2171739,1,INITIATED,1789016116247
2171739,2,VALIDATED,1789016116616
2171739,3,PROCESSED,1789016116663
2171740,1,INITIATED,1789016116251
2171740,2,VALIDATED,1789016116640
2171740,3,PROCESSED,1789016116693
2171741,1,INITIATED,1789016116258
2171741,2,VALIDATED,1789016116640
2171741,3,REJECTED,1789016116684
2171742,1,INITIATED,1789016116321
2171742,2,VALIDATED,1789016116634
2171742,3,PROCESSED,1789016116678
2171743,1,INITIATED,1789016116320
2171743,2,VALIDATED,1789016116627
2171743,3,PROCESSED,1789016116708
2171744,1,INITIATED,1789016116320
2171744,2,VALIDATED,1789016116622
2171744,3,REJECTED,1789016116653
2171745,1,INITIATED,1789016116320
2171745,2,VALIDATED,1789016116609
2171745,3,PROCESSED,1789016116664
2171746,1,INITIATED,1789016116320
2171746,2,VALIDATED,1789016116634
2171746,3,PROCESSED,1789016116678
2171747,1,INITIATED,1789016116321
2171747,2,VALIDATED,1789016116630
2171747,3,PROCESSED,1789016116676
2171748,1,INITIATED,1789016116321
2171748,2,VALIDATED,1789016116641
2171748,3,PROCESSED,1789016116665
2171749,1,INITIATED,1789016116321
2171749,2,VALIDATED,1789016116634
2171749,3,PROCESSED,1789016116676
2171750,1,INITIATED,1789016116321
2171750,2,VALIDATED,1789016116635
2171750,3,REJECTED,1789016116672
2171751,1,INITIATED,1789016116323
2171751,2,VALIDATED,1789016116635
2171751,3,PROCESSED,1789016116678
2171752,1,INITIATED,1789016116325
2171752,2,VALIDATED,1789016116634
2171752,3,PROCESSED,1789016116677
2171753,1,INITIATED,1789016116325
2171753,2,VALIDATED,1789016116603
2171753,3,PROCESSED,1789016116685
2171754,1,INITIATED,1789016116326
2171754,2,VALIDATED,1789016116633
2171754,3,PROCESSED,1789016116677
2171755,1,INITIATED,1789016116325
2171755,2,VALIDATED,1789016116636
2171755,3,PROCESSED,1789016116663
2171756,1,INITIATED,1789016116326
2171756,2,VALIDATED,1789016116633
2171756,3,PROCESSED,1789016116678
2171757,1,INITIATED,1789016116327
2171757,2,VALIDATED,1789016116622
2171757,3,PROCESSED,1789016116664
2171758,1,INITIATED,1789016116327
2171758,2,VALIDATED,1789016116603
2171758,3,PROCESSED,1789016116664
2171759,1,INITIATED,1789016116347
2171759,2,VALIDATED,1789016116641
2171759,3,PROCESSED,1789016116688
2171760,1,INITIATED,1789016116367
2171760,2,VALIDATED,1789016116596
2171760,3,PROCESSED,1789016116665
2171761,1,INITIATED,1789016116387
2171761,2,VALIDATED,1789016116641
2171761,3,PROCESSED,1789016116694
2171762,1,INITIATED,1789016116406
2171762,2,VALIDATED,1789016116640
2171762,3,PROCESSED,1789016116691
2171763,1,INITIATED,1789016116425
2171763,2,VALIDATED,1789016116640
2171763,3,PROCESSED,1789016116688
2171764,1,INITIATED,1789016116446
2171764,2,VALIDATED,1789016116627
2171764,3,PROCESSED,1789016116666
2171765,1,INITIATED,1789016116468
2171765,2,VALIDATED,1789016116609
2171765,3,PROCESSED,1789016116687
2171766,1,INITIATED,1789016116486
2171766,2,VALIDATED,1789016116641
2171766,3,PROCESSED,1789016116688
2171767,1,INITIATED,1789016116506
2171767,2,VALIDATED,1789016116595
2171767,3,PROCESSED,1789016116708
2171768,1,INITIATED,1789016116642
2171768,2,VALIDATED,1789016116692
2171768,3,PROCESSED,1789016116708
2171769,1,INITIATED,1789016116645
2171769,2,VALIDATED,1789016116694
2171769,3,PROCESSED,1789016116709
2171770,1,INITIATED,1789016116645
2171770,2,VALIDATED,1789016116694
2171770,3,PROCESSED,1789016116709
2171771,1,INITIATED,1789016116646
2171771,2,VALIDATED,1789016116695
2171771,3,PROCESSED,1789016116709
2171772,1,INITIATED,1789016116646
2171772,2,VALIDATED,1789016116697
2171772,3,PROCESSED,1789016116715
2171773,1,INITIATED,1789016116646
2171773,2,VALIDATED,1789016116697
2171773,3,PROCESSED,1789016116714
2171774,1,INITIATED,1789016116687
2171774,2,VALIDATED,1789016116699
2171774,3,PROCESSED,1789016116713
2171775,1,INITIATED,1789016116697
2171775,2,VALIDATED,1789016116708
2171775,3,PROCESSED,1789016116722
2171776,1,INITIATED,1789016116698
2171776,2,VALIDATED,1789016116710
2171776,3,PROCESSED,1789016116724
2171777,1,INITIATED,1789016116707
2171777,2,VALIDATED,1789016116717
2171777,3,PROCESSED,1789016116729
2171778,1,INITIATED,1789016116725
2171778,2,VALIDATED,1789016116732
2171778,3,PROCESSED,1789016116744
2171779,1,INITIATED,1789016116744
2171779,2,VALIDATED,1789016116752
2171779,3,PROCESSED,1789016116764
2171780,1,INITIATED,1789016116764
2171780,2,VALIDATED,1789016116772
2171780,3,PROCESSED,1789016116782
2171781,1,INITIATED,1789016116784
2171781,2,VALIDATED,1789016116791
2171781,3,PROCESSED,1789016116802
2171782,1,INITIATED,1789016116803
2171782,2,VALIDATED,1789016116811
2171782,3,PROCESSED,1789016116823
2171783,1,INITIATED,1789016116824
2171783,2,VALIDATED,1789016116831
2171783,3,PROCESSED,1789016116844
2171784,1,INITIATED,1789016116846
2171784,2,VALIDATED,1789016116855
2171784,3,PROCESSED,1789016116868
2171785,1,INITIATED,1789016116863
2171785,2,VALIDATED,1789016116872
2171785,3,PROCESSED,1789016116886
2171786,1,INITIATED,1789016116885
2171786,2,VALIDATED,1789016116895
2171786,3,PROCESSED,1789016116910
2171787,1,INITIATED,1789016116905
2171787,2,VALIDATED,1789016116913
2171787,3,PROCESSED,1789016116929
2171788,1,INITIATED,1789016116925
2171788,2,VALIDATED,1789016116939
2171788,3,PROCESSED,1789016116954
2171789,1,INITIATED,1789016116946
2171789,2,VALIDATED,1789016116957
2171789,3,PROCESSED,1789016116969
2171790,1,INITIATED,1789016116964
2171790,2,VALIDATED,1789016116972
2171790,3,PROCESSED,1789016116981
2171791,1,INITIATED,1789016116983
2171791,2,VALIDATED,1789016116989
2171791,3,PROCESSED,1789016116998
2171792,1,INITIATED,1789016117003
2171792,2,VALIDATED,1789016117009
2171792,3,PROCESSED,1789016117017
2171793,1,INITIATED,1789016117024
2171793,2,VALIDATED,1789016117031
2171793,3,PROCESSED,1789016117039
2171794,1,INITIATED,1789016117043
2171794,2,VALIDATED,1789016117048
2171794,3,PROCESSED,1789016117057
2171795,1,INITIATED,1789016117063
2171795,2,VALIDATED,1789016117070
2171795,3,PROCESSED,1789016117080
2171796,1,INITIATED,1789016117087
2171796,2,VALIDATED,1789016117096
2171796,3,PROCESSED,1789016117113
2171797,1,INITIATED,1789016117105
2171797,2,VALIDATED,1789016117122
2171797,3,PROCESSED,1789016117138
2171798,1,INITIATED,1789016117125
2171798,2,VALIDATED,1789016117134
2171798,3,PROCESSED,1789016117147
2171799,1,INITIATED,1789016117145
2171799,2,VALIDATED,1789016117234
2171799,3,PROCESSED,1789016117245
2171800,1,INITIATED,1789016117234
2171800,2,VALIDATED,1789016117242
2171800,3,PROCESSED,1789016117254
2171801,1,INITIATED,1789016117234
2171801,2,VALIDATED,1789016117242
2171801,3,PROCESSED,1789016117254
2171802,1,INITIATED,1789016117234
2171802,2,VALIDATED,1789016117242
2171802,3,PROCESSED,1789016117254
2171803,1,INITIATED,1789016117234
2171803,2,VALIDATED,1789016117242
2171803,3,PROCESSED,1789016117254
2171804,1,INITIATED,1789016117244
2171804,2,VALIDATED,1789016117250
2171804,3,PROCESSED,1789016117262
2171805,1,INITIATED,1789016117263
2171805,2,VALIDATED,1789016117270
2171805,3,PROCESSED,1789016117278
2171806,1,INITIATED,1789016117284
2171806,2,VALIDATED,1789016117292
2171806,3,PROCESSED,1789016117302
2171807,1,INITIATED,1789016117303
2171807,2,VALIDATED,1789016117311
2171807,3,PROCESSED,1789016117323
2171808,1,INITIATED,1789016117323
2171808,2,VALIDATED,1789016117331
2171808,3,PROCESSED,1789016117344
2171809,1,INITIATED,1789016117344
2171809,2,VALIDATED,1789016117353
2171809,3,PROCESSED,1789016117362
2171810,1,INITIATED,1789016117363
2171810,2,VALIDATED,1789016117370
2171810,3,PROCESSED,1789016117380
2171811,1,INITIATED,1789016117383
2171811,2,VALIDATED,1789016117390
2171811,3,PROCESSED,1789016117402
2171812,1,INITIATED,1789016117405
2171812,2,VALIDATED,1789016117413
2171812,3,PROCESSED,1789016117425
2171813,1,INITIATED,1789016117423
2171813,2,VALIDATED,1789016117431
2171813,3,PROCESSED,1789016117440
2171814,1,INITIATED,1789016117443
2171814,2,VALIDATED,1789016117450
2171814,3,PROCESSED,1789016117458
2171815,1,INITIATED,1789016117463
2171815,2,VALIDATED,1789016117471
2171815,3,PROCESSED,1789016117480
2171816,1,INITIATED,1789016117484
2171816,2,VALIDATED,1789016117494
2171816,3,PROCESSED,1789016117506
2171817,1,INITIATED,1789016117504
2171817,2,VALIDATED,1789016117513
2171817,3,PROCESSED,1789016117525
2171818,1,INITIATED,1789016117526
2171818,2,VALIDATED,1789016117538
2171818,3,PROCESSED,1789016117553
2171819,1,INITIATED,1789016117545
2171819,2,VALIDATED,1789016117558
2171819,3,PROCESSED,1789016117568
2171820,1,INITIATED,1789016117565
2171820,2,VALIDATED,1789016117573
2171820,3,PROCESSED,1789016117584
2171821,1,INITIATED,1789016117584
2171821,2,VALIDATED,1789016117590
2171821,3,PROCESSED,1789016117605
2171822,1,INITIATED,1789016117604
2171822,2,VALIDATED,1789016117611
2171822,3,PROCESSED,1789016117623
2171823,1,INITIATED,1789016117624
2171823,2,VALIDATED,1789016117629
2171823,3,PROCESSED,1789016117638
2171824,1,INITIATED,1789016117643
2171824,2,VALIDATED,1789016117648
2171824,3,PROCESSED,1789016117657
2171825,1,INITIATED,1789016117664
2171825,2,VALIDATED,1789016117670
2171825,3,PROCESSED,1789016117678
2171826,1,INITIATED,1789016117683
2171826,2,VALIDATED,1789016117689
2171826,3,PROCESSED,1789016117698
2171827,1,INITIATED,1789016117703
2171827,2,VALIDATED,1789016117710
2171827,3,PROCESSED,1789016117718
2171828,1,INITIATED,1789016117723
2171828,2,VALIDATED,1789016117730
2171828,3,PROCESSED,1789016117739
2171829,1,INITIATED,1789016117743
2171829,2,VALIDATED,1789016117752
2171829,3,PROCESSED,1789016117760
2171830,1,INITIATED,1789016117763
2171830,2,VALIDATED,1789016117768
2171830,3,PROCESSED,1789016117775
2171831,1,INITIATED,1789016117783
2171831,2,VALIDATED,1789016117790
2171831,3,PROCESSED,1789016117799
2171832,1,INITIATED,1789016117804
2171832,2,VALIDATED,1789016117811
2171832,3,PROCESSED,1789016117819
2171833,1,INITIATED,1789016117822
2171833,2,VALIDATED,1789016117829
2171833,3,REJECTED,1789016117835
2171834,1,INITIATED,1789016117842
2171834,2,VALIDATED,1789016117849
2171834,3,REJECTED,1789016117855
2171835,1,INITIATED,1789016117863
2171835,2,VALIDATED,1789016117868
2171835,3,REJECTED,1789016117873
2171836,1,INITIATED,1789016117883
2171836,2,VALIDATED,1789016117889
2171836,3,REJECTED,1789016117894
2171837,1,INITIATED,1789016117902
2171837,2,VALIDATED,1789016117908
2171837,3,PROCESSED,1789016117916
2171838,1,INITIATED,1789016117923
2171838,2,VALIDATED,1789016117930
2171838,3,PROCESSED,1789016117939
2171839,1,INITIATED,1789016117943
2171839,2,VALIDATED,1789016117950
2171839,3,PROCESSED,1789016117960
2171840,1,INITIATED,1789016117963
2171840,2,VALIDATED,1789016117969
2171840,3,PROCESSED,1789016117976
2171841,1,INITIATED,1789016117982
2171841,2,VALIDATED,1789016117987
2171841,3,PROCESSED,1789016117993
2171842,1,INITIATED,1789016118002
2171842,2,VALIDATED,1789016118007
2171842,3,PROCESSED,1789016118013
2171843,1,INITIATED,1789016118023
2171843,2,VALIDATED,1789016118028
2171843,3,PROCESSED,1789016118036
2171844,1,INITIATED,1789016118042
2171844,2,VALIDATED,1789016118047
2171844,3,PROCESSED,1789016118053
2171845,1,INITIATED,1789016118062
2171845,2,VALIDATED,1789016118068
2171845,3,PROCESSED,1789016118074
2171846,1,INITIATED,1789016118082
2171846,2,VALIDATED,1789016118086
2171846,3,PROCESSED,1789016118093
2171847,1,INITIATED,1789016118101
2171847,2,VALIDATED,1789016118106
2171847,3,PROCESSED,1789016118111
2171848,1,INITIATED,1789016118122
2171848,2,VALIDATED,1789016118126
2171848,3,PROCESSED,1789016118132
2171849,1,INITIATED,1789016118143
2171849,2,VALIDATED,1789016118148
2171849,3,PROCESSED,1789016118153
2171850,1,INITIATED,1789016118162
2171850,2,VALIDATED,1789016118167
2171850,3,PROCESSED,1789016118173
2171851,1,INITIATED,1789016118182
2171851,2,VALIDATED,1789016118186
2171851,3,PROCESSED,1789016118192
2171852,1,INITIATED,1789016118202
2171852,2,VALIDATED,1789016118207
2171852,3,PROCESSED,1789016118218
2171853,1,INITIATED,1789016118222
2171853,2,VALIDATED,1789016118226
2171853,3,PROCESSED,1789016118232
2171854,1,INITIATED,1789016118242
2171854,2,VALIDATED,1789016118248
2171854,3,PROCESSED,1789016118254
2171855,1,INITIATED,1789016118262
2171855,2,VALIDATED,1789016118267
2171855,3,PROCESSED,1789016118273
2171856,1,INITIATED,1789016118282
2171856,2,VALIDATED,1789016118288
2171856,3,PROCESSED,1789016118295
2171857,1,INITIATED,1789016118302
2171857,2,VALIDATED,1789016118308
2171857,3,PROCESSED,1789016118316
2171858,1,INITIATED,1789016118323
2171858,2,VALIDATED,1789016118329
2171858,3,PROCESSED,1789016118336
2171859,1,INITIATED,1789016118343
2171859,2,VALIDATED,1789016118348
2171859,3,PROCESSED,1789016118357
2171860,1,INITIATED,1789016118364
2171860,2,VALIDATED,1789016118372
2171860,3,PROCESSED,1789016118385
2171861,1,INITIATED,1789016118384
2171861,2,VALIDATED,1789016118399
2171861,3,PROCESSED,1789016118412
2171862,1,INITIATED,1789016118403
2171862,2,VALIDATED,1789016118412
2171862,3,PROCESSED,1789016118422
2171863,1,INITIATED,1789016118424
2171863,2,VALIDATED,1789016118431
2171863,3,PROCESSED,1789016118440
2171864,1,INITIATED,1789016118443
2171864,2,VALIDATED,1789016118448
2171864,3,PROCESSED,1789016118454
2171865,1,INITIATED,1789016118463
2171865,2,VALIDATED,1789016118469
2171865,3,PROCESSED,1789016118476
2171866,1,INITIATED,1789016118482
2171866,2,VALIDATED,1789016118488
2171866,3,PROCESSED,1789016118496
2171867,1,INITIATED,1789016118502
2171867,2,VALIDATED,1789016118507
2171867,3,PROCESSED,1789016118515
2171868,1,INITIATED,1789016118522
2171868,2,VALIDATED,1789016118528
2171868,3,PROCESSED,1789016118537
2171869,1,INITIATED,1789016118542
2171869,2,VALIDATED,1789016118548
2171869,3,PROCESSED,1789016118555
2171870,1,INITIATED,1789016118563
2171870,2,VALIDATED,1789016118567
2171870,3,PROCESSED,1789016118576
2171871,1,INITIATED,1789016118582
2171871,2,VALIDATED,1789016118588
2171871,3,PROCESSED,1789016118597
2171872,1,INITIATED,1789016118603
2171872,2,VALIDATED,1789016118609
2171872,3,PROCESSED,1789016118617
2171873,1,INITIATED,1789016118622
2171873,2,VALIDATED,1789016118628
2171873,3,PROCESSED,1789016118636
2171874,1,INITIATED,1789016118642
2171874,2,VALIDATED,1789016118648
2171874,3,PROCESSED,1789016118656
2171875,1,INITIATED,1789016118662
2171875,2,VALIDATED,1789016118668
2171875,3,PROCESSED,1789016118676
2171876,1,INITIATED,1789016118682
2171876,2,VALIDATED,1789016118688
2171876,3,PROCESSED,1789016118696
2171877,1,INITIATED,1789016118703
2171877,2,VALIDATED,1789016118709
2171877,3,PROCESSED,1789016118717
2171878,1,INITIATED,1789016118723
2171878,2,VALIDATED,1789016118729
2171878,3,PROCESSED,1789016118737
2171879,1,INITIATED,1789016118742
2171879,2,VALIDATED,1789016118747
2171879,3,PROCESSED,1789016118753
2171880,1,INITIATED,1789016118762
2171880,2,VALIDATED,1789016118767
2171880,3,PROCESSED,1789016118774
2171881,1,INITIATED,1789016118782
2171881,2,VALIDATED,1789016118789
2171881,3,PROCESSED,1789016118798
2171882,1,INITIATED,1789016118802
2171882,2,VALIDATED,1789016118808
2171882,3,PROCESSED,1789016118815
2171883,1,INITIATED,1789016118822
2171883,2,VALIDATED,1789016118828
2171883,3,PROCESSED,1789016118836
2171884,1,INITIATED,1789016118844
2171884,2,VALIDATED,1789016118849
2171884,3,PROCESSED,1789016118857
2171885,1,INITIATED,1789016118862
2171885,2,VALIDATED,1789016118868
2171885,3,PROCESSED,1789016118875
2171886,1,INITIATED,1789016118882
2171886,2,VALIDATED,1789016118887
2171886,3,PROCESSED,1789016118895
2171887,1,INITIATED,1789016118902
2171887,2,VALIDATED,1789016118907
2171887,3,PROCESSED,1789016118914
2171888,1,INITIATED,1789016118922
2171888,2,VALIDATED,1789016118928
2171888,3,PROCESSED,1789016118935
2171889,1,INITIATED,1789016118942
2171889,2,VALIDATED,1789016118947
2171889,3,PROCESSED,1789016118954
2171890,1,INITIATED,1789016118963
2171890,2,VALIDATED,1789016118968
2171890,3,PROCESSED,1789016118975
2171891,1,INITIATED,1789016118982
2171891,2,VALIDATED,1789016118987
2171891,3,PROCESSED,1789016118993
2171892,1,INITIATED,1789016119003
2171892,2,VALIDATED,1789016119008
2171892,3,PROCESSED,1789016119014
2171893,1,INITIATED,1789016119023
2171893,2,VALIDATED,1789016119029
2171893,3,PROCESSED,1789016119036
2171894,1,INITIATED,1789016119042
2171894,2,VALIDATED,1789016119048
2171894,3,PROCESSED,1789016119055
2171895,1,INITIATED,1789016119062
2171895,2,VALIDATED,1789016119066
2171895,3,PROCESSED,1789016119073
2171896,1,INITIATED,1789016119082
2171896,2,VALIDATED,1789016119088
2171896,3,PROCESSED,1789016119094
2171897,1,INITIATED,1789016119102
2171897,2,VALIDATED,1789016119108
2171897,3,PROCESSED,1789016119115
2171898,1,INITIATED,1789016119123
2171898,2,VALIDATED,1789016119128
2171898,3,PROCESSED,1789016119222
2171899,1,INITIATED,1789016119223
2171899,2,VALIDATED,1789016119230
2171899,3,PROCESSED,1789016119244
2171900,1,INITIATED,1789016119223
2171900,2,VALIDATED,1789016119230
2171900,3,PROCESSED,1789016119243
2171901,1,INITIATED,1789016119223
2171901,2,VALIDATED,1789016119230
2171901,3,PROCESSED,1789016119243
2171902,1,INITIATED,1789016119223
2171902,2,VALIDATED,1789016119230
2171902,3,PROCESSED,1789016119243
2171903,1,INITIATED,1789016119223
2171903,2,VALIDATED,1789016119230
2171903,3,PROCESSED,1789016119243
2171904,1,INITIATED,1789016119245
2171904,2,VALIDATED,1789016119250
2171904,3,PROCESSED,1789016119258
2171905,1,INITIATED,1789016119263
2171905,2,VALIDATED,1789016119267
2171905,3,PROCESSED,1789016119274
2171906,1,INITIATED,1789016119282
2171906,2,VALIDATED,1789016119287
2171906,3,PROCESSED,1789016119293
2171907,1,INITIATED,1789016119302
2171907,2,VALIDATED,1789016119307
2171907,3,PROCESSED,1789016119312
2171908,1,INITIATED,1789016119323
2171908,2,VALIDATED,1789016119329
2171908,3,PROCESSED,1789016119336
2171909,1,INITIATED,1789016119342
2171909,2,VALIDATED,1789016119347
2171909,3,PROCESSED,1789016119353
2171910,1,INITIATED,1789016119361
2171910,2,VALIDATED,1789016119367
2171910,3,PROCESSED,1789016119372
2171911,1,INITIATED,1789016119382
2171911,2,VALIDATED,1789016119386
2171911,3,PROCESSED,1789016119393
2171912,1,INITIATED,1789016119403
2171912,2,VALIDATED,1789016119410
2171912,3,PROCESSED,1789016119417
2171913,1,INITIATED,1789016119422
2171913,2,VALIDATED,1789016119428
2171913,3,PROCESSED,1789016119435
2171914,1,INITIATED,1789016119443
2171914,2,VALIDATED,1789016119447
2171914,3,PROCESSED,1789016119452
2171915,1,INITIATED,1789016119462
2171915,2,VALIDATED,1789016119466
2171915,3,PROCESSED,1789016119471
2171916,1,INITIATED,1789016119481
2171916,2,VALIDATED,1789016119486
2171916,3,PROCESSED,1789016119491
2171917,1,INITIATED,1789016119502
2171917,2,VALIDATED,1789016119506
2171917,3,PROCESSED,1789016119512
2171918,1,INITIATED,1789016119523
2171918,2,VALIDATED,1789016119529
2171918,3,PROCESSED,1789016119536
2171919,1,INITIATED,1789016119542
2171919,2,VALIDATED,1789016119546
2171919,3,PROCESSED,1789016119551
2171920,1,INITIATED,1789016119562
2171920,2,VALIDATED,1789016119567
2171920,3,PROCESSED,1789016119572
2171921,1,INITIATED,1789016119581
2171921,2,VALIDATED,1789016119585
2171921,3,PROCESSED,1789016119591
2171922,1,INITIATED,1789016119601
2171922,2,VALIDATED,1789016119607
2171922,3,PROCESSED,1789016119612
2171923,1,INITIATED,1789016119622
2171923,2,VALIDATED,1789016119627
2171923,3,PROCESSED,1789016119632
2171924,1,INITIATED,1789016119642
2171924,2,VALIDATED,1789016119646
2171924,3,PROCESSED,1789016119652
2171925,1,INITIATED,1789016119662
2171925,2,VALIDATED,1789016119669
2171925,3,PROCESSED,1789016119677
2171926,1,INITIATED,1789016119681
2171926,2,VALIDATED,1789016119686
2171926,3,PROCESSED,1789016119694
2171927,1,INITIATED,1789016119702
2171927,2,VALIDATED,1789016119708
2171927,3,PROCESSED,1789016119714
2171928,1,INITIATED,1789016119722
2171928,2,VALIDATED,1789016119727
2171928,3,PROCESSED,1789016119732
2171929,1,INITIATED,1789016119742
2171929,2,VALIDATED,1789016119746
2171929,3,PROCESSED,1789016119751
2171930,1,INITIATED,1789016119762
2171930,2,VALIDATED,1789016119767
2171930,3,PROCESSED,1789016119773
2171931,1,INITIATED,1789016119782
2171931,2,VALIDATED,1789016119786
2171931,3,PROCESSED,1789016119790
2171932,1,INITIATED,1789016119802
2171932,2,VALIDATED,1789016119806
2171932,3,PROCESSED,1789016119810
2171933,1,INITIATED,1789016119822
2171933,2,VALIDATED,1789016119827
2171933,3,REJECTED,1789016119831
2171934,1,INITIATED,1789016119842
2171934,2,VALIDATED,1789016119847
2171934,3,REJECTED,1789016119850
2171935,1,INITIATED,1789016119862
2171935,2,VALIDATED,1789016119866
2171935,3,REJECTED,1789016119869
2171936,1,INITIATED,1789016119882
2171936,2,VALIDATED,1789016119885
2171936,3,REJECTED,1789016119888
2171937,1,INITIATED,1789016119901
2171937,2,VALIDATED,1789016119905
2171937,3,PROCESSED,1789016119910
2171938,1,INITIATED,1789016119921
2171938,2,VALIDATED,1789016119928
2171938,3,PROCESSED,1789016119933
2171939,1,INITIATED,1789016119942
2171939,2,VALIDATED,1789016119946
2171939,3,PROCESSED,1789016119950
2171940,1,INITIATED,1789016119962
2171940,2,VALIDATED,1789016119965
2171940,3,PROCESSED,1789016119969
2171941,1,INITIATED,1789016119981
2171941,2,VALIDATED,1789016119985
2171941,3,PROCESSED,1789016119989
2171942,1,INITIATED,1789016120002
2171942,2,VALIDATED,1789016120006
2171942,3,PROCESSED,1789016120009
2171943,1,INITIATED,1789016120022
2171943,2,VALIDATED,1789016120025
2171943,3,PROCESSED,1789016120029
2171944,1,INITIATED,1789016120041
2171944,2,VALIDATED,1789016120045
2171944,3,PROCESSED,1789016120049
2171945,1,INITIATED,1789016120062
2171945,2,VALIDATED,1789016120066
2171945,3,PROCESSED,1789016120073
2171946,1,INITIATED,1789016120082
2171946,2,VALIDATED,1789016120086
2171946,3,PROCESSED,1789016120091
2171947,1,INITIATED,1789016120103
2171947,2,VALIDATED,1789016120108
2171947,3,PROCESSED,1789016120114
2171948,1,INITIATED,1789016120122
2171948,2,VALIDATED,1789016120126
2171948,3,PROCESSED,1789016120131
2171949,1,INITIATED,1789016120193
2171949,2,VALIDATED,1789016120200
2171949,3,PROCESSED,1789016120207
2171950,1,INITIATED,1789016120193
2171950,2,VALIDATED,1789016120200
2171950,3,PROCESSED,1789016120207
2171951,1,INITIATED,1789016120193
2171951,2,VALIDATED,1789016120200
2171951,3,PROCESSED,1789016120207
2171952,1,INITIATED,1789016120203
2171952,2,VALIDATED,1789016120210
2171952,3,PROCESSED,1789016120217
2171953,1,INITIATED,1789016120222
2171953,2,VALIDATED,1789016120227
2171953,3,PROCESSED,1789016120233
2171954,1,INITIATED,1789016120243
2171954,2,VALIDATED,1789016120248
2171954,3,PROCESSED,1789016120253
2171955,1,INITIATED,1789016120262
2171955,2,VALIDATED,1789016120267
2171955,3,PROCESSED,1789016120272
2171956,1,INITIATED,1789016120282
2171956,2,VALIDATED,1789016120286
2171956,3,PROCESSED,1789016120291
2171957,1,INITIATED,1789016120302
2171957,2,VALIDATED,1789016120306
2171957,3,PROCESSED,1789016120310
2171958,1,INITIATED,1789016120323
2171958,2,VALIDATED,1789016120328
2171958,3,PROCESSED,1789016120332
2171959,1,INITIATED,1789016120342
2171959,2,VALIDATED,1789016120345
2171959,3,PROCESSED,1789016120350
2171960,1,INITIATED,1789016120362
2171960,2,VALIDATED,1789016120366
2171960,3,PROCESSED,1789016120371
2171961,1,INITIATED,1789016120382
2171961,2,VALIDATED,1789016120387
2171961,3,PROCESSED,1789016120391
2171962,1,INITIATED,1789016120402
2171962,2,VALIDATED,1789016120408
2171962,3,PROCESSED,1789016120414
2171963,1,INITIATED,1789016120423
2171963,2,VALIDATED,1789016120428
2171963,3,PROCESSED,1789016120435
2171964,1,INITIATED,1789016120443
2171964,2,VALIDATED,1789016120448
2171964,3,PROCESSED,1789016120453
2171965,1,INITIATED,1789016120462
2171965,2,VALIDATED,1789016120466
2171965,3,PROCESSED,1789016120471
2171966,1,INITIATED,1789016120481
2171966,2,VALIDATED,1789016120485
2171966,3,PROCESSED,1789016120490
2171967,1,INITIATED,1789016120502
2171967,2,VALIDATED,1789016120507
2171967,3,PROCESSED,1789016120511
2171968,1,INITIATED,1789016120521
2171968,2,VALIDATED,1789016120525
2171968,3,PROCESSED,1789016120529
2171969,1,INITIATED,1789016120542
2171969,2,VALIDATED,1789016120546
2171969,3,PROCESSED,1789016120551
2171970,1,INITIATED,1789016120561
2171970,2,VALIDATED,1789016120565
2171970,3,PROCESSED,1789016120570
2171971,1,INITIATED,1789016120582
2171971,2,VALIDATED,1789016120586
2171971,3,PROCESSED,1789016120591
2171972,1,INITIATED,1789016120602
2171972,2,VALIDATED,1789016120607
2171972,3,PROCESSED,1789016120613
2171973,1,INITIATED,1789016120622
2171973,2,VALIDATED,1789016120627
2171973,3,PROCESSED,1789016120632
2171974,1,INITIATED,1789016120642
2171974,2,VALIDATED,1789016120646
2171974,3,PROCESSED,1789016120651
2171975,1,INITIATED,1789016120661
2171975,2,VALIDATED,1789016120665
2171975,3,PROCESSED,1789016120669
2171976,1,INITIATED,1789016120682
2171976,2,VALIDATED,1789016120685
2171976,3,PROCESSED,1789016120689
2171977,1,INITIATED,1789016120701
2171977,2,VALIDATED,1789016120705
2171977,3,PROCESSED,1789016120709
2171978,1,INITIATED,1789016120722
2171978,2,VALIDATED,1789016120727
2171978,3,PROCESSED,1789016120733
2171979,1,INITIATED,1789016120742
2171979,2,VALIDATED,1789016120746
2171979,3,PROCESSED,1789016120751
2171980,1,INITIATED,1789016120762
2171980,2,VALIDATED,1789016120766
2171980,3,PROCESSED,1789016120771
2171981,1,INITIATED,1789016120781
2171981,2,VALIDATED,1789016120786
2171981,3,PROCESSED,1789016120790
2171982,1,INITIATED,1789016120801
2171982,2,VALIDATED,1789016120805
2171982,3,PROCESSED,1789016120809
2171983,1,INITIATED,1789016120822
2171983,2,VALIDATED,1789016120826
2171983,3,PROCESSED,1789016120831
2171984,1,INITIATED,1789016120842
2171984,2,VALIDATED,1789016120846
2171984,3,PROCESSED,1789016120850
2171985,1,INITIATED,1789016120862
2171985,2,VALIDATED,1789016120866
2171985,3,PROCESSED,1789016120870
2171986,1,INITIATED,1789016120882
2171986,2,VALIDATED,1789016120886
2171986,3,PROCESSED,1789016120890
2171987,1,INITIATED,1789016120901
2171987,2,VALIDATED,1789016120905
2171987,3,PROCESSED,1789016120909
2171988,1,INITIATED,1789016120923
2171988,2,VALIDATED,1789016120927
2171988,3,PROCESSED,1789016120932
2171989,1,INITIATED,1789016120942
2171989,2,VALIDATED,1789016120947
2171989,3,PROCESSED,1789016120953
2171990,1,INITIATED,1789016120962
2171990,2,VALIDATED,1789016120967
2171990,3,PROCESSED,1789016120973
2171991,1,INITIATED,1789016120982
2171991,2,VALIDATED,1789016120986
2171991,3,PROCESSED,1789016120991
2171992,1,INITIATED,1789016121001
2171992,2,VALIDATED,1789016121005
2171992,3,PROCESSED,1789016121009
2171993,1,INITIATED,1789016121022
2171993,2,VALIDATED,1789016121027
2171993,3,PROCESSED,1789016121033
2171994,1,INITIATED,1789016121041
2171994,2,VALIDATED,1789016121045
2171994,3,PROCESSED,1789016121049
2171995,1,INITIATED,1789016121062
2171995,2,VALIDATED,1789016121066
2171995,3,PROCESSED,1789016121071
2171996,1,INITIATED,1789016121083
2171996,2,VALIDATED,1789016121089
2171996,3,PROCESSED,1789016121098
2171997,1,INITIATED,1789016121103
2171997,2,VALIDATED,1789016121108
2171997,3,PROCESSED,1789016121115
2171998,1,INITIATED,1789016121122
2171998,2,VALIDATED,1789016121126
2171998,3,PROCESSED,1789016121130
2171999,1,INITIATED,1789016121142
2171999,2,VALIDATED,1789016121145
2171999,3,PROCESSED,1789016121213
2172000,1,INITIATED,1789016121211
2172000,2,VALIDATED,1789016121217
2172000,3,PROCESSED,1789016121222
2172001,1,INITIATED,1789016121212
2172001,2,VALIDATED,1789016121216
2172001,3,PROCESSED,1789016121222
2172002,1,INITIATED,1789016121211
2172002,2,VALIDATED,1789016121216
2172002,3,PROCESSED,1789016121222
2172003,1,INITIATED,1789016121221
2172003,2,VALIDATED,1789016121226
2172003,3,PROCESSED,1789016121230
2172004,1,INITIATED,1789016121241
2172004,2,VALIDATED,1789016121245
2172004,3,PROCESSED,1789016121250
2172005,1,INITIATED,1789016121262
2172005,2,VALIDATED,1789016121266
2172005,3,PROCESSED,1789016121270
2172006,1,INITIATED,1789016121282
2172006,2,VALIDATED,1789016121286
2172006,3,PROCESSED,1789016121290
2172007,1,INITIATED,1789016121302
2172007,2,VALIDATED,1789016121305
2172007,3,PROCESSED,1789016121310
2172008,1,INITIATED,1789016121323
2172008,2,VALIDATED,1789016121327
2172008,3,PROCESSED,1789016121333
2172009,1,INITIATED,1789016121342
2172009,2,VALIDATED,1789016121346
2172009,3,PROCESSED,1789016121351
2172010,1,INITIATED,1789016121361
2172010,2,VALIDATED,1789016121365
2172010,3,PROCESSED,1789016121369
2172011,1,INITIATED,1789016121381
2172011,2,VALIDATED,1789016121384
2172011,3,PROCESSED,1789016121388
2172012,1,INITIATED,1789016121401
2172012,2,VALIDATED,1789016121405
2172012,3,PROCESSED,1789016121410
2172013,1,INITIATED,1789016121422
2172013,2,VALIDATED,1789016121426
2172013,3,PROCESSED,1789016121430
2172014,1,INITIATED,1789016121441
2172014,2,VALIDATED,1789016121445
2172014,3,PROCESSED,1789016121449
2172015,1,INITIATED,1789016121461
2172015,2,VALIDATED,1789016121465
2172015,3,PROCESSED,1789016121469
2172016,1,INITIATED,1789016121482
2172016,2,VALIDATED,1789016121485
2172016,3,PROCESSED,1789016121489
2172017,1,INITIATED,1789016121501
2172017,2,VALIDATED,1789016121505
2172017,3,PROCESSED,1789016121509
2172018,1,INITIATED,1789016121521
2172018,2,VALIDATED,1789016121526
2172018,3,PROCESSED,1789016121529
2172019,1,INITIATED,1789016121542
2172019,2,VALIDATED,1789016121546
2172019,3,PROCESSED,1789016121553
2172020,1,INITIATED,1789016121562
2172020,2,VALIDATED,1789016121565
2172020,3,PROCESSED,1789016121569
2172021,1,INITIATED,1789016121581
2172021,2,VALIDATED,1789016121585
2172021,3,PROCESSED,1789016121588
2172022,1,INITIATED,1789016121601
2172022,2,VALIDATED,1789016121605
2172022,3,PROCESSED,1789016121610
2172023,1,INITIATED,1789016121621
2172023,2,VALIDATED,1789016121626
2172023,3,PROCESSED,1789016121632
2172024,1,INITIATED,1789016121642
2172024,2,VALIDATED,1789016121648
2172024,3,PROCESSED,1789016121653
2172025,1,INITIATED,1789016121662
2172025,2,VALIDATED,1789016121667
2172025,3,PROCESSED,1789016121671
2172026,1,INITIATED,1789016121681
2172026,2,VALIDATED,1789016121685
2172026,3,PROCESSED,1789016121691
2172027,1,INITIATED,1789016121702
2172027,2,VALIDATED,1789016121707
2172027,3,PROCESSED,1789016121711
2172028,1,INITIATED,1789016121722
2172028,2,VALIDATED,1789016121726
2172028,3,PROCESSED,1789016121730
2172029,1,INITIATED,1789016121742
2172029,2,VALIDATED,1789016121746
2172029,3,PROCESSED,1789016121750
2172030,1,INITIATED,1789016121762
2172030,2,VALIDATED,1789016121766
2172030,3,PROCESSED,1789016121770
2172031,1,INITIATED,1789016121781
2172031,2,VALIDATED,1789016121785
2172031,3,PROCESSED,1789016121790
2172032,1,INITIATED,1789016121802
2172032,2,VALIDATED,1789016121805
2172032,3,PROCESSED,1789016121810
2172033,1,INITIATED,1789016121822
2172033,2,VALIDATED,1789016121826
2172033,3,REJECTED,1789016121829
2172034,1,INITIATED,1789016121842
2172034,2,VALIDATED,1789016121846
2172034,3,REJECTED,1789016121849
2172035,1,INITIATED,1789016121861
2172035,2,VALIDATED,1789016121866
2172035,3,REJECTED,1789016121868
2172036,1,INITIATED,1789016121881
2172036,2,VALIDATED,1789016121885
2172036,3,REJECTED,1789016121888
2172037,1,INITIATED,1789016121902
2172037,2,VALIDATED,1789016121906
2172037,3,PROCESSED,1789016121911
2172038,1,INITIATED,1789016121922
2172038,2,VALIDATED,1789016121926
2172038,3,PROCESSED,1789016121932
2172039,1,INITIATED,1789016121942
2172039,2,VALIDATED,1789016121946
2172039,3,PROCESSED,1789016121950
2172040,1,INITIATED,1789016121961
2172040,2,VALIDATED,1789016121965
2172040,3,PROCESSED,1789016121970
2172041,1,INITIATED,1789016121982
2172041,2,VALIDATED,1789016121985
2172041,3,PROCESSED,1789016121989
2172042,1,INITIATED,1789016122001
2172042,2,VALIDATED,1789016122005
2172042,3,PROCESSED,1789016122009
2172043,1,INITIATED,1789016122022
2172043,2,VALIDATED,1789016122026
2172043,3,PROCESSED,1789016122030
2172044,1,INITIATED,1789016122041
2172044,2,VALIDATED,1789016122046
2172044,3,PROCESSED,1789016122050
2172045,1,INITIATED,1789016122062
2172045,2,VALIDATED,1789016122066
2172045,3,PROCESSED,1789016122070
2172046,1,INITIATED,1789016122083
2172046,2,VALIDATED,1789016122088
2172046,3,PROCESSED,1789016122094
2172047,1,INITIATED,1789016122103
2172047,2,VALIDATED,1789016122108
2172047,3,PROCESSED,1789016122112
2172048,1,INITIATED,1789016122122
2172048,2,VALIDATED,1789016122125
2172048,3,PROCESSED,1789016122130
2172049,1,INITIATED,1789016122142
2172049,2,VALIDATED,1789016122146
2172049,3,PROCESSED,1789016122152
2172050,1,INITIATED,1789016122161
2172050,2,VALIDATED,1789016122164
2172050,3,PROCESSED,1789016122169
2172051,1,INITIATED,1789016122181
2172051,2,VALIDATED,1789016122185
2172051,3,PROCESSED,1789016122190
2172052,1,INITIATED,1789016122202
2172052,2,VALIDATED,1789016122206
2172052,3,PROCESSED,1789016122211
2172053,1,INITIATED,1789016122222
2172053,2,VALIDATED,1789016122227
2172053,3,PROCESSED,1789016122233
2172054,1,INITIATED,1789016122241
2172054,2,VALIDATED,1789016122245
2172054,3,PROCESSED,1789016122249
2172055,1,INITIATED,1789016122262
2172055,2,VALIDATED,1789016122266
2172055,3,PROCESSED,1789016122271
2172056,1,INITIATED,1789016122281
2172056,2,VALIDATED,1789016122285
2172056,3,PROCESSED,1789016122289
2172057,1,INITIATED,1789016122301
2172057,2,VALIDATED,1789016122305
2172057,3,PROCESSED,1789016122309
2172058,1,INITIATED,1789016122321
2172058,2,VALIDATED,1789016122325
2172058,3,PROCESSED,1789016122329
2172059,1,INITIATED,1789016122342
2172059,2,VALIDATED,1789016122345
2172059,3,PROCESSED,1789016122352
2172060,1,INITIATED,1789016122363
2172060,2,VALIDATED,1789016122368
2172060,3,PROCESSED,1789016122373
2172061,1,INITIATED,1789016122382
2172061,2,VALIDATED,1789016122386
2172061,3,PROCESSED,1789016122390
2172062,1,INITIATED,1789016122402
2172062,2,VALIDATED,1789016122406
2172062,3,PROCESSED,1789016122412
2172063,1,INITIATED,1789016122422
2172063,2,VALIDATED,1789016122426
2172063,3,PROCESSED,1789016122431
2172064,1,INITIATED,1789016122441
2172064,2,VALIDATED,1789016122445
2172064,3,PROCESSED,1789016122449
2172065,1,INITIATED,1789016122462
2172065,2,VALIDATED,1789016122466
2172065,3,PROCESSED,1789016122471
2172066,1,INITIATED,1789016122481
2172066,2,VALIDATED,1789016122485
2172066,3,PROCESSED,1789016122490
2172067,1,INITIATED,1789016122502
2172067,2,VALIDATED,1789016122505
2172067,3,PROCESSED,1789016122509
2172068,1,INITIATED,1789016122522
2172068,2,VALIDATED,1789016122528
2172068,3,PROCESSED,1789016122534
2172069,1,INITIATED,1789016122542
2172069,2,VALIDATED,1789016122545
2172069,3,PROCESSED,1789016122550
2172070,1,INITIATED,1789016122561
2172070,2,VALIDATED,1789016122565
2172070,3,PROCESSED,1789016122569
2172071,1,INITIATED,1789016122582
2172071,2,VALIDATED,1789016122585
2172071,3,PROCESSED,1789016122589
2172072,1,INITIATED,1789016122601
2172072,2,VALIDATED,1789016122605
2172072,3,PROCESSED,1789016122609
2172073,1,INITIATED,1789016122621
2172073,2,VALIDATED,1789016122625
2172073,3,PROCESSED,1789016122629
2172074,1,INITIATED,1789016122641
2172074,2,VALIDATED,1789016122645
2172074,3,PROCESSED,1789016122651
2172075,1,INITIATED,1789016122662
2172075,2,VALIDATED,1789016122665
2172075,3,PROCESSED,1789016122669
2172076,1,INITIATED,1789016122681
2172076,2,VALIDATED,1789016122685
2172076,3,PROCESSED,1789016122690
2172077,1,INITIATED,1789016122702
2172077,2,VALIDATED,1789016122706
2172077,3,PROCESSED,1789016122710
2172078,1,INITIATED,1789016122722
2172078,2,VALIDATED,1789016122726
2172078,3,PROCESSED,1789016122730
2172079,1,INITIATED,1789016122742
2172079,2,VALIDATED,1789016122745
2172079,3,PROCESSED,1789016122749
2172080,1,INITIATED,1789016122762
2172080,2,VALIDATED,1789016122766
2172080,3,PROCESSED,1789016122770
2172081,1,INITIATED,1789016122781
2172081,2,VALIDATED,1789016122785
2172081,3,PROCESSED,1789016122790
2172082,1,INITIATED,1789016122801
2172082,2,VALIDATED,1789016122805
2172082,3,PROCESSED,1789016122810
2172083,1,INITIATED,1789016122822
2172083,2,VALIDATED,1789016122826
2172083,3,PROCESSED,1789016122832
2172084,1,INITIATED,1789016122842
2172084,2,VALIDATED,1789016122845
2172084,3,PROCESSED,1789016122850
2172085,1,INITIATED,1789016122862
2172085,2,VALIDATED,1789016122867
2172085,3,PROCESSED,1789016122873
2172086,1,INITIATED,1789016122882
2172086,2,VALIDATED,1789016122886
2172086,3,PROCESSED,1789016122890
2172087,1,INITIATED,1789016122902
2172087,2,VALIDATED,1789016122906
2172087,3,PROCESSED,1789016122910
2172088,1,INITIATED,1789016122921
2172088,2,VALIDATED,1789016122925
2172088,3,PROCESSED,1789016122929
2172089,1,INITIATED,1789016122941
2172089,2,VALIDATED,1789016122945
2172089,3,PROCESSED,1789016122949
2172090,1,INITIATED,1789016122961
2172090,2,VALIDATED,1789016122966
2172090,3,PROCESSED,1789016122971
2172091,1,INITIATED,1789016122981
2172091,2,VALIDATED,1789016122985
2172091,3,PROCESSED,1789016122989
2172092,1,INITIATED,1789016123001
2172092,2,VALIDATED,1789016123005
2172092,3,PROCESSED,1789016123009
2172093,1,INITIATED,1789016123021
2172093,2,VALIDATED,1789016123026
2172093,3,PROCESSED,1789016123030
2172094,1,INITIATED,1789016123041
2172094,2,VALIDATED,1789016123045
2172094,3,PROCESSED,1789016123049
2172095,1,INITIATED,1789016123062
2172095,2,VALIDATED,1789016123066
2172095,3,PROCESSED,1789016123071
2172096,1,INITIATED,1789016123082
2172096,2,VALIDATED,1789016123087
2172096,3,PROCESSED,1789016123094
2172097,1,INITIATED,1789016123102
2172097,2,VALIDATED,1789016123106
2172097,3,PROCESSED,1789016123113
2172098,1,INITIATED,1789016123122
2172098,2,VALIDATED,1789016123127
2172098,3,PROCESSED,1789016123134
2172099,1,INITIATED,1789016123216
2172099,2,VALIDATED,1789016123221
2172099,3,PROCESSED,1789016123232
2172100,1,INITIATED,1789016123216
2172100,2,VALIDATED,1789016123221
2172100,3,PROCESSED,1789016123231
2172101,1,INITIATED,1789016123216
2172101,2,VALIDATED,1789016123221
2172101,3,PROCESSED,1789016123231
2172102,1,INITIATED,1789016123216
2172102,2,VALIDATED,1789016123221
2172102,3,PROCESSED,1789016123232
2172103,1,INITIATED,1789016123222
2172103,2,VALIDATED,1789016123230
2172103,3,PROCESSED,1789016123236
2172104,1,INITIATED,1789016123242
2172104,2,VALIDATED,1789016123245
2172104,3,PROCESSED,1789016123249
2172105,1,INITIATED,1789016123261
2172105,2,VALIDATED,1789016123266
2172105,3,PROCESSED,1789016123270
2172106,1,INITIATED,1789016123282
2172106,2,VALIDATED,1789016123286
2172106,3,PROCESSED,1789016123290
2172107,1,INITIATED,1789016123302
2172107,2,VALIDATED,1789016123306
2172107,3,PROCESSED,1789016123310
2172108,1,INITIATED,1789016123322
2172108,2,VALIDATED,1789016123326
2172108,3,PROCESSED,1789016123330
2172109,1,INITIATED,1789016123342
2172109,2,VALIDATED,1789016123346
2172109,3,PROCESSED,1789016123350
2172110,1,INITIATED,1789016123361
2172110,2,VALIDATED,1789016123365
2172110,3,PROCESSED,1789016123370
2172111,1,INITIATED,1789016123381
2172111,2,VALIDATED,1789016123385
2172111,3,PROCESSED,1789016123389
2172112,1,INITIATED,1789016123401
2172112,2,VALIDATED,1789016123406
2172112,3,PROCESSED,1789016123411
2172113,1,INITIATED,1789016123422
2172113,2,VALIDATED,1789016123427
2172113,3,PROCESSED,1789016123432
2172114,1,INITIATED,1789016123442
2172114,2,VALIDATED,1789016123447
2172114,3,PROCESSED,1789016123452
2172115,1,INITIATED,1789016123462
2172115,2,VALIDATED,1789016123466
2172115,3,PROCESSED,1789016123471
2172116,1,INITIATED,1789016123482
2172116,2,VALIDATED,1789016123485
2172116,3,PROCESSED,1789016123490
2172117,1,INITIATED,1789016123502
2172117,2,VALIDATED,1789016123507
2172117,3,PROCESSED,1789016123511
2172118,1,INITIATED,1789016123522
2172118,2,VALIDATED,1789016123526
2172118,3,PROCESSED,1789016123530
2172119,1,INITIATED,1789016123541
2172119,2,VALIDATED,1789016123545
2172119,3,PROCESSED,1789016123550
2172120,1,INITIATED,1789016123562
2172120,2,VALIDATED,1789016123566
2172120,3,PROCESSED,1789016123570
2172121,1,INITIATED,1789016123581
2172121,2,VALIDATED,1789016123585
2172121,3,PROCESSED,1789016123589
2172122,1,INITIATED,1789016123602
2172122,2,VALIDATED,1789016123605
2172122,3,PROCESSED,1789016123610
2172123,1,INITIATED,1789016123622
2172123,2,VALIDATED,1789016123626
2172123,3,PROCESSED,1789016123630
2172124,1,INITIATED,1789016123641
2172124,2,VALIDATED,1789016123646
2172124,3,PROCESSED,1789016123650
2172125,1,INITIATED,1789016123661
2172125,2,VALIDATED,1789016123665
2172125,3,PROCESSED,1789016123669
2172126,1,INITIATED,1789016123682
2172126,2,VALIDATED,1789016123686
2172126,3,PROCESSED,1789016123691
2172127,1,INITIATED,1789016123702
2172127,2,VALIDATED,1789016123706
2172127,3,PROCESSED,1789016123711
2172128,1,INITIATED,1789016123721
2172128,2,VALIDATED,1789016123726
2172128,3,PROCESSED,1789016123731
2172129,1,INITIATED,1789016123742
2172129,2,VALIDATED,1789016123747
2172129,3,PROCESSED,1789016123754
2172130,1,INITIATED,1789016123762
2172130,2,VALIDATED,1789016123765
2172130,3,PROCESSED,1789016123770
2172131,1,INITIATED,1789016123782
2172131,2,VALIDATED,1789016123787
2172131,3,PROCESSED,1789016123793
2172132,1,INITIATED,1789016123801
2172132,2,VALIDATED,1789016123805
2172132,3,PROCESSED,1789016123810
2172133,1,INITIATED,1789016123822
2172133,2,VALIDATED,1789016123825
2172133,3,REJECTED,1789016123828
2172134,1,INITIATED,1789016123841
2172134,2,VALIDATED,1789016123845
2172134,3,REJECTED,1789016123848
2172135,1,INITIATED,1789016123862
2172135,2,VALIDATED,1789016123865
2172135,3,REJECTED,1789016123868
2172136,1,INITIATED,1789016123881
2172136,2,VALIDATED,1789016123885
2172136,3,REJECTED,1789016123887
2172137,1,INITIATED,1789016123902
2172137,2,VALIDATED,1789016123906
2172137,3,PROCESSED,1789016123910
2172138,1,INITIATED,1789016123922
2172138,2,VALIDATED,1789016123925
2172138,3,PROCESSED,1789016123929
2172139,1,INITIATED,1789016123942
2172139,2,VALIDATED,1789016123946
2172139,3,PROCESSED,1789016123951
2172140,1,INITIATED,1789016123962
2172140,2,VALIDATED,1789016123965
2172140,3,PROCESSED,1789016123970
2172141,1,INITIATED,1789016123981
2172141,2,VALIDATED,1789016123985
2172141,3,PROCESSED,1789016123989
2172142,1,INITIATED,1789016124002
2172142,2,VALIDATED,1789016124006
2172142,3,PROCESSED,1789016124009
2172143,1,INITIATED,1789016124021
2172143,2,VALIDATED,1789016124026
2172143,3,PROCESSED,1789016124031
2172144,1,INITIATED,1789016124041
2172144,2,VALIDATED,1789016124045
2172144,3,PROCESSED,1789016124049
2172145,1,INITIATED,1789016124062
2172145,2,VALIDATED,1789016124066
2172145,3,PROCESSED,1789016124071
2172146,1,INITIATED,1789016124082
2172146,2,VALIDATED,1789016124086
2172146,3,PROCESSED,1789016124090
2172147,1,INITIATED,1789016124101
2172147,2,VALIDATED,1789016124106
2172147,3,PROCESSED,1789016124110
2172148,1,INITIATED,1789016124121
2172148,2,VALIDATED,1789016124125
2172148,3,PROCESSED,1789016124130
2172149,1,INITIATED,1789016124190
2172149,2,VALIDATED,1789016124196
2172149,3,PROCESSED,1789016124205
2172150,1,INITIATED,1789016124190
2172150,2,VALIDATED,1789016124196
2172150,3,PROCESSED,1789016124209
2172151,1,INITIATED,1789016124190
2172151,2,VALIDATED,1789016124196
2172151,3,PROCESSED,1789016124209
2172152,1,INITIATED,1789016124202
2172152,2,VALIDATED,1789016124207
2172152,3,PROCESSED,1789016124212
2172153,1,INITIATED,1789016124222
2172153,2,VALIDATED,1789016124226
2172153,3,PROCESSED,1789016124229
2172154,1,INITIATED,1789016124241
2172154,2,VALIDATED,1789016124245
2172154,3,PROCESSED,1789016124249
2172155,1,INITIATED,1789016124262
2172155,2,VALIDATED,1789016124266
2172155,3,PROCESSED,1789016124270
2172156,1,INITIATED,1789016124281
2172156,2,VALIDATED,1789016124285
2172156,3,PROCESSED,1789016124289
2172157,1,INITIATED,1789016124301
2172157,2,VALIDATED,1789016124305
2172157,3,PROCESSED,1789016124309
2172158,1,INITIATED,1789016124321
2172158,2,VALIDATED,1789016124326
2172158,3,PROCESSED,1789016124332
2172159,1,INITIATED,1789016124342
2172159,2,VALIDATED,1789016124347
2172159,3,PROCESSED,1789016124351
2172160,1,INITIATED,1789016124361
2172160,2,VALIDATED,1789016124365
2172160,3,PROCESSED,1789016124369
2172161,1,INITIATED,1789016124382
2172161,2,VALIDATED,1789016124386
2172161,3,PROCESSED,1789016124390
2172162,1,INITIATED,1789016124401
2172162,2,VALIDATED,1789016124405
2172162,3,PROCESSED,1789016124410
2172163,1,INITIATED,1789016124421
2172163,2,VALIDATED,1789016124425
2172163,3,PROCESSED,1789016124430
2172164,1,INITIATED,1789016124442
2172164,2,VALIDATED,1789016124446
2172164,3,PROCESSED,1789016124450
2172165,1,INITIATED,1789016124462
2172165,2,VALIDATED,1789016124465
2172165,3,PROCESSED,1789016124469
2172166,1,INITIATED,1789016124481
2172166,2,VALIDATED,1789016124485
2172166,3,PROCESSED,1789016124490
2172167,1,INITIATED,1789016124502
2172167,2,VALIDATED,1789016124506
2172167,3,PROCESSED,1789016124511
2172168,1,INITIATED,1789016124522
2172168,2,VALIDATED,1789016124526
2172168,3,PROCESSED,1789016124531
2172169,1,INITIATED,1789016124543
2172169,2,VALIDATED,1789016124547
2172169,3,PROCESSED,1789016124553
2172170,1,INITIATED,1789016124562
2172170,2,VALIDATED,1789016124566
2172170,3,PROCESSED,1789016124572
2172171,1,INITIATED,1789016124581
2172171,2,VALIDATED,1789016124585
2172171,3,PROCESSED,1789016124589
2172172,1,INITIATED,1789016124601
2172172,2,VALIDATED,1789016124605
2172172,3,PROCESSED,1789016124610
2172173,1,INITIATED,1789016124621
2172173,2,VALIDATED,1789016124625
2172173,3,PROCESSED,1789016124631
2172174,1,INITIATED,1789016124641
2172174,2,VALIDATED,1789016124645
2172174,3,PROCESSED,1789016124649
2172175,1,INITIATED,1789016124661
2172175,2,VALIDATED,1789016124665
2172175,3,PROCESSED,1789016124669
2172176,1,INITIATED,1789016124682
2172176,2,VALIDATED,1789016124685
2172176,3,PROCESSED,1789016124690
2172177,1,INITIATED,1789016124701
2172177,2,VALIDATED,1789016124704
2172177,3,PROCESSED,1789016124709
2172178,1,INITIATED,1789016124722
2172178,2,VALIDATED,1789016124725
2172178,3,PROCESSED,1789016124730
2172179,1,INITIATED,1789016124742
2172179,2,VALIDATED,1789016124745
2172179,3,PROCESSED,1789016124749
2172180,1,INITIATED,1789016124762
2172180,2,VALIDATED,1789016124766
2172180,3,PROCESSED,1789016124771
2172181,1,INITIATED,1789016124783
2172181,2,VALIDATED,1789016124787
2172181,3,PROCESSED,1789016124792
2172182,1,INITIATED,1789016124802
2172182,2,VALIDATED,1789016124806
2172182,3,PROCESSED,1789016124811
2172183,1,INITIATED,1789016124823
2172183,2,VALIDATED,1789016124828
2172183,3,PROCESSED,1789016124832
2172184,1,INITIATED,1789016124841
2172184,2,VALIDATED,1789016124845
2172184,3,PROCESSED,1789016124849
2172185,1,INITIATED,1789016124861
2172185,2,VALIDATED,1789016124865
2172185,3,PROCESSED,1789016124869
2172186,1,INITIATED,1789016124883
2172186,2,VALIDATED,1789016124889
2172186,3,PROCESSED,1789016124896
2172187,1,INITIATED,1789016124903
2172187,2,VALIDATED,1789016124907
2172187,3,PROCESSED,1789016124912
2172188,1,INITIATED,1789016124922
2172188,2,VALIDATED,1789016124926
2172188,3,PROCESSED,1789016124931
2172189,1,INITIATED,1789016124941
2172189,2,VALIDATED,1789016124945
2172189,3,PROCESSED,1789016124949
2172190,1,INITIATED,1789016124962
2172190,2,VALIDATED,1789016124966
2172190,3,PROCESSED,1789016124970
2172191,1,INITIATED,1789016124981
2172191,2,VALIDATED,1789016124985
2172191,3,PROCESSED,1789016124990
2172192,1,INITIATED,1789016125002
2172192,2,VALIDATED,1789016125006
2172192,3,PROCESSED,1789016125011
2172193,1,INITIATED,1789016125021
2172193,2,VALIDATED,1789016125025
2172193,3,PROCESSED,1789016125029
2172194,1,INITIATED,1789016125042
2172194,2,VALIDATED,1789016125046
2172194,3,PROCESSED,1789016125050
2172195,1,INITIATED,1789016125061
2172195,2,VALIDATED,1789016125065
2172195,3,PROCESSED,1789016125069
2172196,1,INITIATED,1789016125081
2172196,2,VALIDATED,1789016125085
2172196,3,PROCESSED,1789016125089
2172197,1,INITIATED,1789016125102
2172197,2,VALIDATED,1789016125107
2172197,3,PROCESSED,1789016125113
2172198,1,INITIATED,1789016125122
2172198,2,VALIDATED,1789016125126
2172198,3,PROCESSED,1789016125130
2172199,1,INITIATED,1789016125211
2172199,2,VALIDATED,1789016125216
2172199,3,PROCESSED,1789016125222
2172200,1,INITIATED,1789016125210
2172200,2,VALIDATED,1789016125215
2172200,3,PROCESSED,1789016125222
2172201,1,INITIATED,1789016125210
2172201,2,VALIDATED,1789016125216
2172201,3,PROCESSED,1789016125222
2172202,1,INITIATED,1789016125211
2172202,2,VALIDATED,1789016125215
2172202,3,PROCESSED,1789016125222
2172203,1,INITIATED,1789016125222
2172203,2,VALIDATED,1789016125226
2172203,3,PROCESSED,1789016125232
2172204,1,INITIATED,1789016125242
2172204,2,VALIDATED,1789016125246
2172204,3,PROCESSED,1789016125251
2172205,1,INITIATED,1789016125262
2172205,2,VALIDATED,1789016125266
2172205,3,PROCESSED,1789016125271
2172206,1,INITIATED,1789016125281
2172206,2,VALIDATED,1789016125285
2172206,3,PROCESSED,1789016125289
2172207,1,INITIATED,1789016125301
2172207,2,VALIDATED,1789016125304
2172207,3,PROCESSED,1789016125308
2172208,1,INITIATED,1789016125321
2172208,2,VALIDATED,1789016125325
2172208,3,PROCESSED,1789016125329
2172209,1,INITIATED,1789016125341
2172209,2,VALIDATED,1789016125345
2172209,3,PROCESSED,1789016125349
2172210,1,INITIATED,1789016125361
2172210,2,VALIDATED,1789016125365
2172210,3,PROCESSED,1789016125369
2172211,1,INITIATED,1789016125382
2172211,2,VALIDATED,1789016125386
2172211,3,PROCESSED,1789016125391
2172212,1,INITIATED,1789016125401
2172212,2,VALIDATED,1789016125405
2172212,3,PROCESSED,1789016125410
2172213,1,INITIATED,1789016125421
2172213,2,VALIDATED,1789016125425
2172213,3,PROCESSED,1789016125430
2172214,1,INITIATED,1789016125442
2172214,2,VALIDATED,1789016125447
2172214,3,PROCESSED,1789016125451
2172215,1,INITIATED,1789016125462
2172215,2,VALIDATED,1789016125467
2172215,3,PROCESSED,1789016125473
2172216,1,INITIATED,1789016125482
2172216,2,VALIDATED,1789016125487
2172216,3,PROCESSED,1789016125492
2172217,1,INITIATED,1789016125501
2172217,2,VALIDATED,1789016125505
2172217,3,PROCESSED,1789016125510
2172218,1,INITIATED,1789016125521
2172218,2,VALIDATED,1789016125526
2172218,3,PROCESSED,1789016125532
2172219,1,INITIATED,1789016125542
2172219,2,VALIDATED,1789016125548
2172219,3,PROCESSED,1789016125554
2172220,1,INITIATED,1789016125562
2172220,2,VALIDATED,1789016125566
2172220,3,PROCESSED,1789016125571
2172221,1,INITIATED,1789016125582
2172221,2,VALIDATED,1789016125586
2172221,3,PROCESSED,1789016125592
2172222,1,INITIATED,1789016125602
2172222,2,VALIDATED,1789016125606
2172222,3,PROCESSED,1789016125612
2172223,1,INITIATED,1789016125622
2172223,2,VALIDATED,1789016125626
2172223,3,PROCESSED,1789016125631
2172224,1,INITIATED,1789016125642
2172224,2,VALIDATED,1789016125646
2172224,3,PROCESSED,1789016125651
2172225,1,INITIATED,1789016125662
2172225,2,VALIDATED,1789016125666
2172225,3,PROCESSED,1789016125672
2172226,1,INITIATED,1789016125682
2172226,2,VALIDATED,1789016125687
2172226,3,PROCESSED,1789016125695
2172227,1,INITIATED,1789016125702
2172227,2,VALIDATED,1789016125706
2172227,3,PROCESSED,1789016125711
2172228,1,INITIATED,1789016125722
2172228,2,VALIDATED,1789016125727
2172228,3,PROCESSED,1789016125733
2172229,1,INITIATED,1789016125742
2172229,2,VALIDATED,1789016125746
2172229,3,PROCESSED,1789016125752
2172230,1,INITIATED,1789016125762
2172230,2,VALIDATED,1789016125766
2172230,3,PROCESSED,1789016125773
2172231,1,INITIATED,1789016125782
2172231,2,VALIDATED,1789016125787
2172231,3,PROCESSED,1789016125793
2172232,1,INITIATED,1789016125802
2172232,2,VALIDATED,1789016125806
2172232,3,PROCESSED,1789016125812
2172233,1,INITIATED,1789016125822
2172233,2,VALIDATED,1789016125826
2172233,3,REJECTED,1789016125830
2172234,1,INITIATED,1789016125842
2172234,2,VALIDATED,1789016125847
2172234,3,REJECTED,1789016125851
2172235,1,INITIATED,1789016125862
2172235,2,VALIDATED,1789016125866
2172235,3,REJECTED,1789016125870
2172236,1,INITIATED,1789016125881
2172236,2,VALIDATED,1789016125886
2172236,3,REJECTED,1789016125889
2172237,1,INITIATED,1789016125902
2172237,2,VALIDATED,1789016125907
2172237,3,PROCESSED,1789016125912
2172238,1,INITIATED,1789016125922
2172238,2,VALIDATED,1789016125927
2172238,3,PROCESSED,1789016125933
2172239,1,INITIATED,1789016125941
2172239,2,VALIDATED,1789016125945
2172239,3,PROCESSED,1789016125951
2172240,1,INITIATED,1789016125961
2172240,2,VALIDATED,1789016125965
2172240,3,PROCESSED,1789016125971
2172241,1,INITIATED,1789016125981
2172241,2,VALIDATED,1789016125986
2172241,3,PROCESSED,1789016125991
2172242,1,INITIATED,1789016126002
2172242,2,VALIDATED,1789016126007
2172242,3,PROCESSED,1789016126012
2172243,1,INITIATED,1789016126022
2172243,2,VALIDATED,1789016126027
2172243,3,PROCESSED,1789016126033
2172244,1,INITIATED,1789016126045
2172244,2,VALIDATED,1789016126050
2172244,3,PROCESSED,1789016126056
2172245,1,INITIATED,1789016126062
2172245,2,VALIDATED,1789016126066
2172245,3,PROCESSED,1789016126072
2172246,1,INITIATED,1789016126082
2172246,2,VALIDATED,1789016126086
2172246,3,PROCESSED,1789016126091
2172247,1,INITIATED,1789016126102
2172247,2,VALIDATED,1789016126108
2172247,3,PROCESSED,1789016126113
2172248,1,INITIATED,1789016126122
2172248,2,VALIDATED,1789016126126
2172248,3,PROCESSED,1789016126133
2172249,1,INITIATED,1789016126141
2172249,2,VALIDATED,1789016126147
2172249,3,PROCESSED,1789016126152
2172250,1,INITIATED,1789016126161
2172250,2,VALIDATED,1789016126165
2172250,3,PROCESSED,1789016126170
2172251,1,INITIATED,1789016126181
2172251,2,VALIDATED,1789016126185
2172251,3,PROCESSED,1789016126190
2172252,1,INITIATED,1789016126202
2172252,2,VALIDATED,1789016126205
2172252,3,PROCESSED,1789016126210
2172253,1,INITIATED,1789016126221
2172253,2,VALIDATED,1789016126225
2172253,3,PROCESSED,1789016126230
2172254,1,INITIATED,1789016126242
2172254,2,VALIDATED,1789016126246
2172254,3,PROCESSED,1789016126250
2172255,1,INITIATED,1789016126262
2172255,2,VALIDATED,1789016126266
2172255,3,PROCESSED,1789016126270
2172256,1,INITIATED,1789016126282
2172256,2,VALIDATED,1789016126287
2172256,3,PROCESSED,1789016126292
2172257,1,INITIATED,1789016126301
2172257,2,VALIDATED,1789016126305
2172257,3,PROCESSED,1789016126309
2172258,1,INITIATED,1789016126322
2172258,2,VALIDATED,1789016126326
2172258,3,PROCESSED,1789016126418
2172259,1,INITIATED,1789016126412
2172259,2,VALIDATED,1789016126417
2172259,3,PROCESSED,1789016126423
2172260,1,INITIATED,1789016126412
2172260,2,VALIDATED,1789016126417
2172260,3,PROCESSED,1789016126423
2172261,1,INITIATED,1789016126412
2172261,2,VALIDATED,1789016126417
2172261,3,PROCESSED,1789016126423
2172262,1,INITIATED,1789016126412
2172262,2,VALIDATED,1789016126417
2172262,3,PROCESSED,1789016126423
2172263,1,INITIATED,1789016126422
2172263,2,VALIDATED,1789016126425
2172263,3,PROCESSED,1789016126431
2172264,1,INITIATED,1789016126442
2172264,2,VALIDATED,1789016126445
2172264,3,PROCESSED,1789016126449
2172265,1,INITIATED,1789016126462
2172265,2,VALIDATED,1789016126466
2172265,3,PROCESSED,1789016126470
2172266,1,INITIATED,1789016126482
2172266,2,VALIDATED,1789016126486
2172266,3,PROCESSED,1789016126490
2172267,1,INITIATED,1789016126501
2172267,2,VALIDATED,1789016126505
2172267,3,PROCESSED,1789016126509
2172268,1,INITIATED,1789016126521
2172268,2,VALIDATED,1789016126525
2172268,3,PROCESSED,1789016126529
2172269,1,INITIATED,1789016126542
2172269,2,VALIDATED,1789016126546
2172269,3,PROCESSED,1789016126552
2172270,1,INITIATED,1789016126561
2172270,2,VALIDATED,1789016126565
2172270,3,PROCESSED,1789016126569
2172271,1,INITIATED,1789016126581
2172271,2,VALIDATED,1789016126584
2172271,3,PROCESSED,1789016126589
2172272,1,INITIATED,1789016126601
2172272,2,VALIDATED,1789016126605
2172272,3,PROCESSED,1789016126609
2172273,1,INITIATED,1789016126621
2172273,2,VALIDATED,1789016126624
2172273,3,PROCESSED,1789016126627
2172274,1,INITIATED,1789016126641
2172274,2,VALIDATED,1789016126644
2172274,3,PROCESSED,1789016126647
2172275,1,INITIATED,1789016126662
2172275,2,VALIDATED,1789016126667
2172275,3,PROCESSED,1789016126671
2172276,1,INITIATED,1789016126681
2172276,2,VALIDATED,1789016126685
2172276,3,PROCESSED,1789016126690
2172277,1,INITIATED,1789016126702
2172277,2,VALIDATED,1789016126705
2172277,3,PROCESSED,1789016126709
2172278,1,INITIATED,1789016126721
2172278,2,VALIDATED,1789016126725
2172278,3,PROCESSED,1789016126729
2172279,1,INITIATED,1789016126741
2172279,2,VALIDATED,1789016126745
2172279,3,PROCESSED,1789016126749
2172280,1,INITIATED,1789016126761
2172280,2,VALIDATED,1789016126765
2172280,3,PROCESSED,1789016126768
2172281,1,INITIATED,1789016126781
2172281,2,VALIDATED,1789016126785
2172281,3,PROCESSED,1789016126790
2172282,1,INITIATED,1789016126802
2172282,2,VALIDATED,1789016126805
2172282,3,PROCESSED,1789016126809
2172283,1,INITIATED,1789016126821
2172283,2,VALIDATED,1789016126825
2172283,3,PROCESSED,1789016126828
2172284,1,INITIATED,1789016126841
2172284,2,VALIDATED,1789016126845
2172284,3,PROCESSED,1789016126850
2172285,1,INITIATED,1789016126861
2172285,2,VALIDATED,1789016126865
2172285,3,PROCESSED,1789016126868
2172286,1,INITIATED,1789016126882
2172286,2,VALIDATED,1789016126885
2172286,3,PROCESSED,1789016126889
2172287,1,INITIATED,1789016126901
2172287,2,VALIDATED,1789016126905
2172287,3,PROCESSED,1789016126910
2172288,1,INITIATED,1789016126922
2172288,2,VALIDATED,1789016126926
2172288,3,PROCESSED,1789016126930
2172289,1,INITIATED,1789016126942
2172289,2,VALIDATED,1789016126946
2172289,3,PROCESSED,1789016126950
2172290,1,INITIATED,1789016126962
2172290,2,VALIDATED,1789016126966
2172290,3,PROCESSED,1789016126970
2172291,1,INITIATED,1789016126981
2172291,2,VALIDATED,1789016126986
2172291,3,PROCESSED,1789016126991
2172292,1,INITIATED,1789016127002
2172292,2,VALIDATED,1789016127007
2172292,3,PROCESSED,1789016127011
2172293,1,INITIATED,1789016127021
2172293,2,VALIDATED,1789016127025
2172293,3,PROCESSED,1789016127031
2172294,1,INITIATED,1789016127042
2172294,2,VALIDATED,1789016127045
2172294,3,PROCESSED,1789016127049
2172295,1,INITIATED,1789016127061
2172295,2,VALIDATED,1789016127064
2172295,3,PROCESSED,1789016127068
2172296,1,INITIATED,1789016127081
2172296,2,VALIDATED,1789016127084
2172296,3,PROCESSED,1789016127087
2172297,1,INITIATED,1789016127101
2172297,2,VALIDATED,1789016127105
2172297,3,PROCESSED,1789016127108
2172298,1,INITIATED,1789016127122
2172298,2,VALIDATED,1789016127126
2172298,3,PROCESSED,1789016127132
2172299,1,INITIATED,1789016127142
2172299,2,VALIDATED,1789016127145
2172299,3,PROCESSED,1789016127149
2172300,1,INITIATED,1789016127161
2172300,2,VALIDATED,1789016127165
2172300,3,PROCESSED,1789016127170
2172301,1,INITIATED,1789016127181
2172301,2,VALIDATED,1789016127185
2172301,3,PROCESSED,1789016127189
2172302,1,INITIATED,1789016127201
2172302,2,VALIDATED,1789016127205
2172302,3,PROCESSED,1789016127210
2172303,1,INITIATED,1789016127222
2172303,2,VALIDATED,1789016127226
2172303,3,PROCESSED,1789016127231
2172304,1,INITIATED,1789016127243
2172304,2,VALIDATED,1789016127249
2172304,3,PROCESSED,1789016127256
2172305,1,INITIATED,1789016127261
2172305,2,VALIDATED,1789016127265
2172305,3,PROCESSED,1789016127270
2172306,1,INITIATED,1789016127282
2172306,2,VALIDATED,1789016127287
2172306,3,PROCESSED,1789016127294
2172307,1,INITIATED,1789016127301
2172307,2,VALIDATED,1789016127306
2172307,3,PROCESSED,1789016127312
2172308,1,INITIATED,1789016127322
2172308,2,VALIDATED,1789016127327
2172308,3,PROCESSED,1789016127333
2172309,1,INITIATED,1789016127342
2172309,2,VALIDATED,1789016127347
2172309,3,PROCESSED,1789016127352
2172310,1,INITIATED,1789016127362
2172310,2,VALIDATED,1789016127366
2172310,3,PROCESSED,1789016127372
2172311,1,INITIATED,1789016127382
2172311,2,VALIDATED,1789016127387
2172311,3,PROCESSED,1789016127393
2172312,1,INITIATED,1789016127401
2172312,2,VALIDATED,1789016127406
2172312,3,PROCESSED,1789016127412
2172313,1,INITIATED,1789016127422
2172313,2,VALIDATED,1789016127427
2172313,3,PROCESSED,1789016127432
2172314,1,INITIATED,1789016127442
2172314,2,VALIDATED,1789016127446
2172314,3,PROCESSED,1789016127452
2172315,1,INITIATED,1789016127462
2172315,2,VALIDATED,1789016127466
2172315,3,PROCESSED,1789016127471
2172316,1,INITIATED,1789016127482
2172316,2,VALIDATED,1789016127487
2172316,3,PROCESSED,1789016127492
2172317,1,INITIATED,1789016127501
2172317,2,VALIDATED,1789016127506
2172317,3,PROCESSED,1789016127513
2172318,1,INITIATED,1789016127522
2172318,2,VALIDATED,1789016127528
2172318,3,PROCESSED,1789016127533
2172319,1,INITIATED,1789016127542
2172319,2,VALIDATED,1789016127546
2172319,3,PROCESSED,1789016127553
2172320,1,INITIATED,1789016127562
2172320,2,VALIDATED,1789016127566
2172320,3,PROCESSED,1789016127572
2172321,1,INITIATED,1789016127582
2172321,2,VALIDATED,1789016127587
2172321,3,PROCESSED,1789016127592
2172322,1,INITIATED,1789016127601
2172322,2,VALIDATED,1789016127606
2172322,3,PROCESSED,1789016127612
2172323,1,INITIATED,1789016127622
2172323,2,VALIDATED,1789016127627
2172323,3,PROCESSED,1789016127633
2172324,1,INITIATED,1789016127642
2172324,2,VALIDATED,1789016127647
2172324,3,PROCESSED,1789016127654
2172325,1,INITIATED,1789016127662
2172325,2,VALIDATED,1789016127667
2172325,3,PROCESSED,1789016127674
2172326,1,INITIATED,1789016127682
2172326,2,VALIDATED,1789016127686
2172326,3,PROCESSED,1789016127691
2172327,1,INITIATED,1789016127701
2172327,2,VALIDATED,1789016127705
2172327,3,PROCESSED,1789016127711
2172328,1,INITIATED,1789016127722
2172328,2,VALIDATED,1789016127726
2172328,3,PROCESSED,1789016127732
2172329,1,INITIATED,1789016127742
2172329,2,VALIDATED,1789016127746
2172329,3,PROCESSED,1789016127751
2172330,1,INITIATED,1789016127762
2172330,2,VALIDATED,1789016127767
2172330,3,PROCESSED,1789016127772
2172331,1,INITIATED,1789016127781
2172331,2,VALIDATED,1789016127786
2172331,3,PROCESSED,1789016127792
2172332,1,INITIATED,1789016127802
2172332,2,VALIDATED,1789016127807
2172332,3,PROCESSED,1789016127813
2172333,1,INITIATED,1789016127822
2172333,2,VALIDATED,1789016127827
2172333,3,REJECTED,1789016127830
2172334,1,INITIATED,1789016127842
2172334,2,VALIDATED,1789016127846
2172334,3,REJECTED,1789016127849
2172335,1,INITIATED,1789016127862
2172335,2,VALIDATED,1789016127867
2172335,3,REJECTED,1789016127870
2172336,1,INITIATED,1789016127882
2172336,2,VALIDATED,1789016127888
2172336,3,REJECTED,1789016127893
2172337,1,INITIATED,1789016127902
2172337,2,VALIDATED,1789016127908
2172337,3,PROCESSED,1789016127913
2172338,1,INITIATED,1789016127922
2172338,2,VALIDATED,1789016127926
2172338,3,PROCESSED,1789016127932
2172339,1,INITIATED,1789016127941
2172339,2,VALIDATED,1789016127946
2172339,3,PROCESSED,1789016127951
2172340,1,INITIATED,1789016127962
2172340,2,VALIDATED,1789016127967
2172340,3,PROCESSED,1789016127972
2172341,1,INITIATED,1789016127982
2172341,2,VALIDATED,1789016127986
2172341,3,PROCESSED,1789016127991
2172342,1,INITIATED,1789016128002
2172342,2,VALIDATED,1789016128007
2172342,3,PROCESSED,1789016128013
2172343,1,INITIATED,1789016128022
2172343,2,VALIDATED,1789016128027
2172343,3,PROCESSED,1789016128033
2172344,1,INITIATED,1789016128042
2172344,2,VALIDATED,1789016128046
2172344,3,PROCESSED,1789016128051
2172345,1,INITIATED,1789016128061
2172345,2,VALIDATED,1789016128066
2172345,3,PROCESSED,1789016128072
2172346,1,INITIATED,1789016128082
2172346,2,VALIDATED,1789016128086
2172346,3,PROCESSED,1789016128091
2172347,1,INITIATED,1789016128102
2172347,2,VALIDATED,1789016128106
2172347,3,PROCESSED,1789016128111
2172348,1,INITIATED,1789016128122
2172348,2,VALIDATED,1789016128217
2172348,3,PROCESSED,1789016128224
2172349,1,INITIATED,1789016128217
2172349,2,VALIDATED,1789016128223
2172349,3,PROCESSED,1789016128245
2172350,1,INITIATED,1789016128217
2172350,2,VALIDATED,1789016128223
2172350,3,PROCESSED,1789016128245
2172351,1,INITIATED,1789016128217
2172351,2,VALIDATED,1789016128222
2172351,3,PROCESSED,1789016128228
2172352,1,INITIATED,1789016128217
2172352,2,VALIDATED,1789016128223
2172352,3,PROCESSED,1789016128245
2172353,1,INITIATED,1789016128223
2172353,2,VALIDATED,1789016128242
2172353,3,PROCESSED,1789016128251
2172354,1,INITIATED,1789016128242
2172354,2,VALIDATED,1789016128248
2172354,3,PROCESSED,1789016128258
2172355,1,INITIATED,1789016128262
2172355,2,VALIDATED,1789016128267
2172355,3,PROCESSED,1789016128273
2172356,1,INITIATED,1789016128282
2172356,2,VALIDATED,1789016128286
2172356,3,PROCESSED,1789016128291
2172357,1,INITIATED,1789016128302
2172357,2,VALIDATED,1789016128307
2172357,3,PROCESSED,1789016128312
2172358,1,INITIATED,1789016128322
2172358,2,VALIDATED,1789016128327
2172358,3,PROCESSED,1789016128333
2172359,1,INITIATED,1789016128342
2172359,2,VALIDATED,1789016128346
2172359,3,PROCESSED,1789016128352
2172360,1,INITIATED,1789016128362
2172360,2,VALIDATED,1789016128367
2172360,3,PROCESSED,1789016128373
2172361,1,INITIATED,1789016128382
2172361,2,VALIDATED,1789016128386
2172361,3,PROCESSED,1789016128392
2172362,1,INITIATED,1789016128401
2172362,2,VALIDATED,1789016128406
2172362,3,PROCESSED,1789016128411
2172363,1,INITIATED,1789016128422
2172363,2,VALIDATED,1789016128427
2172363,3,PROCESSED,1789016128432
2172364,1,INITIATED,1789016128442
2172364,2,VALIDATED,1789016128446
2172364,3,PROCESSED,1789016128451
2172365,1,INITIATED,1789016128462
2172365,2,VALIDATED,1789016128467
2172365,3,PROCESSED,1789016128472
2172366,1,INITIATED,1789016128482
2172366,2,VALIDATED,1789016128487
2172366,3,PROCESSED,1789016128493
2172367,1,INITIATED,1789016128502
2172367,2,VALIDATED,1789016128506
2172367,3,PROCESSED,1789016128512
2172368,1,INITIATED,1789016128521
2172368,2,VALIDATED,1789016128526
2172368,3,PROCESSED,1789016128532
2172369,1,INITIATED,1789016128542
2172369,2,VALIDATED,1789016128547
2172369,3,PROCESSED,1789016128554
2172370,1,INITIATED,1789016128561
2172370,2,VALIDATED,1789016128565
2172370,3,PROCESSED,1789016128571
2172371,1,INITIATED,1789016128582
2172371,2,VALIDATED,1789016128587
2172371,3,PROCESSED,1789016128593
2172372,1,INITIATED,1789016128602
2172372,2,VALIDATED,1789016128606
2172372,3,PROCESSED,1789016128612
2172373,1,INITIATED,1789016128621
2172373,2,VALIDATED,1789016128626
2172373,3,PROCESSED,1789016128631
2172374,1,INITIATED,1789016128642
2172374,2,VALIDATED,1789016128648
2172374,3,PROCESSED,1789016128654
2172375,1,INITIATED,1789016128661
2172375,2,VALIDATED,1789016128665
2172375,3,PROCESSED,1789016128671
2172376,1,INITIATED,1789016128682
2172376,2,VALIDATED,1789016128686
2172376,3,PROCESSED,1789016128692
2172377,1,INITIATED,1789016128702
2172377,2,VALIDATED,1789016128706
2172377,3,PROCESSED,1789016128712
2172378,1,INITIATED,1789016128722
2172378,2,VALIDATED,1789016128726
2172378,3,PROCESSED,1789016128732
2172379,1,INITIATED,1789016128742
2172379,2,VALIDATED,1789016128747
2172379,3,PROCESSED,1789016128754
2172380,1,INITIATED,1789016128762
2172380,2,VALIDATED,1789016128768
2172380,3,PROCESSED,1789016128775
2172381,1,INITIATED,1789016128782
2172381,2,VALIDATED,1789016128787
2172381,3,PROCESSED,1789016128793
2172382,1,INITIATED,1789016128802
2172382,2,VALIDATED,1789016128807
2172382,3,PROCESSED,1789016128814
2172383,1,INITIATED,1789016128822
2172383,2,VALIDATED,1789016128827
2172383,3,PROCESSED,1789016128833
2172384,1,INITIATED,1789016128843
2172384,2,VALIDATED,1789016128847
2172384,3,PROCESSED,1789016128853
2172385,1,INITIATED,1789016128862
2172385,2,VALIDATED,1789016128867
2172385,3,PROCESSED,1789016128872
2172386,1,INITIATED,1789016128882
2172386,2,VALIDATED,1789016128888
2172386,3,PROCESSED,1789016128895
2172387,1,INITIATED,1789016128901
2172387,2,VALIDATED,1789016128905
2172387,3,PROCESSED,1789016128912
2172388,1,INITIATED,1789016128921
2172388,2,VALIDATED,1789016128926
2172388,3,PROCESSED,1789016128931
2172389,1,INITIATED,1789016128941
2172389,2,VALIDATED,1789016128945
2172389,3,PROCESSED,1789016128950
2172390,1,INITIATED,1789016128962
2172390,2,VALIDATED,1789016128967
2172390,3,PROCESSED,1789016128972
2172391,1,INITIATED,1789016128982
2172391,2,VALIDATED,1789016128986
2172391,3,PROCESSED,1789016128990
2172392,1,INITIATED,1789016129001
2172392,2,VALIDATED,1789016129006
2172392,3,PROCESSED,1789016129011
2172393,1,INITIATED,1789016129022
2172393,2,VALIDATED,1789016129027
2172393,3,PROCESSED,1789016129032
2172394,1,INITIATED,1789016129041
2172394,2,VALIDATED,1789016129045
2172394,3,PROCESSED,1789016129051
2172395,1,INITIATED,1789016129062
2172395,2,VALIDATED,1789016129066
2172395,3,PROCESSED,1789016129071
2172396,1,INITIATED,1789016129082
2172396,2,VALIDATED,1789016129086
2172396,3,PROCESSED,1789016129091
2172397,1,INITIATED,1789016129101
2172397,2,VALIDATED,1789016129108
2172397,3,PROCESSED,1789016129113
2172398,1,INITIATED,1789016129122
2172398,2,VALIDATED,1789016129127
2172398,3,PROCESSED,1789016129194
2172399,1,INITIATED,1789016129191
2172399,2,VALIDATED,1789016129196
2172399,3,PROCESSED,1789016129202
2172400,1,INITIATED,1789016129191
2172400,2,VALIDATED,1789016129196
2172400,3,PROCESSED,1789016129203
2172401,1,INITIATED,1789016129191
2172401,2,VALIDATED,1789016129196
2172401,3,PROCESSED,1789016129202
2172402,1,INITIATED,1789016129201
2172402,2,VALIDATED,1789016129206
2172402,3,PROCESSED,1789016129211
2172403,1,INITIATED,1789016129222
2172403,2,VALIDATED,1789016129226
2172403,3,PROCESSED,1789016129230
2172404,1,INITIATED,1789016129241
2172404,2,VALIDATED,1789016129247
2172404,3,PROCESSED,1789016129252
2172405,1,INITIATED,1789016129262
2172405,2,VALIDATED,1789016129266
2172405,3,PROCESSED,1789016129271
2172406,1,INITIATED,1789016129282
2172406,2,VALIDATED,1789016129286
2172406,3,PROCESSED,1789016129290
2172407,1,INITIATED,1789016129301
2172407,2,VALIDATED,1789016129305
2172407,3,PROCESSED,1789016129310
2172408,1,INITIATED,1789016129321
2172408,2,VALIDATED,1789016129326
2172408,3,PROCESSED,1789016129332
2172409,1,INITIATED,1789016129341
2172409,2,VALIDATED,1789016129345
2172409,3,PROCESSED,1789016129351
2172410,1,INITIATED,1789016129361
2172410,2,VALIDATED,1789016129365
2172410,3,PROCESSED,1789016129369
2172411,1,INITIATED,1789016129381
2172411,2,VALIDATED,1789016129385
2172411,3,PROCESSED,1789016129389
2172412,1,INITIATED,1789016129401
2172412,2,VALIDATED,1789016129406
2172412,3,PROCESSED,1789016129410
2172413,1,INITIATED,1789016129421
2172413,2,VALIDATED,1789016129425
2172413,3,PROCESSED,1789016129429
2172414,1,INITIATED,1789016129442
2172414,2,VALIDATED,1789016129447
2172414,3,PROCESSED,1789016129452
2172415,1,INITIATED,1789016129461
2172415,2,VALIDATED,1789016129465
2172415,3,PROCESSED,1789016129469
2172416,1,INITIATED,1789016129482
2172416,2,VALIDATED,1789016129486
2172416,3,PROCESSED,1789016129490
2172417,1,INITIATED,1789016129501
2172417,2,VALIDATED,1789016129504
2172417,3,PROCESSED,1789016129509
2172418,1,INITIATED,1789016129521
2172418,2,VALIDATED,1789016129525
2172418,3,PROCESSED,1789016129529
2172419,1,INITIATED,1789016129542
2172419,2,VALIDATED,1789016129545
2172419,3,PROCESSED,1789016129552
2172420,1,INITIATED,1789016129562
2172420,2,VALIDATED,1789016129567
2172420,3,PROCESSED,1789016129571
2172421,1,INITIATED,1789016129582
2172421,2,VALIDATED,1789016129586
2172421,3,PROCESSED,1789016129591
2172422,1,INITIATED,1789016129601
2172422,2,VALIDATED,1789016129604
2172422,3,PROCESSED,1789016129609
2172423,1,INITIATED,1789016129621
2172423,2,VALIDATED,1789016129625
2172423,3,PROCESSED,1789016129629
2172424,1,INITIATED,1789016129641
2172424,2,VALIDATED,1789016129645
2172424,3,PROCESSED,1789016129649
2172425,1,INITIATED,1789016129662
2172425,2,VALIDATED,1789016129666
2172425,3,PROCESSED,1789016129671
2172426,1,INITIATED,1789016129682
2172426,2,VALIDATED,1789016129686
2172426,3,PROCESSED,1789016129691
2172427,1,INITIATED,1789016129702
2172427,2,VALIDATED,1789016129706
2172427,3,PROCESSED,1789016129711
2172428,1,INITIATED,1789016129722
2172428,2,VALIDATED,1789016129725
2172428,3,PROCESSED,1789016129729
2172429,1,INITIATED,1789016129741
2172429,2,VALIDATED,1789016129746
2172429,3,PROCESSED,1789016129750
2172430,1,INITIATED,1789016129762
2172430,2,VALIDATED,1789016129766
2172430,3,PROCESSED,1789016129770
2172431,1,INITIATED,1789016129781
2172431,2,VALIDATED,1789016129786
2172431,3,PROCESSED,1789016129791
2172432,1,INITIATED,1789016129801
2172432,2,VALIDATED,1789016129805
2172432,3,PROCESSED,1789016129811
2172433,1,INITIATED,1789016129822
2172433,2,VALIDATED,1789016129826
2172433,3,REJECTED,1789016129829
2172434,1,INITIATED,1789016129841
2172434,2,VALIDATED,1789016129846
2172434,3,REJECTED,1789016129850
2172435,1,INITIATED,1789016129862
2172435,2,VALIDATED,1789016129867
2172435,3,REJECTED,1789016129871
2172436,1,INITIATED,1789016129882
2172436,2,VALIDATED,1789016129887
2172436,3,REJECTED,1789016129891
2172437,1,INITIATED,1789016129902
2172437,2,VALIDATED,1789016129906
2172437,3,PROCESSED,1789016129912
2172438,1,INITIATED,1789016129922
2172438,2,VALIDATED,1789016129926
2172438,3,PROCESSED,1789016129932
2172439,1,INITIATED,1789016129942
2172439,2,VALIDATED,1789016129945
2172439,3,PROCESSED,1789016129954
2172440,1,INITIATED,1789016129962
2172440,2,VALIDATED,1789016129967
2172440,3,PROCESSED,1789016129972
2172441,1,INITIATED,1789016129981
2172441,2,VALIDATED,1789016129986
2172441,3,PROCESSED,1789016129992
2172442,1,INITIATED,1789016130002
2172442,2,VALIDATED,1789016130007
2172442,3,PROCESSED,1789016130012
2172443,1,INITIATED,1789016130021
2172443,2,VALIDATED,1789016130025
2172443,3,PROCESSED,1789016130031
2172444,1,INITIATED,1789016130042
2172444,2,VALIDATED,1789016130047
2172444,3,PROCESSED,1789016130052
2172445,1,INITIATED,1789016130061
2172445,2,VALIDATED,1789016130066
2172445,3,PROCESSED,1789016130073
2172446,1,INITIATED,1789016130081
2172446,2,VALIDATED,1789016130085
2172446,3,PROCESSED,1789016130089
2172447,1,INITIATED,1789016130101
2172447,2,VALIDATED,1789016130107
2172447,3,PROCESSED,1789016130114
2172448,1,INITIATED,1789016130123
2172448,2,VALIDATED,1789016130128
2172448,3,PROCESSED,1789016130134
2172449,1,INITIATED,1789016130208
2172449,2,VALIDATED,1789016130213
2172449,3,PROCESSED,1789016130220
2172450,1,INITIATED,1789016130208
2172450,2,VALIDATED,1789016130213
2172450,3,PROCESSED,1789016130220
2172451,1,INITIATED,1789016130208
2172451,2,VALIDATED,1789016130213
2172451,3,PROCESSED,1789016130220
2172452,1,INITIATED,1789016130208
2172452,2,VALIDATED,1789016130213
2172452,3,PROCESSED,1789016130220
2172453,1,INITIATED,1789016130222
2172453,2,VALIDATED,1789016130227
2172453,3,PROCESSED,1789016130232
2172454,1,INITIATED,1789016130241
2172454,2,VALIDATED,1789016130246
2172454,3,PROCESSED,1789016130251
2172455,1,INITIATED,1789016130261
2172455,2,VALIDATED,1789016130265
2172455,3,PROCESSED,1789016130271
2172456,1,INITIATED,1789016130282
2172456,2,VALIDATED,1789016130287
2172456,3,PROCESSED,1789016130292
2172457,1,INITIATED,1789016130302
2172457,2,VALIDATED,1789016130306
2172457,3,PROCESSED,1789016130311
2172458,1,INITIATED,1789016130321
2172458,2,VALIDATED,1789016130325
2172458,3,PROCESSED,1789016130331
2172459,1,INITIATED,1789016130343
2172459,2,VALIDATED,1789016130348
2172459,3,PROCESSED,1789016130355
2172460,1,INITIATED,1789016130362
2172460,2,VALIDATED,1789016130367
2172460,3,PROCESSED,1789016130372
2172461,1,INITIATED,1789016130382
2172461,2,VALIDATED,1789016130386
2172461,3,PROCESSED,1789016130391
2172462,1,INITIATED,1789016130401
2172462,2,VALIDATED,1789016130406
2172462,3,PROCESSED,1789016130413
2172463,1,INITIATED,1789016130422
2172463,2,VALIDATED,1789016130426
2172463,3,PROCESSED,1789016130431
2172464,1,INITIATED,1789016130442
2172464,2,VALIDATED,1789016130447
2172464,3,PROCESSED,1789016130451
2172465,1,INITIATED,1789016130462
2172465,2,VALIDATED,1789016130466
2172465,3,PROCESSED,1789016130473
2172466,1,INITIATED,1789016130481
2172466,2,VALIDATED,1789016130485
2172466,3,PROCESSED,1789016130490
2172467,1,INITIATED,1789016130501
2172467,2,VALIDATED,1789016130506
2172467,3,PROCESSED,1789016130511
2172468,1,INITIATED,1789016130521
2172468,2,VALIDATED,1789016130526
2172468,3,PROCESSED,1789016130532
2172469,1,INITIATED,1789016130541
2172469,2,VALIDATED,1789016130545
2172469,3,PROCESSED,1789016130552
2172470,1,INITIATED,1789016130562
2172470,2,VALIDATED,1789016130566
2172470,3,PROCESSED,1789016130570
2172471,1,INITIATED,1789016130582
2172471,2,VALIDATED,1789016130587
2172471,3,PROCESSED,1789016130592
2172472,1,INITIATED,1789016130602
2172472,2,VALIDATED,1789016130605
2172472,3,PROCESSED,1789016130610
2172473,1,INITIATED,1789016130622
2172473,2,VALIDATED,1789016130627
2172473,3,PROCESSED,1789016130632
2172474,1,INITIATED,1789016130642
2172474,2,VALIDATED,1789016130648
2172474,3,PROCESSED,1789016130653
2172475,1,INITIATED,1789016130662
2172475,2,VALIDATED,1789016130666
2172475,3,PROCESSED,1789016130670
2172476,1,INITIATED,1789016130682
2172476,2,VALIDATED,1789016130687
2172476,3,PROCESSED,1789016130693
2172477,1,INITIATED,1789016130702
2172477,2,VALIDATED,1789016130707
2172477,3,PROCESSED,1789016130714
2172478,1,INITIATED,1789016130722
2172478,2,VALIDATED,1789016130727
2172478,3,PROCESSED,1789016130731
2172479,1,INITIATED,1789016130742
2172479,2,VALIDATED,1789016130746
2172479,3,PROCESSED,1789016130750
2172480,1,INITIATED,1789016130762
2172480,2,VALIDATED,1789016130766
2172480,3,PROCESSED,1789016130771
2172481,1,INITIATED,1789016130781
2172481,2,VALIDATED,1789016130785
2172481,3,PROCESSED,1789016130791
2172482,1,INITIATED,1789016130801
2172482,2,VALIDATED,1789016130806
2172482,3,PROCESSED,1789016130811
2172483,1,INITIATED,1789016130821
2172483,2,VALIDATED,1789016130825
2172483,3,PROCESSED,1789016130830
2172484,1,INITIATED,1789016130842
2172484,2,VALIDATED,1789016130845
2172484,3,PROCESSED,1789016130850
2172485,1,INITIATED,1789016130862
2172485,2,VALIDATED,1789016130865
2172485,3,PROCESSED,1789016130869
2172486,1,INITIATED,1789016130881
2172486,2,VALIDATED,1789016130885
2172486,3,PROCESSED,1789016130889
2172487,1,INITIATED,1789016130902
2172487,2,VALIDATED,1789016130905
2172487,3,PROCESSED,1789016130909
2172488,1,INITIATED,1789016130921
2172488,2,VALIDATED,1789016130925
2172488,3,PROCESSED,1789016130928
2172489,1,INITIATED,1789016130942
2172489,2,VALIDATED,1789016130947
2172489,3,PROCESSED,1789016130952
2172490,1,INITIATED,1789016130962
2172490,2,VALIDATED,1789016130966
2172490,3,PROCESSED,1789016130971
2172491,1,INITIATED,1789016130981
2172491,2,VALIDATED,1789016130985
2172491,3,PROCESSED,1789016130989
2172492,1,INITIATED,1789016131001
2172492,2,VALIDATED,1789016131005
2172492,3,PROCESSED,1789016131009
2172493,1,INITIATED,1789016131021
2172493,2,VALIDATED,1789016131024
2172493,3,PROCESSED,1789016131029
2172494,1,INITIATED,1789016131041
2172494,2,VALIDATED,1789016131045
2172494,3,PROCESSED,1789016131048
2172495,1,INITIATED,1789016131061
2172495,2,VALIDATED,1789016131065
2172495,3,PROCESSED,1789016131069
2172496,1,INITIATED,1789016131081
2172496,2,VALIDATED,1789016131084
2172496,3,PROCESSED,1789016131087
2172497,1,INITIATED,1789016131102
2172497,2,VALIDATED,1789016131106
2172497,3,PROCESSED,1789016131110
2172498,1,INITIATED,1789016131122
2172498,2,VALIDATED,1789016131127
2172498,3,PROCESSED,1789016131133
2172499,1,INITIATED,1789016131142
2172499,2,VALIDATED,1789016131145
2172499,3,PROCESSED,1789016131150
2172500,1,INITIATED,1789016131161
2172500,2,VALIDATED,1789016131165
2172500,3,PROCESSED,1789016131169
2172501,1,INITIATED,1789016131181
2172501,2,VALIDATED,1789016131185
2172501,3,PROCESSED,1789016131189
2172502,1,INITIATED,1789016131202
2172502,2,VALIDATED,1789016131205
2172502,3,PROCESSED,1789016131208
2172503,1,INITIATED,1789016131221
2172503,2,VALIDATED,1789016131225
2172503,3,PROCESSED,1789016131229
2172504,1,INITIATED,1789016131242
2172504,2,VALIDATED,1789016131248
2172504,3,PROCESSED,1789016131253
2172505,1,INITIATED,1789016131262
2172505,2,VALIDATED,1789016131266
2172505,3,PROCESSED,1789016131270
2172506,1,INITIATED,1789016131281
2172506,2,VALIDATED,1789016131285
2172506,3,PROCESSED,1789016131290
2172507,1,INITIATED,1789016131302
2172507,2,VALIDATED,1789016131305
2172507,3,PROCESSED,1789016131309
2172508,1,INITIATED,1789016131321
2172508,2,VALIDATED,1789016131324
2172508,3,PROCESSED,1789016131328
2172509,1,INITIATED,1789016131341
2172509,2,VALIDATED,1789016131345
2172509,3,PROCESSED,1789016131348
2172510,1,INITIATED,1789016131361
2172510,2,VALIDATED,1789016131365
2172510,3,PROCESSED,1789016131368
2172511,1,INITIATED,1789016131381
2172511,2,VALIDATED,1789016131384
2172511,3,PROCESSED,1789016131389
2172512,1,INITIATED,1789016131401
2172512,2,VALIDATED,1789016131404
2172512,3,PROCESSED,1789016131410
2172513,1,INITIATED,1789016131422
2172513,2,VALIDATED,1789016131426
2172513,3,PROCESSED,1789016131430
2172514,1,INITIATED,1789016131441
2172514,2,VALIDATED,1789016131444
2172514,3,PROCESSED,1789016131447
2172515,1,INITIATED,1789016131461
2172515,2,VALIDATED,1789016131464
2172515,3,PROCESSED,1789016131469
2172516,1,INITIATED,1789016131482
2172516,2,VALIDATED,1789016131487
2172516,3,PROCESSED,1789016131492
2172517,1,INITIATED,1789016131501
2172517,2,VALIDATED,1789016131504
2172517,3,PROCESSED,1789016131509
2172518,1,INITIATED,1789016131522
2172518,2,VALIDATED,1789016131525
2172518,3,PROCESSED,1789016131529
2172519,1,INITIATED,1789016131542
2172519,2,VALIDATED,1789016131547
2172519,3,PROCESSED,1789016131553
2172520,1,INITIATED,1789016131562
2172520,2,VALIDATED,1789016131565
2172520,3,PROCESSED,1789016131569
2172521,1,INITIATED,1789016131582
2172521,2,VALIDATED,1789016131586
2172521,3,PROCESSED,1789016131594
2172522,1,INITIATED,1789016131603
2172522,2,VALIDATED,1789016131608
2172522,3,PROCESSED,1789016131613
2172523,1,INITIATED,1789016131622
2172523,2,VALIDATED,1789016131626
2172523,3,PROCESSED,1789016131632
2172524,1,INITIATED,1789016131642
2172524,2,VALIDATED,1789016131646
2172524,3,PROCESSED,1789016131650
2172525,1,INITIATED,1789016131662
2172525,2,VALIDATED,1789016131666
2172525,3,PROCESSED,1789016131670
2172526,1,INITIATED,1789016131681
2172526,2,VALIDATED,1789016131685
2172526,3,PROCESSED,1789016131689
2172527,1,INITIATED,1789016131701
2172527,2,VALIDATED,1789016131705
2172527,3,PROCESSED,1789016131710
2172528,1,INITIATED,1789016131722
2172528,2,VALIDATED,1789016131725
2172528,3,PROCESSED,1789016131729
2172529,1,INITIATED,1789016131740
2172529,2,VALIDATED,1789016131744
2172529,3,PROCESSED,1789016131747
2172530,1,INITIATED,1789016131761
2172530,2,VALIDATED,1789016131765
2172530,3,PROCESSED,1789016131770
2172531,1,INITIATED,1789016131782
2172531,2,VALIDATED,1789016131786
2172531,3,PROCESSED,1789016131790
2172532,1,INITIATED,1789016131801
2172532,2,VALIDATED,1789016131805
2172532,3,PROCESSED,1789016131810
2172533,1,INITIATED,1789016131821
2172533,2,VALIDATED,1789016131825
2172533,3,REJECTED,1789016131827
2172534,1,INITIATED,1789016131842
2172534,2,VALIDATED,1789016131847
2172534,3,REJECTED,1789016131850
2172535,1,INITIATED,1789016131862
2172535,2,VALIDATED,1789016131866
2172535,3,REJECTED,1789016131868
2172536,1,INITIATED,1789016131881
2172536,2,VALIDATED,1789016131885
2172536,3,REJECTED,1789016131887
2172537,1,INITIATED,1789016131901
2172537,2,VALIDATED,1789016131904
2172537,3,PROCESSED,1789016131908
2172538,1,INITIATED,1789016131920
2172538,2,VALIDATED,1789016131924
2172538,3,PROCESSED,1789016131927
2172539,1,INITIATED,1789016131940
2172539,2,VALIDATED,1789016131943
2172539,3,PROCESSED,1789016131946
2172540,1,INITIATED,1789016131961
2172540,2,VALIDATED,1789016131965
2172540,3,PROCESSED,1789016131968
2172541,1,INITIATED,1789016131981
2172541,2,VALIDATED,1789016131984
2172541,3,PROCESSED,1789016131987
2172542,1,INITIATED,1789016132001
2172542,2,VALIDATED,1789016132006
2172542,3,PROCESSED,1789016132011
2172543,1,INITIATED,1789016132022
2172543,2,VALIDATED,1789016132025
2172543,3,PROCESSED,1789016132029
2172544,1,INITIATED,1789016132041
2172544,2,VALIDATED,1789016132045
2172544,3,PROCESSED,1789016132048
2172545,1,INITIATED,1789016132063
2172545,2,VALIDATED,1789016132069
2172545,3,PROCESSED,1789016132075
2172546,1,INITIATED,1789016132082
2172546,2,VALIDATED,1789016132087
2172546,3,PROCESSED,1789016132092
2172547,1,INITIATED,1789016132102
2172547,2,VALIDATED,1789016132106
2172547,3,PROCESSED,1789016132111
2172548,1,INITIATED,1789016132122
2172548,2,VALIDATED,1789016132126
2172548,3,PROCESSED,1789016132231
2172549,1,INITIATED,1789016132229
2172549,2,VALIDATED,1789016132234
2172549,3,PROCESSED,1789016132241
2172550,1,INITIATED,1789016132229
2172550,2,VALIDATED,1789016132234
2172550,3,PROCESSED,1789016132241
2172551,1,INITIATED,1789016132229
2172551,2,VALIDATED,1789016132233
2172551,3,PROCESSED,1789016132241
2172552,1,INITIATED,1789016132229
2172552,2,VALIDATED,1789016132234
2172552,3,PROCESSED,1789016132241
2172553,1,INITIATED,1789016132229
2172553,2,VALIDATED,1789016132234
2172553,3,PROCESSED,1789016132241
2172554,1,INITIATED,1789016132241
2172554,2,VALIDATED,1789016132247
2172554,3,PROCESSED,1789016132251
2172555,1,INITIATED,1789016132261
2172555,2,VALIDATED,1789016132264
2172555,3,PROCESSED,1789016132267
2172556,1,INITIATED,1789016132281
2172556,2,VALIDATED,1789016132284
2172556,3,PROCESSED,1789016132287
2172557,1,INITIATED,1789016132301
2172557,2,VALIDATED,1789016132304
2172557,3,PROCESSED,1789016132309
2172558,1,INITIATED,1789016132321
2172558,2,VALIDATED,1789016132325
2172558,3,PROCESSED,1789016132329
2172559,1,INITIATED,1789016132341
2172559,2,VALIDATED,1789016132344
2172559,3,PROCESSED,1789016132347
2172560,1,INITIATED,1789016132361
2172560,2,VALIDATED,1789016132364
2172560,3,PROCESSED,1789016132368
2172561,1,INITIATED,1789016132381
2172561,2,VALIDATED,1789016132386
2172561,3,PROCESSED,1789016132392
2172562,1,INITIATED,1789016132401
2172562,2,VALIDATED,1789016132406
2172562,3,PROCESSED,1789016132410
2172563,1,INITIATED,1789016132421
2172563,2,VALIDATED,1789016132425
2172563,3,PROCESSED,1789016132429
2172564,1,INITIATED,1789016132441
2172564,2,VALIDATED,1789016132446
2172564,3,PROCESSED,1789016132450
2172565,1,INITIATED,1789016132461
2172565,2,VALIDATED,1789016132465
2172565,3,PROCESSED,1789016132470
2172566,1,INITIATED,1789016132482
2172566,2,VALIDATED,1789016132486
2172566,3,PROCESSED,1789016132490
2172567,1,INITIATED,1789016132501
2172567,2,VALIDATED,1789016132505
2172567,3,PROCESSED,1789016132509
2172568,1,INITIATED,1789016132521
2172568,2,VALIDATED,1789016132525
2172568,3,PROCESSED,1789016132529
2172569,1,INITIATED,1789016132541
2172569,2,VALIDATED,1789016132545
2172569,3,PROCESSED,1789016132550
2172570,1,INITIATED,1789016132561
2172570,2,VALIDATED,1789016132564
2172570,3,PROCESSED,1789016132567
2172571,1,INITIATED,1789016132581
2172571,2,VALIDATED,1789016132584
2172571,3,PROCESSED,1789016132587
2172572,1,INITIATED,1789016132601
2172572,2,VALIDATED,1789016132605
2172572,3,PROCESSED,1789016132609
2172573,1,INITIATED,1789016132622
2172573,2,VALIDATED,1789016132625
2172573,3,PROCESSED,1789016132629
2172574,1,INITIATED,1789016132642
2172574,2,VALIDATED,1789016132645
2172574,3,PROCESSED,1789016132649
2172575,1,INITIATED,1789016132661
2172575,2,VALIDATED,1789016132665
2172575,3,PROCESSED,1789016132669
2172576,1,INITIATED,1789016132681
2172576,2,VALIDATED,1789016132685
2172576,3,PROCESSED,1789016132688
2172577,1,INITIATED,1789016132701
2172577,2,VALIDATED,1789016132705
2172577,3,PROCESSED,1789016132709
2172578,1,INITIATED,1789016132721
2172578,2,VALIDATED,1789016132725
2172578,3,PROCESSED,1789016132729
2172579,1,INITIATED,1789016132742
2172579,2,VALIDATED,1789016132747
2172579,3,PROCESSED,1789016132751
2172580,1,INITIATED,1789016132761
2172580,2,VALIDATED,1789016132765
2172580,3,PROCESSED,1789016132769
2172581,1,INITIATED,1789016132781
2172581,2,VALIDATED,1789016132784
2172581,3,PROCESSED,1789016132787
2172582,1,INITIATED,1789016132801
2172582,2,VALIDATED,1789016132805
2172582,3,PROCESSED,1789016132808
2172583,1,INITIATED,1789016132821
2172583,2,VALIDATED,1789016132825
2172583,3,PROCESSED,1789016132829
2172584,1,INITIATED,1789016132842
2172584,2,VALIDATED,1789016132846
2172584,3,PROCESSED,1789016132850
2172585,1,INITIATED,1789016132862
2172585,2,VALIDATED,1789016132866
2172585,3,PROCESSED,1789016132870
2172586,1,INITIATED,1789016132882
2172586,2,VALIDATED,1789016132886
2172586,3,PROCESSED,1789016132891
2172587,1,INITIATED,1789016132901
2172587,2,VALIDATED,1789016132906
2172587,3,PROCESSED,1789016132912
2172588,1,INITIATED,1789016132921
2172588,2,VALIDATED,1789016132926
2172588,3,PROCESSED,1789016132931
2172589,1,INITIATED,1789016132942
2172589,2,VALIDATED,1789016132946
2172589,3,PROCESSED,1789016132950
2172590,1,INITIATED,1789016132962
2172590,2,VALIDATED,1789016132966
2172590,3,PROCESSED,1789016132969
2172591,1,INITIATED,1789016132981
2172591,2,VALIDATED,1789016132984
2172591,3,PROCESSED,1789016132988
2172592,1,INITIATED,1789016133001
2172592,2,VALIDATED,1789016133004
2172592,3,PROCESSED,1789016133008
2172593,1,INITIATED,1789016133021
2172593,2,VALIDATED,1789016133025
2172593,3,PROCESSED,1789016133028
2172594,1,INITIATED,1789016133042
2172594,2,VALIDATED,1789016133046
2172594,3,PROCESSED,1789016133051
2172595,1,INITIATED,1789016133061
2172595,2,VALIDATED,1789016133065
2172595,3,PROCESSED,1789016133069
2172596,1,INITIATED,1789016133081
2172596,2,VALIDATED,1789016133085
2172596,3,PROCESSED,1789016133089
2172597,1,INITIATED,1789016133101
2172597,2,VALIDATED,1789016133105
2172597,3,PROCESSED,1789016133109
2172598,1,INITIATED,1789016133122
2172598,2,VALIDATED,1789016133126
2172598,3,PROCESSED,1789016133131
2172599,1,INITIATED,1789016133193
2172599,2,VALIDATED,1789016133198
2172599,3,PROCESSED,1789016133203
2172600,1,INITIATED,1789016133193
2172600,2,VALIDATED,1789016133198
2172600,3,PROCESSED,1789016133203
2172601,1,INITIATED,1789016133193
2172601,2,VALIDATED,1789016133198
2172601,3,PROCESSED,1789016133203
2172602,1,INITIATED,1789016133201
2172602,2,VALIDATED,1789016133217
2172602,3,PROCESSED,1789016133221
2172603,1,INITIATED,1789016133221
2172603,2,VALIDATED,1789016133224
2172603,3,PROCESSED,1789016133228
2172604,1,INITIATED,1789016133241
2172604,2,VALIDATED,1789016133244
2172604,3,PROCESSED,1789016133248
2172605,1,INITIATED,1789016133261
2172605,2,VALIDATED,1789016133265
2172605,3,PROCESSED,1789016133268
2172606,1,INITIATED,1789016133281
2172606,2,VALIDATED,1789016133285
2172606,3,PROCESSED,1789016133289
2172607,1,INITIATED,1789016133302
2172607,2,VALIDATED,1789016133305
2172607,3,PROCESSED,1789016133309
2172608,1,INITIATED,1789016133321
2172608,2,VALIDATED,1789016133325
2172608,3,PROCESSED,1789016133329
2172609,1,INITIATED,1789016133342
2172609,2,VALIDATED,1789016133346
2172609,3,PROCESSED,1789016133351
2172610,1,INITIATED,1789016133361
2172610,2,VALIDATED,1789016133364
2172610,3,PROCESSED,1789016133368
2172611,1,INITIATED,1789016133381
2172611,2,VALIDATED,1789016133384
2172611,3,PROCESSED,1789016133388
2172612,1,INITIATED,1789016133401
2172612,2,VALIDATED,1789016133404
2172612,3,PROCESSED,1789016133408
2172613,1,INITIATED,1789016133421
2172613,2,VALIDATED,1789016133425
2172613,3,PROCESSED,1789016133428
2172614,1,INITIATED,1789016133441
2172614,2,VALIDATED,1789016133445
2172614,3,PROCESSED,1789016133448
2172615,1,INITIATED,1789016133461
2172615,2,VALIDATED,1789016133465
2172615,3,PROCESSED,1789016133469
2172616,1,INITIATED,1789016133482
2172616,2,VALIDATED,1789016133487
2172616,3,PROCESSED,1789016133492
2172617,1,INITIATED,1789016133502
2172617,2,VALIDATED,1789016133506
2172617,3,PROCESSED,1789016133511
2172618,1,INITIATED,1789016133521
2172618,2,VALIDATED,1789016133525
2172618,3,PROCESSED,1789016133530
2172619,1,INITIATED,1789016133541
2172619,2,VALIDATED,1789016133545
2172619,3,PROCESSED,1789016133548
2172620,1,INITIATED,1789016133561
2172620,2,VALIDATED,1789016133565
2172620,3,PROCESSED,1789016133569
2172621,1,INITIATED,1789016133581
2172621,2,VALIDATED,1789016133584
2172621,3,PROCESSED,1789016133587
2172622,1,INITIATED,1789016133601
2172622,2,VALIDATED,1789016133604
2172622,3,PROCESSED,1789016133609
2172623,1,INITIATED,1789016133622
2172623,2,VALIDATED,1789016133626
2172623,3,PROCESSED,1789016133630
2172624,1,INITIATED,1789016133642
2172624,2,VALIDATED,1789016133647
2172624,3,PROCESSED,1789016133651
2172625,1,INITIATED,1789016133661
2172625,2,VALIDATED,1789016133664
2172625,3,PROCESSED,1789016133668
2172626,1,INITIATED,1789016133681
2172626,2,VALIDATED,1789016133685
2172626,3,PROCESSED,1789016133690
2172627,1,INITIATED,1789016133701
2172627,2,VALIDATED,1789016133705
2172627,3,PROCESSED,1789016133709
2172628,1,INITIATED,1789016133721
2172628,2,VALIDATED,1789016133725
2172628,3,PROCESSED,1789016133729
2172629,1,INITIATED,1789016133741
2172629,2,VALIDATED,1789016133744
2172629,3,PROCESSED,1789016133747
2172630,1,INITIATED,1789016133762
2172630,2,VALIDATED,1789016133765
2172630,3,PROCESSED,1789016133768
2172631,1,INITIATED,1789016133782
2172631,2,VALIDATED,1789016133786
2172631,3,PROCESSED,1789016133791
2172632,1,INITIATED,1789016133801
2172632,2,VALIDATED,1789016133804
2172632,3,PROCESSED,1789016133809
2172633,1,INITIATED,1789016133821
2172633,2,VALIDATED,1789016133825
2172633,3,REJECTED,1789016133829
2172634,1,INITIATED,1789016133842
2172634,2,VALIDATED,1789016133845
2172634,3,REJECTED,1789016133848
2172635,1,INITIATED,1789016133861
2172635,2,VALIDATED,1789016133866
2172635,3,REJECTED,1789016133869
2172636,1,INITIATED,1789016133882
2172636,2,VALIDATED,1789016133885
2172636,3,REJECTED,1789016133888
2172637,1,INITIATED,1789016133901
2172637,2,VALIDATED,1789016133905
2172637,3,PROCESSED,1789016133908
2172638,1,INITIATED,1789016133921
2172638,2,VALIDATED,1789016133925
2172638,3,PROCESSED,1789016133929
2172639,1,INITIATED,1789016133942
2172639,2,VALIDATED,1789016133947
2172639,3,PROCESSED,1789016133951
2172640,1,INITIATED,1789016133961
2172640,2,VALIDATED,1789016133965
2172640,3,PROCESSED,1789016133968
2172641,1,INITIATED,1789016133981
2172641,2,VALIDATED,1789016133984
2172641,3,PROCESSED,1789016133988
2172642,1,INITIATED,1789016134001
2172642,2,VALIDATED,1789016134005
2172642,3,PROCESSED,1789016134009
2172643,1,INITIATED,1789016134022
2172643,2,VALIDATED,1789016134025
2172643,3,PROCESSED,1789016134029
2172644,1,INITIATED,1789016134042
2172644,2,VALIDATED,1789016134046
2172644,3,PROCESSED,1789016134049
2172645,1,INITIATED,1789016134062
2172645,2,VALIDATED,1789016134065
2172645,3,PROCESSED,1789016134069
2172646,1,INITIATED,1789016134082
2172646,2,VALIDATED,1789016134085
2172646,3,PROCESSED,1789016134089
2172647,1,INITIATED,1789016134101
2172647,2,VALIDATED,1789016134104
2172647,3,PROCESSED,1789016134108
2172648,1,INITIATED,1789016134121
2172648,2,VALIDATED,1789016134126
2172648,3,PROCESSED,1789016134131
2172649,1,INITIATED,1789016134211
2172649,2,VALIDATED,1789016134217
2172649,3,PROCESSED,1789016134238
2172650,1,INITIATED,1789016134211
2172650,2,VALIDATED,1789016134217
2172650,3,PROCESSED,1789016134238
2172651,1,INITIATED,1789016134211
2172651,2,VALIDATED,1789016134216
2172651,3,PROCESSED,1789016134238
2172652,1,INITIATED,1789016134211
2172652,2,VALIDATED,1789016134216
2172652,3,PROCESSED,1789016134238
2172653,1,INITIATED,1789016134221
2172653,2,VALIDATED,1789016134236
2172653,3,PROCESSED,1789016134245
2172654,1,INITIATED,1789016134242
2172654,2,VALIDATED,1789016134247
2172654,3,PROCESSED,1789016134252
2172655,1,INITIATED,1789016134261
2172655,2,VALIDATED,1789016134265
2172655,3,PROCESSED,1789016134269
2172656,1,INITIATED,1789016134282
2172656,2,VALIDATED,1789016134286
2172656,3,PROCESSED,1789016134290
2172657,1,INITIATED,1789016134301
2172657,2,VALIDATED,1789016134306
2172657,3,PROCESSED,1789016134310
2172658,1,INITIATED,1789016134322
2172658,2,VALIDATED,1789016134325
2172658,3,PROCESSED,1789016134329
2172659,1,INITIATED,1789016134341
2172659,2,VALIDATED,1789016134345
2172659,3,PROCESSED,1789016134349
2172660,1,INITIATED,1789016134361
2172660,2,VALIDATED,1789016134365
2172660,3,PROCESSED,1789016134369
2172661,1,INITIATED,1789016134382
2172661,2,VALIDATED,1789016134385
2172661,3,PROCESSED,1789016134390
2172662,1,INITIATED,1789016134401
2172662,2,VALIDATED,1789016134405
2172662,3,PROCESSED,1789016134409
2172663,1,INITIATED,1789016134422
2172663,2,VALIDATED,1789016134425
2172663,3,PROCESSED,1789016134429
2172664,1,INITIATED,1789016134441
2172664,2,VALIDATED,1789016134445
2172664,3,PROCESSED,1789016134448
2172665,1,INITIATED,1789016134461
2172665,2,VALIDATED,1789016134467
2172665,3,PROCESSED,1789016134471
2172666,1,INITIATED,1789016134481
2172666,2,VALIDATED,1789016134484
2172666,3,PROCESSED,1789016134488
2172667,1,INITIATED,1789016134501
2172667,2,VALIDATED,1789016134504
2172667,3,PROCESSED,1789016134508
2172668,1,INITIATED,1789016134520
2172668,2,VALIDATED,1789016134524
2172668,3,PROCESSED,1789016134528
2172669,1,INITIATED,1789016134542
2172669,2,VALIDATED,1789016134546
2172669,3,PROCESSED,1789016134551
2172670,1,INITIATED,1789016134561
2172670,2,VALIDATED,1789016134565
2172670,3,PROCESSED,1789016134569
2172671,1,INITIATED,1789016134580
2172671,2,VALIDATED,1789016134583
2172671,3,PROCESSED,1789016134587
2172672,1,INITIATED,1789016134601
2172672,2,VALIDATED,1789016134604
2172672,3,PROCESSED,1789016134609
2172673,1,INITIATED,1789016134623
2172673,2,VALIDATED,1789016134627
2172673,3,PROCESSED,1789016134631
2172674,1,INITIATED,1789016134641
2172674,2,VALIDATED,1789016134645
2172674,3,PROCESSED,1789016134649
2172675,1,INITIATED,1789016134661
2172675,2,VALIDATED,1789016134665
2172675,3,PROCESSED,1789016134669
2172676,1,INITIATED,1789016134681
2172676,2,VALIDATED,1789016134684
2172676,3,PROCESSED,1789016134687
2172677,1,INITIATED,1789016134701
2172677,2,VALIDATED,1789016134704
2172677,3,PROCESSED,1789016134708
2172678,1,INITIATED,1789016134721
2172678,2,VALIDATED,1789016134725
2172678,3,PROCESSED,1789016134729
2172679,1,INITIATED,1789016134742
2172679,2,VALIDATED,1789016134745
2172679,3,PROCESSED,1789016134749
2172680,1,INITIATED,1789016134761
2172680,2,VALIDATED,1789016134765
2172680,3,PROCESSED,1789016134769
2172681,1,INITIATED,1789016134781
2172681,2,VALIDATED,1789016134784
2172681,3,PROCESSED,1789016134789
2172682,1,INITIATED,1789016134800
2172682,2,VALIDATED,1789016134804
2172682,3,PROCESSED,1789016134807
2172683,1,INITIATED,1789016134821
2172683,2,VALIDATED,1789016134824
2172683,3,PROCESSED,1789016134828
2172684,1,INITIATED,1789016134842
2172684,2,VALIDATED,1789016134846
2172684,3,PROCESSED,1789016134852
2172685,1,INITIATED,1789016134861
2172685,2,VALIDATED,1789016134864
2172685,3,PROCESSED,1789016134867
2172686,1,INITIATED,1789016134881
2172686,2,VALIDATED,1789016134885
2172686,3,PROCESSED,1789016134889
2172687,1,INITIATED,1789016134902
2172687,2,VALIDATED,1789016134906
2172687,3,PROCESSED,1789016134911
2172688,1,INITIATED,1789016134921
2172688,2,VALIDATED,1789016134925
2172688,3,PROCESSED,1789016134928
2172689,1,INITIATED,1789016134941
2172689,2,VALIDATED,1789016134945
2172689,3,PROCESSED,1789016134948
2172690,1,INITIATED,1789016134961
2172690,2,VALIDATED,1789016134964
2172690,3,PROCESSED,1789016134968
2172691,1,INITIATED,1789016134981
2172691,2,VALIDATED,1789016134984
2172691,3,PROCESSED,1789016134988
2172692,1,INITIATED,1789016135001
2172692,2,VALIDATED,1789016135005
2172692,3,PROCESSED,1789016135009
2172693,1,INITIATED,1789016135021
2172693,2,VALIDATED,1789016135024
2172693,3,PROCESSED,1789016135028
2172694,1,INITIATED,1789016135041
2172694,2,VALIDATED,1789016135044
2172694,3,PROCESSED,1789016135048
2172695,1,INITIATED,1789016135061
2172695,2,VALIDATED,1789016135064
2172695,3,PROCESSED,1789016135069
2172696,1,INITIATED,1789016135082
2172696,2,VALIDATED,1789016135086
2172696,3,PROCESSED,1789016135090
2172697,1,INITIATED,1789016135101
2172697,2,VALIDATED,1789016135105
2172697,3,PROCESSED,1789016135110
2172698,1,INITIATED,1789016135121
2172698,2,VALIDATED,1789016135124
2172698,3,PROCESSED,1789016135137
2172699,1,INITIATED,1789016135141
2172699,2,VALIDATED,1789016135149
2172699,3,PROCESSED,1789016135153
2172700,1,INITIATED,1789016135162
2172700,2,VALIDATED,1789016135165
2172700,3,PROCESSED,1789016135168
2172701,1,INITIATED,1789016135181
2172701,2,VALIDATED,1789016135185
2172701,3,PROCESSED,1789016135188
2172702,1,INITIATED,1789016135202
2172702,2,VALIDATED,1789016135205
2172702,3,PROCESSED,1789016135209
2172703,1,INITIATED,1789016135221
2172703,2,VALIDATED,1789016135225
2172703,3,PROCESSED,1789016135230
2172704,1,INITIATED,1789016135241
2172704,2,VALIDATED,1789016135247
2172704,3,PROCESSED,1789016135250
2172705,1,INITIATED,1789016135261
2172705,2,VALIDATED,1789016135264
2172705,3,PROCESSED,1789016135267
2172706,1,INITIATED,1789016135281
2172706,2,VALIDATED,1789016135284
2172706,3,PROCESSED,1789016135287
2172707,1,INITIATED,1789016135301
2172707,2,VALIDATED,1789016135304
2172707,3,PROCESSED,1789016135308
2172708,1,INITIATED,1789016135321
2172708,2,VALIDATED,1789016135324
2172708,3,PROCESSED,1789016135327
2172709,1,INITIATED,1789016135341
2172709,2,VALIDATED,1789016135344
2172709,3,PROCESSED,1789016135347
2172710,1,INITIATED,1789016135361
2172710,2,VALIDATED,1789016135364
2172710,3,PROCESSED,1789016135367
2172711,1,INITIATED,1789016135381
2172711,2,VALIDATED,1789016135384
2172711,3,PROCESSED,1789016135386
2172712,1,INITIATED,1789016135401
2172712,2,VALIDATED,1789016135405
2172712,3,PROCESSED,1789016135410
2172713,1,INITIATED,1789016135421
2172713,2,VALIDATED,1789016135425
2172713,3,PROCESSED,1789016135428
2172714,1,INITIATED,1789016135442
2172714,2,VALIDATED,1789016135446
2172714,3,PROCESSED,1789016135450
2172715,1,INITIATED,1789016135461
2172715,2,VALIDATED,1789016135468
2172715,3,PROCESSED,1789016135471
2172716,1,INITIATED,1789016135481
2172716,2,VALIDATED,1789016135484
2172716,3,PROCESSED,1789016135487
2172717,1,INITIATED,1789016135502
2172717,2,VALIDATED,1789016135505
2172717,3,PROCESSED,1789016135510
2172718,1,INITIATED,1789016135521
2172718,2,VALIDATED,1789016135525
2172718,3,PROCESSED,1789016135529
2172719,1,INITIATED,1789016135542
2172719,2,VALIDATED,1789016135545
2172719,3,PROCESSED,1789016135548
2172720,1,INITIATED,1789016135561
2172720,2,VALIDATED,1789016135565
2172720,3,PROCESSED,1789016135569
2172721,1,INITIATED,1789016135581
2172721,2,VALIDATED,1789016135584
2172721,3,PROCESSED,1789016135587
2172722,1,INITIATED,1789016135601
2172722,2,VALIDATED,1789016135605
2172722,3,PROCESSED,1789016135609
2172723,1,INITIATED,1789016135622
2172723,2,VALIDATED,1789016135629
2172723,3,PROCESSED,1789016135634
2172724,1,INITIATED,1789016135641
2172724,2,VALIDATED,1789016135644
2172724,3,PROCESSED,1789016135648
2172725,1,INITIATED,1789016135661
2172725,2,VALIDATED,1789016135665
2172725,3,PROCESSED,1789016135669
2172726,1,INITIATED,1789016135681
2172726,2,VALIDATED,1789016135684
2172726,3,PROCESSED,1789016135687
2172727,1,INITIATED,1789016135701
2172727,2,VALIDATED,1789016135704
2172727,3,PROCESSED,1789016135707
2172728,1,INITIATED,1789016135721
2172728,2,VALIDATED,1789016135725
2172728,3,PROCESSED,1789016135728
2172729,1,INITIATED,1789016135742
2172729,2,VALIDATED,1789016135747
2172729,3,PROCESSED,1789016135752
2172730,1,INITIATED,1789016135762
2172730,2,VALIDATED,1789016135766
2172730,3,PROCESSED,1789016135770
2172731,1,INITIATED,1789016135781
2172731,2,VALIDATED,1789016135784
2172731,3,PROCESSED,1789016135789
2172732,1,INITIATED,1789016135801
2172732,2,VALIDATED,1789016135804
2172732,3,PROCESSED,1789016135809
2172733,1,INITIATED,1789016135821
2172733,2,VALIDATED,1789016135825
2172733,3,REJECTED,1789016135827
2172734,1,INITIATED,1789016135842
2172734,2,VALIDATED,1789016135845
2172734,3,REJECTED,1789016135848
2172735,1,INITIATED,1789016135861
2172735,2,VALIDATED,1789016135864
2172735,3,REJECTED,1789016135867
2172736,1,INITIATED,1789016135882
2172736,2,VALIDATED,1789016135887
2172736,3,REJECTED,1789016135890
2172737,1,INITIATED,1789016135901
2172737,2,VALIDATED,1789016135907
2172737,3,PROCESSED,1789016135911
2172738,1,INITIATED,1789016135920
2172738,2,VALIDATED,1789016135926
2172738,3,PROCESSED,1789016135930
2172739,1,INITIATED,1789016135942
2172739,2,VALIDATED,1789016135945
2172739,3,PROCESSED,1789016135949
2172740,1,INITIATED,1789016135961
2172740,2,VALIDATED,1789016135964
2172740,3,PROCESSED,1789016135968
2172741,1,INITIATED,1789016135981
2172741,2,VALIDATED,1789016135985
2172741,3,PROCESSED,1789016135989
2172742,1,INITIATED,1789016136002
2172742,2,VALIDATED,1789016136005
2172742,3,PROCESSED,1789016136009
2172743,1,INITIATED,1789016136021
2172743,2,VALIDATED,1789016136024
2172743,3,PROCESSED,1789016136027
2172744,1,INITIATED,1789016136042
2172744,2,VALIDATED,1789016136046
2172744,3,PROCESSED,1789016136050
2172745,1,INITIATED,1789016136060
2172745,2,VALIDATED,1789016136064
2172745,3,PROCESSED,1789016136071
2172746,1,INITIATED,1789016136081
2172746,2,VALIDATED,1789016136084
2172746,3,PROCESSED,1789016136090
2172747,1,INITIATED,1789016136101
2172747,2,VALIDATED,1789016136105
2172747,3,PROCESSED,1789016136109
2172748,1,INITIATED,1789016136130
2172748,2,VALIDATED,1789016136135
2172748,3,PROCESSED,1789016136141
2172749,1,INITIATED,1789016136142
2172749,2,VALIDATED,1789016136146
2172749,3,PROCESSED,1789016136150
2172750,1,INITIATED,1789016136162
2172750,2,VALIDATED,1789016136165
2172750,3,PROCESSED,1789016136169
2172751,1,INITIATED,1789016136182
2172751,2,VALIDATED,1789016136185
2172751,3,PROCESSED,1789016136188
2172752,1,INITIATED,1789016136201
2172752,2,VALIDATED,1789016136203
2172752,3,PROCESSED,1789016136207
2172753,1,INITIATED,1789016136220
2172753,2,VALIDATED,1789016136224
2172753,3,PROCESSED,1789016136227
2172754,1,INITIATED,1789016136240
2172754,2,VALIDATED,1789016136243
2172754,3,PROCESSED,1789016136246
2172755,1,INITIATED,1789016136262
2172755,2,VALIDATED,1789016136266
2172755,3,PROCESSED,1789016136272
2172756,1,INITIATED,1789016136281
2172756,2,VALIDATED,1789016136285
2172756,3,PROCESSED,1789016136292
2172757,1,INITIATED,1789016136301
2172757,2,VALIDATED,1789016136305
2172757,3,PROCESSED,1789016136310
2172758,1,INITIATED,1789016136321
2172758,2,VALIDATED,1789016136325
2172758,3,PROCESSED,1789016136328
2172759,1,INITIATED,1789016136341
2172759,2,VALIDATED,1789016136345
2172759,3,PROCESSED,1789016136349
2172760,1,INITIATED,1789016136361
2172760,2,VALIDATED,1789016136364
2172760,3,PROCESSED,1789016136368
2172761,1,INITIATED,1789016136381
2172761,2,VALIDATED,1789016136385
2172761,3,PROCESSED,1789016136388
2172762,1,INITIATED,1789016136404
2172762,2,VALIDATED,1789016136407
2172762,3,PROCESSED,1789016136411
2172763,1,INITIATED,1789016136422
2172763,2,VALIDATED,1789016136426
2172763,3,PROCESSED,1789016136430
2172764,1,INITIATED,1789016136441
2172764,2,VALIDATED,1789016136445
2172764,3,PROCESSED,1789016136449
2172765,1,INITIATED,1789016136461
2172765,2,VALIDATED,1789016136465
2172765,3,PROCESSED,1789016136468
2172766,1,INITIATED,1789016136481
2172766,2,VALIDATED,1789016136485
2172766,3,PROCESSED,1789016136488
2172767,1,INITIATED,1789016136501
2172767,2,VALIDATED,1789016136505
2172767,3,PROCESSED,1789016136509
2172768,1,INITIATED,1789016136521
2172768,2,VALIDATED,1789016136525
2172768,3,PROCESSED,1789016136529
2172769,1,INITIATED,1789016136542
2172769,2,VALIDATED,1789016136545
2172769,3,PROCESSED,1789016136549
2172770,1,INITIATED,1789016136561
2172770,2,VALIDATED,1789016136566
2172770,3,PROCESSED,1789016136570
2172771,1,INITIATED,1789016136582
2172771,2,VALIDATED,1789016136586
2172771,3,PROCESSED,1789016136590
2172772,1,INITIATED,1789016136601
2172772,2,VALIDATED,1789016136606
2172772,3,PROCESSED,1789016136610
2172773,1,INITIATED,1789016136622
2172773,2,VALIDATED,1789016136626
2172773,3,PROCESSED,1789016136629
2172774,1,INITIATED,1789016136642
2172774,2,VALIDATED,1789016136646
2172774,3,PROCESSED,1789016136650
2172775,1,INITIATED,1789016136662
2172775,2,VALIDATED,1789016136665
2172775,3,PROCESSED,1789016136669
2172776,1,INITIATED,1789016136682
2172776,2,VALIDATED,1789016136685
2172776,3,PROCESSED,1789016136689
2172777,1,INITIATED,1789016136702
2172777,2,VALIDATED,1789016136704
2172777,3,PROCESSED,1789016136708
2172778,1,INITIATED,1789016136721
2172778,2,VALIDATED,1789016136725
2172778,3,PROCESSED,1789016136728
2172779,1,INITIATED,1789016136741
2172779,2,VALIDATED,1789016136745
2172779,3,PROCESSED,1789016136748
2172780,1,INITIATED,1789016136762
2172780,2,VALIDATED,1789016136765
2172780,3,PROCESSED,1789016136768
2172781,1,INITIATED,1789016136781
2172781,2,VALIDATED,1789016136784
2172781,3,PROCESSED,1789016136787
2172782,1,INITIATED,1789016136801
2172782,2,VALIDATED,1789016136804
2172782,3,PROCESSED,1789016136808
2172783,1,INITIATED,1789016136821
2172783,2,VALIDATED,1789016136825
2172783,3,PROCESSED,1789016136829
2172784,1,INITIATED,1789016136842
2172784,2,VALIDATED,1789016136848
2172784,3,PROCESSED,1789016136854
2172785,1,INITIATED,1789016136861
2172785,2,VALIDATED,1789016136865
2172785,3,PROCESSED,1789016136869
2172786,1,INITIATED,1789016136882
2172786,2,VALIDATED,1789016136885
2172786,3,PROCESSED,1789016136890
2172787,1,INITIATED,1789016136904
2172787,2,VALIDATED,1789016136909
2172787,3,PROCESSED,1789016136912
2172788,1,INITIATED,1789016136921
2172788,2,VALIDATED,1789016136924
2172788,3,PROCESSED,1789016136927
2172789,1,INITIATED,1789016136941
2172789,2,VALIDATED,1789016136945
2172789,3,PROCESSED,1789016136949
2172790,1,INITIATED,1789016136961
2172790,2,VALIDATED,1789016136965
2172790,3,PROCESSED,1789016136968
2172791,1,INITIATED,1789016136981
2172791,2,VALIDATED,1789016136984
2172791,3,PROCESSED,1789016136988
2172792,1,INITIATED,1789016137000
2172792,2,VALIDATED,1789016137004
2172792,3,PROCESSED,1789016137008
2172793,1,INITIATED,1789016137021
2172793,2,VALIDATED,1789016137025
2172793,3,PROCESSED,1789016137029
2172794,1,INITIATED,1789016137041
2172794,2,VALIDATED,1789016137045
2172794,3,PROCESSED,1789016137048
2172795,1,INITIATED,1789016137061
2172795,2,VALIDATED,1789016137064
2172795,3,PROCESSED,1789016137067
2172796,1,INITIATED,1789016137082
2172796,2,VALIDATED,1789016137085
2172796,3,PROCESSED,1789016137089
2172797,1,INITIATED,1789016137102
2172797,2,VALIDATED,1789016137105
2172797,3,PROCESSED,1789016137109
2172798,1,INITIATED,1789016137167
2172798,2,VALIDATED,1789016137172
2172798,3,PROCESSED,1789016137182
2172799,1,INITIATED,1789016137167
2172799,2,VALIDATED,1789016137172
2172799,3,PROCESSED,1789016137181
2172800,1,INITIATED,1789016137167
2172800,2,VALIDATED,1789016137172
2172800,3,PROCESSED,1789016137182
2172801,1,INITIATED,1789016137181
2172801,2,VALIDATED,1789016137184
2172801,3,PROCESSED,1789016137189
2172802,1,INITIATED,1789016137201
2172802,2,VALIDATED,1789016137204
2172802,3,PROCESSED,1789016137207
2172803,1,INITIATED,1789016137221
2172803,2,VALIDATED,1789016137225
2172803,3,PROCESSED,1789016137229
2172804,1,INITIATED,1789016137242
2172804,2,VALIDATED,1789016137246
2172804,3,PROCESSED,1789016137250
2172805,1,INITIATED,1789016137261
2172805,2,VALIDATED,1789016137265
2172805,3,PROCESSED,1789016137268
2172806,1,INITIATED,1789016137281
2172806,2,VALIDATED,1789016137285
2172806,3,PROCESSED,1789016137290
2172807,1,INITIATED,1789016137302
2172807,2,VALIDATED,1789016137305
2172807,3,PROCESSED,1789016137310
2172808,1,INITIATED,1789016137322
2172808,2,VALIDATED,1789016137326
2172808,3,PROCESSED,1789016137332
2172809,1,INITIATED,1789016137341
2172809,2,VALIDATED,1789016137345
2172809,3,PROCESSED,1789016137350
2172810,1,INITIATED,1789016137362
2172810,2,VALIDATED,1789016137366
2172810,3,PROCESSED,1789016137370
2172811,1,INITIATED,1789016137382
2172811,2,VALIDATED,1789016137386
2172811,3,PROCESSED,1789016137390
2172812,1,INITIATED,1789016137401
2172812,2,VALIDATED,1789016137405
2172812,3,PROCESSED,1789016137410
2172813,1,INITIATED,1789016137422
2172813,2,VALIDATED,1789016137426
2172813,3,PROCESSED,1789016137431
2172814,1,INITIATED,1789016137442
2172814,2,VALIDATED,1789016137446
2172814,3,PROCESSED,1789016137450
2172815,1,INITIATED,1789016137461
2172815,2,VALIDATED,1789016137465
2172815,3,PROCESSED,1789016137469
2172816,1,INITIATED,1789016137481
2172816,2,VALIDATED,1789016137485
2172816,3,PROCESSED,1789016137489
2172817,1,INITIATED,1789016137502
2172817,2,VALIDATED,1789016137505
2172817,3,PROCESSED,1789016137509
2172818,1,INITIATED,1789016137522
2172818,2,VALIDATED,1789016137527
2172818,3,PROCESSED,1789016137532
2172819,1,INITIATED,1789016137542
2172819,2,VALIDATED,1789016137546
2172819,3,PROCESSED,1789016137552
2172820,1,INITIATED,1789016137561
2172820,2,VALIDATED,1789016137565
2172820,3,PROCESSED,1789016137569
2172821,1,INITIATED,1789016137583
2172821,2,VALIDATED,1789016137587
2172821,3,PROCESSED,1789016137593
2172822,1,INITIATED,1789016137601
2172822,2,VALIDATED,1789016137605
2172822,3,PROCESSED,1789016137609
2172823,1,INITIATED,1789016137621
2172823,2,VALIDATED,1789016137626
2172823,3,PROCESSED,1789016137631
2172824,1,INITIATED,1789016137642
2172824,2,VALIDATED,1789016137646
2172824,3,PROCESSED,1789016137651
2172825,1,INITIATED,1789016137662
2172825,2,VALIDATED,1789016137666
2172825,3,PROCESSED,1789016137671
2172826,1,INITIATED,1789016137681
2172826,2,VALIDATED,1789016137685
2172826,3,PROCESSED,1789016137689
2172827,1,INITIATED,1789016137701
2172827,2,VALIDATED,1789016137705
2172827,3,PROCESSED,1789016137710
2172828,1,INITIATED,1789016137721
2172828,2,VALIDATED,1789016137726
2172828,3,PROCESSED,1789016137730
2172829,1,INITIATED,1789016137742
2172829,2,VALIDATED,1789016137746
2172829,3,PROCESSED,1789016137750
2172830,1,INITIATED,1789016137762
2172830,2,VALIDATED,1789016137766
2172830,3,PROCESSED,1789016137771
2172831,1,INITIATED,1789016137782
2172831,2,VALIDATED,1789016137786
2172831,3,PROCESSED,1789016137791
2172832,1,INITIATED,1789016137802
2172832,2,VALIDATED,1789016137806
2172832,3,PROCESSED,1789016137811
2172833,1,INITIATED,1789016137822
2172833,2,VALIDATED,1789016137826
2172833,3,REJECTED,1789016137829
2172834,1,INITIATED,1789016137842
2172834,2,VALIDATED,1789016137847
2172834,3,REJECTED,1789016137851
2172835,1,INITIATED,1789016137862
2172835,2,VALIDATED,1789016137867
2172835,3,REJECTED,1789016137871
2172836,1,INITIATED,1789016137881
2172836,2,VALIDATED,1789016137885
2172836,3,REJECTED,1789016137888
2172837,1,INITIATED,1789016137902
2172837,2,VALIDATED,1789016137906
2172837,3,PROCESSED,1789016137911
2172838,1,INITIATED,1789016137922
2172838,2,VALIDATED,1789016137926
2172838,3,PROCESSED,1789016137932
2172839,1,INITIATED,1789016137942
2172839,2,VALIDATED,1789016137946
2172839,3,PROCESSED,1789016137950
2172840,1,INITIATED,1789016137961
2172840,2,VALIDATED,1789016137966
2172840,3,PROCESSED,1789016137971
2172841,1,INITIATED,1789016137982
2172841,2,VALIDATED,1789016137986
2172841,3,PROCESSED,1789016137991
2172842,1,INITIATED,1789016138002
2172842,2,VALIDATED,1789016138007
2172842,3,PROCESSED,1789016138012
2172843,1,INITIATED,1789016138021
2172843,2,VALIDATED,1789016138025
2172843,3,PROCESSED,1789016138030
2172844,1,INITIATED,1789016138041
2172844,2,VALIDATED,1789016138045
2172844,3,PROCESSED,1789016138049
2172845,1,INITIATED,1789016138061
2172845,2,VALIDATED,1789016138064
2172845,3,PROCESSED,1789016138068
2172846,1,INITIATED,1789016138081
2172846,2,VALIDATED,1789016138085
2172846,3,PROCESSED,1789016138089
2172847,1,INITIATED,1789016138101
2172847,2,VALIDATED,1789016138105
2172847,3,PROCESSED,1789016138109
2172848,1,INITIATED,1789016138121
2172848,2,VALIDATED,1789016138125
2172848,3,PROCESSED,1789016138196
2172849,1,INITIATED,1789016138195
2172849,2,VALIDATED,1789016138201
2172849,3,PROCESSED,1789016138205
2172850,1,INITIATED,1789016138196
2172850,2,VALIDATED,1789016138201
2172850,3,PROCESSED,1789016138205
2172851,1,INITIATED,1789016138195
2172851,2,VALIDATED,1789016138201
2172851,3,PROCESSED,1789016138206
2172852,1,INITIATED,1789016138201
2172852,2,VALIDATED,1789016138208
2172852,3,PROCESSED,1789016138212
2172853,1,INITIATED,1789016138221
2172853,2,VALIDATED,1789016138223
2172853,3,PROCESSED,1789016138227
2172854,1,INITIATED,1789016138241
2172854,2,VALIDATED,1789016138244
2172854,3,PROCESSED,1789016138247
2172855,1,INITIATED,1789016138261
2172855,2,VALIDATED,1789016138264
2172855,3,PROCESSED,1789016138267
2172856,1,INITIATED,1789016138281
2172856,2,VALIDATED,1789016138284
2172856,3,PROCESSED,1789016138288
2172857,1,INITIATED,1789016138301
2172857,2,VALIDATED,1789016138305
2172857,3,PROCESSED,1789016138310
2172858,1,INITIATED,1789016138322
2172858,2,VALIDATED,1789016138327
2172858,3,PROCESSED,1789016138330
2172859,1,INITIATED,1789016138342
2172859,2,VALIDATED,1789016138345
2172859,3,PROCESSED,1789016138349
2172860,1,INITIATED,1789016138362
2172860,2,VALIDATED,1789016138367
2172860,3,PROCESSED,1789016138371
2172861,1,INITIATED,1789016138381
2172861,2,VALIDATED,1789016138385
2172861,3,PROCESSED,1789016138389
2172862,1,INITIATED,1789016138401
2172862,2,VALIDATED,1789016138405
2172862,3,PROCESSED,1789016138409
2172863,1,INITIATED,1789016138421
2172863,2,VALIDATED,1789016138425
2172863,3,PROCESSED,1789016138429
2172864,1,INITIATED,1789016138442
2172864,2,VALIDATED,1789016138448
2172864,3,PROCESSED,1789016138454
2172865,1,INITIATED,1789016138462
2172865,2,VALIDATED,1789016138467
2172865,3,PROCESSED,1789016138474
2172866,1,INITIATED,1789016138482
2172866,2,VALIDATED,1789016138487
2172866,3,PROCESSED,1789016138492
2172867,1,INITIATED,1789016138501
2172867,2,VALIDATED,1789016138505
2172867,3,PROCESSED,1789016138510
2172868,1,INITIATED,1789016138521
2172868,2,VALIDATED,1789016138525
2172868,3,PROCESSED,1789016138529
2172869,1,INITIATED,1789016138542
2172869,2,VALIDATED,1789016138546
2172869,3,PROCESSED,1789016138550
2172870,1,INITIATED,1789016138561
2172870,2,VALIDATED,1789016138565
2172870,3,PROCESSED,1789016138569
2172871,1,INITIATED,1789016138582
2172871,2,VALIDATED,1789016138586
2172871,3,PROCESSED,1789016138591
2172872,1,INITIATED,1789016138601
2172872,2,VALIDATED,1789016138604
2172872,3,PROCESSED,1789016138608
2172873,1,INITIATED,1789016138622
2172873,2,VALIDATED,1789016138625
2172873,3,PROCESSED,1789016138629
2172874,1,INITIATED,1789016138642
2172874,2,VALIDATED,1789016138645
2172874,3,PROCESSED,1789016138649
2172875,1,INITIATED,1789016138662
2172875,2,VALIDATED,1789016138667
2172875,3,PROCESSED,1789016138671
2172876,1,INITIATED,1789016138681
2172876,2,VALIDATED,1789016138684
2172876,3,PROCESSED,1789016138688
2172877,1,INITIATED,1789016138701
2172877,2,VALIDATED,1789016138705
2172877,3,PROCESSED,1789016138710
2172878,1,INITIATED,1789016138721
2172878,2,VALIDATED,1789016138725
2172878,3,PROCESSED,1789016138730
2172879,1,INITIATED,1789016138741
2172879,2,VALIDATED,1789016138746
2172879,3,PROCESSED,1789016138752
2172880,1,INITIATED,1789016138762
2172880,2,VALIDATED,1789016138765
2172880,3,PROCESSED,1789016138770
2172881,1,INITIATED,1789016138782
2172881,2,VALIDATED,1789016138787
2172881,3,PROCESSED,1789016138792
2172882,1,INITIATED,1789016138801
2172882,2,VALIDATED,1789016138815
2172882,3,PROCESSED,1789016138820
2172883,1,INITIATED,1789016138821
2172883,2,VALIDATED,1789016138824
2172883,3,PROCESSED,1789016138829
2172884,1,INITIATED,1789016138841
2172884,2,VALIDATED,1789016138845
2172884,3,PROCESSED,1789016138849
2172885,1,INITIATED,1789016138861
2172885,2,VALIDATED,1789016138866
2172885,3,PROCESSED,1789016138870
2172886,1,INITIATED,1789016138882
2172886,2,VALIDATED,1789016138886
2172886,3,PROCESSED,1789016138891
2172887,1,INITIATED,1789016138901
2172887,2,VALIDATED,1789016138905
2172887,3,PROCESSED,1789016138909
2172888,1,INITIATED,1789016138922
2172888,2,VALIDATED,1789016138926
2172888,3,PROCESSED,1789016138931
2172889,1,INITIATED,1789016138941
2172889,2,VALIDATED,1789016138945
2172889,3,PROCESSED,1789016138949
2172890,1,INITIATED,1789016138962
2172890,2,VALIDATED,1789016138966
2172890,3,PROCESSED,1789016138970
2172891,1,INITIATED,1789016138981
2172891,2,VALIDATED,1789016138986
2172891,3,PROCESSED,1789016138991
2172892,1,INITIATED,1789016139001
2172892,2,VALIDATED,1789016139005
2172892,3,PROCESSED,1789016139010
2172893,1,INITIATED,1789016139021
2172893,2,VALIDATED,1789016139025
2172893,3,PROCESSED,1789016139030
2172894,1,INITIATED,1789016139042
2172894,2,VALIDATED,1789016139047
2172894,3,PROCESSED,1789016139052
2172895,1,INITIATED,1789016139062
2172895,2,VALIDATED,1789016139066
2172895,3,PROCESSED,1789016139070
2172896,1,INITIATED,1789016139082
2172896,2,VALIDATED,1789016139087
2172896,3,PROCESSED,1789016139093
2172897,1,INITIATED,1789016139101
2172897,2,VALIDATED,1789016139105
2172897,3,PROCESSED,1789016139110
2172898,1,INITIATED,1789016139122
2172898,2,VALIDATED,1789016139126
2172898,3,PROCESSED,1789016139132
2172899,1,INITIATED,1789016139142
2172899,2,VALIDATED,1789016139146
2172899,3,PROCESSED,1789016139151
2172900,1,INITIATED,1789016139161
2172900,2,VALIDATED,1789016139166
2172900,3,PROCESSED,1789016139170
2172901,1,INITIATED,1789016139181
2172901,2,VALIDATED,1789016139185
2172901,3,PROCESSED,1789016139190
2172902,1,INITIATED,1789016139202
2172902,2,VALIDATED,1789016139206
2172902,3,PROCESSED,1789016139211
2172903,1,INITIATED,1789016139222
2172903,2,VALIDATED,1789016139226
2172903,3,PROCESSED,1789016139231
2172904,1,INITIATED,1789016139241
2172904,2,VALIDATED,1789016139245
2172904,3,PROCESSED,1789016139250
2172905,1,INITIATED,1789016139262
2172905,2,VALIDATED,1789016139266
2172905,3,PROCESSED,1789016139271
2172906,1,INITIATED,1789016139282
2172906,2,VALIDATED,1789016139286
2172906,3,PROCESSED,1789016139290
2172907,1,INITIATED,1789016139301
2172907,2,VALIDATED,1789016139306
2172907,3,PROCESSED,1789016139310
2172908,1,INITIATED,1789016139322
2172908,2,VALIDATED,1789016139326
2172908,3,PROCESSED,1789016139331
2172909,1,INITIATED,1789016139342
2172909,2,VALIDATED,1789016139346
2172909,3,PROCESSED,1789016139352
2172910,1,INITIATED,1789016139362
2172910,2,VALIDATED,1789016139367
2172910,3,PROCESSED,1789016139371
2172911,1,INITIATED,1789016139381
2172911,2,VALIDATED,1789016139385
2172911,3,PROCESSED,1789016139391
2172912,1,INITIATED,1789016139402
2172912,2,VALIDATED,1789016139406
2172912,3,PROCESSED,1789016139411
2172913,1,INITIATED,1789016139422
2172913,2,VALIDATED,1789016139426
2172913,3,PROCESSED,1789016139432
2172914,1,INITIATED,1789016139442
2172914,2,VALIDATED,1789016139446
2172914,3,PROCESSED,1789016139451
2172915,1,INITIATED,1789016139462
2172915,2,VALIDATED,1789016139466
2172915,3,PROCESSED,1789016139471
2172916,1,INITIATED,1789016139482
2172916,2,VALIDATED,1789016139486
2172916,3,PROCESSED,1789016139490
2172917,1,INITIATED,1789016139502
2172917,2,VALIDATED,1789016139506
2172917,3,PROCESSED,1789016139510
2172918,1,INITIATED,1789016139522
2172918,2,VALIDATED,1789016139526
2172918,3,PROCESSED,1789016139530
2172919,1,INITIATED,1789016139541
2172919,2,VALIDATED,1789016139545
2172919,3,PROCESSED,1789016139550
2172920,1,INITIATED,1789016139561
2172920,2,VALIDATED,1789016139565
2172920,3,PROCESSED,1789016139569
2172921,1,INITIATED,1789016139582
2172921,2,VALIDATED,1789016139586
2172921,3,PROCESSED,1789016139590
2172922,1,INITIATED,1789016139601
2172922,2,VALIDATED,1789016139605
2172922,3,PROCESSED,1789016139610
2172923,1,INITIATED,1789016139622
2172923,2,VALIDATED,1789016139627
2172923,3,PROCESSED,1789016139631
2172924,1,INITIATED,1789016139642
2172924,2,VALIDATED,1789016139647
2172924,3,PROCESSED,1789016139652
2172925,1,INITIATED,1789016139662
2172925,2,VALIDATED,1789016139666
2172925,3,PROCESSED,1789016139671
2172926,1,INITIATED,1789016139681
2172926,2,VALIDATED,1789016139686
2172926,3,PROCESSED,1789016139691
2172927,1,INITIATED,1789016139702
2172927,2,VALIDATED,1789016139706
2172927,3,PROCESSED,1789016139711
2172928,1,INITIATED,1789016139722
2172928,2,VALIDATED,1789016139727
2172928,3,PROCESSED,1789016139732
2172929,1,INITIATED,1789016139741
2172929,2,VALIDATED,1789016139745
2172929,3,PROCESSED,1789016139749
2172930,1,INITIATED,1789016139762
2172930,2,VALIDATED,1789016139766
2172930,3,PROCESSED,1789016139771
2172931,1,INITIATED,1789016139782
2172931,2,VALIDATED,1789016139786
2172931,3,PROCESSED,1789016139790
2172932,1,INITIATED,1789016139801
2172932,2,VALIDATED,1789016139805
2172932,3,PROCESSED,1789016139810
2172933,1,INITIATED,1789016139822
2172933,2,VALIDATED,1789016139826
2172933,3,REJECTED,1789016139828
2172934,1,INITIATED,1789016139842
2172934,2,VALIDATED,1789016139845
2172934,3,REJECTED,1789016139848
2172935,1,INITIATED,1789016139862
2172935,2,VALIDATED,1789016139866
2172935,3,REJECTED,1789016139869
2172936,1,INITIATED,1789016139882
2172936,2,VALIDATED,1789016139886
2172936,3,REJECTED,1789016139889
2172937,1,INITIATED,1789016139902
2172937,2,VALIDATED,1789016139906
2172937,3,PROCESSED,1789016139912
2172938,1,INITIATED,1789016139922
2172938,2,VALIDATED,1789016139925
2172938,3,PROCESSED,1789016139930
2172939,1,INITIATED,1789016139942
2172939,2,VALIDATED,1789016139946
2172939,3,PROCESSED,1789016139951
2172940,1,INITIATED,1789016139961
2172940,2,VALIDATED,1789016139966
2172940,3,PROCESSED,1789016139970
2172941,1,INITIATED,1789016139981
2172941,2,VALIDATED,1789016139986
2172941,3,PROCESSED,1789016139991
2172942,1,INITIATED,1789016140002
2172942,2,VALIDATED,1789016140006
2172942,3,PROCESSED,1789016140012
2172943,1,INITIATED,1789016140022
2172943,2,VALIDATED,1789016140026
2172943,3,PROCESSED,1789016140031
2172944,1,INITIATED,1789016140042
2172944,2,VALIDATED,1789016140046
2172944,3,PROCESSED,1789016140051
2172945,1,INITIATED,1789016140062
2172945,2,VALIDATED,1789016140066
2172945,3,PROCESSED,1789016140070
2172946,1,INITIATED,1789016140081
2172946,2,VALIDATED,1789016140086
2172946,3,PROCESSED,1789016140090
2172947,1,INITIATED,1789016140102
2172947,2,VALIDATED,1789016140107
2172947,3,PROCESSED,1789016140112
2172948,1,INITIATED,1789016140203
2172948,2,VALIDATED,1789016140208
2172948,3,PROCESSED,1789016140214
2172949,1,INITIATED,1789016140203
2172949,2,VALIDATED,1789016140208
2172949,3,PROCESSED,1789016140214
2172950,1,INITIATED,1789016140203
2172950,2,VALIDATED,1789016140208
2172950,3,PROCESSED,1789016140215
2172951,1,INITIATED,1789016140203
2172951,2,VALIDATED,1789016140208
2172951,3,PROCESSED,1789016140214
2172952,1,INITIATED,1789016140203
2172952,2,VALIDATED,1789016140208
2172952,3,PROCESSED,1789016140215
2172953,1,INITIATED,1789016140221
2172953,2,VALIDATED,1789016140225
2172953,3,PROCESSED,1789016140230
2172954,1,INITIATED,1789016140242
2172954,2,VALIDATED,1789016140248
2172954,3,PROCESSED,1789016140254
2172955,1,INITIATED,1789016140262
2172955,2,VALIDATED,1789016140266
2172955,3,PROCESSED,1789016140272
2172956,1,INITIATED,1789016140282
2172956,2,VALIDATED,1789016140286
2172956,3,PROCESSED,1789016140290
2172957,1,INITIATED,1789016140301
2172957,2,VALIDATED,1789016140305
2172957,3,PROCESSED,1789016140310
2172958,1,INITIATED,1789016140322
2172958,2,VALIDATED,1789016140326
2172958,3,PROCESSED,1789016140330
2172959,1,INITIATED,1789016140342
2172959,2,VALIDATED,1789016140346
2172959,3,PROCESSED,1789016140350
2172960,1,INITIATED,1789016140361
2172960,2,VALIDATED,1789016140365
2172960,3,PROCESSED,1789016140369
2172961,1,INITIATED,1789016140382
2172961,2,VALIDATED,1789016140387
2172961,3,PROCESSED,1789016140393
2172962,1,INITIATED,1789016140401
2172962,2,VALIDATED,1789016140405
2172962,3,PROCESSED,1789016140410
2172963,1,INITIATED,1789016140422
2172963,2,VALIDATED,1789016140427
2172963,3,PROCESSED,1789016140432
2172964,1,INITIATED,1789016140442
2172964,2,VALIDATED,1789016140446
2172964,3,PROCESSED,1789016140451
2172965,1,INITIATED,1789016140462
2172965,2,VALIDATED,1789016140466
2172965,3,PROCESSED,1789016140470
2172966,1,INITIATED,1789016140481
2172966,2,VALIDATED,1789016140485
2172966,3,PROCESSED,1789016140490
2172967,1,INITIATED,1789016140502
2172967,2,VALIDATED,1789016140506
2172967,3,PROCESSED,1789016140511
2172968,1,INITIATED,1789016140521
2172968,2,VALIDATED,1789016140526
2172968,3,PROCESSED,1789016140531
2172969,1,INITIATED,1789016140542
2172969,2,VALIDATED,1789016140547
2172969,3,PROCESSED,1789016140552
2172970,1,INITIATED,1789016140561
2172970,2,VALIDATED,1789016140565
2172970,3,PROCESSED,1789016140569
2172971,1,INITIATED,1789016140583
2172971,2,VALIDATED,1789016140587
2172971,3,PROCESSED,1789016140590
2172972,1,INITIATED,1789016140601
2172972,2,VALIDATED,1789016140606
2172972,3,PROCESSED,1789016140612
2172973,1,INITIATED,1789016140622
2172973,2,VALIDATED,1789016140626
2172973,3,PROCESSED,1789016140631
2172974,1,INITIATED,1789016140641
2172974,2,VALIDATED,1789016140645
2172974,3,PROCESSED,1789016140650
2172975,1,INITIATED,1789016140662
2172975,2,VALIDATED,1789016140666
2172975,3,PROCESSED,1789016140673
2172976,1,INITIATED,1789016140682
2172976,2,VALIDATED,1789016140686
2172976,3,PROCESSED,1789016140691
2172977,1,INITIATED,1789016140702
2172977,2,VALIDATED,1789016140706
2172977,3,PROCESSED,1789016140711
2172978,1,INITIATED,1789016140722
2172978,2,VALIDATED,1789016140725
2172978,3,PROCESSED,1789016140729
2172979,1,INITIATED,1789016140741
2172979,2,VALIDATED,1789016140745
2172979,3,PROCESSED,1789016140749
2172980,1,INITIATED,1789016140761
2172980,2,VALIDATED,1789016140764
2172980,3,PROCESSED,1789016140768
2172981,1,INITIATED,1789016140781
2172981,2,VALIDATED,1789016140784
2172981,3,PROCESSED,1789016140787
2172982,1,INITIATED,1789016140802
2172982,2,VALIDATED,1789016140809
2172982,3,PROCESSED,1789016140815
2172983,1,INITIATED,1789016140822
2172983,2,VALIDATED,1789016140826
2172983,3,PROCESSED,1789016140830
2172984,1,INITIATED,1789016140842
2172984,2,VALIDATED,1789016140845
2172984,3,PROCESSED,1789016140850
2172985,1,INITIATED,1789016140861
2172985,2,VALIDATED,1789016140865
2172985,3,PROCESSED,1789016140869
2172986,1,INITIATED,1789016140881
2172986,2,VALIDATED,1789016140885
2172986,3,PROCESSED,1789016140888
2172987,1,INITIATED,1789016140901
2172987,2,VALIDATED,1789016140905
2172987,3,PROCESSED,1789016140909
2172988,1,INITIATED,1789016140921
2172988,2,VALIDATED,1789016140925
2172988,3,PROCESSED,1789016140928
2172989,1,INITIATED,1789016140940
2172989,2,VALIDATED,1789016140944
2172989,3,PROCESSED,1789016140947
2172990,1,INITIATED,1789016140961
2172990,2,VALIDATED,1789016140965
2172990,3,PROCESSED,1789016140969
2172991,1,INITIATED,1789016140982
2172991,2,VALIDATED,1789016140986
2172991,3,PROCESSED,1789016140993
2172992,1,INITIATED,1789016141003
2172992,2,VALIDATED,1789016141008
2172992,3,PROCESSED,1789016141015
2172993,1,INITIATED,1789016141022
2172993,2,VALIDATED,1789016141027
2172993,3,PROCESSED,1789016141032
2172994,1,INITIATED,1789016141041
2172994,2,VALIDATED,1789016141044
2172994,3,PROCESSED,1789016141048
2172995,1,INITIATED,1789016141062
2172995,2,VALIDATED,1789016141065
2172995,3,PROCESSED,1789016141069
2172996,1,INITIATED,1789016141081
2172996,2,VALIDATED,1789016141084
2172996,3,PROCESSED,1789016141088
2172997,1,INITIATED,1789016141101
2172997,2,VALIDATED,1789016141105
2172997,3,PROCESSED,1789016141109
2172998,1,INITIATED,1789016141216
2172998,2,VALIDATED,1789016141220
2172998,3,PROCESSED,1789016141246
2172999,1,INITIATED,1789016141216
2172999,2,VALIDATED,1789016141220
2172999,3,PROCESSED,1789016141246
2173000,1,INITIATED,1789016141216
2173000,2,VALIDATED,1789016141221
2173000,3,PROCESSED,1789016141246
2173001,1,INITIATED,1789016141216
2173001,2,VALIDATED,1789016141221
2173001,3,PROCESSED,1789016141246
2173002,1,INITIATED,1789016141216
2173002,2,VALIDATED,1789016141221
2173002,3,PROCESSED,1789016141246
2173003,1,INITIATED,1789016141221
2173003,2,VALIDATED,1789016141244
2173003,3,PROCESSED,1789016141253
2173004,1,INITIATED,1789016141242
2173004,2,VALIDATED,1789016141252
2173004,3,PROCESSED,1789016141257
2173005,1,INITIATED,1789016141261
2173005,2,VALIDATED,1789016141264
2173005,3,PROCESSED,1789016141269
2173006,1,INITIATED,1789016141281
2173006,2,VALIDATED,1789016141285
2173006,3,PROCESSED,1789016141289
2173007,1,INITIATED,1789016141302
2173007,2,VALIDATED,1789016141306
2173007,3,PROCESSED,1789016141310
2173008,1,INITIATED,1789016141322
2173008,2,VALIDATED,1789016141326
2173008,3,PROCESSED,1789016141331
2173009,1,INITIATED,1789016141341
2173009,2,VALIDATED,1789016141346
2173009,3,PROCESSED,1789016141351
2173010,1,INITIATED,1789016141361
2173010,2,VALIDATED,1789016141365
2173010,3,PROCESSED,1789016141371
2173011,1,INITIATED,1789016141381
2173011,2,VALIDATED,1789016141385
2173011,3,PROCESSED,1789016141390
2173012,1,INITIATED,1789016141402
2173012,2,VALIDATED,1789016141410
2173012,3,PROCESSED,1789016141415
2173013,1,INITIATED,1789016141421
2173013,2,VALIDATED,1789016141425
2173013,3,PROCESSED,1789016141430
2173014,1,INITIATED,1789016141442
2173014,2,VALIDATED,1789016141447
2173014,3,PROCESSED,1789016141453
2173015,1,INITIATED,1789016141462
2173015,2,VALIDATED,1789016141466
2173015,3,PROCESSED,1789016141470
2173016,1,INITIATED,1789016141481
2173016,2,VALIDATED,1789016141485
2173016,3,PROCESSED,1789016141492
2173017,1,INITIATED,1789016141502
2173017,2,VALIDATED,1789016141506
2173017,3,PROCESSED,1789016141512
2173018,1,INITIATED,1789016141521
2173018,2,VALIDATED,1789016141526
2173018,3,PROCESSED,1789016141531
2173019,1,INITIATED,1789016141542
2173019,2,VALIDATED,1789016141546
2173019,3,PROCESSED,1789016141551
2173020,1,INITIATED,1789016141561
2173020,2,VALIDATED,1789016141566
2173020,3,PROCESSED,1789016141571
2173021,1,INITIATED,1789016141582
2173021,2,VALIDATED,1789016141587
2173021,3,PROCESSED,1789016141593
2173022,1,INITIATED,1789016141602
2173022,2,VALIDATED,1789016141606
2173022,3,PROCESSED,1789016141611
2173023,1,INITIATED,1789016141622
2173023,2,VALIDATED,1789016141626
2173023,3,PROCESSED,1789016141631
2173024,1,INITIATED,1789016141642
2173024,2,VALIDATED,1789016141646
2173024,3,PROCESSED,1789016141651
2173025,1,INITIATED,1789016141661
2173025,2,VALIDATED,1789016141666
2173025,3,PROCESSED,1789016141671
2173026,1,INITIATED,1789016141682
2173026,2,VALIDATED,1789016141688
2173026,3,PROCESSED,1789016141693
2173027,1,INITIATED,1789016141702
2173027,2,VALIDATED,1789016141706
2173027,3,PROCESSED,1789016141711
2173028,1,INITIATED,1789016141722
2173028,2,VALIDATED,1789016141727
2173028,3,PROCESSED,1789016141734
2173029,1,INITIATED,1789016141742
2173029,2,VALIDATED,1789016141747
2173029,3,PROCESSED,1789016141754
2173030,1,INITIATED,1789016141762
2173030,2,VALIDATED,1789016141766
2173030,3,PROCESSED,1789016141771
2173031,1,INITIATED,1789016141782
2173031,2,VALIDATED,1789016141786
2173031,3,PROCESSED,1789016141792
2173032,1,INITIATED,1789016141802
2173032,2,VALIDATED,1789016141807
2173032,3,PROCESSED,1789016141812
2173033,1,INITIATED,1789016141822
2173033,2,VALIDATED,1789016141826
2173033,3,REJECTED,1789016141830
2173034,1,INITIATED,1789016141841
2173034,2,VALIDATED,1789016141846
2173034,3,REJECTED,1789016141849
2173035,1,INITIATED,1789016141862
2173035,2,VALIDATED,1789016141871
2173035,3,REJECTED,1789016141874
2173036,1,INITIATED,1789016141881
2173036,2,VALIDATED,1789016141885
2173036,3,REJECTED,1789016141888
2173037,1,INITIATED,1789016141901
2173037,2,VALIDATED,1789016141907
2173037,3,PROCESSED,1789016141913
2173038,1,INITIATED,1789016141922
2173038,2,VALIDATED,1789016141927
2173038,3,PROCESSED,1789016141933
2173039,1,INITIATED,1789016141942
2173039,2,VALIDATED,1789016141947
2173039,3,PROCESSED,1789016141954
2173040,1,INITIATED,1789016141962
2173040,2,VALIDATED,1789016141967
2173040,3,PROCESSED,1789016141974
2173041,1,INITIATED,1789016141982
2173041,2,VALIDATED,1789016141986
2173041,3,PROCESSED,1789016141993
2173042,1,INITIATED,1789016142003
2173042,2,VALIDATED,1789016142009
2173042,3,PROCESSED,1789016142016
2173043,1,INITIATED,1789016142022
2173043,2,VALIDATED,1789016142027
2173043,3,PROCESSED,1789016142033
2173044,1,INITIATED,1789016142043
2173044,2,VALIDATED,1789016142048
2173044,3,PROCESSED,1789016142056
2173045,1,INITIATED,1789016142062
2173045,2,VALIDATED,1789016142068
2173045,3,PROCESSED,1789016142075
2173046,1,INITIATED,1789016142082
2173046,2,VALIDATED,1789016142086
2173046,3,PROCESSED,1789016142093
2173047,1,INITIATED,1789016142103
2173047,2,VALIDATED,1789016142108
2173047,3,PROCESSED,1789016142115
2173048,1,INITIATED,1789016142123
2173048,2,VALIDATED,1789016142132
2173048,3,PROCESSED,1789016142232
2173049,1,INITIATED,1789016142229
2173049,2,VALIDATED,1789016142238
2173049,3,PROCESSED,1789016142246
2173050,1,INITIATED,1789016142228
2173050,2,VALIDATED,1789016142238
2173050,3,PROCESSED,1789016142246
2173051,1,INITIATED,1789016142230
2173051,2,VALIDATED,1789016142237
2173051,3,PROCESSED,1789016142246
2173052,1,INITIATED,1789016142228
2173052,2,VALIDATED,1789016142238
2173052,3,PROCESSED,1789016142246
2173053,1,INITIATED,1789016142229
2173053,2,VALIDATED,1789016142237
2173053,3,PROCESSED,1789016142246
2173054,1,INITIATED,1789016142243
2173054,2,VALIDATED,1789016142262
2173054,3,PROCESSED,1789016142271
2173055,1,INITIATED,1789016142262
2173055,2,VALIDATED,1789016142268
2173055,3,PROCESSED,1789016142275
2173056,1,INITIATED,1789016142283
2173056,2,VALIDATED,1789016142289
2173056,3,PROCESSED,1789016142295
2173057,1,INITIATED,1789016142302
2173057,2,VALIDATED,1789016142307
2173057,3,PROCESSED,1789016142314
2173058,1,INITIATED,1789016142323
2173058,2,VALIDATED,1789016142329
2173058,3,PROCESSED,1789016142336
2173059,1,INITIATED,1789016142342
2173059,2,VALIDATED,1789016142346
2173059,3,PROCESSED,1789016142351
2173060,1,INITIATED,1789016142362
2173060,2,VALIDATED,1789016142367
2173060,3,PROCESSED,1789016142373
2173061,1,INITIATED,1789016142381
2173061,2,VALIDATED,1789016142385
2173061,3,PROCESSED,1789016142390
2173062,1,INITIATED,1789016142401
2173062,2,VALIDATED,1789016142406
2173062,3,PROCESSED,1789016142413
2173063,1,INITIATED,1789016142422
2173063,2,VALIDATED,1789016142427
2173063,3,PROCESSED,1789016142433
2173064,1,INITIATED,1789016142442
2173064,2,VALIDATED,1789016142446
2173064,3,PROCESSED,1789016142451
2173065,1,INITIATED,1789016142461
2173065,2,VALIDATED,1789016142465
2173065,3,PROCESSED,1789016142470
2173066,1,INITIATED,1789016142481
2173066,2,VALIDATED,1789016142485
2173066,3,PROCESSED,1789016142490
2173067,1,INITIATED,1789016142502
2173067,2,VALIDATED,1789016142506
2173067,3,PROCESSED,1789016142510
2173068,1,INITIATED,1789016142521
2173068,2,VALIDATED,1789016142526
2173068,3,PROCESSED,1789016142532
2173069,1,INITIATED,1789016142542
2173069,2,VALIDATED,1789016142545
2173069,3,PROCESSED,1789016142550
2173070,1,INITIATED,1789016142562
2173070,2,VALIDATED,1789016142566
2173070,3,PROCESSED,1789016142571
2173071,1,INITIATED,1789016142582
2173071,2,VALIDATED,1789016142586
2173071,3,PROCESSED,1789016142591
2173072,1,INITIATED,1789016142602
2173072,2,VALIDATED,1789016142606
2173072,3,PROCESSED,1789016142610
2173073,1,INITIATED,1789016142621
2173073,2,VALIDATED,1789016142625
2173073,3,PROCESSED,1789016142630
2173074,1,INITIATED,1789016142642
2173074,2,VALIDATED,1789016142647
2173074,3,PROCESSED,1789016142654
2173075,1,INITIATED,1789016142661
2173075,2,VALIDATED,1789016142665
2173075,3,PROCESSED,1789016142669
2173076,1,INITIATED,1789016142681
2173076,2,VALIDATED,1789016142685
2173076,3,PROCESSED,1789016142689
2173077,1,INITIATED,1789016142701
2173077,2,VALIDATED,1789016142705
2173077,3,PROCESSED,1789016142709
2173078,1,INITIATED,1789016142722
2173078,2,VALIDATED,1789016142728
2173078,3,PROCESSED,1789016142732
2173079,1,INITIATED,1789016142742
2173079,2,VALIDATED,1789016142745
2173079,3,PROCESSED,1789016142749
2173080,1,INITIATED,1789016142761
2173080,2,VALIDATED,1789016142765
2173080,3,PROCESSED,1789016142770
2173081,1,INITIATED,1789016142781
2173081,2,VALIDATED,1789016142786
2173081,3,PROCESSED,1789016142791
2173082,1,INITIATED,1789016142802
2173082,2,VALIDATED,1789016142807
2173082,3,PROCESSED,1789016142811
2173083,1,INITIATED,1789016142821
2173083,2,VALIDATED,1789016142826
2173083,3,PROCESSED,1789016142829
2173084,1,INITIATED,1789016142842
2173084,2,VALIDATED,1789016142846
2173084,3,PROCESSED,1789016142850
2173085,1,INITIATED,1789016142862
2173085,2,VALIDATED,1789016142865
2173085,3,PROCESSED,1789016142870
2173086,1,INITIATED,1789016142881
2173086,2,VALIDATED,1789016142886
2173086,3,PROCESSED,1789016142892
2173087,1,INITIATED,1789016142901
2173087,2,VALIDATED,1789016142905
2173087,3,PROCESSED,1789016142910
2173088,1,INITIATED,1789016142922
2173088,2,VALIDATED,1789016142927
2173088,3,PROCESSED,1789016142932
2173089,1,INITIATED,1789016142942
2173089,2,VALIDATED,1789016142947
2173089,3,PROCESSED,1789016142952
2173090,1,INITIATED,1789016142962
2173090,2,VALIDATED,1789016142966
2173090,3,PROCESSED,1789016142970
2173091,1,INITIATED,1789016142981
2173091,2,VALIDATED,1789016142987
2173091,3,PROCESSED,1789016142991
2173092,1,INITIATED,1789016143001
2173092,2,VALIDATED,1789016143004
2173092,3,PROCESSED,1789016143009
2173093,1,INITIATED,1789016143021
2173093,2,VALIDATED,1789016143025
2173093,3,PROCESSED,1789016143029
2173094,1,INITIATED,1789016143042
2173094,2,VALIDATED,1789016143045
2173094,3,PROCESSED,1789016143050
2173095,1,INITIATED,1789016143062
2173095,2,VALIDATED,1789016143065
2173095,3,PROCESSED,1789016143070
2173096,1,INITIATED,1789016143081
2173096,2,VALIDATED,1789016143084
2173096,3,PROCESSED,1789016143087
2173097,1,INITIATED,1789016143101
2173097,2,VALIDATED,1789016143104
2173097,3,PROCESSED,1789016143108
2173098,1,INITIATED,1789016143121
2173098,2,VALIDATED,1789016143128
2173098,3,PROCESSED,1789016143135
2173099,1,INITIATED,1789016143142
2173099,2,VALIDATED,1789016143149
2173099,3,PROCESSED,1789016143153
2173100,1,INITIATED,1789016143161
2173100,2,VALIDATED,1789016143165
2173100,3,PROCESSED,1789016143168
2173101,1,INITIATED,1789016143181
2173101,2,VALIDATED,1789016143184
2173101,3,PROCESSED,1789016143188
2173102,1,INITIATED,1789016143201
2173102,2,VALIDATED,1789016143204
2173102,3,PROCESSED,1789016143208
2173103,1,INITIATED,1789016143221
2173103,2,VALIDATED,1789016143225
2173103,3,PROCESSED,1789016143229
2173104,1,INITIATED,1789016143242
2173104,2,VALIDATED,1789016143246
2173104,3,PROCESSED,1789016143251
2173105,1,INITIATED,1789016143261
2173105,2,VALIDATED,1789016143265
2173105,3,PROCESSED,1789016143268
2173106,1,INITIATED,1789016143281
2173106,2,VALIDATED,1789016143285
2173106,3,PROCESSED,1789016143289
2173107,1,INITIATED,1789016143301
2173107,2,VALIDATED,1789016143305
2173107,3,PROCESSED,1789016143309
2173108,1,INITIATED,1789016143321
2173108,2,VALIDATED,1789016143328
2173108,3,PROCESSED,1789016143331
2173109,1,INITIATED,1789016143341
2173109,2,VALIDATED,1789016143344
2173109,3,PROCESSED,1789016143348
2173110,1,INITIATED,1789016143361
2173110,2,VALIDATED,1789016143365
2173110,3,PROCESSED,1789016143368
2173111,1,INITIATED,1789016143381
2173111,2,VALIDATED,1789016143385
2173111,3,PROCESSED,1789016143388
2173112,1,INITIATED,1789016143401
2173112,2,VALIDATED,1789016143404
2173112,3,PROCESSED,1789016143408
2173113,1,INITIATED,1789016143422
2173113,2,VALIDATED,1789016143426
2173113,3,PROCESSED,1789016143429
2173114,1,INITIATED,1789016143441
2173114,2,VALIDATED,1789016143445
2173114,3,PROCESSED,1789016143448
2173115,1,INITIATED,1789016143461
2173115,2,VALIDATED,1789016143465
2173115,3,PROCESSED,1789016143468
2173116,1,INITIATED,1789016143482
2173116,2,VALIDATED,1789016143486
2173116,3,PROCESSED,1789016143491
2173117,1,INITIATED,1789016143501
2173117,2,VALIDATED,1789016143505
2173117,3,PROCESSED,1789016143510
2173118,1,INITIATED,1789016143522
2173118,2,VALIDATED,1789016143526
2173118,3,PROCESSED,1789016143530
2173119,1,INITIATED,1789016143542
2173119,2,VALIDATED,1789016143546
2173119,3,PROCESSED,1789016143551
2173120,1,INITIATED,1789016143562
2173120,2,VALIDATED,1789016143565
2173120,3,PROCESSED,1789016143569
2173121,1,INITIATED,1789016143582
2173121,2,VALIDATED,1789016143586
2173121,3,PROCESSED,1789016143589
2173122,1,INITIATED,1789016143601
2173122,2,VALIDATED,1789016143605
2173122,3,PROCESSED,1789016143609
2173123,1,INITIATED,1789016143622
2173123,2,VALIDATED,1789016143625
2173123,3,PROCESSED,1789016143628
2173124,1,INITIATED,1789016143641
2173124,2,VALIDATED,1789016143644
2173124,3,PROCESSED,1789016143647
2173125,1,INITIATED,1789016143661
2173125,2,VALIDATED,1789016143664
2173125,3,PROCESSED,1789016143667
2173126,1,INITIATED,1789016143680
2173126,2,VALIDATED,1789016143684
2173126,3,PROCESSED,1789016143688
2173127,1,INITIATED,1789016143701
2173127,2,VALIDATED,1789016143705
2173127,3,PROCESSED,1789016143709
2173128,1,INITIATED,1789016143721
2173128,2,VALIDATED,1789016143724
2173128,3,PROCESSED,1789016143728
2173129,1,INITIATED,1789016143741
2173129,2,VALIDATED,1789016143744
2173129,3,PROCESSED,1789016143747
2173130,1,INITIATED,1789016143761
2173130,2,VALIDATED,1789016143765
2173130,3,PROCESSED,1789016143768
2173131,1,INITIATED,1789016143782
2173131,2,VALIDATED,1789016143785
2173131,3,PROCESSED,1789016143789
2173132,1,INITIATED,1789016143801
2173132,2,VALIDATED,1789016143804
2173132,3,PROCESSED,1789016143809
2173133,1,INITIATED,1789016143822
2173133,2,VALIDATED,1789016143825
2173133,3,REJECTED,1789016143828
2173134,1,INITIATED,1789016143842
2173134,2,VALIDATED,1789016143846
2173134,3,REJECTED,1789016143849
2173135,1,INITIATED,1789016143862
2173135,2,VALIDATED,1789016143865
2173135,3,REJECTED,1789016143868
2173136,1,INITIATED,1789016143881
2173136,2,VALIDATED,1789016143885
2173136,3,REJECTED,1789016143887
2173137,1,INITIATED,1789016143901
2173137,2,VALIDATED,1789016143905
2173137,3,PROCESSED,1789016143908
2173138,1,INITIATED,1789016143921
2173138,2,VALIDATED,1789016143924
2173138,3,PROCESSED,1789016143930
2173139,1,INITIATED,1789016143941
2173139,2,VALIDATED,1789016143944
2173139,3,PROCESSED,1789016143947
2173140,1,INITIATED,1789016143961
2173140,2,VALIDATED,1789016143964
2173140,3,PROCESSED,1789016144099
2173141,1,INITIATED,1789016143981
2173141,2,VALIDATED,1789016143984
2173141,3,PROCESSED,1789016144107
2173142,1,INITIATED,1789016144099
2173142,2,VALIDATED,1789016144104
2173142,3,PROCESSED,1789016144111
2173143,1,INITIATED,1789016144099
2173143,2,VALIDATED,1789016144104
2173143,3,PROCESSED,1789016144110
2173144,1,INITIATED,1789016144099
2173144,2,VALIDATED,1789016144104
2173144,3,PROCESSED,1789016144110
2173145,1,INITIATED,1789016144099
2173145,2,VALIDATED,1789016144104
2173145,3,PROCESSED,1789016144111
2173146,1,INITIATED,1789016144099
2173146,2,VALIDATED,1789016144104
2173146,3,PROCESSED,1789016144111
2173147,1,INITIATED,1789016144102
2173147,2,VALIDATED,1789016144108
2173147,3,PROCESSED,1789016144213
2173148,1,INITIATED,1789016144121
2173148,2,VALIDATED,1789016144211
2173148,3,PROCESSED,1789016144245
2173149,1,INITIATED,1789016144209
2173149,2,VALIDATED,1789016144242
2173149,3,PROCESSED,1789016144248
2173150,1,INITIATED,1789016144209
2173150,2,VALIDATED,1789016144242
2173150,3,PROCESSED,1789016144248
2173151,1,INITIATED,1789016144209
2173151,2,VALIDATED,1789016144226
2173151,3,PROCESSED,1789016144245
2173152,1,INITIATED,1789016144209
2173152,2,VALIDATED,1789016144242
2173152,3,PROCESSED,1789016144248
2173153,1,INITIATED,1789016144221
2173153,2,VALIDATED,1789016144242
2173153,3,PROCESSED,1789016144248
2173154,1,INITIATED,1789016144242
2173154,2,VALIDATED,1789016144245
2173154,3,PROCESSED,1789016144251
2173155,1,INITIATED,1789016144261
2173155,2,VALIDATED,1789016144264
2173155,3,PROCESSED,1789016144268
2173156,1,INITIATED,1789016144281
2173156,2,VALIDATED,1789016144284
2173156,3,PROCESSED,1789016144288
2173157,1,INITIATED,1789016144301
2173157,2,VALIDATED,1789016144304
2173157,3,PROCESSED,1789016144308
2173158,1,INITIATED,1789016144320
2173158,2,VALIDATED,1789016144324
2173158,3,PROCESSED,1789016144327
2173159,1,INITIATED,1789016144341
2173159,2,VALIDATED,1789016144343
2173159,3,PROCESSED,1789016144346
2173160,1,INITIATED,1789016144362
2173160,2,VALIDATED,1789016144365
2173160,3,PROCESSED,1789016144369
2173161,1,INITIATED,1789016144381
2173161,2,VALIDATED,1789016144384
2173161,3,PROCESSED,1789016144388
2173162,1,INITIATED,1789016144401
2173162,2,VALIDATED,1789016144405
2173162,3,PROCESSED,1789016144409
2173163,1,INITIATED,1789016144421
2173163,2,VALIDATED,1789016144426
2173163,3,PROCESSED,1789016144429
2173164,1,INITIATED,1789016144441
2173164,2,VALIDATED,1789016144446
2173164,3,PROCESSED,1789016144451
2173165,1,INITIATED,1789016144461
2173165,2,VALIDATED,1789016144465
2173165,3,PROCESSED,1789016144468
2173166,1,INITIATED,1789016144481
2173166,2,VALIDATED,1789016144485
2173166,3,PROCESSED,1789016144489
2173167,1,INITIATED,1789016144501
2173167,2,VALIDATED,1789016144505
2173167,3,PROCESSED,1789016144509
2173168,1,INITIATED,1789016144521
2173168,2,VALIDATED,1789016144525
2173168,3,PROCESSED,1789016144531
2173169,1,INITIATED,1789016144541
2173169,2,VALIDATED,1789016144544
2173169,3,PROCESSED,1789016144547
2173170,1,INITIATED,1789016144561
2173170,2,VALIDATED,1789016144564
2173170,3,PROCESSED,1789016144583
2173171,1,INITIATED,1789016144581
2173171,2,VALIDATED,1789016144584
2173171,3,PROCESSED,1789016144587
2173172,1,INITIATED,1789016144601
2173172,2,VALIDATED,1789016144604
2173172,3,PROCESSED,1789016144608
2173173,1,INITIATED,1789016144621
2173173,2,VALIDATED,1789016144626
2173173,3,PROCESSED,1789016144629
2173174,1,INITIATED,1789016144643
2173174,2,VALIDATED,1789016144648
2173174,3,PROCESSED,1789016144655
2173175,1,INITIATED,1789016144661
2173175,2,VALIDATED,1789016144664
2173175,3,PROCESSED,1789016144668
2173176,1,INITIATED,1789016144681
2173176,2,VALIDATED,1789016144685
2173176,3,PROCESSED,1789016144690
2173177,1,INITIATED,1789016144702
2173177,2,VALIDATED,1789016144705
2173177,3,PROCESSED,1789016144709
2173178,1,INITIATED,1789016144721
2173178,2,VALIDATED,1789016144725
2173178,3,PROCESSED,1789016144728
2173179,1,INITIATED,1789016144741
2173179,2,VALIDATED,1789016144745
2173179,3,PROCESSED,1789016144750
2173180,1,INITIATED,1789016144761
2173180,2,VALIDATED,1789016144765
2173180,3,PROCESSED,1789016144768
2173181,1,INITIATED,1789016144781
2173181,2,VALIDATED,1789016144784
2173181,3,PROCESSED,1789016144787
2173182,1,INITIATED,1789016144801
2173182,2,VALIDATED,1789016144804
2173182,3,PROCESSED,1789016144808
2173183,1,INITIATED,1789016144821
2173183,2,VALIDATED,1789016144825
2173183,3,PROCESSED,1789016144830
2173184,1,INITIATED,1789016144841
2173184,2,VALIDATED,1789016144845
2173184,3,PROCESSED,1789016144849
2173185,1,INITIATED,1789016144861
2173185,2,VALIDATED,1789016144865
2173185,3,PROCESSED,1789016144868
2173186,1,INITIATED,1789016144882
2173186,2,VALIDATED,1789016144885
2173186,3,PROCESSED,1789016144889
2173187,1,INITIATED,1789016144902
2173187,2,VALIDATED,1789016144906
2173187,3,PROCESSED,1789016144910
2173188,1,INITIATED,1789016144921
2173188,2,VALIDATED,1789016144924
2173188,3,PROCESSED,1789016144928
2173189,1,INITIATED,1789016144941
2173189,2,VALIDATED,1789016144945
2173189,3,PROCESSED,1789016144949
2173190,1,INITIATED,1789016144961
2173190,2,VALIDATED,1789016144964
2173190,3,PROCESSED,1789016144969
2173191,1,INITIATED,1789016144981
2173191,2,VALIDATED,1789016144984
2173191,3,PROCESSED,1789016144989
2173192,1,INITIATED,1789016145002
2173192,2,VALIDATED,1789016145005
2173192,3,PROCESSED,1789016145010
2173193,1,INITIATED,1789016145022
2173193,2,VALIDATED,1789016145027
2173193,3,PROCESSED,1789016145032
2173194,1,INITIATED,1789016145042
2173194,2,VALIDATED,1789016145052
2173194,3,PROCESSED,1789016145068
2173195,1,INITIATED,1789016145062
2173195,2,VALIDATED,1789016145067
2173195,3,PROCESSED,1789016145085
2173196,1,INITIATED,1789016145082
2173196,2,VALIDATED,1789016145085
2173196,3,PROCESSED,1789016145104
2173197,1,INITIATED,1789016145102
2173197,2,VALIDATED,1789016145106
2173197,3,PROCESSED,1789016145111
2173198,1,INITIATED,1789016145298
2173198,2,VALIDATED,1789016145315
2173198,3,PROCESSED,1789016145406
2173199,1,INITIATED,1789016145297
2173199,2,VALIDATED,1789016145302
2173199,3,PROCESSED,1789016145405
2173200,1,INITIATED,1789016145297
2173200,2,VALIDATED,1789016145302
2173200,3,PROCESSED,1789016145405
2173201,1,INITIATED,1789016145298
2173201,2,VALIDATED,1789016145316
2173201,3,PROCESSED,1789016145405
2173202,1,INITIATED,1789016145297
2173202,2,VALIDATED,1789016145302
2173202,3,PROCESSED,1789016145404
2173203,1,INITIATED,1789016145298
2173203,2,VALIDATED,1789016145315
2173203,3,PROCESSED,1789016145405
2173204,1,INITIATED,1789016145297
2173204,2,VALIDATED,1789016145302
2173204,3,PROCESSED,1789016145405
2173205,1,INITIATED,1789016145296
2173205,2,VALIDATED,1789016145302
2173205,3,PROCESSED,1789016145404
2173206,1,INITIATED,1789016145297
2173206,2,VALIDATED,1789016145302
2173206,3,PROCESSED,1789016145404
2173207,1,INITIATED,1789016145302
2173207,2,VALIDATED,1789016145402
2173207,3,PROCESSED,1789016145420
2173208,1,INITIATED,1789016145322
2173208,2,VALIDATED,1789016145403
2173208,3,PROCESSED,1789016145421
2173209,1,INITIATED,1789016145342
2173209,2,VALIDATED,1789016145403
2173209,3,PROCESSED,1789016145420
2173210,1,INITIATED,1789016145361
2173210,2,VALIDATED,1789016145402
2173210,3,PROCESSED,1789016145420
2173211,1,INITIATED,1789016145383
2173211,2,VALIDATED,1789016145405
2173211,3,PROCESSED,1789016145420
2173212,1,INITIATED,1789016145402
2173212,2,VALIDATED,1789016145418
2173212,3,PROCESSED,1789016145423
2173213,1,INITIATED,1789016145421
2173213,2,VALIDATED,1789016145425
2173213,3,PROCESSED,1789016145430
2173214,1,INITIATED,1789016145441
2173214,2,VALIDATED,1789016145446
2173214,3,PROCESSED,1789016145451
2173215,1,INITIATED,1789016145462
2173215,2,VALIDATED,1789016145467
2173215,3,PROCESSED,1789016145471
2173216,1,INITIATED,1789016145483
2173216,2,VALIDATED,1789016145488
2173216,3,PROCESSED,1789016145494
2173217,1,INITIATED,1789016145501
2173217,2,VALIDATED,1789016145506
2173217,3,PROCESSED,1789016145512
2173218,1,INITIATED,1789016145522
2173218,2,VALIDATED,1789016145526
2173218,3,PROCESSED,1789016145532
2173219,1,INITIATED,1789016145542
2173219,2,VALIDATED,1789016145546
2173219,3,PROCESSED,1789016145552
2173220,1,INITIATED,1789016145562
2173220,2,VALIDATED,1789016145566
2173220,3,PROCESSED,1789016145571
2173221,1,INITIATED,1789016145582
2173221,2,VALIDATED,1789016145589
2173221,3,PROCESSED,1789016145593
2173222,1,INITIATED,1789016145601
2173222,2,VALIDATED,1789016145605
2173222,3,PROCESSED,1789016145610
2173223,1,INITIATED,1789016145621
2173223,2,VALIDATED,1789016145625
2173223,3,PROCESSED,1789016145630
2173224,1,INITIATED,1789016145642
2173224,2,VALIDATED,1789016145647
2173224,3,PROCESSED,1789016145653
2173225,1,INITIATED,1789016145662
2173225,2,VALIDATED,1789016145666
2173225,3,PROCESSED,1789016145670
2173226,1,INITIATED,1789016145681
2173226,2,VALIDATED,1789016145687
2173226,3,PROCESSED,1789016145693
2173227,1,INITIATED,1789016145701
2173227,2,VALIDATED,1789016145704
2173227,3,PROCESSED,1789016145710
2173228,1,INITIATED,1789016145722
2173228,2,VALIDATED,1789016145726
2173228,3,PROCESSED,1789016145731
2173229,1,INITIATED,1789016145741
2173229,2,VALIDATED,1789016145745
2173229,3,PROCESSED,1789016145762
2173230,1,INITIATED,1789016145760
2173230,2,VALIDATED,1789016145764
2173230,3,PROCESSED,1789016145768
2173231,1,INITIATED,1789016145781
2173231,2,VALIDATED,1789016145784
2173231,3,PROCESSED,1789016145789
2173232,1,INITIATED,1789016145802
2173232,2,VALIDATED,1789016145805
2173232,3,PROCESSED,1789016145809
2173233,1,INITIATED,1789016145821
2173233,2,VALIDATED,1789016145825
2173233,3,REJECTED,1789016145827
2173234,1,INITIATED,1789016145841
2173234,2,VALIDATED,1789016145845
2173234,3,REJECTED,1789016145848
2173235,1,INITIATED,1789016145862
2173235,2,VALIDATED,1789016145865
2173235,3,REJECTED,1789016145867
2173236,1,INITIATED,1789016145881
2173236,2,VALIDATED,1789016145885
2173236,3,REJECTED,1789016145887
2173237,1,INITIATED,1789016145901
2173237,2,VALIDATED,1789016145904
2173237,3,PROCESSED,1789016145908
2173238,1,INITIATED,1789016145921
2173238,2,VALIDATED,1789016145926
2173238,3,PROCESSED,1789016145929
2173239,1,INITIATED,1789016145941
2173239,2,VALIDATED,1789016145945
2173239,3,PROCESSED,1789016145950
2173240,1,INITIATED,1789016145961
2173240,2,VALIDATED,1789016145966
2173240,3,PROCESSED,1789016145970
2173241,1,INITIATED,1789016145981
2173241,2,VALIDATED,1789016145984
2173241,3,PROCESSED,1789016145988
2173242,1,INITIATED,1789016146001
2173242,2,VALIDATED,1789016146004
2173242,3,PROCESSED,1789016146007
2173243,1,INITIATED,1789016146021
2173243,2,VALIDATED,1789016146024
2173243,3,PROCESSED,1789016146027
2173244,1,INITIATED,1789016146040
2173244,2,VALIDATED,1789016146043
2173244,3,PROCESSED,1789016146048
2173245,1,INITIATED,1789016146062
2173245,2,VALIDATED,1789016146066
2173245,3,PROCESSED,1789016146069
2173246,1,INITIATED,1789016146082
2173246,2,VALIDATED,1789016146085
2173246,3,PROCESSED,1789016146088
2173247,1,INITIATED,1789016146102
2173247,2,VALIDATED,1789016146105
2173247,3,PROCESSED,1789016146110
2173248,1,INITIATED,1789016146121
2173248,2,VALIDATED,1789016146384
2173248,3,PROCESSED,1789016146418
2173249,1,INITIATED,1789016146383
2173249,2,VALIDATED,1789016146401
2173249,3,PROCESSED,1789016146491
2173250,1,INITIATED,1789016146385
2173250,2,VALIDATED,1789016146417
2173250,3,PROCESSED,1789016146494
2173251,1,INITIATED,1789016146385
2173251,2,VALIDATED,1789016146417
2173251,3,PROCESSED,1789016146496
2173252,1,INITIATED,1789016146385
2173252,2,VALIDATED,1789016146418
2173252,3,PROCESSED,1789016146493
2173253,1,INITIATED,1789016146385
2173253,2,VALIDATED,1789016146416
2173253,3,PROCESSED,1789016146494
2173254,1,INITIATED,1789016146384
2173254,2,VALIDATED,1789016146417
2173254,3,PROCESSED,1789016146493
2173255,1,INITIATED,1789016146384
2173255,2,VALIDATED,1789016146417
2173255,3,PROCESSED,1789016146491
2173256,1,INITIATED,1789016146385
2173256,2,VALIDATED,1789016146418
2173256,3,PROCESSED,1789016146496
2173257,1,INITIATED,1789016146385
2173257,2,VALIDATED,1789016146417
2173257,3,PROCESSED,1789016146494
2173258,1,INITIATED,1789016146383
2173258,2,VALIDATED,1789016146416
2173258,3,PROCESSED,1789016146493
2173259,1,INITIATED,1789016146384
2173259,2,VALIDATED,1789016146416
2173259,3,PROCESSED,1789016146493
2173260,1,INITIATED,1789016146385
2173260,2,VALIDATED,1789016146418
2173260,3,PROCESSED,1789016146493
2173261,1,INITIATED,1789016146383
2173261,2,VALIDATED,1789016146416
2173261,3,PROCESSED,1789016146497
2173262,1,INITIATED,1789016146401
2173262,2,VALIDATED,1789016146486
2173262,3,PROCESSED,1789016146497
2173263,1,INITIATED,1789016146422
2173263,2,VALIDATED,1789016146487
2173263,3,PROCESSED,1789016146497
2173264,1,INITIATED,1789016146484
2173264,2,VALIDATED,1789016146494
2173264,3,PROCESSED,1789016146500
2173265,1,INITIATED,1789016146484
2173265,2,VALIDATED,1789016146494
2173265,3,PROCESSED,1789016146500
2173266,1,INITIATED,1789016146485
2173266,2,VALIDATED,1789016146492
2173266,3,PROCESSED,1789016146499
2173267,1,INITIATED,1789016146501
2173267,2,VALIDATED,1789016146504
2173267,3,PROCESSED,1789016146509
2173268,1,INITIATED,1789016146522
2173268,2,VALIDATED,1789016146525
2173268,3,PROCESSED,1789016146529
2173269,1,INITIATED,1789016146542
2173269,2,VALIDATED,1789016146546
2173269,3,PROCESSED,1789016146550
2173270,1,INITIATED,1789016146561
2173270,2,VALIDATED,1789016146564
2173270,3,PROCESSED,1789016146567
2173271,1,INITIATED,1789016146581
2173271,2,VALIDATED,1789016146598
2173271,3,PROCESSED,1789016146602
2173272,1,INITIATED,1789016146601
2173272,2,VALIDATED,1789016146605
2173272,3,PROCESSED,1789016146610
2173273,1,INITIATED,1789016146622
2173273,2,VALIDATED,1789016146627
2173273,3,PROCESSED,1789016146632
2173274,1,INITIATED,1789016146641
2173274,2,VALIDATED,1789016146644
2173274,3,PROCESSED,1789016146647
2173275,1,INITIATED,1789016146661
2173275,2,VALIDATED,1789016146664
2173275,3,PROCESSED,1789016146667
2173276,1,INITIATED,1789016146681
2173276,2,VALIDATED,1789016146684
2173276,3,PROCESSED,1789016146687
2173277,1,INITIATED,1789016146701
2173277,2,VALIDATED,1789016146704
2173277,3,PROCESSED,1789016146707
2173278,1,INITIATED,1789016146721
2173278,2,VALIDATED,1789016146725
2173278,3,PROCESSED,1789016146728
2173279,1,INITIATED,1789016146741
2173279,2,VALIDATED,1789016146744
2173279,3,PROCESSED,1789016146748
2173280,1,INITIATED,1789016146761
2173280,2,VALIDATED,1789016146778
2173280,3,PROCESSED,1789016146781
2173281,1,INITIATED,1789016146781
2173281,2,VALIDATED,1789016146783
2173281,3,PROCESSED,1789016146786
2173282,1,INITIATED,1789016146802
2173282,2,VALIDATED,1789016146806
2173282,3,PROCESSED,1789016146809
2173283,1,INITIATED,1789016146821
2173283,2,VALIDATED,1789016146825
2173283,3,PROCESSED,1789016146829
2173284,1,INITIATED,1789016146841
2173284,2,VALIDATED,1789016146845
2173284,3,PROCESSED,1789016146850
2173285,1,INITIATED,1789016146862
2173285,2,VALIDATED,1789016146865
2173285,3,PROCESSED,1789016146869
2173286,1,INITIATED,1789016146881
2173286,2,VALIDATED,1789016146885
2173286,3,PROCESSED,1789016146888
2173287,1,INITIATED,1789016146901
2173287,2,VALIDATED,1789016146904
2173287,3,PROCESSED,1789016146906
2173288,1,INITIATED,1789016146921
2173288,2,VALIDATED,1789016146924
2173288,3,PROCESSED,1789016146927
2173289,1,INITIATED,1789016146940
2173289,2,VALIDATED,1789016146944
2173289,3,PROCESSED,1789016146947
2173290,1,INITIATED,1789016146961
2173290,2,VALIDATED,1789016146964
2173290,3,PROCESSED,1789016146967
2173291,1,INITIATED,1789016146982
2173291,2,VALIDATED,1789016146985
2173291,3,PROCESSED,1789016146988
2173292,1,INITIATED,1789016147001
2173292,2,VALIDATED,1789016147004
2173292,3,PROCESSED,1789016147007
2173293,1,INITIATED,1789016147021
2173293,2,VALIDATED,1789016147023
2173293,3,PROCESSED,1789016147026
2173294,1,INITIATED,1789016147042
2173294,2,VALIDATED,1789016147047
2173294,3,PROCESSED,1789016147052
2173295,1,INITIATED,1789016147061
2173295,2,VALIDATED,1789016147065
2173295,3,PROCESSED,1789016147071
2173296,1,INITIATED,1789016147082
2173296,2,VALIDATED,1789016147084
2173296,3,PROCESSED,1789016147088
2173297,1,INITIATED,1789016147102
2173297,2,VALIDATED,1789016147105
2173297,3,PROCESSED,1789016147109
2173298,1,INITIATED,1789016147122
2173298,2,VALIDATED,1789016147156
2173298,3,PROCESSED,1789016147185
2173299,1,INITIATED,1789016147153
2173299,2,VALIDATED,1789016147184
2173299,3,PROCESSED,1789016147188
2173300,1,INITIATED,1789016147162
2173300,2,VALIDATED,1789016147184
2173300,3,PROCESSED,1789016147188
2173301,1,INITIATED,1789016147182
2173301,2,VALIDATED,1789016147185
2173301,3,PROCESSED,1789016147188
2173302,1,INITIATED,1789016147202
2173302,2,VALIDATED,1789016147204
2173302,3,PROCESSED,1789016147208
2173303,1,INITIATED,1789016147221
2173303,2,VALIDATED,1789016147224
2173303,3,PROCESSED,1789016147227
2173304,1,INITIATED,1789016147415
2173304,2,VALIDATED,1789016147421
2173304,3,PROCESSED,1789016147427
2173305,1,INITIATED,1789016147415
2173305,2,VALIDATED,1789016147420
2173305,3,PROCESSED,1789016147427
2173306,1,INITIATED,1789016147415
2173306,2,VALIDATED,1789016147420
2173306,3,PROCESSED,1789016147427
2173307,1,INITIATED,1789016147415
2173307,2,VALIDATED,1789016147421
2173307,3,PROCESSED,1789016147427
2173308,1,INITIATED,1789016147415
2173308,2,VALIDATED,1789016147421
2173308,3,PROCESSED,1789016147427
2173309,1,INITIATED,1789016147415
2173309,2,VALIDATED,1789016147420
2173309,3,PROCESSED,1789016147427
2173310,1,INITIATED,1789016147415
2173310,2,VALIDATED,1789016147420
2173310,3,PROCESSED,1789016147428
2173311,1,INITIATED,1789016147415
2173311,2,VALIDATED,1789016147420
2173311,3,PROCESSED,1789016147427
2173312,1,INITIATED,1789016147415
2173312,2,VALIDATED,1789016147421
2173312,3,PROCESSED,1789016147428
2173313,1,INITIATED,1789016147422
2173313,2,VALIDATED,1789016147427
2173313,3,PROCESSED,1789016147446
2173314,1,INITIATED,1789016147442
2173314,2,VALIDATED,1789016147500
2173314,3,PROCESSED,1789016147517
2173315,1,INITIATED,1789016147462
2173315,2,VALIDATED,1789016147500
2173315,3,PROCESSED,1789016147517
2173316,1,INITIATED,1789016147481
2173316,2,VALIDATED,1789016147500
2173316,3,PROCESSED,1789016147517
2173317,1,INITIATED,1789016147501
2173317,2,VALIDATED,1789016147515
2173317,3,PROCESSED,1789016147520
2173318,1,INITIATED,1789016147521
2173318,2,VALIDATED,1789016147525
2173318,3,PROCESSED,1789016147528
2173319,1,INITIATED,1789016147541
2173319,2,VALIDATED,1789016147544
2173319,3,PROCESSED,1789016147548
2173320,1,INITIATED,1789016147561
2173320,2,VALIDATED,1789016147564
2173320,3,PROCESSED,1789016147569
2173321,1,INITIATED,1789016147581
2173321,2,VALIDATED,1789016147586
2173321,3,PROCESSED,1789016147590
2173322,1,INITIATED,1789016147602
2173322,2,VALIDATED,1789016147606
2173322,3,PROCESSED,1789016147611
2173323,1,INITIATED,1789016147621
2173323,2,VALIDATED,1789016147625
2173323,3,PROCESSED,1789016147629
2173324,1,INITIATED,1789016147642
2173324,2,VALIDATED,1789016147645
2173324,3,PROCESSED,1789016147648
2173325,1,INITIATED,1789016147662
2173325,2,VALIDATED,1789016147665
2173325,3,PROCESSED,1789016147668
2173326,1,INITIATED,1789016147681
2173326,2,VALIDATED,1789016147685
2173326,3,PROCESSED,1789016147688
2173327,1,INITIATED,1789016147702
2173327,2,VALIDATED,1789016147711
2173327,3,PROCESSED,1789016147716
2173328,1,INITIATED,1789016147721
2173328,2,VALIDATED,1789016147724
2173328,3,PROCESSED,1789016147727
2173329,1,INITIATED,1789016147741
2173329,2,VALIDATED,1789016147745
2173329,3,PROCESSED,1789016147750
2173330,1,INITIATED,1789016147762
2173330,2,VALIDATED,1789016147765
2173330,3,PROCESSED,1789016147769
2173331,1,INITIATED,1789016147781
2173331,2,VALIDATED,1789016147784
2173331,3,PROCESSED,1789016147787
2173332,1,INITIATED,1789016147801
2173332,2,VALIDATED,1789016147804
2173332,3,PROCESSED,1789016147808
2173333,1,INITIATED,1789016147821
2173333,2,VALIDATED,1789016147824
2173333,3,REJECTED,1789016147826
2173334,1,INITIATED,1789016147841
2173334,2,VALIDATED,1789016147845
2173334,3,REJECTED,1789016147847
2173335,1,INITIATED,1789016147861
2173335,2,VALIDATED,1789016147864
2173335,3,REJECTED,1789016147866
2173336,1,INITIATED,1789016147881
2173336,2,VALIDATED,1789016147884
2173336,3,REJECTED,1789016147886
2173337,1,INITIATED,1789016147901
2173337,2,VALIDATED,1789016147904
2173337,3,PROCESSED,1789016147907
2173338,1,INITIATED,1789016147921
2173338,2,VALIDATED,1789016147925
2173338,3,PROCESSED,1789016147930
2173339,1,INITIATED,1789016147941
2173339,2,VALIDATED,1789016147945
2173339,3,PROCESSED,1789016147948
2173340,1,INITIATED,1789016147961
2173340,2,VALIDATED,1789016147964
2173340,3,PROCESSED,1789016147984
2173341,1,INITIATED,1789016147982
2173341,2,VALIDATED,1789016147986
2173341,3,PROCESSED,1789016147989
2173342,1,INITIATED,1789016148001
2173342,2,VALIDATED,1789016148005
2173342,3,PROCESSED,1789016148010
2173343,1,INITIATED,1789016148022
2173343,2,VALIDATED,1789016148025
2173343,3,PROCESSED,1789016148029
2173344,1,INITIATED,1789016148041
2173344,2,VALIDATED,1789016148045
2173344,3,PROCESSED,1789016148050
2173345,1,INITIATED,1789016148061
2173345,2,VALIDATED,1789016148065
2173345,3,PROCESSED,1789016148069
2173346,1,INITIATED,1789016148082
2173346,2,VALIDATED,1789016148085
2173346,3,PROCESSED,1789016148090
2173347,1,INITIATED,1789016148101
2173347,2,VALIDATED,1789016148105
2173347,3,PROCESSED,1789016148110
2173348,1,INITIATED,1789016148122
2173348,2,VALIDATED,1789016148166
2173348,3,PROCESSED,1789016148183
2173349,1,INITIATED,1789016148163
2173349,2,VALIDATED,1789016148166
2173349,3,PROCESSED,1789016148184
2173350,1,INITIATED,1789016148163
2173350,2,VALIDATED,1789016148166
2173350,3,PROCESSED,1789016148184
2173351,1,INITIATED,1789016148181
2173351,2,VALIDATED,1789016148184
2173351,3,PROCESSED,1789016148188
2173352,1,INITIATED,1789016148202
2173352,2,VALIDATED,1789016148204
2173352,3,PROCESSED,1789016148208
2173353,1,INITIATED,1789016148221
2173353,2,VALIDATED,1789016148225
2173353,3,PROCESSED,1789016148228
2173354,1,INITIATED,1789016148241
2173354,2,VALIDATED,1789016148244
2173354,3,PROCESSED,1789016148247
2173355,1,INITIATED,1789016148261
2173355,2,VALIDATED,1789016148264
2173355,3,PROCESSED,1789016148267
2173356,1,INITIATED,1789016148281
2173356,2,VALIDATED,1789016148286
2173356,3,PROCESSED,1789016148313
2173357,1,INITIATED,1789016148302
2173357,2,VALIDATED,1789016148311
2173357,3,PROCESSED,1789016148316
2173358,1,INITIATED,1789016148321
2173358,2,VALIDATED,1789016148324
2173358,3,PROCESSED,1789016148328
2173359,1,INITIATED,1789016148341
2173359,2,VALIDATED,1789016148345
2173359,3,PROCESSED,1789016148349
2173360,1,INITIATED,1789016148361
2173360,2,VALIDATED,1789016148364
2173360,3,PROCESSED,1789016148367
2173361,1,INITIATED,1789016148381
2173361,2,VALIDATED,1789016148384
2173361,3,PROCESSED,1789016148387
2173362,1,INITIATED,1789016148402
2173362,2,VALIDATED,1789016148405
2173362,3,PROCESSED,1789016148409
2173363,1,INITIATED,1789016148421
2173363,2,VALIDATED,1789016148425
2173363,3,PROCESSED,1789016148429
2173364,1,INITIATED,1789016148441
2173364,2,VALIDATED,1789016148445
2173364,3,PROCESSED,1789016148448
2173365,1,INITIATED,1789016148460
2173365,2,VALIDATED,1789016148464
2173365,3,PROCESSED,1789016148467
2173366,1,INITIATED,1789016148481
2173366,2,VALIDATED,1789016148485
2173366,3,PROCESSED,1789016148488
2173367,1,INITIATED,1789016148502
2173367,2,VALIDATED,1789016148506
2173367,3,PROCESSED,1789016148510
2173368,1,INITIATED,1789016148522
2173368,2,VALIDATED,1789016148525
2173368,3,PROCESSED,1789016148528
2173369,1,INITIATED,1789016148541
2173369,2,VALIDATED,1789016148545
2173369,3,PROCESSED,1789016148549
2173370,1,INITIATED,1789016148561
2173370,2,VALIDATED,1789016148577
2173370,3,PROCESSED,1789016148581
2173371,1,INITIATED,1789016148581
2173371,2,VALIDATED,1789016148583
2173371,3,PROCESSED,1789016148586
2173372,1,INITIATED,1789016148602
2173372,2,VALIDATED,1789016148605
2173372,3,PROCESSED,1789016148609
2173373,1,INITIATED,1789016148622
2173373,2,VALIDATED,1789016148627
2173373,3,PROCESSED,1789016148631
2173374,1,INITIATED,1789016148641
2173374,2,VALIDATED,1789016148645
2173374,3,PROCESSED,1789016148651
2173375,1,INITIATED,1789016148662
2173375,2,VALIDATED,1789016148665
2173375,3,PROCESSED,1789016148669
2173376,1,INITIATED,1789016148681
2173376,2,VALIDATED,1789016148685
2173376,3,PROCESSED,1789016148689
2173377,1,INITIATED,1789016148702
2173377,2,VALIDATED,1789016148705
2173377,3,PROCESSED,1789016148709
2173378,1,INITIATED,1789016148721
2173378,2,VALIDATED,1789016148725
2173378,3,PROCESSED,1789016148729
2173379,1,INITIATED,1789016148741
2173379,2,VALIDATED,1789016148745
2173379,3,PROCESSED,1789016148748
2173380,1,INITIATED,1789016148761
2173380,2,VALIDATED,1789016148764
2173380,3,PROCESSED,1789016148768
2173381,1,INITIATED,1789016148781
2173381,2,VALIDATED,1789016148785
2173381,3,PROCESSED,1789016148789
2173382,1,INITIATED,1789016148801
2173382,2,VALIDATED,1789016148804
2173382,3,PROCESSED,1789016148823
2173383,1,INITIATED,1789016148821
2173383,2,VALIDATED,1789016148824
2173383,3,PROCESSED,1789016148828
2173384,1,INITIATED,1789016148841
2173384,2,VALIDATED,1789016148845
2173384,3,PROCESSED,1789016148849
2173385,1,INITIATED,1789016148862
2173385,2,VALIDATED,1789016148865
2173385,3,PROCESSED,1789016148869
2173386,1,INITIATED,1789016148882
2173386,2,VALIDATED,1789016148885
2173386,3,PROCESSED,1789016148888
2173387,1,INITIATED,1789016148901
2173387,2,VALIDATED,1789016148905
2173387,3,PROCESSED,1789016148909
2173388,1,INITIATED,1789016148921
2173388,2,VALIDATED,1789016148925
2173388,3,PROCESSED,1789016148928
2173389,1,INITIATED,1789016148941
2173389,2,VALIDATED,1789016148944
2173389,3,PROCESSED,1789016148949
2173390,1,INITIATED,1789016148961
2173390,2,VALIDATED,1789016148965
2173390,3,PROCESSED,1789016148969
2173391,1,INITIATED,1789016148981
2173391,2,VALIDATED,1789016148984
2173391,3,PROCESSED,1789016148988
2173392,1,INITIATED,1789016149001
2173392,2,VALIDATED,1789016149004
2173392,3,PROCESSED,1789016149008
2173393,1,INITIATED,1789016149021
2173393,2,VALIDATED,1789016149024
2173393,3,PROCESSED,1789016149027
2173394,1,INITIATED,1789016149041
2173394,2,VALIDATED,1789016149045
2173394,3,PROCESSED,1789016149048
2173395,1,INITIATED,1789016149061
2173395,2,VALIDATED,1789016149065
2173395,3,PROCESSED,1789016149069
2173396,1,INITIATED,1789016149082
2173396,2,VALIDATED,1789016149088
2173396,3,PROCESSED,1789016149092
2173397,1,INITIATED,1789016149101
2173397,2,VALIDATED,1789016149103
2173397,3,PROCESSED,1789016149107
2173398,1,INITIATED,1789016149387
2173398,2,VALIDATED,1789016149434
2173398,3,PROCESSED,1789016149535
2173399,1,INITIATED,1789016149387
2173399,2,VALIDATED,1789016149527
2173399,3,PROCESSED,1789016149539
2173400,1,INITIATED,1789016149386
2173400,2,VALIDATED,1789016149435
2173400,3,PROCESSED,1789016149534
2173401,1,INITIATED,1789016149387
2173401,2,VALIDATED,1789016149433
2173401,3,PROCESSED,1789016149532
2173402,1,INITIATED,1789016149386
2173402,2,VALIDATED,1789016149434
2173402,3,PROCESSED,1789016149534
2173403,1,INITIATED,1789016149387
2173403,2,VALIDATED,1789016149434
2173403,3,PROCESSED,1789016149535
2173404,1,INITIATED,1789016149386
2173404,2,VALIDATED,1789016149434
2173404,3,PROCESSED,1789016149535
2173405,1,INITIATED,1789016149386
2173405,2,VALIDATED,1789016149524
2173405,3,PROCESSED,1789016149536
2173406,1,INITIATED,1789016149388
2173406,2,VALIDATED,1789016149527
2173406,3,PROCESSED,1789016149538
2173407,1,INITIATED,1789016149387
2173407,2,VALIDATED,1789016149434
2173407,3,PROCESSED,1789016149537
2173408,1,INITIATED,1789016149386
2173408,2,VALIDATED,1789016149434
2173408,3,PROCESSED,1789016149541
2173409,1,INITIATED,1789016149388
2173409,2,VALIDATED,1789016149527
2173409,3,PROCESSED,1789016149538
2173410,1,INITIATED,1789016149386
2173410,2,VALIDATED,1789016149434
2173410,3,PROCESSED,1789016149534
2173411,1,INITIATED,1789016149386
2173411,2,VALIDATED,1789016149524
2173411,3,PROCESSED,1789016149536
2173412,1,INITIATED,1789016149430
2173412,2,VALIDATED,1789016149529
2173412,3,PROCESSED,1789016149540
2173413,1,INITIATED,1789016149430
2173413,2,VALIDATED,1789016149529
2173413,3,PROCESSED,1789016149539
2173414,1,INITIATED,1789016149524
2173414,2,VALIDATED,1789016149533
2173414,3,PROCESSED,1789016149541
2173415,1,INITIATED,1789016149525
2173415,2,VALIDATED,1789016149532
2173415,3,PROCESSED,1789016149541
2173416,1,INITIATED,1789016149525
2173416,2,VALIDATED,1789016149535
2173416,3,PROCESSED,1789016149544
2173417,1,INITIATED,1789016149526
2173417,2,VALIDATED,1789016149536
2173417,3,PROCESSED,1789016149544
2173418,1,INITIATED,1789016149526
2173418,2,VALIDATED,1789016149533
2173418,3,PROCESSED,1789016149541
2173419,1,INITIATED,1789016149541
2173419,2,VALIDATED,1789016149556
2173419,3,PROCESSED,1789016149562
2173420,1,INITIATED,1789016149561
2173420,2,VALIDATED,1789016149564
2173420,3,PROCESSED,1789016149567
2173421,1,INITIATED,1789016149581
2173421,2,VALIDATED,1789016149584
2173421,3,PROCESSED,1789016149587
2173422,1,INITIATED,1789016149601
2173422,2,VALIDATED,1789016149605
2173422,3,PROCESSED,1789016149609
2173423,1,INITIATED,1789016149622
2173423,2,VALIDATED,1789016149626
2173423,3,PROCESSED,1789016149629
2173424,1,INITIATED,1789016149641
2173424,2,VALIDATED,1789016149645
2173424,3,PROCESSED,1789016149648
2173425,1,INITIATED,1789016149661
2173425,2,VALIDATED,1789016149664
2173425,3,PROCESSED,1789016149667
2173426,1,INITIATED,1789016149680
2173426,2,VALIDATED,1789016149684
2173426,3,PROCESSED,1789016149686
2173427,1,INITIATED,1789016149701
2173427,2,VALIDATED,1789016149704
2173427,3,PROCESSED,1789016149706
2173428,1,INITIATED,1789016149721
2173428,2,VALIDATED,1789016149723
2173428,3,PROCESSED,1789016149727
2173429,1,INITIATED,1789016149741
2173429,2,VALIDATED,1789016149745
2173429,3,PROCESSED,1789016149764
2173430,1,INITIATED,1789016149762
2173430,2,VALIDATED,1789016149765
2173430,3,PROCESSED,1789016149768
2173431,1,INITIATED,1789016149782
2173431,2,VALIDATED,1789016149785
2173431,3,PROCESSED,1789016149788
2173432,1,INITIATED,1789016149801
2173432,2,VALIDATED,1789016149804
2173432,3,PROCESSED,1789016149807
2173433,1,INITIATED,1789016149821
2173433,2,VALIDATED,1789016149824
2173433,3,REJECTED,1789016149826
2173434,1,INITIATED,1789016149841
2173434,2,VALIDATED,1789016149845
2173434,3,REJECTED,1789016149847
2173435,1,INITIATED,1789016149861
2173435,2,VALIDATED,1789016149865
2173435,3,REJECTED,1789016149868
2173436,1,INITIATED,1789016149881
2173436,2,VALIDATED,1789016149886
2173436,3,REJECTED,1789016149888
2173437,1,INITIATED,1789016149901
2173437,2,VALIDATED,1789016149904
2173437,3,PROCESSED,1789016149907
2173438,1,INITIATED,1789016149921
2173438,2,VALIDATED,1789016149924
2173438,3,PROCESSED,1789016149927
2173439,1,INITIATED,1789016149941
2173439,2,VALIDATED,1789016149944
2173439,3,PROCESSED,1789016149947
2173440,1,INITIATED,1789016149961
2173440,2,VALIDATED,1789016149964
2173440,3,PROCESSED,1789016149968
2173441,1,INITIATED,1789016149980
2173441,2,VALIDATED,1789016149984
2173441,3,PROCESSED,1789016149988
2173442,1,INITIATED,1789016150001
2173442,2,VALIDATED,1789016150005
2173442,3,PROCESSED,1789016150008
2173443,1,INITIATED,1789016150022
2173443,2,VALIDATED,1789016150040
2173443,3,PROCESSED,1789016150045
2173444,1,INITIATED,1789016150041
2173444,2,VALIDATED,1789016150044
2173444,3,PROCESSED,1789016150048
2173445,1,INITIATED,1789016150062
2173445,2,VALIDATED,1789016150065
2173445,3,PROCESSED,1789016150069
2173446,1,INITIATED,1789016150082
2173446,2,VALIDATED,1789016150085
2173446,3,PROCESSED,1789016150090
2173447,1,INITIATED,1789016150101
2173447,2,VALIDATED,1789016150106
2173447,3,PROCESSED,1789016150111
2173448,1,INITIATED,1789016150122
2173448,2,VALIDATED,1789016150320
2173448,3,PROCESSED,1789016150326
2173449,1,INITIATED,1789016150319
2173449,2,VALIDATED,1789016150324
2173449,3,PROCESSED,1789016150345
2173450,1,INITIATED,1789016150320
2173450,2,VALIDATED,1789016150324
2173450,3,PROCESSED,1789016150345
2173451,1,INITIATED,1789016150319
2173451,2,VALIDATED,1789016150325
2173451,3,PROCESSED,1789016150423
2173452,1,INITIATED,1789016150319
2173452,2,VALIDATED,1789016150324
2173452,3,PROCESSED,1789016150345
2173453,1,INITIATED,1789016150319
2173453,2,VALIDATED,1789016150324
2173453,3,PROCESSED,1789016150345
2173454,1,INITIATED,1789016150319
2173454,2,VALIDATED,1789016150323
2173454,3,PROCESSED,1789016150345
2173455,1,INITIATED,1789016150319
2173455,2,VALIDATED,1789016150324
2173455,3,PROCESSED,1789016150345
2173456,1,INITIATED,1789016150319
2173456,2,VALIDATED,1789016150325
2173456,3,PROCESSED,1789016150423
2173457,1,INITIATED,1789016150319
2173457,2,VALIDATED,1789016150324
2173457,3,PROCESSED,1789016150345
2173458,1,INITIATED,1789016150322
2173458,2,VALIDATED,1789016150343
2173458,3,PROCESSED,1789016150423
2173459,1,INITIATED,1789016150342
2173459,2,VALIDATED,1789016150421
2173459,3,PROCESSED,1789016150427
2173460,1,INITIATED,1789016150362
2173460,2,VALIDATED,1789016150421
2173460,3,PROCESSED,1789016150427
2173461,1,INITIATED,1789016150382
2173461,2,VALIDATED,1789016150421
2173461,3,PROCESSED,1789016150427
2173462,1,INITIATED,1789016150403
2173462,2,VALIDATED,1789016150421
2173462,3,PROCESSED,1789016150427
2173463,1,INITIATED,1789016150421
2173463,2,VALIDATED,1789016150426
2173463,3,PROCESSED,1789016150430
2173464,1,INITIATED,1789016150442
2173464,2,VALIDATED,1789016150446
2173464,3,PROCESSED,1789016150452
2173465,1,INITIATED,1789016150462
2173465,2,VALIDATED,1789016150467
2173465,3,PROCESSED,1789016150473
2173466,1,INITIATED,1789016150482
2173466,2,VALIDATED,1789016150486
2173466,3,PROCESSED,1789016150491
2173467,1,INITIATED,1789016150502
2173467,2,VALIDATED,1789016150507
2173467,3,PROCESSED,1789016150512
2173468,1,INITIATED,1789016150522
2173468,2,VALIDATED,1789016150526
2173468,3,PROCESSED,1789016150532
2173469,1,INITIATED,1789016150542
2173469,2,VALIDATED,1789016150546
2173469,3,PROCESSED,1789016150551
2173470,1,INITIATED,1789016150562
2173470,2,VALIDATED,1789016150566
2173470,3,PROCESSED,1789016150570
2173471,1,INITIATED,1789016150581
2173471,2,VALIDATED,1789016150585
2173471,3,PROCESSED,1789016150589
2173472,1,INITIATED,1789016150602
2173472,2,VALIDATED,1789016150609
2173472,3,PROCESSED,1789016150614
2173473,1,INITIATED,1789016150621
2173473,2,VALIDATED,1789016150625
2173473,3,PROCESSED,1789016150630
2173474,1,INITIATED,1789016150642
2173474,2,VALIDATED,1789016150646
2173474,3,PROCESSED,1789016150650
2173475,1,INITIATED,1789016150661
2173475,2,VALIDATED,1789016150665
2173475,3,PROCESSED,1789016150670
2173476,1,INITIATED,1789016150681
2173476,2,VALIDATED,1789016150686
2173476,3,PROCESSED,1789016150691
2173477,1,INITIATED,1789016150702
2173477,2,VALIDATED,1789016150705
2173477,3,PROCESSED,1789016150711
2173478,1,INITIATED,1789016150721
2173478,2,VALIDATED,1789016150725
2173478,3,PROCESSED,1789016150730
2173479,1,INITIATED,1789016150741
2173479,2,VALIDATED,1789016150746
2173479,3,PROCESSED,1789016150751
2173480,1,INITIATED,1789016150762
2173480,2,VALIDATED,1789016150766
2173480,3,PROCESSED,1789016150772
2173481,1,INITIATED,1789016150782
2173481,2,VALIDATED,1789016150786
2173481,3,PROCESSED,1789016150792
2173482,1,INITIATED,1789016150801
2173482,2,VALIDATED,1789016150805
2173482,3,PROCESSED,1789016150810
2173483,1,INITIATED,1789016150822
2173483,2,VALIDATED,1789016150825
2173483,3,PROCESSED,1789016150844
2173484,1,INITIATED,1789016150842
2173484,2,VALIDATED,1789016150845
2173484,3,PROCESSED,1789016150849
2173485,1,INITIATED,1789016150861
2173485,2,VALIDATED,1789016150865
2173485,3,PROCESSED,1789016150870
2173486,1,INITIATED,1789016150882
2173486,2,VALIDATED,1789016150885
2173486,3,PROCESSED,1789016150889
2173487,1,INITIATED,1789016150902
2173487,2,VALIDATED,1789016150905
2173487,3,PROCESSED,1789016150909
2173488,1,INITIATED,1789016150921
2173488,2,VALIDATED,1789016150924
2173488,3,PROCESSED,1789016150928
2173489,1,INITIATED,1789016150942
2173489,2,VALIDATED,1789016150945
2173489,3,PROCESSED,1789016150949
2173490,1,INITIATED,1789016150963
2173490,2,VALIDATED,1789016150968
2173490,3,PROCESSED,1789016150973
2173491,1,INITIATED,1789016150981
2173491,2,VALIDATED,1789016150985
2173491,3,PROCESSED,1789016150989
2173492,1,INITIATED,1789016151002
2173492,2,VALIDATED,1789016151006
2173492,3,PROCESSED,1789016151010
2173493,1,INITIATED,1789016151021
2173493,2,VALIDATED,1789016151025
2173493,3,PROCESSED,1789016151030
2173494,1,INITIATED,1789016151042
2173494,2,VALIDATED,1789016151047
2173494,3,PROCESSED,1789016151054
2173495,1,INITIATED,1789016151062
2173495,2,VALIDATED,1789016151066
2173495,3,PROCESSED,1789016151073
2173496,1,INITIATED,1789016151082
2173496,2,VALIDATED,1789016151096
2173496,3,PROCESSED,1789016151101
2173497,1,INITIATED,1789016151101
2173497,2,VALIDATED,1789016151105
2173497,3,PROCESSED,1789016151123
2173498,1,INITIATED,1789016151122
2173498,2,VALIDATED,1789016151175
2173498,3,PROCESSED,1789016151428
2173499,1,INITIATED,1789016151172
2173499,2,VALIDATED,1789016151426
2173499,3,PROCESSED,1789016151446
2173500,1,INITIATED,1789016151172
2173500,2,VALIDATED,1789016151427
2173500,3,PROCESSED,1789016151511
2173501,1,INITIATED,1789016151426
2173501,2,VALIDATED,1789016151525
2173501,3,PROCESSED,1789016151533
2173502,1,INITIATED,1789016151427
2173502,2,VALIDATED,1789016151509
2173502,3,PROCESSED,1789016151530
2173503,1,INITIATED,1789016151427
2173503,2,VALIDATED,1789016151509
2173503,3,PROCESSED,1789016151531
2173504,1,INITIATED,1789016151426
2173504,2,VALIDATED,1789016151445
2173504,3,PROCESSED,1789016151529
2173505,1,INITIATED,1789016151425
2173505,2,VALIDATED,1789016151445
2173505,3,PROCESSED,1789016151528
2173506,1,INITIATED,1789016151426
2173506,2,VALIDATED,1789016151509
2173506,3,PROCESSED,1789016151530
2173507,1,INITIATED,1789016151427
2173507,2,VALIDATED,1789016151509
2173507,3,PROCESSED,1789016151530
2173508,1,INITIATED,1789016151427
2173508,2,VALIDATED,1789016151508
2173508,3,PROCESSED,1789016151529
2173509,1,INITIATED,1789016151427
2173509,2,VALIDATED,1789016151509
2173509,3,PROCESSED,1789016151531
2173510,1,INITIATED,1789016151426
2173510,2,VALIDATED,1789016151509
2173510,3,PROCESSED,1789016151529
2173511,1,INITIATED,1789016151426
2173511,2,VALIDATED,1789016151508
2173511,3,PROCESSED,1789016151531
2173512,1,INITIATED,1789016151427
2173512,2,VALIDATED,1789016151509
2173512,3,PROCESSED,1789016151530
2173513,1,INITIATED,1789016151425
2173513,2,VALIDATED,1789016151445
2173513,3,PROCESSED,1789016151528
2173514,1,INITIATED,1789016151442
2173514,2,VALIDATED,1789016151525
2173514,3,PROCESSED,1789016151533
2173515,1,INITIATED,1789016151462
2173515,2,VALIDATED,1789016151525
2173515,3,PROCESSED,1789016151533
2173516,1,INITIATED,1789016151507
2173516,2,VALIDATED,1789016151527
2173516,3,PROCESSED,1789016151534
2173517,1,INITIATED,1789016151507
2173517,2,VALIDATED,1789016151527
2173517,3,PROCESSED,1789016151534
2173518,1,INITIATED,1789016151524
2173518,2,VALIDATED,1789016151531
2173518,3,PROCESSED,1789016151552
2173519,1,INITIATED,1789016151542
2173519,2,VALIDATED,1789016151550
2173519,3,PROCESSED,1789016151555
2173520,1,INITIATED,1789016151561
2173520,2,VALIDATED,1789016151565
2173520,3,PROCESSED,1789016151570
2173521,1,INITIATED,1789016151582
2173521,2,VALIDATED,1789016151587
2173521,3,PROCESSED,1789016151592
2173522,1,INITIATED,1789016151602
2173522,2,VALIDATED,1789016151606
2173522,3,PROCESSED,1789016151611
2173523,1,INITIATED,1789016151622
2173523,2,VALIDATED,1789016151626
2173523,3,PROCESSED,1789016151631
2173524,1,INITIATED,1789016151642
2173524,2,VALIDATED,1789016151647
2173524,3,PROCESSED,1789016151653
2173525,1,INITIATED,1789016151662
2173525,2,VALIDATED,1789016151667
2173525,3,PROCESSED,1789016151674
2173526,1,INITIATED,1789016151682
2173526,2,VALIDATED,1789016151686
2173526,3,PROCESSED,1789016151691
2173527,1,INITIATED,1789016151702
2173527,2,VALIDATED,1789016151713
2173527,3,PROCESSED,1789016151718
2173528,1,INITIATED,1789016151721
2173528,2,VALIDATED,1789016151725
2173528,3,PROCESSED,1789016151729
2173529,1,INITIATED,1789016151742
2173529,2,VALIDATED,1789016151747
2173529,3,PROCESSED,1789016151752
2173530,1,INITIATED,1789016151761
2173530,2,VALIDATED,1789016151765
2173530,3,PROCESSED,1789016151769
2173531,1,INITIATED,1789016151782
2173531,2,VALIDATED,1789016151786
2173531,3,PROCESSED,1789016151790
2173532,1,INITIATED,1789016151802
2173532,2,VALIDATED,1789016151807
2173532,3,PROCESSED,1789016151813
2173533,1,INITIATED,1789016151822
2173533,2,VALIDATED,1789016151826
2173533,3,REJECTED,1789016151830
2173534,1,INITIATED,1789016151842
2173534,2,VALIDATED,1789016151847
2173534,3,REJECTED,1789016151866
2173535,1,INITIATED,1789016151862
2173535,2,VALIDATED,1789016151866
2173535,3,REJECTED,1789016151870
2173536,1,INITIATED,1789016151882
2173536,2,VALIDATED,1789016151886
2173536,3,REJECTED,1789016151889
2173537,1,INITIATED,1789016151901
2173537,2,VALIDATED,1789016151905
2173537,3,PROCESSED,1789016151909
2173538,1,INITIATED,1789016151921
2173538,2,VALIDATED,1789016151925
2173538,3,PROCESSED,1789016151930
2173539,1,INITIATED,1789016151942
2173539,2,VALIDATED,1789016151946
2173539,3,PROCESSED,1789016151950
2173540,1,INITIATED,1789016151961
2173540,2,VALIDATED,1789016151965
2173540,3,PROCESSED,1789016151970
2173541,1,INITIATED,1789016151982
2173541,2,VALIDATED,1789016151986
2173541,3,PROCESSED,1789016151990
2173542,1,INITIATED,1789016152001
2173542,2,VALIDATED,1789016152005
2173542,3,PROCESSED,1789016152009
2173543,1,INITIATED,1789016152022
2173543,2,VALIDATED,1789016152026
2173543,3,PROCESSED,1789016152031
2173544,1,INITIATED,1789016152042
2173544,2,VALIDATED,1789016152046
2173544,3,PROCESSED,1789016152050
2173545,1,INITIATED,1789016152062
2173545,2,VALIDATED,1789016152065
2173545,3,PROCESSED,1789016152069
2173546,1,INITIATED,1789016152081
2173546,2,VALIDATED,1789016152086
2173546,3,PROCESSED,1789016152091
2173547,1,INITIATED,1789016152101
2173547,2,VALIDATED,1789016152105
2173547,3,PROCESSED,1789016152126
2173548,1,INITIATED,1789016152122
2173548,2,VALIDATED,1789016152160
2173548,3,PROCESSED,1789016152180
2173549,1,INITIATED,1789016152142
2173549,2,VALIDATED,1789016152178
2173549,3,PROCESSED,1789016152182
2173550,1,INITIATED,1789016152161
2173550,2,VALIDATED,1789016152178
2173550,3,PROCESSED,1789016152182
2173551,1,INITIATED,1789016152181
2173551,2,VALIDATED,1789016152184
2173551,3,PROCESSED,1789016152187
2173552,1,INITIATED,1789016152202
2173552,2,VALIDATED,1789016152215
2173552,3,PROCESSED,1789016152220
2173553,1,INITIATED,1789016152222
2173553,2,VALIDATED,1789016152224
2173553,3,PROCESSED,1789016152228
2173554,1,INITIATED,1789016152241
2173554,2,VALIDATED,1789016152245
2173554,3,PROCESSED,1789016152248
2173555,1,INITIATED,1789016152261
2173555,2,VALIDATED,1789016152265
2173555,3,PROCESSED,1789016152269
2173556,1,INITIATED,1789016152281
2173556,2,VALIDATED,1789016152285
2173556,3,PROCESSED,1789016152289
2173557,1,INITIATED,1789016152301
2173557,2,VALIDATED,1789016152304
2173557,3,PROCESSED,1789016152308
2173558,1,INITIATED,1789016152321
2173558,2,VALIDATED,1789016152327
2173558,3,PROCESSED,1789016152333
2173559,1,INITIATED,1789016152342
2173559,2,VALIDATED,1789016152345
2173559,3,PROCESSED,1789016152349
2173560,1,INITIATED,1789016152360
2173560,2,VALIDATED,1789016152363
2173560,3,PROCESSED,1789016152366
2173561,1,INITIATED,1789016152381
2173561,2,VALIDATED,1789016152385
2173561,3,PROCESSED,1789016152388
2173562,1,INITIATED,1789016152400
2173562,2,VALIDATED,1789016152404
2173562,3,PROCESSED,1789016152407
2173563,1,INITIATED,1789016152421
2173563,2,VALIDATED,1789016152425
2173563,3,PROCESSED,1789016152430
2173564,1,INITIATED,1789016152442
2173564,2,VALIDATED,1789016152446
2173564,3,PROCESSED,1789016152452
2173565,1,INITIATED,1789016152462
2173565,2,VALIDATED,1789016152466
2173565,3,PROCESSED,1789016152470
2173566,1,INITIATED,1789016152481
2173566,2,VALIDATED,1789016152485
2173566,3,PROCESSED,1789016152489
2173567,1,INITIATED,1789016152501
2173567,2,VALIDATED,1789016152505
2173567,3,PROCESSED,1789016152509
2173568,1,INITIATED,1789016152521
2173568,2,VALIDATED,1789016152524
2173568,3,PROCESSED,1789016152527
2173569,1,INITIATED,1789016152541
2173569,2,VALIDATED,1789016152545
2173569,3,PROCESSED,1789016152548
2173570,1,INITIATED,1789016152565
2173570,2,VALIDATED,1789016152569
2173570,3,PROCESSED,1789016152573
2173571,1,INITIATED,1789016152581
2173571,2,VALIDATED,1789016152583
2173571,3,PROCESSED,1789016152588
2173572,1,INITIATED,1789016152602
2173572,2,VALIDATED,1789016152606
2173572,3,PROCESSED,1789016152610
2173573,1,INITIATED,1789016152622
2173573,2,VALIDATED,1789016152641
2173573,3,PROCESSED,1789016152644
2173574,1,INITIATED,1789016152641
2173574,2,VALIDATED,1789016152643
2173574,3,PROCESSED,1789016152647
2173575,1,INITIATED,1789016152661
2173575,2,VALIDATED,1789016152664
2173575,3,PROCESSED,1789016152668
2173576,1,INITIATED,1789016152681
2173576,2,VALIDATED,1789016152685
2173576,3,PROCESSED,1789016152689
2173577,1,INITIATED,1789016152702
2173577,2,VALIDATED,1789016152705
2173577,3,PROCESSED,1789016152710
2173578,1,INITIATED,1789016152722
2173578,2,VALIDATED,1789016152726
2173578,3,PROCESSED,1789016152730
2173579,1,INITIATED,1789016152741
2173579,2,VALIDATED,1789016152746
2173579,3,PROCESSED,1789016152751
2173580,1,INITIATED,1789016152762
2173580,2,VALIDATED,1789016152766
2173580,3,PROCESSED,1789016152771
2173581,1,INITIATED,1789016152781
2173581,2,VALIDATED,1789016152785
2173581,3,PROCESSED,1789016152790
2173582,1,INITIATED,1789016152801
2173582,2,VALIDATED,1789016152805
2173582,3,PROCESSED,1789016152809
2173583,1,INITIATED,1789016152822
2173583,2,VALIDATED,1789016152826
2173583,3,PROCESSED,1789016152846
2173584,1,INITIATED,1789016152842
2173584,2,VALIDATED,1789016152845
2173584,3,PROCESSED,1789016152851
2173585,1,INITIATED,1789016152861
2173585,2,VALIDATED,1789016152866
2173585,3,PROCESSED,1789016152873
2173586,1,INITIATED,1789016152882
2173586,2,VALIDATED,1789016152886
2173586,3,PROCESSED,1789016152891
2173587,1,INITIATED,1789016152901
2173587,2,VALIDATED,1789016152906
2173587,3,PROCESSED,1789016152911
2173588,1,INITIATED,1789016152921
2173588,2,VALIDATED,1789016152926
2173588,3,PROCESSED,1789016152930
2173589,1,INITIATED,1789016152943
2173589,2,VALIDATED,1789016152948
2173589,3,PROCESSED,1789016152953
2173590,1,INITIATED,1789016152962
2173590,2,VALIDATED,1789016152966
2173590,3,PROCESSED,1789016152972
2173591,1,INITIATED,1789016152982
2173591,2,VALIDATED,1789016152986
2173591,3,PROCESSED,1789016152991
2173592,1,INITIATED,1789016153002
2173592,2,VALIDATED,1789016153008
2173592,3,PROCESSED,1789016153014
2173593,1,INITIATED,1789016153022
2173593,2,VALIDATED,1789016153026
2173593,3,PROCESSED,1789016153031
2173594,1,INITIATED,1789016153042
2173594,2,VALIDATED,1789016153046
2173594,3,PROCESSED,1789016153050
2173595,1,INITIATED,1789016153062
2173595,2,VALIDATED,1789016153066
2173595,3,PROCESSED,1789016153070
2173596,1,INITIATED,1789016153082
2173596,2,VALIDATED,1789016153086
2173596,3,PROCESSED,1789016153091
2173597,1,INITIATED,1789016153102
2173597,2,VALIDATED,1789016153106
2173597,3,PROCESSED,1789016153111
2173598,1,INITIATED,1789016153122
2173598,2,VALIDATED,1789016153407
2173598,3,PROCESSED,1789016153539
2173599,1,INITIATED,1789016153407
2173599,2,VALIDATED,1789016153537
2173599,3,PROCESSED,1789016153561
2173600,1,INITIATED,1789016153406
2173600,2,VALIDATED,1789016153535
2173600,3,PROCESSED,1789016153559
2173601,1,INITIATED,1789016153406
2173601,2,VALIDATED,1789016153535
2173601,3,PROCESSED,1789016153558
2173602,1,INITIATED,1789016153407
2173602,2,VALIDATED,1789016153556
2173602,3,PROCESSED,1789016153579
2173603,1,INITIATED,1789016153406
2173603,2,VALIDATED,1789016153539
2173603,3,PROCESSED,1789016153560
2173604,1,INITIATED,1789016153407
2173604,2,VALIDATED,1789016153538
2173604,3,PROCESSED,1789016153561
2173605,1,INITIATED,1789016153406
2173605,2,VALIDATED,1789016153536
2173605,3,PROCESSED,1789016153559
2173606,1,INITIATED,1789016153407
2173606,2,VALIDATED,1789016153537
2173606,3,PROCESSED,1789016153560
2173607,1,INITIATED,1789016153406
2173607,2,VALIDATED,1789016153535
2173607,3,PROCESSED,1789016153560
2173608,1,INITIATED,1789016153406
2173608,2,VALIDATED,1789016153536
2173608,3,PROCESSED,1789016153560
2173609,1,INITIATED,1789016153406
2173609,2,VALIDATED,1789016153537
2173609,3,PROCESSED,1789016153561
2173610,1,INITIATED,1789016153406
2173610,2,VALIDATED,1789016153535
2173610,3,PROCESSED,1789016153560
2173611,1,INITIATED,1789016153407
2173611,2,VALIDATED,1789016153538
2173611,3,PROCESSED,1789016153561
2173612,1,INITIATED,1789016153405
2173612,2,VALIDATED,1789016153535
2173612,3,PROCESSED,1789016153561
2173613,1,INITIATED,1789016153424
2173613,2,VALIDATED,1789016153555
2173613,3,PROCESSED,1789016153579
2173614,1,INITIATED,1789016153537
2173614,2,VALIDATED,1789016153558
2173614,3,PROCESSED,1789016153579
2173615,1,INITIATED,1789016153535
2173615,2,VALIDATED,1789016153558
2173615,3,PROCESSED,1789016153579
2173616,1,INITIATED,1789016153538
2173616,2,VALIDATED,1789016153559
2173616,3,PROCESSED,1789016153579
2173617,1,INITIATED,1789016153537
2173617,2,VALIDATED,1789016153558
2173617,3,PROCESSED,1789016153579
2173618,1,INITIATED,1789016153538
2173618,2,VALIDATED,1789016153558
2173618,3,PROCESSED,1789016153579
2173619,1,INITIATED,1789016153555
2173619,2,VALIDATED,1789016153576
2173619,3,PROCESSED,1789016153582
2173620,1,INITIATED,1789016153575
2173620,2,VALIDATED,1789016153579
2173620,3,PROCESSED,1789016153599
2173621,1,INITIATED,1789016153581
2173621,2,VALIDATED,1789016153598
2173621,3,PROCESSED,1789016153617
2173622,1,INITIATED,1789016153601
2173622,2,VALIDATED,1789016153615
2173622,3,PROCESSED,1789016153620
2173623,1,INITIATED,1789016153621
2173623,2,VALIDATED,1789016153639
2173623,3,PROCESSED,1789016153660
2173624,1,INITIATED,1789016153642
2173624,2,VALIDATED,1789016153659
2173624,3,PROCESSED,1789016153663
2173625,1,INITIATED,1789016153661
2173625,2,VALIDATED,1789016153663
2173625,3,PROCESSED,1789016153667
2173626,1,INITIATED,1789016153681
2173626,2,VALIDATED,1789016153685
2173626,3,PROCESSED,1789016153690
2173627,1,INITIATED,1789016153702
2173627,2,VALIDATED,1789016153705
2173627,3,PROCESSED,1789016153710
2173628,1,INITIATED,1789016153722
2173628,2,VALIDATED,1789016153726
2173628,3,PROCESSED,1789016153731
2173629,1,INITIATED,1789016153741
2173629,2,VALIDATED,1789016153746
2173629,3,PROCESSED,1789016153750
2173630,1,INITIATED,1789016153761
2173630,2,VALIDATED,1789016153766
2173630,3,PROCESSED,1789016153771
2173631,1,INITIATED,1789016153781
2173631,2,VALIDATED,1789016153789
2173631,3,PROCESSED,1789016153793
2173632,1,INITIATED,1789016153801
2173632,2,VALIDATED,1789016153803
2173632,3,PROCESSED,1789016153807
2173633,1,INITIATED,1789016153821
2173633,2,VALIDATED,1789016153825
2173633,3,REJECTED,1789016153827
2173634,1,INITIATED,1789016153841
2173634,2,VALIDATED,1789016153844
2173634,3,REJECTED,1789016153847
2173635,1,INITIATED,1789016153862
2173635,2,VALIDATED,1789016153865
2173635,3,REJECTED,1789016153868
2173636,1,INITIATED,1789016153882
2173636,2,VALIDATED,1789016153886
2173636,3,REJECTED,1789016153888
2173637,1,INITIATED,1789016153901
2173637,2,VALIDATED,1789016153904
2173637,3,PROCESSED,1789016153908
2173638,1,INITIATED,1789016153920
2173638,2,VALIDATED,1789016153924
2173638,3,PROCESSED,1789016153927
2173639,1,INITIATED,1789016153942
2173639,2,VALIDATED,1789016153945
2173639,3,PROCESSED,1789016153948
2173640,1,INITIATED,1789016153961
2173640,2,VALIDATED,1789016153964
2173640,3,PROCESSED,1789016153967
2173641,1,INITIATED,1789016153980
2173641,2,VALIDATED,1789016153984
2173641,3,PROCESSED,1789016153987
2173642,1,INITIATED,1789016154001
2173642,2,VALIDATED,1789016154005
2173642,3,PROCESSED,1789016154009
2173643,1,INITIATED,1789016154021
2173643,2,VALIDATED,1789016154025
2173643,3,PROCESSED,1789016154029
2173644,1,INITIATED,1789016154041
2173644,2,VALIDATED,1789016154061
2173644,3,PROCESSED,1789016154065
2173645,1,INITIATED,1789016154061
2173645,2,VALIDATED,1789016154064
2173645,3,PROCESSED,1789016154068
2173646,1,INITIATED,1789016154081
2173646,2,VALIDATED,1789016154084
2173646,3,PROCESSED,1789016154088
2173647,1,INITIATED,1789016154101
2173647,2,VALIDATED,1789016154105
2173647,3,PROCESSED,1789016154108
2173648,1,INITIATED,1789016154121
2173648,2,VALIDATED,1789016154125
2173648,3,PROCESSED,1789016154299
2173649,1,INITIATED,1789016154297
2173649,2,VALIDATED,1789016154303
2173649,3,PROCESSED,1789016154404
2173650,1,INITIATED,1789016154297
2173650,2,VALIDATED,1789016154301
2173650,3,PROCESSED,1789016154404
2173651,1,INITIATED,1789016154297
2173651,2,VALIDATED,1789016154303
2173651,3,PROCESSED,1789016154404
2173652,1,INITIATED,1789016154297
2173652,2,VALIDATED,1789016154303
2173652,3,PROCESSED,1789016154405
2173653,1,INITIATED,1789016154297
2173653,2,VALIDATED,1789016154303
2173653,3,PROCESSED,1789016154405
2173654,1,INITIATED,1789016154297
2173654,2,VALIDATED,1789016154303
2173654,3,PROCESSED,1789016154404
2173655,1,INITIATED,1789016154297
2173655,2,VALIDATED,1789016154302
2173655,3,PROCESSED,1789016154404
2173656,1,INITIATED,1789016154297
2173656,2,VALIDATED,1789016154303
2173656,3,PROCESSED,1789016154404
2173657,1,INITIATED,1789016154302
2173657,2,VALIDATED,1789016154402
2173657,3,PROCESSED,1789016154410
2173658,1,INITIATED,1789016154321
2173658,2,VALIDATED,1789016154402
2173658,3,PROCESSED,1789016154410
2173659,1,INITIATED,1789016154341
2173659,2,VALIDATED,1789016154402
2173659,3,PROCESSED,1789016154410
2173660,1,INITIATED,1789016154362
2173660,2,VALIDATED,1789016154402
2173660,3,PROCESSED,1789016154411
2173661,1,INITIATED,1789016154381
2173661,2,VALIDATED,1789016154402
2173661,3,PROCESSED,1789016154410
2173662,1,INITIATED,1789016154401
2173662,2,VALIDATED,1789016154407
2173662,3,PROCESSED,1789016154413
2173663,1,INITIATED,1789016154422
2173663,2,VALIDATED,1789016154425
2173663,3,PROCESSED,1789016154429
2173664,1,INITIATED,1789016154441
2173664,2,VALIDATED,1789016154445
2173664,3,PROCESSED,1789016154462
2173665,1,INITIATED,1789016154461
2173665,2,VALIDATED,1789016154463
2173665,3,PROCESSED,1789016154466
2173666,1,INITIATED,1789016154481
2173666,2,VALIDATED,1789016154485
2173666,3,PROCESSED,1789016154488
2173667,1,INITIATED,1789016154501
2173667,2,VALIDATED,1789016154504
2173667,3,PROCESSED,1789016154508
2173668,1,INITIATED,1789016154521
2173668,2,VALIDATED,1789016154525
2173668,3,PROCESSED,1789016154528
2173669,1,INITIATED,1789016154542
2173669,2,VALIDATED,1789016154544
2173669,3,PROCESSED,1789016154547
2173670,1,INITIATED,1789016154561
2173670,2,VALIDATED,1789016154564
2173670,3,PROCESSED,1789016154567
2173671,1,INITIATED,1789016154581
2173671,2,VALIDATED,1789016154584
2173671,3,PROCESSED,1789016154587
2173672,1,INITIATED,1789016154601
2173672,2,VALIDATED,1789016154603
2173672,3,PROCESSED,1789016154606
2173673,1,INITIATED,1789016154621
2173673,2,VALIDATED,1789016154624
2173673,3,PROCESSED,1789016154627
2173674,1,INITIATED,1789016154641
2173674,2,VALIDATED,1789016154644
2173674,3,PROCESSED,1789016154647
2173675,1,INITIATED,1789016154661
2173675,2,VALIDATED,1789016154666
2173675,3,PROCESSED,1789016154670
2173676,1,INITIATED,1789016154681
2173676,2,VALIDATED,1789016154685
2173676,3,PROCESSED,1789016154703
2173677,1,INITIATED,1789016154701
2173677,2,VALIDATED,1789016154704
2173677,3,PROCESSED,1789016154707
2173678,1,INITIATED,1789016154721
2173678,2,VALIDATED,1789016154724
2173678,3,PROCESSED,1789016154727
2173679,1,INITIATED,1789016154741
2173679,2,VALIDATED,1789016154744
2173679,3,PROCESSED,1789016154748
2173680,1,INITIATED,1789016154761
2173680,2,VALIDATED,1789016154764
2173680,3,PROCESSED,1789016154767
2173681,1,INITIATED,1789016154782
2173681,2,VALIDATED,1789016154785
2173681,3,PROCESSED,1789016154788
2173682,1,INITIATED,1789016154801
2173682,2,VALIDATED,1789016154804
2173682,3,PROCESSED,1789016154807
2173683,1,INITIATED,1789016154821
2173683,2,VALIDATED,1789016154825
2173683,3,PROCESSED,1789016154828
2173684,1,INITIATED,1789016154841
2173684,2,VALIDATED,1789016154844
2173684,3,PROCESSED,1789016154848
2173685,1,INITIATED,1789016154861
2173685,2,VALIDATED,1789016154864
2173685,3,PROCESSED,1789016154867
2173686,1,INITIATED,1789016154881
2173686,2,VALIDATED,1789016154885
2173686,3,PROCESSED,1789016154888
2173687,1,INITIATED,1789016154901
2173687,2,VALIDATED,1789016154904
2173687,3,PROCESSED,1789016154909
2173688,1,INITIATED,1789016154922
2173688,2,VALIDATED,1789016154925
2173688,3,PROCESSED,1789016154928
2173689,1,INITIATED,1789016154941
2173689,2,VALIDATED,1789016154944
2173689,3,PROCESSED,1789016154947
2173690,1,INITIATED,1789016154962
2173690,2,VALIDATED,1789016154966
2173690,3,PROCESSED,1789016154970
2173691,1,INITIATED,1789016154982
2173691,2,VALIDATED,1789016154985
2173691,3,PROCESSED,1789016154988
2173692,1,INITIATED,1789016155001
2173692,2,VALIDATED,1789016155005
2173692,3,PROCESSED,1789016155009
2173693,1,INITIATED,1789016155021
2173693,2,VALIDATED,1789016155025
2173693,3,PROCESSED,1789016155029
2173694,1,INITIATED,1789016155041
2173694,2,VALIDATED,1789016155045
2173694,3,PROCESSED,1789016155048
2173695,1,INITIATED,1789016155061
2173695,2,VALIDATED,1789016155064
2173695,3,PROCESSED,1789016155068
2173696,1,INITIATED,1789016155080
2173696,2,VALIDATED,1789016155083
2173696,3,PROCESSED,1789016155087
2173697,1,INITIATED,1789016155102
2173697,2,VALIDATED,1789016155104
2173697,3,PROCESSED,1789016155109
2173698,1,INITIATED,1789016155122
2173698,2,VALIDATED,1789016155420
2173698,3,PROCESSED,1789016155440
2173699,1,INITIATED,1789016155151
2173699,2,VALIDATED,1789016155421
2173699,3,PROCESSED,1789016155441
2173700,1,INITIATED,1789016155420
2173700,2,VALIDATED,1789016155439
2173700,3,PROCESSED,1789016155514
2173701,1,INITIATED,1789016155422
2173701,2,VALIDATED,1789016155438
2173701,3,PROCESSED,1789016155513
2173702,1,INITIATED,1789016155422
2173702,2,VALIDATED,1789016155439
2173702,3,PROCESSED,1789016155513
2173703,1,INITIATED,1789016155420
2173703,2,VALIDATED,1789016155438
2173703,3,PROCESSED,1789016155514
2173704,1,INITIATED,1789016155419
2173704,2,VALIDATED,1789016155437
2173704,3,PROCESSED,1789016155512
2173705,1,INITIATED,1789016155422
2173705,2,VALIDATED,1789016155439
2173705,3,PROCESSED,1789016155513
2173706,1,INITIATED,1789016155422
2173706,2,VALIDATED,1789016155439
2173706,3,PROCESSED,1789016155512
2173707,1,INITIATED,1789016155420
2173707,2,VALIDATED,1789016155439
2173707,3,PROCESSED,1789016155512
2173708,1,INITIATED,1789016155419
2173708,2,VALIDATED,1789016155437
2173708,3,PROCESSED,1789016155443
2173709,1,INITIATED,1789016155422
2173709,2,VALIDATED,1789016155438
2173709,3,PROCESSED,1789016155513
2173710,1,INITIATED,1789016155422
2173710,2,VALIDATED,1789016155439
2173710,3,PROCESSED,1789016155514
2173711,1,INITIATED,1789016155422
2173711,2,VALIDATED,1789016155438
2173711,3,PROCESSED,1789016155514
2173712,1,INITIATED,1789016155421
2173712,2,VALIDATED,1789016155439
2173712,3,PROCESSED,1789016155513
2173713,1,INITIATED,1789016155422
2173713,2,VALIDATED,1789016155438
2173713,3,PROCESSED,1789016155513
2173714,1,INITIATED,1789016155441
2173714,2,VALIDATED,1789016155511
2173714,3,PROCESSED,1789016155517
2173715,1,INITIATED,1789016155461
2173715,2,VALIDATED,1789016155510
2173715,3,PROCESSED,1789016155517
2173716,1,INITIATED,1789016155481
2173716,2,VALIDATED,1789016155510
2173716,3,PROCESSED,1789016155517
2173717,1,INITIATED,1789016155501
2173717,2,VALIDATED,1789016155511
2173717,3,PROCESSED,1789016155517
2173718,1,INITIATED,1789016155521
2173718,2,VALIDATED,1789016155523
2173718,3,PROCESSED,1789016155526
2173719,1,INITIATED,1789016155542
2173719,2,VALIDATED,1789016155545
2173719,3,PROCESSED,1789016155548
2173720,1,INITIATED,1789016155562
2173720,2,VALIDATED,1789016155566
2173720,3,PROCESSED,1789016155572
2173721,1,INITIATED,1789016155582
2173721,2,VALIDATED,1789016155586
2173721,3,PROCESSED,1789016155591
2173722,1,INITIATED,1789016155601
2173722,2,VALIDATED,1789016155608
2173722,3,PROCESSED,1789016155611
2173723,1,INITIATED,1789016155621
2173723,2,VALIDATED,1789016155624
2173723,3,PROCESSED,1789016155627
2173724,1,INITIATED,1789016155641
2173724,2,VALIDATED,1789016155644
2173724,3,PROCESSED,1789016155647
2173725,1,INITIATED,1789016155662
2173725,2,VALIDATED,1789016155665
2173725,3,PROCESSED,1789016155668
2173726,1,INITIATED,1789016155681
2173726,2,VALIDATED,1789016155685
2173726,3,PROCESSED,1789016155688
2173727,1,INITIATED,1789016155704
2173727,2,VALIDATED,1789016155707
2173727,3,PROCESSED,1789016155710
2173728,1,INITIATED,1789016155721
2173728,2,VALIDATED,1789016155724
2173728,3,PROCESSED,1789016155727
2173729,1,INITIATED,1789016155741
2173729,2,VALIDATED,1789016155744
2173729,3,PROCESSED,1789016155747
2173730,1,INITIATED,1789016155761
2173730,2,VALIDATED,1789016155764
2173730,3,PROCESSED,1789016155767
2173731,1,INITIATED,1789016155781
2173731,2,VALIDATED,1789016155784
2173731,3,PROCESSED,1789016155787
2173732,1,INITIATED,1789016155802
2173732,2,VALIDATED,1789016155806
2173732,3,PROCESSED,1789016155810
2173733,1,INITIATED,1789016155822
2173733,2,VALIDATED,1789016155825
2173733,3,REJECTED,1789016155828
2173734,1,INITIATED,1789016155841
2173734,2,VALIDATED,1789016155844
2173734,3,REJECTED,1789016155846
2173735,1,INITIATED,1789016155861
2173735,2,VALIDATED,1789016155865
2173735,3,REJECTED,1789016155868
2173736,1,INITIATED,1789016155881
2173736,2,VALIDATED,1789016155885
2173736,3,REJECTED,1789016155887
2173737,1,INITIATED,1789016155902
2173737,2,VALIDATED,1789016155905
2173737,3,PROCESSED,1789016155912
2173738,1,INITIATED,1789016155921
2173738,2,VALIDATED,1789016155926
2173738,3,PROCESSED,1789016155930
2173739,1,INITIATED,1789016155941
2173739,2,VALIDATED,1789016155944
2173739,3,PROCESSED,1789016155948
2173740,1,INITIATED,1789016155961
2173740,2,VALIDATED,1789016155965
2173740,3,PROCESSED,1789016155968
2173741,1,INITIATED,1789016155980
2173741,2,VALIDATED,1789016155984
2173741,3,PROCESSED,1789016155987
2173742,1,INITIATED,1789016156001
2173742,2,VALIDATED,1789016156004
2173742,3,PROCESSED,1789016156007
2173743,1,INITIATED,1789016156022
2173743,2,VALIDATED,1789016156026
2173743,3,PROCESSED,1789016156029
2173744,1,INITIATED,1789016156041
2173744,2,VALIDATED,1789016156045
2173744,3,PROCESSED,1789016156048
2173745,1,INITIATED,1789016156060
2173745,2,VALIDATED,1789016156063
2173745,3,PROCESSED,1789016156066
2173746,1,INITIATED,1789016156081
2173746,2,VALIDATED,1789016156093
2173746,3,PROCESSED,1789016156096
2173747,1,INITIATED,1789016156101
2173747,2,VALIDATED,1789016156102
2173747,3,PROCESSED,1789016156106
2173748,1,INITIATED,1789016156121
2173748,2,VALIDATED,1789016156126
2173748,3,PROCESSED,1789016156173
2173749,1,INITIATED,1789016156142
2173749,2,VALIDATED,1789016156172
2173749,3,PROCESSED,1789016156189
2173750,1,INITIATED,1789016156169
2173750,2,VALIDATED,1789016156172
2173750,3,PROCESSED,1789016156189
2173751,1,INITIATED,1789016156180
2173751,2,VALIDATED,1789016156188
2173751,3,PROCESSED,1789016156192
2173752,1,INITIATED,1789016156201
2173752,2,VALIDATED,1789016156204
2173752,3,PROCESSED,1789016156208
2173753,1,INITIATED,1789016156221
2173753,2,VALIDATED,1789016156225
2173753,3,PROCESSED,1789016156228
2173754,1,INITIATED,1789016156241
2173754,2,VALIDATED,1789016156244
2173754,3,PROCESSED,1789016156248
2173755,1,INITIATED,1789016156260
2173755,2,VALIDATED,1789016156264
2173755,3,PROCESSED,1789016156268
2173756,1,INITIATED,1789016156281
2173756,2,VALIDATED,1789016156284
2173756,3,PROCESSED,1789016156288
2173757,1,INITIATED,1789016156301
2173757,2,VALIDATED,1789016156304
2173757,3,PROCESSED,1789016156308
2173758,1,INITIATED,1789016156321
2173758,2,VALIDATED,1789016156324
2173758,3,PROCESSED,1789016156327
2173759,1,INITIATED,1789016156341
2173759,2,VALIDATED,1789016156344
2173759,3,PROCESSED,1789016156347
2173760,1,INITIATED,1789016156361
2173760,2,VALIDATED,1789016156364
2173760,3,PROCESSED,1789016156366
2173761,1,INITIATED,1789016156381
2173761,2,VALIDATED,1789016156384
2173761,3,PROCESSED,1789016156387
2173762,1,INITIATED,1789016156401
2173762,2,VALIDATED,1789016156417
2173762,3,PROCESSED,1789016156420
2173763,1,INITIATED,1789016156421
2173763,2,VALIDATED,1789016156424
2173763,3,PROCESSED,1789016156427
2173764,1,INITIATED,1789016156442
2173764,2,VALIDATED,1789016156445
2173764,3,PROCESSED,1789016156448
2173765,1,INITIATED,1789016156461
2173765,2,VALIDATED,1789016156465
2173765,3,PROCESSED,1789016156470
2173766,1,INITIATED,1789016156481
2173766,2,VALIDATED,1789016156485
2173766,3,PROCESSED,1789016156488
2173767,1,INITIATED,1789016156501
2173767,2,VALIDATED,1789016156505
2173767,3,PROCESSED,1789016156508
2173768,1,INITIATED,1789016156521
2173768,2,VALIDATED,1789016156526
2173768,3,PROCESSED,1789016156529
2173769,1,INITIATED,1789016156541
2173769,2,VALIDATED,1789016156544
2173769,3,PROCESSED,1789016156547
2173770,1,INITIATED,1789016156561
2173770,2,VALIDATED,1789016156565
2173770,3,PROCESSED,1789016156569
2173771,1,INITIATED,1789016156582
2173771,2,VALIDATED,1789016156585
2173771,3,PROCESSED,1789016156588
2173772,1,INITIATED,1789016156601
2173772,2,VALIDATED,1789016156604
2173772,3,PROCESSED,1789016156607
2173773,1,INITIATED,1789016156621
2173773,2,VALIDATED,1789016156624
2173773,3,PROCESSED,1789016156627
2173774,1,INITIATED,1789016156641
2173774,2,VALIDATED,1789016156643
2173774,3,PROCESSED,1789016156660
2173775,1,INITIATED,1789016156661
2173775,2,VALIDATED,1789016156663
2173775,3,PROCESSED,1789016156666
2173776,1,INITIATED,1789016156681
2173776,2,VALIDATED,1789016156685
2173776,3,PROCESSED,1789016156687
2173777,1,INITIATED,1789016156701
2173777,2,VALIDATED,1789016156704
2173777,3,PROCESSED,1789016156708
2173778,1,INITIATED,1789016156721
2173778,2,VALIDATED,1789016156724
2173778,3,PROCESSED,1789016156727
2173779,1,INITIATED,1789016156741
2173779,2,VALIDATED,1789016156745
2173779,3,PROCESSED,1789016156748
2173780,1,INITIATED,1789016156762
2173780,2,VALIDATED,1789016156766
2173780,3,PROCESSED,1789016156771
2173781,1,INITIATED,1789016156781
2173781,2,VALIDATED,1789016156784
2173781,3,PROCESSED,1789016156788
2173782,1,INITIATED,1789016156801
2173782,2,VALIDATED,1789016156804
2173782,3,PROCESSED,1789016156808
2173783,1,INITIATED,1789016156822
2173783,2,VALIDATED,1789016156825
2173783,3,PROCESSED,1789016156828
2173784,1,INITIATED,1789016156841
2173784,2,VALIDATED,1789016156844
2173784,3,PROCESSED,1789016156847
2173785,1,INITIATED,1789016156861
2173785,2,VALIDATED,1789016156865
2173785,3,PROCESSED,1789016156869
2173786,1,INITIATED,1789016156881
2173786,2,VALIDATED,1789016156884
2173786,3,PROCESSED,1789016156887
2173787,1,INITIATED,1789016156901
2173787,2,VALIDATED,1789016156904
2173787,3,PROCESSED,1789016156908
2173788,1,INITIATED,1789016156922
2173788,2,VALIDATED,1789016156926
2173788,3,PROCESSED,1789016156929
2173789,1,INITIATED,1789016156942
2173789,2,VALIDATED,1789016156945
2173789,3,PROCESSED,1789016156948
2173790,1,INITIATED,1789016156961
2173790,2,VALIDATED,1789016156964
2173790,3,PROCESSED,1789016156968
2173791,1,INITIATED,1789016156981
2173791,2,VALIDATED,1789016156984
2173791,3,PROCESSED,1789016156987
2173792,1,INITIATED,1789016157001
2173792,2,VALIDATED,1789016157004
2173792,3,PROCESSED,1789016157007
2173793,1,INITIATED,1789016157022
2173793,2,VALIDATED,1789016157027
2173793,3,PROCESSED,1789016157031
2173794,1,INITIATED,1789016157041
2173794,2,VALIDATED,1789016157045
2173794,3,PROCESSED,1789016157048
2173795,1,INITIATED,1789016157061
2173795,2,VALIDATED,1789016157069
2173795,3,PROCESSED,1789016157074
2173796,1,INITIATED,1789016157081
2173796,2,VALIDATED,1789016157084
2173796,3,PROCESSED,1789016157087
2173797,1,INITIATED,1789016157102
2173797,2,VALIDATED,1789016157105
2173797,3,PROCESSED,1789016157108
2173798,1,INITIATED,1789016157121
2173798,2,VALIDATED,1789016157319
2173798,3,PROCESSED,1789016157326
2173799,1,INITIATED,1789016157320
2173799,2,VALIDATED,1789016157435
2173799,3,PROCESSED,1789016157453
2173800,1,INITIATED,1789016157320
2173800,2,VALIDATED,1789016157435
2173800,3,PROCESSED,1789016157453
2173801,1,INITIATED,1789016157321
2173801,2,VALIDATED,1789016157435
2173801,3,PROCESSED,1789016157453
2173802,1,INITIATED,1789016157320
2173802,2,VALIDATED,1789016157432
2173802,3,PROCESSED,1789016157440
2173803,1,INITIATED,1789016157319
2173803,2,VALIDATED,1789016157432
2173803,3,PROCESSED,1789016157453
2173804,1,INITIATED,1789016157321
2173804,2,VALIDATED,1789016157434
2173804,3,PROCESSED,1789016157453
2173805,1,INITIATED,1789016157320
2173805,2,VALIDATED,1789016157432
2173805,3,PROCESSED,1789016157452
2173806,1,INITIATED,1789016157319
2173806,2,VALIDATED,1789016157325
2173806,3,PROCESSED,1789016157438
2173807,1,INITIATED,1789016157321
2173807,2,VALIDATED,1789016157435
2173807,3,PROCESSED,1789016157453
2173808,1,INITIATED,1789016157323
2173808,2,VALIDATED,1789016157435
2173808,3,PROCESSED,1789016157453
2173809,1,INITIATED,1789016157433
2173809,2,VALIDATED,1789016157452
2173809,3,PROCESSED,1789016157470
2173810,1,INITIATED,1789016157432
2173810,2,VALIDATED,1789016157451
2173810,3,PROCESSED,1789016157470
2173811,1,INITIATED,1789016157433
2173811,2,VALIDATED,1789016157450
2173811,3,PROCESSED,1789016157469
2173812,1,INITIATED,1789016157433
2173812,2,VALIDATED,1789016157452
2173812,3,PROCESSED,1789016157469
2173813,1,INITIATED,1789016157433
2173813,2,VALIDATED,1789016157451
2173813,3,PROCESSED,1789016157470
2173814,1,INITIATED,1789016157441
2173814,2,VALIDATED,1789016157452
2173814,3,PROCESSED,1789016157470
2173815,1,INITIATED,1789016157461
2173815,2,VALIDATED,1789016157468
2173815,3,PROCESSED,1789016157473
2173816,1,INITIATED,1789016157481
2173816,2,VALIDATED,1789016157485
2173816,3,PROCESSED,1789016157489
2173817,1,INITIATED,1789016157501
2173817,2,VALIDATED,1789016157503
2173817,3,PROCESSED,1789016157507
2173818,1,INITIATED,1789016157521
2173818,2,VALIDATED,1789016157524
2173818,3,PROCESSED,1789016157528
2173819,1,INITIATED,1789016157542
2173819,2,VALIDATED,1789016157546
2173819,3,PROCESSED,1789016157549
2173820,1,INITIATED,1789016157561
2173820,2,VALIDATED,1789016157564
2173820,3,PROCESSED,1789016157567
2173821,1,INITIATED,1789016157581
2173821,2,VALIDATED,1789016157584
2173821,3,PROCESSED,1789016157588
2173822,1,INITIATED,1789016157601
2173822,2,VALIDATED,1789016157604
2173822,3,PROCESSED,1789016157608
2173823,1,INITIATED,1789016157622
2173823,2,VALIDATED,1789016157624
2173823,3,PROCESSED,1789016157642
2173824,1,INITIATED,1789016157641
2173824,2,VALIDATED,1789016157644
2173824,3,PROCESSED,1789016157647
2173825,1,INITIATED,1789016157662
2173825,2,VALIDATED,1789016157665
2173825,3,PROCESSED,1789016157670
2173826,1,INITIATED,1789016157681
2173826,2,VALIDATED,1789016157683
2173826,3,PROCESSED,1789016157686
2173827,1,INITIATED,1789016157702
2173827,2,VALIDATED,1789016157705
2173827,3,PROCESSED,1789016157709
2173828,1,INITIATED,1789016157722
2173828,2,VALIDATED,1789016157725
2173828,3,PROCESSED,1789016157729
2173829,1,INITIATED,1789016157741
2173829,2,VALIDATED,1789016157744
2173829,3,PROCESSED,1789016157747
2173830,1,INITIATED,1789016157761
2173830,2,VALIDATED,1789016157764
2173830,3,PROCESSED,1789016157767
2173831,1,INITIATED,1789016157781
2173831,2,VALIDATED,1789016157784
2173831,3,PROCESSED,1789016157788
2173832,1,INITIATED,1789016157801
2173832,2,VALIDATED,1789016157804
2173832,3,PROCESSED,1789016157807
2173833,1,INITIATED,1789016157821
2173833,2,VALIDATED,1789016157824
2173833,3,REJECTED,1789016157827
2173834,1,INITIATED,1789016157840
2173834,2,VALIDATED,1789016157844
2173834,3,REJECTED,1789016157846
2173835,1,INITIATED,1789016157861
2173835,2,VALIDATED,1789016157864
2173835,3,REJECTED,1789016157866
2173836,1,INITIATED,1789016157881
2173836,2,VALIDATED,1789016157884
2173836,3,REJECTED,1789016157886
2173837,1,INITIATED,1789016157901
2173837,2,VALIDATED,1789016157904
2173837,3,PROCESSED,1789016157907
2173838,1,INITIATED,1789016157922
2173838,2,VALIDATED,1789016157926
2173838,3,PROCESSED,1789016157929
2173839,1,INITIATED,1789016157941
2173839,2,VALIDATED,1789016157945
2173839,3,PROCESSED,1789016157948
2173840,1,INITIATED,1789016157961
2173840,2,VALIDATED,1789016157965
2173840,3,PROCESSED,1789016157969
2173841,1,INITIATED,1789016157981
2173841,2,VALIDATED,1789016157984
2173841,3,PROCESSED,1789016157987
2173842,1,INITIATED,1789016158001
2173842,2,VALIDATED,1789016158004
2173842,3,PROCESSED,1789016158009
2173843,1,INITIATED,1789016158022
2173843,2,VALIDATED,1789016158026
2173843,3,PROCESSED,1789016158044
2173844,1,INITIATED,1789016158042
2173844,2,VALIDATED,1789016158044
2173844,3,PROCESSED,1789016158047
2173845,1,INITIATED,1789016158062
2173845,2,VALIDATED,1789016158065
2173845,3,PROCESSED,1789016158070
2173846,1,INITIATED,1789016158081
2173846,2,VALIDATED,1789016158085
2173846,3,PROCESSED,1789016158089
2173847,1,INITIATED,1789016158101
2173847,2,VALIDATED,1789016158105
2173847,3,PROCESSED,1789016158108
2173848,1,INITIATED,1789016158121
2173848,2,VALIDATED,1789016158288
2173848,3,PROCESSED,1789016158392
2173849,1,INITIATED,1789016158289
2173849,2,VALIDATED,1789016158389
2173849,3,PROCESSED,1789016158396
2173850,1,INITIATED,1789016158289
2173850,2,VALIDATED,1789016158389
2173850,3,PROCESSED,1789016158396
2173851,1,INITIATED,1789016158287
2173851,2,VALIDATED,1789016158304
2173851,3,PROCESSED,1789016158392
2173852,1,INITIATED,1789016158288
2173852,2,VALIDATED,1789016158389
2173852,3,PROCESSED,1789016158396
2173853,1,INITIATED,1789016158288
2173853,2,VALIDATED,1789016158388
2173853,3,PROCESSED,1789016158394
2173854,1,INITIATED,1789016158288
2173854,2,VALIDATED,1789016158304
2173854,3,PROCESSED,1789016158392
2173855,1,INITIATED,1789016158288
2173855,2,VALIDATED,1789016158388
2173855,3,PROCESSED,1789016158396
2173856,1,INITIATED,1789016158288
2173856,2,VALIDATED,1789016158388
2173856,3,PROCESSED,1789016158396
2173857,1,INITIATED,1789016158302
2173857,2,VALIDATED,1789016158389
2173857,3,PROCESSED,1789016158396
2173858,1,INITIATED,1789016158322
2173858,2,VALIDATED,1789016158390
2173858,3,PROCESSED,1789016158397
2173859,1,INITIATED,1789016158341
2173859,2,VALIDATED,1789016158390
2173859,3,PROCESSED,1789016158397
2173860,1,INITIATED,1789016158361
2173860,2,VALIDATED,1789016158389
2173860,3,PROCESSED,1789016158396
2173861,1,INITIATED,1789016158381
2173861,2,VALIDATED,1789016158388
2173861,3,PROCESSED,1789016158396
2173862,1,INITIATED,1789016158402
2173862,2,VALIDATED,1789016158411
2173862,3,PROCESSED,1789016158416
2173863,1,INITIATED,1789016158422
2173863,2,VALIDATED,1789016158427
2173863,3,PROCESSED,1789016158433
2173864,1,INITIATED,1789016158441
2173864,2,VALIDATED,1789016158446
2173864,3,PROCESSED,1789016158452
2173865,1,INITIATED,1789016158462
2173865,2,VALIDATED,1789016158466
2173865,3,PROCESSED,1789016158471
2173866,1,INITIATED,1789016158482
2173866,2,VALIDATED,1789016158486
2173866,3,PROCESSED,1789016158491
2173867,1,INITIATED,1789016158501
2173867,2,VALIDATED,1789016158505
2173867,3,PROCESSED,1789016158510
2173868,1,INITIATED,1789016158522
2173868,2,VALIDATED,1789016158526
2173868,3,PROCESSED,1789016158531
2173869,1,INITIATED,1789016158542
2173869,2,VALIDATED,1789016158546
2173869,3,PROCESSED,1789016158551
2173870,1,INITIATED,1789016158561
2173870,2,VALIDATED,1789016158567
2173870,3,PROCESSED,1789016158573
2173871,1,INITIATED,1789016158582
2173871,2,VALIDATED,1789016158586
2173871,3,PROCESSED,1789016158591
2173872,1,INITIATED,1789016158602
2173872,2,VALIDATED,1789016158607
2173872,3,PROCESSED,1789016158612
2173873,1,INITIATED,1789016158621
2173873,2,VALIDATED,1789016158626
2173873,3,PROCESSED,1789016158631
2173874,1,INITIATED,1789016158642
2173874,2,VALIDATED,1789016158647
2173874,3,PROCESSED,1789016158652
2173875,1,INITIATED,1789016158662
2173875,2,VALIDATED,1789016158675
2173875,3,PROCESSED,1789016158681
2173876,1,INITIATED,1789016158681
2173876,2,VALIDATED,1789016158685
2173876,3,PROCESSED,1789016158691
2173877,1,INITIATED,1789016158702
2173877,2,VALIDATED,1789016158706
2173877,3,PROCESSED,1789016158712
2173878,1,INITIATED,1789016158722
2173878,2,VALIDATED,1789016158726
2173878,3,PROCESSED,1789016158731
2173879,1,INITIATED,1789016158742
2173879,2,VALIDATED,1789016158746
2173879,3,PROCESSED,1789016158752
2173880,1,INITIATED,1789016158761
2173880,2,VALIDATED,1789016158766
2173880,3,PROCESSED,1789016158772
2173881,1,INITIATED,1789016158782
2173881,2,VALIDATED,1789016158786
2173881,3,PROCESSED,1789016158794
2173882,1,INITIATED,1789016158801
2173882,2,VALIDATED,1789016158805
2173882,3,PROCESSED,1789016158810
2173883,1,INITIATED,1789016158822
2173883,2,VALIDATED,1789016158826
2173883,3,PROCESSED,1789016158832
2173884,1,INITIATED,1789016158842
2173884,2,VALIDATED,1789016158862
2173884,3,PROCESSED,1789016158868
2173885,1,INITIATED,1789016158862
2173885,2,VALIDATED,1789016158866
2173885,3,PROCESSED,1789016158873
2173886,1,INITIATED,1789016158882
2173886,2,VALIDATED,1789016158886
2173886,3,PROCESSED,1789016158891
2173887,1,INITIATED,1789016158901
2173887,2,VALIDATED,1789016158905
2173887,3,PROCESSED,1789016158909
2173888,1,INITIATED,1789016158922
2173888,2,VALIDATED,1789016158926
2173888,3,PROCESSED,1789016158931
2173889,1,INITIATED,1789016158942
2173889,2,VALIDATED,1789016158946
2173889,3,PROCESSED,1789016158950
2173890,1,INITIATED,1789016158962
2173890,2,VALIDATED,1789016158965
2173890,3,PROCESSED,1789016158970
2173891,1,INITIATED,1789016158982
2173891,2,VALIDATED,1789016158985
2173891,3,PROCESSED,1789016158990
2173892,1,INITIATED,1789016159002
2173892,2,VALIDATED,1789016159006
2173892,3,PROCESSED,1789016159011
2173893,1,INITIATED,1789016159021
2173893,2,VALIDATED,1789016159025
2173893,3,PROCESSED,1789016159029
2173894,1,INITIATED,1789016159042
2173894,2,VALIDATED,1789016159046
2173894,3,PROCESSED,1789016159050
2173895,1,INITIATED,1789016159061
2173895,2,VALIDATED,1789016159065
2173895,3,PROCESSED,1789016159069
2173896,1,INITIATED,1789016159082
2173896,2,VALIDATED,1789016159085
2173896,3,PROCESSED,1789016159089
2173897,1,INITIATED,1789016159101
2173897,2,VALIDATED,1789016159105
2173897,3,PROCESSED,1789016159124
2173898,1,INITIATED,1789016159122
2173898,2,VALIDATED,1789016159406
2173898,3,PROCESSED,1789016159414
2173899,1,INITIATED,1789016159405
2173899,2,VALIDATED,1789016159410
2173899,3,PROCESSED,1789016159497
2173900,1,INITIATED,1789016159407
2173900,2,VALIDATED,1789016159495
2173900,3,PROCESSED,1789016159514
2173901,1,INITIATED,1789016159405
2173901,2,VALIDATED,1789016159409
2173901,3,PROCESSED,1789016159497
2173902,1,INITIATED,1789016159406
2173902,2,VALIDATED,1789016159412
2173902,3,PROCESSED,1789016159497
2173903,1,INITIATED,1789016159405
2173903,2,VALIDATED,1789016159410
2173903,3,PROCESSED,1789016159496
2173904,1,INITIATED,1789016159406
2173904,2,VALIDATED,1789016159412
2173904,3,PROCESSED,1789016159497
2173905,1,INITIATED,1789016159405
2173905,2,VALIDATED,1789016159410
2173905,3,PROCESSED,1789016159497
2173906,1,INITIATED,1789016159408
2173906,2,VALIDATED,1789016159495
2173906,3,PROCESSED,1789016159514
2173907,1,INITIATED,1789016159407
2173907,2,VALIDATED,1789016159494
2173907,3,PROCESSED,1789016159499
2173908,1,INITIATED,1789016159407
2173908,2,VALIDATED,1789016159412
2173908,3,PROCESSED,1789016159497
2173909,1,INITIATED,1789016159406
2173909,2,VALIDATED,1789016159412
2173909,3,PROCESSED,1789016159497
2173910,1,INITIATED,1789016159407
2173910,2,VALIDATED,1789016159494
2173910,3,PROCESSED,1789016159499
2173911,1,INITIATED,1789016159405
2173911,2,VALIDATED,1789016159409
2173911,3,PROCESSED,1789016159497
2173912,1,INITIATED,1789016159405
2173912,2,VALIDATED,1789016159410
2173912,3,PROCESSED,1789016159497
2173913,1,INITIATED,1789016159422
2173913,2,VALIDATED,1789016159495
2173913,3,PROCESSED,1789016159514
2173914,1,INITIATED,1789016159441
2173914,2,VALIDATED,1789016159494
2173914,3,PROCESSED,1789016159500
2173915,1,INITIATED,1789016159461
2173915,2,VALIDATED,1789016159495
2173915,3,PROCESSED,1789016159514
2173916,1,INITIATED,1789016159482
2173916,2,VALIDATED,1789016159496
2173916,3,PROCESSED,1789016159515
2173917,1,INITIATED,1789016159500
2173917,2,VALIDATED,1789016159513
2173917,3,PROCESSED,1789016159531
2173918,1,INITIATED,1789016159521
2173918,2,VALIDATED,1789016159530
2173918,3,PROCESSED,1789016159535
2173919,1,INITIATED,1789016159541
2173919,2,VALIDATED,1789016159544
2173919,3,PROCESSED,1789016159547
2173920,1,INITIATED,1789016159562
2173920,2,VALIDATED,1789016159579
2173920,3,PROCESSED,1789016159585
2173921,1,INITIATED,1789016159581
2173921,2,VALIDATED,1789016159585
2173921,3,PROCESSED,1789016159590
2173922,1,INITIATED,1789016159601
2173922,2,VALIDATED,1789016159605
2173922,3,PROCESSED,1789016159610
2173923,1,INITIATED,1789016159622
2173923,2,VALIDATED,1789016159626
2173923,3,PROCESSED,1789016159631
2173924,1,INITIATED,1789016159641
2173924,2,VALIDATED,1789016159645
2173924,3,PROCESSED,1789016159650
2173925,1,INITIATED,1789016159661
2173925,2,VALIDATED,1789016159666
2173925,3,PROCESSED,1789016159671
2173926,1,INITIATED,1789016159681
2173926,2,VALIDATED,1789016159686
2173926,3,PROCESSED,1789016159690
2173927,1,INITIATED,1789016159701
2173927,2,VALIDATED,1789016159705
2173927,3,PROCESSED,1789016159710
2173928,1,INITIATED,1789016159722
2173928,2,VALIDATED,1789016159725
2173928,3,PROCESSED,1789016159729
2173929,1,INITIATED,1789016159742
2173929,2,VALIDATED,1789016159746
2173929,3,PROCESSED,1789016159764
2173930,1,INITIATED,1789016159762
2173930,2,VALIDATED,1789016159765
2173930,3,PROCESSED,1789016159772
2173931,1,INITIATED,1789016159782
2173931,2,VALIDATED,1789016159786
2173931,3,PROCESSED,1789016159790
2173932,1,INITIATED,1789016159802
2173932,2,VALIDATED,1789016159806
2173932,3,PROCESSED,1789016159810
2173933,1,INITIATED,1789016159822
2173933,2,VALIDATED,1789016159826
2173933,3,REJECTED,1789016159830
2173934,1,INITIATED,1789016159843
2173934,2,VALIDATED,1789016159848
2173934,3,REJECTED,1789016159853
2173935,1,INITIATED,1789016159861
2173935,2,VALIDATED,1789016159866
2173935,3,REJECTED,1789016159870
2173936,1,INITIATED,1789016159882
2173936,2,VALIDATED,1789016159886
2173936,3,REJECTED,1789016159891
2173937,1,INITIATED,1789016159902
2173937,2,VALIDATED,1789016159907
2173937,3,PROCESSED,1789016159913
2173938,1,INITIATED,1789016159923
2173938,2,VALIDATED,1789016159927
2173938,3,PROCESSED,1789016159933
2173939,1,INITIATED,1789016159942
2173939,2,VALIDATED,1789016159947
2173939,3,PROCESSED,1789016159953
2173940,1,INITIATED,1789016159961
2173940,2,VALIDATED,1789016159970
2173940,3,PROCESSED,1789016159974
2173941,1,INITIATED,1789016159981
2173941,2,VALIDATED,1789016159984
2173941,3,PROCESSED,1789016159989
2173942,1,INITIATED,1789016160002
2173942,2,VALIDATED,1789016160005
2173942,3,PROCESSED,1789016160009
2173943,1,INITIATED,1789016160022
2173943,2,VALIDATED,1789016160026
2173943,3,PROCESSED,1789016160030
2173944,1,INITIATED,1789016160042
2173944,2,VALIDATED,1789016160045
2173944,3,PROCESSED,1789016160050
2173945,1,INITIATED,1789016160061
2173945,2,VALIDATED,1789016160065
2173945,3,PROCESSED,1789016160070
2173946,1,INITIATED,1789016160081
2173946,2,VALIDATED,1789016160085
2173946,3,PROCESSED,1789016160089
2173947,1,INITIATED,1789016160101
2173947,2,VALIDATED,1789016160105
2173947,3,PROCESSED,1789016160109
2173948,1,INITIATED,1789016160121
2173948,2,VALIDATED,1789016160153
2173948,3,PROCESSED,1789016160184
2173949,1,INITIATED,1789016160151
2173949,2,VALIDATED,1789016160182
2173949,3,PROCESSED,1789016160188
2173950,1,INITIATED,1789016160161
2173950,2,VALIDATED,1789016160182
2173950,3,PROCESSED,1789016160188
2173951,1,INITIATED,1789016160182
2173951,2,VALIDATED,1789016160186
2173951,3,PROCESSED,1789016160192
2173952,1,INITIATED,1789016160201
2173952,2,VALIDATED,1789016160204
2173952,3,PROCESSED,1789016160209
2173953,1,INITIATED,1789016160221
2173953,2,VALIDATED,1789016160225
2173953,3,PROCESSED,1789016160230
2173954,1,INITIATED,1789016160241
2173954,2,VALIDATED,1789016160245
2173954,3,PROCESSED,1789016160249
2173955,1,INITIATED,1789016160262
2173955,2,VALIDATED,1789016160265
2173955,3,PROCESSED,1789016160283
2173956,1,INITIATED,1789016160281
2173956,2,VALIDATED,1789016160284
2173956,3,PROCESSED,1789016160288
2173957,1,INITIATED,1789016160301
2173957,2,VALIDATED,1789016160304
2173957,3,PROCESSED,1789016160307
2173958,1,INITIATED,1789016160321
2173958,2,VALIDATED,1789016160324
2173958,3,PROCESSED,1789016160339
2173959,1,INITIATED,1789016160341
2173959,2,VALIDATED,1789016160344
2173959,3,PROCESSED,1789016160362
2173960,1,INITIATED,1789016160361
2173960,2,VALIDATED,1789016160364
2173960,3,PROCESSED,1789016160369
2173961,1,INITIATED,1789016160381
2173961,2,VALIDATED,1789016160398
2173961,3,PROCESSED,1789016160402
2173962,1,INITIATED,1789016160401
2173962,2,VALIDATED,1789016160403
2173962,3,PROCESSED,1789016160419
2173963,1,INITIATED,1789016160421
2173963,2,VALIDATED,1789016160434
2173963,3,PROCESSED,1789016160439
2173964,1,INITIATED,1789016160441
2173964,2,VALIDATED,1789016160444
2173964,3,PROCESSED,1789016160462
2173965,1,INITIATED,1789016160461
2173965,2,VALIDATED,1789016160464
2173965,3,PROCESSED,1789016160468
2173966,1,INITIATED,1789016160481
2173966,2,VALIDATED,1789016160484
2173966,3,PROCESSED,1789016160488
2173967,1,INITIATED,1789016160501
2173967,2,VALIDATED,1789016160505
2173967,3,PROCESSED,1789016160510
2173968,1,INITIATED,1789016160522
2173968,2,VALIDATED,1789016160525
2173968,3,PROCESSED,1789016160530
2173969,1,INITIATED,1789016160542
2173969,2,VALIDATED,1789016160545
2173969,3,PROCESSED,1789016160549
2173970,1,INITIATED,1789016160561
2173970,2,VALIDATED,1789016160565
2173970,3,PROCESSED,1789016160568
2173971,1,INITIATED,1789016160581
2173971,2,VALIDATED,1789016160585
2173971,3,PROCESSED,1789016160590
2173972,1,INITIATED,1789016160601
2173972,2,VALIDATED,1789016160605
2173972,3,PROCESSED,1789016160609
2173973,1,INITIATED,1789016160620
2173973,2,VALIDATED,1789016160623
2173973,3,PROCESSED,1789016160626
2173974,1,INITIATED,1789016160641
2173974,2,VALIDATED,1789016160644
2173974,3,PROCESSED,1789016160648
2173975,1,INITIATED,1789016160661
2173975,2,VALIDATED,1789016160678
2173975,3,PROCESSED,1789016160682
2173976,1,INITIATED,1789016160681
2173976,2,VALIDATED,1789016160683
2173976,3,PROCESSED,1789016160687
2173977,1,INITIATED,1789016160702
2173977,2,VALIDATED,1789016160705
2173977,3,PROCESSED,1789016160709
2173978,1,INITIATED,1789016160721
2173978,2,VALIDATED,1789016160725
2173978,3,PROCESSED,1789016160729
2173979,1,INITIATED,1789016160742
2173979,2,VALIDATED,1789016160745
2173979,3,PROCESSED,1789016160749
2173980,1,INITIATED,1789016160761
2173980,2,VALIDATED,1789016160764
2173980,3,PROCESSED,1789016160769
2173981,1,INITIATED,1789016160781
2173981,2,VALIDATED,1789016160785
2173981,3,PROCESSED,1789016160789
2173982,1,INITIATED,1789016160801
2173982,2,VALIDATED,1789016160804
2173982,3,PROCESSED,1789016160809
2173983,1,INITIATED,1789016160822
2173983,2,VALIDATED,1789016160827
2173983,3,PROCESSED,1789016160831
2173984,1,INITIATED,1789016160841
2173984,2,VALIDATED,1789016160845
2173984,3,PROCESSED,1789016160862
2173985,1,INITIATED,1789016160861
2173985,2,VALIDATED,1789016160863
2173985,3,PROCESSED,1789016160866
2173986,1,INITIATED,1789016160880
2173986,2,VALIDATED,1789016160883
2173986,3,PROCESSED,1789016160887
2173987,1,INITIATED,1789016160901
2173987,2,VALIDATED,1789016160905
2173987,3,PROCESSED,1789016160909
2173988,1,INITIATED,1789016160922
2173988,2,VALIDATED,1789016160925
2173988,3,PROCESSED,1789016160929
2173989,1,INITIATED,1789016160942
2173989,2,VALIDATED,1789016160945
2173989,3,PROCESSED,1789016160949
2173990,1,INITIATED,1789016160962
2173990,2,VALIDATED,1789016160966
2173990,3,PROCESSED,1789016160972
2173991,1,INITIATED,1789016160982
2173991,2,VALIDATED,1789016160987
2173991,3,PROCESSED,1789016160993
2173992,1,INITIATED,1789016161001
2173992,2,VALIDATED,1789016161004
2173992,3,PROCESSED,1789016161009
2173993,1,INITIATED,1789016161022
2173993,2,VALIDATED,1789016161026
2173993,3,PROCESSED,1789016161030
2173994,1,INITIATED,1789016161041
2173994,2,VALIDATED,1789016161045
2173994,3,PROCESSED,1789016161048
2173995,1,INITIATED,1789016161061
2173995,2,VALIDATED,1789016161066
2173995,3,PROCESSED,1789016161070
2173996,1,INITIATED,1789016161082
2173996,2,VALIDATED,1789016161093
2173996,3,PROCESSED,1789016161097
2173997,1,INITIATED,1789016161101
2173997,2,VALIDATED,1789016161103
2173997,3,PROCESSED,1789016161108
2173998,1,INITIATED,1789016161142
2173998,2,VALIDATED,1789016161147
2173998,3,PROCESSED,1789016161264
2173999,1,INITIATED,1789016161142
2173999,2,VALIDATED,1789016161146
2173999,3,PROCESSED,1789016161263
2174000,1,INITIATED,1789016161227
2174000,2,VALIDATED,1789016161263
2174000,3,PROCESSED,1789016161280
2174001,1,INITIATED,1789016161227
2174001,2,VALIDATED,1789016161263
2174001,3,PROCESSED,1789016161280
2174002,1,INITIATED,1789016161227
2174002,2,VALIDATED,1789016161263
2174002,3,PROCESSED,1789016161280
2174003,1,INITIATED,1789016161227
2174003,2,VALIDATED,1789016161263
2174003,3,PROCESSED,1789016161280
2174004,1,INITIATED,1789016161260
2174004,2,VALIDATED,1789016161264
2174004,3,PROCESSED,1789016161280
2174005,1,INITIATED,1789016161261
2174005,2,VALIDATED,1789016161278
2174005,3,PROCESSED,1789016161283
2174006,1,INITIATED,1789016161281
2174006,2,VALIDATED,1789016161284
2174006,3,PROCESSED,1789016161289
2174007,1,INITIATED,1789016161301
2174007,2,VALIDATED,1789016161308
2174007,3,PROCESSED,1789016161312
2174008,1,INITIATED,1789016161321
2174008,2,VALIDATED,1789016161326
2174008,3,PROCESSED,1789016161330
2174009,1,INITIATED,1789016161341
2174009,2,VALIDATED,1789016161347
2174009,3,PROCESSED,1789016161365
2174010,1,INITIATED,1789016161362
2174010,2,VALIDATED,1789016161365
2174010,3,PROCESSED,1789016161381
2174011,1,INITIATED,1789016161380
2174011,2,VALIDATED,1789016161394
2174011,3,PROCESSED,1789016161398
2174012,1,INITIATED,1789016161401
2174012,2,VALIDATED,1789016161403
2174012,3,PROCESSED,1789016161407
2174013,1,INITIATED,1789016161421
2174013,2,VALIDATED,1789016161425
2174013,3,PROCESSED,1789016161429
2174014,1,INITIATED,1789016161442
2174014,2,VALIDATED,1789016161446
2174014,3,PROCESSED,1789016161450
2174015,1,INITIATED,1789016161462
2174015,2,VALIDATED,1789016161465
2174015,3,PROCESSED,1789016161470
2174016,1,INITIATED,1789016161481
2174016,2,VALIDATED,1789016161485
2174016,3,PROCESSED,1789016161490
2174017,1,INITIATED,1789016161501
2174017,2,VALIDATED,1789016161505
2174017,3,PROCESSED,1789016161510
2174018,1,INITIATED,1789016161521
2174018,2,VALIDATED,1789016161525
2174018,3,PROCESSED,1789016161529
2174019,1,INITIATED,1789016161541
2174019,2,VALIDATED,1789016161545
2174019,3,PROCESSED,1789016161549
2174020,1,INITIATED,1789016161562
2174020,2,VALIDATED,1789016161566
2174020,3,PROCESSED,1789016161571
2174021,1,INITIATED,1789016161582
2174021,2,VALIDATED,1789016161586
2174021,3,PROCESSED,1789016161591
2174022,1,INITIATED,1789016161602
2174022,2,VALIDATED,1789016161606
2174022,3,PROCESSED,1789016161623
2174023,1,INITIATED,1789016161622
2174023,2,VALIDATED,1789016161625
2174023,3,PROCESSED,1789016161629
2174024,1,INITIATED,1789016161642
2174024,2,VALIDATED,1789016161645
2174024,3,PROCESSED,1789016161650
2174025,1,INITIATED,1789016161661
2174025,2,VALIDATED,1789016161665
2174025,3,PROCESSED,1789016161670
2174026,1,INITIATED,1789016161682
2174026,2,VALIDATED,1789016161685
2174026,3,PROCESSED,1789016161690
2174027,1,INITIATED,1789016161702
2174027,2,VALIDATED,1789016161705
2174027,3,PROCESSED,1789016161710
2174028,1,INITIATED,1789016161721
2174028,2,VALIDATED,1789016161725
2174028,3,PROCESSED,1789016161729
2174029,1,INITIATED,1789016161742
2174029,2,VALIDATED,1789016161746
2174029,3,PROCESSED,1789016161752
2174030,1,INITIATED,1789016161761
2174030,2,VALIDATED,1789016161765
2174030,3,PROCESSED,1789016161773
2174031,1,INITIATED,1789016161781
2174031,2,VALIDATED,1789016161784
2174031,3,PROCESSED,1789016161789
2174032,1,INITIATED,1789016161801
2174032,2,VALIDATED,1789016161805
2174032,3,PROCESSED,1789016161823
2174033,1,INITIATED,1789016161821
2174033,2,VALIDATED,1789016161825
2174033,3,REJECTED,1789016161828
2174034,1,INITIATED,1789016161842
2174034,2,VALIDATED,1789016161846
2174034,3,REJECTED,1789016161849
2174035,1,INITIATED,1789016161861
2174035,2,VALIDATED,1789016161866
2174035,3,REJECTED,1789016161870
2174036,1,INITIATED,1789016161882
2174036,2,VALIDATED,1789016161886
2174036,3,REJECTED,1789016161889
2174037,1,INITIATED,1789016161902
2174037,2,VALIDATED,1789016161906
2174037,3,PROCESSED,1789016161910
2174038,1,INITIATED,1789016161921
2174038,2,VALIDATED,1789016161925
2174038,3,PROCESSED,1789016161929
2174039,1,INITIATED,1789016161941
2174039,2,VALIDATED,1789016161946
2174039,3,PROCESSED,1789016161949
2174040,1,INITIATED,1789016161961
2174040,2,VALIDATED,1789016161965
2174040,3,PROCESSED,1789016161969
2174041,1,INITIATED,1789016161982
2174041,2,VALIDATED,1789016161986
2174041,3,PROCESSED,1789016161992
2174042,1,INITIATED,1789016162001
2174042,2,VALIDATED,1789016162005
2174042,3,PROCESSED,1789016162010
2174043,1,INITIATED,1789016162022
2174043,2,VALIDATED,1789016162038
2174043,3,PROCESSED,1789016162043
2174044,1,INITIATED,1789016162041
2174044,2,VALIDATED,1789016162043
2174044,3,PROCESSED,1789016162047
2174045,1,INITIATED,1789016162062
2174045,2,VALIDATED,1789016162068
2174045,3,PROCESSED,1789016162080
2174046,1,INITIATED,1789016162082
2174046,2,VALIDATED,1789016162099
2174046,3,PROCESSED,1789016162106
2174047,1,INITIATED,1789016162102
2174047,2,VALIDATED,1789016162106
2174047,3,PROCESSED,1789016162111
2174048,1,INITIATED,1789016162307
2174048,2,VALIDATED,1789016162313
2174048,3,PROCESSED,1789016162415
2174049,1,INITIATED,1789016162308
2174049,2,VALIDATED,1789016162314
2174049,3,PROCESSED,1789016162415
2174050,1,INITIATED,1789016162307
2174050,2,VALIDATED,1789016162313
2174050,3,PROCESSED,1789016162416
2174051,1,INITIATED,1789016162308
2174051,2,VALIDATED,1789016162314
2174051,3,PROCESSED,1789016162416
2174052,1,INITIATED,1789016162308
2174052,2,VALIDATED,1789016162314
2174052,3,PROCESSED,1789016162416
2174053,1,INITIATED,1789016162308
2174053,2,VALIDATED,1789016162314
2174053,3,PROCESSED,1789016162415
2174054,1,INITIATED,1789016162308
2174054,2,VALIDATED,1789016162314
2174054,3,PROCESSED,1789016162416
2174055,1,INITIATED,1789016162309
2174055,2,VALIDATED,1789016162313
2174055,3,PROCESSED,1789016162415
2174056,1,INITIATED,1789016162307
2174056,2,VALIDATED,1789016162314
2174056,3,PROCESSED,1789016162415
2174057,1,INITIATED,1789016162308
2174057,2,VALIDATED,1789016162314
2174057,3,PROCESSED,1789016162415
2174058,1,INITIATED,1789016162323
2174058,2,VALIDATED,1789016162413
2174058,3,PROCESSED,1789016162420
2174059,1,INITIATED,1789016162342
2174059,2,VALIDATED,1789016162414
2174059,3,PROCESSED,1789016162420
2174060,1,INITIATED,1789016162362
2174060,2,VALIDATED,1789016162413
2174060,3,PROCESSED,1789016162420
2174061,1,INITIATED,1789016162382
2174061,2,VALIDATED,1789016162413
2174061,3,PROCESSED,1789016162419
2174062,1,INITIATED,1789016162401
2174062,2,VALIDATED,1789016162413
2174062,3,PROCESSED,1789016162420
2174063,1,INITIATED,1789016162422
2174063,2,VALIDATED,1789016162425
2174063,3,PROCESSED,1789016162430
2174064,1,INITIATED,1789016162442
2174064,2,VALIDATED,1789016162446
2174064,3,PROCESSED,1789016162450
2174065,1,INITIATED,1789016162462
2174065,2,VALIDATED,1789016162466
2174065,3,PROCESSED,1789016162473
2174066,1,INITIATED,1789016162482
2174066,2,VALIDATED,1789016162486
2174066,3,PROCESSED,1789016162505
2174067,1,INITIATED,1789016162502
2174067,2,VALIDATED,1789016162506
2174067,3,PROCESSED,1789016162511
2174068,1,INITIATED,1789016162522
2174068,2,VALIDATED,1789016162526
2174068,3,PROCESSED,1789016162531
2174069,1,INITIATED,1789016162542
2174069,2,VALIDATED,1789016162546
2174069,3,PROCESSED,1789016162550
2174070,1,INITIATED,1789016162561
2174070,2,VALIDATED,1789016162565
2174070,3,PROCESSED,1789016162569
2174071,1,INITIATED,1789016162581
2174071,2,VALIDATED,1789016162584
2174071,3,PROCESSED,1789016162588
2174072,1,INITIATED,1789016162601
2174072,2,VALIDATED,1789016162605
2174072,3,PROCESSED,1789016162609
2174073,1,INITIATED,1789016162621
2174073,2,VALIDATED,1789016162625
2174073,3,PROCESSED,1789016162630
2174074,1,INITIATED,1789016162641
2174074,2,VALIDATED,1789016162645
2174074,3,PROCESSED,1789016162649
2174075,1,INITIATED,1789016162661
2174075,2,VALIDATED,1789016162665
2174075,3,PROCESSED,1789016162668
2174076,1,INITIATED,1789016162685
2174076,2,VALIDATED,1789016162690
2174076,3,PROCESSED,1789016162694
2174077,1,INITIATED,1789016162702
2174077,2,VALIDATED,1789016162705
2174077,3,PROCESSED,1789016162709
2174078,1,INITIATED,1789016162722
2174078,2,VALIDATED,1789016162736
2174078,3,PROCESSED,1789016162741
2174079,1,INITIATED,1789016162742
2174079,2,VALIDATED,1789016162745
2174079,3,PROCESSED,1789016162749
2174080,1,INITIATED,1789016162761
2174080,2,VALIDATED,1789016162765
2174080,3,PROCESSED,1789016162773
2174081,1,INITIATED,1789016162781
2174081,2,VALIDATED,1789016162784
2174081,3,PROCESSED,1789016162789
2174082,1,INITIATED,1789016162802
2174082,2,VALIDATED,1789016162805
2174082,3,PROCESSED,1789016162810
2174083,1,INITIATED,1789016162821
2174083,2,VALIDATED,1789016162825
2174083,3,PROCESSED,1789016162830
2174084,1,INITIATED,1789016162841
2174084,2,VALIDATED,1789016162846
2174084,3,PROCESSED,1789016162851
2174085,1,INITIATED,1789016162861
2174085,2,VALIDATED,1789016162865
2174085,3,PROCESSED,1789016162869
2174086,1,INITIATED,1789016162881
2174086,2,VALIDATED,1789016162885
2174086,3,PROCESSED,1789016162890
2174087,1,INITIATED,1789016162901
2174087,2,VALIDATED,1789016162905
2174087,3,PROCESSED,1789016162909
2174088,1,INITIATED,1789016162921
2174088,2,VALIDATED,1789016162925
2174088,3,PROCESSED,1789016162929
2174089,1,INITIATED,1789016162941
2174089,2,VALIDATED,1789016162945
2174089,3,PROCESSED,1789016162950
2174090,1,INITIATED,1789016162961
2174090,2,VALIDATED,1789016162965
2174090,3,PROCESSED,1789016162969
2174091,1,INITIATED,1789016162981
2174091,2,VALIDATED,1789016162985
2174091,3,PROCESSED,1789016162990
2174092,1,INITIATED,1789016163001
2174092,2,VALIDATED,1789016163005
2174092,3,PROCESSED,1789016163010
2174093,1,INITIATED,1789016163022
2174093,2,VALIDATED,1789016163039
2174093,3,PROCESSED,1789016163044
2174094,1,INITIATED,1789016163041
2174094,2,VALIDATED,1789016163045
2174094,3,PROCESSED,1789016163049
2174095,1,INITIATED,1789016163062
2174095,2,VALIDATED,1789016163067
2174095,3,PROCESSED,1789016163073
2174096,1,INITIATED,1789016163082
2174096,2,VALIDATED,1789016163085
2174096,3,PROCESSED,1789016163089
2174097,1,INITIATED,1789016163101
2174097,2,VALIDATED,1789016163105
2174097,3,PROCESSED,1789016163109
2174098,1,INITIATED,1789016163122
2174098,2,VALIDATED,1789016163432
2174098,3,PROCESSED,1789016163455
2174099,1,INITIATED,1789016163430
2174099,2,VALIDATED,1789016163449
2174099,3,PROCESSED,1789016163455
2174100,1,INITIATED,1789016163430
2174100,2,VALIDATED,1789016163453
2174100,3,PROCESSED,1789016163565
2174101,1,INITIATED,1789016163432
2174101,2,VALIDATED,1789016163453
2174101,3,PROCESSED,1789016163566
2174102,1,INITIATED,1789016163432
2174102,2,VALIDATED,1789016163453
2174102,3,PROCESSED,1789016163567
2174103,1,INITIATED,1789016163433
2174103,2,VALIDATED,1789016163453
2174103,3,PROCESSED,1789016163567
2174104,1,INITIATED,1789016163430
2174104,2,VALIDATED,1789016163450
2174104,3,PROCESSED,1789016163457
2174105,1,INITIATED,1789016163431
2174105,2,VALIDATED,1789016163453
2174105,3,PROCESSED,1789016163567
2174106,1,INITIATED,1789016163432
2174106,2,VALIDATED,1789016163453
2174106,3,PROCESSED,1789016163567
2174107,1,INITIATED,1789016163430
2174107,2,VALIDATED,1789016163452
2174107,3,PROCESSED,1789016163567
2174108,1,INITIATED,1789016163433
2174108,2,VALIDATED,1789016163452
2174108,3,PROCESSED,1789016163565
2174109,1,INITIATED,1789016163432
2174109,2,VALIDATED,1789016163453
2174109,3,PROCESSED,1789016163566
2174110,1,INITIATED,1789016163431
2174110,2,VALIDATED,1789016163453
2174110,3,PROCESSED,1789016163566
2174111,1,INITIATED,1789016163431
2174111,2,VALIDATED,1789016163452
2174111,3,PROCESSED,1789016163565
2174112,1,INITIATED,1789016163431
2174112,2,VALIDATED,1789016163452
2174112,3,PROCESSED,1789016163565
2174113,1,INITIATED,1789016163432
2174113,2,VALIDATED,1789016163452
2174113,3,PROCESSED,1789016163565
2174114,1,INITIATED,1789016163441
2174114,2,VALIDATED,1789016163452
2174114,3,PROCESSED,1789016163566
2174115,1,INITIATED,1789016163462
2174115,2,VALIDATED,1789016163564
2174115,3,PROCESSED,1789016163570
2174116,1,INITIATED,1789016163481
2174116,2,VALIDATED,1789016163564
2174116,3,PROCESSED,1789016163572
2174117,1,INITIATED,1789016163501
2174117,2,VALIDATED,1789016163564
2174117,3,PROCESSED,1789016163570
2174118,1,INITIATED,1789016163523
2174118,2,VALIDATED,1789016163564
2174118,3,PROCESSED,1789016163573
2174119,1,INITIATED,1789016163561
2174119,2,VALIDATED,1789016163566
2174119,3,PROCESSED,1789016163572
2174120,1,INITIATED,1789016163562
2174120,2,VALIDATED,1789016163568
2174120,3,PROCESSED,1789016163574
2174121,1,INITIATED,1789016163581
2174121,2,VALIDATED,1789016163584
2174121,3,PROCESSED,1789016163588
2174122,1,INITIATED,1789016163601
2174122,2,VALIDATED,1789016163604
2174122,3,PROCESSED,1789016163624
2174123,1,INITIATED,1789016163621
2174123,2,VALIDATED,1789016163625
2174123,3,PROCESSED,1789016163628
2174124,1,INITIATED,1789016163641
2174124,2,VALIDATED,1789016163644
2174124,3,PROCESSED,1789016163647
2174125,1,INITIATED,1789016163662
2174125,2,VALIDATED,1789016163666
2174125,3,PROCESSED,1789016163670
2174126,1,INITIATED,1789016163681
2174126,2,VALIDATED,1789016163684
2174126,3,PROCESSED,1789016163687
2174127,1,INITIATED,1789016163701
2174127,2,VALIDATED,1789016163703
2174127,3,PROCESSED,1789016163706
2174128,1,INITIATED,1789016163721
2174128,2,VALIDATED,1789016163724
2174128,3,PROCESSED,1789016163727
2174129,1,INITIATED,1789016163741
2174129,2,VALIDATED,1789016163744
2174129,3,PROCESSED,1789016163746
2174130,1,INITIATED,1789016163761
2174130,2,VALIDATED,1789016163765
2174130,3,PROCESSED,1789016163769
2174131,1,INITIATED,1789016163780
2174131,2,VALIDATED,1789016163784
2174131,3,PROCESSED,1789016163787
2174132,1,INITIATED,1789016163800
2174132,2,VALIDATED,1789016163803
2174132,3,PROCESSED,1789016163806
2174133,1,INITIATED,1789016163821
2174133,2,VALIDATED,1789016163823
2174133,3,REJECTED,1789016163825
2174134,1,INITIATED,1789016163841
2174134,2,VALIDATED,1789016163844
2174134,3,REJECTED,1789016163846
2174135,1,INITIATED,1789016163860
2174135,2,VALIDATED,1789016163863
2174135,3,REJECTED,1789016163865
2174136,1,INITIATED,1789016163881
2174136,2,VALIDATED,1789016163884
2174136,3,REJECTED,1789016163886
2174137,1,INITIATED,1789016163901
2174137,2,VALIDATED,1789016163904
2174137,3,PROCESSED,1789016163908
2174138,1,INITIATED,1789016163921
2174138,2,VALIDATED,1789016163924
2174138,3,PROCESSED,1789016163926
2174139,1,INITIATED,1789016163941
2174139,2,VALIDATED,1789016163944
2174139,3,PROCESSED,1789016163946
2174140,1,INITIATED,1789016163962
2174140,2,VALIDATED,1789016163966
2174140,3,PROCESSED,1789016163970
2174141,1,INITIATED,1789016163981
2174141,2,VALIDATED,1789016163985
2174141,3,PROCESSED,1789016163988
2174142,1,INITIATED,1789016164001
2174142,2,VALIDATED,1789016164005
2174142,3,PROCESSED,1789016164009
2174143,1,INITIATED,1789016164021
2174143,2,VALIDATED,1789016164024
2174143,3,PROCESSED,1789016164027
2174144,1,INITIATED,1789016164041
2174144,2,VALIDATED,1789016164044
2174144,3,PROCESSED,1789016164047
2174145,1,INITIATED,1789016164060
2174145,2,VALIDATED,1789016164064
2174145,3,PROCESSED,1789016164066
2174146,1,INITIATED,1789016164082
2174146,2,VALIDATED,1789016164097
2174146,3,PROCESSED,1789016164100
2174147,1,INITIATED,1789016164101
2174147,2,VALIDATED,1789016164104
2174147,3,PROCESSED,1789016164107
2174148,1,INITIATED,1789016164121
2174148,2,VALIDATED,1789016164159
2174148,3,PROCESSED,1789016164178
2174149,1,INITIATED,1789016164157
2174149,2,VALIDATED,1789016164177
2174149,3,PROCESSED,1789016164181
2174150,1,INITIATED,1789016164160
2174150,2,VALIDATED,1789016164177
2174150,3,PROCESSED,1789016164181
2174151,1,INITIATED,1789016164181
2174151,2,VALIDATED,1789016164184
2174151,3,PROCESSED,1789016164187
2174152,1,INITIATED,1789016164201
2174152,2,VALIDATED,1789016164206
2174152,3,PROCESSED,1789016164210
2174153,1,INITIATED,1789016164221
2174153,2,VALIDATED,1789016164225
2174153,3,PROCESSED,1789016164228
2174154,1,INITIATED,1789016164241
2174154,2,VALIDATED,1789016164244
2174154,3,PROCESSED,1789016164248
2174155,1,INITIATED,1789016164261
2174155,2,VALIDATED,1789016164265
2174155,3,PROCESSED,1789016164270
2174156,1,INITIATED,1789016164281
2174156,2,VALIDATED,1789016164285
2174156,3,PROCESSED,1789016164290
2174157,1,INITIATED,1789016164302
2174157,2,VALIDATED,1789016164306
2174157,3,PROCESSED,1789016164310
2174158,1,INITIATED,1789016164321
2174158,2,VALIDATED,1789016164325
2174158,3,PROCESSED,1789016164328
2174159,1,INITIATED,1789016164341
2174159,2,VALIDATED,1789016164345
2174159,3,PROCESSED,1789016164349
2174160,1,INITIATED,1789016164361
2174160,2,VALIDATED,1789016164364
2174160,3,PROCESSED,1789016164368
2174161,1,INITIATED,1789016164381
2174161,2,VALIDATED,1789016164383
2174161,3,PROCESSED,1789016164387
2174162,1,INITIATED,1789016164402
2174162,2,VALIDATED,1789016164406
2174162,3,PROCESSED,1789016164411
2174163,1,INITIATED,1789016164421
2174163,2,VALIDATED,1789016164425
2174163,3,PROCESSED,1789016164430
2174164,1,INITIATED,1789016164442
2174164,2,VALIDATED,1789016164450
2174164,3,PROCESSED,1789016164454
2174165,1,INITIATED,1789016164461
2174165,2,VALIDATED,1789016164464
2174165,3,PROCESSED,1789016164468
2174166,1,INITIATED,1789016164482
2174166,2,VALIDATED,1789016164486
2174166,3,PROCESSED,1789016164490
2174167,1,INITIATED,1789016164502
2174167,2,VALIDATED,1789016164506
2174167,3,PROCESSED,1789016164510
2174168,1,INITIATED,1789016164521
2174168,2,VALIDATED,1789016164525
2174168,3,PROCESSED,1789016164529
2174169,1,INITIATED,1789016164542
2174169,2,VALIDATED,1789016164546
2174169,3,PROCESSED,1789016164549
2174170,1,INITIATED,1789016164562
2174170,2,VALIDATED,1789016164566
2174170,3,PROCESSED,1789016164571
2174171,1,INITIATED,1789016164581
2174171,2,VALIDATED,1789016164585
2174171,3,PROCESSED,1789016164589
2174172,1,INITIATED,1789016164602
2174172,2,VALIDATED,1789016164605
2174172,3,PROCESSED,1789016164610
2174173,1,INITIATED,1789016164621
2174173,2,VALIDATED,1789016164626
2174173,3,PROCESSED,1789016164630
2174174,1,INITIATED,1789016164642
2174174,2,VALIDATED,1789016164645
2174174,3,PROCESSED,1789016164649
2174175,1,INITIATED,1789016164662
2174175,2,VALIDATED,1789016164665
2174175,3,PROCESSED,1789016164669
2174176,1,INITIATED,1789016164681
2174176,2,VALIDATED,1789016164684
2174176,3,PROCESSED,1789016164687
2174177,1,INITIATED,1789016164702
2174177,2,VALIDATED,1789016164705
2174177,3,PROCESSED,1789016164709
2174178,1,INITIATED,1789016164721
2174178,2,VALIDATED,1789016164727
2174178,3,PROCESSED,1789016164732
2174179,1,INITIATED,1789016164741
2174179,2,VALIDATED,1789016164745
2174179,3,PROCESSED,1789016164749
2174180,1,INITIATED,1789016164762
2174180,2,VALIDATED,1789016164766
2174180,3,PROCESSED,1789016164771
2174181,1,INITIATED,1789016164781
2174181,2,VALIDATED,1789016164785
2174181,3,PROCESSED,1789016164789
2174182,1,INITIATED,1789016164801
2174182,2,VALIDATED,1789016164804
2174182,3,PROCESSED,1789016164808
2174183,1,INITIATED,1789016164821
2174183,2,VALIDATED,1789016164825
2174183,3,PROCESSED,1789016164828
2174184,1,INITIATED,1789016164841
2174184,2,VALIDATED,1789016164844
2174184,3,PROCESSED,1789016164848
2174185,1,INITIATED,1789016164861
2174185,2,VALIDATED,1789016164865
2174185,3,PROCESSED,1789016164870
2174186,1,INITIATED,1789016164882
2174186,2,VALIDATED,1789016164885
2174186,3,PROCESSED,1789016164889
2174187,1,INITIATED,1789016164901
2174187,2,VALIDATED,1789016164913
2174187,3,PROCESSED,1789016164917
2174188,1,INITIATED,1789016164921
2174188,2,VALIDATED,1789016164924
2174188,3,PROCESSED,1789016164927
2174189,1,INITIATED,1789016164941
2174189,2,VALIDATED,1789016164944
2174189,3,PROCESSED,1789016164947
2174190,1,INITIATED,1789016164961
2174190,2,VALIDATED,1789016164965
2174190,3,PROCESSED,1789016164969
2174191,1,INITIATED,1789016164981
2174191,2,VALIDATED,1789016164985
2174191,3,PROCESSED,1789016164988
2174192,1,INITIATED,1789016165001
2174192,2,VALIDATED,1789016165004
2174192,3,PROCESSED,1789016165009
2174193,1,INITIATED,1789016165021
2174193,2,VALIDATED,1789016165025
2174193,3,PROCESSED,1789016165029
2174194,1,INITIATED,1789016165041
2174194,2,VALIDATED,1789016165045
2174194,3,PROCESSED,1789016165050
2174195,1,INITIATED,1789016165061
2174195,2,VALIDATED,1789016165065
2174195,3,PROCESSED,1789016165068
2174196,1,INITIATED,1789016165081
2174196,2,VALIDATED,1789016165085
2174196,3,PROCESSED,1789016165088
2174197,1,INITIATED,1789016165101
2174197,2,VALIDATED,1789016165105
2174197,3,PROCESSED,1789016165112
2174198,1,INITIATED,1789016165370
2174198,2,VALIDATED,1789016165375
2174198,3,PROCESSED,1789016165467
2174199,1,INITIATED,1789016165370
2174199,2,VALIDATED,1789016165376
2174199,3,PROCESSED,1789016165466
2174200,1,INITIATED,1789016165371
2174200,2,VALIDATED,1789016165375
2174200,3,PROCESSED,1789016165383
2174201,1,INITIATED,1789016165371
2174201,2,VALIDATED,1789016165376
2174201,3,PROCESSED,1789016165466
2174202,1,INITIATED,1789016165370
2174202,2,VALIDATED,1789016165376
2174202,3,PROCESSED,1789016165466
2174203,1,INITIATED,1789016165372
2174203,2,VALIDATED,1789016165377
2174203,3,PROCESSED,1789016165469
2174204,1,INITIATED,1789016165371
2174204,2,VALIDATED,1789016165376
2174204,3,PROCESSED,1789016165468
2174205,1,INITIATED,1789016165371
2174205,2,VALIDATED,1789016165377
2174205,3,PROCESSED,1789016165469
2174206,1,INITIATED,1789016165371
2174206,2,VALIDATED,1789016165377
2174206,3,PROCESSED,1789016165469
2174207,1,INITIATED,1789016165371
2174207,2,VALIDATED,1789016165378
2174207,3,PROCESSED,1789016165468
2174208,1,INITIATED,1789016165370
2174208,2,VALIDATED,1789016165375
2174208,3,PROCESSED,1789016165468
2174209,1,INITIATED,1789016165372
2174209,2,VALIDATED,1789016165376
2174209,3,PROCESSED,1789016165467
2174210,1,INITIATED,1789016165370
2174210,2,VALIDATED,1789016165377
2174210,3,PROCESSED,1789016165467
2174211,1,INITIATED,1789016165382
2174211,2,VALIDATED,1789016165464
2174211,3,PROCESSED,1789016165471
2174212,1,INITIATED,1789016165402
2174212,2,VALIDATED,1789016165469
2174212,3,PROCESSED,1789016165477
2174213,1,INITIATED,1789016165462
2174213,2,VALIDATED,1789016165470
2174213,3,PROCESSED,1789016165477
2174214,1,INITIATED,1789016165462
2174214,2,VALIDATED,1789016165470
2174214,3,PROCESSED,1789016165478
2174215,1,INITIATED,1789016165461
2174215,2,VALIDATED,1789016165469
2174215,3,PROCESSED,1789016165477
2174216,1,INITIATED,1789016165481
2174216,2,VALIDATED,1789016165484
2174216,3,PROCESSED,1789016165488
2174217,1,INITIATED,1789016165501
2174217,2,VALIDATED,1789016165504
2174217,3,PROCESSED,1789016165507
2174218,1,INITIATED,1789016165521
2174218,2,VALIDATED,1789016165524
2174218,3,PROCESSED,1789016165528
2174219,1,INITIATED,1789016165541
2174219,2,VALIDATED,1789016165544
2174219,3,PROCESSED,1789016165547
2174220,1,INITIATED,1789016165561
2174220,2,VALIDATED,1789016165564
2174220,3,PROCESSED,1789016165567
2174221,1,INITIATED,1789016165581
2174221,2,VALIDATED,1789016165583
2174221,3,PROCESSED,1789016165586
2174222,1,INITIATED,1789016165601
2174222,2,VALIDATED,1789016165604
2174222,3,PROCESSED,1789016165608
2174223,1,INITIATED,1789016165621
2174223,2,VALIDATED,1789016165627
2174223,3,PROCESSED,1789016165631
2174224,1,INITIATED,1789016165641
2174224,2,VALIDATED,1789016165645
2174224,3,PROCESSED,1789016165649
2174225,1,INITIATED,1789016165662
2174225,2,VALIDATED,1789016165665
2174225,3,PROCESSED,1789016165668
2174226,1,INITIATED,1789016165681
2174226,2,VALIDATED,1789016165684
2174226,3,PROCESSED,1789016165686
2174227,1,INITIATED,1789016165702
2174227,2,VALIDATED,1789016165704
2174227,3,PROCESSED,1789016165707
2174228,1,INITIATED,1789016165721
2174228,2,VALIDATED,1789016165724
2174228,3,PROCESSED,1789016165727
2174229,1,INITIATED,1789016165741
2174229,2,VALIDATED,1789016165744
2174229,3,PROCESSED,1789016165748
2174230,1,INITIATED,1789016165761
2174230,2,VALIDATED,1789016165764
2174230,3,PROCESSED,1789016165769
2174231,1,INITIATED,1789016165781
2174231,2,VALIDATED,1789016165784
2174231,3,PROCESSED,1789016165787
2174232,1,INITIATED,1789016165801
2174232,2,VALIDATED,1789016165804
2174232,3,PROCESSED,1789016165807
2174233,1,INITIATED,1789016165821
2174233,2,VALIDATED,1789016165824
2174233,3,REJECTED,1789016165827
2174234,1,INITIATED,1789016165841
2174234,2,VALIDATED,1789016165845
2174234,3,REJECTED,1789016165847
2174235,1,INITIATED,1789016165861
2174235,2,VALIDATED,1789016165864
2174235,3,REJECTED,1789016165867
2174236,1,INITIATED,1789016165881
2174236,2,VALIDATED,1789016165884
2174236,3,REJECTED,1789016165887
2174237,1,INITIATED,1789016165901
2174237,2,VALIDATED,1789016165904
2174237,3,PROCESSED,1789016165908
2174238,1,INITIATED,1789016165921
2174238,2,VALIDATED,1789016165925
2174238,3,PROCESSED,1789016165928
2174239,1,INITIATED,1789016165942
2174239,2,VALIDATED,1789016165945
2174239,3,PROCESSED,1789016165948
2174240,1,INITIATED,1789016165961
2174240,2,VALIDATED,1789016165964
2174240,3,PROCESSED,1789016165967
2174241,1,INITIATED,1789016165981
2174241,2,VALIDATED,1789016165990
2174241,3,PROCESSED,1789016165994
2174242,1,INITIATED,1789016166001
2174242,2,VALIDATED,1789016166003
2174242,3,PROCESSED,1789016166006
2174243,1,INITIATED,1789016166021
2174243,2,VALIDATED,1789016166024
2174243,3,PROCESSED,1789016166028
2174244,1,INITIATED,1789016166041
2174244,2,VALIDATED,1789016166044
2174244,3,PROCESSED,1789016166047
2174245,1,INITIATED,1789016166061
2174245,2,VALIDATED,1789016166065
2174245,3,PROCESSED,1789016166069
2174246,1,INITIATED,1789016166082
2174246,2,VALIDATED,1789016166084
2174246,3,PROCESSED,1789016166088
2174247,1,INITIATED,1789016166101
2174247,2,VALIDATED,1789016166105
2174247,3,PROCESSED,1789016166109
2174248,1,INITIATED,1789016166121
2174248,2,VALIDATED,1789016166297
2174248,3,PROCESSED,1789016166350
2174249,1,INITIATED,1789016166297
2174249,2,VALIDATED,1789016166303
2174249,3,PROCESSED,1789016166369
2174250,1,INITIATED,1789016166296
2174250,2,VALIDATED,1789016166303
2174250,3,PROCESSED,1789016166369
2174251,1,INITIATED,1789016166296
2174251,2,VALIDATED,1789016166304
2174251,3,PROCESSED,1789016166369
2174252,1,INITIATED,1789016166296
2174252,2,VALIDATED,1789016166303
2174252,3,PROCESSED,1789016166369
2174253,1,INITIATED,1789016166297
2174253,2,VALIDATED,1789016166304
2174253,3,PROCESSED,1789016166369
2174254,1,INITIATED,1789016166296
2174254,2,VALIDATED,1789016166304
2174254,3,PROCESSED,1789016166369
2174255,1,INITIATED,1789016166296
2174255,2,VALIDATED,1789016166303
2174255,3,PROCESSED,1789016166370
2174256,1,INITIATED,1789016166296
2174256,2,VALIDATED,1789016166304
2174256,3,PROCESSED,1789016166370
2174257,1,INITIATED,1789016166302
2174257,2,VALIDATED,1789016166367
2174257,3,PROCESSED,1789016166375
2174258,1,INITIATED,1789016166347
2174258,2,VALIDATED,1789016166368
2174258,3,PROCESSED,1789016166376
2174259,1,INITIATED,1789016166347
2174259,2,VALIDATED,1789016166368
2174259,3,PROCESSED,1789016166376
2174260,1,INITIATED,1789016166361
2174260,2,VALIDATED,1789016166369
2174260,3,PROCESSED,1789016166376
2174261,1,INITIATED,1789016166381
2174261,2,VALIDATED,1789016166387
2174261,3,PROCESSED,1789016166390
2174262,1,INITIATED,1789016166401
2174262,2,VALIDATED,1789016166405
2174262,3,PROCESSED,1789016166410
2174263,1,INITIATED,1789016166420
2174263,2,VALIDATED,1789016166424
2174263,3,PROCESSED,1789016166428
2174264,1,INITIATED,1789016166441
2174264,2,VALIDATED,1789016166445
2174264,3,PROCESSED,1789016166448
2174265,1,INITIATED,1789016166460
2174265,2,VALIDATED,1789016166464
2174265,3,PROCESSED,1789016166466
2174266,1,INITIATED,1789016166481
2174266,2,VALIDATED,1789016166486
2174266,3,PROCESSED,1789016166489
2174267,1,INITIATED,1789016166501
2174267,2,VALIDATED,1789016166504
2174267,3,PROCESSED,1789016166508
2174268,1,INITIATED,1789016166521
2174268,2,VALIDATED,1789016166525
2174268,3,PROCESSED,1789016166530
2174269,1,INITIATED,1789016166541
2174269,2,VALIDATED,1789016166545
2174269,3,PROCESSED,1789016166548
2174270,1,INITIATED,1789016166561
2174270,2,VALIDATED,1789016166564
2174270,3,PROCESSED,1789016166568
2174271,1,INITIATED,1789016166581
2174271,2,VALIDATED,1789016166584
2174271,3,PROCESSED,1789016166587
2174272,1,INITIATED,1789016166601
2174272,2,VALIDATED,1789016166604
2174272,3,PROCESSED,1789016166607
2174273,1,INITIATED,1789016166620
2174273,2,VALIDATED,1789016166623
2174273,3,PROCESSED,1789016166626
2174274,1,INITIATED,1789016166641
2174274,2,VALIDATED,1789016166644
2174274,3,PROCESSED,1789016166647
2174275,1,INITIATED,1789016166661
2174275,2,VALIDATED,1789016166667
2174275,3,PROCESSED,1789016166671
2174276,1,INITIATED,1789016166681
2174276,2,VALIDATED,1789016166683
2174276,3,PROCESSED,1789016166686
2174277,1,INITIATED,1789016166701
2174277,2,VALIDATED,1789016166703
2174277,3,PROCESSED,1789016166707
2174278,1,INITIATED,1789016166721
2174278,2,VALIDATED,1789016166724
2174278,3,PROCESSED,1789016166727
2174279,1,INITIATED,1789016166741
2174279,2,VALIDATED,1789016166744
2174279,3,PROCESSED,1789016166746
2174280,1,INITIATED,1789016166761
2174280,2,VALIDATED,1789016166764
2174280,3,PROCESSED,1789016166769
2174281,1,INITIATED,1789016166782
2174281,2,VALIDATED,1789016166784
2174281,3,PROCESSED,1789016166788
2174282,1,INITIATED,1789016166801
2174282,2,VALIDATED,1789016166804
2174282,3,PROCESSED,1789016166807
2174283,1,INITIATED,1789016166821
2174283,2,VALIDATED,1789016166824
2174283,3,PROCESSED,1789016166827
2174284,1,INITIATED,1789016166841
2174284,2,VALIDATED,1789016166843
2174284,3,PROCESSED,1789016166846
2174285,1,INITIATED,1789016166861
2174285,2,VALIDATED,1789016166864
2174285,3,PROCESSED,1789016166867
2174286,1,INITIATED,1789016166881
2174286,2,VALIDATED,1789016166884
2174286,3,PROCESSED,1789016166891
2174287,1,INITIATED,1789016166901
2174287,2,VALIDATED,1789016166904
2174287,3,PROCESSED,1789016166908
2174288,1,INITIATED,1789016166921
2174288,2,VALIDATED,1789016166924
2174288,3,PROCESSED,1789016166927
2174289,1,INITIATED,1789016166941
2174289,2,VALIDATED,1789016166944
2174289,3,PROCESSED,1789016166947
2174290,1,INITIATED,1789016166961
2174290,2,VALIDATED,1789016166965
2174290,3,PROCESSED,1789016166969
2174291,1,INITIATED,1789016166981
2174291,2,VALIDATED,1789016166984
2174291,3,PROCESSED,1789016166986
2174292,1,INITIATED,1789016167001
2174292,2,VALIDATED,1789016167005
2174292,3,PROCESSED,1789016167009
2174293,1,INITIATED,1789016167021
2174293,2,VALIDATED,1789016167024
2174293,3,PROCESSED,1789016167027
2174294,1,INITIATED,1789016167041
2174294,2,VALIDATED,1789016167043
2174294,3,PROCESSED,1789016167047
2174295,1,INITIATED,1789016167061
2174295,2,VALIDATED,1789016167064
2174295,3,PROCESSED,1789016167069
2174296,1,INITIATED,1789016167081
2174296,2,VALIDATED,1789016167084
2174296,3,PROCESSED,1789016167087
2174297,1,INITIATED,1789016167101
2174297,2,VALIDATED,1789016167105
2174297,3,PROCESSED,1789016167110
2174298,1,INITIATED,1789016167121
2174298,2,VALIDATED,1789016167291
2174298,3,PROCESSED,1789016167306
2174299,1,INITIATED,1789016167291
2174299,2,VALIDATED,1789016167305
2174299,3,PROCESSED,1789016167357
2174300,1,INITIATED,1789016167290
2174300,2,VALIDATED,1789016167305
2174300,3,PROCESSED,1789016167357
2174301,1,INITIATED,1789016167290
2174301,2,VALIDATED,1789016167305
2174301,3,PROCESSED,1789016167357
2174302,1,INITIATED,1789016167289
2174302,2,VALIDATED,1789016167304
2174302,3,PROCESSED,1789016167358
2174303,1,INITIATED,1789016167289
2174303,2,VALIDATED,1789016167304
2174303,3,PROCESSED,1789016167358
2174304,1,INITIATED,1789016167289
2174304,2,VALIDATED,1789016167305
2174304,3,PROCESSED,1789016167358
2174305,1,INITIATED,1789016167290
2174305,2,VALIDATED,1789016167304
2174305,3,PROCESSED,1789016167356
2174306,1,INITIATED,1789016167290
2174306,2,VALIDATED,1789016167305
2174306,3,PROCESSED,1789016167356
2174307,1,INITIATED,1789016167301
2174307,2,VALIDATED,1789016167338
2174307,3,PROCESSED,1789016167358
2174308,1,INITIATED,1789016167321
2174308,2,VALIDATED,1789016167353
2174308,3,PROCESSED,1789016167362
2174309,1,INITIATED,1789016167341
2174309,2,VALIDATED,1789016167354
2174309,3,PROCESSED,1789016167362
2174310,1,INITIATED,1789016167361
2174310,2,VALIDATED,1789016167364
2174310,3,PROCESSED,1789016167367
2174311,1,INITIATED,1789016167381
2174311,2,VALIDATED,1789016167384
2174311,3,PROCESSED,1789016167387
2174312,1,INITIATED,1789016167401
2174312,2,VALIDATED,1789016167404
2174312,3,PROCESSED,1789016167407
2174313,1,INITIATED,1789016167420
2174313,2,VALIDATED,1789016167427
2174313,3,PROCESSED,1789016167431
2174314,1,INITIATED,1789016167442
2174314,2,VALIDATED,1789016167446
2174314,3,PROCESSED,1789016167449
2174315,1,INITIATED,1789016167461
2174315,2,VALIDATED,1789016167464
2174315,3,PROCESSED,1789016167468
2174316,1,INITIATED,1789016167481
2174316,2,VALIDATED,1789016167485
2174316,3,PROCESSED,1789016167488
2174317,1,INITIATED,1789016167501
2174317,2,VALIDATED,1789016167504
2174317,3,PROCESSED,1789016167507
2174318,1,INITIATED,1789016167521
2174318,2,VALIDATED,1789016167525
2174318,3,PROCESSED,1789016167528
2174319,1,INITIATED,1789016167541
2174319,2,VALIDATED,1789016167544
2174319,3,PROCESSED,1789016167547
2174320,1,INITIATED,1789016167561
2174320,2,VALIDATED,1789016167565
2174320,3,PROCESSED,1789016167569
2174321,1,INITIATED,1789016167581
2174321,2,VALIDATED,1789016167585
2174321,3,PROCESSED,1789016167588
2174322,1,INITIATED,1789016167601
2174322,2,VALIDATED,1789016167608
2174322,3,PROCESSED,1789016167611
2174323,1,INITIATED,1789016167621
2174323,2,VALIDATED,1789016167624
2174323,3,PROCESSED,1789016167627
2174324,1,INITIATED,1789016167641
2174324,2,VALIDATED,1789016167644
2174324,3,PROCESSED,1789016167647
2174325,1,INITIATED,1789016167661
2174325,2,VALIDATED,1789016167664
2174325,3,PROCESSED,1789016167667
2174326,1,INITIATED,1789016167681
2174326,2,VALIDATED,1789016167684
2174326,3,PROCESSED,1789016167690
2174327,1,INITIATED,1789016167701
2174327,2,VALIDATED,1789016167704
2174327,3,PROCESSED,1789016167708
2174328,1,INITIATED,1789016167722
2174328,2,VALIDATED,1789016167728
2174328,3,PROCESSED,1789016167731
2174329,1,INITIATED,1789016167741
2174329,2,VALIDATED,1789016167745
2174329,3,PROCESSED,1789016167748
2174330,1,INITIATED,1789016167761
2174330,2,VALIDATED,1789016167764
2174330,3,PROCESSED,1789016167768
2174331,1,INITIATED,1789016167782
2174331,2,VALIDATED,1789016167785
2174331,3,PROCESSED,1789016167789
2174332,1,INITIATED,1789016167801
2174332,2,VALIDATED,1789016167804
2174332,3,PROCESSED,1789016167810
2174333,1,INITIATED,1789016167821
2174333,2,VALIDATED,1789016167824
2174333,3,REJECTED,1789016167826
2174334,1,INITIATED,1789016167841
2174334,2,VALIDATED,1789016167843
2174334,3,REJECTED,1789016167845
2174335,1,INITIATED,1789016167861
2174335,2,VALIDATED,1789016167865
2174335,3,REJECTED,1789016167868
2174336,1,INITIATED,1789016167881
2174336,2,VALIDATED,1789016167884
2174336,3,REJECTED,1789016167887
2174337,1,INITIATED,1789016167901
2174337,2,VALIDATED,1789016167908
2174337,3,PROCESSED,1789016167911
2174338,1,INITIATED,1789016167921
2174338,2,VALIDATED,1789016167924
2174338,3,PROCESSED,1789016167927
2174339,1,INITIATED,1789016167941
2174339,2,VALIDATED,1789016167945
2174339,3,PROCESSED,1789016167947
2174340,1,INITIATED,1789016167961
2174340,2,VALIDATED,1789016167964
2174340,3,PROCESSED,1789016167967
2174341,1,INITIATED,1789016167981
2174341,2,VALIDATED,1789016167984
2174341,3,PROCESSED,1789016167987
2174342,1,INITIATED,1789016168001
2174342,2,VALIDATED,1789016168004
2174342,3,PROCESSED,1789016168010
2174343,1,INITIATED,1789016168021
2174343,2,VALIDATED,1789016168024
2174343,3,PROCESSED,1789016168028
2174344,1,INITIATED,1789016168041
2174344,2,VALIDATED,1789016168045
2174344,3,PROCESSED,1789016168050
2174345,1,INITIATED,1789016168062
2174345,2,VALIDATED,1789016168068
2174345,3,PROCESSED,1789016168073
2174346,1,INITIATED,1789016168081
2174346,2,VALIDATED,1789016168085
2174346,3,PROCESSED,1789016168088
2174347,1,INITIATED,1789016168101
2174347,2,VALIDATED,1789016168105
2174347,3,PROCESSED,1789016168109
2174348,1,INITIATED,1789016168121
2174348,2,VALIDATED,1789016168133
2174348,3,PROCESSED,1789016168150
2174349,1,INITIATED,1789016168141
2174349,2,VALIDATED,1789016168149
2174349,3,PROCESSED,1789016168152
2174350,1,INITIATED,1789016168161
2174350,2,VALIDATED,1789016168164
2174350,3,PROCESSED,1789016168169
2174351,1,INITIATED,1789016168181
2174351,2,VALIDATED,1789016168186
2174351,3,PROCESSED,1789016168189
2174352,1,INITIATED,1789016168201
2174352,2,VALIDATED,1789016168208
2174352,3,PROCESSED,1789016168217
2174353,1,INITIATED,1789016168221
2174353,2,VALIDATED,1789016168224
2174353,3,PROCESSED,1789016168227
2174354,1,INITIATED,1789016168241
2174354,2,VALIDATED,1789016168244
2174354,3,PROCESSED,1789016168247
2174355,1,INITIATED,1789016168261
2174355,2,VALIDATED,1789016168264
2174355,3,PROCESSED,1789016168266
2174356,1,INITIATED,1789016168281
2174356,2,VALIDATED,1789016168284
2174356,3,PROCESSED,1789016168287
2174357,1,INITIATED,1789016168301
2174357,2,VALIDATED,1789016168304
2174357,3,PROCESSED,1789016168308
2174358,1,INITIATED,1789016168321
2174358,2,VALIDATED,1789016168325
2174358,3,PROCESSED,1789016168328
2174359,1,INITIATED,1789016168341
2174359,2,VALIDATED,1789016168344
2174359,3,PROCESSED,1789016168349
2174360,1,INITIATED,1789016168360
2174360,2,VALIDATED,1789016168366
2174360,3,PROCESSED,1789016168369
2174361,1,INITIATED,1789016168381
2174361,2,VALIDATED,1789016168384
2174361,3,PROCESSED,1789016168387
2174362,1,INITIATED,1789016168401
2174362,2,VALIDATED,1789016168404
2174362,3,PROCESSED,1789016168407
2174363,1,INITIATED,1789016168420
2174363,2,VALIDATED,1789016168424
2174363,3,PROCESSED,1789016168428
2174364,1,INITIATED,1789016168441
2174364,2,VALIDATED,1789016168445
2174364,3,PROCESSED,1789016168450
2174365,1,INITIATED,1789016168461
2174365,2,VALIDATED,1789016168465
2174365,3,PROCESSED,1789016168469
2174366,1,INITIATED,1789016168482
2174366,2,VALIDATED,1789016168485
2174366,3,PROCESSED,1789016168488
2174367,1,INITIATED,1789016168501
2174367,2,VALIDATED,1789016168504
2174367,3,PROCESSED,1789016168507
2174368,1,INITIATED,1789016168521
2174368,2,VALIDATED,1789016168524
2174368,3,PROCESSED,1789016168527
2174369,1,INITIATED,1789016168541
2174369,2,VALIDATED,1789016168544
2174369,3,PROCESSED,1789016168547
2174370,1,INITIATED,1789016168561
2174370,2,VALIDATED,1789016168565
2174370,3,PROCESSED,1789016168567
2174371,1,INITIATED,1789016168581
2174371,2,VALIDATED,1789016168706
2174371,3,PROCESSED,1789016168712
2174372,1,INITIATED,1789016168706
2174372,2,VALIDATED,1789016168710
2174372,3,PROCESSED,1789016168715
2174373,1,INITIATED,1789016168706
2174373,2,VALIDATED,1789016168710
2174373,3,PROCESSED,1789016168715
2174374,1,INITIATED,1789016168706
2174374,2,VALIDATED,1789016168710
2174374,3,PROCESSED,1789016168715
2174375,1,INITIATED,1789016168706
2174375,2,VALIDATED,1789016168710
2174375,3,PROCESSED,1789016168715
2174376,1,INITIATED,1789016168706
2174376,2,VALIDATED,1789016168710
2174376,3,PROCESSED,1789016168715
2174377,1,INITIATED,1789016168706
2174377,2,VALIDATED,1789016168710
2174377,3,PROCESSED,1789016168715
2174378,1,INITIATED,1789016168721
2174378,2,VALIDATED,1789016168750
2174378,3,PROCESSED,1789016168755
2174379,1,INITIATED,1789016168741
2174379,2,VALIDATED,1789016168751
2174379,3,PROCESSED,1789016168755
2174380,1,INITIATED,1789016168761
2174380,2,VALIDATED,1789016168764
2174380,3,PROCESSED,1789016168772
2174381,1,INITIATED,1789016168782
2174381,2,VALIDATED,1789016168785
2174381,3,PROCESSED,1789016168790
2174382,1,INITIATED,1789016168802
2174382,2,VALIDATED,1789016168806
2174382,3,PROCESSED,1789016168811
2174383,1,INITIATED,1789016168821
2174383,2,VALIDATED,1789016168825
2174383,3,PROCESSED,1789016168828
2174384,1,INITIATED,1789016168841
2174384,2,VALIDATED,1789016168845
2174384,3,PROCESSED,1789016168848
2174385,1,INITIATED,1789016168861
2174385,2,VALIDATED,1789016168864
2174385,3,PROCESSED,1789016168867
2174386,1,INITIATED,1789016168881
2174386,2,VALIDATED,1789016168884
2174386,3,PROCESSED,1789016168887
2174387,1,INITIATED,1789016168901
2174387,2,VALIDATED,1789016168905
2174387,3,PROCESSED,1789016168909
2174388,1,INITIATED,1789016168922
2174388,2,VALIDATED,1789016168925
2174388,3,PROCESSED,1789016168929
2174389,1,INITIATED,1789016168941
2174389,2,VALIDATED,1789016168944
2174389,3,PROCESSED,1789016168947
2174390,1,INITIATED,1789016168961
2174390,2,VALIDATED,1789016168965
2174390,3,PROCESSED,1789016168969
2174391,1,INITIATED,1789016168981
2174391,2,VALIDATED,1789016168985
2174391,3,PROCESSED,1789016168988
2174392,1,INITIATED,1789016169002
2174392,2,VALIDATED,1789016169005
2174392,3,PROCESSED,1789016169009
2174393,1,INITIATED,1789016169022
2174393,2,VALIDATED,1789016169026
2174393,3,PROCESSED,1789016169031
2174394,1,INITIATED,1789016169042
2174394,2,VALIDATED,1789016169046
2174394,3,PROCESSED,1789016169050
2174395,1,INITIATED,1789016169061
2174395,2,VALIDATED,1789016169064
2174395,3,PROCESSED,1789016169069
2174396,1,INITIATED,1789016169081
2174396,2,VALIDATED,1789016169084
2174396,3,PROCESSED,1789016169089
2174397,1,INITIATED,1789016169101
2174397,2,VALIDATED,1789016169105
2174397,3,PROCESSED,1789016169112
2174398,1,INITIATED,1789016169121
2174398,2,VALIDATED,1789016169125
2174398,3,PROCESSED,1789016169132
2174399,1,INITIATED,1789016169142
2174399,2,VALIDATED,1789016169144
2174399,3,PROCESSED,1789016169149
2174400,1,INITIATED,1789016169161
2174400,2,VALIDATED,1789016169164
2174400,3,PROCESSED,1789016169168
2174401,1,INITIATED,1789016169182
2174401,2,VALIDATED,1789016169185
2174401,3,PROCESSED,1789016169190
2174402,1,INITIATED,1789016169202
2174402,2,VALIDATED,1789016169205
2174402,3,PROCESSED,1789016169208
2174403,1,INITIATED,1789016169221
2174403,2,VALIDATED,1789016169225
2174403,3,PROCESSED,1789016169229
2174404,1,INITIATED,1789016169241
2174404,2,VALIDATED,1789016169245
2174404,3,PROCESSED,1789016169248
2174405,1,INITIATED,1789016169261
2174405,2,VALIDATED,1789016169264
2174405,3,PROCESSED,1789016169267
2174406,1,INITIATED,1789016169281
2174406,2,VALIDATED,1789016169284
2174406,3,PROCESSED,1789016169287
2174407,1,INITIATED,1789016169300
2174407,2,VALIDATED,1789016169303
2174407,3,PROCESSED,1789016169306
2174408,1,INITIATED,1789016169322
2174408,2,VALIDATED,1789016169325
2174408,3,PROCESSED,1789016169328
2174409,1,INITIATED,1789016169341
2174409,2,VALIDATED,1789016169345
2174409,3,PROCESSED,1789016169347
2174410,1,INITIATED,1789016169361
2174410,2,VALIDATED,1789016169364
2174410,3,PROCESSED,1789016169368
2174411,1,INITIATED,1789016169381
2174411,2,VALIDATED,1789016169385
2174411,3,PROCESSED,1789016169388
2174412,1,INITIATED,1789016169401
2174412,2,VALIDATED,1789016169404
2174412,3,PROCESSED,1789016169407
2174413,1,INITIATED,1789016169421
2174413,2,VALIDATED,1789016169425
2174413,3,PROCESSED,1789016169428
2174414,1,INITIATED,1789016169441
2174414,2,VALIDATED,1789016169444
2174414,3,PROCESSED,1789016169452
2174415,1,INITIATED,1789016169461
2174415,2,VALIDATED,1789016169469
2174415,3,PROCESSED,1789016169473
2174416,1,INITIATED,1789016169481
2174416,2,VALIDATED,1789016169483
2174416,3,PROCESSED,1789016169487
2174417,1,INITIATED,1789016169501
2174417,2,VALIDATED,1789016169504
2174417,3,PROCESSED,1789016169507
2174418,1,INITIATED,1789016169521
2174418,2,VALIDATED,1789016169524
2174418,3,PROCESSED,1789016169526
2174419,1,INITIATED,1789016169541
2174419,2,VALIDATED,1789016169545
2174419,3,PROCESSED,1789016169548
2174420,1,INITIATED,1789016169561
2174420,2,VALIDATED,1789016169564
2174420,3,PROCESSED,1789016169566
2174421,1,INITIATED,1789016169581
2174421,2,VALIDATED,1789016169584
2174421,3,PROCESSED,1789016169587
2174422,1,INITIATED,1789016169602
2174422,2,VALIDATED,1789016169604
2174422,3,PROCESSED,1789016169608
2174423,1,INITIATED,1789016169620
2174423,2,VALIDATED,1789016169623
2174423,3,PROCESSED,1789016169626
2174424,1,INITIATED,1789016169641
2174424,2,VALIDATED,1789016169644
2174424,3,PROCESSED,1789016169646
2174425,1,INITIATED,1789016169661
2174425,2,VALIDATED,1789016169665
2174425,3,PROCESSED,1789016169670
2174426,1,INITIATED,1789016169681
2174426,2,VALIDATED,1789016169684
2174426,3,PROCESSED,1789016169689
2174427,1,INITIATED,1789016169701
2174427,2,VALIDATED,1789016169703
2174427,3,PROCESSED,1789016169707
2174428,1,INITIATED,1789016169721
2174428,2,VALIDATED,1789016169725
2174428,3,PROCESSED,1789016169728
2174429,1,INITIATED,1789016169741
2174429,2,VALIDATED,1789016169744
2174429,3,PROCESSED,1789016169747
2174430,1,INITIATED,1789016169762
2174430,2,VALIDATED,1789016169765
2174430,3,PROCESSED,1789016169768
2174431,1,INITIATED,1789016169780
2174431,2,VALIDATED,1789016169783
2174431,3,PROCESSED,1789016169787
2174432,1,INITIATED,1789016169802
2174432,2,VALIDATED,1789016169805
2174432,3,PROCESSED,1789016169810
2174433,1,INITIATED,1789016169821
2174433,2,VALIDATED,1789016169825
2174433,3,REJECTED,1789016169827
2174434,1,INITIATED,1789016169841
2174434,2,VALIDATED,1789016169844
2174434,3,REJECTED,1789016169846
2174435,1,INITIATED,1789016169861
2174435,2,VALIDATED,1789016169864
2174435,3,REJECTED,1789016169867
2174436,1,INITIATED,1789016169881
2174436,2,VALIDATED,1789016169884
2174436,3,REJECTED,1789016169887
2174437,1,INITIATED,1789016169900
2174437,2,VALIDATED,1789016169903
2174437,3,PROCESSED,1789016169907
2174438,1,INITIATED,1789016169921
2174438,2,VALIDATED,1789016169924
2174438,3,PROCESSED,1789016169927
2174439,1,INITIATED,1789016169941
2174439,2,VALIDATED,1789016169944
2174439,3,PROCESSED,1789016169947
2174440,1,INITIATED,1789016169961
2174440,2,VALIDATED,1789016169964
2174440,3,PROCESSED,1789016169969
2174441,1,INITIATED,1789016169982
2174441,2,VALIDATED,1789016169986
2174441,3,PROCESSED,1789016169990
2174442,1,INITIATED,1789016170001
2174442,2,VALIDATED,1789016170005
2174442,3,PROCESSED,1789016170009
2174443,1,INITIATED,1789016170021
2174443,2,VALIDATED,1789016170028
2174443,3,PROCESSED,1789016170031
2174444,1,INITIATED,1789016170041
2174444,2,VALIDATED,1789016170043
2174444,3,PROCESSED,1789016170046
2174445,1,INITIATED,1789016170061
2174445,2,VALIDATED,1789016170064
2174445,3,PROCESSED,1789016170067
2174446,1,INITIATED,1789016170081
2174446,2,VALIDATED,1789016170084
2174446,3,PROCESSED,1789016170086
2174447,1,INITIATED,1789016170102
2174447,2,VALIDATED,1789016170106
2174447,3,PROCESSED,1789016170111
2174448,1,INITIATED,1789016170192
2174448,2,VALIDATED,1789016170196
2174448,3,PROCESSED,1789016170224
2174449,1,INITIATED,1789016170192
2174449,2,VALIDATED,1789016170196
2174449,3,PROCESSED,1789016170224
2174450,1,INITIATED,1789016170191
2174450,2,VALIDATED,1789016170196
2174450,3,PROCESSED,1789016170224
2174451,1,INITIATED,1789016170192
2174451,2,VALIDATED,1789016170197
2174451,3,PROCESSED,1789016170224
2174452,1,INITIATED,1789016170201
2174452,2,VALIDATED,1789016170241
2174452,3,PROCESSED,1789016170244
2174453,1,INITIATED,1789016170222
2174453,2,VALIDATED,1789016170241
2174453,3,PROCESSED,1789016170245
2174454,1,INITIATED,1789016170241
2174454,2,VALIDATED,1789016170243
2174454,3,PROCESSED,1789016170248
2174455,1,INITIATED,1789016170261
2174455,2,VALIDATED,1789016170265
2174455,3,PROCESSED,1789016170269
2174456,1,INITIATED,1789016170281
2174456,2,VALIDATED,1789016170285
2174456,3,PROCESSED,1789016170287
2174457,1,INITIATED,1789016170301
2174457,2,VALIDATED,1789016170304
2174457,3,PROCESSED,1789016170307
2174458,1,INITIATED,1789016170320
2174458,2,VALIDATED,1789016170323
2174458,3,PROCESSED,1789016170326
2174459,1,INITIATED,1789016170341
2174459,2,VALIDATED,1789016170349
2174459,3,PROCESSED,1789016170352
2174460,1,INITIATED,1789016170361
2174460,2,VALIDATED,1789016170364
2174460,3,PROCESSED,1789016170367
2174461,1,INITIATED,1789016170381
2174461,2,VALIDATED,1789016170384
2174461,3,PROCESSED,1789016170387
2174462,1,INITIATED,1789016170400
2174462,2,VALIDATED,1789016170403
2174462,3,PROCESSED,1789016170407
2174463,1,INITIATED,1789016170421
2174463,2,VALIDATED,1789016170425
2174463,3,PROCESSED,1789016170428
2174464,1,INITIATED,1789016170441
2174464,2,VALIDATED,1789016170443
2174464,3,PROCESSED,1789016170446
2174465,1,INITIATED,1789016170461
2174465,2,VALIDATED,1789016170465
2174465,3,PROCESSED,1789016170467
2174466,1,INITIATED,1789016170481
2174466,2,VALIDATED,1789016170484
2174466,3,PROCESSED,1789016170487
2174467,1,INITIATED,1789016170501
2174467,2,VALIDATED,1789016170505
2174467,3,PROCESSED,1789016170508
2174468,1,INITIATED,1789016170521
2174468,2,VALIDATED,1789016170525
2174468,3,PROCESSED,1789016170529
2174469,1,INITIATED,1789016170542
2174469,2,VALIDATED,1789016170545
2174469,3,PROCESSED,1789016170548
2174470,1,INITIATED,1789016170561
2174470,2,VALIDATED,1789016170564
2174470,3,PROCESSED,1789016170568
2174471,1,INITIATED,1789016170581
2174471,2,VALIDATED,1789016170585
2174471,3,PROCESSED,1789016170588
2174472,1,INITIATED,1789016170601
2174472,2,VALIDATED,1789016170604
2174472,3,PROCESSED,1789016170608
2174473,1,INITIATED,1789016170621
2174473,2,VALIDATED,1789016170624
2174473,3,PROCESSED,1789016170627
2174474,1,INITIATED,1789016170641
2174474,2,VALIDATED,1789016170644
2174474,3,PROCESSED,1789016170648
2174475,1,INITIATED,1789016170661
2174475,2,VALIDATED,1789016170664
2174475,3,PROCESSED,1789016170667
2174476,1,INITIATED,1789016170680
2174476,2,VALIDATED,1789016170683
2174476,3,PROCESSED,1789016170685
2174477,1,INITIATED,1789016170701
2174477,2,VALIDATED,1789016170704
2174477,3,PROCESSED,1789016170707
2174478,1,INITIATED,1789016170721
2174478,2,VALIDATED,1789016170724
2174478,3,PROCESSED,1789016170727
2174479,1,INITIATED,1789016170741
2174479,2,VALIDATED,1789016170744
2174479,3,PROCESSED,1789016170748
2174480,1,INITIATED,1789016170761
2174480,2,VALIDATED,1789016170764
2174480,3,PROCESSED,1789016170767
2174481,1,INITIATED,1789016170781
2174481,2,VALIDATED,1789016170784
2174481,3,PROCESSED,1789016170788
2174482,1,INITIATED,1789016170802
2174482,2,VALIDATED,1789016170805
2174482,3,PROCESSED,1789016170809
2174483,1,INITIATED,1789016170820
2174483,2,VALIDATED,1789016170823
2174483,3,PROCESSED,1789016170826
2174484,1,INITIATED,1789016170841
2174484,2,VALIDATED,1789016170844
2174484,3,PROCESSED,1789016170847
2174485,1,INITIATED,1789016170861
2174485,2,VALIDATED,1789016170864
2174485,3,PROCESSED,1789016170866
2174486,1,INITIATED,1789016170881
2174486,2,VALIDATED,1789016170886
2174486,3,PROCESSED,1789016170889
2174487,1,INITIATED,1789016170901
2174487,2,VALIDATED,1789016170903
2174487,3,PROCESSED,1789016170906
2174488,1,INITIATED,1789016170922
2174488,2,VALIDATED,1789016170925
2174488,3,PROCESSED,1789016170929
2174489,1,INITIATED,1789016170941
2174489,2,VALIDATED,1789016170944
2174489,3,PROCESSED,1789016170948
2174490,1,INITIATED,1789016170961
2174490,2,VALIDATED,1789016170964
2174490,3,PROCESSED,1789016170968
2174491,1,INITIATED,1789016170981
2174491,2,VALIDATED,1789016170984
2174491,3,PROCESSED,1789016170987
2174492,1,INITIATED,1789016171000
2174492,2,VALIDATED,1789016171003
2174492,3,PROCESSED,1789016171007
2174493,1,INITIATED,1789016171021
2174493,2,VALIDATED,1789016171024
2174493,3,PROCESSED,1789016171027
2174494,1,INITIATED,1789016171040
2174494,2,VALIDATED,1789016171043
2174494,3,PROCESSED,1789016171046
2174495,1,INITIATED,1789016171061
2174495,2,VALIDATED,1789016171064
2174495,3,PROCESSED,1789016171066
2174496,1,INITIATED,1789016171081
2174496,2,VALIDATED,1789016171084
2174496,3,PROCESSED,1789016171087
2174497,1,INITIATED,1789016171101
2174497,2,VALIDATED,1789016171105
2174497,3,PROCESSED,1789016171111
2174498,1,INITIATED,1789016171121
2174498,2,VALIDATED,1789016171267
2174498,3,PROCESSED,1789016171275
2174499,1,INITIATED,1789016171268
2174499,2,VALIDATED,1789016171273
2174499,3,PROCESSED,1789016171279
2174500,1,INITIATED,1789016171267
2174500,2,VALIDATED,1789016171272
2174500,3,PROCESSED,1789016171279
2174501,1,INITIATED,1789016171268
2174501,2,VALIDATED,1789016171273
2174501,3,PROCESSED,1789016171280
2174502,1,INITIATED,1789016171267
2174502,2,VALIDATED,1789016171272
2174502,3,PROCESSED,1789016171279
2174503,1,INITIATED,1789016171267
2174503,2,VALIDATED,1789016171272
2174503,3,PROCESSED,1789016171279
2174504,1,INITIATED,1789016171268
2174504,2,VALIDATED,1789016171273
2174504,3,PROCESSED,1789016171280
2174505,1,INITIATED,1789016171267
2174505,2,VALIDATED,1789016171272
2174505,3,PROCESSED,1789016171279
2174506,1,INITIATED,1789016171281
2174506,2,VALIDATED,1789016171299
2174506,3,PROCESSED,1789016171305
2174507,1,INITIATED,1789016171301
2174507,2,VALIDATED,1789016171305
2174507,3,PROCESSED,1789016171308
2174508,1,INITIATED,1789016171321
2174508,2,VALIDATED,1789016171323
2174508,3,PROCESSED,1789016171326
2174509,1,INITIATED,1789016171341
2174509,2,VALIDATED,1789016171344
2174509,3,PROCESSED,1789016171348
2174510,1,INITIATED,1789016171360
2174510,2,VALIDATED,1789016171363
2174510,3,PROCESSED,1789016171366
2174511,1,INITIATED,1789016171381
2174511,2,VALIDATED,1789016171388
2174511,3,PROCESSED,1789016171396
2174512,1,INITIATED,1789016171402
2174512,2,VALIDATED,1789016171408
2174512,3,PROCESSED,1789016171412
2174513,1,INITIATED,1789016171421
2174513,2,VALIDATED,1789016171425
2174513,3,PROCESSED,1789016171428
2174514,1,INITIATED,1789016171441
2174514,2,VALIDATED,1789016171444
2174514,3,PROCESSED,1789016171447
2174515,1,INITIATED,1789016171462
2174515,2,VALIDATED,1789016171465
2174515,3,PROCESSED,1789016171468
2174516,1,INITIATED,1789016171481
2174516,2,VALIDATED,1789016171485
2174516,3,PROCESSED,1789016171488
2174517,1,INITIATED,1789016171501
2174517,2,VALIDATED,1789016171505
2174517,3,PROCESSED,1789016171509
2174518,1,INITIATED,1789016171521
2174518,2,VALIDATED,1789016171525
2174518,3,PROCESSED,1789016171528
2174519,1,INITIATED,1789016171541
2174519,2,VALIDATED,1789016171544
2174519,3,PROCESSED,1789016171548
2174520,1,INITIATED,1789016171560
2174520,2,VALIDATED,1789016171564
2174520,3,PROCESSED,1789016171567
2174521,1,INITIATED,1789016171581
2174521,2,VALIDATED,1789016171585
2174521,3,PROCESSED,1789016171588
2174522,1,INITIATED,1789016171601
2174522,2,VALIDATED,1789016171605
2174522,3,PROCESSED,1789016171608
2174523,1,INITIATED,1789016171621
2174523,2,VALIDATED,1789016171625
2174523,3,PROCESSED,1789016171628
2174524,1,INITIATED,1789016171641
2174524,2,VALIDATED,1789016171644
2174524,3,PROCESSED,1789016171646
2174525,1,INITIATED,1789016171661
2174525,2,VALIDATED,1789016171664
2174525,3,PROCESSED,1789016171666
2174526,1,INITIATED,1789016171681
2174526,2,VALIDATED,1789016171684
2174526,3,PROCESSED,1789016171687
2174527,1,INITIATED,1789016171701
2174527,2,VALIDATED,1789016171704
2174527,3,PROCESSED,1789016171708
2174528,1,INITIATED,1789016171721
2174528,2,VALIDATED,1789016171724
2174528,3,PROCESSED,1789016171727
2174529,1,INITIATED,1789016171741
2174529,2,VALIDATED,1789016171744
2174529,3,PROCESSED,1789016171747
2174530,1,INITIATED,1789016171761
2174530,2,VALIDATED,1789016171764
2174530,3,PROCESSED,1789016171767
2174531,1,INITIATED,1789016171782
2174531,2,VALIDATED,1789016171785
2174531,3,PROCESSED,1789016171788
2174532,1,INITIATED,1789016171801
2174532,2,VALIDATED,1789016171804
2174532,3,PROCESSED,1789016171808
2174533,1,INITIATED,1789016171821
2174533,2,VALIDATED,1789016171824
2174533,3,REJECTED,1789016171826
2174534,1,INITIATED,1789016171841
2174534,2,VALIDATED,1789016171846
2174534,3,REJECTED,1789016171848
2174535,1,INITIATED,1789016171861
2174535,2,VALIDATED,1789016171864
2174535,3,REJECTED,1789016171865
2174536,1,INITIATED,1789016171880
2174536,2,VALIDATED,1789016171883
2174536,3,REJECTED,1789016171885
2174537,1,INITIATED,1789016171901
2174537,2,VALIDATED,1789016171905
2174537,3,PROCESSED,1789016171910
2174538,1,INITIATED,1789016171921
2174538,2,VALIDATED,1789016171925
2174538,3,PROCESSED,1789016171928
2174539,1,INITIATED,1789016171941
2174539,2,VALIDATED,1789016171944
2174539,3,PROCESSED,1789016171947
2174540,1,INITIATED,1789016171961
2174540,2,VALIDATED,1789016171964
2174540,3,PROCESSED,1789016171966
2174541,1,INITIATED,1789016171981
2174541,2,VALIDATED,1789016171984
2174541,3,PROCESSED,1789016171989
2174542,1,INITIATED,1789016172001
2174542,2,VALIDATED,1789016172004
2174542,3,PROCESSED,1789016172009
2174543,1,INITIATED,1789016172021
2174543,2,VALIDATED,1789016172025
2174543,3,PROCESSED,1789016172029
2174544,1,INITIATED,1789016172041
2174544,2,VALIDATED,1789016172044
2174544,3,PROCESSED,1789016172047
2174545,1,INITIATED,1789016172060
2174545,2,VALIDATED,1789016172064
2174545,3,PROCESSED,1789016172066
2174546,1,INITIATED,1789016172081
2174546,2,VALIDATED,1789016172084
2174546,3,PROCESSED,1789016172088
2174547,1,INITIATED,1789016172101
2174547,2,VALIDATED,1789016172104
2174547,3,PROCESSED,1789016172107
2174548,1,INITIATED,1789016172121
2174548,2,VALIDATED,1789016172126
2174548,3,PROCESSED,1789016172235
2174549,1,INITIATED,1789016172233
2174549,2,VALIDATED,1789016172237
2174549,3,PROCESSED,1789016172242
2174550,1,INITIATED,1789016172232
2174550,2,VALIDATED,1789016172236
2174550,3,PROCESSED,1789016172241
2174551,1,INITIATED,1789016172233
2174551,2,VALIDATED,1789016172237
2174551,3,PROCESSED,1789016172242
2174552,1,INITIATED,1789016172233
2174552,2,VALIDATED,1789016172237
2174552,3,PROCESSED,1789016172242
2174553,1,INITIATED,1789016172232
2174553,2,VALIDATED,1789016172237
2174553,3,PROCESSED,1789016172242
2174554,1,INITIATED,1789016172241
2174554,2,VALIDATED,1789016172265
2174554,3,PROCESSED,1789016172269
2174555,1,INITIATED,1789016172262
2174555,2,VALIDATED,1789016172265
2174555,3,PROCESSED,1789016172269
2174556,1,INITIATED,1789016172281
2174556,2,VALIDATED,1789016172284
2174556,3,PROCESSED,1789016172287
2174557,1,INITIATED,1789016172301
2174557,2,VALIDATED,1789016172305
2174557,3,PROCESSED,1789016172308
2174558,1,INITIATED,1789016172321
2174558,2,VALIDATED,1789016172325
2174558,3,PROCESSED,1789016172328
2174559,1,INITIATED,1789016172341
2174559,2,VALIDATED,1789016172345
2174559,3,PROCESSED,1789016172349
2174560,1,INITIATED,1789016172361
2174560,2,VALIDATED,1789016172365
2174560,3,PROCESSED,1789016172369
2174561,1,INITIATED,1789016172382
2174561,2,VALIDATED,1789016172386
2174561,3,PROCESSED,1789016172390
2174562,1,INITIATED,1789016172401
2174562,2,VALIDATED,1789016172405
2174562,3,PROCESSED,1789016172410
2174563,1,INITIATED,1789016172420
2174563,2,VALIDATED,1789016172424
2174563,3,PROCESSED,1789016172427
2174564,1,INITIATED,1789016172441
2174564,2,VALIDATED,1789016172444
2174564,3,PROCESSED,1789016172446
2174565,1,INITIATED,1789016172460
2174565,2,VALIDATED,1789016172463
2174565,3,PROCESSED,1789016172466
2174566,1,INITIATED,1789016172481
2174566,2,VALIDATED,1789016172485
2174566,3,PROCESSED,1789016172487
2174567,1,INITIATED,1789016172501
2174567,2,VALIDATED,1789016172505
2174567,3,PROCESSED,1789016172512
2174568,1,INITIATED,1789016172522
2174568,2,VALIDATED,1789016172525
2174568,3,PROCESSED,1789016172529
2174569,1,INITIATED,1789016172541
2174569,2,VALIDATED,1789016172544
2174569,3,PROCESSED,1789016172546
2174570,1,INITIATED,1789016172561
2174570,2,VALIDATED,1789016172564
2174570,3,PROCESSED,1789016172567
2174571,1,INITIATED,1789016172581
2174571,2,VALIDATED,1789016172584
2174571,3,PROCESSED,1789016172588
2174572,1,INITIATED,1789016172601
2174572,2,VALIDATED,1789016172604
2174572,3,PROCESSED,1789016172607
2174573,1,INITIATED,1789016172621
2174573,2,VALIDATED,1789016172624
2174573,3,PROCESSED,1789016172627
2174574,1,INITIATED,1789016172641
2174574,2,VALIDATED,1789016172643
2174574,3,PROCESSED,1789016172647
2174575,1,INITIATED,1789016172660
2174575,2,VALIDATED,1789016172663
2174575,3,PROCESSED,1789016172665
2174576,1,INITIATED,1789016172681
2174576,2,VALIDATED,1789016172684
2174576,3,PROCESSED,1789016172688
2174577,1,INITIATED,1789016172701
2174577,2,VALIDATED,1789016172703
2174577,3,PROCESSED,1789016172707
2174578,1,INITIATED,1789016172721
2174578,2,VALIDATED,1789016172725
2174578,3,PROCESSED,1789016172728
2174579,1,INITIATED,1789016172741
2174579,2,VALIDATED,1789016172744
2174579,3,PROCESSED,1789016172747
2174580,1,INITIATED,1789016172761
2174580,2,VALIDATED,1789016172764
2174580,3,PROCESSED,1789016172767
2174581,1,INITIATED,1789016172781
2174581,2,VALIDATED,1789016172784
2174581,3,PROCESSED,1789016172786
2174582,1,INITIATED,1789016172801
2174582,2,VALIDATED,1789016172803
2174582,3,PROCESSED,1789016172806
2174583,1,INITIATED,1789016172821
2174583,2,VALIDATED,1789016172825
2174583,3,PROCESSED,1789016172830
2174584,1,INITIATED,1789016172841
2174584,2,VALIDATED,1789016172844
2174584,3,PROCESSED,1789016172847
2174585,1,INITIATED,1789016172861
2174585,2,VALIDATED,1789016172864
2174585,3,PROCESSED,1789016172868
2174586,1,INITIATED,1789016172882
2174586,2,VALIDATED,1789016172885
2174586,3,PROCESSED,1789016172889
2174587,1,INITIATED,1789016172901
2174587,2,VALIDATED,1789016172905
2174587,3,PROCESSED,1789016172908
2174588,1,INITIATED,1789016172921
2174588,2,VALIDATED,1789016172925
2174588,3,PROCESSED,1789016172929
2174589,1,INITIATED,1789016172942
2174589,2,VALIDATED,1789016172946
2174589,3,PROCESSED,1789016172949
2174590,1,INITIATED,1789016172961
2174590,2,VALIDATED,1789016172965
2174590,3,PROCESSED,1789016172968
2174591,1,INITIATED,1789016172981
2174591,2,VALIDATED,1789016172985
2174591,3,PROCESSED,1789016172989
2174592,1,INITIATED,1789016173001
2174592,2,VALIDATED,1789016173004
2174592,3,PROCESSED,1789016173008
2174593,1,INITIATED,1789016173022
2174593,2,VALIDATED,1789016173026
2174593,3,PROCESSED,1789016173032
2174594,1,INITIATED,1789016173041
2174594,2,VALIDATED,1789016173047
2174594,3,PROCESSED,1789016173054
2174595,1,INITIATED,1789016173062
2174595,2,VALIDATED,1789016173066
2174595,3,PROCESSED,1789016173070
2174596,1,INITIATED,1789016173081
2174596,2,VALIDATED,1789016173085
2174596,3,PROCESSED,1789016173089
2174597,1,INITIATED,1789016173101
2174597,2,VALIDATED,1789016173104
2174597,3,PROCESSED,1789016173108
2174598,1,INITIATED,1789016173121
2174598,2,VALIDATED,1789016173144
2174598,3,PROCESSED,1789016173163
2174599,1,INITIATED,1789016173142
2174599,2,VALIDATED,1789016173162
2174599,3,PROCESSED,1789016173166
2174600,1,INITIATED,1789016173162
2174600,2,VALIDATED,1789016173165
2174600,3,PROCESSED,1789016173169
2174601,1,INITIATED,1789016173182
2174601,2,VALIDATED,1789016173186
2174601,3,PROCESSED,1789016173191
2174602,1,INITIATED,1789016173201
2174602,2,VALIDATED,1789016173204
2174602,3,PROCESSED,1789016173208
2174603,1,INITIATED,1789016173222
2174603,2,VALIDATED,1789016173226
2174603,3,PROCESSED,1789016173230
2174604,1,INITIATED,1789016173241
2174604,2,VALIDATED,1789016173246
2174604,3,PROCESSED,1789016173251
2174605,1,INITIATED,1789016173261
2174605,2,VALIDATED,1789016173265
2174605,3,PROCESSED,1789016173269
2174606,1,INITIATED,1789016173282
2174606,2,VALIDATED,1789016173286
2174606,3,PROCESSED,1789016173291
2174607,1,INITIATED,1789016173301
2174607,2,VALIDATED,1789016173304
2174607,3,PROCESSED,1789016173308
2174608,1,INITIATED,1789016173322
2174608,2,VALIDATED,1789016173326
2174608,3,PROCESSED,1789016173330
2174609,1,INITIATED,1789016173341
2174609,2,VALIDATED,1789016173345
2174609,3,PROCESSED,1789016173348
2174610,1,INITIATED,1789016173361
2174610,2,VALIDATED,1789016173365
2174610,3,PROCESSED,1789016173369
2174611,1,INITIATED,1789016173382
2174611,2,VALIDATED,1789016173386
2174611,3,PROCESSED,1789016173390
2174612,1,INITIATED,1789016173402
2174612,2,VALIDATED,1789016173407
2174612,3,PROCESSED,1789016173412
2174613,1,INITIATED,1789016173422
2174613,2,VALIDATED,1789016173426
2174613,3,PROCESSED,1789016173430
2174614,1,INITIATED,1789016173441
2174614,2,VALIDATED,1789016173445
2174614,3,PROCESSED,1789016173448
2174615,1,INITIATED,1789016173461
2174615,2,VALIDATED,1789016173465
2174615,3,PROCESSED,1789016173468
2174616,1,INITIATED,1789016173482
2174616,2,VALIDATED,1789016173487
2174616,3,PROCESSED,1789016173492
2174617,1,INITIATED,1789016173501
2174617,2,VALIDATED,1789016173506
2174617,3,PROCESSED,1789016173510
2174618,1,INITIATED,1789016173521
2174618,2,VALIDATED,1789016173524
2174618,3,PROCESSED,1789016173528
2174619,1,INITIATED,1789016173541
2174619,2,VALIDATED,1789016173545
2174619,3,PROCESSED,1789016173549
2174620,1,INITIATED,1789016173561
2174620,2,VALIDATED,1789016173564
2174620,3,PROCESSED,1789016173568
2174621,1,INITIATED,1789016173581
2174621,2,VALIDATED,1789016173585
2174621,3,PROCESSED,1789016173590
2174622,1,INITIATED,1789016173602
2174622,2,VALIDATED,1789016173606
2174622,3,PROCESSED,1789016173610
2174623,1,INITIATED,1789016173622
2174623,2,VALIDATED,1789016173625
2174623,3,PROCESSED,1789016173630
2174624,1,INITIATED,1789016173641
2174624,2,VALIDATED,1789016173645
2174624,3,PROCESSED,1789016173649
2174625,1,INITIATED,1789016173661
2174625,2,VALIDATED,1789016173664
2174625,3,PROCESSED,1789016173668
2174626,1,INITIATED,1789016173681
2174626,2,VALIDATED,1789016173684
2174626,3,PROCESSED,1789016173687
2174627,1,INITIATED,1789016173701
2174627,2,VALIDATED,1789016173706
2174627,3,PROCESSED,1789016173716
2174628,1,INITIATED,1789016173721
2174628,2,VALIDATED,1789016173724
2174628,3,PROCESSED,1789016173727
2174629,1,INITIATED,1789016173741
2174629,2,VALIDATED,1789016173744
2174629,3,PROCESSED,1789016173748
2174630,1,INITIATED,1789016173762
2174630,2,VALIDATED,1789016173765
2174630,3,PROCESSED,1789016173768
2174631,1,INITIATED,1789016173782
2174631,2,VALIDATED,1789016173787
2174631,3,PROCESSED,1789016173793
2174632,1,INITIATED,1789016173802
2174632,2,VALIDATED,1789016173805
2174632,3,PROCESSED,1789016173809
2174633,1,INITIATED,1789016173822
2174633,2,VALIDATED,1789016173826
2174633,3,REJECTED,1789016173829
2174634,1,INITIATED,1789016173841
2174634,2,VALIDATED,1789016173845
2174634,3,REJECTED,1789016173848
2174635,1,INITIATED,1789016173861
2174635,2,VALIDATED,1789016173865
2174635,3,REJECTED,1789016173869
2174636,1,INITIATED,1789016173881
2174636,2,VALIDATED,1789016173886
2174636,3,REJECTED,1789016173889
2174637,1,INITIATED,1789016173901
2174637,2,VALIDATED,1789016173905
2174637,3,PROCESSED,1789016173910
2174638,1,INITIATED,1789016173921
2174638,2,VALIDATED,1789016173924
2174638,3,PROCESSED,1789016173928
2174639,1,INITIATED,1789016173941
2174639,2,VALIDATED,1789016173944
2174639,3,PROCESSED,1789016173948
2174640,1,INITIATED,1789016173961
2174640,2,VALIDATED,1789016173964
2174640,3,PROCESSED,1789016173969
2174641,1,INITIATED,1789016173981
2174641,2,VALIDATED,1789016173985
2174641,3,PROCESSED,1789016173988
2174642,1,INITIATED,1789016174001
2174642,2,VALIDATED,1789016174005
2174642,3,PROCESSED,1789016174011
2174643,1,INITIATED,1789016174021
2174643,2,VALIDATED,1789016174024
2174643,3,PROCESSED,1789016174029
2174644,1,INITIATED,1789016174041
2174644,2,VALIDATED,1789016174045
2174644,3,PROCESSED,1789016174050
2174645,1,INITIATED,1789016174061
2174645,2,VALIDATED,1789016174065
2174645,3,PROCESSED,1789016174069
2174646,1,INITIATED,1789016174082
2174646,2,VALIDATED,1789016174085
2174646,3,PROCESSED,1789016174090
2174647,1,INITIATED,1789016174101
2174647,2,VALIDATED,1789016174105
2174647,3,PROCESSED,1789016174109
2174648,1,INITIATED,1789016174274
2174648,2,VALIDATED,1789016174279
2174648,3,PROCESSED,1789016174315
2174649,1,INITIATED,1789016174274
2174649,2,VALIDATED,1789016174279
2174649,3,PROCESSED,1789016174315
2174650,1,INITIATED,1789016174274
2174650,2,VALIDATED,1789016174279
2174650,3,PROCESSED,1789016174315
2174651,1,INITIATED,1789016174274
2174651,2,VALIDATED,1789016174279
2174651,3,PROCESSED,1789016174315
2174652,1,INITIATED,1789016174274
2174652,2,VALIDATED,1789016174279
2174652,3,PROCESSED,1789016174315
2174653,1,INITIATED,1789016174274
2174653,2,VALIDATED,1789016174278
2174653,3,PROCESSED,1789016174300
2174654,1,INITIATED,1789016174274
2174654,2,VALIDATED,1789016174279
2174654,3,PROCESSED,1789016174314
2174655,1,INITIATED,1789016174274
2174655,2,VALIDATED,1789016174278
2174655,3,PROCESSED,1789016174315
2174656,1,INITIATED,1789016174281
2174656,2,VALIDATED,1789016174312
2174656,3,PROCESSED,1789016174319
2174657,1,INITIATED,1789016174302
2174657,2,VALIDATED,1789016174315
2174657,3,PROCESSED,1789016174320
2174658,1,INITIATED,1789016174321
2174658,2,VALIDATED,1789016174325
2174658,3,PROCESSED,1789016174329
2174659,1,INITIATED,1789016174342
2174659,2,VALIDATED,1789016174345
2174659,3,PROCESSED,1789016174350
2174660,1,INITIATED,1789016174361
2174660,2,VALIDATED,1789016174364
2174660,3,PROCESSED,1789016174368
2174661,1,INITIATED,1789016174381
2174661,2,VALIDATED,1789016174385
2174661,3,PROCESSED,1789016174388
2174662,1,INITIATED,1789016174402
2174662,2,VALIDATED,1789016174405
2174662,3,PROCESSED,1789016174410
2174663,1,INITIATED,1789016174422
2174663,2,VALIDATED,1789016174426
2174663,3,PROCESSED,1789016174430
2174664,1,INITIATED,1789016174442
2174664,2,VALIDATED,1789016174445
2174664,3,PROCESSED,1789016174449
2174665,1,INITIATED,1789016174461
2174665,2,VALIDATED,1789016174465
2174665,3,PROCESSED,1789016174469
2174666,1,INITIATED,1789016174482
2174666,2,VALIDATED,1789016174485
2174666,3,PROCESSED,1789016174491
2174667,1,INITIATED,1789016174501
2174667,2,VALIDATED,1789016174505
2174667,3,PROCESSED,1789016174509
2174668,1,INITIATED,1789016174521
2174668,2,VALIDATED,1789016174524
2174668,3,PROCESSED,1789016174528
2174669,1,INITIATED,1789016174541
2174669,2,VALIDATED,1789016174546
2174669,3,PROCESSED,1789016174550
2174670,1,INITIATED,1789016174561
2174670,2,VALIDATED,1789016174564
2174670,3,PROCESSED,1789016174568
2174671,1,INITIATED,1789016174581
2174671,2,VALIDATED,1789016174585
2174671,3,PROCESSED,1789016174589
2174672,1,INITIATED,1789016174601
2174672,2,VALIDATED,1789016174605
2174672,3,PROCESSED,1789016174608
2174673,1,INITIATED,1789016174621
2174673,2,VALIDATED,1789016174625
2174673,3,PROCESSED,1789016174628
2174674,1,INITIATED,1789016174641
2174674,2,VALIDATED,1789016174648
2174674,3,PROCESSED,1789016174652
2174675,1,INITIATED,1789016174661
2174675,2,VALIDATED,1789016174664
2174675,3,PROCESSED,1789016174668
2174676,1,INITIATED,1789016174681
2174676,2,VALIDATED,1789016174684
2174676,3,PROCESSED,1789016174688
2174677,1,INITIATED,1789016174701
2174677,2,VALIDATED,1789016174704
2174677,3,PROCESSED,1789016174709
2174678,1,INITIATED,1789016174722
2174678,2,VALIDATED,1789016174726
2174678,3,PROCESSED,1789016174730
2174679,1,INITIATED,1789016174744
2174679,2,VALIDATED,1789016174748
2174679,3,PROCESSED,1789016174752
2174680,1,INITIATED,1789016174761
2174680,2,VALIDATED,1789016174764
2174680,3,PROCESSED,1789016174768
2174681,1,INITIATED,1789016174782
2174681,2,VALIDATED,1789016174787
2174681,3,PROCESSED,1789016174792
2174682,1,INITIATED,1789016174802
2174682,2,VALIDATED,1789016174805
2174682,3,PROCESSED,1789016174810
2174683,1,INITIATED,1789016174822
2174683,2,VALIDATED,1789016174825
2174683,3,PROCESSED,1789016174830
2174684,1,INITIATED,1789016174842
2174684,2,VALIDATED,1789016174847
2174684,3,PROCESSED,1789016174853
2174685,1,INITIATED,1789016174862
2174685,2,VALIDATED,1789016174866
2174685,3,PROCESSED,1789016174871
2174686,1,INITIATED,1789016174882
2174686,2,VALIDATED,1789016174886
2174686,3,PROCESSED,1789016174891
2174687,1,INITIATED,1789016174902
2174687,2,VALIDATED,1789016174908
2174687,3,PROCESSED,1789016174914
2174688,1,INITIATED,1789016174921
2174688,2,VALIDATED,1789016174924
2174688,3,PROCESSED,1789016174928
2174689,1,INITIATED,1789016174942
2174689,2,VALIDATED,1789016174947
2174689,3,PROCESSED,1789016174953
2174690,1,INITIATED,1789016174961
2174690,2,VALIDATED,1789016174965
2174690,3,PROCESSED,1789016174968
2174691,1,INITIATED,1789016174982
2174691,2,VALIDATED,1789016174985
2174691,3,PROCESSED,1789016174989
2174692,1,INITIATED,1789016175002
2174692,2,VALIDATED,1789016175005
2174692,3,PROCESSED,1789016175009
2174693,1,INITIATED,1789016175021
2174693,2,VALIDATED,1789016175026
2174693,3,PROCESSED,1789016175031
2174694,1,INITIATED,1789016175041
2174694,2,VALIDATED,1789016175046
2174694,3,PROCESSED,1789016175050
2174695,1,INITIATED,1789016175062
2174695,2,VALIDATED,1789016175065
2174695,3,PROCESSED,1789016175069
2174696,1,INITIATED,1789016175082
2174696,2,VALIDATED,1789016175086
2174696,3,PROCESSED,1789016175091
2174697,1,INITIATED,1789016175102
2174697,2,VALIDATED,1789016175106
2174697,3,PROCESSED,1789016175110
2174698,1,INITIATED,1789016175122
2174698,2,VALIDATED,1789016175253
2174698,3,PROCESSED,1789016175259
2174699,1,INITIATED,1789016175253
2174699,2,VALIDATED,1789016175257
2174699,3,PROCESSED,1789016175286
2174700,1,INITIATED,1789016175253
2174700,2,VALIDATED,1789016175258
2174700,3,PROCESSED,1789016175285
2174701,1,INITIATED,1789016175253
2174701,2,VALIDATED,1789016175257
2174701,3,PROCESSED,1789016175285
2174702,1,INITIATED,1789016175253
2174702,2,VALIDATED,1789016175258
2174702,3,PROCESSED,1789016175286
2174703,1,INITIATED,1789016175253
2174703,2,VALIDATED,1789016175257
2174703,3,PROCESSED,1789016175285
2174704,1,INITIATED,1789016175253
2174704,2,VALIDATED,1789016175258
2174704,3,PROCESSED,1789016175286
2174705,1,INITIATED,1789016175261
2174705,2,VALIDATED,1789016175285
2174705,3,PROCESSED,1789016175291
2174706,1,INITIATED,1789016175282
2174706,2,VALIDATED,1789016175286
2174706,3,PROCESSED,1789016175291
2174707,1,INITIATED,1789016175301
2174707,2,VALIDATED,1789016175304
2174707,3,PROCESSED,1789016175308
2174708,1,INITIATED,1789016175321
2174708,2,VALIDATED,1789016175326
2174708,3,PROCESSED,1789016175329
2174709,1,INITIATED,1789016175341
2174709,2,VALIDATED,1789016175344
2174709,3,PROCESSED,1789016175348
2174710,1,INITIATED,1789016175361
2174710,2,VALIDATED,1789016175365
2174710,3,PROCESSED,1789016175369
2174711,1,INITIATED,1789016175382
2174711,2,VALIDATED,1789016175387
2174711,3,PROCESSED,1789016175393
2174712,1,INITIATED,1789016175401
2174712,2,VALIDATED,1789016175405
2174712,3,PROCESSED,1789016175409
2174713,1,INITIATED,1789016175422
2174713,2,VALIDATED,1789016175428
2174713,3,PROCESSED,1789016175433
2174714,1,INITIATED,1789016175441
2174714,2,VALIDATED,1789016175445
2174714,3,PROCESSED,1789016175449
2174715,1,INITIATED,1789016175462
2174715,2,VALIDATED,1789016175465
2174715,3,PROCESSED,1789016175470
2174716,1,INITIATED,1789016175481
2174716,2,VALIDATED,1789016175486
2174716,3,PROCESSED,1789016175490
2174717,1,INITIATED,1789016175502
2174717,2,VALIDATED,1789016175506
2174717,3,PROCESSED,1789016175512
2174718,1,INITIATED,1789016175521
2174718,2,VALIDATED,1789016175525
2174718,3,PROCESSED,1789016175530
2174719,1,INITIATED,1789016175541
2174719,2,VALIDATED,1789016175544
2174719,3,PROCESSED,1789016175549
2174720,1,INITIATED,1789016175561
2174720,2,VALIDATED,1789016175564
2174720,3,PROCESSED,1789016175568
2174721,1,INITIATED,1789016175581
2174721,2,VALIDATED,1789016175585
2174721,3,PROCESSED,1789016175589
2174722,1,INITIATED,1789016175601
2174722,2,VALIDATED,1789016175605
2174722,3,PROCESSED,1789016175609
2174723,1,INITIATED,1789016175621
2174723,2,VALIDATED,1789016175625
2174723,3,PROCESSED,1789016175630
2174724,1,INITIATED,1789016175642
2174724,2,VALIDATED,1789016175648
2174724,3,PROCESSED,1789016175652
2174725,1,INITIATED,1789016175662
2174725,2,VALIDATED,1789016175666
2174725,3,PROCESSED,1789016175670
2174726,1,INITIATED,1789016175682
2174726,2,VALIDATED,1789016175686
2174726,3,PROCESSED,1789016175692
2174727,1,INITIATED,1789016175703
2174727,2,VALIDATED,1789016175706
2174727,3,PROCESSED,1789016175711
2174728,1,INITIATED,1789016175722
2174728,2,VALIDATED,1789016175727
2174728,3,PROCESSED,1789016175731
2174729,1,INITIATED,1789016175741
2174729,2,VALIDATED,1789016175745
2174729,3,PROCESSED,1789016175750
2174730,1,INITIATED,1789016175762
2174730,2,VALIDATED,1789016175767
2174730,3,PROCESSED,1789016175772
2174731,1,INITIATED,1789016175782
2174731,2,VALIDATED,1789016175786
2174731,3,PROCESSED,1789016175791
2174732,1,INITIATED,1789016175802
2174732,2,VALIDATED,1789016175806
2174732,3,PROCESSED,1789016175813
2174733,1,INITIATED,1789016175821
2174733,2,VALIDATED,1789016175824
2174733,3,REJECTED,1789016175827
2174734,1,INITIATED,1789016175842
2174734,2,VALIDATED,1789016175846
2174734,3,REJECTED,1789016175849
2174735,1,INITIATED,1789016175862
2174735,2,VALIDATED,1789016175866
2174735,3,REJECTED,1789016175869
2174736,1,INITIATED,1789016175882
2174736,2,VALIDATED,1789016175886
2174736,3,REJECTED,1789016175889
2174737,1,INITIATED,1789016175902
2174737,2,VALIDATED,1789016175906
2174737,3,PROCESSED,1789016175911
2174738,1,INITIATED,1789016175921
2174738,2,VALIDATED,1789016175925
2174738,3,PROCESSED,1789016175929
2174739,1,INITIATED,1789016175942
2174739,2,VALIDATED,1789016175946
2174739,3,PROCESSED,1789016175949
2174740,1,INITIATED,1789016175962
2174740,2,VALIDATED,1789016175965
2174740,3,PROCESSED,1789016175969
2174741,1,INITIATED,1789016175981
2174741,2,VALIDATED,1789016175985
2174741,3,PROCESSED,1789016175990
2174742,1,INITIATED,1789016176001
2174742,2,VALIDATED,1789016176004
2174742,3,PROCESSED,1789016176008
2174743,1,INITIATED,1789016176022
2174743,2,VALIDATED,1789016176025
2174743,3,PROCESSED,1789016176029
2174744,1,INITIATED,1789016176042
2174744,2,VALIDATED,1789016176045
2174744,3,PROCESSED,1789016176049
2174745,1,INITIATED,1789016176061
2174745,2,VALIDATED,1789016176065
2174745,3,PROCESSED,1789016176069
2174746,1,INITIATED,1789016176082
2174746,2,VALIDATED,1789016176085
2174746,3,PROCESSED,1789016176089
2174747,1,INITIATED,1789016176101
2174747,2,VALIDATED,1789016176105
2174747,3,PROCESSED,1789016176108
2174748,1,INITIATED,1789016176121
2174748,2,VALIDATED,1789016176125
2174748,3,PROCESSED,1789016176134
2174749,1,INITIATED,1789016176239
2174749,2,VALIDATED,1789016176248
2174749,3,PROCESSED,1789016176252
2174750,1,INITIATED,1789016176240
2174750,2,VALIDATED,1789016176248
2174750,3,PROCESSED,1789016176252
2174751,1,INITIATED,1789016176240
2174751,2,VALIDATED,1789016176248
2174751,3,PROCESSED,1789016176252
2174752,1,INITIATED,1789016176240
2174752,2,VALIDATED,1789016176248
2174752,3,PROCESSED,1789016176252
2174753,1,INITIATED,1789016176239
2174753,2,VALIDATED,1789016176248
2174753,3,PROCESSED,1789016176252
2174754,1,INITIATED,1789016176242
2174754,2,VALIDATED,1789016176248
2174754,3,PROCESSED,1789016176252
2174755,1,INITIATED,1789016176262
2174755,2,VALIDATED,1789016176271
2174755,3,PROCESSED,1789016176276
2174756,1,INITIATED,1789016176282
2174756,2,VALIDATED,1789016176285
2174756,3,PROCESSED,1789016176290
2174757,1,INITIATED,1789016176301
2174757,2,VALIDATED,1789016176306
2174757,3,PROCESSED,1789016176309
2174758,1,INITIATED,1789016176322
2174758,2,VALIDATED,1789016176325
2174758,3,PROCESSED,1789016176329
2174759,1,INITIATED,1789016176341
2174759,2,VALIDATED,1789016176344
2174759,3,PROCESSED,1789016176348
2174760,1,INITIATED,1789016176361
2174760,2,VALIDATED,1789016176364
2174760,3,PROCESSED,1789016176368
2174761,1,INITIATED,1789016176382
2174761,2,VALIDATED,1789016176385
2174761,3,PROCESSED,1789016176391
2174762,1,INITIATED,1789016176402
2174762,2,VALIDATED,1789016176406
2174762,3,PROCESSED,1789016176416
2174763,1,INITIATED,1789016176421
2174763,2,VALIDATED,1789016176424
2174763,3,PROCESSED,1789016176428
2174764,1,INITIATED,1789016176442
2174764,2,VALIDATED,1789016176445
2174764,3,PROCESSED,1789016176449
2174765,1,INITIATED,1789016176461
2174765,2,VALIDATED,1789016176465
2174765,3,PROCESSED,1789016176468
2174766,1,INITIATED,1789016176482
2174766,2,VALIDATED,1789016176486
2174766,3,PROCESSED,1789016176489
2174767,1,INITIATED,1789016176502
2174767,2,VALIDATED,1789016176505
2174767,3,PROCESSED,1789016176508
2174768,1,INITIATED,1789016176521
2174768,2,VALIDATED,1789016176525
2174768,3,PROCESSED,1789016176528
2174769,1,INITIATED,1789016176541
2174769,2,VALIDATED,1789016176544
2174769,3,PROCESSED,1789016176548
2174770,1,INITIATED,1789016176561
2174770,2,VALIDATED,1789016176564
2174770,3,PROCESSED,1789016176566
2174771,1,INITIATED,1789016176581
2174771,2,VALIDATED,1789016176584
2174771,3,PROCESSED,1789016176588
2174772,1,INITIATED,1789016176601
2174772,2,VALIDATED,1789016176604
2174772,3,PROCESSED,1789016176607
2174773,1,INITIATED,1789016176621
2174773,2,VALIDATED,1789016176624
2174773,3,PROCESSED,1789016176628
2174774,1,INITIATED,1789016176642
2174774,2,VALIDATED,1789016176645
2174774,3,PROCESSED,1789016176647
2174775,1,INITIATED,1789016176661
2174775,2,VALIDATED,1789016176664
2174775,3,PROCESSED,1789016176666
2174776,1,INITIATED,1789016176681
2174776,2,VALIDATED,1789016176683
2174776,3,PROCESSED,1789016176686
2174777,1,INITIATED,1789016176701
2174777,2,VALIDATED,1789016176704
2174777,3,PROCESSED,1789016176707
2174778,1,INITIATED,1789016176721
2174778,2,VALIDATED,1789016176725
2174778,3,PROCESSED,1789016176728
2174779,1,INITIATED,1789016176741
2174779,2,VALIDATED,1789016176744
2174779,3,PROCESSED,1789016176747
2174780,1,INITIATED,1789016176761
2174780,2,VALIDATED,1789016176764
2174780,3,PROCESSED,1789016176767
2174781,1,INITIATED,1789016176781
2174781,2,VALIDATED,1789016176784
2174781,3,PROCESSED,1789016176787
2174782,1,INITIATED,1789016176800
2174782,2,VALIDATED,1789016176803
2174782,3,PROCESSED,1789016176806
2174783,1,INITIATED,1789016176821
2174783,2,VALIDATED,1789016176823
2174783,3,PROCESSED,1789016176826
2174784,1,INITIATED,1789016176841
2174784,2,VALIDATED,1789016176845
2174784,3,PROCESSED,1789016176848
2174785,1,INITIATED,1789016176861
2174785,2,VALIDATED,1789016176865
2174785,3,PROCESSED,1789016176868
2174786,1,INITIATED,1789016176881
2174786,2,VALIDATED,1789016176885
2174786,3,PROCESSED,1789016176889
2174787,1,INITIATED,1789016176901
2174787,2,VALIDATED,1789016176904
2174787,3,PROCESSED,1789016176907
2174788,1,INITIATED,1789016176921
2174788,2,VALIDATED,1789016176924
2174788,3,PROCESSED,1789016176927
2174789,1,INITIATED,1789016176940
2174789,2,VALIDATED,1789016176943
2174789,3,PROCESSED,1789016176945
2174790,1,INITIATED,1789016176961
2174790,2,VALIDATED,1789016176966
2174790,3,PROCESSED,1789016176969
2174791,1,INITIATED,1789016176981
2174791,2,VALIDATED,1789016176984
2174791,3,PROCESSED,1789016176986
2174792,1,INITIATED,1789016177001
2174792,2,VALIDATED,1789016177003
2174792,3,PROCESSED,1789016177006
2174793,1,INITIATED,1789016177020
2174793,2,VALIDATED,1789016177023
2174793,3,PROCESSED,1789016177026
2174794,1,INITIATED,1789016177041
2174794,2,VALIDATED,1789016177043
2174794,3,PROCESSED,1789016177046
2174795,1,INITIATED,1789016177061
2174795,2,VALIDATED,1789016177064
2174795,3,PROCESSED,1789016177067
2174796,1,INITIATED,1789016177080
2174796,2,VALIDATED,1789016177083
2174796,3,PROCESSED,1789016177086
2174797,1,INITIATED,1789016177101
2174797,2,VALIDATED,1789016177104
2174797,3,PROCESSED,1789016177106
2174798,1,INITIATED,1789016177120
2174798,2,VALIDATED,1789016177123
2174798,3,PROCESSED,1789016177130
2174799,1,INITIATED,1789016177142
2174799,2,VALIDATED,1789016177150
2174799,3,PROCESSED,1789016177153
2174800,1,INITIATED,1789016177161
2174800,2,VALIDATED,1789016177163
2174800,3,PROCESSED,1789016177168
2174801,1,INITIATED,1789016177181
2174801,2,VALIDATED,1789016177185
2174801,3,PROCESSED,1789016177189
2174802,1,INITIATED,1789016177201
2174802,2,VALIDATED,1789016177204
2174802,3,PROCESSED,1789016177208
2174803,1,INITIATED,1789016177221
2174803,2,VALIDATED,1789016177224
2174803,3,PROCESSED,1789016177226
2174804,1,INITIATED,1789016177241
2174804,2,VALIDATED,1789016177243
2174804,3,PROCESSED,1789016177246
2174805,1,INITIATED,1789016177260
2174805,2,VALIDATED,1789016177263
2174805,3,PROCESSED,1789016177266
2174806,1,INITIATED,1789016177281
2174806,2,VALIDATED,1789016177284
2174806,3,PROCESSED,1789016177287
2174807,1,INITIATED,1789016177301
2174807,2,VALIDATED,1789016177304
2174807,3,PROCESSED,1789016177307
2174808,1,INITIATED,1789016177321
2174808,2,VALIDATED,1789016177324
2174808,3,PROCESSED,1789016177326
2174809,1,INITIATED,1789016177341
2174809,2,VALIDATED,1789016177343
2174809,3,PROCESSED,1789016177345
2174810,1,INITIATED,1789016177361
2174810,2,VALIDATED,1789016177364
2174810,3,PROCESSED,1789016177366
2174811,1,INITIATED,1789016177381
2174811,2,VALIDATED,1789016177384
2174811,3,PROCESSED,1789016177386
2174812,1,INITIATED,1789016177401
2174812,2,VALIDATED,1789016177404
2174812,3,PROCESSED,1789016177407
2174813,1,INITIATED,1789016177422
2174813,2,VALIDATED,1789016177426
2174813,3,PROCESSED,1789016177429
2174814,1,INITIATED,1789016177441
2174814,2,VALIDATED,1789016177444
2174814,3,PROCESSED,1789016177446
2174815,1,INITIATED,1789016177460
2174815,2,VALIDATED,1789016177463
2174815,3,PROCESSED,1789016177465
2174816,1,INITIATED,1789016177482
2174816,2,VALIDATED,1789016177486
2174816,3,PROCESSED,1789016177490
2174817,1,INITIATED,1789016177501
2174817,2,VALIDATED,1789016177504
2174817,3,PROCESSED,1789016177508
2174818,1,INITIATED,1789016177521
2174818,2,VALIDATED,1789016177524
2174818,3,PROCESSED,1789016177526
2174819,1,INITIATED,1789016177541
2174819,2,VALIDATED,1789016177550
2174819,3,PROCESSED,1789016177553
2174820,1,INITIATED,1789016177561
2174820,2,VALIDATED,1789016177563
2174820,3,PROCESSED,1789016177566
2174821,1,INITIATED,1789016177581
2174821,2,VALIDATED,1789016177584
2174821,3,PROCESSED,1789016177586
2174822,1,INITIATED,1789016177602
2174822,2,VALIDATED,1789016177605
2174822,3,PROCESSED,1789016177609
2174823,1,INITIATED,1789016177621
2174823,2,VALIDATED,1789016177624
2174823,3,PROCESSED,1789016177627
2174824,1,INITIATED,1789016177641
2174824,2,VALIDATED,1789016177644
2174824,3,PROCESSED,1789016177648
2174825,1,INITIATED,1789016177661
2174825,2,VALIDATED,1789016177664
2174825,3,PROCESSED,1789016177668
2174826,1,INITIATED,1789016177681
2174826,2,VALIDATED,1789016177684
2174826,3,PROCESSED,1789016177687
2174827,1,INITIATED,1789016177701
2174827,2,VALIDATED,1789016177704
2174827,3,PROCESSED,1789016177707
2174828,1,INITIATED,1789016177721
2174828,2,VALIDATED,1789016177724
2174828,3,PROCESSED,1789016177727
2174829,1,INITIATED,1789016177741
2174829,2,VALIDATED,1789016177744
2174829,3,PROCESSED,1789016177747
2174830,1,INITIATED,1789016177761
2174830,2,VALIDATED,1789016177764
2174830,3,PROCESSED,1789016177767
2174831,1,INITIATED,1789016177782
2174831,2,VALIDATED,1789016177785
2174831,3,PROCESSED,1789016177790
2174832,1,INITIATED,1789016177801
2174832,2,VALIDATED,1789016177812
2174832,3,PROCESSED,1789016177816
2174833,1,INITIATED,1789016177820
2174833,2,VALIDATED,1789016177822
2174833,3,REJECTED,1789016177824
2174834,1,INITIATED,1789016177842
2174834,2,VALIDATED,1789016177845
2174834,3,REJECTED,1789016177848
2174835,1,INITIATED,1789016177861
2174835,2,VALIDATED,1789016177864
2174835,3,REJECTED,1789016177867
2174836,1,INITIATED,1789016177881
2174836,2,VALIDATED,1789016177884
2174836,3,REJECTED,1789016177886
2174837,1,INITIATED,1789016177901
2174837,2,VALIDATED,1789016177904
2174837,3,PROCESSED,1789016177907
2174838,1,INITIATED,1789016177922
2174838,2,VALIDATED,1789016177925
2174838,3,PROCESSED,1789016177929
2174839,1,INITIATED,1789016177941
2174839,2,VALIDATED,1789016177944
2174839,3,PROCESSED,1789016177947
2174840,1,INITIATED,1789016177961
2174840,2,VALIDATED,1789016177964
2174840,3,PROCESSED,1789016177967
2174841,1,INITIATED,1789016177981
2174841,2,VALIDATED,1789016177984
2174841,3,PROCESSED,1789016177987
2174842,1,INITIATED,1789016178001
2174842,2,VALIDATED,1789016178004
2174842,3,PROCESSED,1789016178008
2174843,1,INITIATED,1789016178020
2174843,2,VALIDATED,1789016178024
2174843,3,PROCESSED,1789016178028
2174844,1,INITIATED,1789016178041
2174844,2,VALIDATED,1789016178045
2174844,3,PROCESSED,1789016178048
2174845,1,INITIATED,1789016178061
2174845,2,VALIDATED,1789016178064
2174845,3,PROCESSED,1789016178067
2174846,1,INITIATED,1789016178081
2174846,2,VALIDATED,1789016178085
2174846,3,PROCESSED,1789016178089
2174847,1,INITIATED,1789016178101
2174847,2,VALIDATED,1789016178104
2174847,3,PROCESSED,1789016178107
2174848,1,INITIATED,1789016178121
2174848,2,VALIDATED,1789016178123
2174848,3,PROCESSED,1789016178126
2174849,1,INITIATED,1789016178258
2174849,2,VALIDATED,1789016178262
2174849,3,PROCESSED,1789016178295
2174850,1,INITIATED,1789016178257
2174850,2,VALIDATED,1789016178262
2174850,3,PROCESSED,1789016178285
2174851,1,INITIATED,1789016178258
2174851,2,VALIDATED,1789016178262
2174851,3,PROCESSED,1789016178285
2174852,1,INITIATED,1789016178258
2174852,2,VALIDATED,1789016178262
2174852,3,PROCESSED,1789016178285
2174853,1,INITIATED,1789016178258
2174853,2,VALIDATED,1789016178262
2174853,3,PROCESSED,1789016178285
2174854,1,INITIATED,1789016178258
2174854,2,VALIDATED,1789016178262
2174854,3,PROCESSED,1789016178285
2174855,1,INITIATED,1789016178261
2174855,2,VALIDATED,1789016178283
2174855,3,PROCESSED,1789016178296
2174856,1,INITIATED,1789016178281
2174856,2,VALIDATED,1789016178294
2174856,3,PROCESSED,1789016178298
2174857,1,INITIATED,1789016178301
2174857,2,VALIDATED,1789016178304
2174857,3,PROCESSED,1789016178308
2174858,1,INITIATED,1789016178322
2174858,2,VALIDATED,1789016178324
2174858,3,PROCESSED,1789016178327
2174859,1,INITIATED,1789016178341
2174859,2,VALIDATED,1789016178344
2174859,3,PROCESSED,1789016178347
2174860,1,INITIATED,1789016178360
2174860,2,VALIDATED,1789016178363
2174860,3,PROCESSED,1789016178366
2174861,1,INITIATED,1789016178381
2174861,2,VALIDATED,1789016178384
2174861,3,PROCESSED,1789016178388
2174862,1,INITIATED,1789016178401
2174862,2,VALIDATED,1789016178405
2174862,3,PROCESSED,1789016178408
2174863,1,INITIATED,1789016178421
2174863,2,VALIDATED,1789016178425
2174863,3,PROCESSED,1789016178428
2174864,1,INITIATED,1789016178441
2174864,2,VALIDATED,1789016178444
2174864,3,PROCESSED,1789016178446
2174865,1,INITIATED,1789016178461
2174865,2,VALIDATED,1789016178464
2174865,3,PROCESSED,1789016178466
2174866,1,INITIATED,1789016178481
2174866,2,VALIDATED,1789016178483
2174866,3,PROCESSED,1789016178486
2174867,1,INITIATED,1789016178501
2174867,2,VALIDATED,1789016178504
2174867,3,PROCESSED,1789016178509
2174868,1,INITIATED,1789016178520
2174868,2,VALIDATED,1789016178524
2174868,3,PROCESSED,1789016178526
2174869,1,INITIATED,1789016178541
2174869,2,VALIDATED,1789016178545
2174869,3,PROCESSED,1789016178549
2174870,1,INITIATED,1789016178561
2174870,2,VALIDATED,1789016178564
2174870,3,PROCESSED,1789016178567
2174871,1,INITIATED,1789016178581
2174871,2,VALIDATED,1789016178584
2174871,3,PROCESSED,1789016178586
2174872,1,INITIATED,1789016178601
2174872,2,VALIDATED,1789016178603
2174872,3,PROCESSED,1789016178606
2174873,1,INITIATED,1789016178620
2174873,2,VALIDATED,1789016178623
2174873,3,PROCESSED,1789016178627
2174874,1,INITIATED,1789016178642
2174874,2,VALIDATED,1789016178645
2174874,3,PROCESSED,1789016178650
2174875,1,INITIATED,1789016178661
2174875,2,VALIDATED,1789016178664
2174875,3,PROCESSED,1789016178668
2174876,1,INITIATED,1789016178681
2174876,2,VALIDATED,1789016178685
2174876,3,PROCESSED,1789016178689
2174877,1,INITIATED,1789016178701
2174877,2,VALIDATED,1789016178704
2174877,3,PROCESSED,1789016178707
2174878,1,INITIATED,1789016178721
2174878,2,VALIDATED,1789016178724
2174878,3,PROCESSED,1789016178726
2174879,1,INITIATED,1789016178741
2174879,2,VALIDATED,1789016178745
2174879,3,PROCESSED,1789016178748
2174880,1,INITIATED,1789016178761
2174880,2,VALIDATED,1789016178764
2174880,3,PROCESSED,1789016178769
2174881,1,INITIATED,1789016178782
2174881,2,VALIDATED,1789016178785
2174881,3,PROCESSED,1789016178789
2174882,1,INITIATED,1789016178801
2174882,2,VALIDATED,1789016178805
2174882,3,PROCESSED,1789016178809
2174883,1,INITIATED,1789016178821
2174883,2,VALIDATED,1789016178825
2174883,3,PROCESSED,1789016178828
2174884,1,INITIATED,1789016178841
2174884,2,VALIDATED,1789016178845
2174884,3,PROCESSED,1789016178848
2174885,1,INITIATED,1789016178861
2174885,2,VALIDATED,1789016178865
2174885,3,PROCESSED,1789016178868
2174886,1,INITIATED,1789016178882
2174886,2,VALIDATED,1789016178885
2174886,3,PROCESSED,1789016178889
2174887,1,INITIATED,1789016178901
2174887,2,VALIDATED,1789016178904
2174887,3,PROCESSED,1789016178907
2174888,1,INITIATED,1789016178921
2174888,2,VALIDATED,1789016178924
2174888,3,PROCESSED,1789016178928
2174889,1,INITIATED,1789016178941
2174889,2,VALIDATED,1789016178944
2174889,3,PROCESSED,1789016178948
2174890,1,INITIATED,1789016178961
2174890,2,VALIDATED,1789016178964
2174890,3,PROCESSED,1789016178966
2174891,1,INITIATED,1789016178981
2174891,2,VALIDATED,1789016178985
2174891,3,PROCESSED,1789016178988
2174892,1,INITIATED,1789016179001
2174892,2,VALIDATED,1789016179005
2174892,3,PROCESSED,1789016179008
2174893,1,INITIATED,1789016179020
2174893,2,VALIDATED,1789016179023
2174893,3,PROCESSED,1789016179026
2174894,1,INITIATED,1789016179041
2174894,2,VALIDATED,1789016179044
2174894,3,PROCESSED,1789016179046
2174895,1,INITIATED,1789016179061
2174895,2,VALIDATED,1789016179064
2174895,3,PROCESSED,1789016179067
2174896,1,INITIATED,1789016179081
2174896,2,VALIDATED,1789016179084
2174896,3,PROCESSED,1789016179087
2174897,1,INITIATED,1789016179102
2174897,2,VALIDATED,1789016179106
2174897,3,PROCESSED,1789016179111
2174898,1,INITIATED,1789016179122
2174898,2,VALIDATED,1789016179125
2174898,3,PROCESSED,1789016179128
2174899,1,INITIATED,1789016179192
2174899,2,VALIDATED,1789016179196
2174899,3,PROCESSED,1789016179221
2174900,1,INITIATED,1789016179192
2174900,2,VALIDATED,1789016179196
2174900,3,PROCESSED,1789016179221
2174901,1,INITIATED,1789016179192
2174901,2,VALIDATED,1789016179196
2174901,3,PROCESSED,1789016179221
2174902,1,INITIATED,1789016179201
2174902,2,VALIDATED,1789016179224
2174902,3,PROCESSED,1789016179227
2174903,1,INITIATED,1789016179220
2174903,2,VALIDATED,1789016179225
2174903,3,PROCESSED,1789016179228
2174904,1,INITIATED,1789016179241
2174904,2,VALIDATED,1789016179244
2174904,3,PROCESSED,1789016179251
2174905,1,INITIATED,1789016179261
2174905,2,VALIDATED,1789016179264
2174905,3,PROCESSED,1789016179266
2174906,1,INITIATED,1789016179281
2174906,2,VALIDATED,1789016179285
2174906,3,PROCESSED,1789016179289
2174907,1,INITIATED,1789016179301
2174907,2,VALIDATED,1789016179304
2174907,3,PROCESSED,1789016179308
2174908,1,INITIATED,1789016179321
2174908,2,VALIDATED,1789016179325
2174908,3,PROCESSED,1789016179328
2174909,1,INITIATED,1789016179341
2174909,2,VALIDATED,1789016179344
2174909,3,PROCESSED,1789016179347
2174910,1,INITIATED,1789016179360
2174910,2,VALIDATED,1789016179363
2174910,3,PROCESSED,1789016179367
2174911,1,INITIATED,1789016179380
2174911,2,VALIDATED,1789016179383
2174911,3,PROCESSED,1789016179385
2174912,1,INITIATED,1789016179400
2174912,2,VALIDATED,1789016179403
2174912,3,PROCESSED,1789016179406
2174913,1,INITIATED,1789016179421
2174913,2,VALIDATED,1789016179425
2174913,3,PROCESSED,1789016179429
2174914,1,INITIATED,1789016179441
2174914,2,VALIDATED,1789016179444
2174914,3,PROCESSED,1789016179447
2174915,1,INITIATED,1789016179461
2174915,2,VALIDATED,1789016179464
2174915,3,PROCESSED,1789016179467
2174916,1,INITIATED,1789016179481
2174916,2,VALIDATED,1789016179484
2174916,3,PROCESSED,1789016179486
2174917,1,INITIATED,1789016179501
2174917,2,VALIDATED,1789016179504
2174917,3,PROCESSED,1789016179507
2174918,1,INITIATED,1789016179520
2174918,2,VALIDATED,1789016179526
2174918,3,PROCESSED,1789016179529
2174919,1,INITIATED,1789016179541
2174919,2,VALIDATED,1789016179544
2174919,3,PROCESSED,1789016179546
2174920,1,INITIATED,1789016179561
2174920,2,VALIDATED,1789016179564
2174920,3,PROCESSED,1789016179568
2174921,1,INITIATED,1789016179581
2174921,2,VALIDATED,1789016179585
2174921,3,PROCESSED,1789016179589
2174922,1,INITIATED,1789016179601
2174922,2,VALIDATED,1789016179605
2174922,3,PROCESSED,1789016179608
2174923,1,INITIATED,1789016179621
2174923,2,VALIDATED,1789016179624
2174923,3,PROCESSED,1789016179627
2174924,1,INITIATED,1789016179641
2174924,2,VALIDATED,1789016179644
2174924,3,PROCESSED,1789016179647
2174925,1,INITIATED,1789016179661
2174925,2,VALIDATED,1789016179664
2174925,3,PROCESSED,1789016179667
2174926,1,INITIATED,1789016179681
2174926,2,VALIDATED,1789016179684
2174926,3,PROCESSED,1789016179686
2174927,1,INITIATED,1789016179700
2174927,2,VALIDATED,1789016179703
2174927,3,PROCESSED,1789016179707
2174928,1,INITIATED,1789016179721
2174928,2,VALIDATED,1789016179724
2174928,3,PROCESSED,1789016179727
2174929,1,INITIATED,1789016179741
2174929,2,VALIDATED,1789016179744
2174929,3,PROCESSED,1789016179750
2174930,1,INITIATED,1789016179762
2174930,2,VALIDATED,1789016179766
2174930,3,PROCESSED,1789016179772
2174931,1,INITIATED,1789016179783
2174931,2,VALIDATED,1789016179787
2174931,3,PROCESSED,1789016179791
2174932,1,INITIATED,1789016179803
2174932,2,VALIDATED,1789016179807
2174932,3,PROCESSED,1789016179813
2174933,1,INITIATED,1789016179821
2174933,2,VALIDATED,1789016179825
2174933,3,REJECTED,1789016179829
2174934,1,INITIATED,1789016179842
2174934,2,VALIDATED,1789016179847
2174934,3,REJECTED,1789016179852
2174935,1,INITIATED,1789016179862
2174935,2,VALIDATED,1789016179868
2174935,3,REJECTED,1789016179872
2174936,1,INITIATED,1789016179881
2174936,2,VALIDATED,1789016179885
2174936,3,REJECTED,1789016179889
2174937,1,INITIATED,1789016179902
2174937,2,VALIDATED,1789016179906
2174937,3,PROCESSED,1789016179911
2174938,1,INITIATED,1789016179923
2174938,2,VALIDATED,1789016179928
2174938,3,PROCESSED,1789016179935
2174939,1,INITIATED,1789016179941
2174939,2,VALIDATED,1789016179945
2174939,3,PROCESSED,1789016179950
2174940,1,INITIATED,1789016179961
2174940,2,VALIDATED,1789016179965
2174940,3,PROCESSED,1789016179968
2174941,1,INITIATED,1789016179981
2174941,2,VALIDATED,1789016179985
2174941,3,PROCESSED,1789016179989
2174942,1,INITIATED,1789016180001
2174942,2,VALIDATED,1789016180004
2174942,3,PROCESSED,1789016180008
2174943,1,INITIATED,1789016180021
2174943,2,VALIDATED,1789016180024
2174943,3,PROCESSED,1789016180028
2174944,1,INITIATED,1789016180041
2174944,2,VALIDATED,1789016180044
2174944,3,PROCESSED,1789016180047
2174945,1,INITIATED,1789016180060
2174945,2,VALIDATED,1789016180063
2174945,3,PROCESSED,1789016180067
2174946,1,INITIATED,1789016180081
2174946,2,VALIDATED,1789016180084
2174946,3,PROCESSED,1789016180086
2174947,1,INITIATED,1789016180102
2174947,2,VALIDATED,1789016180105
2174947,3,PROCESSED,1789016180109
2174948,1,INITIATED,1789016180121
2174948,2,VALIDATED,1789016180124
2174948,3,PROCESSED,1789016180215
2174949,1,INITIATED,1789016180213
2174949,2,VALIDATED,1789016180216
2174949,3,PROCESSED,1789016180223
2174950,1,INITIATED,1789016180213
2174950,2,VALIDATED,1789016180217
2174950,3,PROCESSED,1789016180223
2174951,1,INITIATED,1789016180213
2174951,2,VALIDATED,1789016180217
2174951,3,PROCESSED,1789016180223
2174952,1,INITIATED,1789016180213
2174952,2,VALIDATED,1789016180216
2174952,3,PROCESSED,1789016180223
2174953,1,INITIATED,1789016180221
2174953,2,VALIDATED,1789016180233
2174953,3,PROCESSED,1789016180239
2174954,1,INITIATED,1789016180240
2174954,2,VALIDATED,1789016180243
2174954,3,PROCESSED,1789016180246
2174955,1,INITIATED,1789016180260
2174955,2,VALIDATED,1789016180263
2174955,3,PROCESSED,1789016180266
2174956,1,INITIATED,1789016180281
2174956,2,VALIDATED,1789016180284
2174956,3,PROCESSED,1789016180287
2174957,1,INITIATED,1789016180301
2174957,2,VALIDATED,1789016180304
2174957,3,PROCESSED,1789016180307
2174958,1,INITIATED,1789016180321
2174958,2,VALIDATED,1789016180325
2174958,3,PROCESSED,1789016180328
2174959,1,INITIATED,1789016180341
2174959,2,VALIDATED,1789016180344
2174959,3,PROCESSED,1789016180346
2174960,1,INITIATED,1789016180361
2174960,2,VALIDATED,1789016180364
2174960,3,PROCESSED,1789016180366
2174961,1,INITIATED,1789016180381
2174961,2,VALIDATED,1789016180384
2174961,3,PROCESSED,1789016180389
2174962,1,INITIATED,1789016180401
2174962,2,VALIDATED,1789016180404
2174962,3,PROCESSED,1789016180407
2174963,1,INITIATED,1789016180421
2174963,2,VALIDATED,1789016180425
2174963,3,PROCESSED,1789016180428
2174964,1,INITIATED,1789016180441
2174964,2,VALIDATED,1789016180444
2174964,3,PROCESSED,1789016180448
2174965,1,INITIATED,1789016180461
2174965,2,VALIDATED,1789016180464
2174965,3,PROCESSED,1789016180466
2174966,1,INITIATED,1789016180481
2174966,2,VALIDATED,1789016180484
2174966,3,PROCESSED,1789016180489
2174967,1,INITIATED,1789016180501
2174967,2,VALIDATED,1789016180504
2174967,3,PROCESSED,1789016180508
2174968,1,INITIATED,1789016180521
2174968,2,VALIDATED,1789016180525
2174968,3,PROCESSED,1789016180528
2174969,1,INITIATED,1789016180541
2174969,2,VALIDATED,1789016180544
2174969,3,PROCESSED,1789016180547
2174970,1,INITIATED,1789016180561
2174970,2,VALIDATED,1789016180564
2174970,3,PROCESSED,1789016180566
2174971,1,INITIATED,1789016180581
2174971,2,VALIDATED,1789016180584
2174971,3,PROCESSED,1789016180587
2174972,1,INITIATED,1789016180601
2174972,2,VALIDATED,1789016180604
2174972,3,PROCESSED,1789016180607
2174973,1,INITIATED,1789016180620
2174973,2,VALIDATED,1789016180625
2174973,3,PROCESSED,1789016180628
2174974,1,INITIATED,1789016180640
2174974,2,VALIDATED,1789016180644
2174974,3,PROCESSED,1789016180648
2174975,1,INITIATED,1789016180661
2174975,2,VALIDATED,1789016180664
2174975,3,PROCESSED,1789016180668
2174976,1,INITIATED,1789016180682
2174976,2,VALIDATED,1789016180685
2174976,3,PROCESSED,1789016180688
2174977,1,INITIATED,1789016180701
2174977,2,VALIDATED,1789016180704
2174977,3,PROCESSED,1789016180707
2174978,1,INITIATED,1789016180721
2174978,2,VALIDATED,1789016180724
2174978,3,PROCESSED,1789016180726
2174979,1,INITIATED,1789016180741
2174979,2,VALIDATED,1789016180743
2174979,3,PROCESSED,1789016180747
2174980,1,INITIATED,1789016180762
2174980,2,VALIDATED,1789016180765
2174980,3,PROCESSED,1789016180769
2174981,1,INITIATED,1789016180782
2174981,2,VALIDATED,1789016180785
2174981,3,PROCESSED,1789016180790
2174982,1,INITIATED,1789016180801
2174982,2,VALIDATED,1789016180804
2174982,3,PROCESSED,1789016180808
2174983,1,INITIATED,1789016180821
2174983,2,VALIDATED,1789016180824
2174983,3,PROCESSED,1789016180828
2174984,1,INITIATED,1789016180841
2174984,2,VALIDATED,1789016180844
2174984,3,PROCESSED,1789016180847
2174985,1,INITIATED,1789016180861
2174985,2,VALIDATED,1789016180866
2174985,3,PROCESSED,1789016180869
2174986,1,INITIATED,1789016180881
2174986,2,VALIDATED,1789016180884
2174986,3,PROCESSED,1789016180887
2174987,1,INITIATED,1789016180901
2174987,2,VALIDATED,1789016180905
2174987,3,PROCESSED,1789016180908
2174988,1,INITIATED,1789016180921
2174988,2,VALIDATED,1789016180925
2174988,3,PROCESSED,1789016180929
2174989,1,INITIATED,1789016180941
2174989,2,VALIDATED,1789016180944
2174989,3,PROCESSED,1789016180947
2174990,1,INITIATED,1789016180960
2174990,2,VALIDATED,1789016180963
2174990,3,PROCESSED,1789016180966
2174991,1,INITIATED,1789016180981
2174991,2,VALIDATED,1789016180985
2174991,3,PROCESSED,1789016180988
2174992,1,INITIATED,1789016181001
2174992,2,VALIDATED,1789016181004
2174992,3,PROCESSED,1789016181008
2174993,1,INITIATED,1789016181021
2174993,2,VALIDATED,1789016181024
2174993,3,PROCESSED,1789016181027
2174994,1,INITIATED,1789016181041
2174994,2,VALIDATED,1789016181044
2174994,3,PROCESSED,1789016181048
2174995,1,INITIATED,1789016181061
2174995,2,VALIDATED,1789016181064
2174995,3,PROCESSED,1789016181068
2174996,1,INITIATED,1789016181082
2174996,2,VALIDATED,1789016181085
2174996,3,PROCESSED,1789016181090
2174997,1,INITIATED,1789016181101
2174997,2,VALIDATED,1789016181105
2174997,3,PROCESSED,1789016181109
2174998,1,INITIATED,1789016181121
2174998,2,VALIDATED,1789016181125
2174998,3,PROCESSED,1789016181129
2174999,1,INITIATED,1789016181142
2174999,2,VALIDATED,1789016181146
2174999,3,PROCESSED,1789016181151
2175000,1,INITIATED,1789016181161
2175000,2,VALIDATED,1789016181163
2175000,3,PROCESSED,1789016181167
2175001,1,INITIATED,1789016181181
2175001,2,VALIDATED,1789016181184
2175001,3,PROCESSED,1789016181188
2175002,1,INITIATED,1789016181201
2175002,2,VALIDATED,1789016181204
2175002,3,PROCESSED,1789016181208
2175003,1,INITIATED,1789016181221
2175003,2,VALIDATED,1789016181225
2175003,3,PROCESSED,1789016181228
2175004,1,INITIATED,1789016181241
2175004,2,VALIDATED,1789016181244
2175004,3,PROCESSED,1789016181249
2175005,1,INITIATED,1789016181260
2175005,2,VALIDATED,1789016181264
2175005,3,PROCESSED,1789016181266
2175006,1,INITIATED,1789016181281
2175006,2,VALIDATED,1789016181285
2175006,3,PROCESSED,1789016181287
2175007,1,INITIATED,1789016181301
2175007,2,VALIDATED,1789016181304
2175007,3,PROCESSED,1789016181307
2175008,1,INITIATED,1789016181321
2175008,2,VALIDATED,1789016181333
2175008,3,PROCESSED,1789016181336
2175009,1,INITIATED,1789016181341
2175009,2,VALIDATED,1789016181343
2175009,3,PROCESSED,1789016181346
2175010,1,INITIATED,1789016181361
2175010,2,VALIDATED,1789016181364
2175010,3,PROCESSED,1789016181366
2175011,1,INITIATED,1789016181381
2175011,2,VALIDATED,1789016181386
2175011,3,PROCESSED,1789016181390
2175012,1,INITIATED,1789016181401
2175012,2,VALIDATED,1789016181404
2175012,3,PROCESSED,1789016181407
2175013,1,INITIATED,1789016181422
2175013,2,VALIDATED,1789016181425
2175013,3,PROCESSED,1789016181428
2175014,1,INITIATED,1789016181441
2175014,2,VALIDATED,1789016181444
2175014,3,PROCESSED,1789016181448
2175015,1,INITIATED,1789016181461
2175015,2,VALIDATED,1789016181464
2175015,3,PROCESSED,1789016181467
2175016,1,INITIATED,1789016181480
2175016,2,VALIDATED,1789016181483
2175016,3,PROCESSED,1789016181486
2175017,1,INITIATED,1789016181501
2175017,2,VALIDATED,1789016181504
2175017,3,PROCESSED,1789016181506
2175018,1,INITIATED,1789016181521
2175018,2,VALIDATED,1789016181524
2175018,3,PROCESSED,1789016181526
2175019,1,INITIATED,1789016181541
2175019,2,VALIDATED,1789016181545
2175019,3,PROCESSED,1789016181548
2175020,1,INITIATED,1789016181561
2175020,2,VALIDATED,1789016181564
2175020,3,PROCESSED,1789016181569
2175021,1,INITIATED,1789016181581
2175021,2,VALIDATED,1789016181593
2175021,3,PROCESSED,1789016181597
2175022,1,INITIATED,1789016181600
2175022,2,VALIDATED,1789016181603
2175022,3,PROCESSED,1789016181606
2175023,1,INITIATED,1789016181621
2175023,2,VALIDATED,1789016181623
2175023,3,PROCESSED,1789016181638
2175024,1,INITIATED,1789016181640
2175024,2,VALIDATED,1789016181653
2175024,3,PROCESSED,1789016181670
2175025,1,INITIATED,1789016181661
2175025,2,VALIDATED,1789016181669
2175025,3,PROCESSED,1789016181673
2175026,1,INITIATED,1789016181681
2175026,2,VALIDATED,1789016181694
2175026,3,PROCESSED,1789016181697
2175027,1,INITIATED,1789016181700
2175027,2,VALIDATED,1789016181702
2175027,3,PROCESSED,1789016181706
2175028,1,INITIATED,1789016181721
2175028,2,VALIDATED,1789016181724
2175028,3,PROCESSED,1789016181726
2175029,1,INITIATED,1789016181741
2175029,2,VALIDATED,1789016181744
2175029,3,PROCESSED,1789016181747
2175030,1,INITIATED,1789016181761
2175030,2,VALIDATED,1789016181764
2175030,3,PROCESSED,1789016181767
2175031,1,INITIATED,1789016181781
2175031,2,VALIDATED,1789016181784
2175031,3,PROCESSED,1789016181787
2175032,1,INITIATED,1789016181801
2175032,2,VALIDATED,1789016181804
2175032,3,PROCESSED,1789016181807
2175033,1,INITIATED,1789016181821
2175033,2,VALIDATED,1789016181825
2175033,3,REJECTED,1789016181827
2175034,1,INITIATED,1789016181841
2175034,2,VALIDATED,1789016181844
2175034,3,REJECTED,1789016181846
2175035,1,INITIATED,1789016181861
2175035,2,VALIDATED,1789016181878
2175035,3,REJECTED,1789016181881
2175036,1,INITIATED,1789016181881
2175036,2,VALIDATED,1789016181886
2175036,3,REJECTED,1789016181891
2175037,1,INITIATED,1789016181901
2175037,2,VALIDATED,1789016181904
2175037,3,PROCESSED,1789016181909
2175038,1,INITIATED,1789016181922
2175038,2,VALIDATED,1789016181926
2175038,3,PROCESSED,1789016181929
2175039,1,INITIATED,1789016181942
2175039,2,VALIDATED,1789016181945
2175039,3,PROCESSED,1789016181949
2175040,1,INITIATED,1789016181961
2175040,2,VALIDATED,1789016181965
2175040,3,PROCESSED,1789016181968
2175041,1,INITIATED,1789016181981
2175041,2,VALIDATED,1789016181985
2175041,3,PROCESSED,1789016181989
2175042,1,INITIATED,1789016182001
2175042,2,VALIDATED,1789016182004
2175042,3,PROCESSED,1789016182008
2175043,1,INITIATED,1789016182021
2175043,2,VALIDATED,1789016182024
2175043,3,PROCESSED,1789016182028
2175044,1,INITIATED,1789016182041
2175044,2,VALIDATED,1789016182045
2175044,3,PROCESSED,1789016182048
2175045,1,INITIATED,1789016182060
2175045,2,VALIDATED,1789016182064
2175045,3,PROCESSED,1789016182067
2175046,1,INITIATED,1789016182081
2175046,2,VALIDATED,1789016182098
2175046,3,PROCESSED,1789016182101
2175047,1,INITIATED,1789016182100
2175047,2,VALIDATED,1789016182104
2175047,3,PROCESSED,1789016182107
2175048,1,INITIATED,1789016182121
2175048,2,VALIDATED,1789016182146
2175048,3,PROCESSED,1789016182152
2175049,1,INITIATED,1789016182146
2175049,2,VALIDATED,1789016182151
2175049,3,PROCESSED,1789016182253
2175050,1,INITIATED,1789016182164
2175050,2,VALIDATED,1789016182268
2175050,3,PROCESSED,1789016182272
2175051,1,INITIATED,1789016182251
2175051,2,VALIDATED,1789016182268
2175051,3,PROCESSED,1789016182272
2175052,1,INITIATED,1789016182251
2175052,2,VALIDATED,1789016182268
2175052,3,PROCESSED,1789016182273
2175053,1,INITIATED,1789016182251
2175053,2,VALIDATED,1789016182268
2175053,3,PROCESSED,1789016182273
2175054,1,INITIATED,1789016182251
2175054,2,VALIDATED,1789016182268
2175054,3,PROCESSED,1789016182273
2175055,1,INITIATED,1789016182261
2175055,2,VALIDATED,1789016182268
2175055,3,PROCESSED,1789016182273
2175056,1,INITIATED,1789016182282
2175056,2,VALIDATED,1789016182286
2175056,3,PROCESSED,1789016182290
2175057,1,INITIATED,1789016182301
2175057,2,VALIDATED,1789016182304
2175057,3,PROCESSED,1789016182308
2175058,1,INITIATED,1789016182321
2175058,2,VALIDATED,1789016182324
2175058,3,PROCESSED,1789016182328
2175059,1,INITIATED,1789016182342
2175059,2,VALIDATED,1789016182346
2175059,3,PROCESSED,1789016182363
2175060,1,INITIATED,1789016182361
2175060,2,VALIDATED,1789016182364
2175060,3,PROCESSED,1789016182367
2175061,1,INITIATED,1789016182380
2175061,2,VALIDATED,1789016182384
2175061,3,PROCESSED,1789016182386
2175062,1,INITIATED,1789016182401
2175062,2,VALIDATED,1789016182404
2175062,3,PROCESSED,1789016182407
2175063,1,INITIATED,1789016182422
2175063,2,VALIDATED,1789016182426
2175063,3,PROCESSED,1789016182429
2175064,1,INITIATED,1789016182441
2175064,2,VALIDATED,1789016182445
2175064,3,PROCESSED,1789016182450
2175065,1,INITIATED,1789016182461
2175065,2,VALIDATED,1789016182464
2175065,3,PROCESSED,1789016182468
2175066,1,INITIATED,1789016182481
2175066,2,VALIDATED,1789016182485
2175066,3,PROCESSED,1789016182488
2175067,1,INITIATED,1789016182503
2175067,2,VALIDATED,1789016182508
2175067,3,PROCESSED,1789016182515
2175068,1,INITIATED,1789016182522
2175068,2,VALIDATED,1789016182526
2175068,3,PROCESSED,1789016182531
2175069,1,INITIATED,1789016182541
2175069,2,VALIDATED,1789016182545
2175069,3,PROCESSED,1789016182548
2175070,1,INITIATED,1789016182562
2175070,2,VALIDATED,1789016182565
2175070,3,PROCESSED,1789016182568
2175071,1,INITIATED,1789016182581
2175071,2,VALIDATED,1789016182584
2175071,3,PROCESSED,1789016182588
2175072,1,INITIATED,1789016182601
2175072,2,VALIDATED,1789016182605
2175072,3,PROCESSED,1789016182608
2175073,1,INITIATED,1789016182621
2175073,2,VALIDATED,1789016182625
2175073,3,PROCESSED,1789016182642
2175074,1,INITIATED,1789016182641
2175074,2,VALIDATED,1789016182644
2175074,3,PROCESSED,1789016182646
2175075,1,INITIATED,1789016182661
2175075,2,VALIDATED,1789016182664
2175075,3,PROCESSED,1789016182668
2175076,1,INITIATED,1789016182681
2175076,2,VALIDATED,1789016182684
2175076,3,PROCESSED,1789016182687
2175077,1,INITIATED,1789016182701
2175077,2,VALIDATED,1789016182704
2175077,3,PROCESSED,1789016182708
2175078,1,INITIATED,1789016182720
2175078,2,VALIDATED,1789016182724
2175078,3,PROCESSED,1789016182727
2175079,1,INITIATED,1789016182740
2175079,2,VALIDATED,1789016182744
2175079,3,PROCESSED,1789016182747
2175080,1,INITIATED,1789016182761
2175080,2,VALIDATED,1789016182764
2175080,3,PROCESSED,1789016182767
2175081,1,INITIATED,1789016182781
2175081,2,VALIDATED,1789016182784
2175081,3,PROCESSED,1789016182787
2175082,1,INITIATED,1789016182801
2175082,2,VALIDATED,1789016182804
2175082,3,PROCESSED,1789016182807
2175083,1,INITIATED,1789016182821
2175083,2,VALIDATED,1789016182824
2175083,3,PROCESSED,1789016182826
2175084,1,INITIATED,1789016182841
2175084,2,VALIDATED,1789016182844
2175084,3,PROCESSED,1789016182860
2175085,1,INITIATED,1789016182861
2175085,2,VALIDATED,1789016182863
2175085,3,PROCESSED,1789016182866
2175086,1,INITIATED,1789016182881
2175086,2,VALIDATED,1789016182885
2175086,3,PROCESSED,1789016182889
2175087,1,INITIATED,1789016182901
2175087,2,VALIDATED,1789016182906
2175087,3,PROCESSED,1789016182909
2175088,1,INITIATED,1789016182922
2175088,2,VALIDATED,1789016182925
2175088,3,PROCESSED,1789016182928
2175089,1,INITIATED,1789016182941
2175089,2,VALIDATED,1789016182945
2175089,3,PROCESSED,1789016182948
2175090,1,INITIATED,1789016182961
2175090,2,VALIDATED,1789016182964
2175090,3,PROCESSED,1789016182967
2175091,1,INITIATED,1789016182980
2175091,2,VALIDATED,1789016182984
2175091,3,PROCESSED,1789016182987
2175092,1,INITIATED,1789016183001
2175092,2,VALIDATED,1789016183005
2175092,3,PROCESSED,1789016183009
2175093,1,INITIATED,1789016183021
2175093,2,VALIDATED,1789016183025
2175093,3,PROCESSED,1789016183028
2175094,1,INITIATED,1789016183041
2175094,2,VALIDATED,1789016183045
2175094,3,PROCESSED,1789016183048
2175095,1,INITIATED,1789016183061
2175095,2,VALIDATED,1789016183065
2175095,3,PROCESSED,1789016183068
2175096,1,INITIATED,1789016183082
2175096,2,VALIDATED,1789016183085
2175096,3,PROCESSED,1789016183089
2175097,1,INITIATED,1789016183102
2175097,2,VALIDATED,1789016183105
2175097,3,PROCESSED,1789016183109
2175098,1,INITIATED,1789016183121
2175098,2,VALIDATED,1789016183125
2175098,3,PROCESSED,1789016183381
2175099,1,INITIATED,1789016183378
2175099,2,VALIDATED,1789016183395
2175099,3,PROCESSED,1789016183516
2175100,1,INITIATED,1789016183379
2175100,2,VALIDATED,1789016183514
2175100,3,PROCESSED,1789016183537
2175101,1,INITIATED,1789016183380
2175101,2,VALIDATED,1789016183513
2175101,3,PROCESSED,1789016183535
2175102,1,INITIATED,1789016183380
2175102,2,VALIDATED,1789016183514
2175102,3,PROCESSED,1789016183536
2175103,1,INITIATED,1789016183379
2175103,2,VALIDATED,1789016183514
2175103,3,PROCESSED,1789016183535
2175104,1,INITIATED,1789016183380
2175104,2,VALIDATED,1789016183515
2175104,3,PROCESSED,1789016183537
2175105,1,INITIATED,1789016183378
2175105,2,VALIDATED,1789016183514
2175105,3,PROCESSED,1789016183535
2175106,1,INITIATED,1789016183378
2175106,2,VALIDATED,1789016183513
2175106,3,PROCESSED,1789016183536
2175107,1,INITIATED,1789016183379
2175107,2,VALIDATED,1789016183515
2175107,3,PROCESSED,1789016183537
2175108,1,INITIATED,1789016183379
2175108,2,VALIDATED,1789016183513
2175108,3,PROCESSED,1789016183537
2175109,1,INITIATED,1789016183380
2175109,2,VALIDATED,1789016183514
2175109,3,PROCESSED,1789016183535
2175110,1,INITIATED,1789016183380
2175110,2,VALIDATED,1789016183513
2175110,3,PROCESSED,1789016183536
2175111,1,INITIATED,1789016183381
2175111,2,VALIDATED,1789016183513
2175111,3,PROCESSED,1789016183533
2175112,1,INITIATED,1789016183401
2175112,2,VALIDATED,1789016183514
2175112,3,PROCESSED,1789016183536
2175113,1,INITIATED,1789016183421
2175113,2,VALIDATED,1789016183515
2175113,3,PROCESSED,1789016183536
2175114,1,INITIATED,1789016183441
2175114,2,VALIDATED,1789016183515
2175114,3,PROCESSED,1789016183533
2175115,1,INITIATED,1789016183462
2175115,2,VALIDATED,1789016183514
2175115,3,PROCESSED,1789016183535
2175116,1,INITIATED,1789016183481
2175116,2,VALIDATED,1789016183514
2175116,3,PROCESSED,1789016183537
2175117,1,INITIATED,1789016183501
2175117,2,VALIDATED,1789016183515
2175117,3,PROCESSED,1789016183535
2175118,1,INITIATED,1789016183520
2175118,2,VALIDATED,1789016183532
2175118,3,PROCESSED,1789016183549
2175119,1,INITIATED,1789016183541
2175119,2,VALIDATED,1789016183548
2175119,3,PROCESSED,1789016183552
2175120,1,INITIATED,1789016183562
2175120,2,VALIDATED,1789016183566
2175120,3,PROCESSED,1789016183569
2175121,1,INITIATED,1789016183581
2175121,2,VALIDATED,1789016183585
2175121,3,PROCESSED,1789016183587
2175122,1,INITIATED,1789016183601
2175122,2,VALIDATED,1789016183604
2175122,3,PROCESSED,1789016183606
2175123,1,INITIATED,1789016183621
2175123,2,VALIDATED,1789016183624
2175123,3,PROCESSED,1789016183626
2175124,1,INITIATED,1789016183640
2175124,2,VALIDATED,1789016183644
2175124,3,PROCESSED,1789016183648
2175125,1,INITIATED,1789016183661
2175125,2,VALIDATED,1789016183666
2175125,3,PROCESSED,1789016183669
2175126,1,INITIATED,1789016183682
2175126,2,VALIDATED,1789016183686
2175126,3,PROCESSED,1789016183689
2175127,1,INITIATED,1789016183701
2175127,2,VALIDATED,1789016183705
2175127,3,PROCESSED,1789016183708
2175128,1,INITIATED,1789016183720
2175128,2,VALIDATED,1789016183723
2175128,3,PROCESSED,1789016183727
2175129,1,INITIATED,1789016183741
2175129,2,VALIDATED,1789016183744
2175129,3,PROCESSED,1789016183747
2175130,1,INITIATED,1789016183761
2175130,2,VALIDATED,1789016183764
2175130,3,PROCESSED,1789016183767
2175131,1,INITIATED,1789016183782
2175131,2,VALIDATED,1789016183786
2175131,3,PROCESSED,1789016183790
2175132,1,INITIATED,1789016183801
2175132,2,VALIDATED,1789016183804
2175132,3,PROCESSED,1789016183808
2175133,1,INITIATED,1789016183821
2175133,2,VALIDATED,1789016183824
2175133,3,REJECTED,1789016183826
2175134,1,INITIATED,1789016183841
2175134,2,VALIDATED,1789016183844
2175134,3,REJECTED,1789016183846
2175135,1,INITIATED,1789016183861
2175135,2,VALIDATED,1789016183864
2175135,3,REJECTED,1789016183865
2175136,1,INITIATED,1789016183881
2175136,2,VALIDATED,1789016183884
2175136,3,REJECTED,1789016183887
2175137,1,INITIATED,1789016183901
2175137,2,VALIDATED,1789016183904
2175137,3,PROCESSED,1789016183908
2175138,1,INITIATED,1789016183921
2175138,2,VALIDATED,1789016183924
2175138,3,PROCESSED,1789016183927
2175139,1,INITIATED,1789016183941
2175139,2,VALIDATED,1789016183944
2175139,3,PROCESSED,1789016183946
2175140,1,INITIATED,1789016183961
2175140,2,VALIDATED,1789016183964
2175140,3,PROCESSED,1789016183966
2175141,1,INITIATED,1789016183981
2175141,2,VALIDATED,1789016183984
2175141,3,PROCESSED,1789016183988
2175142,1,INITIATED,1789016184000
2175142,2,VALIDATED,1789016184003
2175142,3,PROCESSED,1789016184007
2175143,1,INITIATED,1789016184021
2175143,2,VALIDATED,1789016184024
2175143,3,PROCESSED,1789016184028
2175144,1,INITIATED,1789016184041
2175144,2,VALIDATED,1789016184044
2175144,3,PROCESSED,1789016184046
2175145,1,INITIATED,1789016184061
2175145,2,VALIDATED,1789016184064
2175145,3,PROCESSED,1789016184066
2175146,1,INITIATED,1789016184081
2175146,2,VALIDATED,1789016184084
2175146,3,PROCESSED,1789016184088
2175147,1,INITIATED,1789016184101
2175147,2,VALIDATED,1789016184105
2175147,3,PROCESSED,1789016184109
2175148,1,INITIATED,1789016184121
2175148,2,VALIDATED,1789016184380
2175148,3,PROCESSED,1789016184470
2175149,1,INITIATED,1789016184163
2175149,2,VALIDATED,1789016184380
2175149,3,PROCESSED,1789016184399
2175150,1,INITIATED,1789016184163
2175150,2,VALIDATED,1789016184381
2175150,3,PROCESSED,1789016184469
2175151,1,INITIATED,1789016184379
2175151,2,VALIDATED,1789016184383
2175151,3,PROCESSED,1789016184470
2175152,1,INITIATED,1789016184380
2175152,2,VALIDATED,1789016184469
2175152,3,PROCESSED,1789016184476
2175153,1,INITIATED,1789016184380
2175153,2,VALIDATED,1789016184469
2175153,3,PROCESSED,1789016184476
2175154,1,INITIATED,1789016184381
2175154,2,VALIDATED,1789016184467
2175154,3,PROCESSED,1789016184474
2175155,1,INITIATED,1789016184381
2175155,2,VALIDATED,1789016184469
2175155,3,PROCESSED,1789016184476
2175156,1,INITIATED,1789016184382
2175156,2,VALIDATED,1789016184468
2175156,3,PROCESSED,1789016184476
2175157,1,INITIATED,1789016184381
2175157,2,VALIDATED,1789016184468
2175157,3,PROCESSED,1789016184475
2175158,1,INITIATED,1789016184380
2175158,2,VALIDATED,1789016184467
2175158,3,PROCESSED,1789016184475
2175159,1,INITIATED,1789016184379
2175159,2,VALIDATED,1789016184469
2175159,3,PROCESSED,1789016184475
2175160,1,INITIATED,1789016184380
2175160,2,VALIDATED,1789016184467
2175160,3,PROCESSED,1789016184474
2175161,1,INITIATED,1789016184382
2175161,2,VALIDATED,1789016184468
2175161,3,PROCESSED,1789016184477
2175162,1,INITIATED,1789016184401
2175162,2,VALIDATED,1789016184468
2175162,3,PROCESSED,1789016184474
2175163,1,INITIATED,1789016184422
2175163,2,VALIDATED,1789016184469
2175163,3,PROCESSED,1789016184476
2175164,1,INITIATED,1789016184441
2175164,2,VALIDATED,1789016184468
2175164,3,PROCESSED,1789016184474
2175165,1,INITIATED,1789016184462
2175165,2,VALIDATED,1789016184468
2175165,3,PROCESSED,1789016184474
2175166,1,INITIATED,1789016184482
2175166,2,VALIDATED,1789016184489
2175166,3,PROCESSED,1789016184493
2175167,1,INITIATED,1789016184501
2175167,2,VALIDATED,1789016184504
2175167,3,PROCESSED,1789016184508
2175168,1,INITIATED,1789016184521
2175168,2,VALIDATED,1789016184525
2175168,3,PROCESSED,1789016184530
2175169,1,INITIATED,1789016184541
2175169,2,VALIDATED,1789016184545
2175169,3,PROCESSED,1789016184550
2175170,1,INITIATED,1789016184562
2175170,2,VALIDATED,1789016184566
2175170,3,PROCESSED,1789016184571
2175171,1,INITIATED,1789016184582
2175171,2,VALIDATED,1789016184586
2175171,3,PROCESSED,1789016184590
2175172,1,INITIATED,1789016184602
2175172,2,VALIDATED,1789016184606
2175172,3,PROCESSED,1789016184610
2175173,1,INITIATED,1789016184621
2175173,2,VALIDATED,1789016184626
2175173,3,PROCESSED,1789016184630
2175174,1,INITIATED,1789016184641
2175174,2,VALIDATED,1789016184645
2175174,3,PROCESSED,1789016184649
2175175,1,INITIATED,1789016184661
2175175,2,VALIDATED,1789016184665
2175175,3,PROCESSED,1789016184670
2175176,1,INITIATED,1789016184681
2175176,2,VALIDATED,1789016184685
2175176,3,PROCESSED,1789016184691
2175177,1,INITIATED,1789016184701
2175177,2,VALIDATED,1789016184705
2175177,3,PROCESSED,1789016184709
2175178,1,INITIATED,1789016184721
2175178,2,VALIDATED,1789016184725
2175178,3,PROCESSED,1789016184742
2175179,1,INITIATED,1789016184741
2175179,2,VALIDATED,1789016184744
2175179,3,PROCESSED,1789016184747
2175180,1,INITIATED,1789016184761
2175180,2,VALIDATED,1789016184765
2175180,3,PROCESSED,1789016184769
2175181,1,INITIATED,1789016184781
2175181,2,VALIDATED,1789016184785
2175181,3,PROCESSED,1789016184790
2175182,1,INITIATED,1789016184802
2175182,2,VALIDATED,1789016184806
2175182,3,PROCESSED,1789016184810
2175183,1,INITIATED,1789016184821
2175183,2,VALIDATED,1789016184825
2175183,3,PROCESSED,1789016184829
2175184,1,INITIATED,1789016184842
2175184,2,VALIDATED,1789016184845
2175184,3,PROCESSED,1789016184848
2175185,1,INITIATED,1789016184862
2175185,2,VALIDATED,1789016184865
2175185,3,PROCESSED,1789016184869
2175186,1,INITIATED,1789016184881
2175186,2,VALIDATED,1789016184885
2175186,3,PROCESSED,1789016184888
2175187,1,INITIATED,1789016184900
2175187,2,VALIDATED,1789016184904
2175187,3,PROCESSED,1789016184908
2175188,1,INITIATED,1789016184921
2175188,2,VALIDATED,1789016184924
2175188,3,PROCESSED,1789016184929
2175189,1,INITIATED,1789016184942
2175189,2,VALIDATED,1789016184945
2175189,3,PROCESSED,1789016184949
2175190,1,INITIATED,1789016184961
2175190,2,VALIDATED,1789016184965
2175190,3,PROCESSED,1789016184969
2175191,1,INITIATED,1789016184981
2175191,2,VALIDATED,1789016184985
2175191,3,PROCESSED,1789016184990
2175192,1,INITIATED,1789016185002
2175192,2,VALIDATED,1789016185019
2175192,3,PROCESSED,1789016185023
2175193,1,INITIATED,1789016185021
2175193,2,VALIDATED,1789016185024
2175193,3,PROCESSED,1789016185027
2175194,1,INITIATED,1789016185041
2175194,2,VALIDATED,1789016185045
2175194,3,PROCESSED,1789016185048
2175195,1,INITIATED,1789016185061
2175195,2,VALIDATED,1789016185064
2175195,3,PROCESSED,1789016185067
2175196,1,INITIATED,1789016185080
2175196,2,VALIDATED,1789016185083
2175196,3,PROCESSED,1789016185086
2175197,1,INITIATED,1789016185101
2175197,2,VALIDATED,1789016185104
2175197,3,PROCESSED,1789016185108
2175198,1,INITIATED,1789016185121
2175198,2,VALIDATED,1789016185151
2175198,3,PROCESSED,1789016185180
2175199,1,INITIATED,1789016185149
2175199,2,VALIDATED,1789016185179
2175199,3,PROCESSED,1789016185183
2175200,1,INITIATED,1789016185161
2175200,2,VALIDATED,1789016185179
2175200,3,PROCESSED,1789016185183
2175201,1,INITIATED,1789016185181
2175201,2,VALIDATED,1789016185184
2175201,3,PROCESSED,1789016185187
2175202,1,INITIATED,1789016185201
2175202,2,VALIDATED,1789016185205
2175202,3,PROCESSED,1789016185209
2175203,1,INITIATED,1789016185222
2175203,2,VALIDATED,1789016185225
2175203,3,PROCESSED,1789016185230
2175204,1,INITIATED,1789016185242
2175204,2,VALIDATED,1789016185246
2175204,3,PROCESSED,1789016185250
2175205,1,INITIATED,1789016185261
2175205,2,VALIDATED,1789016185264
2175205,3,PROCESSED,1789016185267
2175206,1,INITIATED,1789016185281
2175206,2,VALIDATED,1789016185285
2175206,3,PROCESSED,1789016185289
2175207,1,INITIATED,1789016185301
2175207,2,VALIDATED,1789016185305
2175207,3,PROCESSED,1789016185308
2175208,1,INITIATED,1789016185321
2175208,2,VALIDATED,1789016185324
2175208,3,PROCESSED,1789016185327
2175209,1,INITIATED,1789016185341
2175209,2,VALIDATED,1789016185344
2175209,3,PROCESSED,1789016185348
2175210,1,INITIATED,1789016185361
2175210,2,VALIDATED,1789016185364
2175210,3,PROCESSED,1789016185367
2175211,1,INITIATED,1789016185382
2175211,2,VALIDATED,1789016185385
2175211,3,PROCESSED,1789016185402
2175212,1,INITIATED,1789016185401
2175212,2,VALIDATED,1789016185404
2175212,3,PROCESSED,1789016185409
2175213,1,INITIATED,1789016185421
2175213,2,VALIDATED,1789016185425
2175213,3,PROCESSED,1789016185429
2175214,1,INITIATED,1789016185441
2175214,2,VALIDATED,1789016185445
2175214,3,PROCESSED,1789016185450
2175215,1,INITIATED,1789016185461
2175215,2,VALIDATED,1789016185465
2175215,3,PROCESSED,1789016185469
2175216,1,INITIATED,1789016185481
2175216,2,VALIDATED,1789016185485
2175216,3,PROCESSED,1789016185489
2175217,1,INITIATED,1789016185501
2175217,2,VALIDATED,1789016185504
2175217,3,PROCESSED,1789016185508
2175218,1,INITIATED,1789016185521
2175218,2,VALIDATED,1789016185525
2175218,3,PROCESSED,1789016185529
2175219,1,INITIATED,1789016185541
2175219,2,VALIDATED,1789016185544
2175219,3,PROCESSED,1789016185549
2175220,1,INITIATED,1789016185561
2175220,2,VALIDATED,1789016185565
2175220,3,PROCESSED,1789016185571
2175221,1,INITIATED,1789016185581
2175221,2,VALIDATED,1789016185586
2175221,3,PROCESSED,1789016185591
2175222,1,INITIATED,1789016185601
2175222,2,VALIDATED,1789016185605
2175222,3,PROCESSED,1789016185609
2175223,1,INITIATED,1789016185621
2175223,2,VALIDATED,1789016185625
2175223,3,PROCESSED,1789016185643
2175224,1,INITIATED,1789016185641
2175224,2,VALIDATED,1789016185644
2175224,3,PROCESSED,1789016185648
2175225,1,INITIATED,1789016185662
2175225,2,VALIDATED,1789016185666
2175225,3,PROCESSED,1789016185671
2175226,1,INITIATED,1789016185682
2175226,2,VALIDATED,1789016185686
2175226,3,PROCESSED,1789016185691
2175227,1,INITIATED,1789016185702
2175227,2,VALIDATED,1789016185706
2175227,3,PROCESSED,1789016185710
2175228,1,INITIATED,1789016185721
2175228,2,VALIDATED,1789016185725
2175228,3,PROCESSED,1789016185729
2175229,1,INITIATED,1789016185741
2175229,2,VALIDATED,1789016185745
2175229,3,PROCESSED,1789016185749
2175230,1,INITIATED,1789016185761
2175230,2,VALIDATED,1789016185764
2175230,3,PROCESSED,1789016185768
2175231,1,INITIATED,1789016185781
2175231,2,VALIDATED,1789016185784
2175231,3,PROCESSED,1789016185788
2175232,1,INITIATED,1789016185802
2175232,2,VALIDATED,1789016185806
2175232,3,PROCESSED,1789016185810
2175233,1,INITIATED,1789016185821
2175233,2,VALIDATED,1789016185825
2175233,3,REJECTED,1789016185841
2175234,1,INITIATED,1789016185841
2175234,2,VALIDATED,1789016185844
2175234,3,REJECTED,1789016185846
2175235,1,INITIATED,1789016185861
2175235,2,VALIDATED,1789016185866
2175235,3,REJECTED,1789016185868
2175236,1,INITIATED,1789016185881
2175236,2,VALIDATED,1789016185885
2175236,3,REJECTED,1789016185888
2175237,1,INITIATED,1789016185901
2175237,2,VALIDATED,1789016185906
2175237,3,PROCESSED,1789016185910
2175238,1,INITIATED,1789016185921
2175238,2,VALIDATED,1789016185925
2175238,3,PROCESSED,1789016185930
2175239,1,INITIATED,1789016185941
2175239,2,VALIDATED,1789016185945
2175239,3,PROCESSED,1789016185949
2175240,1,INITIATED,1789016185962
2175240,2,VALIDATED,1789016185965
2175240,3,PROCESSED,1789016185969
2175241,1,INITIATED,1789016185981
2175241,2,VALIDATED,1789016185985
2175241,3,PROCESSED,1789016185989
2175242,1,INITIATED,1789016186001
2175242,2,VALIDATED,1789016186005
2175242,3,PROCESSED,1789016186009
2175243,1,INITIATED,1789016186021
2175243,2,VALIDATED,1789016186025
2175243,3,PROCESSED,1789016186028
2175244,1,INITIATED,1789016186041
2175244,2,VALIDATED,1789016186044
2175244,3,PROCESSED,1789016186048
2175245,1,INITIATED,1789016186061
2175245,2,VALIDATED,1789016186065
2175245,3,PROCESSED,1789016186068
2175246,1,INITIATED,1789016186081
2175246,2,VALIDATED,1789016186093
2175246,3,PROCESSED,1789016186097
2175247,1,INITIATED,1789016186101
2175247,2,VALIDATED,1789016186103
2175247,3,PROCESSED,1789016186107
2175248,1,INITIATED,1789016186341
2175248,2,VALIDATED,1789016186440
2175248,3,PROCESSED,1789016186475
2175249,1,INITIATED,1789016186341
2175249,2,VALIDATED,1789016186440
2175249,3,PROCESSED,1789016186477
2175250,1,INITIATED,1789016186341
2175250,2,VALIDATED,1789016186441
2175250,3,PROCESSED,1789016186477
2175251,1,INITIATED,1789016186341
2175251,2,VALIDATED,1789016186443
2175251,3,PROCESSED,1789016186477
2175252,1,INITIATED,1789016186341
2175252,2,VALIDATED,1789016186441
2175252,3,PROCESSED,1789016186477
2175253,1,INITIATED,1789016186340
2175253,2,VALIDATED,1789016186441
2175253,3,PROCESSED,1789016186475
2175254,1,INITIATED,1789016186340
2175254,2,VALIDATED,1789016186442
2175254,3,PROCESSED,1789016186477
2175255,1,INITIATED,1789016186341
2175255,2,VALIDATED,1789016186442
2175255,3,PROCESSED,1789016186478
2175256,1,INITIATED,1789016186340
2175256,2,VALIDATED,1789016186440
2175256,3,PROCESSED,1789016186475
2175257,1,INITIATED,1789016186340
2175257,2,VALIDATED,1789016186442
2175257,3,PROCESSED,1789016186476
2175258,1,INITIATED,1789016186340
2175258,2,VALIDATED,1789016186441
2175258,3,PROCESSED,1789016186476
2175259,1,INITIATED,1789016186342
2175259,2,VALIDATED,1789016186442
2175259,3,PROCESSED,1789016186476
2175260,1,INITIATED,1789016186442
2175260,2,VALIDATED,1789016186473
2175260,3,PROCESSED,1789016186481
2175261,1,INITIATED,1789016186441
2175261,2,VALIDATED,1789016186472
2175261,3,PROCESSED,1789016186481
2175262,1,INITIATED,1789016186440
2175262,2,VALIDATED,1789016186472
2175262,3,PROCESSED,1789016186482
2175263,1,INITIATED,1789016186440
2175263,2,VALIDATED,1789016186471
2175263,3,PROCESSED,1789016186480
2175264,1,INITIATED,1789016186442
2175264,2,VALIDATED,1789016186471
2175264,3,PROCESSED,1789016186480
2175265,1,INITIATED,1789016186460
2175265,2,VALIDATED,1789016186473
2175265,3,PROCESSED,1789016186481
2175266,1,INITIATED,1789016186481
2175266,2,VALIDATED,1789016186484
2175266,3,PROCESSED,1789016186488
2175267,1,INITIATED,1789016186501
2175267,2,VALIDATED,1789016186504
2175267,3,PROCESSED,1789016186507
2175268,1,INITIATED,1789016186521
2175268,2,VALIDATED,1789016186524
2175268,3,PROCESSED,1789016186526
2175269,1,INITIATED,1789016186541
2175269,2,VALIDATED,1789016186544
2175269,3,PROCESSED,1789016186546
2175270,1,INITIATED,1789016186560
2175270,2,VALIDATED,1789016186563
2175270,3,PROCESSED,1789016186566
2175271,1,INITIATED,1789016186581
2175271,2,VALIDATED,1789016186583
2175271,3,PROCESSED,1789016186587
2175272,1,INITIATED,1789016186601
2175272,2,VALIDATED,1789016186604
2175272,3,PROCESSED,1789016186607
2175273,1,INITIATED,1789016186621
2175273,2,VALIDATED,1789016186624
2175273,3,PROCESSED,1789016186641
2175274,1,INITIATED,1789016186640
2175274,2,VALIDATED,1789016186643
2175274,3,PROCESSED,1789016186645
2175275,1,INITIATED,1789016186661
2175275,2,VALIDATED,1789016186663
2175275,3,PROCESSED,1789016186665
2175276,1,INITIATED,1789016186681
2175276,2,VALIDATED,1789016186683
2175276,3,PROCESSED,1789016186686
2175277,1,INITIATED,1789016186701
2175277,2,VALIDATED,1789016186704
2175277,3,PROCESSED,1789016186707
2175278,1,INITIATED,1789016186722
2175278,2,VALIDATED,1789016186726
2175278,3,PROCESSED,1789016186732
2175279,1,INITIATED,1789016186741
2175279,2,VALIDATED,1789016186745
2175279,3,PROCESSED,1789016186748
2175280,1,INITIATED,1789016186762
2175280,2,VALIDATED,1789016186765
2175280,3,PROCESSED,1789016186767
2175281,1,INITIATED,1789016186781
2175281,2,VALIDATED,1789016186784
2175281,3,PROCESSED,1789016186788
2175282,1,INITIATED,1789016186801
2175282,2,VALIDATED,1789016186804
2175282,3,PROCESSED,1789016186807
2175283,1,INITIATED,1789016186821
2175283,2,VALIDATED,1789016186837
2175283,3,PROCESSED,1789016186842
2175284,1,INITIATED,1789016186841
2175284,2,VALIDATED,1789016186843
2175284,3,PROCESSED,1789016186846
2175285,1,INITIATED,1789016186861
2175285,2,VALIDATED,1789016186864
2175285,3,PROCESSED,1789016186868
2175286,1,INITIATED,1789016186881
2175286,2,VALIDATED,1789016186885
2175286,3,PROCESSED,1789016186888
2175287,1,INITIATED,1789016186902
2175287,2,VALIDATED,1789016186907
2175287,3,PROCESSED,1789016186914
2175288,1,INITIATED,1789016186922
2175288,2,VALIDATED,1789016186926
2175288,3,PROCESSED,1789016186932
2175289,1,INITIATED,1789016186941
2175289,2,VALIDATED,1789016186945
2175289,3,PROCESSED,1789016186948
2175290,1,INITIATED,1789016186961
2175290,2,VALIDATED,1789016186964
2175290,3,PROCESSED,1789016186968
2175291,1,INITIATED,1789016186981
2175291,2,VALIDATED,1789016186984
2175291,3,PROCESSED,1789016186988
2175292,1,INITIATED,1789016187001
2175292,2,VALIDATED,1789016187005
2175292,3,PROCESSED,1789016187009
2175293,1,INITIATED,1789016187022
2175293,2,VALIDATED,1789016187026
2175293,3,PROCESSED,1789016187031
2175294,1,INITIATED,1789016187041
2175294,2,VALIDATED,1789016187045
2175294,3,PROCESSED,1789016187050
2175295,1,INITIATED,1789016187062
2175295,2,VALIDATED,1789016187065
2175295,3,PROCESSED,1789016187069
2175296,1,INITIATED,1789016187081
2175296,2,VALIDATED,1789016187085
2175296,3,PROCESSED,1789016187090
2175297,1,INITIATED,1789016187102
2175297,2,VALIDATED,1789016187119
2175297,3,PROCESSED,1789016187411
2175298,1,INITIATED,1789016187122
2175298,2,VALIDATED,1789016187509
2175298,3,PROCESSED,1789016187529
2175299,1,INITIATED,1789016187410
2175299,2,VALIDATED,1789016187512
2175299,3,PROCESSED,1789016187529
2175300,1,INITIATED,1789016187408
2175300,2,VALIDATED,1789016187512
2175300,3,PROCESSED,1789016187527
2175301,1,INITIATED,1789016187410
2175301,2,VALIDATED,1789016187511
2175301,3,PROCESSED,1789016187528
2175302,1,INITIATED,1789016187409
2175302,2,VALIDATED,1789016187511
2175302,3,PROCESSED,1789016187527
2175303,1,INITIATED,1789016187410
2175303,2,VALIDATED,1789016187511
2175303,3,PROCESSED,1789016187528
2175304,1,INITIATED,1789016187409
2175304,2,VALIDATED,1789016187511
2175304,3,PROCESSED,1789016187528
2175305,1,INITIATED,1789016187410
2175305,2,VALIDATED,1789016187511
2175305,3,PROCESSED,1789016187529
2175306,1,INITIATED,1789016187410
2175306,2,VALIDATED,1789016187511
2175306,3,PROCESSED,1789016187529
2175307,1,INITIATED,1789016187410
2175307,2,VALIDATED,1789016187511
2175307,3,PROCESSED,1789016187529
2175308,1,INITIATED,1789016187410
2175308,2,VALIDATED,1789016187511
2175308,3,PROCESSED,1789016187529
2175309,1,INITIATED,1789016187410
2175309,2,VALIDATED,1789016187512
2175309,3,PROCESSED,1789016187528
2175310,1,INITIATED,1789016187410
2175310,2,VALIDATED,1789016187512
2175310,3,PROCESSED,1789016187527
2175311,1,INITIATED,1789016187409
2175311,2,VALIDATED,1789016187511
2175311,3,PROCESSED,1789016187527
2175312,1,INITIATED,1789016187409
2175312,2,VALIDATED,1789016187512
2175312,3,PROCESSED,1789016187528
2175313,1,INITIATED,1789016187423
2175313,2,VALIDATED,1789016187524
2175313,3,PROCESSED,1789016187530
2175314,1,INITIATED,1789016187508
2175314,2,VALIDATED,1789016187525
2175314,3,PROCESSED,1789016187532
2175315,1,INITIATED,1789016187509
2175315,2,VALIDATED,1789016187525
2175315,3,PROCESSED,1789016187531
2175316,1,INITIATED,1789016187508
2175316,2,VALIDATED,1789016187525
2175316,3,PROCESSED,1789016187532
2175317,1,INITIATED,1789016187508
2175317,2,VALIDATED,1789016187525
2175317,3,PROCESSED,1789016187532
2175318,1,INITIATED,1789016187522
2175318,2,VALIDATED,1789016187526
2175318,3,PROCESSED,1789016187532
2175319,1,INITIATED,1789016187542
2175319,2,VALIDATED,1789016187545
2175319,3,PROCESSED,1789016187549
2175320,1,INITIATED,1789016187561
2175320,2,VALIDATED,1789016187565
2175320,3,PROCESSED,1789016187568
2175321,1,INITIATED,1789016187581
2175321,2,VALIDATED,1789016187585
2175321,3,PROCESSED,1789016187589
2175322,1,INITIATED,1789016187602
2175322,2,VALIDATED,1789016187606
2175322,3,PROCESSED,1789016187610
2175323,1,INITIATED,1789016187621
2175323,2,VALIDATED,1789016187626
2175323,3,PROCESSED,1789016187630
2175324,1,INITIATED,1789016187641
2175324,2,VALIDATED,1789016187645
2175324,3,PROCESSED,1789016187649
2175325,1,INITIATED,1789016187661
2175325,2,VALIDATED,1789016187664
2175325,3,PROCESSED,1789016187668
2175326,1,INITIATED,1789016187681
2175326,2,VALIDATED,1789016187694
2175326,3,PROCESSED,1789016187699
2175327,1,INITIATED,1789016187701
2175327,2,VALIDATED,1789016187704
2175327,3,PROCESSED,1789016187720
2175328,1,INITIATED,1789016187721
2175328,2,VALIDATED,1789016187724
2175328,3,PROCESSED,1789016187728
2175329,1,INITIATED,1789016187742
2175329,2,VALIDATED,1789016187745
2175329,3,PROCESSED,1789016187748
2175330,1,INITIATED,1789016187761
2175330,2,VALIDATED,1789016187764
2175330,3,PROCESSED,1789016187768
2175331,1,INITIATED,1789016187782
2175331,2,VALIDATED,1789016187786
2175331,3,PROCESSED,1789016187790
2175332,1,INITIATED,1789016187801
2175332,2,VALIDATED,1789016187805
2175332,3,PROCESSED,1789016187809
2175333,1,INITIATED,1789016187821
2175333,2,VALIDATED,1789016187825
2175333,3,REJECTED,1789016187827
2175334,1,INITIATED,1789016187841
2175334,2,VALIDATED,1789016187845
2175334,3,REJECTED,1789016187847
2175335,1,INITIATED,1789016187861
2175335,2,VALIDATED,1789016187864
2175335,3,REJECTED,1789016187867
2175336,1,INITIATED,1789016187881
2175336,2,VALIDATED,1789016187884
2175336,3,REJECTED,1789016187887
2175337,1,INITIATED,1789016187901
2175337,2,VALIDATED,1789016187905
2175337,3,PROCESSED,1789016187907
2175338,1,INITIATED,1789016187921
2175338,2,VALIDATED,1789016187924
2175338,3,PROCESSED,1789016187926
2175339,1,INITIATED,1789016187941
2175339,2,VALIDATED,1789016187944
2175339,3,PROCESSED,1789016187947
2175340,1,INITIATED,1789016187960
2175340,2,VALIDATED,1789016187963
2175340,3,PROCESSED,1789016187966
2175341,1,INITIATED,1789016187981
2175341,2,VALIDATED,1789016187984
2175341,3,PROCESSED,1789016187987
2175342,1,INITIATED,1789016188001
2175342,2,VALIDATED,1789016188003
2175342,3,PROCESSED,1789016188006
2175343,1,INITIATED,1789016188021
2175343,2,VALIDATED,1789016188024
2175343,3,PROCESSED,1789016188027
2175344,1,INITIATED,1789016188041
2175344,2,VALIDATED,1789016188044
2175344,3,PROCESSED,1789016188047
2175345,1,INITIATED,1789016188060
2175345,2,VALIDATED,1789016188063
2175345,3,PROCESSED,1789016188066
2175346,1,INITIATED,1789016188081
2175346,2,VALIDATED,1789016188084
2175346,3,PROCESSED,1789016188086
2175347,1,INITIATED,1789016188101
2175347,2,VALIDATED,1789016188104
2175347,3,PROCESSED,1789016188106
2175348,1,INITIATED,1789016188121
2175348,2,VALIDATED,1789016188356
2175348,3,PROCESSED,1789016188376
2175349,1,INITIATED,1789016188164
2175349,2,VALIDATED,1789016188358
2175349,3,PROCESSED,1789016188457
2175350,1,INITIATED,1789016188164
2175350,2,VALIDATED,1789016188358
2175350,3,PROCESSED,1789016188458
2175351,1,INITIATED,1789016188356
2175351,2,VALIDATED,1789016188375
2175351,3,PROCESSED,1789016188458
2175352,1,INITIATED,1789016188355
2175352,2,VALIDATED,1789016188360
2175352,3,PROCESSED,1789016188457
2175353,1,INITIATED,1789016188355
2175353,2,VALIDATED,1789016188360
2175353,3,PROCESSED,1789016188458
2175354,1,INITIATED,1789016188355
2175354,2,VALIDATED,1789016188360
2175354,3,PROCESSED,1789016188458
2175355,1,INITIATED,1789016188355
2175355,2,VALIDATED,1789016188360
2175355,3,PROCESSED,1789016188459
2175356,1,INITIATED,1789016188356
2175356,2,VALIDATED,1789016188375
2175356,3,PROCESSED,1789016188460
2175357,1,INITIATED,1789016188355
2175357,2,VALIDATED,1789016188360
2175357,3,PROCESSED,1789016188457
2175358,1,INITIATED,1789016188355
2175358,2,VALIDATED,1789016188359
2175358,3,PROCESSED,1789016188458
2175359,1,INITIATED,1789016188356
2175359,2,VALIDATED,1789016188375
2175359,3,PROCESSED,1789016188459
2175360,1,INITIATED,1789016188361
2175360,2,VALIDATED,1789016188453
2175360,3,PROCESSED,1789016188462
2175361,1,INITIATED,1789016188381
2175361,2,VALIDATED,1789016188453
2175361,3,PROCESSED,1789016188462
2175362,1,INITIATED,1789016188401
2175362,2,VALIDATED,1789016188454
2175362,3,PROCESSED,1789016188462
2175363,1,INITIATED,1789016188421
2175363,2,VALIDATED,1789016188454
2175363,3,PROCESSED,1789016188462
2175364,1,INITIATED,1789016188441
2175364,2,VALIDATED,1789016188453
2175364,3,PROCESSED,1789016188462
2175365,1,INITIATED,1789016188461
2175365,2,VALIDATED,1789016188479
2175365,3,PROCESSED,1789016188482
2175366,1,INITIATED,1789016188481
2175366,2,VALIDATED,1789016188482
2175366,3,PROCESSED,1789016188485
2175367,1,INITIATED,1789016188502
2175367,2,VALIDATED,1789016188505
2175367,3,PROCESSED,1789016188508
2175368,1,INITIATED,1789016188521
2175368,2,VALIDATED,1789016188524
2175368,3,PROCESSED,1789016188526
2175369,1,INITIATED,1789016188541
2175369,2,VALIDATED,1789016188543
2175369,3,PROCESSED,1789016188546
2175370,1,INITIATED,1789016188561
2175370,2,VALIDATED,1789016188564
2175370,3,PROCESSED,1789016188566
2175371,1,INITIATED,1789016188581
2175371,2,VALIDATED,1789016188584
2175371,3,PROCESSED,1789016188588
2175372,1,INITIATED,1789016188601
2175372,2,VALIDATED,1789016188605
2175372,3,PROCESSED,1789016188607
2175373,1,INITIATED,1789016188621
2175373,2,VALIDATED,1789016188625
2175373,3,PROCESSED,1789016188627
2175374,1,INITIATED,1789016188641
2175374,2,VALIDATED,1789016188643
2175374,3,PROCESSED,1789016188646
2175375,1,INITIATED,1789016188660
2175375,2,VALIDATED,1789016188663
2175375,3,PROCESSED,1789016188666
2175376,1,INITIATED,1789016188681
2175376,2,VALIDATED,1789016188685
2175376,3,PROCESSED,1789016188688
2175377,1,INITIATED,1789016188701
2175377,2,VALIDATED,1789016188720
2175377,3,PROCESSED,1789016188723
2175378,1,INITIATED,1789016188721
2175378,2,VALIDATED,1789016188723
2175378,3,PROCESSED,1789016188726
2175379,1,INITIATED,1789016188741
2175379,2,VALIDATED,1789016188744
2175379,3,PROCESSED,1789016188747
2175380,1,INITIATED,1789016188761
2175380,2,VALIDATED,1789016188764
2175380,3,PROCESSED,1789016188766
2175381,1,INITIATED,1789016188781
2175381,2,VALIDATED,1789016188785
2175381,3,PROCESSED,1789016188788
2175382,1,INITIATED,1789016188802
2175382,2,VALIDATED,1789016188805
2175382,3,PROCESSED,1789016188809
2175383,1,INITIATED,1789016188821
2175383,2,VALIDATED,1789016188824
2175383,3,PROCESSED,1789016188827
2175384,1,INITIATED,1789016188841
2175384,2,VALIDATED,1789016188845
2175384,3,PROCESSED,1789016188848
2175385,1,INITIATED,1789016188861
2175385,2,VALIDATED,1789016188864
2175385,3,PROCESSED,1789016188868
2175386,1,INITIATED,1789016188881
2175386,2,VALIDATED,1789016188884
2175386,3,PROCESSED,1789016188886
2175387,1,INITIATED,1789016188901
2175387,2,VALIDATED,1789016188904
2175387,3,PROCESSED,1789016188907
2175388,1,INITIATED,1789016188921
2175388,2,VALIDATED,1789016188924
2175388,3,PROCESSED,1789016188926
2175389,1,INITIATED,1789016188941
2175389,2,VALIDATED,1789016188944
2175389,3,PROCESSED,1789016188946
2175390,1,INITIATED,1789016188961
2175390,2,VALIDATED,1789016188964
2175390,3,PROCESSED,1789016188967
2175391,1,INITIATED,1789016188981
2175391,2,VALIDATED,1789016188985
2175391,3,PROCESSED,1789016188988
2175392,1,INITIATED,1789016189000
2175392,2,VALIDATED,1789016189020
2175392,3,PROCESSED,1789016189023
2175393,1,INITIATED,1789016189021
2175393,2,VALIDATED,1789016189023
2175393,3,PROCESSED,1789016189027
2175394,1,INITIATED,1789016189041
2175394,2,VALIDATED,1789016189044
2175394,3,PROCESSED,1789016189048
2175395,1,INITIATED,1789016189062
2175395,2,VALIDATED,1789016189065
2175395,3,PROCESSED,1789016189068
2175396,1,INITIATED,1789016189081
2175396,2,VALIDATED,1789016189084
2175396,3,PROCESSED,1789016189087
2175397,1,INITIATED,1789016189101
2175397,2,VALIDATED,1789016189104
2175397,3,PROCESSED,1789016189107
2175398,1,INITIATED,1789016189121
2175398,2,VALIDATED,1789016189124
2175398,3,PROCESSED,1789016189160
2175399,1,INITIATED,1789016189157
2175399,2,VALIDATED,1789016189195
2175399,3,PROCESSED,1789016189199
2175400,1,INITIATED,1789016189161
2175400,2,VALIDATED,1789016189195
2175400,3,PROCESSED,1789016189199
2175401,1,INITIATED,1789016189180
2175401,2,VALIDATED,1789016189195
2175401,3,PROCESSED,1789016189200
2175402,1,INITIATED,1789016189201
2175402,2,VALIDATED,1789016189203
2175402,3,PROCESSED,1789016189208
2175403,1,INITIATED,1789016189221
2175403,2,VALIDATED,1789016189225
2175403,3,PROCESSED,1789016189228
2175404,1,INITIATED,1789016189241
2175404,2,VALIDATED,1789016189244
2175404,3,PROCESSED,1789016189246
2175405,1,INITIATED,1789016189261
2175405,2,VALIDATED,1789016189264
2175405,3,PROCESSED,1789016189267
2175406,1,INITIATED,1789016189281
2175406,2,VALIDATED,1789016189284
2175406,3,PROCESSED,1789016189288
2175407,1,INITIATED,1789016189301
2175407,2,VALIDATED,1789016189304
2175407,3,PROCESSED,1789016189307
2175408,1,INITIATED,1789016189321
2175408,2,VALIDATED,1789016189324
2175408,3,PROCESSED,1789016189327
2175409,1,INITIATED,1789016189340
2175409,2,VALIDATED,1789016189345
2175409,3,PROCESSED,1789016189347
2175410,1,INITIATED,1789016189361
2175410,2,VALIDATED,1789016189364
2175410,3,PROCESSED,1789016189367
2175411,1,INITIATED,1789016189381
2175411,2,VALIDATED,1789016189384
2175411,3,PROCESSED,1789016189386
2175412,1,INITIATED,1789016189400
2175412,2,VALIDATED,1789016189403
2175412,3,PROCESSED,1789016189406
2175413,1,INITIATED,1789016189421
2175413,2,VALIDATED,1789016189424
2175413,3,PROCESSED,1789016189428
2175414,1,INITIATED,1789016189441
2175414,2,VALIDATED,1789016189444
2175414,3,PROCESSED,1789016189447
2175415,1,INITIATED,1789016189460
2175415,2,VALIDATED,1789016189463
2175415,3,PROCESSED,1789016189466
2175416,1,INITIATED,1789016189480
2175416,2,VALIDATED,1789016189483
2175416,3,PROCESSED,1789016189486
2175417,1,INITIATED,1789016189501
2175417,2,VALIDATED,1789016189504
2175417,3,PROCESSED,1789016189508
2175418,1,INITIATED,1789016189520
2175418,2,VALIDATED,1789016189523
2175418,3,PROCESSED,1789016189526
2175419,1,INITIATED,1789016189541
2175419,2,VALIDATED,1789016189544
2175419,3,PROCESSED,1789016189547
2175420,1,INITIATED,1789016189561
2175420,2,VALIDATED,1789016189563
2175420,3,PROCESSED,1789016189566
2175421,1,INITIATED,1789016189581
2175421,2,VALIDATED,1789016189584
2175421,3,PROCESSED,1789016189587
2175422,1,INITIATED,1789016189601
2175422,2,VALIDATED,1789016189603
2175422,3,PROCESSED,1789016189607
2175423,1,INITIATED,1789016189621
2175423,2,VALIDATED,1789016189641
2175423,3,PROCESSED,1789016189867
2175424,1,INITIATED,1789016189641
2175424,2,VALIDATED,1789016189866
2175424,3,PROCESSED,1789016189872
2175425,1,INITIATED,1789016189867
2175425,2,VALIDATED,1789016189871
2175425,3,PROCESSED,1789016189876
2175426,1,INITIATED,1789016189865
2175426,2,VALIDATED,1789016189870
2175426,3,PROCESSED,1789016189876
2175427,1,INITIATED,1789016189866
2175427,2,VALIDATED,1789016189871
2175427,3,PROCESSED,1789016189876
2175428,1,INITIATED,1789016189866
2175428,2,VALIDATED,1789016189870
2175428,3,PROCESSED,1789016189876
2175429,1,INITIATED,1789016189865
2175429,2,VALIDATED,1789016189870
2175429,3,PROCESSED,1789016189876
2175430,1,INITIATED,1789016189866
2175430,2,VALIDATED,1789016189870
2175430,3,PROCESSED,1789016189875
2175431,1,INITIATED,1789016189866
2175431,2,VALIDATED,1789016189870
2175431,3,PROCESSED,1789016189877
2175432,1,INITIATED,1789016189866
2175432,2,VALIDATED,1789016189870
2175432,3,PROCESSED,1789016189875
2175433,1,INITIATED,1789016189866
2175433,2,VALIDATED,1789016189871
2175433,3,REJECTED,1789016189874
2175434,1,INITIATED,1789016189867
2175434,2,VALIDATED,1789016189870
2175434,3,REJECTED,1789016189873
2175435,1,INITIATED,1789016189866
2175435,2,VALIDATED,1789016189870
2175435,3,REJECTED,1789016189874
2175436,1,INITIATED,1789016189880
2175436,2,VALIDATED,1789016189955
2175436,3,REJECTED,1789016189957
2175437,1,INITIATED,1789016189901
2175437,2,VALIDATED,1789016189955
2175437,3,PROCESSED,1789016189959
2175438,1,INITIATED,1789016189921
2175438,2,VALIDATED,1789016189955
2175438,3,PROCESSED,1789016189959
2175439,1,INITIATED,1789016189941
2175439,2,VALIDATED,1789016189955
2175439,3,PROCESSED,1789016189958
2175440,1,INITIATED,1789016189960
2175440,2,VALIDATED,1789016189962
2175440,3,PROCESSED,1789016189981
2175441,1,INITIATED,1789016189981
2175441,2,VALIDATED,1789016189983
2175441,3,PROCESSED,1789016189986
2175442,1,INITIATED,1789016190001
2175442,2,VALIDATED,1789016190003
2175442,3,PROCESSED,1789016190006
2175443,1,INITIATED,1789016190021
2175443,2,VALIDATED,1789016190024
2175443,3,PROCESSED,1789016190026
2175444,1,INITIATED,1789016190041
2175444,2,VALIDATED,1789016190044
2175444,3,PROCESSED,1789016190046
2175445,1,INITIATED,1789016190062
2175445,2,VALIDATED,1789016190065
2175445,3,PROCESSED,1789016190068
2175446,1,INITIATED,1789016190080
2175446,2,VALIDATED,1789016190083
2175446,3,PROCESSED,1789016190086
2175447,1,INITIATED,1789016190101
2175447,2,VALIDATED,1789016190105
2175447,3,PROCESSED,1789016190109
2175448,1,INITIATED,1789016190121
2175448,2,VALIDATED,1789016190124
2175448,3,PROCESSED,1789016190176
2175449,1,INITIATED,1789016190172
2175449,2,VALIDATED,1789016190176
2175449,3,PROCESSED,1789016190194
2175450,1,INITIATED,1789016190172
2175450,2,VALIDATED,1789016190176
2175450,3,PROCESSED,1789016190194
2175451,1,INITIATED,1789016190181
2175451,2,VALIDATED,1789016190193
2175451,3,PROCESSED,1789016190197
2175452,1,INITIATED,1789016190201
2175452,2,VALIDATED,1789016190203
2175452,3,PROCESSED,1789016190206
2175453,1,INITIATED,1789016190221
2175453,2,VALIDATED,1789016190224
2175453,3,PROCESSED,1789016190227
2175454,1,INITIATED,1789016190241
2175454,2,VALIDATED,1789016190245
2175454,3,PROCESSED,1789016190247
2175455,1,INITIATED,1789016190261
2175455,2,VALIDATED,1789016190265
2175455,3,PROCESSED,1789016190268
2175456,1,INITIATED,1789016190281
2175456,2,VALIDATED,1789016190284
2175456,3,PROCESSED,1789016190287
2175457,1,INITIATED,1789016190301
2175457,2,VALIDATED,1789016190304
2175457,3,PROCESSED,1789016190307
2175458,1,INITIATED,1789016190320
2175458,2,VALIDATED,1789016190323
2175458,3,PROCESSED,1789016190326
2175459,1,INITIATED,1789016190340
2175459,2,VALIDATED,1789016190343
2175459,3,PROCESSED,1789016190346
2175460,1,INITIATED,1789016190360
2175460,2,VALIDATED,1789016190363
2175460,3,PROCESSED,1789016190366
2175461,1,INITIATED,1789016190381
2175461,2,VALIDATED,1789016190383
2175461,3,PROCESSED,1789016190386
2175462,1,INITIATED,1789016190401
2175462,2,VALIDATED,1789016190405
2175462,3,PROCESSED,1789016190409
2175463,1,INITIATED,1789016190421
2175463,2,VALIDATED,1789016190424
2175463,3,PROCESSED,1789016190427
2175464,1,INITIATED,1789016190441
2175464,2,VALIDATED,1789016190444
2175464,3,PROCESSED,1789016190447
2175465,1,INITIATED,1789016190461
2175465,2,VALIDATED,1789016190465
2175465,3,PROCESSED,1789016190469
2175466,1,INITIATED,1789016190481
2175466,2,VALIDATED,1789016190499
2175466,3,PROCESSED,1789016190503
2175467,1,INITIATED,1789016190501
2175467,2,VALIDATED,1789016190503
2175467,3,PROCESSED,1789016190506
2175468,1,INITIATED,1789016190521
2175468,2,VALIDATED,1789016190524
2175468,3,PROCESSED,1789016190527
2175469,1,INITIATED,1789016190541
2175469,2,VALIDATED,1789016190544
2175469,3,PROCESSED,1789016190548
2175470,1,INITIATED,1789016190561
2175470,2,VALIDATED,1789016190563
2175470,3,PROCESSED,1789016190566
2175471,1,INITIATED,1789016190581
2175471,2,VALIDATED,1789016190585
2175471,3,PROCESSED,1789016190588
2175472,1,INITIATED,1789016190601
2175472,2,VALIDATED,1789016190605
2175472,3,PROCESSED,1789016190609
2175473,1,INITIATED,1789016190621
2175473,2,VALIDATED,1789016190625
2175473,3,PROCESSED,1789016190629
2175474,1,INITIATED,1789016190641
2175474,2,VALIDATED,1789016190645
2175474,3,PROCESSED,1789016190649
2175475,1,INITIATED,1789016190661
2175475,2,VALIDATED,1789016190664
2175475,3,PROCESSED,1789016190668
2175476,1,INITIATED,1789016190681
2175476,2,VALIDATED,1789016190686
2175476,3,PROCESSED,1789016190692
2175477,1,INITIATED,1789016190702
2175477,2,VALIDATED,1789016190707
2175477,3,PROCESSED,1789016190712
2175478,1,INITIATED,1789016190723
2175478,2,VALIDATED,1789016190732
2175478,3,PROCESSED,1789016190738
2175479,1,INITIATED,1789016190741
2175479,2,VALIDATED,1789016190753
2175479,3,PROCESSED,1789016190761
2175480,1,INITIATED,1789016190763
2175480,2,VALIDATED,1789016190776
2175480,3,PROCESSED,1789016190781
2175481,1,INITIATED,1789016190781
2175481,2,VALIDATED,1789016190784
2175481,3,PROCESSED,1789016190788
2175482,1,INITIATED,1789016190801
2175482,2,VALIDATED,1789016190805
2175482,3,PROCESSED,1789016190823
2175483,1,INITIATED,1789016190821
2175483,2,VALIDATED,1789016190840
2175483,3,PROCESSED,1789016190859
2175484,1,INITIATED,1789016190841
2175484,2,VALIDATED,1789016190858
2175484,3,PROCESSED,1789016190862
2175485,1,INITIATED,1789016190860
2175485,2,VALIDATED,1789016190863
2175485,3,PROCESSED,1789016190866
2175486,1,INITIATED,1789016190882
2175486,2,VALIDATED,1789016190884
2175486,3,PROCESSED,1789016190888
2175487,1,INITIATED,1789016190901
2175487,2,VALIDATED,1789016190905
2175487,3,PROCESSED,1789016190908
2175488,1,INITIATED,1789016190920
2175488,2,VALIDATED,1789016190923
2175488,3,PROCESSED,1789016190926
2175489,1,INITIATED,1789016190941
2175489,2,VALIDATED,1789016190944
2175489,3,PROCESSED,1789016190947
2175490,1,INITIATED,1789016190961
2175490,2,VALIDATED,1789016190965
2175490,3,PROCESSED,1789016190968
2175491,1,INITIATED,1789016190981
2175491,2,VALIDATED,1789016190984
2175491,3,PROCESSED,1789016190987
2175492,1,INITIATED,1789016191001
2175492,2,VALIDATED,1789016191005
2175492,3,PROCESSED,1789016191008
2175493,1,INITIATED,1789016191020
2175493,2,VALIDATED,1789016191039
2175493,3,PROCESSED,1789016191043
2175494,1,INITIATED,1789016191041
2175494,2,VALIDATED,1789016191043
2175494,3,PROCESSED,1789016191046
2175495,1,INITIATED,1789016191062
2175495,2,VALIDATED,1789016191065
2175495,3,PROCESSED,1789016191067
2175496,1,INITIATED,1789016191081
2175496,2,VALIDATED,1789016191084
2175496,3,PROCESSED,1789016191087
2175497,1,INITIATED,1789016191101
2175497,2,VALIDATED,1789016191104
2175497,3,PROCESSED,1789016191107
2175498,1,INITIATED,1789016191121
2175498,2,VALIDATED,1789016191287
2175498,3,PROCESSED,1789016191294
2175499,1,INITIATED,1789016191286
2175499,2,VALIDATED,1789016191291
2175499,3,PROCESSED,1789016191406
2175500,1,INITIATED,1789016191287
2175500,2,VALIDATED,1789016191291
2175500,3,PROCESSED,1789016191406
2175501,1,INITIATED,1789016191287
2175501,2,VALIDATED,1789016191292
2175501,3,PROCESSED,1789016191406
2175502,1,INITIATED,1789016191286
2175502,2,VALIDATED,1789016191291
2175502,3,PROCESSED,1789016191406
2175503,1,INITIATED,1789016191287
2175503,2,VALIDATED,1789016191292
2175503,3,PROCESSED,1789016191406
2175504,1,INITIATED,1789016191286
2175504,2,VALIDATED,1789016191292
2175504,3,PROCESSED,1789016191406
2175505,1,INITIATED,1789016191287
2175505,2,VALIDATED,1789016191292
2175505,3,PROCESSED,1789016191406
2175506,1,INITIATED,1789016191286
2175506,2,VALIDATED,1789016191291
2175506,3,PROCESSED,1789016191406
2175507,1,INITIATED,1789016191302
2175507,2,VALIDATED,1789016191403
2175507,3,PROCESSED,1789016191421
2175508,1,INITIATED,1789016191322
2175508,2,VALIDATED,1789016191419
2175508,3,PROCESSED,1789016191424
2175509,1,INITIATED,1789016191341
2175509,2,VALIDATED,1789016191419
2175509,3,PROCESSED,1789016191425
2175510,1,INITIATED,1789016191362
2175510,2,VALIDATED,1789016191419
2175510,3,PROCESSED,1789016191424
2175511,1,INITIATED,1789016191381
2175511,2,VALIDATED,1789016191419
2175511,3,PROCESSED,1789016191425
2175512,1,INITIATED,1789016191402
2175512,2,VALIDATED,1789016191419
2175512,3,PROCESSED,1789016191425
2175513,1,INITIATED,1789016191421
2175513,2,VALIDATED,1789016191424
2175513,3,PROCESSED,1789016191429
2175514,1,INITIATED,1789016191441
2175514,2,VALIDATED,1789016191445
2175514,3,PROCESSED,1789016191449
2175515,1,INITIATED,1789016191461
2175515,2,VALIDATED,1789016191465
2175515,3,PROCESSED,1789016191469
2175516,1,INITIATED,1789016191481
2175516,2,VALIDATED,1789016191485
2175516,3,PROCESSED,1789016191490
2175517,1,INITIATED,1789016191502
2175517,2,VALIDATED,1789016191507
2175517,3,PROCESSED,1789016191511
2175518,1,INITIATED,1789016191522
2175518,2,VALIDATED,1789016191526
2175518,3,PROCESSED,1789016191530
2175519,1,INITIATED,1789016191542
2175519,2,VALIDATED,1789016191545
2175519,3,PROCESSED,1789016191550
2175520,1,INITIATED,1789016191561
2175520,2,VALIDATED,1789016191565
2175520,3,PROCESSED,1789016191584
2175521,1,INITIATED,1789016191582
2175521,2,VALIDATED,1789016191585
2175521,3,PROCESSED,1789016191591
2175522,1,INITIATED,1789016191603
2175522,2,VALIDATED,1789016191608
2175522,3,PROCESSED,1789016191614
2175523,1,INITIATED,1789016191621
2175523,2,VALIDATED,1789016191625
2175523,3,PROCESSED,1789016191628
2175524,1,INITIATED,1789016191642
2175524,2,VALIDATED,1789016191646
2175524,3,PROCESSED,1789016191650
2175525,1,INITIATED,1789016191662
2175525,2,VALIDATED,1789016191665
2175525,3,PROCESSED,1789016191670
2175526,1,INITIATED,1789016191681
2175526,2,VALIDATED,1789016191684
2175526,3,PROCESSED,1789016191688
2175527,1,INITIATED,1789016191702
2175527,2,VALIDATED,1789016191706
2175527,3,PROCESSED,1789016191709
2175528,1,INITIATED,1789016191721
2175528,2,VALIDATED,1789016191725
2175528,3,PROCESSED,1789016191745
2175529,1,INITIATED,1789016191742
2175529,2,VALIDATED,1789016191745
2175529,3,PROCESSED,1789016191750
2175530,1,INITIATED,1789016191761
2175530,2,VALIDATED,1789016191765
2175530,3,PROCESSED,1789016191768
2175531,1,INITIATED,1789016191781
2175531,2,VALIDATED,1789016191785
2175531,3,PROCESSED,1789016191788
2175532,1,INITIATED,1789016191801
2175532,2,VALIDATED,1789016191805
2175532,3,PROCESSED,1789016191809
2175533,1,INITIATED,1789016191821
2175533,2,VALIDATED,1789016191824
2175533,3,REJECTED,1789016191826
2175534,1,INITIATED,1789016191841
2175534,2,VALIDATED,1789016191846
2175534,3,REJECTED,1789016191849
2175535,1,INITIATED,1789016191861
2175535,2,VALIDATED,1789016191865
2175535,3,REJECTED,1789016191867
2175536,1,INITIATED,1789016191882
2175536,2,VALIDATED,1789016191885
2175536,3,REJECTED,1789016191888
2175537,1,INITIATED,1789016191901
2175537,2,VALIDATED,1789016191906
2175537,3,PROCESSED,1789016191910
2175538,1,INITIATED,1789016191921
2175538,2,VALIDATED,1789016191925
2175538,3,PROCESSED,1789016191928
2175539,1,INITIATED,1789016191941
2175539,2,VALIDATED,1789016191944
2175539,3,PROCESSED,1789016191963
2175540,1,INITIATED,1789016191961
2175540,2,VALIDATED,1789016191964
2175540,3,PROCESSED,1789016191968
2175541,1,INITIATED,1789016191981
2175541,2,VALIDATED,1789016191984
2175541,3,PROCESSED,1789016191988
2175542,1,INITIATED,1789016192001
2175542,2,VALIDATED,1789016192004
2175542,3,PROCESSED,1789016192007
2175543,1,INITIATED,1789016192021
2175543,2,VALIDATED,1789016192024
2175543,3,PROCESSED,1789016192027
2175544,1,INITIATED,1789016192042
2175544,2,VALIDATED,1789016192045
2175544,3,PROCESSED,1789016192048
2175545,1,INITIATED,1789016192061
2175545,2,VALIDATED,1789016192065
2175545,3,PROCESSED,1789016192069
2175546,1,INITIATED,1789016192081
2175546,2,VALIDATED,1789016192084
2175546,3,PROCESSED,1789016192090
2175547,1,INITIATED,1789016192101
2175547,2,VALIDATED,1789016192105
2175547,3,PROCESSED,1789016192109
2175548,1,INITIATED,1789016192122
2175548,2,VALIDATED,1789016192449
2175548,3,PROCESSED,1789016192551
2175549,1,INITIATED,1789016192449
2175549,2,VALIDATED,1789016192548
2175549,3,PROCESSED,1789016192556
2175550,1,INITIATED,1789016192450
2175550,2,VALIDATED,1789016192547
2175550,3,PROCESSED,1789016192558
2175551,1,INITIATED,1789016192451
2175551,2,VALIDATED,1789016192548
2175551,3,PROCESSED,1789016192558
2175552,1,INITIATED,1789016192450
2175552,2,VALIDATED,1789016192548
2175552,3,PROCESSED,1789016192559
2175553,1,INITIATED,1789016192451
2175553,2,VALIDATED,1789016192548
2175553,3,PROCESSED,1789016192557
2175554,1,INITIATED,1789016192450
2175554,2,VALIDATED,1789016192546
2175554,3,PROCESSED,1789016192555
2175555,1,INITIATED,1789016192451
2175555,2,VALIDATED,1789016192546
2175555,3,PROCESSED,1789016192554
2175556,1,INITIATED,1789016192450
2175556,2,VALIDATED,1789016192547
2175556,3,PROCESSED,1789016192555
2175557,1,INITIATED,1789016192451
2175557,2,VALIDATED,1789016192546
2175557,3,PROCESSED,1789016192555
2175558,1,INITIATED,1789016192451
2175558,2,VALIDATED,1789016192548
2175558,3,PROCESSED,1789016192556
2175559,1,INITIATED,1789016192450
2175559,2,VALIDATED,1789016192549
2175559,3,PROCESSED,1789016192559
2175560,1,INITIATED,1789016192451
2175560,2,VALIDATED,1789016192549
2175560,3,PROCESSED,1789016192559
2175561,1,INITIATED,1789016192451
2175561,2,VALIDATED,1789016192548
2175561,3,PROCESSED,1789016192555
2175562,1,INITIATED,1789016192451
2175562,2,VALIDATED,1789016192546
2175562,3,PROCESSED,1789016192556
2175563,1,INITIATED,1789016192450
2175563,2,VALIDATED,1789016192549
2175563,3,PROCESSED,1789016192558
2175564,1,INITIATED,1789016192450
2175564,2,VALIDATED,1789016192548
2175564,3,PROCESSED,1789016192558
2175565,1,INITIATED,1789016192461
2175565,2,VALIDATED,1789016192547
2175565,3,PROCESSED,1789016192555
2175566,1,INITIATED,1789016192481
2175566,2,VALIDATED,1789016192549
2175566,3,PROCESSED,1789016192556
2175567,1,INITIATED,1789016192501
2175567,2,VALIDATED,1789016192549
2175567,3,PROCESSED,1789016192558
2175568,1,INITIATED,1789016192521
2175568,2,VALIDATED,1789016192550
2175568,3,PROCESSED,1789016192560
2175569,1,INITIATED,1789016192542
2175569,2,VALIDATED,1789016192549
2175569,3,PROCESSED,1789016192558
2175570,1,INITIATED,1789016192561
2175570,2,VALIDATED,1789016192564
2175570,3,PROCESSED,1789016192568
2175571,1,INITIATED,1789016192581
2175571,2,VALIDATED,1789016192584
2175571,3,PROCESSED,1789016192589
2175572,1,INITIATED,1789016192601
2175572,2,VALIDATED,1789016192604
2175572,3,PROCESSED,1789016192608
2175573,1,INITIATED,1789016192621
2175573,2,VALIDATED,1789016192624
2175573,3,PROCESSED,1789016192626
2175574,1,INITIATED,1789016192641
2175574,2,VALIDATED,1789016192644
2175574,3,PROCESSED,1789016192647
2175575,1,INITIATED,1789016192661
2175575,2,VALIDATED,1789016192664
2175575,3,PROCESSED,1789016192667
2175576,1,INITIATED,1789016192680
2175576,2,VALIDATED,1789016192684
2175576,3,PROCESSED,1789016192686
2175577,1,INITIATED,1789016192700
2175577,2,VALIDATED,1789016192703
2175577,3,PROCESSED,1789016192706
2175578,1,INITIATED,1789016192720
2175578,2,VALIDATED,1789016192722
2175578,3,PROCESSED,1789016192725
2175579,1,INITIATED,1789016192741
2175579,2,VALIDATED,1789016192744
2175579,3,PROCESSED,1789016192747
2175580,1,INITIATED,1789016192761
2175580,2,VALIDATED,1789016192764
2175580,3,PROCESSED,1789016192766
2175581,1,INITIATED,1789016192781
2175581,2,VALIDATED,1789016192783
2175581,3,PROCESSED,1789016192787
2175582,1,INITIATED,1789016192801
2175582,2,VALIDATED,1789016192805
2175582,3,PROCESSED,1789016192808
2175583,1,INITIATED,1789016192821
2175583,2,VALIDATED,1789016192823
2175583,3,PROCESSED,1789016192826
2175584,1,INITIATED,1789016192841
2175584,2,VALIDATED,1789016192843
2175584,3,PROCESSED,1789016192846
2175585,1,INITIATED,1789016192861
2175585,2,VALIDATED,1789016192863
2175585,3,PROCESSED,1789016192865
2175586,1,INITIATED,1789016192881
2175586,2,VALIDATED,1789016192884
2175586,3,PROCESSED,1789016192888
2175587,1,INITIATED,1789016192900
2175587,2,VALIDATED,1789016192904
2175587,3,PROCESSED,1789016192908
2175588,1,INITIATED,1789016192921
2175588,2,VALIDATED,1789016192924
2175588,3,PROCESSED,1789016192926
2175589,1,INITIATED,1789016192941
2175589,2,VALIDATED,1789016192944
2175589,3,PROCESSED,1789016192947
2175590,1,INITIATED,1789016192961
2175590,2,VALIDATED,1789016192963
2175590,3,PROCESSED,1789016192966
2175591,1,INITIATED,1789016192980
2175591,2,VALIDATED,1789016192983
2175591,3,PROCESSED,1789016192986
2175592,1,INITIATED,1789016193001
2175592,2,VALIDATED,1789016193004
2175592,3,PROCESSED,1789016193007
2175593,1,INITIATED,1789016193020
2175593,2,VALIDATED,1789016193023
2175593,3,PROCESSED,1789016193026
2175594,1,INITIATED,1789016193040
2175594,2,VALIDATED,1789016193043
2175594,3,PROCESSED,1789016193045
2175595,1,INITIATED,1789016193062
2175595,2,VALIDATED,1789016193066
2175595,3,PROCESSED,1789016193070
2175596,1,INITIATED,1789016193082
2175596,2,VALIDATED,1789016193085
2175596,3,PROCESSED,1789016193088
2175597,1,INITIATED,1789016193101
2175597,2,VALIDATED,1789016193105
2175597,3,PROCESSED,1789016193108
2175598,1,INITIATED,1789016193121
2175598,2,VALIDATED,1789016193151
2175598,3,PROCESSED,1789016193364
2175599,1,INITIATED,1789016193150
2175599,2,VALIDATED,1789016193362
2175599,3,PROCESSED,1789016193369
2175600,1,INITIATED,1789016193361
2175600,2,VALIDATED,1789016193366
2175600,3,PROCESSED,1789016193372
2175601,1,INITIATED,1789016193361
2175601,2,VALIDATED,1789016193367
2175601,3,PROCESSED,1789016193373
2175602,1,INITIATED,1789016193362
2175602,2,VALIDATED,1789016193367
2175602,3,PROCESSED,1789016193373
2175603,1,INITIATED,1789016193361
2175603,2,VALIDATED,1789016193365
2175603,3,PROCESSED,1789016193372
2175604,1,INITIATED,1789016193362
2175604,2,VALIDATED,1789016193366
2175604,3,PROCESSED,1789016193373
2175605,1,INITIATED,1789016193362
2175605,2,VALIDATED,1789016193367
2175605,3,PROCESSED,1789016193373
2175606,1,INITIATED,1789016193362
2175606,2,VALIDATED,1789016193367
2175606,3,PROCESSED,1789016193373
2175607,1,INITIATED,1789016193361
2175607,2,VALIDATED,1789016193366
2175607,3,PROCESSED,1789016193373
2175608,1,INITIATED,1789016193362
2175608,2,VALIDATED,1789016193367
2175608,3,PROCESSED,1789016193373
2175609,1,INITIATED,1789016193362
2175609,2,VALIDATED,1789016193366
2175609,3,PROCESSED,1789016193372
2175610,1,INITIATED,1789016193362
2175610,2,VALIDATED,1789016193367
2175610,3,PROCESSED,1789016193373
2175611,1,INITIATED,1789016193381
2175611,2,VALIDATED,1789016193443
2175611,3,PROCESSED,1789016193447
2175612,1,INITIATED,1789016193401
2175612,2,VALIDATED,1789016193443
2175612,3,PROCESSED,1789016193447
2175613,1,INITIATED,1789016193421
2175613,2,VALIDATED,1789016193443
2175613,3,PROCESSED,1789016193447
2175614,1,INITIATED,1789016193441
2175614,2,VALIDATED,1789016193444
2175614,3,PROCESSED,1789016193447
2175615,1,INITIATED,1789016193461
2175615,2,VALIDATED,1789016193464
2175615,3,PROCESSED,1789016193467
2175616,1,INITIATED,1789016193481
2175616,2,VALIDATED,1789016193484
2175616,3,PROCESSED,1789016193488
2175617,1,INITIATED,1789016193501
2175617,2,VALIDATED,1789016193504
2175617,3,PROCESSED,1789016193507
2175618,1,INITIATED,1789016193520
2175618,2,VALIDATED,1789016193523
2175618,3,PROCESSED,1789016193526
2175619,1,INITIATED,1789016193541
2175619,2,VALIDATED,1789016193544
2175619,3,PROCESSED,1789016193546
2175620,1,INITIATED,1789016193561
2175620,2,VALIDATED,1789016193563
2175620,3,PROCESSED,1789016193566
2175621,1,INITIATED,1789016193581
2175621,2,VALIDATED,1789016193597
2175621,3,PROCESSED,1789016193600
2175622,1,INITIATED,1789016193601
2175622,2,VALIDATED,1789016193603
2175622,3,PROCESSED,1789016193605
2175623,1,INITIATED,1789016193621
2175623,2,VALIDATED,1789016193624
2175623,3,PROCESSED,1789016193626
2175624,1,INITIATED,1789016193641
2175624,2,VALIDATED,1789016193644
2175624,3,PROCESSED,1789016193647
2175625,1,INITIATED,1789016193661
2175625,2,VALIDATED,1789016193663
2175625,3,PROCESSED,1789016193666
2175626,1,INITIATED,1789016193681
2175626,2,VALIDATED,1789016193685
2175626,3,PROCESSED,1789016193689
2175627,1,INITIATED,1789016193701
2175627,2,VALIDATED,1789016193705
2175627,3,PROCESSED,1789016193710
2175628,1,INITIATED,1789016193721
2175628,2,VALIDATED,1789016193724
2175628,3,PROCESSED,1789016193727
2175629,1,INITIATED,1789016193741
2175629,2,VALIDATED,1789016193743
2175629,3,PROCESSED,1789016193746
2175630,1,INITIATED,1789016193761
2175630,2,VALIDATED,1789016193763
2175630,3,PROCESSED,1789016193766
2175631,1,INITIATED,1789016193781
2175631,2,VALIDATED,1789016193784
2175631,3,PROCESSED,1789016193787
2175632,1,INITIATED,1789016193801
2175632,2,VALIDATED,1789016193804
2175632,3,PROCESSED,1789016193807
2175633,1,INITIATED,1789016193821
2175633,2,VALIDATED,1789016193823
2175633,3,REJECTED,1789016193825
2175634,1,INITIATED,1789016193841
2175634,2,VALIDATED,1789016193843
2175634,3,REJECTED,1789016193845
2175635,1,INITIATED,1789016193861
2175635,2,VALIDATED,1789016193864
2175635,3,REJECTED,1789016193866
2175636,1,INITIATED,1789016193881
2175636,2,VALIDATED,1789016193884
2175636,3,REJECTED,1789016193886
2175637,1,INITIATED,1789016193901
2175637,2,VALIDATED,1789016193904
2175637,3,PROCESSED,1789016193907
2175638,1,INITIATED,1789016193921
2175638,2,VALIDATED,1789016193924
2175638,3,PROCESSED,1789016193926
2175639,1,INITIATED,1789016193941
2175639,2,VALIDATED,1789016193944
2175639,3,PROCESSED,1789016193946
2175640,1,INITIATED,1789016193961
2175640,2,VALIDATED,1789016193963
2175640,3,PROCESSED,1789016193966
2175641,1,INITIATED,1789016193980
2175641,2,VALIDATED,1789016193984
2175641,3,PROCESSED,1789016193987
2175642,1,INITIATED,1789016194001
2175642,2,VALIDATED,1789016194005
2175642,3,PROCESSED,1789016194009
2175643,1,INITIATED,1789016194020
2175643,2,VALIDATED,1789016194023
2175643,3,PROCESSED,1789016194026
2175644,1,INITIATED,1789016194041
2175644,2,VALIDATED,1789016194044
2175644,3,PROCESSED,1789016194047
2175645,1,INITIATED,1789016194061
2175645,2,VALIDATED,1789016194064
2175645,3,PROCESSED,1789016194066
2175646,1,INITIATED,1789016194081
2175646,2,VALIDATED,1789016194086
2175646,3,PROCESSED,1789016194089
2175647,1,INITIATED,1789016194101
2175647,2,VALIDATED,1789016194104
2175647,3,PROCESSED,1789016194108
2175648,1,INITIATED,1789016194149
2175648,2,VALIDATED,1789016194152
2175648,3,PROCESSED,1789016194157
2175649,1,INITIATED,1789016194149
2175649,2,VALIDATED,1789016194153
2175649,3,PROCESSED,1789016194156
2175650,1,INITIATED,1789016194161
2175650,2,VALIDATED,1789016194163
2175650,3,PROCESSED,1789016194166
2175651,1,INITIATED,1789016194181
2175651,2,VALIDATED,1789016194184
2175651,3,PROCESSED,1789016194190
2175652,1,INITIATED,1789016194200
2175652,2,VALIDATED,1789016194203
2175652,3,PROCESSED,1789016194220
2175653,1,INITIATED,1789016194220
2175653,2,VALIDATED,1789016194223
2175653,3,PROCESSED,1789016194225
2175654,1,INITIATED,1789016194241
2175654,2,VALIDATED,1789016194243
2175654,3,PROCESSED,1789016194246
2175655,1,INITIATED,1789016194260
2175655,2,VALIDATED,1789016194263
2175655,3,PROCESSED,1789016194265
2175656,1,INITIATED,1789016194281
2175656,2,VALIDATED,1789016194284
2175656,3,PROCESSED,1789016194288
2175657,1,INITIATED,1789016194302
2175657,2,VALIDATED,1789016194306
2175657,3,PROCESSED,1789016194310
2175658,1,INITIATED,1789016194321
2175658,2,VALIDATED,1789016194324
2175658,3,PROCESSED,1789016194327
2175659,1,INITIATED,1789016194341
2175659,2,VALIDATED,1789016194344
2175659,3,PROCESSED,1789016194347
2175660,1,INITIATED,1789016194361
2175660,2,VALIDATED,1789016194365
2175660,3,PROCESSED,1789016194369
2175661,1,INITIATED,1789016194381
2175661,2,VALIDATED,1789016194383
2175661,3,PROCESSED,1789016194387
2175662,1,INITIATED,1789016194401
2175662,2,VALIDATED,1789016194404
2175662,3,PROCESSED,1789016194407
2175663,1,INITIATED,1789016194421
2175663,2,VALIDATED,1789016194424
2175663,3,PROCESSED,1789016194427
2175664,1,INITIATED,1789016194441
2175664,2,VALIDATED,1789016194444
2175664,3,PROCESSED,1789016194446
2175665,1,INITIATED,1789016194461
2175665,2,VALIDATED,1789016194464
2175665,3,PROCESSED,1789016194481
2175666,1,INITIATED,1789016194481
2175666,2,VALIDATED,1789016194483
2175666,3,PROCESSED,1789016194486
2175667,1,INITIATED,1789016194501
2175667,2,VALIDATED,1789016194505
2175667,3,PROCESSED,1789016194509
2175668,1,INITIATED,1789016194520
2175668,2,VALIDATED,1789016194523
2175668,3,PROCESSED,1789016194527
2175669,1,INITIATED,1789016194541
2175669,2,VALIDATED,1789016194544
2175669,3,PROCESSED,1789016194546
2175670,1,INITIATED,1789016194561
2175670,2,VALIDATED,1789016194563
2175670,3,PROCESSED,1789016194566
2175671,1,INITIATED,1789016194581
2175671,2,VALIDATED,1789016194583
2175671,3,PROCESSED,1789016194586
2175672,1,INITIATED,1789016194601
2175672,2,VALIDATED,1789016194604
2175672,3,PROCESSED,1789016194608
2175673,1,INITIATED,1789016194620
2175673,2,VALIDATED,1789016194623
2175673,3,PROCESSED,1789016194626
2175674,1,INITIATED,1789016194641
2175674,2,VALIDATED,1789016194644
2175674,3,PROCESSED,1789016194646
2175675,1,INITIATED,1789016194661
2175675,2,VALIDATED,1789016194664
2175675,3,PROCESSED,1789016194666
2175676,1,INITIATED,1789016194681
2175676,2,VALIDATED,1789016194683
2175676,3,PROCESSED,1789016194685
2175677,1,INITIATED,1789016194701
2175677,2,VALIDATED,1789016194703
2175677,3,PROCESSED,1789016194706
2175678,1,INITIATED,1789016194720
2175678,2,VALIDATED,1789016194723
2175678,3,PROCESSED,1789016194725
2175679,1,INITIATED,1789016194740
2175679,2,VALIDATED,1789016194743
2175679,3,PROCESSED,1789016194760
2175680,1,INITIATED,1789016194761
2175680,2,VALIDATED,1789016194764
2175680,3,PROCESSED,1789016194767
2175681,1,INITIATED,1789016194781
2175681,2,VALIDATED,1789016194784
2175681,3,PROCESSED,1789016194788
2175682,1,INITIATED,1789016194801
2175682,2,VALIDATED,1789016194804
2175682,3,PROCESSED,1789016194806
2175683,1,INITIATED,1789016194820
2175683,2,VALIDATED,1789016194823
2175683,3,PROCESSED,1789016194826
2175684,1,INITIATED,1789016194841
2175684,2,VALIDATED,1789016194844
2175684,3,PROCESSED,1789016194846
2175685,1,INITIATED,1789016194861
2175685,2,VALIDATED,1789016194864
2175685,3,PROCESSED,1789016194867
2175686,1,INITIATED,1789016194881
2175686,2,VALIDATED,1789016194886
2175686,3,PROCESSED,1789016194892
2175687,1,INITIATED,1789016194902
2175687,2,VALIDATED,1789016194906
2175687,3,PROCESSED,1789016194912
2175688,1,INITIATED,1789016194920
2175688,2,VALIDATED,1789016194923
2175688,3,PROCESSED,1789016194926
2175689,1,INITIATED,1789016194940
2175689,2,VALIDATED,1789016194943
2175689,3,PROCESSED,1789016194946
2175690,1,INITIATED,1789016194961
2175690,2,VALIDATED,1789016194964
2175690,3,PROCESSED,1789016194967
2175691,1,INITIATED,1789016194981
2175691,2,VALIDATED,1789016194984
2175691,3,PROCESSED,1789016194987
2175692,1,INITIATED,1789016195001
2175692,2,VALIDATED,1789016195005
2175692,3,PROCESSED,1789016195008
2175693,1,INITIATED,1789016195020
2175693,2,VALIDATED,1789016195024
2175693,3,PROCESSED,1789016195026
2175694,1,INITIATED,1789016195041
2175694,2,VALIDATED,1789016195044
2175694,3,PROCESSED,1789016195046
2175695,1,INITIATED,1789016195061
2175695,2,VALIDATED,1789016195062
2175695,3,PROCESSED,1789016195065
2175696,1,INITIATED,1789016195081
2175696,2,VALIDATED,1789016195083
2175696,3,PROCESSED,1789016195087
2175697,1,INITIATED,1789016195101
2175697,2,VALIDATED,1789016195354
2175697,3,PROCESSED,1789016195360
2175698,1,INITIATED,1789016195354
2175698,2,VALIDATED,1789016195358
2175698,3,PROCESSED,1789016195473
2175699,1,INITIATED,1789016195357
2175699,2,VALIDATED,1789016195469
2175699,3,PROCESSED,1789016195476
2175700,1,INITIATED,1789016195356
2175700,2,VALIDATED,1789016195470
2175700,3,PROCESSED,1789016195478
2175701,1,INITIATED,1789016195355
2175701,2,VALIDATED,1789016195372
2175701,3,PROCESSED,1789016195472
2175702,1,INITIATED,1789016195355
2175702,2,VALIDATED,1789016195372
2175702,3,PROCESSED,1789016195473
2175703,1,INITIATED,1789016195355
2175703,2,VALIDATED,1789016195358
2175703,3,PROCESSED,1789016195470
2175704,1,INITIATED,1789016195355
2175704,2,VALIDATED,1789016195372
2175704,3,PROCESSED,1789016195472
2175705,1,INITIATED,1789016195356
2175705,2,VALIDATED,1789016195469
2175705,3,PROCESSED,1789016195476
2175706,1,INITIATED,1789016195354
2175706,2,VALIDATED,1789016195358
2175706,3,PROCESSED,1789016195471
2175707,1,INITIATED,1789016195356
2175707,2,VALIDATED,1789016195470
2175707,3,PROCESSED,1789016195477
2175708,1,INITIATED,1789016195356
2175708,2,VALIDATED,1789016195469
2175708,3,PROCESSED,1789016195476
2175709,1,INITIATED,1789016195356
2175709,2,VALIDATED,1789016195470
2175709,3,PROCESSED,1789016195477
2175710,1,INITIATED,1789016195361
2175710,2,VALIDATED,1789016195468
2175710,3,PROCESSED,1789016195475
2175711,1,INITIATED,1789016195466
2175711,2,VALIDATED,1789016195472
2175711,3,PROCESSED,1789016195479
2175712,1,INITIATED,1789016195466
2175712,2,VALIDATED,1789016195473
2175712,3,PROCESSED,1789016195480
2175713,1,INITIATED,1789016195466
2175713,2,VALIDATED,1789016195471
2175713,3,PROCESSED,1789016195478
2175714,1,INITIATED,1789016195467
2175714,2,VALIDATED,1789016195472
2175714,3,PROCESSED,1789016195479
2175715,1,INITIATED,1789016195466
2175715,2,VALIDATED,1789016195473
2175715,3,PROCESSED,1789016195480
2175716,1,INITIATED,1789016195481
2175716,2,VALIDATED,1789016195484
2175716,3,PROCESSED,1789016195487
2175717,1,INITIATED,1789016195501
2175717,2,VALIDATED,1789016195505
2175717,3,PROCESSED,1789016195510
2175718,1,INITIATED,1789016195521
2175718,2,VALIDATED,1789016195524
2175718,3,PROCESSED,1789016195526
2175719,1,INITIATED,1789016195541
2175719,2,VALIDATED,1789016195553
2175719,3,PROCESSED,1789016195557
2175720,1,INITIATED,1789016195561
2175720,2,VALIDATED,1789016195562
2175720,3,PROCESSED,1789016195565
2175721,1,INITIATED,1789016195581
2175721,2,VALIDATED,1789016195585
2175721,3,PROCESSED,1789016195588
2175722,1,INITIATED,1789016195601
2175722,2,VALIDATED,1789016195605
2175722,3,PROCESSED,1789016195608
2175723,1,INITIATED,1789016195621
2175723,2,VALIDATED,1789016195624
2175723,3,PROCESSED,1789016195627
2175724,1,INITIATED,1789016195641
2175724,2,VALIDATED,1789016195644
2175724,3,PROCESSED,1789016195647
2175725,1,INITIATED,1789016195662
2175725,2,VALIDATED,1789016195665
2175725,3,PROCESSED,1789016195669
2175726,1,INITIATED,1789016195681
2175726,2,VALIDATED,1789016195684
2175726,3,PROCESSED,1789016195688
2175727,1,INITIATED,1789016195701
2175727,2,VALIDATED,1789016195718
2175727,3,PROCESSED,1789016195722
2175728,1,INITIATED,1789016195720
2175728,2,VALIDATED,1789016195723
2175728,3,PROCESSED,1789016195727
2175729,1,INITIATED,1789016195741
2175729,2,VALIDATED,1789016195745
2175729,3,PROCESSED,1789016195749
2175730,1,INITIATED,1789016195762
2175730,2,VALIDATED,1789016195765
2175730,3,PROCESSED,1789016195770
2175731,1,INITIATED,1789016195782
2175731,2,VALIDATED,1789016195785
2175731,3,PROCESSED,1789016195790
2175732,1,INITIATED,1789016195802
2175732,2,VALIDATED,1789016195806
2175732,3,PROCESSED,1789016195812
2175733,1,INITIATED,1789016195821
2175733,2,VALIDATED,1789016195824
2175733,3,REJECTED,1789016195827
2175734,1,INITIATED,1789016195842
2175734,2,VALIDATED,1789016195845
2175734,3,REJECTED,1789016195848
2175735,1,INITIATED,1789016195861
2175735,2,VALIDATED,1789016195865
2175735,3,REJECTED,1789016195868
2175736,1,INITIATED,1789016195881
2175736,2,VALIDATED,1789016195885
2175736,3,REJECTED,1789016195889
2175737,1,INITIATED,1789016195901
2175737,2,VALIDATED,1789016195905
2175737,3,PROCESSED,1789016195909
2175738,1,INITIATED,1789016195921
2175738,2,VALIDATED,1789016195925
2175738,3,PROCESSED,1789016195929
2175739,1,INITIATED,1789016195942
2175739,2,VALIDATED,1789016195946
2175739,3,PROCESSED,1789016195964
2175740,1,INITIATED,1789016195961
2175740,2,VALIDATED,1789016195965
2175740,3,PROCESSED,1789016195970
2175741,1,INITIATED,1789016195981
2175741,2,VALIDATED,1789016195985
2175741,3,PROCESSED,1789016195989
2175742,1,INITIATED,1789016196002
2175742,2,VALIDATED,1789016196006
2175742,3,PROCESSED,1789016196010
2175743,1,INITIATED,1789016196021
2175743,2,VALIDATED,1789016196025
2175743,3,PROCESSED,1789016196029
2175744,1,INITIATED,1789016196041
2175744,2,VALIDATED,1789016196045
2175744,3,PROCESSED,1789016196049
2175745,1,INITIATED,1789016196061
2175745,2,VALIDATED,1789016196065
2175745,3,PROCESSED,1789016196069
2175746,1,INITIATED,1789016196081
2175746,2,VALIDATED,1789016196084
2175746,3,PROCESSED,1789016196087
2175747,1,INITIATED,1789016196102
2175747,2,VALIDATED,1789016196106
2175747,3,PROCESSED,1789016196325
2175748,1,INITIATED,1789016196322
2175748,2,VALIDATED,1789016196327
2175748,3,PROCESSED,1789016196414
2175749,1,INITIATED,1789016196322
2175749,2,VALIDATED,1789016196327
2175749,3,PROCESSED,1789016196414
2175750,1,INITIATED,1789016196323
2175750,2,VALIDATED,1789016196409
2175750,3,PROCESSED,1789016196415
2175751,1,INITIATED,1789016196321
2175751,2,VALIDATED,1789016196326
2175751,3,PROCESSED,1789016196414
2175752,1,INITIATED,1789016196320
2175752,2,VALIDATED,1789016196325
2175752,3,PROCESSED,1789016196413
2175753,1,INITIATED,1789016196321
2175753,2,VALIDATED,1789016196325
2175753,3,PROCESSED,1789016196413
2175754,1,INITIATED,1789016196320
2175754,2,VALIDATED,1789016196327
2175754,3,PROCESSED,1789016196414
2175755,1,INITIATED,1789016196322
2175755,2,VALIDATED,1789016196326
2175755,3,PROCESSED,1789016196413
2175756,1,INITIATED,1789016196321
2175756,2,VALIDATED,1789016196327
2175756,3,PROCESSED,1789016196414
2175757,1,INITIATED,1789016196321
2175757,2,VALIDATED,1789016196327
2175757,3,PROCESSED,1789016196413
2175758,1,INITIATED,1789016196323
2175758,2,VALIDATED,1789016196409
2175758,3,PROCESSED,1789016196429
2175759,1,INITIATED,1789016196342
2175759,2,VALIDATED,1789016196411
2175759,3,PROCESSED,1789016196429
2175760,1,INITIATED,1789016196361
2175760,2,VALIDATED,1789016196411
2175760,3,PROCESSED,1789016196429
2175761,1,INITIATED,1789016196381
2175761,2,VALIDATED,1789016196412
2175761,3,PROCESSED,1789016196429
2175762,1,INITIATED,1789016196402
2175762,2,VALIDATED,1789016196412
2175762,3,PROCESSED,1789016196429
2175763,1,INITIATED,1789016196421
2175763,2,VALIDATED,1789016196427
2175763,3,PROCESSED,1789016196432
2175764,1,INITIATED,1789016196441
2175764,2,VALIDATED,1789016196458
2175764,3,PROCESSED,1789016196462
2175765,1,INITIATED,1789016196460
2175765,2,VALIDATED,1789016196463
2175765,3,PROCESSED,1789016196481
2175766,1,INITIATED,1789016196481
2175766,2,VALIDATED,1789016196483
2175766,3,PROCESSED,1789016196500
2175767,1,INITIATED,1789016196501
2175767,2,VALIDATED,1789016196515
2175767,3,PROCESSED,1789016196519
2175768,1,INITIATED,1789016196521
2175768,2,VALIDATED,1789016196523
2175768,3,PROCESSED,1789016196538
2175769,1,INITIATED,1789016196541
2175769,2,VALIDATED,1789016196543
2175769,3,PROCESSED,1789016196546
2175770,1,INITIATED,1789016196560
2175770,2,VALIDATED,1789016196564
2175770,3,PROCESSED,1789016196567
2175771,1,INITIATED,1789016196582
2175771,2,VALIDATED,1789016196585
2175771,3,PROCESSED,1789016196590
2175772,1,INITIATED,1789016196601
2175772,2,VALIDATED,1789016196605
2175772,3,PROCESSED,1789016196609
2175773,1,INITIATED,1789016196621
2175773,2,VALIDATED,1789016196625
2175773,3,PROCESSED,1789016196628
2175774,1,INITIATED,1789016196641
2175774,2,VALIDATED,1789016196645
2175774,3,PROCESSED,1789016196649
2175775,1,INITIATED,1789016196661
2175775,2,VALIDATED,1789016196665
2175775,3,PROCESSED,1789016196668
2175776,1,INITIATED,1789016196681
2175776,2,VALIDATED,1789016196685
2175776,3,PROCESSED,1789016196688
2175777,1,INITIATED,1789016196701
2175777,2,VALIDATED,1789016196705
2175777,3,PROCESSED,1789016196710
2175778,1,INITIATED,1789016196721
2175778,2,VALIDATED,1789016196724
2175778,3,PROCESSED,1789016196727
2175779,1,INITIATED,1789016196741
2175779,2,VALIDATED,1789016196744
2175779,3,PROCESSED,1789016196747
2175780,1,INITIATED,1789016196761
2175780,2,VALIDATED,1789016196778
2175780,3,PROCESSED,1789016196782
2175781,1,INITIATED,1789016196781
2175781,2,VALIDATED,1789016196784
2175781,3,PROCESSED,1789016196789
2175782,1,INITIATED,1789016196801
2175782,2,VALIDATED,1789016196804
2175782,3,PROCESSED,1789016196808
2175783,1,INITIATED,1789016196821
2175783,2,VALIDATED,1789016196825
2175783,3,PROCESSED,1789016196829
2175784,1,INITIATED,1789016196841
2175784,2,VALIDATED,1789016196845
2175784,3,PROCESSED,1789016196849
2175785,1,INITIATED,1789016196862
2175785,2,VALIDATED,1789016196865
2175785,3,PROCESSED,1789016196868
2175786,1,INITIATED,1789016196881
2175786,2,VALIDATED,1789016196885
2175786,3,PROCESSED,1789016196889
2175787,1,INITIATED,1789016196902
2175787,2,VALIDATED,1789016196906
2175787,3,PROCESSED,1789016196910
2175788,1,INITIATED,1789016196922
2175788,2,VALIDATED,1789016196926
2175788,3,PROCESSED,1789016196931
2175789,1,INITIATED,1789016196942
2175789,2,VALIDATED,1789016196948
2175789,3,PROCESSED,1789016196952
2175790,1,INITIATED,1789016196961
2175790,2,VALIDATED,1789016196964
2175790,3,PROCESSED,1789016196968
2175791,1,INITIATED,1789016196981
2175791,2,VALIDATED,1789016196985
2175791,3,PROCESSED,1789016196989
2175792,1,INITIATED,1789016197001
2175792,2,VALIDATED,1789016197006
2175792,3,PROCESSED,1789016197012
2175793,1,INITIATED,1789016197022
2175793,2,VALIDATED,1789016197026
2175793,3,PROCESSED,1789016197030
2175794,1,INITIATED,1789016197042
2175794,2,VALIDATED,1789016197048
2175794,3,PROCESSED,1789016197052
2175795,1,INITIATED,1789016197062
2175795,2,VALIDATED,1789016197065
2175795,3,PROCESSED,1789016197069
2175796,1,INITIATED,1789016197081
2175796,2,VALIDATED,1789016197085
2175796,3,PROCESSED,1789016197088
2175797,1,INITIATED,1789016197101
2175797,2,VALIDATED,1789016197146
2175797,3,PROCESSED,1789016197352
2175798,1,INITIATED,1789016197147
2175798,2,VALIDATED,1789016197352
2175798,3,PROCESSED,1789016197370
2175799,1,INITIATED,1789016197146
2175799,2,VALIDATED,1789016197352
2175799,3,PROCESSED,1789016197370
2175800,1,INITIATED,1789016197351
2175800,2,VALIDATED,1789016197369
2175800,3,PROCESSED,1789016197375
2175801,1,INITIATED,1789016197350
2175801,2,VALIDATED,1789016197368
2175801,3,PROCESSED,1789016197375
2175802,1,INITIATED,1789016197351
2175802,2,VALIDATED,1789016197369
2175802,3,PROCESSED,1789016197374
2175803,1,INITIATED,1789016197351
2175803,2,VALIDATED,1789016197369
2175803,3,PROCESSED,1789016197375
2175804,1,INITIATED,1789016197350
2175804,2,VALIDATED,1789016197369
2175804,3,PROCESSED,1789016197375
2175805,1,INITIATED,1789016197350
2175805,2,VALIDATED,1789016197368
2175805,3,PROCESSED,1789016197375
2175806,1,INITIATED,1789016197351
2175806,2,VALIDATED,1789016197368
2175806,3,PROCESSED,1789016197374
2175807,1,INITIATED,1789016197352
2175807,2,VALIDATED,1789016197369
2175807,3,PROCESSED,1789016197375
2175808,1,INITIATED,1789016197351
2175808,2,VALIDATED,1789016197369
2175808,3,PROCESSED,1789016197375
2175809,1,INITIATED,1789016197350
2175809,2,VALIDATED,1789016197369
2175809,3,PROCESSED,1789016197375
2175810,1,INITIATED,1789016197361
2175810,2,VALIDATED,1789016197369
2175810,3,PROCESSED,1789016197375
2175811,1,INITIATED,1789016197381
2175811,2,VALIDATED,1789016197448
2175811,3,PROCESSED,1789016197452
2175812,1,INITIATED,1789016197401
2175812,2,VALIDATED,1789016197447
2175812,3,PROCESSED,1789016197452
2175813,1,INITIATED,1789016197421
2175813,2,VALIDATED,1789016197447
2175813,3,PROCESSED,1789016197452
2175814,1,INITIATED,1789016197441
2175814,2,VALIDATED,1789016197447
2175814,3,PROCESSED,1789016197452
2175815,1,INITIATED,1789016197461
2175815,2,VALIDATED,1789016197464
2175815,3,PROCESSED,1789016197468
2175816,1,INITIATED,1789016197482
2175816,2,VALIDATED,1789016197486
2175816,3,PROCESSED,1789016197491
2175817,1,INITIATED,1789016197502
2175817,2,VALIDATED,1789016197505
2175817,3,PROCESSED,1789016197522
2175818,1,INITIATED,1789016197521
2175818,2,VALIDATED,1789016197524
2175818,3,PROCESSED,1789016197527
2175819,1,INITIATED,1789016197542
2175819,2,VALIDATED,1789016197545
2175819,3,PROCESSED,1789016197549
2175820,1,INITIATED,1789016197562
2175820,2,VALIDATED,1789016197565
2175820,3,PROCESSED,1789016197570
2175821,1,INITIATED,1789016197581
2175821,2,VALIDATED,1789016197584
2175821,3,PROCESSED,1789016197588
2175822,1,INITIATED,1789016197601
2175822,2,VALIDATED,1789016197605
2175822,3,PROCESSED,1789016197609
2175823,1,INITIATED,1789016197621
2175823,2,VALIDATED,1789016197624
2175823,3,PROCESSED,1789016197626
2175824,1,INITIATED,1789016197641
2175824,2,VALIDATED,1789016197643
2175824,3,PROCESSED,1789016197646
2175825,1,INITIATED,1789016197660
2175825,2,VALIDATED,1789016197663
2175825,3,PROCESSED,1789016197666
2175826,1,INITIATED,1789016197681
2175826,2,VALIDATED,1789016197683
2175826,3,PROCESSED,1789016197685
2175827,1,INITIATED,1789016197701
2175827,2,VALIDATED,1789016197704
2175827,3,PROCESSED,1789016197707
2175828,1,INITIATED,1789016197721
2175828,2,VALIDATED,1789016197724
2175828,3,PROCESSED,1789016197727
2175829,1,INITIATED,1789016197740
2175829,2,VALIDATED,1789016197743
2175829,3,PROCESSED,1789016197746
2175830,1,INITIATED,1789016197761
2175830,2,VALIDATED,1789016197764
2175830,3,PROCESSED,1789016197767
2175831,1,INITIATED,1789016197781
2175831,2,VALIDATED,1789016197784
2175831,3,PROCESSED,1789016197788
2175832,1,INITIATED,1789016197801
2175832,2,VALIDATED,1789016197804
2175832,3,PROCESSED,1789016197807
2175833,1,INITIATED,1789016197821
2175833,2,VALIDATED,1789016197824
2175833,3,REJECTED,1789016197826
2175834,1,INITIATED,1789016197841
2175834,2,VALIDATED,1789016197844
2175834,3,REJECTED,1789016197846
2175835,1,INITIATED,1789016197862
2175835,2,VALIDATED,1789016197865
2175835,3,REJECTED,1789016197867
2175836,1,INITIATED,1789016197880
2175836,2,VALIDATED,1789016197883
2175836,3,REJECTED,1789016197885
2175837,1,INITIATED,1789016197901
2175837,2,VALIDATED,1789016197905
2175837,3,PROCESSED,1789016197909
2175838,1,INITIATED,1789016197921
2175838,2,VALIDATED,1789016197924
2175838,3,PROCESSED,1789016197927
2175839,1,INITIATED,1789016197941
2175839,2,VALIDATED,1789016197944
2175839,3,PROCESSED,1789016197960
2175840,1,INITIATED,1789016197960
2175840,2,VALIDATED,1789016197962
2175840,3,PROCESSED,1789016197965
2175841,1,INITIATED,1789016197981
2175841,2,VALIDATED,1789016197983
2175841,3,PROCESSED,1789016197986
2175842,1,INITIATED,1789016198001
2175842,2,VALIDATED,1789016198004
2175842,3,PROCESSED,1789016198006
2175843,1,INITIATED,1789016198021
2175843,2,VALIDATED,1789016198024
2175843,3,PROCESSED,1789016198028
2175844,1,INITIATED,1789016198040
2175844,2,VALIDATED,1789016198043
2175844,3,PROCESSED,1789016198046
2175845,1,INITIATED,1789016198061
2175845,2,VALIDATED,1789016198063
2175845,3,PROCESSED,1789016198066
2175846,1,INITIATED,1789016198082
2175846,2,VALIDATED,1789016198084
2175846,3,PROCESSED,1789016198087
2175847,1,INITIATED,1789016198101
2175847,2,VALIDATED,1789016198105
2175847,3,PROCESSED,1789016198152
2175848,1,INITIATED,1789016198148
2175848,2,VALIDATED,1789016198151
2175848,3,PROCESSED,1789016198169
2175849,1,INITIATED,1789016198149
2175849,2,VALIDATED,1789016198151
2175849,3,PROCESSED,1789016198168
2175850,1,INITIATED,1789016198161
2175850,2,VALIDATED,1789016198167
2175850,3,PROCESSED,1789016198171
2175851,1,INITIATED,1789016198181
2175851,2,VALIDATED,1789016198183
2175851,3,PROCESSED,1789016198186
2175852,1,INITIATED,1789016198201
2175852,2,VALIDATED,1789016198205
2175852,3,PROCESSED,1789016198210
2175853,1,INITIATED,1789016198222
2175853,2,VALIDATED,1789016198227
2175853,3,PROCESSED,1789016198231
2175854,1,INITIATED,1789016198241
2175854,2,VALIDATED,1789016198245
2175854,3,PROCESSED,1789016198248
2175855,1,INITIATED,1789016198262
2175855,2,VALIDATED,1789016198265
2175855,3,PROCESSED,1789016198269
2175856,1,INITIATED,1789016198280
2175856,2,VALIDATED,1789016198283
2175856,3,PROCESSED,1789016198287
2175857,1,INITIATED,1789016198301
2175857,2,VALIDATED,1789016198304
2175857,3,PROCESSED,1789016198308
2175858,1,INITIATED,1789016198321
2175858,2,VALIDATED,1789016198325
2175858,3,PROCESSED,1789016198328
2175859,1,INITIATED,1789016198341
2175859,2,VALIDATED,1789016198345
2175859,3,PROCESSED,1789016198348
2175860,1,INITIATED,1789016198361
2175860,2,VALIDATED,1789016198364
2175860,3,PROCESSED,1789016198367
2175861,1,INITIATED,1789016198381
2175861,2,VALIDATED,1789016198384
2175861,3,PROCESSED,1789016198387
2175862,1,INITIATED,1789016198400
2175862,2,VALIDATED,1789016198404
2175862,3,PROCESSED,1789016198408
2175863,1,INITIATED,1789016198421
2175863,2,VALIDATED,1789016198425
2175863,3,PROCESSED,1789016198429
2175864,1,INITIATED,1789016198441
2175864,2,VALIDATED,1789016198444
2175864,3,PROCESSED,1789016198448
2175865,1,INITIATED,1789016198461
2175865,2,VALIDATED,1789016198464
2175865,3,PROCESSED,1789016198468
2175866,1,INITIATED,1789016198482
2175866,2,VALIDATED,1789016198486
2175866,3,PROCESSED,1789016198490
2175867,1,INITIATED,1789016198502
2175867,2,VALIDATED,1789016198506
2175867,3,PROCESSED,1789016198512
2175868,1,INITIATED,1789016198521
2175868,2,VALIDATED,1789016198525
2175868,3,PROCESSED,1789016198530
2175869,1,INITIATED,1789016198541
2175869,2,VALIDATED,1789016198545
2175869,3,PROCESSED,1789016198550
2175870,1,INITIATED,1789016198561
2175870,2,VALIDATED,1789016198565
2175870,3,PROCESSED,1789016198570
2175871,1,INITIATED,1789016198582
2175871,2,VALIDATED,1789016198585
2175871,3,PROCESSED,1789016198589
2175872,1,INITIATED,1789016198602
2175872,2,VALIDATED,1789016198605
2175872,3,PROCESSED,1789016198610
2175873,1,INITIATED,1789016198621
2175873,2,VALIDATED,1789016198625
2175873,3,PROCESSED,1789016198629
2175874,1,INITIATED,1789016198642
2175874,2,VALIDATED,1789016198645
2175874,3,PROCESSED,1789016198650
2175875,1,INITIATED,1789016198661
2175875,2,VALIDATED,1789016198664
2175875,3,PROCESSED,1789016198668
2175876,1,INITIATED,1789016198681
2175876,2,VALIDATED,1789016198685
2175876,3,PROCESSED,1789016198690
2175877,1,INITIATED,1789016198701
2175877,2,VALIDATED,1789016198705
2175877,3,PROCESSED,1789016198711
2175878,1,INITIATED,1789016198721
2175878,2,VALIDATED,1789016198725
2175878,3,PROCESSED,1789016198729
2175879,1,INITIATED,1789016198741
2175879,2,VALIDATED,1789016198745
2175879,3,PROCESSED,1789016198750
2175880,1,INITIATED,1789016198761
2175880,2,VALIDATED,1789016198766
2175880,3,PROCESSED,1789016198770
2175881,1,INITIATED,1789016198782
2175881,2,VALIDATED,1789016198786
2175881,3,PROCESSED,1789016198790
2175882,1,INITIATED,1789016198802
2175882,2,VALIDATED,1789016198806
2175882,3,PROCESSED,1789016198812
2175883,1,INITIATED,1789016198821
2175883,2,VALIDATED,1789016198825
2175883,3,PROCESSED,1789016198829
2175884,1,INITIATED,1789016198843
2175884,2,VALIDATED,1789016198848
2175884,3,PROCESSED,1789016198854
2175885,1,INITIATED,1789016198861
2175885,2,VALIDATED,1789016198865
2175885,3,PROCESSED,1789016198870
2175886,1,INITIATED,1789016198882
2175886,2,VALIDATED,1789016198885
2175886,3,PROCESSED,1789016198903
2175887,1,INITIATED,1789016198901
2175887,2,VALIDATED,1789016198904
2175887,3,PROCESSED,1789016198909
2175888,1,INITIATED,1789016198922
2175888,2,VALIDATED,1789016198926
2175888,3,PROCESSED,1789016198930
2175889,1,INITIATED,1789016198941
2175889,2,VALIDATED,1789016198945
2175889,3,PROCESSED,1789016198950
2175890,1,INITIATED,1789016198961
2175890,2,VALIDATED,1789016198964
2175890,3,PROCESSED,1789016198969
2175891,1,INITIATED,1789016198981
2175891,2,VALIDATED,1789016198984
2175891,3,PROCESSED,1789016198988
2175892,1,INITIATED,1789016199002
2175892,2,VALIDATED,1789016199006
2175892,3,PROCESSED,1789016199010
2175893,1,INITIATED,1789016199021
2175893,2,VALIDATED,1789016199025
2175893,3,PROCESSED,1789016199029
2175894,1,INITIATED,1789016199041
2175894,2,VALIDATED,1789016199045
2175894,3,PROCESSED,1789016199048
2175895,1,INITIATED,1789016199061
2175895,2,VALIDATED,1789016199064
2175895,3,PROCESSED,1789016199067
2175896,1,INITIATED,1789016199081
2175896,2,VALIDATED,1789016199084
2175896,3,PROCESSED,1789016199087
2175897,1,INITIATED,1789016199101
2175897,2,VALIDATED,1789016199335
2175897,3,PROCESSED,1789016199452
2175898,1,INITIATED,1789016199335
2175898,2,VALIDATED,1789016199451
2175898,3,PROCESSED,1789016199470
2175899,1,INITIATED,1789016199335
2175899,2,VALIDATED,1789016199449
2175899,3,PROCESSED,1789016199469
2175900,1,INITIATED,1789016199335
2175900,2,VALIDATED,1789016199451
2175900,3,PROCESSED,1789016199469
2175901,1,INITIATED,1789016199335
2175901,2,VALIDATED,1789016199449
2175901,3,PROCESSED,1789016199469
2175902,1,INITIATED,1789016199336
2175902,2,VALIDATED,1789016199450
2175902,3,PROCESSED,1789016199469
2175903,1,INITIATED,1789016199335
2175903,2,VALIDATED,1789016199451
2175903,3,PROCESSED,1789016199469
2175904,1,INITIATED,1789016199335
2175904,2,VALIDATED,1789016199451
2175904,3,PROCESSED,1789016199468
2175905,1,INITIATED,1789016199335
2175905,2,VALIDATED,1789016199451
2175905,3,PROCESSED,1789016199469
2175906,1,INITIATED,1789016199336
2175906,2,VALIDATED,1789016199450
2175906,3,PROCESSED,1789016199469
2175907,1,INITIATED,1789016199336
2175907,2,VALIDATED,1789016199452
2175907,3,PROCESSED,1789016199469
2175908,1,INITIATED,1789016199335
2175908,2,VALIDATED,1789016199449
2175908,3,PROCESSED,1789016199468
2175909,1,INITIATED,1789016199341
2175909,2,VALIDATED,1789016199448
2175909,3,PROCESSED,1789016199468
2175910,1,INITIATED,1789016199446
2175910,2,VALIDATED,1789016199465
2175910,3,PROCESSED,1789016199482
2175911,1,INITIATED,1789016199446
2175911,2,VALIDATED,1789016199465
2175911,3,PROCESSED,1789016199482
2175912,1,INITIATED,1789016199446
2175912,2,VALIDATED,1789016199466
2175912,3,PROCESSED,1789016199483
2175913,1,INITIATED,1789016199446
2175913,2,VALIDATED,1789016199465
2175913,3,PROCESSED,1789016199483
2175914,1,INITIATED,1789016199446
2175914,2,VALIDATED,1789016199465
2175914,3,PROCESSED,1789016199483
2175915,1,INITIATED,1789016199461
2175915,2,VALIDATED,1789016199466
2175915,3,PROCESSED,1789016199483
2175916,1,INITIATED,1789016199481
2175916,2,VALIDATED,1789016199484
2175916,3,PROCESSED,1789016199501
2175917,1,INITIATED,1789016199501
2175917,2,VALIDATED,1789016199516
2175917,3,PROCESSED,1789016199533
2175918,1,INITIATED,1789016199521
2175918,2,VALIDATED,1789016199533
2175918,3,PROCESSED,1789016199536
2175919,1,INITIATED,1789016199541
2175919,2,VALIDATED,1789016199552
2175919,3,PROCESSED,1789016199556
2175920,1,INITIATED,1789016199560
2175920,2,VALIDATED,1789016199562
2175920,3,PROCESSED,1789016199566
2175921,1,INITIATED,1789016199581
2175921,2,VALIDATED,1789016199584
2175921,3,PROCESSED,1789016199587
2175922,1,INITIATED,1789016199601
2175922,2,VALIDATED,1789016199617
2175922,3,PROCESSED,1789016199620
2175923,1,INITIATED,1789016199620
2175923,2,VALIDATED,1789016199622
2175923,3,PROCESSED,1789016199625
2175924,1,INITIATED,1789016199641
2175924,2,VALIDATED,1789016199645
2175924,3,PROCESSED,1789016199648
2175925,1,INITIATED,1789016199661
2175925,2,VALIDATED,1789016199665
2175925,3,PROCESSED,1789016199668
2175926,1,INITIATED,1789016199681
2175926,2,VALIDATED,1789016199685
2175926,3,PROCESSED,1789016199689
2175927,1,INITIATED,1789016199701
2175927,2,VALIDATED,1789016199705
2175927,3,PROCESSED,1789016199710
2175928,1,INITIATED,1789016199721
2175928,2,VALIDATED,1789016199724
2175928,3,PROCESSED,1789016199728
2175929,1,INITIATED,1789016199741
2175929,2,VALIDATED,1789016199745
2175929,3,PROCESSED,1789016199748
2175930,1,INITIATED,1789016199761
2175930,2,VALIDATED,1789016199764
2175930,3,PROCESSED,1789016199768
2175931,1,INITIATED,1789016199781
2175931,2,VALIDATED,1789016199784
2175931,3,PROCESSED,1789016199801
2175932,1,INITIATED,1789016199801
2175932,2,VALIDATED,1789016199803
2175932,3,PROCESSED,1789016199807
2175933,1,INITIATED,1789016199820
2175933,2,VALIDATED,1789016199824
2175933,3,REJECTED,1789016199826
2175934,1,INITIATED,1789016199841
2175934,2,VALIDATED,1789016199844
2175934,3,REJECTED,1789016199847
2175935,1,INITIATED,1789016199860
2175935,2,VALIDATED,1789016199864
2175935,3,REJECTED,1789016199866
2175936,1,INITIATED,1789016199881
2175936,2,VALIDATED,1789016199884
2175936,3,REJECTED,1789016199886
2175937,1,INITIATED,1789016199901
2175937,2,VALIDATED,1789016199904
2175937,3,PROCESSED,1789016199908
2175938,1,INITIATED,1789016199921
2175938,2,VALIDATED,1789016199924
2175938,3,PROCESSED,1789016199927
2175939,1,INITIATED,1789016199940
2175939,2,VALIDATED,1789016199944
2175939,3,PROCESSED,1789016199947
2175940,1,INITIATED,1789016199961
2175940,2,VALIDATED,1789016199965
2175940,3,PROCESSED,1789016199968
2175941,1,INITIATED,1789016199980
2175941,2,VALIDATED,1789016199983
2175941,3,PROCESSED,1789016199986
2175942,1,INITIATED,1789016200001
2175942,2,VALIDATED,1789016200005
2175942,3,PROCESSED,1789016200010
2175943,1,INITIATED,1789016200021
2175943,2,VALIDATED,1789016200023
2175943,3,PROCESSED,1789016200027
2175944,1,INITIATED,1789016200042
2175944,2,VALIDATED,1789016200045
2175944,3,PROCESSED,1789016200049
2175945,1,INITIATED,1789016200061
2175945,2,VALIDATED,1789016200065
2175945,3,PROCESSED,1789016200068
2175946,1,INITIATED,1789016200081
2175946,2,VALIDATED,1789016200085
2175946,3,PROCESSED,1789016200088
2175947,1,INITIATED,1789016200101
2175947,2,VALIDATED,1789016200105
2175947,3,PROCESSED,1789016200109
2175948,1,INITIATED,1789016200303
2175948,2,VALIDATED,1789016200308
2175948,3,PROCESSED,1789016200422
2175949,1,INITIATED,1789016200303
2175949,2,VALIDATED,1789016200308
2175949,3,PROCESSED,1789016200422
2175950,1,INITIATED,1789016200303
2175950,2,VALIDATED,1789016200308
2175950,3,PROCESSED,1789016200421
2175951,1,INITIATED,1789016200303
2175951,2,VALIDATED,1789016200308
2175951,3,PROCESSED,1789016200422
2175952,1,INITIATED,1789016200304
2175952,2,VALIDATED,1789016200308
2175952,3,PROCESSED,1789016200422
2175953,1,INITIATED,1789016200304
2175953,2,VALIDATED,1789016200308
2175953,3,PROCESSED,1789016200422
2175954,1,INITIATED,1789016200304
2175954,2,VALIDATED,1789016200308
2175954,3,PROCESSED,1789016200421
2175955,1,INITIATED,1789016200303
2175955,2,VALIDATED,1789016200308
2175955,3,PROCESSED,1789016200421
2175956,1,INITIATED,1789016200304
2175956,2,VALIDATED,1789016200309
2175956,3,PROCESSED,1789016200422
2175957,1,INITIATED,1789016200305
2175957,2,VALIDATED,1789016200322
2175957,3,PROCESSED,1789016200422
2175958,1,INITIATED,1789016200321
2175958,2,VALIDATED,1789016200419
2175958,3,PROCESSED,1789016200425
2175959,1,INITIATED,1789016200341
2175959,2,VALIDATED,1789016200420
2175959,3,PROCESSED,1789016200425
2175960,1,INITIATED,1789016200361
2175960,2,VALIDATED,1789016200420
2175960,3,PROCESSED,1789016200425
2175961,1,INITIATED,1789016200381
2175961,2,VALIDATED,1789016200420
2175961,3,PROCESSED,1789016200425
2175962,1,INITIATED,1789016200400
2175962,2,VALIDATED,1789016200419
2175962,3,PROCESSED,1789016200425
2175963,1,INITIATED,1789016200422
2175963,2,VALIDATED,1789016200439
2175963,3,PROCESSED,1789016200443
2175964,1,INITIATED,1789016200441
2175964,2,VALIDATED,1789016200443
2175964,3,PROCESSED,1789016200447
2175965,1,INITIATED,1789016200461
2175965,2,VALIDATED,1789016200465
2175965,3,PROCESSED,1789016200468
2175966,1,INITIATED,1789016200481
2175966,2,VALIDATED,1789016200484
2175966,3,PROCESSED,1789016200488
2175967,1,INITIATED,1789016200500
2175967,2,VALIDATED,1789016200504
2175967,3,PROCESSED,1789016200507
2175968,1,INITIATED,1789016200521
2175968,2,VALIDATED,1789016200524
2175968,3,PROCESSED,1789016200528
2175969,1,INITIATED,1789016200541
2175969,2,VALIDATED,1789016200545
2175969,3,PROCESSED,1789016200548
2175970,1,INITIATED,1789016200562
2175970,2,VALIDATED,1789016200565
2175970,3,PROCESSED,1789016200569
2175971,1,INITIATED,1789016200581
2175971,2,VALIDATED,1789016200584
2175971,3,PROCESSED,1789016200588
2175972,1,INITIATED,1789016200602
2175972,2,VALIDATED,1789016200605
2175972,3,PROCESSED,1789016200609
2175973,1,INITIATED,1789016200621
2175973,2,VALIDATED,1789016200624
2175973,3,PROCESSED,1789016200630
2175974,1,INITIATED,1789016200640
2175974,2,VALIDATED,1789016200644
2175974,3,PROCESSED,1789016200647
2175975,1,INITIATED,1789016200661
2175975,2,VALIDATED,1789016200665
2175975,3,PROCESSED,1789016200668
2175976,1,INITIATED,1789016200681
2175976,2,VALIDATED,1789016200698
2175976,3,PROCESSED,1789016200702
2175977,1,INITIATED,1789016200700
2175977,2,VALIDATED,1789016200703
2175977,3,PROCESSED,1789016200707
2175978,1,INITIATED,1789016200721
2175978,2,VALIDATED,1789016200724
2175978,3,PROCESSED,1789016200727
2175979,1,INITIATED,1789016200741
2175979,2,VALIDATED,1789016200744
2175979,3,PROCESSED,1789016200748
2175980,1,INITIATED,1789016200761
2175980,2,VALIDATED,1789016200764
2175980,3,PROCESSED,1789016200767
2175981,1,INITIATED,1789016200781
2175981,2,VALIDATED,1789016200784
2175981,3,PROCESSED,1789016200788
2175982,1,INITIATED,1789016200801
2175982,2,VALIDATED,1789016200804
2175982,3,PROCESSED,1789016200808
2175983,1,INITIATED,1789016200821
2175983,2,VALIDATED,1789016200825
2175983,3,PROCESSED,1789016200829
2175984,1,INITIATED,1789016200842
2175984,2,VALIDATED,1789016200844
2175984,3,PROCESSED,1789016200848
2175985,1,INITIATED,1789016200861
2175985,2,VALIDATED,1789016200864
2175985,3,PROCESSED,1789016200867
2175986,1,INITIATED,1789016200881
2175986,2,VALIDATED,1789016200883
2175986,3,PROCESSED,1789016200886
2175987,1,INITIATED,1789016200901
2175987,2,VALIDATED,1789016200904
2175987,3,PROCESSED,1789016200908
2175988,1,INITIATED,1789016200921
2175988,2,VALIDATED,1789016200924
2175988,3,PROCESSED,1789016200927
2175989,1,INITIATED,1789016200941
2175989,2,VALIDATED,1789016200944
2175989,3,PROCESSED,1789016200947
2175990,1,INITIATED,1789016200960
2175990,2,VALIDATED,1789016200963
2175990,3,PROCESSED,1789016200966
2175991,1,INITIATED,1789016200981
2175991,2,VALIDATED,1789016200984
2175991,3,PROCESSED,1789016200987
2175992,1,INITIATED,1789016201001
2175992,2,VALIDATED,1789016201004
2175992,3,PROCESSED,1789016201006
2175993,1,INITIATED,1789016201021
2175993,2,VALIDATED,1789016201023
2175993,3,PROCESSED,1789016201026
2175994,1,INITIATED,1789016201041
2175994,2,VALIDATED,1789016201044
2175994,3,PROCESSED,1789016201048
2175995,1,INITIATED,1789016201061
2175995,2,VALIDATED,1789016201064
2175995,3,PROCESSED,1789016201067
2175996,1,INITIATED,1789016201080
2175996,2,VALIDATED,1789016201082
2175996,3,PROCESSED,1789016201085
2175997,1,INITIATED,1789016201101
2175997,2,VALIDATED,1789016201152
2175997,3,PROCESSED,1789016201401
2175998,1,INITIATED,1789016201152
2175998,2,VALIDATED,1789016201400
2175998,3,PROCESSED,1789016201423
2175999,1,INITIATED,1789016201152
2175999,2,VALIDATED,1789016201401
2175999,3,PROCESSED,1789016201424
2176000,1,INITIATED,1789016201399
2176000,2,VALIDATED,1789016201421
2176000,3,PROCESSED,1789016201428
2176001,1,INITIATED,1789016201401
2176001,2,VALIDATED,1789016201420
2176001,3,PROCESSED,1789016201428
2176002,1,INITIATED,1789016201401
2176002,2,VALIDATED,1789016201420
2176002,3,PROCESSED,1789016201427
2176003,1,INITIATED,1789016201399
2176003,2,VALIDATED,1789016201422
2176003,3,PROCESSED,1789016201428
2176004,1,INITIATED,1789016201400
2176004,2,VALIDATED,1789016201420
2176004,3,PROCESSED,1789016201427
2176005,1,INITIATED,1789016201400
2176005,2,VALIDATED,1789016201420
2176005,3,PROCESSED,1789016201427
2176006,1,INITIATED,1789016201401
2176006,2,VALIDATED,1789016201421
2176006,3,PROCESSED,1789016201428
2176007,1,INITIATED,1789016201399
2176007,2,VALIDATED,1789016201421
2176007,3,PROCESSED,1789016201428
2176008,1,INITIATED,1789016201400
2176008,2,VALIDATED,1789016201421
2176008,3,PROCESSED,1789016201427
2176009,1,INITIATED,1789016201401
2176009,2,VALIDATED,1789016201421
2176009,3,PROCESSED,1789016201428
2176010,1,INITIATED,1789016201401
2176010,2,VALIDATED,1789016201420
2176010,3,PROCESSED,1789016201428
2176011,1,INITIATED,1789016201401
2176011,2,VALIDATED,1789016201421
2176011,3,PROCESSED,1789016201428
2176012,1,INITIATED,1789016201402
2176012,2,VALIDATED,1789016201420
2176012,3,PROCESSED,1789016201427
2176013,1,INITIATED,1789016201422
2176013,2,VALIDATED,1789016201426
2176013,3,PROCESSED,1789016201432
2176014,1,INITIATED,1789016201441
2176014,2,VALIDATED,1789016201527
2176014,3,PROCESSED,1789016201532
2176015,1,INITIATED,1789016201460
2176015,2,VALIDATED,1789016201527
2176015,3,PROCESSED,1789016201531
2176016,1,INITIATED,1789016201481
2176016,2,VALIDATED,1789016201527
2176016,3,PROCESSED,1789016201531
2176017,1,INITIATED,1789016201501
2176017,2,VALIDATED,1789016201527
2176017,3,PROCESSED,1789016201532
2176018,1,INITIATED,1789016201521
2176018,2,VALIDATED,1789016201527
2176018,3,PROCESSED,1789016201531
2176019,1,INITIATED,1789016201541
2176019,2,VALIDATED,1789016201543
2176019,3,PROCESSED,1789016201546
2176020,1,INITIATED,1789016201561
2176020,2,VALIDATED,1789016201565
2176020,3,PROCESSED,1789016201567
2176021,1,INITIATED,1789016201581
2176021,2,VALIDATED,1789016201584
2176021,3,PROCESSED,1789016201586
2176022,1,INITIATED,1789016201601
2176022,2,VALIDATED,1789016201604
2176022,3,PROCESSED,1789016201609
2176023,1,INITIATED,1789016201622
2176023,2,VALIDATED,1789016201641
2176023,3,PROCESSED,1789016201644
2176024,1,INITIATED,1789016201641
2176024,2,VALIDATED,1789016201643
2176024,3,PROCESSED,1789016201646
2176025,1,INITIATED,1789016201661
2176025,2,VALIDATED,1789016201664
2176025,3,PROCESSED,1789016201666
2176026,1,INITIATED,1789016201681
2176026,2,VALIDATED,1789016201684
2176026,3,PROCESSED,1789016201687
2176027,1,INITIATED,1789016201701
2176027,2,VALIDATED,1789016201705
2176027,3,PROCESSED,1789016201709
2176028,1,INITIATED,1789016201721
2176028,2,VALIDATED,1789016201724
2176028,3,PROCESSED,1789016201727
2176029,1,INITIATED,1789016201740
2176029,2,VALIDATED,1789016201743
2176029,3,PROCESSED,1789016201746
2176030,1,INITIATED,1789016201761
2176030,2,VALIDATED,1789016201764
2176030,3,PROCESSED,1789016201766
2176031,1,INITIATED,1789016201781
2176031,2,VALIDATED,1789016201784
2176031,3,PROCESSED,1789016201787
2176032,1,INITIATED,1789016201802
2176032,2,VALIDATED,1789016201805
2176032,3,PROCESSED,1789016201809
2176033,1,INITIATED,1789016201822
2176033,2,VALIDATED,1789016201825
2176033,3,REJECTED,1789016201827
2176034,1,INITIATED,1789016201841
2176034,2,VALIDATED,1789016201844
2176034,3,REJECTED,1789016201862
2176035,1,INITIATED,1789016201861
2176035,2,VALIDATED,1789016201863
2176035,3,REJECTED,1789016201865
2176036,1,INITIATED,1789016201880
2176036,2,VALIDATED,1789016201883
2176036,3,REJECTED,1789016201885
2176037,1,INITIATED,1789016201901
2176037,2,VALIDATED,1789016201905
2176037,3,PROCESSED,1789016201908
2176038,1,INITIATED,1789016201920
2176038,2,VALIDATED,1789016201923
2176038,3,PROCESSED,1789016201925
2176039,1,INITIATED,1789016201940
2176039,2,VALIDATED,1789016201943
2176039,3,PROCESSED,1789016201945
2176040,1,INITIATED,1789016201960
2176040,2,VALIDATED,1789016201963
2176040,3,PROCESSED,1789016201966
2176041,1,INITIATED,1789016201981
2176041,2,VALIDATED,1789016201984
2176041,3,PROCESSED,1789016201986
2176042,1,INITIATED,1789016202001
2176042,2,VALIDATED,1789016202003
2176042,3,PROCESSED,1789016202006
2176043,1,INITIATED,1789016202021
2176043,2,VALIDATED,1789016202023
2176043,3,PROCESSED,1789016202026
2176044,1,INITIATED,1789016202041
2176044,2,VALIDATED,1789016202044
2176044,3,PROCESSED,1789016202047
2176045,1,INITIATED,1789016202061
2176045,2,VALIDATED,1789016202064
2176045,3,PROCESSED,1789016202066
2176046,1,INITIATED,1789016202080
2176046,2,VALIDATED,1789016202083
2176046,3,PROCESSED,1789016202085
2176047,1,INITIATED,1789016202101
2176047,2,VALIDATED,1789016202104
2176047,3,PROCESSED,1789016202141
2176048,1,INITIATED,1789016202121
2176048,2,VALIDATED,1789016202158
2176048,3,PROCESSED,1789016202177
2176049,1,INITIATED,1789016202141
2176049,2,VALIDATED,1789016202176
2176049,3,PROCESSED,1789016202180
2176050,1,INITIATED,1789016202161
2176050,2,VALIDATED,1789016202176
2176050,3,PROCESSED,1789016202180
2176051,1,INITIATED,1789016202181
2176051,2,VALIDATED,1789016202182
2176051,3,PROCESSED,1789016202185
2176052,1,INITIATED,1789016202201
2176052,2,VALIDATED,1789016202203
2176052,3,PROCESSED,1789016202206
2176053,1,INITIATED,1789016202221
2176053,2,VALIDATED,1789016202223
2176053,3,PROCESSED,1789016202226
2176054,1,INITIATED,1789016202241
2176054,2,VALIDATED,1789016202243
2176054,3,PROCESSED,1789016202246
2176055,1,INITIATED,1789016202261
2176055,2,VALIDATED,1789016202264
2176055,3,PROCESSED,1789016202266
2176056,1,INITIATED,1789016202281
2176056,2,VALIDATED,1789016202284
2176056,3,PROCESSED,1789016202286
2176057,1,INITIATED,1789016202301
2176057,2,VALIDATED,1789016202305
2176057,3,PROCESSED,1789016202308
2176058,1,INITIATED,1789016202320
2176058,2,VALIDATED,1789016202323
2176058,3,PROCESSED,1789016202325
2176059,1,INITIATED,1789016202341
2176059,2,VALIDATED,1789016202343
2176059,3,PROCESSED,1789016202346
2176060,1,INITIATED,1789016202360
2176060,2,VALIDATED,1789016202363
2176060,3,PROCESSED,1789016202366
2176061,1,INITIATED,1789016202382
2176061,2,VALIDATED,1789016202384
2176061,3,PROCESSED,1789016202387
2176062,1,INITIATED,1789016202401
2176062,2,VALIDATED,1789016202404
2176062,3,PROCESSED,1789016202409
2176063,1,INITIATED,1789016202421
2176063,2,VALIDATED,1789016202424
2176063,3,PROCESSED,1789016202428
2176064,1,INITIATED,1789016202441
2176064,2,VALIDATED,1789016202444
2176064,3,PROCESSED,1789016202447
2176065,1,INITIATED,1789016202460
2176065,2,VALIDATED,1789016202463
2176065,3,PROCESSED,1789016202466
2176066,1,INITIATED,1789016202481
2176066,2,VALIDATED,1789016202484
2176066,3,PROCESSED,1789016202487
2176067,1,INITIATED,1789016202501
2176067,2,VALIDATED,1789016202504
2176067,3,PROCESSED,1789016202507
2176068,1,INITIATED,1789016202521
2176068,2,VALIDATED,1789016202525
2176068,3,PROCESSED,1789016202544
2176069,1,INITIATED,1789016202541
2176069,2,VALIDATED,1789016202543
2176069,3,PROCESSED,1789016202546
2176070,1,INITIATED,1789016202561
2176070,2,VALIDATED,1789016202564
2176070,3,PROCESSED,1789016202566
2176071,1,INITIATED,1789016202581
2176071,2,VALIDATED,1789016202584
2176071,3,PROCESSED,1789016202588
2176072,1,INITIATED,1789016202601
2176072,2,VALIDATED,1789016202604
2176072,3,PROCESSED,1789016202608
2176073,1,INITIATED,1789016202621
2176073,2,VALIDATED,1789016202624
2176073,3,PROCESSED,1789016202627
2176074,1,INITIATED,1789016202640
2176074,2,VALIDATED,1789016202643
2176074,3,PROCESSED,1789016202646
2176075,1,INITIATED,1789016202661
2176075,2,VALIDATED,1789016202664
2176075,3,PROCESSED,1789016202666
2176076,1,INITIATED,1789016202683
2176076,2,VALIDATED,1789016202688
2176076,3,PROCESSED,1789016202694
2176077,1,INITIATED,1789016202701
2176077,2,VALIDATED,1789016202705
2176077,3,PROCESSED,1789016202711
2176078,1,INITIATED,1789016202721
2176078,2,VALIDATED,1789016202724
2176078,3,PROCESSED,1789016202727
2176079,1,INITIATED,1789016202741
2176079,2,VALIDATED,1789016202745
2176079,3,PROCESSED,1789016202748
2176080,1,INITIATED,1789016202761
2176080,2,VALIDATED,1789016202764
2176080,3,PROCESSED,1789016202767
2176081,1,INITIATED,1789016202781
2176081,2,VALIDATED,1789016202784
2176081,3,PROCESSED,1789016202787
2176082,1,INITIATED,1789016202800
2176082,2,VALIDATED,1789016202803
2176082,3,PROCESSED,1789016202806
2176083,1,INITIATED,1789016202820
2176083,2,VALIDATED,1789016202823
2176083,3,PROCESSED,1789016202827
2176084,1,INITIATED,1789016202842
2176084,2,VALIDATED,1789016202845
2176084,3,PROCESSED,1789016202848
2176085,1,INITIATED,1789016202860
2176085,2,VALIDATED,1789016202863
2176085,3,PROCESSED,1789016202866
2176086,1,INITIATED,1789016202881
2176086,2,VALIDATED,1789016202899
2176086,3,PROCESSED,1789016202903
2176087,1,INITIATED,1789016202901
2176087,2,VALIDATED,1789016202903
2176087,3,PROCESSED,1789016202906
2176088,1,INITIATED,1789016202921
2176088,2,VALIDATED,1789016202924
2176088,3,PROCESSED,1789016202927
2176089,1,INITIATED,1789016202941
2176089,2,VALIDATED,1789016202945
2176089,3,PROCESSED,1789016202948
2176090,1,INITIATED,1789016202961
2176090,2,VALIDATED,1789016202975
2176090,3,PROCESSED,1789016202978
2176091,1,INITIATED,1789016202981
2176091,2,VALIDATED,1789016202983
2176091,3,PROCESSED,1789016203002
2176092,1,INITIATED,1789016203001
2176092,2,VALIDATED,1789016203020
2176092,3,PROCESSED,1789016203024
2176093,1,INITIATED,1789016203021
2176093,2,VALIDATED,1789016203040
2176093,3,PROCESSED,1789016203044
2176094,1,INITIATED,1789016203041
2176094,2,VALIDATED,1789016203044
2176094,3,PROCESSED,1789016203047
2176095,1,INITIATED,1789016203061
2176095,2,VALIDATED,1789016203069
2176095,3,PROCESSED,1789016203073
2176096,1,INITIATED,1789016203081
2176096,2,VALIDATED,1789016203083
2176096,3,PROCESSED,1789016203086
2176097,1,INITIATED,1789016203101
2176097,2,VALIDATED,1789016203105
2176097,3,PROCESSED,1789016203160
2176098,1,INITIATED,1789016203157
2176098,2,VALIDATED,1789016203161
2176098,3,PROCESSED,1789016203168
2176099,1,INITIATED,1789016203157
2176099,2,VALIDATED,1789016203162
2176099,3,PROCESSED,1789016203167
2176100,1,INITIATED,1789016203161
2176100,2,VALIDATED,1789016203166
2176100,3,PROCESSED,1789016203200
2176101,1,INITIATED,1789016203181
2176101,2,VALIDATED,1789016203203
2176101,3,PROCESSED,1789016203208
2176102,1,INITIATED,1789016203200
2176102,2,VALIDATED,1789016203203
2176102,3,PROCESSED,1789016203208
2176103,1,INITIATED,1789016203221
2176103,2,VALIDATED,1789016203223
2176103,3,PROCESSED,1789016203227
2176104,1,INITIATED,1789016203241
2176104,2,VALIDATED,1789016203245
2176104,3,PROCESSED,1789016203250
2176105,1,INITIATED,1789016203261
2176105,2,VALIDATED,1789016203263
2176105,3,PROCESSED,1789016203268
2176106,1,INITIATED,1789016203281
2176106,2,VALIDATED,1789016203284
2176106,3,PROCESSED,1789016203287
2176107,1,INITIATED,1789016203301
2176107,2,VALIDATED,1789016203305
2176107,3,PROCESSED,1789016203309
2176108,1,INITIATED,1789016203322
2176108,2,VALIDATED,1789016203325
2176108,3,PROCESSED,1789016203328
2176109,1,INITIATED,1789016203341
2176109,2,VALIDATED,1789016203345
2176109,3,PROCESSED,1789016203347
2176110,1,INITIATED,1789016203361
2176110,2,VALIDATED,1789016203364
2176110,3,PROCESSED,1789016203366
2176111,1,INITIATED,1789016203381
2176111,2,VALIDATED,1789016203383
2176111,3,PROCESSED,1789016203386
2176112,1,INITIATED,1789016203401
2176112,2,VALIDATED,1789016203404
2176112,3,PROCESSED,1789016203407
2176113,1,INITIATED,1789016203420
2176113,2,VALIDATED,1789016203424
2176113,3,PROCESSED,1789016203426
2176114,1,INITIATED,1789016203441
2176114,2,VALIDATED,1789016203444
2176114,3,PROCESSED,1789016203446
2176115,1,INITIATED,1789016203461
2176115,2,VALIDATED,1789016203464
2176115,3,PROCESSED,1789016203468
2176116,1,INITIATED,1789016203481
2176116,2,VALIDATED,1789016203484
2176116,3,PROCESSED,1789016203487
2176117,1,INITIATED,1789016203501
2176117,2,VALIDATED,1789016203505
2176117,3,PROCESSED,1789016203509
2176118,1,INITIATED,1789016203521
2176118,2,VALIDATED,1789016203525
2176118,3,PROCESSED,1789016203528
2176119,1,INITIATED,1789016203541
2176119,2,VALIDATED,1789016203544
2176119,3,PROCESSED,1789016203546
2176120,1,INITIATED,1789016203561
2176120,2,VALIDATED,1789016203563
2176120,3,PROCESSED,1789016203566
2176121,1,INITIATED,1789016203581
2176121,2,VALIDATED,1789016203584
2176121,3,PROCESSED,1789016203587
2176122,1,INITIATED,1789016203602
2176122,2,VALIDATED,1789016203605
2176122,3,PROCESSED,1789016203609
2176123,1,INITIATED,1789016203621
2176123,2,VALIDATED,1789016203625
2176123,3,PROCESSED,1789016203628
2176124,1,INITIATED,1789016203641
2176124,2,VALIDATED,1789016203645
2176124,3,PROCESSED,1789016203648
2176125,1,INITIATED,1789016203661
2176125,2,VALIDATED,1789016203665
2176125,3,PROCESSED,1789016203668
2176126,1,INITIATED,1789016203681
2176126,2,VALIDATED,1789016203684
2176126,3,PROCESSED,1789016203687
2176127,1,INITIATED,1789016203701
2176127,2,VALIDATED,1789016203704
2176127,3,PROCESSED,1789016203707
2176128,1,INITIATED,1789016203721
2176128,2,VALIDATED,1789016203724
2176128,3,PROCESSED,1789016203728
2176129,1,INITIATED,1789016203741
2176129,2,VALIDATED,1789016203745
2176129,3,PROCESSED,1789016203748
2176130,1,INITIATED,1789016203761
2176130,2,VALIDATED,1789016203764
2176130,3,PROCESSED,1789016203767
2176131,1,INITIATED,1789016203781
2176131,2,VALIDATED,1789016203785
2176131,3,PROCESSED,1789016203788
2176132,1,INITIATED,1789016203801
2176132,2,VALIDATED,1789016203804
2176132,3,PROCESSED,1789016203809
2176133,1,INITIATED,1789016203821
2176133,2,VALIDATED,1789016203824
2176133,3,REJECTED,1789016203827
2176134,1,INITIATED,1789016203842
2176134,2,VALIDATED,1789016203845
2176134,3,REJECTED,1789016203847
2176135,1,INITIATED,1789016203861
2176135,2,VALIDATED,1789016203864
2176135,3,REJECTED,1789016203866
2176136,1,INITIATED,1789016203881
2176136,2,VALIDATED,1789016203884
2176136,3,REJECTED,1789016203886
2176137,1,INITIATED,1789016203902
2176137,2,VALIDATED,1789016203905
2176137,3,PROCESSED,1789016203909
2176138,1,INITIATED,1789016203920
2176138,2,VALIDATED,1789016203923
2176138,3,PROCESSED,1789016203926
2176139,1,INITIATED,1789016203941
2176139,2,VALIDATED,1789016203944
2176139,3,PROCESSED,1789016203946
2176140,1,INITIATED,1789016203961
2176140,2,VALIDATED,1789016203964
2176140,3,PROCESSED,1789016203966
2176141,1,INITIATED,1789016203981
2176141,2,VALIDATED,1789016203983
2176141,3,PROCESSED,1789016203986
2176142,1,INITIATED,1789016204001
2176142,2,VALIDATED,1789016204005
2176142,3,PROCESSED,1789016204008
2176143,1,INITIATED,1789016204021
2176143,2,VALIDATED,1789016204024
2176143,3,PROCESSED,1789016204027
2176144,1,INITIATED,1789016204041
2176144,2,VALIDATED,1789016204044
2176144,3,PROCESSED,1789016204047
2176145,1,INITIATED,1789016204061
2176145,2,VALIDATED,1789016204064
2176145,3,PROCESSED,1789016204066
2176146,1,INITIATED,1789016204081
2176146,2,VALIDATED,1789016204083
2176146,3,PROCESSED,1789016204086
2176147,1,INITIATED,1789016204101
2176147,2,VALIDATED,1789016204104
2176147,3,PROCESSED,1789016204224
2176148,1,INITIATED,1789016204221
2176148,2,VALIDATED,1789016204228
2176148,3,PROCESSED,1789016204295
2176149,1,INITIATED,1789016204221
2176149,2,VALIDATED,1789016204228
2176149,3,PROCESSED,1789016204295
2176150,1,INITIATED,1789016204221
2176150,2,VALIDATED,1789016204228
2176150,3,PROCESSED,1789016204295
2176151,1,INITIATED,1789016204221
2176151,2,VALIDATED,1789016204228
2176151,3,PROCESSED,1789016204294
2176152,1,INITIATED,1789016204221
2176152,2,VALIDATED,1789016204228
2176152,3,PROCESSED,1789016204294
2176153,1,INITIATED,1789016204222
2176153,2,VALIDATED,1789016204228
2176153,3,PROCESSED,1789016204294
2176154,1,INITIATED,1789016204241
2176154,2,VALIDATED,1789016204294
2176154,3,PROCESSED,1789016204305
2176155,1,INITIATED,1789016204261
2176155,2,VALIDATED,1789016204293
2176155,3,PROCESSED,1789016204301
2176156,1,INITIATED,1789016204281
2176156,2,VALIDATED,1789016204293
2176156,3,PROCESSED,1789016204301
2176157,1,INITIATED,1789016204302
2176157,2,VALIDATED,1789016204312
2176157,3,PROCESSED,1789016204316
2176158,1,INITIATED,1789016204320
2176158,2,VALIDATED,1789016204322
2176158,3,PROCESSED,1789016204325
2176159,1,INITIATED,1789016204340
2176159,2,VALIDATED,1789016204343
2176159,3,PROCESSED,1789016204348
2176160,1,INITIATED,1789016204361
2176160,2,VALIDATED,1789016204363
2176160,3,PROCESSED,1789016204366
2176161,1,INITIATED,1789016204380
2176161,2,VALIDATED,1789016204382
2176161,3,PROCESSED,1789016204385
2176162,1,INITIATED,1789016204401
2176162,2,VALIDATED,1789016204404
2176162,3,PROCESSED,1789016204410
2176163,1,INITIATED,1789016204421
2176163,2,VALIDATED,1789016204424
2176163,3,PROCESSED,1789016204427
2176164,1,INITIATED,1789016204441
2176164,2,VALIDATED,1789016204444
2176164,3,PROCESSED,1789016204447
2176165,1,INITIATED,1789016204461
2176165,2,VALIDATED,1789016204464
2176165,3,PROCESSED,1789016204467
2176166,1,INITIATED,1789016204481
2176166,2,VALIDATED,1789016204484
2176166,3,PROCESSED,1789016204487
2176167,1,INITIATED,1789016204501
2176167,2,VALIDATED,1789016204505
2176167,3,PROCESSED,1789016204509
2176168,1,INITIATED,1789016204521
2176168,2,VALIDATED,1789016204524
2176168,3,PROCESSED,1789016204527
2176169,1,INITIATED,1789016204541
2176169,2,VALIDATED,1789016204544
2176169,3,PROCESSED,1789016204546
2176170,1,INITIATED,1789016204561
2176170,2,VALIDATED,1789016204563
2176170,3,PROCESSED,1789016204566
2176171,1,INITIATED,1789016204581
2176171,2,VALIDATED,1789016204584
2176171,3,PROCESSED,1789016204586
2176172,1,INITIATED,1789016204601
2176172,2,VALIDATED,1789016204604
2176172,3,PROCESSED,1789016204608
2176173,1,INITIATED,1789016204621
2176173,2,VALIDATED,1789016204625
2176173,3,PROCESSED,1789016204629
2176174,1,INITIATED,1789016204641
2176174,2,VALIDATED,1789016204644
2176174,3,PROCESSED,1789016204649
2176175,1,INITIATED,1789016204661
2176175,2,VALIDATED,1789016204664
2176175,3,PROCESSED,1789016204666
2176176,1,INITIATED,1789016204680
2176176,2,VALIDATED,1789016204683
2176176,3,PROCESSED,1789016204686
2176177,1,INITIATED,1789016204701
2176177,2,VALIDATED,1789016204704
2176177,3,PROCESSED,1789016204706
2176178,1,INITIATED,1789016204721
2176178,2,VALIDATED,1789016204724
2176178,3,PROCESSED,1789016204726
2176179,1,INITIATED,1789016204740
2176179,2,VALIDATED,1789016204743
2176179,3,PROCESSED,1789016204746
2176180,1,INITIATED,1789016204761
2176180,2,VALIDATED,1789016204764
2176180,3,PROCESSED,1789016204769
2176181,1,INITIATED,1789016204780
2176181,2,VALIDATED,1789016204783
2176181,3,PROCESSED,1789016204787
2176182,1,INITIATED,1789016204801
2176182,2,VALIDATED,1789016204805
2176182,3,PROCESSED,1789016204809
2176183,1,INITIATED,1789016204821
2176183,2,VALIDATED,1789016204825
2176183,3,PROCESSED,1789016204829
2176184,1,INITIATED,1789016204842
2176184,2,VALIDATED,1789016204845
2176184,3,PROCESSED,1789016204848
2176185,1,INITIATED,1789016204861
2176185,2,VALIDATED,1789016204864
2176185,3,PROCESSED,1789016204867
2176186,1,INITIATED,1789016204881
2176186,2,VALIDATED,1789016204883
2176186,3,PROCESSED,1789016204886
2176187,1,INITIATED,1789016204901
2176187,2,VALIDATED,1789016204903
2176187,3,PROCESSED,1789016204909
2176188,1,INITIATED,1789016204921
2176188,2,VALIDATED,1789016204924
2176188,3,PROCESSED,1789016204928
2176189,1,INITIATED,1789016204941
2176189,2,VALIDATED,1789016204944
2176189,3,PROCESSED,1789016204947
2176190,1,INITIATED,1789016204961
2176190,2,VALIDATED,1789016204964
2176190,3,PROCESSED,1789016204966
2176191,1,INITIATED,1789016204981
2176191,2,VALIDATED,1789016204984
2176191,3,PROCESSED,1789016204993
2176192,1,INITIATED,1789016205001
2176192,2,VALIDATED,1789016205003
2176192,3,PROCESSED,1789016205005
2176193,1,INITIATED,1789016205021
2176193,2,VALIDATED,1789016205024
2176193,3,PROCESSED,1789016205026
2176194,1,INITIATED,1789016205041
2176194,2,VALIDATED,1789016205043
2176194,3,PROCESSED,1789016205046
2176195,1,INITIATED,1789016205060
2176195,2,VALIDATED,1789016205063
2176195,3,PROCESSED,1789016205066
2176196,1,INITIATED,1789016205081
2176196,2,VALIDATED,1789016205084
2176196,3,PROCESSED,1789016205087
2176197,1,INITIATED,1789016205103
2176197,2,VALIDATED,1789016205111
2176197,3,PROCESSED,1789016205294
2176198,1,INITIATED,1789016205291
2176198,2,VALIDATED,1789016205305
2176198,3,PROCESSED,1789016205355
2176199,1,INITIATED,1789016205291
2176199,2,VALIDATED,1789016205305
2176199,3,PROCESSED,1789016205354
2176200,1,INITIATED,1789016205291
2176200,2,VALIDATED,1789016205305
2176200,3,PROCESSED,1789016205355
2176201,1,INITIATED,1789016205291
2176201,2,VALIDATED,1789016205305
2176201,3,PROCESSED,1789016205355
2176202,1,INITIATED,1789016205291
2176202,2,VALIDATED,1789016205305
2176202,3,PROCESSED,1789016205354
2176203,1,INITIATED,1789016205291
2176203,2,VALIDATED,1789016205305
2176203,3,PROCESSED,1789016205354
2176204,1,INITIATED,1789016205291
2176204,2,VALIDATED,1789016205305
2176204,3,PROCESSED,1789016205355
2176205,1,INITIATED,1789016205291
2176205,2,VALIDATED,1789016205305
2176205,3,PROCESSED,1789016205355
2176206,1,INITIATED,1789016205291
2176206,2,VALIDATED,1789016205305
2176206,3,PROCESSED,1789016205355
2176207,1,INITIATED,1789016205303
2176207,2,VALIDATED,1789016205352
2176207,3,PROCESSED,1789016205359
2176208,1,INITIATED,1789016205321
2176208,2,VALIDATED,1789016205352
2176208,3,PROCESSED,1789016205358
2176209,1,INITIATED,1789016205341
2176209,2,VALIDATED,1789016205353
2176209,3,PROCESSED,1789016205359
2176210,1,INITIATED,1789016205361
2176210,2,VALIDATED,1789016205367
2176210,3,PROCESSED,1789016205375
2176211,1,INITIATED,1789016205381
2176211,2,VALIDATED,1789016205384
2176211,3,PROCESSED,1789016205390
2176212,1,INITIATED,1789016205402
2176212,2,VALIDATED,1789016205405
2176212,3,PROCESSED,1789016205409
2176213,1,INITIATED,1789016205421
2176213,2,VALIDATED,1789016205425
2176213,3,PROCESSED,1789016205429
2176214,1,INITIATED,1789016205441
2176214,2,VALIDATED,1789016205444
2176214,3,PROCESSED,1789016205447
2176215,1,INITIATED,1789016205461
2176215,2,VALIDATED,1789016205464
2176215,3,PROCESSED,1789016205466
2176216,1,INITIATED,1789016205481
2176216,2,VALIDATED,1789016205484
2176216,3,PROCESSED,1789016205486
2176217,1,INITIATED,1789016205501
2176217,2,VALIDATED,1789016205505
2176217,3,PROCESSED,1789016205508
2176218,1,INITIATED,1789016205521
2176218,2,VALIDATED,1789016205524
2176218,3,PROCESSED,1789016205528
2176219,1,INITIATED,1789016205541
2176219,2,VALIDATED,1789016205544
2176219,3,PROCESSED,1789016205547
2176220,1,INITIATED,1789016205562
2176220,2,VALIDATED,1789016205565
2176220,3,PROCESSED,1789016205569
2176221,1,INITIATED,1789016205581
2176221,2,VALIDATED,1789016205585
2176221,3,PROCESSED,1789016205589
2176222,1,INITIATED,1789016205600
2176222,2,VALIDATED,1789016205603
2176222,3,PROCESSED,1789016205606
2176223,1,INITIATED,1789016205621
2176223,2,VALIDATED,1789016205624
2176223,3,PROCESSED,1789016205627
2176224,1,INITIATED,1789016205641
2176224,2,VALIDATED,1789016205644
2176224,3,PROCESSED,1789016205647
2176225,1,INITIATED,1789016205661
2176225,2,VALIDATED,1789016205664
2176225,3,PROCESSED,1789016205667
2176226,1,INITIATED,1789016205681
2176226,2,VALIDATED,1789016205684
2176226,3,PROCESSED,1789016205686
2176227,1,INITIATED,1789016205701
2176227,2,VALIDATED,1789016205705
2176227,3,PROCESSED,1789016205709
2176228,1,INITIATED,1789016205721
2176228,2,VALIDATED,1789016205724
2176228,3,PROCESSED,1789016205727
2176229,1,INITIATED,1789016205742
2176229,2,VALIDATED,1789016205746
2176229,3,PROCESSED,1789016205750
2176230,1,INITIATED,1789016205761
2176230,2,VALIDATED,1789016205764
2176230,3,PROCESSED,1789016205768
2176231,1,INITIATED,1789016205780
2176231,2,VALIDATED,1789016205783
2176231,3,PROCESSED,1789016205786
2176232,1,INITIATED,1789016205801
2176232,2,VALIDATED,1789016205804
2176232,3,PROCESSED,1789016205807
2176233,1,INITIATED,1789016205820
2176233,2,VALIDATED,1789016205824
2176233,3,REJECTED,1789016205826
2176234,1,INITIATED,1789016205841
2176234,2,VALIDATED,1789016205845
2176234,3,REJECTED,1789016205846
2176235,1,INITIATED,1789016205861
2176235,2,VALIDATED,1789016205864
2176235,3,REJECTED,1789016205866
2176236,1,INITIATED,1789016205881
2176236,2,VALIDATED,1789016205883
2176236,3,REJECTED,1789016205885
2176237,1,INITIATED,1789016205901
2176237,2,VALIDATED,1789016205903
2176237,3,PROCESSED,1789016205906
2176238,1,INITIATED,1789016205920
2176238,2,VALIDATED,1789016205923
2176238,3,PROCESSED,1789016205926
2176239,1,INITIATED,1789016205941
2176239,2,VALIDATED,1789016205943
2176239,3,PROCESSED,1789016205946
2176240,1,INITIATED,1789016205960
2176240,2,VALIDATED,1789016205963
2176240,3,PROCESSED,1789016205966
2176241,1,INITIATED,1789016205981
2176241,2,VALIDATED,1789016205984
2176241,3,PROCESSED,1789016205988
2176242,1,INITIATED,1789016206002
2176242,2,VALIDATED,1789016206006
2176242,3,PROCESSED,1789016206011
2176243,1,INITIATED,1789016206021
2176243,2,VALIDATED,1789016206024
2176243,3,PROCESSED,1789016206026
2176244,1,INITIATED,1789016206041
2176244,2,VALIDATED,1789016206045
2176244,3,PROCESSED,1789016206048
2176245,1,INITIATED,1789016206061
2176245,2,VALIDATED,1789016206064
2176245,3,PROCESSED,1789016206066
2176246,1,INITIATED,1789016206081
2176246,2,VALIDATED,1789016206083
2176246,3,PROCESSED,1789016206086
2176247,1,INITIATED,1789016206101
2176247,2,VALIDATED,1789016206104
2176247,3,PROCESSED,1789016206112
2176248,1,INITIATED,1789016206121
2176248,2,VALIDATED,1789016206134
2176248,3,PROCESSED,1789016206137
2176249,1,INITIATED,1789016206140
2176249,2,VALIDATED,1789016206142
2176249,3,PROCESSED,1789016206144
2176250,1,INITIATED,1789016206161
2176250,2,VALIDATED,1789016206164
2176250,3,PROCESSED,1789016206167
2176251,1,INITIATED,1789016206181
2176251,2,VALIDATED,1789016206186
2176251,3,PROCESSED,1789016206190
2176252,1,INITIATED,1789016206201
2176252,2,VALIDATED,1789016206204
2176252,3,PROCESSED,1789016206207
2176253,1,INITIATED,1789016206221
2176253,2,VALIDATED,1789016206226
2176253,3,PROCESSED,1789016206228
2176254,1,INITIATED,1789016206241
2176254,2,VALIDATED,1789016206243
2176254,3,PROCESSED,1789016206246
2176255,1,INITIATED,1789016206261
2176255,2,VALIDATED,1789016206264
2176255,3,PROCESSED,1789016206266
2176256,1,INITIATED,1789016206281
2176256,2,VALIDATED,1789016206283
2176256,3,PROCESSED,1789016206286
2176257,1,INITIATED,1789016206302
2176257,2,VALIDATED,1789016206306
2176257,3,PROCESSED,1789016206313
2176258,1,INITIATED,1789016206322
2176258,2,VALIDATED,1789016206326
2176258,3,PROCESSED,1789016206331
2176259,1,INITIATED,1789016206341
2176259,2,VALIDATED,1789016206344
2176259,3,PROCESSED,1789016206352
2176260,1,INITIATED,1789016206361
2176260,2,VALIDATED,1789016206364
2176260,3,PROCESSED,1789016206368
2176261,1,INITIATED,1789016206381
2176261,2,VALIDATED,1789016206383
2176261,3,PROCESSED,1789016206387
2176262,1,INITIATED,1789016206401
2176262,2,VALIDATED,1789016206405
2176262,3,PROCESSED,1789016206409
2176263,1,INITIATED,1789016206421
2176263,2,VALIDATED,1789016206424
2176263,3,PROCESSED,1789016206427
2176264,1,INITIATED,1789016206441
2176264,2,VALIDATED,1789016206443
2176264,3,PROCESSED,1789016206446
2176265,1,INITIATED,1789016206461
2176265,2,VALIDATED,1789016206464
2176265,3,PROCESSED,1789016206468
2176266,1,INITIATED,1789016206480
2176266,2,VALIDATED,1789016206483
2176266,3,PROCESSED,1789016206491
2176267,1,INITIATED,1789016206501
2176267,2,VALIDATED,1789016206505
2176267,3,PROCESSED,1789016206508
2176268,1,INITIATED,1789016206521
2176268,2,VALIDATED,1789016206526
2176268,3,PROCESSED,1789016206529
2176269,1,INITIATED,1789016206540
2176269,2,VALIDATED,1789016206544
2176269,3,PROCESSED,1789016206547
2176270,1,INITIATED,1789016206561
2176270,2,VALIDATED,1789016206564
2176270,3,PROCESSED,1789016206567
2176271,1,INITIATED,1789016206581
2176271,2,VALIDATED,1789016206584
2176271,3,PROCESSED,1789016206587
2176272,1,INITIATED,1789016206602
2176272,2,VALIDATED,1789016206605
2176272,3,PROCESSED,1789016206610
2176273,1,INITIATED,1789016206621
2176273,2,VALIDATED,1789016206624
2176273,3,PROCESSED,1789016206629
2176274,1,INITIATED,1789016206642
2176274,2,VALIDATED,1789016206646
2176274,3,PROCESSED,1789016206650
2176275,1,INITIATED,1789016206662
2176275,2,VALIDATED,1789016206665
2176275,3,PROCESSED,1789016206668
2176276,1,INITIATED,1789016206682
2176276,2,VALIDATED,1789016206685
2176276,3,PROCESSED,1789016206688
2176277,1,INITIATED,1789016206701
2176277,2,VALIDATED,1789016206704
2176277,3,PROCESSED,1789016206708
2176278,1,INITIATED,1789016206720
2176278,2,VALIDATED,1789016206725
2176278,3,PROCESSED,1789016206730
2176279,1,INITIATED,1789016206741
2176279,2,VALIDATED,1789016206744
2176279,3,PROCESSED,1789016206747
2176280,1,INITIATED,1789016206760
2176280,2,VALIDATED,1789016206764
2176280,3,PROCESSED,1789016206766
2176281,1,INITIATED,1789016206781
2176281,2,VALIDATED,1789016206784
2176281,3,PROCESSED,1789016206788
2176282,1,INITIATED,1789016206801
2176282,2,VALIDATED,1789016206804
2176282,3,PROCESSED,1789016206809
2176283,1,INITIATED,1789016206821
2176283,2,VALIDATED,1789016206825
2176283,3,PROCESSED,1789016206829
2176284,1,INITIATED,1789016206841
2176284,2,VALIDATED,1789016206846
2176284,3,PROCESSED,1789016206850
2176285,1,INITIATED,1789016206862
2176285,2,VALIDATED,1789016206867
2176285,3,PROCESSED,1789016206873
2176286,1,INITIATED,1789016206881
2176286,2,VALIDATED,1789016206885
2176286,3,PROCESSED,1789016206890
2176287,1,INITIATED,1789016206901
2176287,2,VALIDATED,1789016206905
2176287,3,PROCESSED,1789016206909
2176288,1,INITIATED,1789016206921
2176288,2,VALIDATED,1789016206925
2176288,3,PROCESSED,1789016206929
2176289,1,INITIATED,1789016206941
2176289,2,VALIDATED,1789016206945
2176289,3,PROCESSED,1789016206948
2176290,1,INITIATED,1789016206961
2176290,2,VALIDATED,1789016206965
2176290,3,PROCESSED,1789016206968
2176291,1,INITIATED,1789016206981
2176291,2,VALIDATED,1789016206985
2176291,3,PROCESSED,1789016206988
2176292,1,INITIATED,1789016207001
2176292,2,VALIDATED,1789016207005
2176292,3,PROCESSED,1789016207009
2176293,1,INITIATED,1789016207021
2176293,2,VALIDATED,1789016207025
2176293,3,PROCESSED,1789016207033
2176294,1,INITIATED,1789016207041
2176294,2,VALIDATED,1789016207045
2176294,3,PROCESSED,1789016207049
2176295,1,INITIATED,1789016207062
2176295,2,VALIDATED,1789016207065
2176295,3,PROCESSED,1789016207069
2176296,1,INITIATED,1789016207081
2176296,2,VALIDATED,1789016207084
2176296,3,PROCESSED,1789016207088
2176297,1,INITIATED,1789016207101
2176297,2,VALIDATED,1789016207320
2176297,3,PROCESSED,1789016207330
2176298,1,INITIATED,1789016207319
2176298,2,VALIDATED,1789016207328
2176298,3,PROCESSED,1789016207360
2176299,1,INITIATED,1789016207320
2176299,2,VALIDATED,1789016207328
2176299,3,PROCESSED,1789016207352
2176300,1,INITIATED,1789016207320
2176300,2,VALIDATED,1789016207328
2176300,3,PROCESSED,1789016207352
2176301,1,INITIATED,1789016207321
2176301,2,VALIDATED,1789016207331
2176301,3,PROCESSED,1789016207360
2176302,1,INITIATED,1789016207321
2176302,2,VALIDATED,1789016207331
2176302,3,PROCESSED,1789016207360
2176303,1,INITIATED,1789016207320
2176303,2,VALIDATED,1789016207331
2176303,3,PROCESSED,1789016207360
2176304,1,INITIATED,1789016207320
2176304,2,VALIDATED,1789016207328
2176304,3,PROCESSED,1789016207360
2176305,1,INITIATED,1789016207320
2176305,2,VALIDATED,1789016207328
2176305,3,PROCESSED,1789016207360
2176306,1,INITIATED,1789016207321
2176306,2,VALIDATED,1789016207331
2176306,3,PROCESSED,1789016207360
2176307,1,INITIATED,1789016207320
2176307,2,VALIDATED,1789016207328
2176307,3,PROCESSED,1789016207360
2176308,1,INITIATED,1789016207322
2176308,2,VALIDATED,1789016207331
2176308,3,PROCESSED,1789016207360
2176309,1,INITIATED,1789016207348
2176309,2,VALIDATED,1789016207360
2176309,3,PROCESSED,1789016207366
2176310,1,INITIATED,1789016207361
2176310,2,VALIDATED,1789016207365
2176310,3,PROCESSED,1789016207372
2176311,1,INITIATED,1789016207381
2176311,2,VALIDATED,1789016207386
2176311,3,PROCESSED,1789016207392
2176312,1,INITIATED,1789016207402
2176312,2,VALIDATED,1789016207405
2176312,3,PROCESSED,1789016207409
2176313,1,INITIATED,1789016207422
2176313,2,VALIDATED,1789016207426
2176313,3,PROCESSED,1789016207432
2176314,1,INITIATED,1789016207441
2176314,2,VALIDATED,1789016207444
2176314,3,PROCESSED,1789016207449
2176315,1,INITIATED,1789016207461
2176315,2,VALIDATED,1789016207465
2176315,3,PROCESSED,1789016207469
2176316,1,INITIATED,1789016207482
2176316,2,VALIDATED,1789016207486
2176316,3,PROCESSED,1789016207490
2176317,1,INITIATED,1789016207501
2176317,2,VALIDATED,1789016207505
2176317,3,PROCESSED,1789016207511
2176318,1,INITIATED,1789016207522
2176318,2,VALIDATED,1789016207527
2176318,3,PROCESSED,1789016207532
2176319,1,INITIATED,1789016207542
2176319,2,VALIDATED,1789016207546
2176319,3,PROCESSED,1789016207551
2176320,1,INITIATED,1789016207561
2176320,2,VALIDATED,1789016207566
2176320,3,PROCESSED,1789016207570
2176321,1,INITIATED,1789016207582
2176321,2,VALIDATED,1789016207586
2176321,3,PROCESSED,1789016207591
2176322,1,INITIATED,1789016207602
2176322,2,VALIDATED,1789016207606
2176322,3,PROCESSED,1789016207611
2176323,1,INITIATED,1789016207621
2176323,2,VALIDATED,1789016207625
2176323,3,PROCESSED,1789016207630
2176324,1,INITIATED,1789016207641
2176324,2,VALIDATED,1789016207645
2176324,3,PROCESSED,1789016207650
2176325,1,INITIATED,1789016207662
2176325,2,VALIDATED,1789016207666
2176325,3,PROCESSED,1789016207671
2176326,1,INITIATED,1789016207682
2176326,2,VALIDATED,1789016207687
2176326,3,PROCESSED,1789016207692
2176327,1,INITIATED,1789016207702
2176327,2,VALIDATED,1789016207706
2176327,3,PROCESSED,1789016207712
2176328,1,INITIATED,1789016207722
2176328,2,VALIDATED,1789016207725
2176328,3,PROCESSED,1789016207730
2176329,1,INITIATED,1789016207741
2176329,2,VALIDATED,1789016207745
2176329,3,PROCESSED,1789016207751
2176330,1,INITIATED,1789016207762
2176330,2,VALIDATED,1789016207768
2176330,3,PROCESSED,1789016207773
2176331,1,INITIATED,1789016207782
2176331,2,VALIDATED,1789016207785
2176331,3,PROCESSED,1789016207790
2176332,1,INITIATED,1789016207801
2176332,2,VALIDATED,1789016207806
2176332,3,PROCESSED,1789016207813
2176333,1,INITIATED,1789016207822
2176333,2,VALIDATED,1789016207827
2176333,3,REJECTED,1789016207830
2176334,1,INITIATED,1789016207842
2176334,2,VALIDATED,1789016207846
2176334,3,REJECTED,1789016207850
2176335,1,INITIATED,1789016207862
2176335,2,VALIDATED,1789016207866
2176335,3,REJECTED,1789016207869
2176336,1,INITIATED,1789016207882
2176336,2,VALIDATED,1789016207886
2176336,3,REJECTED,1789016207889
2176337,1,INITIATED,1789016207902
2176337,2,VALIDATED,1789016207908
2176337,3,PROCESSED,1789016207913
2176338,1,INITIATED,1789016207922
2176338,2,VALIDATED,1789016207927
2176338,3,PROCESSED,1789016207933
2176339,1,INITIATED,1789016207941
2176339,2,VALIDATED,1789016207946
2176339,3,PROCESSED,1789016207952
2176340,1,INITIATED,1789016207962
2176340,2,VALIDATED,1789016207967
2176340,3,PROCESSED,1789016207973
2176341,1,INITIATED,1789016207982
2176341,2,VALIDATED,1789016207987
2176341,3,PROCESSED,1789016207994
2176342,1,INITIATED,1789016208001
2176342,2,VALIDATED,1789016208006
2176342,3,PROCESSED,1789016208011
2176343,1,INITIATED,1789016208023
2176343,2,VALIDATED,1789016208028
2176343,3,PROCESSED,1789016208036
2176344,1,INITIATED,1789016208042
2176344,2,VALIDATED,1789016208047
2176344,3,PROCESSED,1789016208053
2176345,1,INITIATED,1789016208062
2176345,2,VALIDATED,1789016208067
2176345,3,PROCESSED,1789016208073
2176346,1,INITIATED,1789016208083
2176346,2,VALIDATED,1789016208088
2176346,3,PROCESSED,1789016208094
2176347,1,INITIATED,1789016208102
2176347,2,VALIDATED,1789016208225
2176347,3,PROCESSED,1789016208234
2176348,1,INITIATED,1789016208226
2176348,2,VALIDATED,1789016208231
2176348,3,PROCESSED,1789016208240
2176349,1,INITIATED,1789016208226
2176349,2,VALIDATED,1789016208231
2176349,3,PROCESSED,1789016208240
2176350,1,INITIATED,1789016208226
2176350,2,VALIDATED,1789016208232
2176350,3,PROCESSED,1789016208240
2176351,1,INITIATED,1789016208226
2176351,2,VALIDATED,1789016208232
2176351,3,PROCESSED,1789016208240
2176352,1,INITIATED,1789016208225
2176352,2,VALIDATED,1789016208231
2176352,3,PROCESSED,1789016208241
2176353,1,INITIATED,1789016208225
2176353,2,VALIDATED,1789016208231
2176353,3,PROCESSED,1789016208240
2176354,1,INITIATED,1789016208242
2176354,2,VALIDATED,1789016208265
2176354,3,PROCESSED,1789016208271
2176355,1,INITIATED,1789016208262
2176355,2,VALIDATED,1789016208266
2176355,3,PROCESSED,1789016208272
2176356,1,INITIATED,1789016208282
2176356,2,VALIDATED,1789016208287
2176356,3,PROCESSED,1789016208293
2176357,1,INITIATED,1789016208302
2176357,2,VALIDATED,1789016208307
2176357,3,PROCESSED,1789016208312
2176358,1,INITIATED,1789016208321
2176358,2,VALIDATED,1789016208325
2176358,3,PROCESSED,1789016208334
2176359,1,INITIATED,1789016208342
2176359,2,VALIDATED,1789016208348
2176359,3,PROCESSED,1789016208354
2176360,1,INITIATED,1789016208362
2176360,2,VALIDATED,1789016208365
2176360,3,PROCESSED,1789016208370
2176361,1,INITIATED,1789016208381
2176361,2,VALIDATED,1789016208386
2176361,3,PROCESSED,1789016208394
2176362,1,INITIATED,1789016208401
2176362,2,VALIDATED,1789016208406
2176362,3,PROCESSED,1789016208430
2176363,1,INITIATED,1789016208422
2176363,2,VALIDATED,1789016208428
2176363,3,PROCESSED,1789016208434
2176364,1,INITIATED,1789016208443
2176364,2,VALIDATED,1789016208448
2176364,3,PROCESSED,1789016208454
2176365,1,INITIATED,1789016208462
2176365,2,VALIDATED,1789016208468
2176365,3,PROCESSED,1789016208474
2176366,1,INITIATED,1789016208482
2176366,2,VALIDATED,1789016208486
2176366,3,PROCESSED,1789016208493
2176367,1,INITIATED,1789016208502
2176367,2,VALIDATED,1789016208511
2176367,3,PROCESSED,1789016208526
2176368,1,INITIATED,1789016208522
2176368,2,VALIDATED,1789016208526
2176368,3,PROCESSED,1789016208533
2176369,1,INITIATED,1789016208542
2176369,2,VALIDATED,1789016208545
2176369,3,PROCESSED,1789016208551
2176370,1,INITIATED,1789016208561
2176370,2,VALIDATED,1789016208566
2176370,3,PROCESSED,1789016208575
2176371,1,INITIATED,1789016208582
2176371,2,VALIDATED,1789016208587
2176371,3,PROCESSED,1789016208596
2176372,1,INITIATED,1789016208602
2176372,2,VALIDATED,1789016208606
2176372,3,PROCESSED,1789016208613
2176373,1,INITIATED,1789016208622
2176373,2,VALIDATED,1789016208627
2176373,3,PROCESSED,1789016208633
2176374,1,INITIATED,1789016208643
2176374,2,VALIDATED,1789016208649
2176374,3,PROCESSED,1789016208654
2176375,1,INITIATED,1789016208661
2176375,2,VALIDATED,1789016208665
2176375,3,PROCESSED,1789016208670
2176376,1,INITIATED,1789016208682
2176376,2,VALIDATED,1789016208687
2176376,3,PROCESSED,1789016208693
2176377,1,INITIATED,1789016208702
2176377,2,VALIDATED,1789016208706
2176377,3,PROCESSED,1789016208714
2176378,1,INITIATED,1789016208722
2176378,2,VALIDATED,1789016208727
2176378,3,PROCESSED,1789016208734
2176379,1,INITIATED,1789016208741
2176379,2,VALIDATED,1789016208746
2176379,3,PROCESSED,1789016208754
2176380,1,INITIATED,1789016208762
2176380,2,VALIDATED,1789016208767
2176380,3,PROCESSED,1789016208777
2176381,1,INITIATED,1789016208782
2176381,2,VALIDATED,1789016208788
2176381,3,PROCESSED,1789016208799
2176382,1,INITIATED,1789016208803
2176382,2,VALIDATED,1789016208809
2176382,3,PROCESSED,1789016208817
2176383,1,INITIATED,1789016208822
2176383,2,VALIDATED,1789016208826
2176383,3,PROCESSED,1789016208832
2176384,1,INITIATED,1789016208841
2176384,2,VALIDATED,1789016208846
2176384,3,PROCESSED,1789016208852
2176385,1,INITIATED,1789016208863
2176385,2,VALIDATED,1789016208867
2176385,3,PROCESSED,1789016208874
2176386,1,INITIATED,1789016208882
2176386,2,VALIDATED,1789016208886
2176386,3,PROCESSED,1789016208892
2176387,1,INITIATED,1789016208902
2176387,2,VALIDATED,1789016208907
2176387,3,PROCESSED,1789016208915
2176388,1,INITIATED,1789016208922
2176388,2,VALIDATED,1789016208927
2176388,3,PROCESSED,1789016208937
2176389,1,INITIATED,1789016208943
2176389,2,VALIDATED,1789016208947
2176389,3,PROCESSED,1789016208954
2176390,1,INITIATED,1789016208962
2176390,2,VALIDATED,1789016208967
2176390,3,PROCESSED,1789016208974
2176391,1,INITIATED,1789016208983
2176391,2,VALIDATED,1789016208988
2176391,3,PROCESSED,1789016208995
2176392,1,INITIATED,1789016209002
2176392,2,VALIDATED,1789016209007
2176392,3,PROCESSED,1789016209013
2176393,1,INITIATED,1789016209021
2176393,2,VALIDATED,1789016209026
2176393,3,PROCESSED,1789016209035
2176394,1,INITIATED,1789016209042
2176394,2,VALIDATED,1789016209046
2176394,3,PROCESSED,1789016209052
2176395,1,INITIATED,1789016209062
2176395,2,VALIDATED,1789016209065
2176395,3,PROCESSED,1789016209072
2176396,1,INITIATED,1789016209082
2176396,2,VALIDATED,1789016209091
2176396,3,PROCESSED,1789016209096
2176397,1,INITIATED,1789016209101
2176397,2,VALIDATED,1789016209104
2176397,3,PROCESSED,1789016209110
2176398,1,INITIATED,1789016209256
2176398,2,VALIDATED,1789016209265
2176398,3,PROCESSED,1789016209272
2176399,1,INITIATED,1789016209256
2176399,2,VALIDATED,1789016209265
2176399,3,PROCESSED,1789016209272
2176400,1,INITIATED,1789016209256
2176400,2,VALIDATED,1789016209265
2176400,3,PROCESSED,1789016209271
2176401,1,INITIATED,1789016209256
2176401,2,VALIDATED,1789016209266
2176401,3,PROCESSED,1789016209271
2176402,1,INITIATED,1789016209257
2176402,2,VALIDATED,1789016209266
2176402,3,PROCESSED,1789016209271
2176403,1,INITIATED,1789016209256
2176403,2,VALIDATED,1789016209265
2176403,3,PROCESSED,1789016209272
2176404,1,INITIATED,1789016209256
2176404,2,VALIDATED,1789016209266
2176404,3,PROCESSED,1789016209271
2176405,1,INITIATED,1789016209262
2176405,2,VALIDATED,1789016209269
2176405,3,PROCESSED,1789016209274
2176406,1,INITIATED,1789016209281
2176406,2,VALIDATED,1789016209284
2176406,3,PROCESSED,1789016209288
2176407,1,INITIATED,1789016209301
2176407,2,VALIDATED,1789016209348
2176407,3,PROCESSED,1789016209354
2176408,1,INITIATED,1789016209322
2176408,2,VALIDATED,1789016209351
2176408,3,PROCESSED,1789016209358
2176409,1,INITIATED,1789016209342
2176409,2,VALIDATED,1789016209351
2176409,3,PROCESSED,1789016209359
2176410,1,INITIATED,1789016209360
2176410,2,VALIDATED,1789016209365
2176410,3,PROCESSED,1789016209371
2176411,1,INITIATED,1789016209381
2176411,2,VALIDATED,1789016209385
2176411,3,PROCESSED,1789016209389
2176412,1,INITIATED,1789016209401
2176412,2,VALIDATED,1789016209405
2176412,3,PROCESSED,1789016209410
2176413,1,INITIATED,1789016209421
2176413,2,VALIDATED,1789016209424
2176413,3,PROCESSED,1789016209428
2176414,1,INITIATED,1789016209441
2176414,2,VALIDATED,1789016209445
2176414,3,PROCESSED,1789016209449
2176415,1,INITIATED,1789016209461
2176415,2,VALIDATED,1789016209464
2176415,3,PROCESSED,1789016209468
2176416,1,INITIATED,1789016209481
2176416,2,VALIDATED,1789016209484
2176416,3,PROCESSED,1789016209488
2176417,1,INITIATED,1789016209500
2176417,2,VALIDATED,1789016209504
2176417,3,PROCESSED,1789016209507
2176418,1,INITIATED,1789016209521
2176418,2,VALIDATED,1789016209524
2176418,3,PROCESSED,1789016209528
2176419,1,INITIATED,1789016209541
2176419,2,VALIDATED,1789016209545
2176419,3,PROCESSED,1789016209549
2176420,1,INITIATED,1789016209562
2176420,2,VALIDATED,1789016209565
2176420,3,PROCESSED,1789016209568
2176421,1,INITIATED,1789016209581
2176421,2,VALIDATED,1789016209583
2176421,3,PROCESSED,1789016209587
2176422,1,INITIATED,1789016209601
2176422,2,VALIDATED,1789016209608
2176422,3,PROCESSED,1789016209612
2176423,1,INITIATED,1789016209622
2176423,2,VALIDATED,1789016209625
2176423,3,PROCESSED,1789016209629
2176424,1,INITIATED,1789016209641
2176424,2,VALIDATED,1789016209645
2176424,3,PROCESSED,1789016209649
2176425,1,INITIATED,1789016209661
2176425,2,VALIDATED,1789016209665
2176425,3,PROCESSED,1789016209669
2176426,1,INITIATED,1789016209681
2176426,2,VALIDATED,1789016209685
2176426,3,PROCESSED,1789016209689
2176427,1,INITIATED,1789016209701
2176427,2,VALIDATED,1789016209705
2176427,3,PROCESSED,1789016209710
2176428,1,INITIATED,1789016209722
2176428,2,VALIDATED,1789016209725
2176428,3,PROCESSED,1789016209730
2176429,1,INITIATED,1789016209741
2176429,2,VALIDATED,1789016209745
2176429,3,PROCESSED,1789016209749
2176430,1,INITIATED,1789016209761
2176430,2,VALIDATED,1789016209764
2176430,3,PROCESSED,1789016209769
2176431,1,INITIATED,1789016209781
2176431,2,VALIDATED,1789016209786
2176431,3,PROCESSED,1789016209789
2176432,1,INITIATED,1789016209801
2176432,2,VALIDATED,1789016209806
2176432,3,PROCESSED,1789016209810
2176433,1,INITIATED,1789016209821
2176433,2,VALIDATED,1789016209824
2176433,3,REJECTED,1789016209827
2176434,1,INITIATED,1789016209841
2176434,2,VALIDATED,1789016209846
2176434,3,REJECTED,1789016209848
2176435,1,INITIATED,1789016209862
2176435,2,VALIDATED,1789016209865
2176435,3,REJECTED,1789016209868
2176436,1,INITIATED,1789016209881
2176436,2,VALIDATED,1789016209885
2176436,3,REJECTED,1789016209889
2176437,1,INITIATED,1789016209901
2176437,2,VALIDATED,1789016209905
2176437,3,PROCESSED,1789016209910
2176438,1,INITIATED,1789016209922
2176438,2,VALIDATED,1789016209926
2176438,3,PROCESSED,1789016209929
2176439,1,INITIATED,1789016209942
2176439,2,VALIDATED,1789016209945
2176439,3,PROCESSED,1789016209949
2176440,1,INITIATED,1789016209962
2176440,2,VALIDATED,1789016209966
2176440,3,PROCESSED,1789016209970
2176441,1,INITIATED,1789016209982
2176441,2,VALIDATED,1789016209986
2176441,3,PROCESSED,1789016209989
2176442,1,INITIATED,1789016210002
2176442,2,VALIDATED,1789016210007
2176442,3,PROCESSED,1789016210012
2176443,1,INITIATED,1789016210022
2176443,2,VALIDATED,1789016210025
2176443,3,PROCESSED,1789016210029
2176444,1,INITIATED,1789016210042
2176444,2,VALIDATED,1789016210045
2176444,3,PROCESSED,1789016210050
2176445,1,INITIATED,1789016210062
2176445,2,VALIDATED,1789016210067
2176445,3,PROCESSED,1789016210073
2176446,1,INITIATED,1789016210081
2176446,2,VALIDATED,1789016210084
2176446,3,PROCESSED,1789016210088
2176447,1,INITIATED,1789016210102
2176447,2,VALIDATED,1789016210107
2176447,3,PROCESSED,1789016210119
2176448,1,INITIATED,1789016210122
2176448,2,VALIDATED,1789016210136
2176448,3,PROCESSED,1789016210140
2176449,1,INITIATED,1789016210141
2176449,2,VALIDATED,1789016210145
2176449,3,PROCESSED,1789016210149
2176450,1,INITIATED,1789016210161
2176450,2,VALIDATED,1789016210165
2176450,3,PROCESSED,1789016210169
2176451,1,INITIATED,1789016210181
2176451,2,VALIDATED,1789016210185
2176451,3,PROCESSED,1789016210190
2176452,1,INITIATED,1789016210201
2176452,2,VALIDATED,1789016210205
2176452,3,PROCESSED,1789016210210
2176453,1,INITIATED,1789016210221
2176453,2,VALIDATED,1789016210224
2176453,3,PROCESSED,1789016210228
2176454,1,INITIATED,1789016210242
2176454,2,VALIDATED,1789016210245
2176454,3,PROCESSED,1789016210249
2176455,1,INITIATED,1789016210262
2176455,2,VALIDATED,1789016210265
2176455,3,PROCESSED,1789016210269
2176456,1,INITIATED,1789016210281
2176456,2,VALIDATED,1789016210285
2176456,3,PROCESSED,1789016210289
2176457,1,INITIATED,1789016210301
2176457,2,VALIDATED,1789016210305
2176457,3,PROCESSED,1789016210312
2176458,1,INITIATED,1789016210321
2176458,2,VALIDATED,1789016210326
2176458,3,PROCESSED,1789016210329
2176459,1,INITIATED,1789016210342
2176459,2,VALIDATED,1789016210347
2176459,3,PROCESSED,1789016210353
2176460,1,INITIATED,1789016210362
2176460,2,VALIDATED,1789016210366
2176460,3,PROCESSED,1789016210370
2176461,1,INITIATED,1789016210382
2176461,2,VALIDATED,1789016210386
2176461,3,PROCESSED,1789016210390
2176462,1,INITIATED,1789016210402
2176462,2,VALIDATED,1789016210406
2176462,3,PROCESSED,1789016210410
2176463,1,INITIATED,1789016210421
2176463,2,VALIDATED,1789016210425
2176463,3,PROCESSED,1789016210429
2176464,1,INITIATED,1789016210442
2176464,2,VALIDATED,1789016210449
2176464,3,PROCESSED,1789016210453
2176465,1,INITIATED,1789016210461
2176465,2,VALIDATED,1789016210465
2176465,3,PROCESSED,1789016210468
2176466,1,INITIATED,1789016210482
2176466,2,VALIDATED,1789016210485
2176466,3,PROCESSED,1789016210489
2176467,1,INITIATED,1789016210501
2176467,2,VALIDATED,1789016210504
2176467,3,PROCESSED,1789016210510
2176468,1,INITIATED,1789016210522
2176468,2,VALIDATED,1789016210526
2176468,3,PROCESSED,1789016210531
2176469,1,INITIATED,1789016210541
2176469,2,VALIDATED,1789016210544
2176469,3,PROCESSED,1789016210547
2176470,1,INITIATED,1789016210561
2176470,2,VALIDATED,1789016210565
2176470,3,PROCESSED,1789016210569
2176471,1,INITIATED,1789016210582
2176471,2,VALIDATED,1789016210585
2176471,3,PROCESSED,1789016210590
2176472,1,INITIATED,1789016210601
2176472,2,VALIDATED,1789016210605
2176472,3,PROCESSED,1789016210608
2176473,1,INITIATED,1789016210621
2176473,2,VALIDATED,1789016210625
2176473,3,PROCESSED,1789016210628
2176474,1,INITIATED,1789016210641
2176474,2,VALIDATED,1789016210645
2176474,3,PROCESSED,1789016210649
2176475,1,INITIATED,1789016210661
2176475,2,VALIDATED,1789016210665
2176475,3,PROCESSED,1789016210671
2176476,1,INITIATED,1789016210681
2176476,2,VALIDATED,1789016210686
2176476,3,PROCESSED,1789016210692
2176477,1,INITIATED,1789016210702
2176477,2,VALIDATED,1789016210706
2176477,3,PROCESSED,1789016210710
2176478,1,INITIATED,1789016210721
2176478,2,VALIDATED,1789016210724
2176478,3,PROCESSED,1789016210728
2176479,1,INITIATED,1789016210741
2176479,2,VALIDATED,1789016210745
2176479,3,PROCESSED,1789016210748
2176480,1,INITIATED,1789016210761
2176480,2,VALIDATED,1789016210764
2176480,3,PROCESSED,1789016210768
2176481,1,INITIATED,1789016210782
2176481,2,VALIDATED,1789016210785
2176481,3,PROCESSED,1789016210789
2176482,1,INITIATED,1789016210801
2176482,2,VALIDATED,1789016210804
2176482,3,PROCESSED,1789016210809
2176483,1,INITIATED,1789016210822
2176483,2,VALIDATED,1789016210825
2176483,3,PROCESSED,1789016210828
2176484,1,INITIATED,1789016210841
2176484,2,VALIDATED,1789016210844
2176484,3,PROCESSED,1789016210847
2176485,1,INITIATED,1789016210861
2176485,2,VALIDATED,1789016210865
2176485,3,PROCESSED,1789016210868
2176486,1,INITIATED,1789016210881
2176486,2,VALIDATED,1789016210884
2176486,3,PROCESSED,1789016210888
2176487,1,INITIATED,1789016210901
2176487,2,VALIDATED,1789016210904
2176487,3,PROCESSED,1789016210908
2176488,1,INITIATED,1789016210921
2176488,2,VALIDATED,1789016210924
2176488,3,PROCESSED,1789016210927
2176489,1,INITIATED,1789016210941
2176489,2,VALIDATED,1789016210944
2176489,3,PROCESSED,1789016210947
2176490,1,INITIATED,1789016210962
2176490,2,VALIDATED,1789016210965
2176490,3,PROCESSED,1789016211110
2176491,1,INITIATED,1789016211110
2176491,2,VALIDATED,1789016211117
2176491,3,PROCESSED,1789016211127
2176492,1,INITIATED,1789016211110
2176492,2,VALIDATED,1789016211116
2176492,3,PROCESSED,1789016211127
2176493,1,INITIATED,1789016211110
2176493,2,VALIDATED,1789016211117
2176493,3,PROCESSED,1789016211127
2176494,1,INITIATED,1789016211109
2176494,2,VALIDATED,1789016211115
2176494,3,PROCESSED,1789016211127
2176495,1,INITIATED,1789016211111
2176495,2,VALIDATED,1789016211117
2176495,3,PROCESSED,1789016211127
2176496,1,INITIATED,1789016211111
2176496,2,VALIDATED,1789016211116
2176496,3,PROCESSED,1789016211127
2176497,1,INITIATED,1789016211110
2176497,2,VALIDATED,1789016211116
2176497,3,PROCESSED,1789016211127
2176498,1,INITIATED,1789016211122
2176498,2,VALIDATED,1789016211131
2176498,3,PROCESSED,1789016211180
2176499,1,INITIATED,1789016211141
2176499,2,VALIDATED,1789016211179
2176499,3,PROCESSED,1789016211183
2176500,1,INITIATED,1789016211161
2176500,2,VALIDATED,1789016211179
2176500,3,PROCESSED,1789016211184
2176501,1,INITIATED,1789016211181
2176501,2,VALIDATED,1789016211184
2176501,3,PROCESSED,1789016211187
2176502,1,INITIATED,1789016211201
2176502,2,VALIDATED,1789016211204
2176502,3,PROCESSED,1789016211207
2176503,1,INITIATED,1789016211221
2176503,2,VALIDATED,1789016211224
2176503,3,PROCESSED,1789016211229
2176504,1,INITIATED,1789016211241
2176504,2,VALIDATED,1789016211244
2176504,3,PROCESSED,1789016211248
2176505,1,INITIATED,1789016211261
2176505,2,VALIDATED,1789016211266
2176505,3,PROCESSED,1789016211270
2176506,1,INITIATED,1789016211281
2176506,2,VALIDATED,1789016211284
2176506,3,PROCESSED,1789016211288
2176507,1,INITIATED,1789016211301
2176507,2,VALIDATED,1789016211304
2176507,3,PROCESSED,1789016211307
2176508,1,INITIATED,1789016211322
2176508,2,VALIDATED,1789016211325
2176508,3,PROCESSED,1789016211328
2176509,1,INITIATED,1789016211342
2176509,2,VALIDATED,1789016211346
2176509,3,PROCESSED,1789016211353
2176510,1,INITIATED,1789016211361
2176510,2,VALIDATED,1789016211364
2176510,3,PROCESSED,1789016211367
2176511,1,INITIATED,1789016211381
2176511,2,VALIDATED,1789016211385
2176511,3,PROCESSED,1789016211390
2176512,1,INITIATED,1789016211400
2176512,2,VALIDATED,1789016211403
2176512,3,PROCESSED,1789016211408
2176513,1,INITIATED,1789016211421
2176513,2,VALIDATED,1789016211425
2176513,3,PROCESSED,1789016211428
2176514,1,INITIATED,1789016211441
2176514,2,VALIDATED,1789016211444
2176514,3,PROCESSED,1789016211448
2176515,1,INITIATED,1789016211461
2176515,2,VALIDATED,1789016211465
2176515,3,PROCESSED,1789016211468
2176516,1,INITIATED,1789016211481
2176516,2,VALIDATED,1789016211484
2176516,3,PROCESSED,1789016211487
2176517,1,INITIATED,1789016211501
2176517,2,VALIDATED,1789016211504
2176517,3,PROCESSED,1789016211508
2176518,1,INITIATED,1789016211520
2176518,2,VALIDATED,1789016211524
2176518,3,PROCESSED,1789016211534
2176519,1,INITIATED,1789016211541
2176519,2,VALIDATED,1789016211544
2176519,3,PROCESSED,1789016211548
2176520,1,INITIATED,1789016211562
2176520,2,VALIDATED,1789016211565
2176520,3,PROCESSED,1789016211569
2176521,1,INITIATED,1789016211581
2176521,2,VALIDATED,1789016211585
2176521,3,PROCESSED,1789016211588
2176522,1,INITIATED,1789016211601
2176522,2,VALIDATED,1789016211605
2176522,3,PROCESSED,1789016211609
2176523,1,INITIATED,1789016211620
2176523,2,VALIDATED,1789016211623
2176523,3,PROCESSED,1789016211627
2176524,1,INITIATED,1789016211642
2176524,2,VALIDATED,1789016211645
2176524,3,PROCESSED,1789016211650
2176525,1,INITIATED,1789016211661
2176525,2,VALIDATED,1789016211665
2176525,3,PROCESSED,1789016211669
2176526,1,INITIATED,1789016211681
2176526,2,VALIDATED,1789016211684
2176526,3,PROCESSED,1789016211687
2176527,1,INITIATED,1789016211701
2176527,2,VALIDATED,1789016211704
2176527,3,PROCESSED,1789016211709
2176528,1,INITIATED,1789016211721
2176528,2,VALIDATED,1789016211725
2176528,3,PROCESSED,1789016211729
2176529,1,INITIATED,1789016211741
2176529,2,VALIDATED,1789016211744
2176529,3,PROCESSED,1789016211747
2176530,1,INITIATED,1789016211762
2176530,2,VALIDATED,1789016211765
2176530,3,PROCESSED,1789016211769
2176531,1,INITIATED,1789016211781
2176531,2,VALIDATED,1789016211784
2176531,3,PROCESSED,1789016211788
2176532,1,INITIATED,1789016211802
2176532,2,VALIDATED,1789016211804
2176532,3,PROCESSED,1789016211808
2176533,1,INITIATED,1789016211821
2176533,2,VALIDATED,1789016211824
2176533,3,REJECTED,1789016211826
2176534,1,INITIATED,1789016211841
2176534,2,VALIDATED,1789016211844
2176534,3,REJECTED,1789016211846
2176535,1,INITIATED,1789016211861
2176535,2,VALIDATED,1789016211865
2176535,3,REJECTED,1789016211868
2176536,1,INITIATED,1789016211882
2176536,2,VALIDATED,1789016211887
2176536,3,REJECTED,1789016211890
2176537,1,INITIATED,1789016211900
2176537,2,VALIDATED,1789016211903
2176537,3,PROCESSED,1789016211907
2176538,1,INITIATED,1789016211921
2176538,2,VALIDATED,1789016211925
2176538,3,PROCESSED,1789016211929
2176539,1,INITIATED,1789016211941
2176539,2,VALIDATED,1789016211945
2176539,3,PROCESSED,1789016211948
2176540,1,INITIATED,1789016211961
2176540,2,VALIDATED,1789016211965
2176540,3,PROCESSED,1789016211969
2176541,1,INITIATED,1789016211981
2176541,2,VALIDATED,1789016211985
2176541,3,PROCESSED,1789016211990
2176542,1,INITIATED,1789016212001
2176542,2,VALIDATED,1789016212004
2176542,3,PROCESSED,1789016212008
2176543,1,INITIATED,1789016212022
2176543,2,VALIDATED,1789016212027
2176543,3,PROCESSED,1789016212031
2176544,1,INITIATED,1789016212041
2176544,2,VALIDATED,1789016212047
2176544,3,PROCESSED,1789016212051
2176545,1,INITIATED,1789016212061
2176545,2,VALIDATED,1789016212064
2176545,3,PROCESSED,1789016212068
2176546,1,INITIATED,1789016212081
2176546,2,VALIDATED,1789016212084
2176546,3,PROCESSED,1789016212087
2176547,1,INITIATED,1789016212101
2176547,2,VALIDATED,1789016212104
2176547,3,PROCESSED,1789016212230
2176548,1,INITIATED,1789016212227
2176548,2,VALIDATED,1789016212233
2176548,3,PROCESSED,1789016212240
2176549,1,INITIATED,1789016212227
2176549,2,VALIDATED,1789016212233
2176549,3,PROCESSED,1789016212239
2176550,1,INITIATED,1789016212227
2176550,2,VALIDATED,1789016212233
2176550,3,PROCESSED,1789016212240
2176551,1,INITIATED,1789016212227
2176551,2,VALIDATED,1789016212233
2176551,3,PROCESSED,1789016212240
2176552,1,INITIATED,1789016212228
2176552,2,VALIDATED,1789016212233
2176552,3,PROCESSED,1789016212240
2176553,1,INITIATED,1789016212227
2176553,2,VALIDATED,1789016212232
2176553,3,PROCESSED,1789016212239
2176554,1,INITIATED,1789016212241
2176554,2,VALIDATED,1789016212260
2176554,3,PROCESSED,1789016212265
2176555,1,INITIATED,1789016212261
2176555,2,VALIDATED,1789016212264
2176555,3,PROCESSED,1789016212268
2176556,1,INITIATED,1789016212281
2176556,2,VALIDATED,1789016212284
2176556,3,PROCESSED,1789016212287
2176557,1,INITIATED,1789016212301
2176557,2,VALIDATED,1789016212305
2176557,3,PROCESSED,1789016212310
2176558,1,INITIATED,1789016212321
2176558,2,VALIDATED,1789016212325
2176558,3,PROCESSED,1789016212329
2176559,1,INITIATED,1789016212341
2176559,2,VALIDATED,1789016212345
2176559,3,PROCESSED,1789016212350
2176560,1,INITIATED,1789016212361
2176560,2,VALIDATED,1789016212366
2176560,3,PROCESSED,1789016212370
2176561,1,INITIATED,1789016212381
2176561,2,VALIDATED,1789016212385
2176561,3,PROCESSED,1789016212388
2176562,1,INITIATED,1789016212402
2176562,2,VALIDATED,1789016212407
2176562,3,PROCESSED,1789016212410
2176563,1,INITIATED,1789016212421
2176563,2,VALIDATED,1789016212425
2176563,3,PROCESSED,1789016212428
2176564,1,INITIATED,1789016212440
2176564,2,VALIDATED,1789016212444
2176564,3,PROCESSED,1789016212447
2176565,1,INITIATED,1789016212460
2176565,2,VALIDATED,1789016212464
2176565,3,PROCESSED,1789016212468
2176566,1,INITIATED,1789016212481
2176566,2,VALIDATED,1789016212485
2176566,3,PROCESSED,1789016212489
2176567,1,INITIATED,1789016212502
2176567,2,VALIDATED,1789016212506
2176567,3,PROCESSED,1789016212510
2176568,1,INITIATED,1789016212521
2176568,2,VALIDATED,1789016212526
2176568,3,PROCESSED,1789016212530
2176569,1,INITIATED,1789016212541
2176569,2,VALIDATED,1789016212545
2176569,3,PROCESSED,1789016212548
2176570,1,INITIATED,1789016212561
2176570,2,VALIDATED,1789016212565
2176570,3,PROCESSED,1789016212570
2176571,1,INITIATED,1789016212582
2176571,2,VALIDATED,1789016212586
2176571,3,PROCESSED,1789016212591
2176572,1,INITIATED,1789016212602
2176572,2,VALIDATED,1789016212606
2176572,3,PROCESSED,1789016212611
2176573,1,INITIATED,1789016212622
2176573,2,VALIDATED,1789016212626
2176573,3,PROCESSED,1789016212630
2176574,1,INITIATED,1789016212641
2176574,2,VALIDATED,1789016212646
2176574,3,PROCESSED,1789016212649
2176575,1,INITIATED,1789016212661
2176575,2,VALIDATED,1789016212664
2176575,3,PROCESSED,1789016212668
2176576,1,INITIATED,1789016212681
2176576,2,VALIDATED,1789016212684
2176576,3,PROCESSED,1789016212687
2176577,1,INITIATED,1789016212701
2176577,2,VALIDATED,1789016212703
2176577,3,PROCESSED,1789016212706
2176578,1,INITIATED,1789016212721
2176578,2,VALIDATED,1789016212724
2176578,3,PROCESSED,1789016212727
2176579,1,INITIATED,1789016212742
2176579,2,VALIDATED,1789016212745
2176579,3,PROCESSED,1789016212748
2176580,1,INITIATED,1789016212761
2176580,2,VALIDATED,1789016212764
2176580,3,PROCESSED,1789016212768
2176581,1,INITIATED,1789016212781
2176581,2,VALIDATED,1789016212784
2176581,3,PROCESSED,1789016212787
2176582,1,INITIATED,1789016212801
2176582,2,VALIDATED,1789016212804
2176582,3,PROCESSED,1789016212808
2176583,1,INITIATED,1789016212821
2176583,2,VALIDATED,1789016212824
2176583,3,PROCESSED,1789016212828
2176584,1,INITIATED,1789016212841
2176584,2,VALIDATED,1789016212844
2176584,3,PROCESSED,1789016212849
2176585,1,INITIATED,1789016212862
2176585,2,VALIDATED,1789016212866
2176585,3,PROCESSED,1789016212883
2176586,1,INITIATED,1789016212881
2176586,2,VALIDATED,1789016212884
2176586,3,PROCESSED,1789016212888
2176587,1,INITIATED,1789016212901
2176587,2,VALIDATED,1789016212905
2176587,3,PROCESSED,1789016212909
2176588,1,INITIATED,1789016212922
2176588,2,VALIDATED,1789016212926
2176588,3,PROCESSED,1789016212929
2176589,1,INITIATED,1789016212941
2176589,2,VALIDATED,1789016212944
2176589,3,PROCESSED,1789016212947
2176590,1,INITIATED,1789016212961
2176590,2,VALIDATED,1789016212965
2176590,3,PROCESSED,1789016212969
2176591,1,INITIATED,1789016212981
2176591,2,VALIDATED,1789016212984
2176591,3,PROCESSED,1789016212989
2176592,1,INITIATED,1789016213001
2176592,2,VALIDATED,1789016213004
2176592,3,PROCESSED,1789016213007
2176593,1,INITIATED,1789016213021
2176593,2,VALIDATED,1789016213025
2176593,3,PROCESSED,1789016213029
2176594,1,INITIATED,1789016213041
2176594,2,VALIDATED,1789016213045
2176594,3,PROCESSED,1789016213048
2176595,1,INITIATED,1789016213061
2176595,2,VALIDATED,1789016213065
2176595,3,PROCESSED,1789016213069
2176596,1,INITIATED,1789016213081
2176596,2,VALIDATED,1789016213085
2176596,3,PROCESSED,1789016213089
2176597,1,INITIATED,1789016213100
2176597,2,VALIDATED,1789016213104
2176597,3,PROCESSED,1789016213110
2176598,1,INITIATED,1789016213192
2176598,2,VALIDATED,1789016213197
2176598,3,PROCESSED,1789016213205
2176599,1,INITIATED,1789016213192
2176599,2,VALIDATED,1789016213197
2176599,3,PROCESSED,1789016213205
2176600,1,INITIATED,1789016213192
2176600,2,VALIDATED,1789016213197
2176600,3,PROCESSED,1789016213205
2176601,1,INITIATED,1789016213192
2176601,2,VALIDATED,1789016213197
2176601,3,PROCESSED,1789016213205
2176602,1,INITIATED,1789016213202
2176602,2,VALIDATED,1789016213223
2176602,3,PROCESSED,1789016213228
2176603,1,INITIATED,1789016213222
2176603,2,VALIDATED,1789016213226
2176603,3,PROCESSED,1789016213229
2176604,1,INITIATED,1789016213241
2176604,2,VALIDATED,1789016213244
2176604,3,PROCESSED,1789016213248
2176605,1,INITIATED,1789016213261
2176605,2,VALIDATED,1789016213265
2176605,3,PROCESSED,1789016213269
2176606,1,INITIATED,1789016213281
2176606,2,VALIDATED,1789016213284
2176606,3,PROCESSED,1789016213287
2176607,1,INITIATED,1789016213301
2176607,2,VALIDATED,1789016213304
2176607,3,PROCESSED,1789016213308
2176608,1,INITIATED,1789016213321
2176608,2,VALIDATED,1789016213325
2176608,3,PROCESSED,1789016213328
2176609,1,INITIATED,1789016213342
2176609,2,VALIDATED,1789016213350
2176609,3,PROCESSED,1789016213359
2176610,1,INITIATED,1789016213362
2176610,2,VALIDATED,1789016213365
2176610,3,PROCESSED,1789016213370
2176611,1,INITIATED,1789016213381
2176611,2,VALIDATED,1789016213384
2176611,3,PROCESSED,1789016213388
2176612,1,INITIATED,1789016213401
2176612,2,VALIDATED,1789016213405
2176612,3,PROCESSED,1789016213409
2176613,1,INITIATED,1789016213422
2176613,2,VALIDATED,1789016213425
2176613,3,PROCESSED,1789016213429
2176614,1,INITIATED,1789016213441
2176614,2,VALIDATED,1789016213445
2176614,3,PROCESSED,1789016213448
2176615,1,INITIATED,1789016213461
2176615,2,VALIDATED,1789016213464
2176615,3,PROCESSED,1789016213468
2176616,1,INITIATED,1789016213481
2176616,2,VALIDATED,1789016213484
2176616,3,PROCESSED,1789016213497
2176617,1,INITIATED,1789016213500
2176617,2,VALIDATED,1789016213502
2176617,3,PROCESSED,1789016213507
2176618,1,INITIATED,1789016213522
2176618,2,VALIDATED,1789016213526
2176618,3,PROCESSED,1789016213530
2176619,1,INITIATED,1789016213542
2176619,2,VALIDATED,1789016213545
2176619,3,PROCESSED,1789016213548
2176620,1,INITIATED,1789016213561
2176620,2,VALIDATED,1789016213564
2176620,3,PROCESSED,1789016213568
2176621,1,INITIATED,1789016213581
2176621,2,VALIDATED,1789016213584
2176621,3,PROCESSED,1789016213587
2176622,1,INITIATED,1789016213601
2176622,2,VALIDATED,1789016213606
2176622,3,PROCESSED,1789016213609
2176623,1,INITIATED,1789016213621
2176623,2,VALIDATED,1789016213624
2176623,3,PROCESSED,1789016213628
2176624,1,INITIATED,1789016213641
2176624,2,VALIDATED,1789016213646
2176624,3,PROCESSED,1789016213650
2176625,1,INITIATED,1789016213660
2176625,2,VALIDATED,1789016213665
2176625,3,PROCESSED,1789016213669
2176626,1,INITIATED,1789016213681
2176626,2,VALIDATED,1789016213685
2176626,3,PROCESSED,1789016213691
2176627,1,INITIATED,1789016213702
2176627,2,VALIDATED,1789016213705
2176627,3,PROCESSED,1789016213709
2176628,1,INITIATED,1789016213721
2176628,2,VALIDATED,1789016213723
2176628,3,PROCESSED,1789016213726
2176629,1,INITIATED,1789016213740
2176629,2,VALIDATED,1789016213743
2176629,3,PROCESSED,1789016213746
2176630,1,INITIATED,1789016213761
2176630,2,VALIDATED,1789016213764
2176630,3,PROCESSED,1789016213767
2176631,1,INITIATED,1789016213781
2176631,2,VALIDATED,1789016213785
2176631,3,PROCESSED,1789016213788
2176632,1,INITIATED,1789016213800
2176632,2,VALIDATED,1789016213804
2176632,3,PROCESSED,1789016213808
2176633,1,INITIATED,1789016213821
2176633,2,VALIDATED,1789016213825
2176633,3,REJECTED,1789016213827
2176634,1,INITIATED,1789016213841
2176634,2,VALIDATED,1789016213844
2176634,3,REJECTED,1789016213846
2176635,1,INITIATED,1789016213861
2176635,2,VALIDATED,1789016213864
2176635,3,REJECTED,1789016213866
2176636,1,INITIATED,1789016213881
2176636,2,VALIDATED,1789016213884
2176636,3,REJECTED,1789016213886
2176637,1,INITIATED,1789016213901
2176637,2,VALIDATED,1789016213904
2176637,3,PROCESSED,1789016213906
2176638,1,INITIATED,1789016213921
2176638,2,VALIDATED,1789016213925
2176638,3,PROCESSED,1789016213928
2176639,1,INITIATED,1789016213941
2176639,2,VALIDATED,1789016213944
2176639,3,PROCESSED,1789016213948
2176640,1,INITIATED,1789016213961
2176640,2,VALIDATED,1789016213964
2176640,3,PROCESSED,1789016213967
2176641,1,INITIATED,1789016213981
2176641,2,VALIDATED,1789016213985
2176641,3,PROCESSED,1789016213988
2176642,1,INITIATED,1789016214001
2176642,2,VALIDATED,1789016214004
2176642,3,PROCESSED,1789016214006
2176643,1,INITIATED,1789016214021
2176643,2,VALIDATED,1789016214024
2176643,3,PROCESSED,1789016214027
2176644,1,INITIATED,1789016214041
2176644,2,VALIDATED,1789016214045
2176644,3,PROCESSED,1789016214048
2176645,1,INITIATED,1789016214060
2176645,2,VALIDATED,1789016214062
2176645,3,PROCESSED,1789016214065
2176646,1,INITIATED,1789016214080
2176646,2,VALIDATED,1789016214083
2176646,3,PROCESSED,1789016214086
2176647,1,INITIATED,1789016214101
2176647,2,VALIDATED,1789016214109
2176647,3,PROCESSED,1789016214119
2176648,1,INITIATED,1789016214121
2176648,2,VALIDATED,1789016214125
2176648,3,PROCESSED,1789016214129
2176649,1,INITIATED,1789016214141
2176649,2,VALIDATED,1789016214145
2176649,3,PROCESSED,1789016214149
2176650,1,INITIATED,1789016214161
2176650,2,VALIDATED,1789016214165
2176650,3,PROCESSED,1789016214169
2176651,1,INITIATED,1789016214182
2176651,2,VALIDATED,1789016214185
2176651,3,PROCESSED,1789016214189
2176652,1,INITIATED,1789016214201
2176652,2,VALIDATED,1789016214205
2176652,3,PROCESSED,1789016214312
2176653,1,INITIATED,1789016214312
2176653,2,VALIDATED,1789016214319
2176653,3,PROCESSED,1789016214324
2176654,1,INITIATED,1789016214312
2176654,2,VALIDATED,1789016214318
2176654,3,PROCESSED,1789016214324
2176655,1,INITIATED,1789016214312
2176655,2,VALIDATED,1789016214318
2176655,3,PROCESSED,1789016214325
2176656,1,INITIATED,1789016214312
2176656,2,VALIDATED,1789016214319
2176656,3,PROCESSED,1789016214324
2176657,1,INITIATED,1789016214312
2176657,2,VALIDATED,1789016214319
2176657,3,PROCESSED,1789016214324
2176658,1,INITIATED,1789016214322
2176658,2,VALIDATED,1789016214325
2176658,3,PROCESSED,1789016214348
2176659,1,INITIATED,1789016214342
2176659,2,VALIDATED,1789016214347
2176659,3,PROCESSED,1789016214352
2176660,1,INITIATED,1789016214361
2176660,2,VALIDATED,1789016214365
2176660,3,PROCESSED,1789016214370
2176661,1,INITIATED,1789016214381
2176661,2,VALIDATED,1789016214385
2176661,3,PROCESSED,1789016214392
2176662,1,INITIATED,1789016214401
2176662,2,VALIDATED,1789016214405
2176662,3,PROCESSED,1789016214408
2176663,1,INITIATED,1789016214422
2176663,2,VALIDATED,1789016214426
2176663,3,PROCESSED,1789016214431
2176664,1,INITIATED,1789016214441
2176664,2,VALIDATED,1789016214445
2176664,3,PROCESSED,1789016214449
2176665,1,INITIATED,1789016214461
2176665,2,VALIDATED,1789016214465
2176665,3,PROCESSED,1789016214470
2176666,1,INITIATED,1789016214481
2176666,2,VALIDATED,1789016214485
2176666,3,PROCESSED,1789016214489
2176667,1,INITIATED,1789016214502
2176667,2,VALIDATED,1789016214506
2176667,3,PROCESSED,1789016214510
2176668,1,INITIATED,1789016214522
2176668,2,VALIDATED,1789016214526
2176668,3,PROCESSED,1789016214530
2176669,1,INITIATED,1789016214542
2176669,2,VALIDATED,1789016214545
2176669,3,PROCESSED,1789016214550
2176670,1,INITIATED,1789016214561
2176670,2,VALIDATED,1789016214565
2176670,3,PROCESSED,1789016214568
2176671,1,INITIATED,1789016214581
2176671,2,VALIDATED,1789016214585
2176671,3,PROCESSED,1789016214589
2176672,1,INITIATED,1789016214601
2176672,2,VALIDATED,1789016214604
2176672,3,PROCESSED,1789016214607
2176673,1,INITIATED,1789016214621
2176673,2,VALIDATED,1789016214624
2176673,3,PROCESSED,1789016214627
2176674,1,INITIATED,1789016214640
2176674,2,VALIDATED,1789016214643
2176674,3,PROCESSED,1789016214646
2176675,1,INITIATED,1789016214660
2176675,2,VALIDATED,1789016214663
2176675,3,PROCESSED,1789016214666
2176676,1,INITIATED,1789016214681
2176676,2,VALIDATED,1789016214685
2176676,3,PROCESSED,1789016214688
2176677,1,INITIATED,1789016214701
2176677,2,VALIDATED,1789016214704
2176677,3,PROCESSED,1789016214707
2176678,1,INITIATED,1789016214722
2176678,2,VALIDATED,1789016214725
2176678,3,PROCESSED,1789016214730
2176679,1,INITIATED,1789016214741
2176679,2,VALIDATED,1789016214744
2176679,3,PROCESSED,1789016214746
2176680,1,INITIATED,1789016214761
2176680,2,VALIDATED,1789016214764
2176680,3,PROCESSED,1789016214767
2176681,1,INITIATED,1789016214781
2176681,2,VALIDATED,1789016214784
2176681,3,PROCESSED,1789016214786
2176682,1,INITIATED,1789016214801
2176682,2,VALIDATED,1789016214803
2176682,3,PROCESSED,1789016214806
2176683,1,INITIATED,1789016214821
2176683,2,VALIDATED,1789016214824
2176683,3,PROCESSED,1789016214828
2176684,1,INITIATED,1789016214841
2176684,2,VALIDATED,1789016214845
2176684,3,PROCESSED,1789016214848
2176685,1,INITIATED,1789016214861
2176685,2,VALIDATED,1789016214865
2176685,3,PROCESSED,1789016214867
2176686,1,INITIATED,1789016214881
2176686,2,VALIDATED,1789016214883
2176686,3,PROCESSED,1789016214886
2176687,1,INITIATED,1789016214901
2176687,2,VALIDATED,1789016214903
2176687,3,PROCESSED,1789016214907
2176688,1,INITIATED,1789016214921
2176688,2,VALIDATED,1789016214924
2176688,3,PROCESSED,1789016214927
2176689,1,INITIATED,1789016214941
2176689,2,VALIDATED,1789016214944
2176689,3,PROCESSED,1789016214947
2176690,1,INITIATED,1789016214961
2176690,2,VALIDATED,1789016214964
2176690,3,PROCESSED,1789016214968
2176691,1,INITIATED,1789016214981
2176691,2,VALIDATED,1789016214984
2176691,3,PROCESSED,1789016214987
2176692,1,INITIATED,1789016215001
2176692,2,VALIDATED,1789016215005
2176692,3,PROCESSED,1789016215009
2176693,1,INITIATED,1789016215021
2176693,2,VALIDATED,1789016215025
2176693,3,PROCESSED,1789016215029
2176694,1,INITIATED,1789016215041
2176694,2,VALIDATED,1789016215044
2176694,3,PROCESSED,1789016215047
2176695,1,INITIATED,1789016215061
2176695,2,VALIDATED,1789016215065
2176695,3,PROCESSED,1789016215068
2176696,1,INITIATED,1789016215082
2176696,2,VALIDATED,1789016215085
2176696,3,PROCESSED,1789016215088
2176697,1,INITIATED,1789016215101
2176697,2,VALIDATED,1789016215103
2176697,3,PROCESSED,1789016215108
2176698,1,INITIATED,1789016215121
2176698,2,VALIDATED,1789016215124
2176698,3,PROCESSED,1789016215128
2176699,1,INITIATED,1789016215141
2176699,2,VALIDATED,1789016215145
2176699,3,PROCESSED,1789016215149
2176700,1,INITIATED,1789016215162
2176700,2,VALIDATED,1789016215166
2176700,3,PROCESSED,1789016215169
2176701,1,INITIATED,1789016215183
2176701,2,VALIDATED,1789016215187
2176701,3,PROCESSED,1789016215193
2176702,1,INITIATED,1789016215201
2176702,2,VALIDATED,1789016215205
2176702,3,PROCESSED,1789016215211
2176703,1,INITIATED,1789016215221
2176703,2,VALIDATED,1789016215225
2176703,3,PROCESSED,1789016215229
2176704,1,INITIATED,1789016215241
2176704,2,VALIDATED,1789016215244
2176704,3,PROCESSED,1789016215247
2176705,1,INITIATED,1789016215261
2176705,2,VALIDATED,1789016215264
2176705,3,PROCESSED,1789016215267
2176706,1,INITIATED,1789016215281
2176706,2,VALIDATED,1789016215285
2176706,3,PROCESSED,1789016215287
2176707,1,INITIATED,1789016215302
2176707,2,VALIDATED,1789016215306
2176707,3,PROCESSED,1789016215310
2176708,1,INITIATED,1789016215322
2176708,2,VALIDATED,1789016215326
2176708,3,PROCESSED,1789016215330
2176709,1,INITIATED,1789016215341
2176709,2,VALIDATED,1789016215347
2176709,3,PROCESSED,1789016215352
2176710,1,INITIATED,1789016215360
2176710,2,VALIDATED,1789016215364
2176710,3,PROCESSED,1789016215367
2176711,1,INITIATED,1789016215381
2176711,2,VALIDATED,1789016215384
2176711,3,PROCESSED,1789016215387
2176712,1,INITIATED,1789016215401
2176712,2,VALIDATED,1789016215404
2176712,3,PROCESSED,1789016215406
2176713,1,INITIATED,1789016215421
2176713,2,VALIDATED,1789016215424
2176713,3,PROCESSED,1789016215427
2176714,1,INITIATED,1789016215441
2176714,2,VALIDATED,1789016215445
2176714,3,PROCESSED,1789016215448
2176715,1,INITIATED,1789016215461
2176715,2,VALIDATED,1789016215464
2176715,3,PROCESSED,1789016215467
2176716,1,INITIATED,1789016215481
2176716,2,VALIDATED,1789016215484
2176716,3,PROCESSED,1789016215487
2176717,1,INITIATED,1789016215501
2176717,2,VALIDATED,1789016215504
2176717,3,PROCESSED,1789016215507
2176718,1,INITIATED,1789016215521
2176718,2,VALIDATED,1789016215524
2176718,3,PROCESSED,1789016215527
2176719,1,INITIATED,1789016215542
2176719,2,VALIDATED,1789016215545
2176719,3,PROCESSED,1789016215549
2176720,1,INITIATED,1789016215562
2176720,2,VALIDATED,1789016215565
2176720,3,PROCESSED,1789016215569
2176721,1,INITIATED,1789016215581
2176721,2,VALIDATED,1789016215584
2176721,3,PROCESSED,1789016215587
2176722,1,INITIATED,1789016215601
2176722,2,VALIDATED,1789016215604
2176722,3,PROCESSED,1789016215608
2176723,1,INITIATED,1789016215621
2176723,2,VALIDATED,1789016215625
2176723,3,PROCESSED,1789016215629
2176724,1,INITIATED,1789016215641
2176724,2,VALIDATED,1789016215644
2176724,3,PROCESSED,1789016215648
2176725,1,INITIATED,1789016215661
2176725,2,VALIDATED,1789016215664
2176725,3,PROCESSED,1789016215669
2176726,1,INITIATED,1789016215681
2176726,2,VALIDATED,1789016215686
2176726,3,PROCESSED,1789016215689
2176727,1,INITIATED,1789016215701
2176727,2,VALIDATED,1789016215704
2176727,3,PROCESSED,1789016215708
2176728,1,INITIATED,1789016215722
2176728,2,VALIDATED,1789016215725
2176728,3,PROCESSED,1789016215729
2176729,1,INITIATED,1789016215741
2176729,2,VALIDATED,1789016215744
2176729,3,PROCESSED,1789016215748
2176730,1,INITIATED,1789016215762
2176730,2,VALIDATED,1789016215765
2176730,3,PROCESSED,1789016215769
2176731,1,INITIATED,1789016215781
2176731,2,VALIDATED,1789016215785
2176731,3,PROCESSED,1789016215789
2176732,1,INITIATED,1789016215801
2176732,2,VALIDATED,1789016215805
2176732,3,PROCESSED,1789016215809
2176733,1,INITIATED,1789016215821
2176733,2,VALIDATED,1789016215825
2176733,3,REJECTED,1789016215828
2176734,1,INITIATED,1789016215841
2176734,2,VALIDATED,1789016215844
2176734,3,REJECTED,1789016215848
2176735,1,INITIATED,1789016215861
2176735,2,VALIDATED,1789016215864
2176735,3,REJECTED,1789016215866
2176736,1,INITIATED,1789016215881
2176736,2,VALIDATED,1789016215884
2176736,3,REJECTED,1789016215886
2176737,1,INITIATED,1789016215901
2176737,2,VALIDATED,1789016215905
2176737,3,PROCESSED,1789016215909
2176738,1,INITIATED,1789016215921
2176738,2,VALIDATED,1789016215926
2176738,3,PROCESSED,1789016215930
2176739,1,INITIATED,1789016215941
2176739,2,VALIDATED,1789016215945
2176739,3,PROCESSED,1789016215948
2176740,1,INITIATED,1789016215961
2176740,2,VALIDATED,1789016215964
2176740,3,PROCESSED,1789016215967
2176741,1,INITIATED,1789016215981
2176741,2,VALIDATED,1789016215985
2176741,3,PROCESSED,1789016215988
2176742,1,INITIATED,1789016216001
2176742,2,VALIDATED,1789016216005
2176742,3,PROCESSED,1789016216008
2176743,1,INITIATED,1789016216021
2176743,2,VALIDATED,1789016216024
2176743,3,PROCESSED,1789016216029
2176744,1,INITIATED,1789016216041
2176744,2,VALIDATED,1789016216045
2176744,3,PROCESSED,1789016216048
2176745,1,INITIATED,1789016216061
2176745,2,VALIDATED,1789016216065
2176745,3,PROCESSED,1789016216069
2176746,1,INITIATED,1789016216082
2176746,2,VALIDATED,1789016216085
2176746,3,PROCESSED,1789016216088
2176747,1,INITIATED,1789016216101
2176747,2,VALIDATED,1789016216193
2176747,3,PROCESSED,1789016216198
2176748,1,INITIATED,1789016216192
2176748,2,VALIDATED,1789016216196
2176748,3,PROCESSED,1789016216230
2176749,1,INITIATED,1789016216192
2176749,2,VALIDATED,1789016216196
2176749,3,PROCESSED,1789016216205
2176750,1,INITIATED,1789016216192
2176750,2,VALIDATED,1789016216196
2176750,3,PROCESSED,1789016216204
2176751,1,INITIATED,1789016216192
2176751,2,VALIDATED,1789016216196
2176751,3,PROCESSED,1789016216204
2176752,1,INITIATED,1789016216202
2176752,2,VALIDATED,1789016216231
2176752,3,PROCESSED,1789016216238
2176753,1,INITIATED,1789016216221
2176753,2,VALIDATED,1789016216231
2176753,3,PROCESSED,1789016216238
2176754,1,INITIATED,1789016216240
2176754,2,VALIDATED,1789016216242
2176754,3,PROCESSED,1789016216245
2176755,1,INITIATED,1789016216261
2176755,2,VALIDATED,1789016216264
2176755,3,PROCESSED,1789016216267
2176756,1,INITIATED,1789016216281
2176756,2,VALIDATED,1789016216284
2176756,3,PROCESSED,1789016216288
2176757,1,INITIATED,1789016216301
2176757,2,VALIDATED,1789016216304
2176757,3,PROCESSED,1789016216308
2176758,1,INITIATED,1789016216321
2176758,2,VALIDATED,1789016216325
2176758,3,PROCESSED,1789016216328
2176759,1,INITIATED,1789016216341
2176759,2,VALIDATED,1789016216349
2176759,3,PROCESSED,1789016216353
2176760,1,INITIATED,1789016216362
2176760,2,VALIDATED,1789016216365
2176760,3,PROCESSED,1789016216368
2176761,1,INITIATED,1789016216381
2176761,2,VALIDATED,1789016216384
2176761,3,PROCESSED,1789016216389
2176762,1,INITIATED,1789016216401
2176762,2,VALIDATED,1789016216404
2176762,3,PROCESSED,1789016216408
2176763,1,INITIATED,1789016216421
2176763,2,VALIDATED,1789016216425
2176763,3,PROCESSED,1789016216428
2176764,1,INITIATED,1789016216440
2176764,2,VALIDATED,1789016216444
2176764,3,PROCESSED,1789016216447
2176765,1,INITIATED,1789016216461
2176765,2,VALIDATED,1789016216464
2176765,3,PROCESSED,1789016216467
2176766,1,INITIATED,1789016216481
2176766,2,VALIDATED,1789016216483
2176766,3,PROCESSED,1789016216486
2176767,1,INITIATED,1789016216501
2176767,2,VALIDATED,1789016216504
2176767,3,PROCESSED,1789016216509
2176768,1,INITIATED,1789016216521
2176768,2,VALIDATED,1789016216525
2176768,3,PROCESSED,1789016216529
2176769,1,INITIATED,1789016216541
2176769,2,VALIDATED,1789016216544
2176769,3,PROCESSED,1789016216547
2176770,1,INITIATED,1789016216561
2176770,2,VALIDATED,1789016216564
2176770,3,PROCESSED,1789016216566
2176771,1,INITIATED,1789016216581
2176771,2,VALIDATED,1789016216584
2176771,3,PROCESSED,1789016216587
2176772,1,INITIATED,1789016216600
2176772,2,VALIDATED,1789016216603
2176772,3,PROCESSED,1789016216607
2176773,1,INITIATED,1789016216621
2176773,2,VALIDATED,1789016216624
2176773,3,PROCESSED,1789016216628
2176774,1,INITIATED,1789016216641
2176774,2,VALIDATED,1789016216645
2176774,3,PROCESSED,1789016216647
2176775,1,INITIATED,1789016216661
2176775,2,VALIDATED,1789016216664
2176775,3,PROCESSED,1789016216666
2176776,1,INITIATED,1789016216681
2176776,2,VALIDATED,1789016216684
2176776,3,PROCESSED,1789016216686
2176777,1,INITIATED,1789016216701
2176777,2,VALIDATED,1789016216704
2176777,3,PROCESSED,1789016216707
2176778,1,INITIATED,1789016216721
2176778,2,VALIDATED,1789016216724
2176778,3,PROCESSED,1789016216729
2176779,1,INITIATED,1789016216741
2176779,2,VALIDATED,1789016216745
2176779,3,PROCESSED,1789016216748
2176780,1,INITIATED,1789016216761
2176780,2,VALIDATED,1789016216764
2176780,3,PROCESSED,1789016216766
2176781,1,INITIATED,1789016216781
2176781,2,VALIDATED,1789016216783
2176781,3,PROCESSED,1789016216786
2176782,1,INITIATED,1789016216800
2176782,2,VALIDATED,1789016216803
2176782,3,PROCESSED,1789016216807
2176783,1,INITIATED,1789016216821
2176783,2,VALIDATED,1789016216824
2176783,3,PROCESSED,1789016216829
2176784,1,INITIATED,1789016216841
2176784,2,VALIDATED,1789016216845
2176784,3,PROCESSED,1789016216848
2176785,1,INITIATED,1789016216861
2176785,2,VALIDATED,1789016216864
2176785,3,PROCESSED,1789016216867
2176786,1,INITIATED,1789016216881
2176786,2,VALIDATED,1789016216884
2176786,3,PROCESSED,1789016216886
2176787,1,INITIATED,1789016216901
2176787,2,VALIDATED,1789016216904
2176787,3,PROCESSED,1789016216907
2176788,1,INITIATED,1789016216921
2176788,2,VALIDATED,1789016216924
2176788,3,PROCESSED,1789016216927
2176789,1,INITIATED,1789016216941
2176789,2,VALIDATED,1789016216944
2176789,3,PROCESSED,1789016216947
2176790,1,INITIATED,1789016216961
2176790,2,VALIDATED,1789016216963
2176790,3,PROCESSED,1789016216966
2176791,1,INITIATED,1789016216982
2176791,2,VALIDATED,1789016216989
2176791,3,PROCESSED,1789016216992
2176792,1,INITIATED,1789016217001
2176792,2,VALIDATED,1789016217004
2176792,3,PROCESSED,1789016217008
2176793,1,INITIATED,1789016217021
2176793,2,VALIDATED,1789016217024
2176793,3,PROCESSED,1789016217026
2176794,1,INITIATED,1789016217041
2176794,2,VALIDATED,1789016217044
2176794,3,PROCESSED,1789016217048
2176795,1,INITIATED,1789016217061
2176795,2,VALIDATED,1789016217065
2176795,3,PROCESSED,1789016217068
2176796,1,INITIATED,1789016217081
2176796,2,VALIDATED,1789016217084
2176796,3,PROCESSED,1789016217086
2176797,1,INITIATED,1789016217101
2176797,2,VALIDATED,1789016217230
2176797,3,PROCESSED,1789016217235
2176798,1,INITIATED,1789016217229
2176798,2,VALIDATED,1789016217233
2176798,3,PROCESSED,1789016217243
2176799,1,INITIATED,1789016217229
2176799,2,VALIDATED,1789016217233
2176799,3,PROCESSED,1789016217243
2176800,1,INITIATED,1789016217229
2176800,2,VALIDATED,1789016217233
2176800,3,PROCESSED,1789016217243
2176801,1,INITIATED,1789016217229
2176801,2,VALIDATED,1789016217233
2176801,3,PROCESSED,1789016217243
2176802,1,INITIATED,1789016217229
2176802,2,VALIDATED,1789016217233
2176802,3,PROCESSED,1789016217243
2176803,1,INITIATED,1789016217229
2176803,2,VALIDATED,1789016217233
2176803,3,PROCESSED,1789016217243
2176804,1,INITIATED,1789016217242
2176804,2,VALIDATED,1789016217245
2176804,3,PROCESSED,1789016217248
2176805,1,INITIATED,1789016217261
2176805,2,VALIDATED,1789016217266
2176805,3,PROCESSED,1789016217270
2176806,1,INITIATED,1789016217282
2176806,2,VALIDATED,1789016217285
2176806,3,PROCESSED,1789016217288
2176807,1,INITIATED,1789016217301
2176807,2,VALIDATED,1789016217305
2176807,3,PROCESSED,1789016217308
2176808,1,INITIATED,1789016217322
2176808,2,VALIDATED,1789016217325
2176808,3,PROCESSED,1789016217328
2176809,1,INITIATED,1789016217340
2176809,2,VALIDATED,1789016217344
2176809,3,PROCESSED,1789016217347
2176810,1,INITIATED,1789016217361
2176810,2,VALIDATED,1789016217364
2176810,3,PROCESSED,1789016217367
2176811,1,INITIATED,1789016217381
2176811,2,VALIDATED,1789016217384
2176811,3,PROCESSED,1789016217388
2176812,1,INITIATED,1789016217400
2176812,2,VALIDATED,1789016217403
2176812,3,PROCESSED,1789016217406
2176813,1,INITIATED,1789016217421
2176813,2,VALIDATED,1789016217425
2176813,3,PROCESSED,1789016217429
2176814,1,INITIATED,1789016217441
2176814,2,VALIDATED,1789016217444
2176814,3,PROCESSED,1789016217447
2176815,1,INITIATED,1789016217460
2176815,2,VALIDATED,1789016217463
2176815,3,PROCESSED,1789016217466
2176816,1,INITIATED,1789016217481
2176816,2,VALIDATED,1789016217483
2176816,3,PROCESSED,1789016217487
2176817,1,INITIATED,1789016217501
2176817,2,VALIDATED,1789016217504
2176817,3,PROCESSED,1789016217507
2176818,1,INITIATED,1789016217520
2176818,2,VALIDATED,1789016217523
2176818,3,PROCESSED,1789016217527
2176819,1,INITIATED,1789016217541
2176819,2,VALIDATED,1789016217543
2176819,3,PROCESSED,1789016217546
2176820,1,INITIATED,1789016217561
2176820,2,VALIDATED,1789016217564
2176820,3,PROCESSED,1789016217566
2176821,1,INITIATED,1789016217581
2176821,2,VALIDATED,1789016217584
2176821,3,PROCESSED,1789016217586
2176822,1,INITIATED,1789016217602
2176822,2,VALIDATED,1789016217605
2176822,3,PROCESSED,1789016217608
2176823,1,INITIATED,1789016217621
2176823,2,VALIDATED,1789016217624
2176823,3,PROCESSED,1789016217627
2176824,1,INITIATED,1789016217640
2176824,2,VALIDATED,1789016217643
2176824,3,PROCESSED,1789016217646
2176825,1,INITIATED,1789016217660
2176825,2,VALIDATED,1789016217663
2176825,3,PROCESSED,1789016217665
2176826,1,INITIATED,1789016217680
2176826,2,VALIDATED,1789016217686
2176826,3,PROCESSED,1789016217689
2176827,1,INITIATED,1789016217701
2176827,2,VALIDATED,1789016217704
2176827,3,PROCESSED,1789016217707
2176828,1,INITIATED,1789016217721
2176828,2,VALIDATED,1789016217724
2176828,3,PROCESSED,1789016217729
2176829,1,INITIATED,1789016217741
2176829,2,VALIDATED,1789016217744
2176829,3,PROCESSED,1789016217747
2176830,1,INITIATED,1789016217760
2176830,2,VALIDATED,1789016217763
2176830,3,PROCESSED,1789016217767
2176831,1,INITIATED,1789016217781
2176831,2,VALIDATED,1789016217784
2176831,3,PROCESSED,1789016217787
2176832,1,INITIATED,1789016217802
2176832,2,VALIDATED,1789016217805
2176832,3,PROCESSED,1789016217808
2176833,1,INITIATED,1789016217821
2176833,2,VALIDATED,1789016217824
2176833,3,REJECTED,1789016217826
2176834,1,INITIATED,1789016217840
2176834,2,VALIDATED,1789016217843
2176834,3,REJECTED,1789016217845
2176835,1,INITIATED,1789016217861
2176835,2,VALIDATED,1789016217864
2176835,3,REJECTED,1789016217865
2176836,1,INITIATED,1789016217881
2176836,2,VALIDATED,1789016217883
2176836,3,REJECTED,1789016217885
2176837,1,INITIATED,1789016217901
2176837,2,VALIDATED,1789016217909
2176837,3,PROCESSED,1789016217912
2176838,1,INITIATED,1789016217921
2176838,2,VALIDATED,1789016217923
2176838,3,PROCESSED,1789016217926
2176839,1,INITIATED,1789016217940
2176839,2,VALIDATED,1789016217943
2176839,3,PROCESSED,1789016217946
2176840,1,INITIATED,1789016217961
2176840,2,VALIDATED,1789016217964
2176840,3,PROCESSED,1789016217967
2176841,1,INITIATED,1789016217980
2176841,2,VALIDATED,1789016217983
2176841,3,PROCESSED,1789016217985
2176842,1,INITIATED,1789016218000
2176842,2,VALIDATED,1789016218003
2176842,3,PROCESSED,1789016218006
2176843,1,INITIATED,1789016218021
2176843,2,VALIDATED,1789016218025
2176843,3,PROCESSED,1789016218029
2176844,1,INITIATED,1789016218041
2176844,2,VALIDATED,1789016218044
2176844,3,PROCESSED,1789016218047
2176845,1,INITIATED,1789016218061
2176845,2,VALIDATED,1789016218063
2176845,3,PROCESSED,1789016218065
2176846,1,INITIATED,1789016218081
2176846,2,VALIDATED,1789016218084
2176846,3,PROCESSED,1789016218088
2176847,1,INITIATED,1789016218101
2176847,2,VALIDATED,1789016218216
2176847,3,PROCESSED,1789016218222
2176848,1,INITIATED,1789016218216
2176848,2,VALIDATED,1789016218220
2176848,3,PROCESSED,1789016218225
2176849,1,INITIATED,1789016218215
2176849,2,VALIDATED,1789016218220
2176849,3,PROCESSED,1789016218225
2176850,1,INITIATED,1789016218215
2176850,2,VALIDATED,1789016218220
2176850,3,PROCESSED,1789016218226
2176851,1,INITIATED,1789016218216
2176851,2,VALIDATED,1789016218220
2176851,3,PROCESSED,1789016218225
2176852,1,INITIATED,1789016218215
2176852,2,VALIDATED,1789016218220
2176852,3,PROCESSED,1789016218225
2176853,1,INITIATED,1789016218221
2176853,2,VALIDATED,1789016218225
2176853,3,PROCESSED,1789016218254
2176854,1,INITIATED,1789016218241
2176854,2,VALIDATED,1789016218253
2176854,3,PROCESSED,1789016218257
2176855,1,INITIATED,1789016218261
2176855,2,VALIDATED,1789016218263
2176855,3,PROCESSED,1789016218266
2176856,1,INITIATED,1789016218282
2176856,2,VALIDATED,1789016218285
2176856,3,PROCESSED,1789016218289
2176857,1,INITIATED,1789016218301
2176857,2,VALIDATED,1789016218304
2176857,3,PROCESSED,1789016218312
2176858,1,INITIATED,1789016218321
2176858,2,VALIDATED,1789016218325
2176858,3,PROCESSED,1789016218329
2176859,1,INITIATED,1789016218341
2176859,2,VALIDATED,1789016218344
2176859,3,PROCESSED,1789016218348
2176860,1,INITIATED,1789016218361
2176860,2,VALIDATED,1789016218364
2176860,3,PROCESSED,1789016218367
2176861,1,INITIATED,1789016218380
2176861,2,VALIDATED,1789016218384
2176861,3,PROCESSED,1789016218387
2176862,1,INITIATED,1789016218401
2176862,2,VALIDATED,1789016218405
2176862,3,PROCESSED,1789016218408
2176863,1,INITIATED,1789016218421
2176863,2,VALIDATED,1789016218425
2176863,3,PROCESSED,1789016218430
2176864,1,INITIATED,1789016218441
2176864,2,VALIDATED,1789016218444
2176864,3,PROCESSED,1789016218447
2176865,1,INITIATED,1789016218461
2176865,2,VALIDATED,1789016218465
2176865,3,PROCESSED,1789016218469
2176866,1,INITIATED,1789016218481
2176866,2,VALIDATED,1789016218484
2176866,3,PROCESSED,1789016218488
2176867,1,INITIATED,1789016218501
2176867,2,VALIDATED,1789016218504
2176867,3,PROCESSED,1789016218508
2176868,1,INITIATED,1789016218521
2176868,2,VALIDATED,1789016218525
2176868,3,PROCESSED,1789016218529
2176869,1,INITIATED,1789016218541
2176869,2,VALIDATED,1789016218545
2176869,3,PROCESSED,1789016218548
2176870,1,INITIATED,1789016218561
2176870,2,VALIDATED,1789016218565
2176870,3,PROCESSED,1789016218568
2176871,1,INITIATED,1789016218581
2176871,2,VALIDATED,1789016218585
2176871,3,PROCESSED,1789016218588
2176872,1,INITIATED,1789016218601
2176872,2,VALIDATED,1789016218605
2176872,3,PROCESSED,1789016218610
2176873,1,INITIATED,1789016218621
2176873,2,VALIDATED,1789016218626
2176873,3,PROCESSED,1789016218631
2176874,1,INITIATED,1789016218641
2176874,2,VALIDATED,1789016218644
2176874,3,PROCESSED,1789016218648
2176875,1,INITIATED,1789016218661
2176875,2,VALIDATED,1789016218665
2176875,3,PROCESSED,1789016218668
2176876,1,INITIATED,1789016218681
2176876,2,VALIDATED,1789016218685
2176876,3,PROCESSED,1789016218688
2176877,1,INITIATED,1789016218701
2176877,2,VALIDATED,1789016218705
2176877,3,PROCESSED,1789016218709
2176878,1,INITIATED,1789016218722
2176878,2,VALIDATED,1789016218725
2176878,3,PROCESSED,1789016218729
2176879,1,INITIATED,1789016218742
2176879,2,VALIDATED,1789016218745
2176879,3,PROCESSED,1789016218749
2176880,1,INITIATED,1789016218761
2176880,2,VALIDATED,1789016218768
2176880,3,PROCESSED,1789016218773
2176881,1,INITIATED,1789016218782
2176881,2,VALIDATED,1789016218785
2176881,3,PROCESSED,1789016218790
2176882,1,INITIATED,1789016218801
2176882,2,VALIDATED,1789016218805
2176882,3,PROCESSED,1789016218810
2176883,1,INITIATED,1789016218821
2176883,2,VALIDATED,1789016218825
2176883,3,PROCESSED,1789016218829
2176884,1,INITIATED,1789016218842
2176884,2,VALIDATED,1789016218846
2176884,3,PROCESSED,1789016218851
2176885,1,INITIATED,1789016218861
2176885,2,VALIDATED,1789016218865
2176885,3,PROCESSED,1789016218869
2176886,1,INITIATED,1789016218881
2176886,2,VALIDATED,1789016218885
2176886,3,PROCESSED,1789016218889
2176887,1,INITIATED,1789016218901
2176887,2,VALIDATED,1789016218905
2176887,3,PROCESSED,1789016218910
2176888,1,INITIATED,1789016218921
2176888,2,VALIDATED,1789016218926
2176888,3,PROCESSED,1789016218931
2176889,1,INITIATED,1789016218942
2176889,2,VALIDATED,1789016218946
2176889,3,PROCESSED,1789016218951
2176890,1,INITIATED,1789016218962
2176890,2,VALIDATED,1789016218966
2176890,3,PROCESSED,1789016218970
2176891,1,INITIATED,1789016218982
2176891,2,VALIDATED,1789016218985
2176891,3,PROCESSED,1789016218990
2176892,1,INITIATED,1789016219001
2176892,2,VALIDATED,1789016219006
2176892,3,PROCESSED,1789016219011
2176893,1,INITIATED,1789016219022
2176893,2,VALIDATED,1789016219029
2176893,3,PROCESSED,1789016219034
2176894,1,INITIATED,1789016219041
2176894,2,VALIDATED,1789016219045
2176894,3,PROCESSED,1789016219051
2176895,1,INITIATED,1789016219061
2176895,2,VALIDATED,1789016219065
2176895,3,PROCESSED,1789016219069
2176896,1,INITIATED,1789016219082
2176896,2,VALIDATED,1789016219086
2176896,3,PROCESSED,1789016219090
2176897,1,INITIATED,1789016219102
2176897,2,VALIDATED,1789016219106
2176897,3,PROCESSED,1789016219112
2176898,1,INITIATED,1789016219121
2176898,2,VALIDATED,1789016219125
2176898,3,PROCESSED,1789016219130
2176899,1,INITIATED,1789016219141
2176899,2,VALIDATED,1789016219145
2176899,3,PROCESSED,1789016219148
2176900,1,INITIATED,1789016219162
2176900,2,VALIDATED,1789016219165
2176900,3,PROCESSED,1789016219169
2176901,1,INITIATED,1789016219181
2176901,2,VALIDATED,1789016219185
2176901,3,PROCESSED,1789016219190
2176902,1,INITIATED,1789016219201
2176902,2,VALIDATED,1789016219205
2176902,3,PROCESSED,1789016219209
2176903,1,INITIATED,1789016219222
2176903,2,VALIDATED,1789016219225
2176903,3,PROCESSED,1789016219230
2176904,1,INITIATED,1789016219241
2176904,2,VALIDATED,1789016219245
2176904,3,PROCESSED,1789016219249
2176905,1,INITIATED,1789016219262
2176905,2,VALIDATED,1789016219266
2176905,3,PROCESSED,1789016219271
2176906,1,INITIATED,1789016219281
2176906,2,VALIDATED,1789016219285
2176906,3,PROCESSED,1789016219289
2176907,1,INITIATED,1789016219301
2176907,2,VALIDATED,1789016219320
2176907,3,PROCESSED,1789016219325
2176908,1,INITIATED,1789016219321
2176908,2,VALIDATED,1789016219324
2176908,3,PROCESSED,1789016219328
2176909,1,INITIATED,1789016219341
2176909,2,VALIDATED,1789016219344
2176909,3,PROCESSED,1789016219348
2176910,1,INITIATED,1789016219361
2176910,2,VALIDATED,1789016219365
2176910,3,PROCESSED,1789016219369
2176911,1,INITIATED,1789016219381
2176911,2,VALIDATED,1789016219384
2176911,3,PROCESSED,1789016219387
2176912,1,INITIATED,1789016219401
2176912,2,VALIDATED,1789016219404
2176912,3,PROCESSED,1789016219408
2176913,1,INITIATED,1789016219421
2176913,2,VALIDATED,1789016219426
2176913,3,PROCESSED,1789016219430
2176914,1,INITIATED,1789016219442
2176914,2,VALIDATED,1789016219446
2176914,3,PROCESSED,1789016219450
2176915,1,INITIATED,1789016219461
2176915,2,VALIDATED,1789016219465
2176915,3,PROCESSED,1789016219468
2176916,1,INITIATED,1789016219481
2176916,2,VALIDATED,1789016219485
2176916,3,PROCESSED,1789016219489
2176917,1,INITIATED,1789016219500
2176917,2,VALIDATED,1789016219504
2176917,3,PROCESSED,1789016219508
2176918,1,INITIATED,1789016219521
2176918,2,VALIDATED,1789016219526
2176918,3,PROCESSED,1789016219540
2176919,1,INITIATED,1789016219541
2176919,2,VALIDATED,1789016219543
2176919,3,PROCESSED,1789016219547
2176920,1,INITIATED,1789016219561
2176920,2,VALIDATED,1789016219564
2176920,3,PROCESSED,1789016219568
2176921,1,INITIATED,1789016219581
2176921,2,VALIDATED,1789016219584
2176921,3,PROCESSED,1789016219587
2176922,1,INITIATED,1789016219601
2176922,2,VALIDATED,1789016219603
2176922,3,PROCESSED,1789016219606
2176923,1,INITIATED,1789016219621
2176923,2,VALIDATED,1789016219625
2176923,3,PROCESSED,1789016219629
2176924,1,INITIATED,1789016219641
2176924,2,VALIDATED,1789016219645
2176924,3,PROCESSED,1789016219649
2176925,1,INITIATED,1789016219661
2176925,2,VALIDATED,1789016219663
2176925,3,PROCESSED,1789016219667
2176926,1,INITIATED,1789016219681
2176926,2,VALIDATED,1789016219684
2176926,3,PROCESSED,1789016219686
2176927,1,INITIATED,1789016219700
2176927,2,VALIDATED,1789016219703
2176927,3,PROCESSED,1789016219707
2176928,1,INITIATED,1789016219721
2176928,2,VALIDATED,1789016219724
2176928,3,PROCESSED,1789016219728
2176929,1,INITIATED,1789016219741
2176929,2,VALIDATED,1789016219745
2176929,3,PROCESSED,1789016219748
2176930,1,INITIATED,1789016219761
2176930,2,VALIDATED,1789016219765
2176930,3,PROCESSED,1789016219769
2176931,1,INITIATED,1789016219781
2176931,2,VALIDATED,1789016219785
2176931,3,PROCESSED,1789016219789
2176932,1,INITIATED,1789016219801
2176932,2,VALIDATED,1789016219804
2176932,3,PROCESSED,1789016219807
2176933,1,INITIATED,1789016219821
2176933,2,VALIDATED,1789016219825
2176933,3,REJECTED,1789016219828
2176934,1,INITIATED,1789016219841
2176934,2,VALIDATED,1789016219845
2176934,3,REJECTED,1789016219849
2176935,1,INITIATED,1789016219861
2176935,2,VALIDATED,1789016219864
2176935,3,REJECTED,1789016219866
2176936,1,INITIATED,1789016219881
2176936,2,VALIDATED,1789016219885
2176936,3,REJECTED,1789016219888
2176937,1,INITIATED,1789016219902
2176937,2,VALIDATED,1789016219906
2176937,3,PROCESSED,1789016219910
2176938,1,INITIATED,1789016219921
2176938,2,VALIDATED,1789016219925
2176938,3,PROCESSED,1789016219929
2176939,1,INITIATED,1789016219941
2176939,2,VALIDATED,1789016219945
2176939,3,PROCESSED,1789016219949
2176940,1,INITIATED,1789016219962
2176940,2,VALIDATED,1789016219966
2176940,3,PROCESSED,1789016219971
2176941,1,INITIATED,1789016219982
2176941,2,VALIDATED,1789016219985
2176941,3,PROCESSED,1789016220004
2176942,1,INITIATED,1789016220002
2176942,2,VALIDATED,1789016220005
2176942,3,PROCESSED,1789016220009
2176943,1,INITIATED,1789016220022
2176943,2,VALIDATED,1789016220026
2176943,3,PROCESSED,1789016220031
2176944,1,INITIATED,1789016220041
2176944,2,VALIDATED,1789016220044
2176944,3,PROCESSED,1789016220048
2176945,1,INITIATED,1789016220062
2176945,2,VALIDATED,1789016220065
2176945,3,PROCESSED,1789016220069
2176946,1,INITIATED,1789016220081
2176946,2,VALIDATED,1789016220085
2176946,3,PROCESSED,1789016220090
2176947,1,INITIATED,1789016220357
2176947,2,VALIDATED,1789016220484
2176947,3,PROCESSED,1789016220507
2176948,1,INITIATED,1789016220358
2176948,2,VALIDATED,1789016220488
2176948,3,PROCESSED,1789016220508
2176949,1,INITIATED,1789016220359
2176949,2,VALIDATED,1789016220488
2176949,3,PROCESSED,1789016220508
2176950,1,INITIATED,1789016220358
2176950,2,VALIDATED,1789016220489
2176950,3,PROCESSED,1789016220507
2176951,1,INITIATED,1789016220357
2176951,2,VALIDATED,1789016220486
2176951,3,PROCESSED,1789016220509
2176952,1,INITIATED,1789016220359
2176952,2,VALIDATED,1789016220489
2176952,3,PROCESSED,1789016220508
2176953,1,INITIATED,1789016220358
2176953,2,VALIDATED,1789016220487
2176953,3,PROCESSED,1789016220509
2176954,1,INITIATED,1789016220358
2176954,2,VALIDATED,1789016220487
2176954,3,PROCESSED,1789016220508
2176955,1,INITIATED,1789016220357
2176955,2,VALIDATED,1789016220488
2176955,3,PROCESSED,1789016220507
2176956,1,INITIATED,1789016220357
2176956,2,VALIDATED,1789016220487
2176956,3,PROCESSED,1789016220508
2176957,1,INITIATED,1789016220357
2176957,2,VALIDATED,1789016220484
2176957,3,PROCESSED,1789016220506
2176958,1,INITIATED,1789016220357
2176958,2,VALIDATED,1789016220488
2176958,3,PROCESSED,1789016220506
2176959,1,INITIATED,1789016220359
2176959,2,VALIDATED,1789016220488
2176959,3,PROCESSED,1789016220506
2176960,1,INITIATED,1789016220362
2176960,2,VALIDATED,1789016220489
2176960,3,PROCESSED,1789016220507
2176961,1,INITIATED,1789016220485
2176961,2,VALIDATED,1789016220504
2176961,3,PROCESSED,1789016220513
2176962,1,INITIATED,1789016220488
2176962,2,VALIDATED,1789016220505
2176962,3,PROCESSED,1789016220513
2176963,1,INITIATED,1789016220485
2176963,2,VALIDATED,1789016220504
2176963,3,PROCESSED,1789016220513
2176964,1,INITIATED,1789016220487
2176964,2,VALIDATED,1789016220505
2176964,3,PROCESSED,1789016220513
2176965,1,INITIATED,1789016220485
2176965,2,VALIDATED,1789016220504
2176965,3,PROCESSED,1789016220512
2176966,1,INITIATED,1789016220485
2176966,2,VALIDATED,1789016220503
2176966,3,PROCESSED,1789016220511
2176967,1,INITIATED,1789016220502
2176967,2,VALIDATED,1789016220509
2176967,3,PROCESSED,1789016220514
2176968,1,INITIATED,1789016220521
2176968,2,VALIDATED,1789016220524
2176968,3,PROCESSED,1789016220527
2176969,1,INITIATED,1789016220541
2176969,2,VALIDATED,1789016220545
2176969,3,PROCESSED,1789016220548
2176970,1,INITIATED,1789016220561
2176970,2,VALIDATED,1789016220564
2176970,3,PROCESSED,1789016220568
2176971,1,INITIATED,1789016220581
2176971,2,VALIDATED,1789016220585
2176971,3,PROCESSED,1789016220589
2176972,1,INITIATED,1789016220601
2176972,2,VALIDATED,1789016220604
2176972,3,PROCESSED,1789016220607
2176973,1,INITIATED,1789016220621
2176973,2,VALIDATED,1789016220624
2176973,3,PROCESSED,1789016220628
2176974,1,INITIATED,1789016220641
2176974,2,VALIDATED,1789016220645
2176974,3,PROCESSED,1789016220650
2176975,1,INITIATED,1789016220662
2176975,2,VALIDATED,1789016220666
2176975,3,PROCESSED,1789016220670
2176976,1,INITIATED,1789016220682
2176976,2,VALIDATED,1789016220685
2176976,3,PROCESSED,1789016220689
2176977,1,INITIATED,1789016220701
2176977,2,VALIDATED,1789016220705
2176977,3,PROCESSED,1789016220709
2176978,1,INITIATED,1789016220721
2176978,2,VALIDATED,1789016220725
2176978,3,PROCESSED,1789016220743
2176979,1,INITIATED,1789016220741
2176979,2,VALIDATED,1789016220745
2176979,3,PROCESSED,1789016220750
2176980,1,INITIATED,1789016220762
2176980,2,VALIDATED,1789016220766
2176980,3,PROCESSED,1789016220771
2176981,1,INITIATED,1789016220782
2176981,2,VALIDATED,1789016220785
2176981,3,PROCESSED,1789016220789
2176982,1,INITIATED,1789016220801
2176982,2,VALIDATED,1789016220804
2176982,3,PROCESSED,1789016220808
2176983,1,INITIATED,1789016220820
2176983,2,VALIDATED,1789016220823
2176983,3,PROCESSED,1789016220827
2176984,1,INITIATED,1789016220841
2176984,2,VALIDATED,1789016220845
2176984,3,PROCESSED,1789016220848
2176985,1,INITIATED,1789016220861
2176985,2,VALIDATED,1789016220865
2176985,3,PROCESSED,1789016220868
2176986,1,INITIATED,1789016220881
2176986,2,VALIDATED,1789016220885
2176986,3,PROCESSED,1789016220889
2176987,1,INITIATED,1789016220901
2176987,2,VALIDATED,1789016220905
2176987,3,PROCESSED,1789016220909
2176988,1,INITIATED,1789016220921
2176988,2,VALIDATED,1789016220924
2176988,3,PROCESSED,1789016220927
2176989,1,INITIATED,1789016220941
2176989,2,VALIDATED,1789016220944
2176989,3,PROCESSED,1789016220948
2176990,1,INITIATED,1789016220961
2176990,2,VALIDATED,1789016220965
2176990,3,PROCESSED,1789016220968
2176991,1,INITIATED,1789016220981
2176991,2,VALIDATED,1789016220984
2176991,3,PROCESSED,1789016220987
2176992,1,INITIATED,1789016221001
2176992,2,VALIDATED,1789016221004
2176992,3,PROCESSED,1789016221007
2176993,1,INITIATED,1789016221021
2176993,2,VALIDATED,1789016221038
2176993,3,PROCESSED,1789016221042
2176994,1,INITIATED,1789016221041
2176994,2,VALIDATED,1789016221043
2176994,3,PROCESSED,1789016221046
2176995,1,INITIATED,1789016221061
2176995,2,VALIDATED,1789016221064
2176995,3,PROCESSED,1789016221068
2176996,1,INITIATED,1789016221081
2176996,2,VALIDATED,1789016221084
2176996,3,PROCESSED,1789016221089
2176997,1,INITIATED,1789016221101
2176997,2,VALIDATED,1789016221393
2176997,3,PROCESSED,1789016221525
2176998,1,INITIATED,1789016221392
2176998,2,VALIDATED,1789016221520
2176998,3,PROCESSED,1789016221529
2176999,1,INITIATED,1789016221394
2176999,2,VALIDATED,1789016221523
2176999,3,PROCESSED,1789016221532
2177000,1,INITIATED,1789016221394
2177000,2,VALIDATED,1789016221522
2177000,3,PROCESSED,1789016221529
2177001,1,INITIATED,1789016221392
2177001,2,VALIDATED,1789016221522
2177001,3,PROCESSED,1789016221533
2177002,1,INITIATED,1789016221394
2177002,2,VALIDATED,1789016221521
2177002,3,PROCESSED,1789016221532
2177003,1,INITIATED,1789016221394
2177003,2,VALIDATED,1789016221519
2177003,3,PROCESSED,1789016221527
2177004,1,INITIATED,1789016221393
2177004,2,VALIDATED,1789016221519
2177004,3,PROCESSED,1789016221528
2177005,1,INITIATED,1789016221394
2177005,2,VALIDATED,1789016221521
2177005,3,PROCESSED,1789016221532
2177006,1,INITIATED,1789016221393
2177006,2,VALIDATED,1789016221520
2177006,3,PROCESSED,1789016221530
2177007,1,INITIATED,1789016221394
2177007,2,VALIDATED,1789016221523
2177007,3,PROCESSED,1789016221533
2177008,1,INITIATED,1789016221395
2177008,2,VALIDATED,1789016221519
2177008,3,PROCESSED,1789016221528
2177009,1,INITIATED,1789016221393
2177009,2,VALIDATED,1789016221523
2177009,3,PROCESSED,1789016221534
2177010,1,INITIATED,1789016221393
2177010,2,VALIDATED,1789016221523
2177010,3,PROCESSED,1789016221534
2177011,1,INITIATED,1789016221392
2177011,2,VALIDATED,1789016221524
2177011,3,PROCESSED,1789016221534
2177012,1,INITIATED,1789016221401
2177012,2,VALIDATED,1789016221521
2177012,3,PROCESSED,1789016221531
2177013,1,INITIATED,1789016221423
2177013,2,VALIDATED,1789016221524
2177013,3,PROCESSED,1789016221534
2177014,1,INITIATED,1789016221441
2177014,2,VALIDATED,1789016221522
2177014,3,PROCESSED,1789016221533
2177015,1,INITIATED,1789016221462
2177015,2,VALIDATED,1789016221524
2177015,3,PROCESSED,1789016221533
2177016,1,INITIATED,1789016221482
2177016,2,VALIDATED,1789016221523
2177016,3,PROCESSED,1789016221533
2177017,1,INITIATED,1789016221501
2177017,2,VALIDATED,1789016221522
2177017,3,PROCESSED,1789016221530
2177018,1,INITIATED,1789016221523
2177018,2,VALIDATED,1789016221529
2177018,3,PROCESSED,1789016221536
2177019,1,INITIATED,1789016221541
2177019,2,VALIDATED,1789016221544
2177019,3,PROCESSED,1789016221548
2177020,1,INITIATED,1789016221561
2177020,2,VALIDATED,1789016221565
2177020,3,PROCESSED,1789016221569
2177021,1,INITIATED,1789016221581
2177021,2,VALIDATED,1789016221584
2177021,3,PROCESSED,1789016221602
2177022,1,INITIATED,1789016221601
2177022,2,VALIDATED,1789016221604
2177022,3,PROCESSED,1789016221608
2177023,1,INITIATED,1789016221621
2177023,2,VALIDATED,1789016221625
2177023,3,PROCESSED,1789016221630
2177024,1,INITIATED,1789016221642
2177024,2,VALIDATED,1789016221646
2177024,3,PROCESSED,1789016221650
2177025,1,INITIATED,1789016221661
2177025,2,VALIDATED,1789016221665
2177025,3,PROCESSED,1789016221669
2177026,1,INITIATED,1789016221682
2177026,2,VALIDATED,1789016221685
2177026,3,PROCESSED,1789016221689
2177027,1,INITIATED,1789016221702
2177027,2,VALIDATED,1789016221705
2177027,3,PROCESSED,1789016221709
2177028,1,INITIATED,1789016221721
2177028,2,VALIDATED,1789016221724
2177028,3,PROCESSED,1789016221728
2177029,1,INITIATED,1789016221742
2177029,2,VALIDATED,1789016221745
2177029,3,PROCESSED,1789016221750
2177030,1,INITIATED,1789016221762
2177030,2,VALIDATED,1789016221766
2177030,3,PROCESSED,1789016221772
2177031,1,INITIATED,1789016221781
2177031,2,VALIDATED,1789016221786
2177031,3,PROCESSED,1789016221791
2177032,1,INITIATED,1789016221802
2177032,2,VALIDATED,1789016221806
2177032,3,PROCESSED,1789016221811
2177033,1,INITIATED,1789016221822
2177033,2,VALIDATED,1789016221826
2177033,3,REJECTED,1789016221829
2177034,1,INITIATED,1789016221841
2177034,2,VALIDATED,1789016221846
2177034,3,REJECTED,1789016221849
2177035,1,INITIATED,1789016221861
2177035,2,VALIDATED,1789016221865
2177035,3,REJECTED,1789016221868
2177036,1,INITIATED,1789016221881
2177036,2,VALIDATED,1789016221885
2177036,3,REJECTED,1789016221888
2177037,1,INITIATED,1789016221901
2177037,2,VALIDATED,1789016221905
2177037,3,PROCESSED,1789016221910
2177038,1,INITIATED,1789016221922
2177038,2,VALIDATED,1789016221926
2177038,3,PROCESSED,1789016221932
2177039,1,INITIATED,1789016221942
2177039,2,VALIDATED,1789016221946
2177039,3,PROCESSED,1789016221951
2177040,1,INITIATED,1789016221961
2177040,2,VALIDATED,1789016221965
2177040,3,PROCESSED,1789016221970
2177041,1,INITIATED,1789016221981
2177041,2,VALIDATED,1789016221985
2177041,3,PROCESSED,1789016221991
2177042,1,INITIATED,1789016222001
2177042,2,VALIDATED,1789016222005
2177042,3,PROCESSED,1789016222010
2177043,1,INITIATED,1789016222021
2177043,2,VALIDATED,1789016222026
2177043,3,PROCESSED,1789016222031
2177044,1,INITIATED,1789016222042
2177044,2,VALIDATED,1789016222045
2177044,3,PROCESSED,1789016222050
2177045,1,INITIATED,1789016222061
2177045,2,VALIDATED,1789016222065
2177045,3,PROCESSED,1789016222070
2177046,1,INITIATED,1789016222082
2177046,2,VALIDATED,1789016222086
2177046,3,PROCESSED,1789016222090
2177047,1,INITIATED,1789016222102
2177047,2,VALIDATED,1789016222107
2177047,3,PROCESSED,1789016222371
2177048,1,INITIATED,1789016222137
2177048,2,VALIDATED,1789016222371
2177048,3,PROCESSED,1789016222389
2177049,1,INITIATED,1789016222368
2177049,2,VALIDATED,1789016222386
2177049,3,PROCESSED,1789016222445
2177050,1,INITIATED,1789016222367
2177050,2,VALIDATED,1789016222372
2177050,3,PROCESSED,1789016222389
2177051,1,INITIATED,1789016222369
2177051,2,VALIDATED,1789016222388
2177051,3,PROCESSED,1789016222461
2177052,1,INITIATED,1789016222369
2177052,2,VALIDATED,1789016222387
2177052,3,PROCESSED,1789016222461
2177053,1,INITIATED,1789016222368
2177053,2,VALIDATED,1789016222372
2177053,3,PROCESSED,1789016222389
2177054,1,INITIATED,1789016222367
2177054,2,VALIDATED,1789016222372
2177054,3,PROCESSED,1789016222389
2177055,1,INITIATED,1789016222367
2177055,2,VALIDATED,1789016222373
2177055,3,PROCESSED,1789016222389
2177056,1,INITIATED,1789016222369
2177056,2,VALIDATED,1789016222387
2177056,3,PROCESSED,1789016222461
2177057,1,INITIATED,1789016222368
2177057,2,VALIDATED,1789016222387
2177057,3,PROCESSED,1789016222460
2177058,1,INITIATED,1789016222368
2177058,2,VALIDATED,1789016222387
2177058,3,PROCESSED,1789016222460
2177059,1,INITIATED,1789016222367
2177059,2,VALIDATED,1789016222371
2177059,3,PROCESSED,1789016222389
2177060,1,INITIATED,1789016222369
2177060,2,VALIDATED,1789016222387
2177060,3,PROCESSED,1789016222460
2177061,1,INITIATED,1789016222381
2177061,2,VALIDATED,1789016222387
2177061,3,PROCESSED,1789016222460
2177062,1,INITIATED,1789016222401
2177062,2,VALIDATED,1789016222458
2177062,3,PROCESSED,1789016222463
2177063,1,INITIATED,1789016222422
2177063,2,VALIDATED,1789016222458
2177063,3,PROCESSED,1789016222464
2177064,1,INITIATED,1789016222442
2177064,2,VALIDATED,1789016222461
2177064,3,PROCESSED,1789016222465
2177065,1,INITIATED,1789016222462
2177065,2,VALIDATED,1789016222466
2177065,3,PROCESSED,1789016222469
2177066,1,INITIATED,1789016222481
2177066,2,VALIDATED,1789016222484
2177066,3,PROCESSED,1789016222488
2177067,1,INITIATED,1789016222501
2177067,2,VALIDATED,1789016222504
2177067,3,PROCESSED,1789016222508
2177068,1,INITIATED,1789016222521
2177068,2,VALIDATED,1789016222525
2177068,3,PROCESSED,1789016222529
2177069,1,INITIATED,1789016222541
2177069,2,VALIDATED,1789016222544
2177069,3,PROCESSED,1789016222548
2177070,1,INITIATED,1789016222561
2177070,2,VALIDATED,1789016222565
2177070,3,PROCESSED,1789016222569
2177071,1,INITIATED,1789016222581
2177071,2,VALIDATED,1789016222585
2177071,3,PROCESSED,1789016222588
2177072,1,INITIATED,1789016222601
2177072,2,VALIDATED,1789016222618
2177072,3,PROCESSED,1789016222622
2177073,1,INITIATED,1789016222621
2177073,2,VALIDATED,1789016222624
2177073,3,PROCESSED,1789016222628
2177074,1,INITIATED,1789016222641
2177074,2,VALIDATED,1789016222644
2177074,3,PROCESSED,1789016222648
2177075,1,INITIATED,1789016222661
2177075,2,VALIDATED,1789016222665
2177075,3,PROCESSED,1789016222669
2177076,1,INITIATED,1789016222681
2177076,2,VALIDATED,1789016222685
2177076,3,PROCESSED,1789016222688
2177077,1,INITIATED,1789016222701
2177077,2,VALIDATED,1789016222703
2177077,3,PROCESSED,1789016222706
2177078,1,INITIATED,1789016222721
2177078,2,VALIDATED,1789016222723
2177078,3,PROCESSED,1789016222726
2177079,1,INITIATED,1789016222741
2177079,2,VALIDATED,1789016222744
2177079,3,PROCESSED,1789016222747
2177080,1,INITIATED,1789016222761
2177080,2,VALIDATED,1789016222765
2177080,3,PROCESSED,1789016222768
2177081,1,INITIATED,1789016222780
2177081,2,VALIDATED,1789016222784
2177081,3,PROCESSED,1789016222786
2177082,1,INITIATED,1789016222801
2177082,2,VALIDATED,1789016222804
2177082,3,PROCESSED,1789016222808
2177083,1,INITIATED,1789016222822
2177083,2,VALIDATED,1789016222839
2177083,3,PROCESSED,1789016222842
2177084,1,INITIATED,1789016222841
2177084,2,VALIDATED,1789016222843
2177084,3,PROCESSED,1789016222846
2177085,1,INITIATED,1789016222861
2177085,2,VALIDATED,1789016222865
2177085,3,PROCESSED,1789016222869
2177086,1,INITIATED,1789016222881
2177086,2,VALIDATED,1789016222885
2177086,3,PROCESSED,1789016222888
2177087,1,INITIATED,1789016222901
2177087,2,VALIDATED,1789016222904
2177087,3,PROCESSED,1789016222908
2177088,1,INITIATED,1789016222921
2177088,2,VALIDATED,1789016222923
2177088,3,PROCESSED,1789016222926
2177089,1,INITIATED,1789016222941
2177089,2,VALIDATED,1789016222943
2177089,3,PROCESSED,1789016222946
2177090,1,INITIATED,1789016222961
2177090,2,VALIDATED,1789016222965
2177090,3,PROCESSED,1789016222968
2177091,1,INITIATED,1789016222981
2177091,2,VALIDATED,1789016222985
2177091,3,PROCESSED,1789016222989
2177092,1,INITIATED,1789016223001
2177092,2,VALIDATED,1789016223004
2177092,3,PROCESSED,1789016223008
2177093,1,INITIATED,1789016223021
2177093,2,VALIDATED,1789016223024
2177093,3,PROCESSED,1789016223027
2177094,1,INITIATED,1789016223041
2177094,2,VALIDATED,1789016223044
2177094,3,PROCESSED,1789016223047
2177095,1,INITIATED,1789016223061
2177095,2,VALIDATED,1789016223065
2177095,3,PROCESSED,1789016223069
2177096,1,INITIATED,1789016223082
2177096,2,VALIDATED,1789016223085
2177096,3,PROCESSED,1789016223088
2177097,1,INITIATED,1789016223101
2177097,2,VALIDATED,1789016223147
2177097,3,PROCESSED,1789016223151
2177098,1,INITIATED,1789016223145
2177098,2,VALIDATED,1789016223149
2177098,3,PROCESSED,1789016223167
2177099,1,INITIATED,1789016223145
2177099,2,VALIDATED,1789016223148
2177099,3,PROCESSED,1789016223167
2177100,1,INITIATED,1789016223161
2177100,2,VALIDATED,1789016223166
2177100,3,PROCESSED,1789016223171
2177101,1,INITIATED,1789016223181
2177101,2,VALIDATED,1789016223184
2177101,3,PROCESSED,1789016223188
2177102,1,INITIATED,1789016223202
2177102,2,VALIDATED,1789016223206
2177102,3,PROCESSED,1789016223210
2177103,1,INITIATED,1789016223222
2177103,2,VALIDATED,1789016223229
2177103,3,PROCESSED,1789016223234
2177104,1,INITIATED,1789016223241
2177104,2,VALIDATED,1789016223245
2177104,3,PROCESSED,1789016223249
2177105,1,INITIATED,1789016223261
2177105,2,VALIDATED,1789016223265
2177105,3,PROCESSED,1789016223269
2177106,1,INITIATED,1789016223281
2177106,2,VALIDATED,1789016223285
2177106,3,PROCESSED,1789016223289
2177107,1,INITIATED,1789016223300
2177107,2,VALIDATED,1789016223304
2177107,3,PROCESSED,1789016223307
2177108,1,INITIATED,1789016223321
2177108,2,VALIDATED,1789016223324
2177108,3,PROCESSED,1789016223328
2177109,1,INITIATED,1789016223342
2177109,2,VALIDATED,1789016223345
2177109,3,PROCESSED,1789016223348
2177110,1,INITIATED,1789016223362
2177110,2,VALIDATED,1789016223366
2177110,3,PROCESSED,1789016223370
2177111,1,INITIATED,1789016223382
2177111,2,VALIDATED,1789016223386
2177111,3,PROCESSED,1789016223391
2177112,1,INITIATED,1789016223401
2177112,2,VALIDATED,1789016223404
2177112,3,PROCESSED,1789016223409
2177113,1,INITIATED,1789016223421
2177113,2,VALIDATED,1789016223425
2177113,3,PROCESSED,1789016223430
2177114,1,INITIATED,1789016223442
2177114,2,VALIDATED,1789016223446
2177114,3,PROCESSED,1789016223451
2177115,1,INITIATED,1789016223462
2177115,2,VALIDATED,1789016223479
2177115,3,PROCESSED,1789016223483
2177116,1,INITIATED,1789016223481
2177116,2,VALIDATED,1789016223484
2177116,3,PROCESSED,1789016223487
2177117,1,INITIATED,1789016223501
2177117,2,VALIDATED,1789016223504
2177117,3,PROCESSED,1789016223508
2177118,1,INITIATED,1789016223521
2177118,2,VALIDATED,1789016223525
2177118,3,PROCESSED,1789016223528
2177119,1,INITIATED,1789016223541
2177119,2,VALIDATED,1789016223544
2177119,3,PROCESSED,1789016223547
2177120,1,INITIATED,1789016223561
2177120,2,VALIDATED,1789016223564
2177120,3,PROCESSED,1789016223568
2177121,1,INITIATED,1789016223582
2177121,2,VALIDATED,1789016223586
2177121,3,PROCESSED,1789016223590
2177122,1,INITIATED,1789016223601
2177122,2,VALIDATED,1789016223604
2177122,3,PROCESSED,1789016223608
2177123,1,INITIATED,1789016223621
2177123,2,VALIDATED,1789016223624
2177123,3,PROCESSED,1789016223629
2177124,1,INITIATED,1789016223641
2177124,2,VALIDATED,1789016223644
2177124,3,PROCESSED,1789016223648
2177125,1,INITIATED,1789016223660
2177125,2,VALIDATED,1789016223664
2177125,3,PROCESSED,1789016223668
2177126,1,INITIATED,1789016223681
2177126,2,VALIDATED,1789016223684
2177126,3,PROCESSED,1789016223688
2177127,1,INITIATED,1789016223701
2177127,2,VALIDATED,1789016223705
2177127,3,PROCESSED,1789016223708
2177128,1,INITIATED,1789016223721
2177128,2,VALIDATED,1789016223724
2177128,3,PROCESSED,1789016223728
2177129,1,INITIATED,1789016223741
2177129,2,VALIDATED,1789016223758
2177129,3,PROCESSED,1789016223762
2177130,1,INITIATED,1789016223761
2177130,2,VALIDATED,1789016223764
2177130,3,PROCESSED,1789016223767
2177131,1,INITIATED,1789016223781
2177131,2,VALIDATED,1789016223784
2177131,3,PROCESSED,1789016223788
2177132,1,INITIATED,1789016223801
2177132,2,VALIDATED,1789016223804
2177132,3,PROCESSED,1789016223809
2177133,1,INITIATED,1789016223822
2177133,2,VALIDATED,1789016223826
2177133,3,REJECTED,1789016223828
2177134,1,INITIATED,1789016223841
2177134,2,VALIDATED,1789016223844
2177134,3,REJECTED,1789016223847
2177135,1,INITIATED,1789016223861
2177135,2,VALIDATED,1789016223863
2177135,3,REJECTED,1789016223865
2177136,1,INITIATED,1789016223881
2177136,2,VALIDATED,1789016223885
2177136,3,REJECTED,1789016223887
2177137,1,INITIATED,1789016223901
2177137,2,VALIDATED,1789016223905
2177137,3,PROCESSED,1789016223909
2177138,1,INITIATED,1789016223921
2177138,2,VALIDATED,1789016223924
2177138,3,PROCESSED,1789016223927
2177139,1,INITIATED,1789016223941
2177139,2,VALIDATED,1789016223944
2177139,3,PROCESSED,1789016223947
2177140,1,INITIATED,1789016223961
2177140,2,VALIDATED,1789016223964
2177140,3,PROCESSED,1789016223967
2177141,1,INITIATED,1789016223980
2177141,2,VALIDATED,1789016223983
2177141,3,PROCESSED,1789016223985
2177142,1,INITIATED,1789016224001
2177142,2,VALIDATED,1789016224004
2177142,3,PROCESSED,1789016224008
2177143,1,INITIATED,1789016224022
2177143,2,VALIDATED,1789016224026
2177143,3,PROCESSED,1789016224031
2177144,1,INITIATED,1789016224041
2177144,2,VALIDATED,1789016224044
2177144,3,PROCESSED,1789016224048
2177145,1,INITIATED,1789016224061
2177145,2,VALIDATED,1789016224064
2177145,3,PROCESSED,1789016224067
2177146,1,INITIATED,1789016224081
2177146,2,VALIDATED,1789016224084
2177146,3,PROCESSED,1789016224087
2177147,1,INITIATED,1789016224353
2177147,2,VALIDATED,1789016224492
2177147,3,PROCESSED,1789016224526
2177148,1,INITIATED,1789016224352
2177148,2,VALIDATED,1789016224490
2177148,3,PROCESSED,1789016224526
2177149,1,INITIATED,1789016224353
2177149,2,VALIDATED,1789016224492
2177149,3,PROCESSED,1789016224530
2177150,1,INITIATED,1789016224351
2177150,2,VALIDATED,1789016224356
2177150,3,PROCESSED,1789016224494
2177151,1,INITIATED,1789016224353
2177151,2,VALIDATED,1789016224491
2177151,3,PROCESSED,1789016224525
2177152,1,INITIATED,1789016224352
2177152,2,VALIDATED,1789016224490
2177152,3,PROCESSED,1789016224529
2177153,1,INITIATED,1789016224352
2177153,2,VALIDATED,1789016224356
2177153,3,PROCESSED,1789016224494
2177154,1,INITIATED,1789016224352
2177154,2,VALIDATED,1789016224491
2177154,3,PROCESSED,1789016224525
2177155,1,INITIATED,1789016224351
2177155,2,VALIDATED,1789016224356
2177155,3,PROCESSED,1789016224493
2177156,1,INITIATED,1789016224353
2177156,2,VALIDATED,1789016224493
2177156,3,PROCESSED,1789016224533
2177157,1,INITIATED,1789016224352
2177157,2,VALIDATED,1789016224491
2177157,3,PROCESSED,1789016224524
2177158,1,INITIATED,1789016224353
2177158,2,VALIDATED,1789016224492
2177158,3,PROCESSED,1789016224525
2177159,1,INITIATED,1789016224353
2177159,2,VALIDATED,1789016224493
2177159,3,PROCESSED,1789016224528
2177160,1,INITIATED,1789016224363
2177160,2,VALIDATED,1789016224493
2177160,3,PROCESSED,1789016224528
2177161,1,INITIATED,1789016224490
2177161,2,VALIDATED,1789016224521
2177161,3,PROCESSED,1789016224537
2177162,1,INITIATED,1789016224492
2177162,2,VALIDATED,1789016224532
2177162,3,PROCESSED,1789016224538
2177163,1,INITIATED,1789016224492
2177163,2,VALIDATED,1789016224531
2177163,3,PROCESSED,1789016224538
2177164,1,INITIATED,1789016224493
2177164,2,VALIDATED,1789016224521
2177164,3,PROCESSED,1789016224537
2177165,1,INITIATED,1789016224492
2177165,2,VALIDATED,1789016224531
2177165,3,PROCESSED,1789016224538
2177166,1,INITIATED,1789016224491
2177166,2,VALIDATED,1789016224530
2177166,3,PROCESSED,1789016224537
2177167,1,INITIATED,1789016224501
2177167,2,VALIDATED,1789016224521
2177167,3,PROCESSED,1789016224537
2177168,1,INITIATED,1789016224528
2177168,2,VALIDATED,1789016224536
2177168,3,PROCESSED,1789016224553
2177169,1,INITIATED,1789016224541
2177169,2,VALIDATED,1789016224551
2177169,3,PROCESSED,1789016224568
2177170,1,INITIATED,1789016224562
2177170,2,VALIDATED,1789016224566
2177170,3,PROCESSED,1789016224571
2177171,1,INITIATED,1789016224581
2177171,2,VALIDATED,1789016224588
2177171,3,PROCESSED,1789016224592
2177172,1,INITIATED,1789016224602
2177172,2,VALIDATED,1789016224608
2177172,3,PROCESSED,1789016224611
2177173,1,INITIATED,1789016224621
2177173,2,VALIDATED,1789016224625
2177173,3,PROCESSED,1789016224630
2177174,1,INITIATED,1789016224641
2177174,2,VALIDATED,1789016224645
2177174,3,PROCESSED,1789016224649
2177175,1,INITIATED,1789016224661
2177175,2,VALIDATED,1789016224665
2177175,3,PROCESSED,1789016224670
2177176,1,INITIATED,1789016224682
2177176,2,VALIDATED,1789016224686
2177176,3,PROCESSED,1789016224690
2177177,1,INITIATED,1789016224701
2177177,2,VALIDATED,1789016224705
2177177,3,PROCESSED,1789016224723
2177178,1,INITIATED,1789016224721
2177178,2,VALIDATED,1789016224724
2177178,3,PROCESSED,1789016224728
2177179,1,INITIATED,1789016224741
2177179,2,VALIDATED,1789016224745
2177179,3,PROCESSED,1789016224748
2177180,1,INITIATED,1789016224761
2177180,2,VALIDATED,1789016224763
2177180,3,PROCESSED,1789016224767
2177181,1,INITIATED,1789016224781
2177181,2,VALIDATED,1789016224785
2177181,3,PROCESSED,1789016224790
2177182,1,INITIATED,1789016224802
2177182,2,VALIDATED,1789016224809
2177182,3,PROCESSED,1789016224813
2177183,1,INITIATED,1789016224822
2177183,2,VALIDATED,1789016224826
2177183,3,PROCESSED,1789016224831
2177184,1,INITIATED,1789016224842
2177184,2,VALIDATED,1789016224846
2177184,3,PROCESSED,1789016224851
2177185,1,INITIATED,1789016224861
2177185,2,VALIDATED,1789016224865
2177185,3,PROCESSED,1789016224869
2177186,1,INITIATED,1789016224881
2177186,2,VALIDATED,1789016224886
2177186,3,PROCESSED,1789016224891
2177187,1,INITIATED,1789016224901
2177187,2,VALIDATED,1789016224906
2177187,3,PROCESSED,1789016224910
2177188,1,INITIATED,1789016224921
2177188,2,VALIDATED,1789016224928
2177188,3,PROCESSED,1789016224934
2177189,1,INITIATED,1789016224941
2177189,2,VALIDATED,1789016224945
2177189,3,PROCESSED,1789016224949
2177190,1,INITIATED,1789016224961
2177190,2,VALIDATED,1789016224965
2177190,3,PROCESSED,1789016224969
2177191,1,INITIATED,1789016224981
2177191,2,VALIDATED,1789016224985
2177191,3,PROCESSED,1789016224990
2177192,1,INITIATED,1789016225002
2177192,2,VALIDATED,1789016225006
2177192,3,PROCESSED,1789016225010
2177193,1,INITIATED,1789016225022
2177193,2,VALIDATED,1789016225026
2177193,3,PROCESSED,1789016225030
2177194,1,INITIATED,1789016225042
2177194,2,VALIDATED,1789016225045
2177194,3,PROCESSED,1789016225049
2177195,1,INITIATED,1789016225061
2177195,2,VALIDATED,1789016225065
2177195,3,PROCESSED,1789016225069
2177196,1,INITIATED,1789016225081
2177196,2,VALIDATED,1789016225085
2177196,3,PROCESSED,1789016225089
2177197,1,INITIATED,1789016225101
2177197,2,VALIDATED,1789016225264
2177197,3,PROCESSED,1789016225368
2177198,1,INITIATED,1789016225264
2177198,2,VALIDATED,1789016225366
2177198,3,PROCESSED,1789016225386
2177199,1,INITIATED,1789016225264
2177199,2,VALIDATED,1789016225366
2177199,3,PROCESSED,1789016225386
2177200,1,INITIATED,1789016225263
2177200,2,VALIDATED,1789016225365
2177200,3,PROCESSED,1789016225385
2177201,1,INITIATED,1789016225263
2177201,2,VALIDATED,1789016225366
2177201,3,PROCESSED,1789016225386
2177202,1,INITIATED,1789016225263
2177202,2,VALIDATED,1789016225365
2177202,3,PROCESSED,1789016225385
2177203,1,INITIATED,1789016225263
2177203,2,VALIDATED,1789016225367
2177203,3,PROCESSED,1789016225386
2177204,1,INITIATED,1789016225264
2177204,2,VALIDATED,1789016225366
2177204,3,PROCESSED,1789016225386
2177205,1,INITIATED,1789016225263
2177205,2,VALIDATED,1789016225366
2177205,3,PROCESSED,1789016225386
2177206,1,INITIATED,1789016225281
2177206,2,VALIDATED,1789016225367
2177206,3,PROCESSED,1789016225387
2177207,1,INITIATED,1789016225301
2177207,2,VALIDATED,1789016225366
2177207,3,PROCESSED,1789016225387
2177208,1,INITIATED,1789016225321
2177208,2,VALIDATED,1789016225366
2177208,3,PROCESSED,1789016225386
2177209,1,INITIATED,1789016225341
2177209,2,VALIDATED,1789016225366
2177209,3,PROCESSED,1789016225387
2177210,1,INITIATED,1789016225363
2177210,2,VALIDATED,1789016225368
2177210,3,PROCESSED,1789016225387
2177211,1,INITIATED,1789016225381
2177211,2,VALIDATED,1789016225386
2177211,3,PROCESSED,1789016225391
2177212,1,INITIATED,1789016225401
2177212,2,VALIDATED,1789016225404
2177212,3,PROCESSED,1789016225408
2177213,1,INITIATED,1789016225421
2177213,2,VALIDATED,1789016225424
2177213,3,PROCESSED,1789016225427
2177214,1,INITIATED,1789016225442
2177214,2,VALIDATED,1789016225446
2177214,3,PROCESSED,1789016225450
2177215,1,INITIATED,1789016225461
2177215,2,VALIDATED,1789016225465
2177215,3,PROCESSED,1789016225469
2177216,1,INITIATED,1789016225482
2177216,2,VALIDATED,1789016225485
2177216,3,PROCESSED,1789016225491
2177217,1,INITIATED,1789016225501
2177217,2,VALIDATED,1789016225505
2177217,3,PROCESSED,1789016225510
2177218,1,INITIATED,1789016225521
2177218,2,VALIDATED,1789016225525
2177218,3,PROCESSED,1789016225530
2177219,1,INITIATED,1789016225541
2177219,2,VALIDATED,1789016225545
2177219,3,PROCESSED,1789016225549
2177220,1,INITIATED,1789016225561
2177220,2,VALIDATED,1789016225565
2177220,3,PROCESSED,1789016225569
2177221,1,INITIATED,1789016225582
2177221,2,VALIDATED,1789016225586
2177221,3,PROCESSED,1789016225590
2177222,1,INITIATED,1789016225601
2177222,2,VALIDATED,1789016225605
2177222,3,PROCESSED,1789016225609
2177223,1,INITIATED,1789016225621
2177223,2,VALIDATED,1789016225625
2177223,3,PROCESSED,1789016225628
2177224,1,INITIATED,1789016225641
2177224,2,VALIDATED,1789016225644
2177224,3,PROCESSED,1789016225647
2177225,1,INITIATED,1789016225661
2177225,2,VALIDATED,1789016225664
2177225,3,PROCESSED,1789016225668
2177226,1,INITIATED,1789016225682
2177226,2,VALIDATED,1789016225685
2177226,3,PROCESSED,1789016225688
2177227,1,INITIATED,1789016225701
2177227,2,VALIDATED,1789016225704
2177227,3,PROCESSED,1789016225708
2177228,1,INITIATED,1789016225721
2177228,2,VALIDATED,1789016225724
2177228,3,PROCESSED,1789016225728
2177229,1,INITIATED,1789016225741
2177229,2,VALIDATED,1789016225744
2177229,3,PROCESSED,1789016225747
2177230,1,INITIATED,1789016225761
2177230,2,VALIDATED,1789016225763
2177230,3,PROCESSED,1789016225766
2177231,1,INITIATED,1789016225781
2177231,2,VALIDATED,1789016225784
2177231,3,PROCESSED,1789016225787
2177232,1,INITIATED,1789016225802
2177232,2,VALIDATED,1789016225805
2177232,3,PROCESSED,1789016225810
2177233,1,INITIATED,1789016225822
2177233,2,VALIDATED,1789016225826
2177233,3,REJECTED,1789016225829
2177234,1,INITIATED,1789016225841
2177234,2,VALIDATED,1789016225845
2177234,3,REJECTED,1789016225847
2177235,1,INITIATED,1789016225861
2177235,2,VALIDATED,1789016225864
2177235,3,REJECTED,1789016225866
2177236,1,INITIATED,1789016225881
2177236,2,VALIDATED,1789016225884
2177236,3,REJECTED,1789016225886
2177237,1,INITIATED,1789016225902
2177237,2,VALIDATED,1789016225905
2177237,3,PROCESSED,1789016225909
2177238,1,INITIATED,1789016225921
2177238,2,VALIDATED,1789016225925
2177238,3,PROCESSED,1789016225930
2177239,1,INITIATED,1789016225941
2177239,2,VALIDATED,1789016225945
2177239,3,PROCESSED,1789016225949
2177240,1,INITIATED,1789016225961
2177240,2,VALIDATED,1789016225965
2177240,3,PROCESSED,1789016225968
2177241,1,INITIATED,1789016225981
2177241,2,VALIDATED,1789016225984
2177241,3,PROCESSED,1789016225987
2177242,1,INITIATED,1789016226001
2177242,2,VALIDATED,1789016226004
2177242,3,PROCESSED,1789016226023
2177243,1,INITIATED,1789016226021
2177243,2,VALIDATED,1789016226026
2177243,3,PROCESSED,1789016226030
2177244,1,INITIATED,1789016226041
2177244,2,VALIDATED,1789016226045
2177244,3,PROCESSED,1789016226049
2177245,1,INITIATED,1789016226061
2177245,2,VALIDATED,1789016226064
2177245,3,PROCESSED,1789016226067
2177246,1,INITIATED,1789016226081
2177246,2,VALIDATED,1789016226084
2177246,3,PROCESSED,1789016226087
2177247,1,INITIATED,1789016226101
2177247,2,VALIDATED,1789016226440
2177247,3,PROCESSED,1789016226539
2177248,1,INITIATED,1789016226145
2177248,2,VALIDATED,1789016226439
2177248,3,PROCESSED,1789016226540
2177249,1,INITIATED,1789016226145
2177249,2,VALIDATED,1789016226440
2177249,3,PROCESSED,1789016226539
2177250,1,INITIATED,1789016226438
2177250,2,VALIDATED,1789016226536
2177250,3,PROCESSED,1789016226545
2177251,1,INITIATED,1789016226440
2177251,2,VALIDATED,1789016226537
2177251,3,PROCESSED,1789016226546
2177252,1,INITIATED,1789016226438
2177252,2,VALIDATED,1789016226537
2177252,3,PROCESSED,1789016226547
2177253,1,INITIATED,1789016226440
2177253,2,VALIDATED,1789016226537
2177253,3,PROCESSED,1789016226550
2177254,1,INITIATED,1789016226439
2177254,2,VALIDATED,1789016226538
2177254,3,PROCESSED,1789016226546
2177255,1,INITIATED,1789016226439
2177255,2,VALIDATED,1789016226536
2177255,3,PROCESSED,1789016226545
2177256,1,INITIATED,1789016226439
2177256,2,VALIDATED,1789016226538
2177256,3,PROCESSED,1789016226550
2177257,1,INITIATED,1789016226437
2177257,2,VALIDATED,1789016226457
2177257,3,PROCESSED,1789016226540
2177258,1,INITIATED,1789016226439
2177258,2,VALIDATED,1789016226536
2177258,3,PROCESSED,1789016226546
2177259,1,INITIATED,1789016226437
2177259,2,VALIDATED,1789016226457
2177259,3,PROCESSED,1789016226540
2177260,1,INITIATED,1789016226439
2177260,2,VALIDATED,1789016226537
2177260,3,PROCESSED,1789016226547
2177261,1,INITIATED,1789016226440
2177261,2,VALIDATED,1789016226536
2177261,3,PROCESSED,1789016226546
2177262,1,INITIATED,1789016226439
2177262,2,VALIDATED,1789016226536
2177262,3,PROCESSED,1789016226546
2177263,1,INITIATED,1789016226437
2177263,2,VALIDATED,1789016226457
2177263,3,PROCESSED,1789016226540
2177264,1,INITIATED,1789016226441
2177264,2,VALIDATED,1789016226536
2177264,3,PROCESSED,1789016226547
2177265,1,INITIATED,1789016226461
2177265,2,VALIDATED,1789016226537
2177265,3,PROCESSED,1789016226547
2177266,1,INITIATED,1789016226482
2177266,2,VALIDATED,1789016226538
2177266,3,PROCESSED,1789016226547
2177267,1,INITIATED,1789016226501
2177267,2,VALIDATED,1789016226538
2177267,3,PROCESSED,1789016226546
2177268,1,INITIATED,1789016226521
2177268,2,VALIDATED,1789016226538
2177268,3,PROCESSED,1789016226547
2177269,1,INITIATED,1789016226543
2177269,2,VALIDATED,1789016226546
2177269,3,PROCESSED,1789016226553
2177270,1,INITIATED,1789016226561
2177270,2,VALIDATED,1789016226568
2177270,3,PROCESSED,1789016226572
2177271,1,INITIATED,1789016226582
2177271,2,VALIDATED,1789016226585
2177271,3,PROCESSED,1789016226590
2177272,1,INITIATED,1789016226601
2177272,2,VALIDATED,1789016226605
2177272,3,PROCESSED,1789016226610
2177273,1,INITIATED,1789016226621
2177273,2,VALIDATED,1789016226625
2177273,3,PROCESSED,1789016226629
2177274,1,INITIATED,1789016226641
2177274,2,VALIDATED,1789016226645
2177274,3,PROCESSED,1789016226648
2177275,1,INITIATED,1789016226661
2177275,2,VALIDATED,1789016226664
2177275,3,PROCESSED,1789016226668
2177276,1,INITIATED,1789016226681
2177276,2,VALIDATED,1789016226685
2177276,3,PROCESSED,1789016226687
2177277,1,INITIATED,1789016226701
2177277,2,VALIDATED,1789016226704
2177277,3,PROCESSED,1789016226709
2177278,1,INITIATED,1789016226721
2177278,2,VALIDATED,1789016226724
2177278,3,PROCESSED,1789016226729
2177279,1,INITIATED,1789016226741
2177279,2,VALIDATED,1789016226744
2177279,3,PROCESSED,1789016226763
2177280,1,INITIATED,1789016226761
2177280,2,VALIDATED,1789016226763
2177280,3,PROCESSED,1789016226766
2177281,1,INITIATED,1789016226781
2177281,2,VALIDATED,1789016226784
2177281,3,PROCESSED,1789016226788
2177282,1,INITIATED,1789016226801
2177282,2,VALIDATED,1789016226805
2177282,3,PROCESSED,1789016226809
2177283,1,INITIATED,1789016226821
2177283,2,VALIDATED,1789016226825
2177283,3,PROCESSED,1789016226829
2177284,1,INITIATED,1789016226841
2177284,2,VALIDATED,1789016226845
2177284,3,PROCESSED,1789016226848
2177285,1,INITIATED,1789016226861
2177285,2,VALIDATED,1789016226864
2177285,3,PROCESSED,1789016226868
2177286,1,INITIATED,1789016226881
2177286,2,VALIDATED,1789016226884
2177286,3,PROCESSED,1789016226887
2177287,1,INITIATED,1789016226901
2177287,2,VALIDATED,1789016226904
2177287,3,PROCESSED,1789016226908
2177288,1,INITIATED,1789016226921
2177288,2,VALIDATED,1789016226924
2177288,3,PROCESSED,1789016226928
2177289,1,INITIATED,1789016226941
2177289,2,VALIDATED,1789016226945
2177289,3,PROCESSED,1789016226963
2177290,1,INITIATED,1789016226962
2177290,2,VALIDATED,1789016226964
2177290,3,PROCESSED,1789016226967
2177291,1,INITIATED,1789016226981
2177291,2,VALIDATED,1789016226984
2177291,3,PROCESSED,1789016226987
2177292,1,INITIATED,1789016227001
2177292,2,VALIDATED,1789016227004
2177292,3,PROCESSED,1789016227008
2177293,1,INITIATED,1789016227021
2177293,2,VALIDATED,1789016227026
2177293,3,PROCESSED,1789016227031
2177294,1,INITIATED,1789016227041
2177294,2,VALIDATED,1789016227045
2177294,3,PROCESSED,1789016227048
2177295,1,INITIATED,1789016227060
2177295,2,VALIDATED,1789016227064
2177295,3,PROCESSED,1789016227066
2177296,1,INITIATED,1789016227081
2177296,2,VALIDATED,1789016227084
2177296,3,PROCESSED,1789016227086
2177297,1,INITIATED,1789016227109
2177297,2,VALIDATED,1789016227146
2177297,3,PROCESSED,1789016227166
2177298,1,INITIATED,1789016227143
2177298,2,VALIDATED,1789016227147
2177298,3,PROCESSED,1789016227166
2177299,1,INITIATED,1789016227143
2177299,2,VALIDATED,1789016227147
2177299,3,PROCESSED,1789016227166
2177300,1,INITIATED,1789016227161
2177300,2,VALIDATED,1789016227165
2177300,3,PROCESSED,1789016227169
2177301,1,INITIATED,1789016227181
2177301,2,VALIDATED,1789016227185
2177301,3,PROCESSED,1789016227188
2177302,1,INITIATED,1789016227201
2177302,2,VALIDATED,1789016227203
2177302,3,PROCESSED,1789016227206
2177303,1,INITIATED,1789016227221
2177303,2,VALIDATED,1789016227224
2177303,3,PROCESSED,1789016227228
2177304,1,INITIATED,1789016227241
2177304,2,VALIDATED,1789016227244
2177304,3,PROCESSED,1789016227247
2177305,1,INITIATED,1789016227262
2177305,2,VALIDATED,1789016227265
2177305,3,PROCESSED,1789016227268
2177306,1,INITIATED,1789016227281
2177306,2,VALIDATED,1789016227300
2177306,3,PROCESSED,1789016227303
2177307,1,INITIATED,1789016227300
2177307,2,VALIDATED,1789016227302
2177307,3,PROCESSED,1789016227305
2177308,1,INITIATED,1789016227321
2177308,2,VALIDATED,1789016227325
2177308,3,PROCESSED,1789016227331
2177309,1,INITIATED,1789016227341
2177309,2,VALIDATED,1789016227345
2177309,3,PROCESSED,1789016227348
2177310,1,INITIATED,1789016227362
2177310,2,VALIDATED,1789016227366
2177310,3,PROCESSED,1789016227370
2177311,1,INITIATED,1789016227380
2177311,2,VALIDATED,1789016227384
2177311,3,PROCESSED,1789016227387
2177312,1,INITIATED,1789016227401
2177312,2,VALIDATED,1789016227404
2177312,3,PROCESSED,1789016227408
2177313,1,INITIATED,1789016227420
2177313,2,VALIDATED,1789016227424
2177313,3,PROCESSED,1789016227427
2177314,1,INITIATED,1789016227441
2177314,2,VALIDATED,1789016227445
2177314,3,PROCESSED,1789016227448
2177315,1,INITIATED,1789016227461
2177315,2,VALIDATED,1789016227464
2177315,3,PROCESSED,1789016227469
2177316,1,INITIATED,1789016227482
2177316,2,VALIDATED,1789016227485
2177316,3,PROCESSED,1789016227488
2177317,1,INITIATED,1789016227501
2177317,2,VALIDATED,1789016227504
2177317,3,PROCESSED,1789016227508
2177318,1,INITIATED,1789016227520
2177318,2,VALIDATED,1789016227526
2177318,3,PROCESSED,1789016227529
2177319,1,INITIATED,1789016227541
2177319,2,VALIDATED,1789016227544
2177319,3,PROCESSED,1789016227546
2177320,1,INITIATED,1789016227561
2177320,2,VALIDATED,1789016227564
2177320,3,PROCESSED,1789016227568
2177321,1,INITIATED,1789016227581
2177321,2,VALIDATED,1789016227585
2177321,3,PROCESSED,1789016227588
2177322,1,INITIATED,1789016227602
2177322,2,VALIDATED,1789016227606
2177322,3,PROCESSED,1789016227610
2177323,1,INITIATED,1789016227621
2177323,2,VALIDATED,1789016227633
2177323,3,PROCESSED,1789016227638
2177324,1,INITIATED,1789016227641
2177324,2,VALIDATED,1789016227659
2177324,3,PROCESSED,1789016227664
2177325,1,INITIATED,1789016227662
2177325,2,VALIDATED,1789016227665
2177325,3,PROCESSED,1789016227684
2177326,1,INITIATED,1789016227681
2177326,2,VALIDATED,1789016227684
2177326,3,PROCESSED,1789016227688
2177327,1,INITIATED,1789016227702
2177327,2,VALIDATED,1789016227707
2177327,3,PROCESSED,1789016227710
2177328,1,INITIATED,1789016227721
2177328,2,VALIDATED,1789016227725
2177328,3,PROCESSED,1789016227728
2177329,1,INITIATED,1789016227741
2177329,2,VALIDATED,1789016227745
2177329,3,PROCESSED,1789016227748
2177330,1,INITIATED,1789016227761
2177330,2,VALIDATED,1789016227772
2177330,3,PROCESSED,1789016227790
2177331,1,INITIATED,1789016227781
2177331,2,VALIDATED,1789016227790
2177331,3,PROCESSED,1789016227793
2177332,1,INITIATED,1789016227801
2177332,2,VALIDATED,1789016227811
2177332,3,PROCESSED,1789016227814
2177333,1,INITIATED,1789016227821
2177333,2,VALIDATED,1789016227823
2177333,3,REJECTED,1789016227825
2177334,1,INITIATED,1789016227841
2177334,2,VALIDATED,1789016227843
2177334,3,REJECTED,1789016227845
2177335,1,INITIATED,1789016227861
2177335,2,VALIDATED,1789016227864
2177335,3,REJECTED,1789016227866
2177336,1,INITIATED,1789016227881
2177336,2,VALIDATED,1789016227884
2177336,3,REJECTED,1789016227886
2177337,1,INITIATED,1789016227901
2177337,2,VALIDATED,1789016227903
2177337,3,PROCESSED,1789016227906
2177338,1,INITIATED,1789016227921
2177338,2,VALIDATED,1789016227925
2177338,3,PROCESSED,1789016227929
2177339,1,INITIATED,1789016227942
2177339,2,VALIDATED,1789016227945
2177339,3,PROCESSED,1789016227948
2177340,1,INITIATED,1789016227961
2177340,2,VALIDATED,1789016227964
2177340,3,PROCESSED,1789016227966
2177341,1,INITIATED,1789016227981
2177341,2,VALIDATED,1789016227984
2177341,3,PROCESSED,1789016227987
2177342,1,INITIATED,1789016228001
2177342,2,VALIDATED,1789016228004
2177342,3,PROCESSED,1789016228007
2177343,1,INITIATED,1789016228020
2177343,2,VALIDATED,1789016228024
2177343,3,PROCESSED,1789016228027
2177344,1,INITIATED,1789016228041
2177344,2,VALIDATED,1789016228044
2177344,3,PROCESSED,1789016228048
2177345,1,INITIATED,1789016228061
2177345,2,VALIDATED,1789016228064
2177345,3,PROCESSED,1789016228067
2177346,1,INITIATED,1789016228081
2177346,2,VALIDATED,1789016228084
2177346,3,PROCESSED,1789016228086
2177347,1,INITIATED,1789016228121
2177347,2,VALIDATED,1789016228125
2177347,3,PROCESSED,1789016228256
2177348,1,INITIATED,1789016228122
2177348,2,VALIDATED,1789016228125
2177348,3,PROCESSED,1789016228256
2177349,1,INITIATED,1789016228252
2177349,2,VALIDATED,1789016228256
2177349,3,PROCESSED,1789016228277
2177350,1,INITIATED,1789016228252
2177350,2,VALIDATED,1789016228256
2177350,3,PROCESSED,1789016228277
2177351,1,INITIATED,1789016228252
2177351,2,VALIDATED,1789016228257
2177351,3,PROCESSED,1789016228277
2177352,1,INITIATED,1789016228252
2177352,2,VALIDATED,1789016228256
2177352,3,PROCESSED,1789016228277
2177353,1,INITIATED,1789016228252
2177353,2,VALIDATED,1789016228256
2177353,3,PROCESSED,1789016228277
2177354,1,INITIATED,1789016228252
2177354,2,VALIDATED,1789016228257
2177354,3,PROCESSED,1789016228276
2177355,1,INITIATED,1789016228260
2177355,2,VALIDATED,1789016228275
2177355,3,PROCESSED,1789016228281
2177356,1,INITIATED,1789016228280
2177356,2,VALIDATED,1789016228282
2177356,3,PROCESSED,1789016228285
2177357,1,INITIATED,1789016228300
2177357,2,VALIDATED,1789016228303
2177357,3,PROCESSED,1789016228307
2177358,1,INITIATED,1789016228321
2177358,2,VALIDATED,1789016228326
2177358,3,PROCESSED,1789016228329
2177359,1,INITIATED,1789016228341
2177359,2,VALIDATED,1789016228344
2177359,3,PROCESSED,1789016228347
2177360,1,INITIATED,1789016228361
2177360,2,VALIDATED,1789016228364
2177360,3,PROCESSED,1789016228366
2177361,1,INITIATED,1789016228381
2177361,2,VALIDATED,1789016228399
2177361,3,PROCESSED,1789016228403
2177362,1,INITIATED,1789016228400
2177362,2,VALIDATED,1789016228402
2177362,3,PROCESSED,1789016228405
2177363,1,INITIATED,1789016228421
2177363,2,VALIDATED,1789016228425
2177363,3,PROCESSED,1789016228428
2177364,1,INITIATED,1789016228441
2177364,2,VALIDATED,1789016228444
2177364,3,PROCESSED,1789016228447
2177365,1,INITIATED,1789016228461
2177365,2,VALIDATED,1789016228464
2177365,3,PROCESSED,1789016228468
2177366,1,INITIATED,1789016228481
2177366,2,VALIDATED,1789016228484
2177366,3,PROCESSED,1789016228487
2177367,1,INITIATED,1789016228501
2177367,2,VALIDATED,1789016228504
2177367,3,PROCESSED,1789016228509
2177368,1,INITIATED,1789016228521
2177368,2,VALIDATED,1789016228525
2177368,3,PROCESSED,1789016228530
2177369,1,INITIATED,1789016228541
2177369,2,VALIDATED,1789016228544
2177369,3,PROCESSED,1789016228547
2177370,1,INITIATED,1789016228561
2177370,2,VALIDATED,1789016228565
2177370,3,PROCESSED,1789016228567
2177371,1,INITIATED,1789016228581
2177371,2,VALIDATED,1789016228584
2177371,3,PROCESSED,1789016228602
2177372,1,INITIATED,1789016228601
2177372,2,VALIDATED,1789016228603
2177372,3,PROCESSED,1789016228607
2177373,1,INITIATED,1789016228621
2177373,2,VALIDATED,1789016228625
2177373,3,PROCESSED,1789016228628
2177374,1,INITIATED,1789016228641
2177374,2,VALIDATED,1789016228644
2177374,3,PROCESSED,1789016228646
2177375,1,INITIATED,1789016228660
2177375,2,VALIDATED,1789016228663
2177375,3,PROCESSED,1789016228665
2177376,1,INITIATED,1789016228681
2177376,2,VALIDATED,1789016228684
2177376,3,PROCESSED,1789016228687
2177377,1,INITIATED,1789016228701
2177377,2,VALIDATED,1789016228704
2177377,3,PROCESSED,1789016228708
2177378,1,INITIATED,1789016228721
2177378,2,VALIDATED,1789016228725
2177378,3,PROCESSED,1789016228728
2177379,1,INITIATED,1789016228741
2177379,2,VALIDATED,1789016228744
2177379,3,PROCESSED,1789016228747
2177380,1,INITIATED,1789016228760
2177380,2,VALIDATED,1789016228763
2177380,3,PROCESSED,1789016228766
2177381,1,INITIATED,1789016228782
2177381,2,VALIDATED,1789016228784
2177381,3,PROCESSED,1789016228787
2177382,1,INITIATED,1789016228801
2177382,2,VALIDATED,1789016228804
2177382,3,PROCESSED,1789016228807
2177383,1,INITIATED,1789016228821
2177383,2,VALIDATED,1789016228825
2177383,3,PROCESSED,1789016228830
2177384,1,INITIATED,1789016228842
2177384,2,VALIDATED,1789016228845
2177384,3,PROCESSED,1789016228848
2177385,1,INITIATED,1789016228862
2177385,2,VALIDATED,1789016228865
2177385,3,PROCESSED,1789016228869
2177386,1,INITIATED,1789016228881
2177386,2,VALIDATED,1789016228884
2177386,3,PROCESSED,1789016228887
2177387,1,INITIATED,1789016228901
2177387,2,VALIDATED,1789016228904
2177387,3,PROCESSED,1789016228907
2177388,1,INITIATED,1789016228921
2177388,2,VALIDATED,1789016228924
2177388,3,PROCESSED,1789016228927
2177389,1,INITIATED,1789016228941
2177389,2,VALIDATED,1789016228944
2177389,3,PROCESSED,1789016228947
2177390,1,INITIATED,1789016228961
2177390,2,VALIDATED,1789016228964
2177390,3,PROCESSED,1789016228968
2177391,1,INITIATED,1789016228982
2177391,2,VALIDATED,1789016228985
2177391,3,PROCESSED,1789016228989
2177392,1,INITIATED,1789016229001
2177392,2,VALIDATED,1789016229004
2177392,3,PROCESSED,1789016229023
2177393,1,INITIATED,1789016229021
2177393,2,VALIDATED,1789016229024
2177393,3,PROCESSED,1789016229027
2177394,1,INITIATED,1789016229041
2177394,2,VALIDATED,1789016229045
2177394,3,PROCESSED,1789016229049
2177395,1,INITIATED,1789016229060
2177395,2,VALIDATED,1789016229064
2177395,3,PROCESSED,1789016229067
2177396,1,INITIATED,1789016229080
2177396,2,VALIDATED,1789016229083
2177396,3,PROCESSED,1789016229086
2177397,1,INITIATED,1789016229101
2177397,2,VALIDATED,1789016229375
2177397,3,PROCESSED,1789016229385
2177398,1,INITIATED,1789016229374
2177398,2,VALIDATED,1789016229382
2177398,3,PROCESSED,1789016229546
2177399,1,INITIATED,1789016229375
2177399,2,VALIDATED,1789016229382
2177399,3,PROCESSED,1789016229544
2177400,1,INITIATED,1789016229375
2177400,2,VALIDATED,1789016229382
2177400,3,PROCESSED,1789016229546
2177401,1,INITIATED,1789016229375
2177401,2,VALIDATED,1789016229383
2177401,3,PROCESSED,1789016229547
2177402,1,INITIATED,1789016229376
2177402,2,VALIDATED,1789016229383
2177402,3,PROCESSED,1789016229546
2177403,1,INITIATED,1789016229375
2177403,2,VALIDATED,1789016229381
2177403,3,PROCESSED,1789016229545
2177404,1,INITIATED,1789016229376
2177404,2,VALIDATED,1789016229382
2177404,3,PROCESSED,1789016229545
2177405,1,INITIATED,1789016229376
2177405,2,VALIDATED,1789016229383
2177405,3,PROCESSED,1789016229546
2177406,1,INITIATED,1789016229375
2177406,2,VALIDATED,1789016229383
2177406,3,PROCESSED,1789016229545
2177407,1,INITIATED,1789016229376
2177407,2,VALIDATED,1789016229383
2177407,3,PROCESSED,1789016229545
2177408,1,INITIATED,1789016229376
2177408,2,VALIDATED,1789016229383
2177408,3,PROCESSED,1789016229544
2177409,1,INITIATED,1789016229374
2177409,2,VALIDATED,1789016229381
2177409,3,PROCESSED,1789016229546
2177410,1,INITIATED,1789016229375
2177410,2,VALIDATED,1789016229381
2177410,3,PROCESSED,1789016229546
2177411,1,INITIATED,1789016229384
2177411,2,VALIDATED,1789016229541
2177411,3,PROCESSED,1789016229551
2177412,1,INITIATED,1789016229401
2177412,2,VALIDATED,1789016229541
2177412,3,PROCESSED,1789016229550
2177413,1,INITIATED,1789016229421
2177413,2,VALIDATED,1789016229542
2177413,3,PROCESSED,1789016229550
2177414,1,INITIATED,1789016229441
2177414,2,VALIDATED,1789016229543
2177414,3,PROCESSED,1789016229550
2177415,1,INITIATED,1789016229461
2177415,2,VALIDATED,1789016229541
2177415,3,PROCESSED,1789016229550
2177416,1,INITIATED,1789016229481
2177416,2,VALIDATED,1789016229542
2177416,3,PROCESSED,1789016229551
2177417,1,INITIATED,1789016229501
2177417,2,VALIDATED,1789016229541
2177417,3,PROCESSED,1789016229551
2177418,1,INITIATED,1789016229521
2177418,2,VALIDATED,1789016229546
2177418,3,PROCESSED,1789016229552
2177419,1,INITIATED,1789016229544
2177419,2,VALIDATED,1789016229549
2177419,3,PROCESSED,1789016229569
2177420,1,INITIATED,1789016229561
2177420,2,VALIDATED,1789016229567
2177420,3,PROCESSED,1789016229585
2177421,1,INITIATED,1789016229581
2177421,2,VALIDATED,1789016229584
2177421,3,PROCESSED,1789016229587
2177422,1,INITIATED,1789016229601
2177422,2,VALIDATED,1789016229604
2177422,3,PROCESSED,1789016229608
2177423,1,INITIATED,1789016229621
2177423,2,VALIDATED,1789016229623
2177423,3,PROCESSED,1789016229626
2177424,1,INITIATED,1789016229641
2177424,2,VALIDATED,1789016229644
2177424,3,PROCESSED,1789016229647
2177425,1,INITIATED,1789016229661
2177425,2,VALIDATED,1789016229677
2177425,3,PROCESSED,1789016229681
2177426,1,INITIATED,1789016229681
2177426,2,VALIDATED,1789016229683
2177426,3,PROCESSED,1789016229686
2177427,1,INITIATED,1789016229701
2177427,2,VALIDATED,1789016229704
2177427,3,PROCESSED,1789016229707
2177428,1,INITIATED,1789016229721
2177428,2,VALIDATED,1789016229724
2177428,3,PROCESSED,1789016229729
2177429,1,INITIATED,1789016229741
2177429,2,VALIDATED,1789016229744
2177429,3,PROCESSED,1789016229748
2177430,1,INITIATED,1789016229760
2177430,2,VALIDATED,1789016229763
2177430,3,PROCESSED,1789016229766
2177431,1,INITIATED,1789016229781
2177431,2,VALIDATED,1789016229784
2177431,3,PROCESSED,1789016229787
2177432,1,INITIATED,1789016229801
2177432,2,VALIDATED,1789016229804
2177432,3,PROCESSED,1789016229807
2177433,1,INITIATED,1789016229821
2177433,2,VALIDATED,1789016229824
2177433,3,REJECTED,1789016229826
2177434,1,INITIATED,1789016229841
2177434,2,VALIDATED,1789016229844
2177434,3,REJECTED,1789016229846
2177435,1,INITIATED,1789016229861
2177435,2,VALIDATED,1789016229864
2177435,3,REJECTED,1789016229867
2177436,1,INITIATED,1789016229881
2177436,2,VALIDATED,1789016229884
2177436,3,REJECTED,1789016229886
2177437,1,INITIATED,1789016229901
2177437,2,VALIDATED,1789016229905
2177437,3,PROCESSED,1789016229922
2177438,1,INITIATED,1789016229920
2177438,2,VALIDATED,1789016229924
2177438,3,PROCESSED,1789016229927
2177439,1,INITIATED,1789016229941
2177439,2,VALIDATED,1789016229944
2177439,3,PROCESSED,1789016229948
2177440,1,INITIATED,1789016229962
2177440,2,VALIDATED,1789016229965
2177440,3,PROCESSED,1789016229968
2177441,1,INITIATED,1789016229981
2177441,2,VALIDATED,1789016229984
2177441,3,PROCESSED,1789016229988
2177442,1,INITIATED,1789016230001
2177442,2,VALIDATED,1789016230005
2177442,3,PROCESSED,1789016230009
2177443,1,INITIATED,1789016230022
2177443,2,VALIDATED,1789016230026
2177443,3,PROCESSED,1789016230030
2177444,1,INITIATED,1789016230041
2177444,2,VALIDATED,1789016230045
2177444,3,PROCESSED,1789016230049
2177445,1,INITIATED,1789016230062
2177445,2,VALIDATED,1789016230065
2177445,3,PROCESSED,1789016230069
2177446,1,INITIATED,1789016230081
2177446,2,VALIDATED,1789016230085
2177446,3,PROCESSED,1789016230088
2177447,1,INITIATED,1789016230101
2177447,2,VALIDATED,1789016230362
2177447,3,PROCESSED,1789016230382
2177448,1,INITIATED,1789016230361
2177448,2,VALIDATED,1789016230366
2177448,3,PROCESSED,1789016230449
2177449,1,INITIATED,1789016230361
2177449,2,VALIDATED,1789016230381
2177449,3,PROCESSED,1789016230449
2177450,1,INITIATED,1789016230362
2177450,2,VALIDATED,1789016230380
2177450,3,PROCESSED,1789016230450
2177451,1,INITIATED,1789016230362
2177451,2,VALIDATED,1789016230381
2177451,3,PROCESSED,1789016230450
2177452,1,INITIATED,1789016230363
2177452,2,VALIDATED,1789016230380
2177452,3,PROCESSED,1789016230451
2177453,1,INITIATED,1789016230362
2177453,2,VALIDATED,1789016230366
2177453,3,PROCESSED,1789016230448
2177454,1,INITIATED,1789016230361
2177454,2,VALIDATED,1789016230380
2177454,3,PROCESSED,1789016230450
2177455,1,INITIATED,1789016230363
2177455,2,VALIDATED,1789016230381
2177455,3,PROCESSED,1789016230450
2177456,1,INITIATED,1789016230361
2177456,2,VALIDATED,1789016230380
2177456,3,PROCESSED,1789016230450
2177457,1,INITIATED,1789016230362
2177457,2,VALIDATED,1789016230381
2177457,3,PROCESSED,1789016230450
2177458,1,INITIATED,1789016230362
2177458,2,VALIDATED,1789016230381
2177458,3,PROCESSED,1789016230450
2177459,1,INITIATED,1789016230362
2177459,2,VALIDATED,1789016230380
2177459,3,PROCESSED,1789016230450
2177460,1,INITIATED,1789016230362
2177460,2,VALIDATED,1789016230380
2177460,3,PROCESSED,1789016230450
2177461,1,INITIATED,1789016230381
2177461,2,VALIDATED,1789016230448
2177461,3,PROCESSED,1789016230455
2177462,1,INITIATED,1789016230402
2177462,2,VALIDATED,1789016230448
2177462,3,PROCESSED,1789016230454
2177463,1,INITIATED,1789016230421
2177463,2,VALIDATED,1789016230447
2177463,3,PROCESSED,1789016230453
2177464,1,INITIATED,1789016230442
2177464,2,VALIDATED,1789016230448
2177464,3,PROCESSED,1789016230453
2177465,1,INITIATED,1789016230460
2177465,2,VALIDATED,1789016230463
2177465,3,PROCESSED,1789016230466
2177466,1,INITIATED,1789016230481
2177466,2,VALIDATED,1789016230485
2177466,3,PROCESSED,1789016230489
2177467,1,INITIATED,1789016230501
2177467,2,VALIDATED,1789016230505
2177467,3,PROCESSED,1789016230509
2177468,1,INITIATED,1789016230521
2177468,2,VALIDATED,1789016230526
2177468,3,PROCESSED,1789016230531
2177469,1,INITIATED,1789016230542
2177469,2,VALIDATED,1789016230545
2177469,3,PROCESSED,1789016230549
2177470,1,INITIATED,1789016230561
2177470,2,VALIDATED,1789016230564
2177470,3,PROCESSED,1789016230568
2177471,1,INITIATED,1789016230581
2177471,2,VALIDATED,1789016230584
2177471,3,PROCESSED,1789016230588
2177472,1,INITIATED,1789016230601
2177472,2,VALIDATED,1789016230604
2177472,3,PROCESSED,1789016230608
2177473,1,INITIATED,1789016230621
2177473,2,VALIDATED,1789016230625
2177473,3,PROCESSED,1789016230629
2177474,1,INITIATED,1789016230641
2177474,2,VALIDATED,1789016230645
2177474,3,PROCESSED,1789016230648
2177475,1,INITIATED,1789016230661
2177475,2,VALIDATED,1789016230664
2177475,3,PROCESSED,1789016230667
2177476,1,INITIATED,1789016230681
2177476,2,VALIDATED,1789016230684
2177476,3,PROCESSED,1789016230687
2177477,1,INITIATED,1789016230701
2177477,2,VALIDATED,1789016230704
2177477,3,PROCESSED,1789016230707
2177478,1,INITIATED,1789016230721
2177478,2,VALIDATED,1789016230724
2177478,3,PROCESSED,1789016230728
2177479,1,INITIATED,1789016230741
2177479,2,VALIDATED,1789016230745
2177479,3,PROCESSED,1789016230748
2177480,1,INITIATED,1789016230761
2177480,2,VALIDATED,1789016230764
2177480,3,PROCESSED,1789016230768
2177481,1,INITIATED,1789016230781
2177481,2,VALIDATED,1789016230795
2177481,3,PROCESSED,1789016230800
2177482,1,INITIATED,1789016230801
2177482,2,VALIDATED,1789016230804
2177482,3,PROCESSED,1789016230807
2177483,1,INITIATED,1789016230821
2177483,2,VALIDATED,1789016230824
2177483,3,PROCESSED,1789016230828
2177484,1,INITIATED,1789016230841
2177484,2,VALIDATED,1789016230844
2177484,3,PROCESSED,1789016230847
2177485,1,INITIATED,1789016230861
2177485,2,VALIDATED,1789016230864
2177485,3,PROCESSED,1789016230867
2177486,1,INITIATED,1789016230881
2177486,2,VALIDATED,1789016230884
2177486,3,PROCESSED,1789016230887
2177487,1,INITIATED,1789016230901
2177487,2,VALIDATED,1789016230917
2177487,3,PROCESSED,1789016230922
2177488,1,INITIATED,1789016230921
2177488,2,VALIDATED,1789016230924
2177488,3,PROCESSED,1789016230927
2177489,1,INITIATED,1789016230941
2177489,2,VALIDATED,1789016230944
2177489,3,PROCESSED,1789016230948
2177490,1,INITIATED,1789016230961
2177490,2,VALIDATED,1789016230964
2177490,3,PROCESSED,1789016230967
2177491,1,INITIATED,1789016230980
2177491,2,VALIDATED,1789016230983
2177491,3,PROCESSED,1789016230986
2177492,1,INITIATED,1789016231001
2177492,2,VALIDATED,1789016231004
2177492,3,PROCESSED,1789016231007
2177493,1,INITIATED,1789016231021
2177493,2,VALIDATED,1789016231024
2177493,3,PROCESSED,1789016231027
2177494,1,INITIATED,1789016231041
2177494,2,VALIDATED,1789016231044
2177494,3,PROCESSED,1789016231046
2177495,1,INITIATED,1789016231061
2177495,2,VALIDATED,1789016231064
2177495,3,PROCESSED,1789016231068
2177496,1,INITIATED,1789016231081
2177496,2,VALIDATED,1789016231083
2177496,3,PROCESSED,1789016231086
2177497,1,INITIATED,1789016231101
2177497,2,VALIDATED,1789016231147
2177497,3,PROCESSED,1789016231152
2177498,1,INITIATED,1789016231121
2177498,2,VALIDATED,1789016231149
2177498,3,PROCESSED,1789016231153
2177499,1,INITIATED,1789016231141
2177499,2,VALIDATED,1789016231149
2177499,3,PROCESSED,1789016231153
2177500,1,INITIATED,1789016231160
2177500,2,VALIDATED,1789016231163
2177500,3,PROCESSED,1789016231167
2177501,1,INITIATED,1789016231181
2177501,2,VALIDATED,1789016231185
2177501,3,PROCESSED,1789016231188
2177502,1,INITIATED,1789016231201
2177502,2,VALIDATED,1789016231204
2177502,3,PROCESSED,1789016231209
2177503,1,INITIATED,1789016231221
2177503,2,VALIDATED,1789016231225
2177503,3,PROCESSED,1789016231229
2177504,1,INITIATED,1789016231241
2177504,2,VALIDATED,1789016231244
2177504,3,PROCESSED,1789016231247
2177505,1,INITIATED,1789016231262
2177505,2,VALIDATED,1789016231265
2177505,3,PROCESSED,1789016231269
2177506,1,INITIATED,1789016231282
2177506,2,VALIDATED,1789016231285
2177506,3,PROCESSED,1789016231290
2177507,1,INITIATED,1789016231301
2177507,2,VALIDATED,1789016231305
2177507,3,PROCESSED,1789016231311
2177508,1,INITIATED,1789016231321
2177508,2,VALIDATED,1789016231325
2177508,3,PROCESSED,1789016231328
2177509,1,INITIATED,1789016231341
2177509,2,VALIDATED,1789016231345
2177509,3,PROCESSED,1789016231363
2177510,1,INITIATED,1789016231361
2177510,2,VALIDATED,1789016231364
2177510,3,PROCESSED,1789016231368
2177511,1,INITIATED,1789016231381
2177511,2,VALIDATED,1789016231385
2177511,3,PROCESSED,1789016231390
2177512,1,INITIATED,1789016231402
2177512,2,VALIDATED,1789016231408
2177512,3,PROCESSED,1789016231413
2177513,1,INITIATED,1789016231422
2177513,2,VALIDATED,1789016231427
2177513,3,PROCESSED,1789016231431
2177514,1,INITIATED,1789016231442
2177514,2,VALIDATED,1789016231445
2177514,3,PROCESSED,1789016231449
2177515,1,INITIATED,1789016231461
2177515,2,VALIDATED,1789016231465
2177515,3,PROCESSED,1789016231469
2177516,1,INITIATED,1789016231482
2177516,2,VALIDATED,1789016231485
2177516,3,PROCESSED,1789016231489
2177517,1,INITIATED,1789016231501
2177517,2,VALIDATED,1789016231505
2177517,3,PROCESSED,1789016231510
2177518,1,INITIATED,1789016231521
2177518,2,VALIDATED,1789016231525
2177518,3,PROCESSED,1789016231529
2177519,1,INITIATED,1789016231542
2177519,2,VALIDATED,1789016231546
2177519,3,PROCESSED,1789016231550
2177520,1,INITIATED,1789016231561
2177520,2,VALIDATED,1789016231564
2177520,3,PROCESSED,1789016231568
2177521,1,INITIATED,1789016231581
2177521,2,VALIDATED,1789016231585
2177521,3,PROCESSED,1789016231589
2177522,1,INITIATED,1789016231601
2177522,2,VALIDATED,1789016231605
2177522,3,PROCESSED,1789016231610
2177523,1,INITIATED,1789016231621
2177523,2,VALIDATED,1789016231625
2177523,3,PROCESSED,1789016231629
2177524,1,INITIATED,1789016231642
2177524,2,VALIDATED,1789016231658
2177524,3,PROCESSED,1789016231662
2177525,1,INITIATED,1789016231661
2177525,2,VALIDATED,1789016231664
2177525,3,PROCESSED,1789016231668
2177526,1,INITIATED,1789016231681
2177526,2,VALIDATED,1789016231685
2177526,3,PROCESSED,1789016231689
2177527,1,INITIATED,1789016231702
2177527,2,VALIDATED,1789016231705
2177527,3,PROCESSED,1789016231708
2177528,1,INITIATED,1789016231721
2177528,2,VALIDATED,1789016231724
2177528,3,PROCESSED,1789016231727
2177529,1,INITIATED,1789016231741
2177529,2,VALIDATED,1789016231745
2177529,3,PROCESSED,1789016231748
2177530,1,INITIATED,1789016231761
2177530,2,VALIDATED,1789016231764
2177530,3,PROCESSED,1789016231768
2177531,1,INITIATED,1789016231781
2177531,2,VALIDATED,1789016231785
2177531,3,PROCESSED,1789016231788
2177532,1,INITIATED,1789016231801
2177532,2,VALIDATED,1789016231805
2177532,3,PROCESSED,1789016231809
2177533,1,INITIATED,1789016231821
2177533,2,VALIDATED,1789016231824
2177533,3,REJECTED,1789016231826
2177534,1,INITIATED,1789016231841
2177534,2,VALIDATED,1789016231845
2177534,3,REJECTED,1789016231848
2177535,1,INITIATED,1789016231861
2177535,2,VALIDATED,1789016231865
2177535,3,REJECTED,1789016231868
2177536,1,INITIATED,1789016231881
2177536,2,VALIDATED,1789016231885
2177536,3,REJECTED,1789016231888
2177537,1,INITIATED,1789016231901
2177537,2,VALIDATED,1789016231905
2177537,3,PROCESSED,1789016231922
2177538,1,INITIATED,1789016231920
2177538,2,VALIDATED,1789016231924
2177538,3,PROCESSED,1789016231929
2177539,1,INITIATED,1789016231942
2177539,2,VALIDATED,1789016231946
2177539,3,PROCESSED,1789016231949
2177540,1,INITIATED,1789016231962
2177540,2,VALIDATED,1789016231965
2177540,3,PROCESSED,1789016231969
2177541,1,INITIATED,1789016231982
2177541,2,VALIDATED,1789016231985
2177541,3,PROCESSED,1789016231989
2177542,1,INITIATED,1789016232002
2177542,2,VALIDATED,1789016232006
2177542,3,PROCESSED,1789016232010
2177543,1,INITIATED,1789016232022
2177543,2,VALIDATED,1789016232026
2177543,3,PROCESSED,1789016232030
2177544,1,INITIATED,1789016232041
2177544,2,VALIDATED,1789016232045
2177544,3,PROCESSED,1789016232049
2177545,1,INITIATED,1789016232061
2177545,2,VALIDATED,1789016232064
2177545,3,PROCESSED,1789016232068
2177546,1,INITIATED,1789016232081
2177546,2,VALIDATED,1789016232085
2177546,3,PROCESSED,1789016232090
2177547,1,INITIATED,1789016232335
2177547,2,VALIDATED,1789016232383
2177547,3,PROCESSED,1789016232467
2177548,1,INITIATED,1789016232336
2177548,2,VALIDATED,1789016232383
2177548,3,PROCESSED,1789016232467
2177549,1,INITIATED,1789016232335
2177549,2,VALIDATED,1789016232382
2177549,3,PROCESSED,1789016232467
2177550,1,INITIATED,1789016232335
2177550,2,VALIDATED,1789016232381
2177550,3,PROCESSED,1789016232468
2177551,1,INITIATED,1789016232335
2177551,2,VALIDATED,1789016232382
2177551,3,PROCESSED,1789016232468
2177552,1,INITIATED,1789016232336
2177552,2,VALIDATED,1789016232383
2177552,3,PROCESSED,1789016232468
2177553,1,INITIATED,1789016232335
2177553,2,VALIDATED,1789016232383
2177553,3,PROCESSED,1789016232468
2177554,1,INITIATED,1789016232336
2177554,2,VALIDATED,1789016232383
2177554,3,PROCESSED,1789016232467
2177555,1,INITIATED,1789016232336
2177555,2,VALIDATED,1789016232383
2177555,3,PROCESSED,1789016232469
2177556,1,INITIATED,1789016232335
2177556,2,VALIDATED,1789016232383
2177556,3,PROCESSED,1789016232467
2177557,1,INITIATED,1789016232335
2177557,2,VALIDATED,1789016232383
2177557,3,PROCESSED,1789016232468
2177558,1,INITIATED,1789016232335
2177558,2,VALIDATED,1789016232381
2177558,3,PROCESSED,1789016232468
2177559,1,INITIATED,1789016232341
2177559,2,VALIDATED,1789016232383
2177559,3,PROCESSED,1789016232469
2177560,1,INITIATED,1789016232381
2177560,2,VALIDATED,1789016232465
2177560,3,PROCESSED,1789016232473
2177561,1,INITIATED,1789016232382
2177561,2,VALIDATED,1789016232465
2177561,3,PROCESSED,1789016232473
2177562,1,INITIATED,1789016232401
2177562,2,VALIDATED,1789016232466
2177562,3,PROCESSED,1789016232473
2177563,1,INITIATED,1789016232422
2177563,2,VALIDATED,1789016232465
2177563,3,PROCESSED,1789016232473
2177564,1,INITIATED,1789016232442
2177564,2,VALIDATED,1789016232465
2177564,3,PROCESSED,1789016232473
2177565,1,INITIATED,1789016232461
2177565,2,VALIDATED,1789016232470
2177565,3,PROCESSED,1789016232475
2177566,1,INITIATED,1789016232481
2177566,2,VALIDATED,1789016232484
2177566,3,PROCESSED,1789016232488
2177567,1,INITIATED,1789016232501
2177567,2,VALIDATED,1789016232504
2177567,3,PROCESSED,1789016232508
2177568,1,INITIATED,1789016232522
2177568,2,VALIDATED,1789016232539
2177568,3,PROCESSED,1789016232543
2177569,1,INITIATED,1789016232541
2177569,2,VALIDATED,1789016232544
2177569,3,PROCESSED,1789016232548
2177570,1,INITIATED,1789016232561
2177570,2,VALIDATED,1789016232565
2177570,3,PROCESSED,1789016232569
2177571,1,INITIATED,1789016232581
2177571,2,VALIDATED,1789016232584
2177571,3,PROCESSED,1789016232588
2177572,1,INITIATED,1789016232601
2177572,2,VALIDATED,1789016232605
2177572,3,PROCESSED,1789016232609
2177573,1,INITIATED,1789016232622
2177573,2,VALIDATED,1789016232626
2177573,3,PROCESSED,1789016232630
2177574,1,INITIATED,1789016232641
2177574,2,VALIDATED,1789016232644
2177574,3,PROCESSED,1789016232648
2177575,1,INITIATED,1789016232661
2177575,2,VALIDATED,1789016232664
2177575,3,PROCESSED,1789016232668
2177576,1,INITIATED,1789016232681
2177576,2,VALIDATED,1789016232685
2177576,3,PROCESSED,1789016232690
2177577,1,INITIATED,1789016232702
2177577,2,VALIDATED,1789016232720
2177577,3,PROCESSED,1789016232725
2177578,1,INITIATED,1789016232722
2177578,2,VALIDATED,1789016232725
2177578,3,PROCESSED,1789016232729
2177579,1,INITIATED,1789016232741
2177579,2,VALIDATED,1789016232745
2177579,3,PROCESSED,1789016232750
2177580,1,INITIATED,1789016232761
2177580,2,VALIDATED,1789016232765
2177580,3,PROCESSED,1789016232769
2177581,1,INITIATED,1789016232781
2177581,2,VALIDATED,1789016232784
2177581,3,PROCESSED,1789016232789
2177582,1,INITIATED,1789016232801
2177582,2,VALIDATED,1789016232804
2177582,3,PROCESSED,1789016232809
2177583,1,INITIATED,1789016232821
2177583,2,VALIDATED,1789016232826
2177583,3,PROCESSED,1789016232830
2177584,1,INITIATED,1789016232841
2177584,2,VALIDATED,1789016232845
2177584,3,PROCESSED,1789016232849
2177585,1,INITIATED,1789016232861
2177585,2,VALIDATED,1789016232865
2177585,3,PROCESSED,1789016232869
2177586,1,INITIATED,1789016232881
2177586,2,VALIDATED,1789016232884
2177586,3,PROCESSED,1789016232888
2177587,1,INITIATED,1789016232903
2177587,2,VALIDATED,1789016232907
2177587,3,PROCESSED,1789016232912
2177588,1,INITIATED,1789016232922
2177588,2,VALIDATED,1789016232938
2177588,3,PROCESSED,1789016232942
2177589,1,INITIATED,1789016232941
2177589,2,VALIDATED,1789016232944
2177589,3,PROCESSED,1789016232947
2177590,1,INITIATED,1789016232961
2177590,2,VALIDATED,1789016232965
2177590,3,PROCESSED,1789016232969
2177591,1,INITIATED,1789016232981
2177591,2,VALIDATED,1789016232985
2177591,3,PROCESSED,1789016232990
2177592,1,INITIATED,1789016233001
2177592,2,VALIDATED,1789016233005
2177592,3,PROCESSED,1789016233009
2177593,1,INITIATED,1789016233022
2177593,2,VALIDATED,1789016233025
2177593,3,PROCESSED,1789016233029
2177594,1,INITIATED,1789016233041
2177594,2,VALIDATED,1789016233045
2177594,3,PROCESSED,1789016233050
2177595,1,INITIATED,1789016233062
2177595,2,VALIDATED,1789016233066
2177595,3,PROCESSED,1789016233070
2177596,1,INITIATED,1789016233081
2177596,2,VALIDATED,1789016233085
2177596,3,PROCESSED,1789016233089
2177597,1,INITIATED,1789016233102
2177597,2,VALIDATED,1789016233348
2177597,3,PROCESSED,1789016233354
2177598,1,INITIATED,1789016233348
2177598,2,VALIDATED,1789016233353
2177598,3,PROCESSED,1789016233454
2177599,1,INITIATED,1789016233347
2177599,2,VALIDATED,1789016233352
2177599,3,PROCESSED,1789016233455
2177600,1,INITIATED,1789016233347
2177600,2,VALIDATED,1789016233352
2177600,3,PROCESSED,1789016233455
2177601,1,INITIATED,1789016233347
2177601,2,VALIDATED,1789016233351
2177601,3,PROCESSED,1789016233454
2177602,1,INITIATED,1789016233347
2177602,2,VALIDATED,1789016233352
2177602,3,PROCESSED,1789016233454
2177603,1,INITIATED,1789016233347
2177603,2,VALIDATED,1789016233351
2177603,3,PROCESSED,1789016233454
2177604,1,INITIATED,1789016233348
2177604,2,VALIDATED,1789016233353
2177604,3,PROCESSED,1789016233455
2177605,1,INITIATED,1789016233348
2177605,2,VALIDATED,1789016233352
2177605,3,PROCESSED,1789016233453
2177606,1,INITIATED,1789016233348
2177606,2,VALIDATED,1789016233352
2177606,3,PROCESSED,1789016233455
2177607,1,INITIATED,1789016233348
2177607,2,VALIDATED,1789016233353
2177607,3,PROCESSED,1789016233454
2177608,1,INITIATED,1789016233348
2177608,2,VALIDATED,1789016233353
2177608,3,PROCESSED,1789016233453
2177609,1,INITIATED,1789016233346
2177609,2,VALIDATED,1789016233351
2177609,3,PROCESSED,1789016233455
2177610,1,INITIATED,1789016233361
2177610,2,VALIDATED,1789016233450
2177610,3,PROCESSED,1789016233458
2177611,1,INITIATED,1789016233381
2177611,2,VALIDATED,1789016233451
2177611,3,PROCESSED,1789016233458
2177612,1,INITIATED,1789016233401
2177612,2,VALIDATED,1789016233451
2177612,3,PROCESSED,1789016233457
2177613,1,INITIATED,1789016233421
2177613,2,VALIDATED,1789016233451
2177613,3,PROCESSED,1789016233458
2177614,1,INITIATED,1789016233441
2177614,2,VALIDATED,1789016233452
2177614,3,PROCESSED,1789016233458
2177615,1,INITIATED,1789016233462
2177615,2,VALIDATED,1789016233473
2177615,3,PROCESSED,1789016233477
2177616,1,INITIATED,1789016233480
2177616,2,VALIDATED,1789016233483
2177616,3,PROCESSED,1789016233487
2177617,1,INITIATED,1789016233501
2177617,2,VALIDATED,1789016233505
2177617,3,PROCESSED,1789016233511
2177618,1,INITIATED,1789016233521
2177618,2,VALIDATED,1789016233525
2177618,3,PROCESSED,1789016233529
2177619,1,INITIATED,1789016233542
2177619,2,VALIDATED,1789016233546
2177619,3,PROCESSED,1789016233550
2177620,1,INITIATED,1789016233561
2177620,2,VALIDATED,1789016233565
2177620,3,PROCESSED,1789016233568
2177621,1,INITIATED,1789016233581
2177621,2,VALIDATED,1789016233584
2177621,3,PROCESSED,1789016233587
2177622,1,INITIATED,1789016233601
2177622,2,VALIDATED,1789016233604
2177622,3,PROCESSED,1789016233607
2177623,1,INITIATED,1789016233621
2177623,2,VALIDATED,1789016233624
2177623,3,PROCESSED,1789016233628
2177624,1,INITIATED,1789016233641
2177624,2,VALIDATED,1789016233646
2177624,3,PROCESSED,1789016233651
2177625,1,INITIATED,1789016233661
2177625,2,VALIDATED,1789016233665
2177625,3,PROCESSED,1789016233669
2177626,1,INITIATED,1789016233681
2177626,2,VALIDATED,1789016233684
2177626,3,PROCESSED,1789016233688
2177627,1,INITIATED,1789016233701
2177627,2,VALIDATED,1789016233704
2177627,3,PROCESSED,1789016233720
2177628,1,INITIATED,1789016233720
2177628,2,VALIDATED,1789016233723
2177628,3,PROCESSED,1789016233727
2177629,1,INITIATED,1789016233741
2177629,2,VALIDATED,1789016233744
2177629,3,PROCESSED,1789016233748
2177630,1,INITIATED,1789016233761
2177630,2,VALIDATED,1789016233764
2177630,3,PROCESSED,1789016233767
2177631,1,INITIATED,1789016233781
2177631,2,VALIDATED,1789016233787
2177631,3,PROCESSED,1789016233790
2177632,1,INITIATED,1789016233800
2177632,2,VALIDATED,1789016233803
2177632,3,PROCESSED,1789016233807
2177633,1,INITIATED,1789016233822
2177633,2,VALIDATED,1789016233825
2177633,3,REJECTED,1789016233828
2177634,1,INITIATED,1789016233841
2177634,2,VALIDATED,1789016233845
2177634,3,REJECTED,1789016233848
2177635,1,INITIATED,1789016233861
2177635,2,VALIDATED,1789016233865
2177635,3,REJECTED,1789016233868
2177636,1,INITIATED,1789016233881
2177636,2,VALIDATED,1789016233888
2177636,3,REJECTED,1789016233891
2177637,1,INITIATED,1789016233901
2177637,2,VALIDATED,1789016233907
2177637,3,PROCESSED,1789016233924
2177638,1,INITIATED,1789016233922
2177638,2,VALIDATED,1789016233924
2177638,3,PROCESSED,1789016233940
2177639,1,INITIATED,1789016233940
2177639,2,VALIDATED,1789016233943
2177639,3,PROCESSED,1789016233947
2177640,1,INITIATED,1789016233962
2177640,2,VALIDATED,1789016233965
2177640,3,PROCESSED,1789016233968
2177641,1,INITIATED,1789016233981
2177641,2,VALIDATED,1789016233984
2177641,3,PROCESSED,1789016233987
2177642,1,INITIATED,1789016234001
2177642,2,VALIDATED,1789016234004
2177642,3,PROCESSED,1789016234009
2177643,1,INITIATED,1789016234021
2177643,2,VALIDATED,1789016234025
2177643,3,PROCESSED,1789016234028
2177644,1,INITIATED,1789016234041
2177644,2,VALIDATED,1789016234045
2177644,3,PROCESSED,1789016234048
2177645,1,INITIATED,1789016234061
2177645,2,VALIDATED,1789016234065
2177645,3,PROCESSED,1789016234068
2177646,1,INITIATED,1789016234080
2177646,2,VALIDATED,1789016234084
2177646,3,PROCESSED,1789016234086
2177647,1,INITIATED,1789016234101
2177647,2,VALIDATED,1789016234252
2177647,3,PROCESSED,1789016234271
2177648,1,INITIATED,1789016234251
2177648,2,VALIDATED,1789016234269
2177648,3,PROCESSED,1789016234273
2177649,1,INITIATED,1789016234251
2177649,2,VALIDATED,1789016234269
2177649,3,PROCESSED,1789016234287
2177650,1,INITIATED,1789016234251
2177650,2,VALIDATED,1789016234270
2177650,3,PROCESSED,1789016234287
2177651,1,INITIATED,1789016234250
2177651,2,VALIDATED,1789016234267
2177651,3,PROCESSED,1789016234271
2177652,1,INITIATED,1789016234251
2177652,2,VALIDATED,1789016234267
2177652,3,PROCESSED,1789016234272
2177653,1,INITIATED,1789016234251
2177653,2,VALIDATED,1789016234270
2177653,3,PROCESSED,1789016234287
2177654,1,INITIATED,1789016234251
2177654,2,VALIDATED,1789016234267
2177654,3,PROCESSED,1789016234272
2177655,1,INITIATED,1789016234261
2177655,2,VALIDATED,1789016234269
2177655,3,PROCESSED,1789016234287
2177656,1,INITIATED,1789016234281
2177656,2,VALIDATED,1789016234350
2177656,3,PROCESSED,1789016234367
2177657,1,INITIATED,1789016234301
2177657,2,VALIDATED,1789016234351
2177657,3,PROCESSED,1789016234368
2177658,1,INITIATED,1789016234321
2177658,2,VALIDATED,1789016234350
2177658,3,PROCESSED,1789016234368
2177659,1,INITIATED,1789016234341
2177659,2,VALIDATED,1789016234350
2177659,3,PROCESSED,1789016234367
2177660,1,INITIATED,1789016234361
2177660,2,VALIDATED,1789016234366
2177660,3,PROCESSED,1789016234370
2177661,1,INITIATED,1789016234381
2177661,2,VALIDATED,1789016234384
2177661,3,PROCESSED,1789016234387
2177662,1,INITIATED,1789016234401
2177662,2,VALIDATED,1789016234404
2177662,3,PROCESSED,1789016234408
2177663,1,INITIATED,1789016234421
2177663,2,VALIDATED,1789016234424
2177663,3,PROCESSED,1789016234427
2177664,1,INITIATED,1789016234442
2177664,2,VALIDATED,1789016234445
2177664,3,PROCESSED,1789016234448
2177665,1,INITIATED,1789016234462
2177665,2,VALIDATED,1789016234465
2177665,3,PROCESSED,1789016234468
2177666,1,INITIATED,1789016234481
2177666,2,VALIDATED,1789016234484
2177666,3,PROCESSED,1789016234487
2177667,1,INITIATED,1789016234501
2177667,2,VALIDATED,1789016234504
2177667,3,PROCESSED,1789016234507
2177668,1,INITIATED,1789016234521
2177668,2,VALIDATED,1789016234534
2177668,3,PROCESSED,1789016234539
2177669,1,INITIATED,1789016234541
2177669,2,VALIDATED,1789016234544
2177669,3,PROCESSED,1789016234548
2177670,1,INITIATED,1789016234561
2177670,2,VALIDATED,1789016234565
2177670,3,PROCESSED,1789016234568
2177671,1,INITIATED,1789016234581
2177671,2,VALIDATED,1789016234584
2177671,3,PROCESSED,1789016234587
2177672,1,INITIATED,1789016234601
2177672,2,VALIDATED,1789016234604
2177672,3,PROCESSED,1789016234606
2177673,1,INITIATED,1789016234621
2177673,2,VALIDATED,1789016234624
2177673,3,PROCESSED,1789016234627
2177674,1,INITIATED,1789016234641
2177674,2,VALIDATED,1789016234644
2177674,3,PROCESSED,1789016234647
2177675,1,INITIATED,1789016234661
2177675,2,VALIDATED,1789016234674
2177675,3,PROCESSED,1789016234677
2177676,1,INITIATED,1789016234681
2177676,2,VALIDATED,1789016234683
2177676,3,PROCESSED,1789016234686
2177677,1,INITIATED,1789016234701
2177677,2,VALIDATED,1789016234717
2177677,3,PROCESSED,1789016234721
2177678,1,INITIATED,1789016234720
2177678,2,VALIDATED,1789016234723
2177678,3,PROCESSED,1789016234726
2177679,1,INITIATED,1789016234741
2177679,2,VALIDATED,1789016234744
2177679,3,PROCESSED,1789016234747
2177680,1,INITIATED,1789016234761
2177680,2,VALIDATED,1789016234764
2177680,3,PROCESSED,1789016234766
2177681,1,INITIATED,1789016234781
2177681,2,VALIDATED,1789016234785
2177681,3,PROCESSED,1789016234788
2177682,1,INITIATED,1789016234800
2177682,2,VALIDATED,1789016234803
2177682,3,PROCESSED,1789016234807
2177683,1,INITIATED,1789016234821
2177683,2,VALIDATED,1789016234825
2177683,3,PROCESSED,1789016234832
2177684,1,INITIATED,1789016234842
2177684,2,VALIDATED,1789016234848
2177684,3,PROCESSED,1789016234855
2177685,1,INITIATED,1789016234862
2177685,2,VALIDATED,1789016234866
2177685,3,PROCESSED,1789016234871
2177686,1,INITIATED,1789016234881
2177686,2,VALIDATED,1789016234884
2177686,3,PROCESSED,1789016234888
2177687,1,INITIATED,1789016234901
2177687,2,VALIDATED,1789016234904
2177687,3,PROCESSED,1789016234908
2177688,1,INITIATED,1789016234920
2177688,2,VALIDATED,1789016234923
2177688,3,PROCESSED,1789016234927
2177689,1,INITIATED,1789016234942
2177689,2,VALIDATED,1789016234958
2177689,3,PROCESSED,1789016234961
2177690,1,INITIATED,1789016234960
2177690,2,VALIDATED,1789016234962
2177690,3,PROCESSED,1789016234966
2177691,1,INITIATED,1789016234981
2177691,2,VALIDATED,1789016234984
2177691,3,PROCESSED,1789016234987
2177692,1,INITIATED,1789016235001
2177692,2,VALIDATED,1789016235004
2177692,3,PROCESSED,1789016235008
2177693,1,INITIATED,1789016235020
2177693,2,VALIDATED,1789016235023
2177693,3,PROCESSED,1789016235027
2177694,1,INITIATED,1789016235041
2177694,2,VALIDATED,1789016235045
2177694,3,PROCESSED,1789016235048
2177695,1,INITIATED,1789016235061
2177695,2,VALIDATED,1789016235064
2177695,3,PROCESSED,1789016235068
2177696,1,INITIATED,1789016235081
2177696,2,VALIDATED,1789016235085
2177696,3,PROCESSED,1789016235089
2177697,1,INITIATED,1789016235102
2177697,2,VALIDATED,1789016235128
2177697,3,PROCESSED,1789016235160
2177698,1,INITIATED,1789016235127
2177698,2,VALIDATED,1789016235158
2177698,3,PROCESSED,1789016235162
2177699,1,INITIATED,1789016235142
2177699,2,VALIDATED,1789016235158
2177699,3,PROCESSED,1789016235162
2177700,1,INITIATED,1789016235161
2177700,2,VALIDATED,1789016235163
2177700,3,PROCESSED,1789016235166
2177701,1,INITIATED,1789016235181
2177701,2,VALIDATED,1789016235184
2177701,3,PROCESSED,1789016235187
2177702,1,INITIATED,1789016235201
2177702,2,VALIDATED,1789016235204
2177702,3,PROCESSED,1789016235207
2177703,1,INITIATED,1789016235221
2177703,2,VALIDATED,1789016235223
2177703,3,PROCESSED,1789016235239
2177704,1,INITIATED,1789016235241
2177704,2,VALIDATED,1789016235243
2177704,3,PROCESSED,1789016235245
2177705,1,INITIATED,1789016235261
2177705,2,VALIDATED,1789016235264
2177705,3,PROCESSED,1789016235267
2177706,1,INITIATED,1789016235281
2177706,2,VALIDATED,1789016235284
2177706,3,PROCESSED,1789016235286
2177707,1,INITIATED,1789016235300
2177707,2,VALIDATED,1789016235304
2177707,3,PROCESSED,1789016235307
2177708,1,INITIATED,1789016235321
2177708,2,VALIDATED,1789016235324
2177708,3,PROCESSED,1789016235327
2177709,1,INITIATED,1789016235341
2177709,2,VALIDATED,1789016235344
2177709,3,PROCESSED,1789016235347
2177710,1,INITIATED,1789016235361
2177710,2,VALIDATED,1789016235364
2177710,3,PROCESSED,1789016235366
2177711,1,INITIATED,1789016235380
2177711,2,VALIDATED,1789016235383
2177711,3,PROCESSED,1789016235386
2177712,1,INITIATED,1789016235401
2177712,2,VALIDATED,1789016235404
2177712,3,PROCESSED,1789016235407
2177713,1,INITIATED,1789016235421
2177713,2,VALIDATED,1789016235692
2177713,3,PROCESSED,1789016235698
2177714,1,INITIATED,1789016235692
2177714,2,VALIDATED,1789016235696
2177714,3,PROCESSED,1789016235702
2177715,1,INITIATED,1789016235692
2177715,2,VALIDATED,1789016235696
2177715,3,PROCESSED,1789016235702
2177716,1,INITIATED,1789016235691
2177716,2,VALIDATED,1789016235696
2177716,3,PROCESSED,1789016235702
2177717,1,INITIATED,1789016235691
2177717,2,VALIDATED,1789016235695
2177717,3,PROCESSED,1789016235702
2177718,1,INITIATED,1789016235691
2177718,2,VALIDATED,1789016235695
2177718,3,PROCESSED,1789016235702
2177719,1,INITIATED,1789016235691
2177719,2,VALIDATED,1789016235695
2177719,3,PROCESSED,1789016235701
2177720,1,INITIATED,1789016235691
2177720,2,VALIDATED,1789016235696
2177720,3,PROCESSED,1789016235702
2177721,1,INITIATED,1789016235692
2177721,2,VALIDATED,1789016235697
2177721,3,PROCESSED,1789016235702
2177722,1,INITIATED,1789016235691
2177722,2,VALIDATED,1789016235695
2177722,3,PROCESSED,1789016235701
2177723,1,INITIATED,1789016235692
2177723,2,VALIDATED,1789016235695
2177723,3,PROCESSED,1789016235702
2177724,1,INITIATED,1789016235691
2177724,2,VALIDATED,1789016235696
2177724,3,PROCESSED,1789016235702
2177725,1,INITIATED,1789016235691
2177725,2,VALIDATED,1789016235696
2177725,3,PROCESSED,1789016235702
2177726,1,INITIATED,1789016235690
2177726,2,VALIDATED,1789016235695
2177726,3,PROCESSED,1789016235701
2177727,1,INITIATED,1789016235701
2177727,2,VALIDATED,1789016235771
2177727,3,PROCESSED,1789016235776
2177728,1,INITIATED,1789016235722
2177728,2,VALIDATED,1789016235771
2177728,3,PROCESSED,1789016235776
2177729,1,INITIATED,1789016235741
2177729,2,VALIDATED,1789016235771
2177729,3,PROCESSED,1789016235775
2177730,1,INITIATED,1789016235761
2177730,2,VALIDATED,1789016235771
2177730,3,PROCESSED,1789016235775
2177731,1,INITIATED,1789016235781
2177731,2,VALIDATED,1789016235783
2177731,3,PROCESSED,1789016235786
2177732,1,INITIATED,1789016235801
2177732,2,VALIDATED,1789016235803
2177732,3,PROCESSED,1789016235805
2177733,1,INITIATED,1789016235821
2177733,2,VALIDATED,1789016235825
2177733,3,REJECTED,1789016235827
2177734,1,INITIATED,1789016235840
2177734,2,VALIDATED,1789016235844
2177734,3,REJECTED,1789016235846
2177735,1,INITIATED,1789016235861
2177735,2,VALIDATED,1789016235864
2177735,3,REJECTED,1789016235866
2177736,1,INITIATED,1789016235881
2177736,2,VALIDATED,1789016235885
2177736,3,REJECTED,1789016235887
2177737,1,INITIATED,1789016235901
2177737,2,VALIDATED,1789016235905
2177737,3,PROCESSED,1789016235909
2177738,1,INITIATED,1789016235920
2177738,2,VALIDATED,1789016235923
2177738,3,PROCESSED,1789016235926
2177739,1,INITIATED,1789016235940
2177739,2,VALIDATED,1789016235943
2177739,3,PROCESSED,1789016235946
2177740,1,INITIATED,1789016235960
2177740,2,VALIDATED,1789016235963
2177740,3,PROCESSED,1789016235966
2177741,1,INITIATED,1789016235981
2177741,2,VALIDATED,1789016235984
2177741,3,PROCESSED,1789016235987
2177742,1,INITIATED,1789016236001
2177742,2,VALIDATED,1789016236005
2177742,3,PROCESSED,1789016236009
2177743,1,INITIATED,1789016236021
2177743,2,VALIDATED,1789016236024
2177743,3,PROCESSED,1789016236042
2177744,1,INITIATED,1789016236041
2177744,2,VALIDATED,1789016236044
2177744,3,PROCESSED,1789016236047
2177745,1,INITIATED,1789016236061
2177745,2,VALIDATED,1789016236064
2177745,3,PROCESSED,1789016236067
2177746,1,INITIATED,1789016236082
2177746,2,VALIDATED,1789016236085
2177746,3,PROCESSED,1789016236089
2177747,1,INITIATED,1789016236102
2177747,2,VALIDATED,1789016236141
2177747,3,PROCESSED,1789016236156
2177748,1,INITIATED,1789016236125
2177748,2,VALIDATED,1789016236154
2177748,3,PROCESSED,1789016236158
2177749,1,INITIATED,1789016236141
2177749,2,VALIDATED,1789016236154
2177749,3,PROCESSED,1789016236158
2177750,1,INITIATED,1789016236160
2177750,2,VALIDATED,1789016236162
2177750,3,PROCESSED,1789016236165
2177751,1,INITIATED,1789016236181
2177751,2,VALIDATED,1789016236184
2177751,3,PROCESSED,1789016236188
2177752,1,INITIATED,1789016236201
2177752,2,VALIDATED,1789016236204
2177752,3,PROCESSED,1789016236208
2177753,1,INITIATED,1789016236221
2177753,2,VALIDATED,1789016236224
2177753,3,PROCESSED,1789016236226
2177754,1,INITIATED,1789016236241
2177754,2,VALIDATED,1789016236244
2177754,3,PROCESSED,1789016236246
2177755,1,INITIATED,1789016236261
2177755,2,VALIDATED,1789016236264
2177755,3,PROCESSED,1789016236266
2177756,1,INITIATED,1789016236281
2177756,2,VALIDATED,1789016236284
2177756,3,PROCESSED,1789016236287
2177757,1,INITIATED,1789016236301
2177757,2,VALIDATED,1789016236304
2177757,3,PROCESSED,1789016236308
2177758,1,INITIATED,1789016236321
2177758,2,VALIDATED,1789016236324
2177758,3,PROCESSED,1789016236327
2177759,1,INITIATED,1789016236341
2177759,2,VALIDATED,1789016236345
2177759,3,PROCESSED,1789016236349
2177760,1,INITIATED,1789016236360
2177760,2,VALIDATED,1789016236364
2177760,3,PROCESSED,1789016236367
2177761,1,INITIATED,1789016236381
2177761,2,VALIDATED,1789016236384
2177761,3,PROCESSED,1789016236387
2177762,1,INITIATED,1789016236402
2177762,2,VALIDATED,1789016236405
2177762,3,PROCESSED,1789016236409
2177763,1,INITIATED,1789016236421
2177763,2,VALIDATED,1789016236425
2177763,3,PROCESSED,1789016236428
2177764,1,INITIATED,1789016236441
2177764,2,VALIDATED,1789016236445
2177764,3,PROCESSED,1789016236447
2177765,1,INITIATED,1789016236461
2177765,2,VALIDATED,1789016236464
2177765,3,PROCESSED,1789016236480
2177766,1,INITIATED,1789016236481
2177766,2,VALIDATED,1789016236483
2177766,3,PROCESSED,1789016236486
2177767,1,INITIATED,1789016236501
2177767,2,VALIDATED,1789016236505
2177767,3,PROCESSED,1789016236508
2177768,1,INITIATED,1789016236521
2177768,2,VALIDATED,1789016236524
2177768,3,PROCESSED,1789016236526
2177769,1,INITIATED,1789016236541
2177769,2,VALIDATED,1789016236544
2177769,3,PROCESSED,1789016236547
2177770,1,INITIATED,1789016236561
2177770,2,VALIDATED,1789016236564
2177770,3,PROCESSED,1789016236566
2177771,1,INITIATED,1789016236581
2177771,2,VALIDATED,1789016236584
2177771,3,PROCESSED,1789016236586
2177772,1,INITIATED,1789016236601
2177772,2,VALIDATED,1789016236604
2177772,3,PROCESSED,1789016236607
2177773,1,INITIATED,1789016236621
2177773,2,VALIDATED,1789016236624
2177773,3,PROCESSED,1789016236626
2177774,1,INITIATED,1789016236641
2177774,2,VALIDATED,1789016236644
2177774,3,PROCESSED,1789016236648
2177775,1,INITIATED,1789016236661
2177775,2,VALIDATED,1789016236664
2177775,3,PROCESSED,1789016236668
2177776,1,INITIATED,1789016236681
2177776,2,VALIDATED,1789016236684
2177776,3,PROCESSED,1789016236687
2177777,1,INITIATED,1789016236701
2177777,2,VALIDATED,1789016236703
2177777,3,PROCESSED,1789016236706
2177778,1,INITIATED,1789016236721
2177778,2,VALIDATED,1789016236724
2177778,3,PROCESSED,1789016236726
2177779,1,INITIATED,1789016236741
2177779,2,VALIDATED,1789016236744
2177779,3,PROCESSED,1789016236746
2177780,1,INITIATED,1789016236761
2177780,2,VALIDATED,1789016236764
2177780,3,PROCESSED,1789016236767
2177781,1,INITIATED,1789016236781
2177781,2,VALIDATED,1789016236784
2177781,3,PROCESSED,1789016236787
2177782,1,INITIATED,1789016236801
2177782,2,VALIDATED,1789016236804
2177782,3,PROCESSED,1789016236808
2177783,1,INITIATED,1789016236820
2177783,2,VALIDATED,1789016236824
2177783,3,PROCESSED,1789016236828
2177784,1,INITIATED,1789016236841
2177784,2,VALIDATED,1789016236844
2177784,3,PROCESSED,1789016236847
2177785,1,INITIATED,1789016236861
2177785,2,VALIDATED,1789016236864
2177785,3,PROCESSED,1789016236867
2177786,1,INITIATED,1789016236882
2177786,2,VALIDATED,1789016236898
2177786,3,PROCESSED,1789016236901
2177787,1,INITIATED,1789016236901
2177787,2,VALIDATED,1789016236903
2177787,3,PROCESSED,1789016236906
2177788,1,INITIATED,1789016236921
2177788,2,VALIDATED,1789016236924
2177788,3,PROCESSED,1789016236927
2177789,1,INITIATED,1789016236941
2177789,2,VALIDATED,1789016236949
2177789,3,PROCESSED,1789016236953
2177790,1,INITIATED,1789016236961
2177790,2,VALIDATED,1789016236970
2177790,3,PROCESSED,1789016236973
2177791,1,INITIATED,1789016236981
2177791,2,VALIDATED,1789016236992
2177791,3,PROCESSED,1789016236995
2177792,1,INITIATED,1789016237000
2177792,2,VALIDATED,1789016237010
2177792,3,PROCESSED,1789016237026
2177793,1,INITIATED,1789016237021
2177793,2,VALIDATED,1789016237025
2177793,3,PROCESSED,1789016237029
2177794,1,INITIATED,1789016237041
2177794,2,VALIDATED,1789016237043
2177794,3,PROCESSED,1789016237046
2177795,1,INITIATED,1789016237061
2177795,2,VALIDATED,1789016237064
2177795,3,PROCESSED,1789016237067
2177796,1,INITIATED,1789016237081
2177796,2,VALIDATED,1789016237084
2177796,3,PROCESSED,1789016237087
2177797,1,INITIATED,1789016237215
2177797,2,VALIDATED,1789016237327
2177797,3,PROCESSED,1789016237337
2177798,1,INITIATED,1789016237215
2177798,2,VALIDATED,1789016237327
2177798,3,PROCESSED,1789016237337
2177799,1,INITIATED,1789016237215
2177799,2,VALIDATED,1789016237327
2177799,3,PROCESSED,1789016237338
2177800,1,INITIATED,1789016237215
2177800,2,VALIDATED,1789016237327
2177800,3,PROCESSED,1789016237337
2177801,1,INITIATED,1789016237215
2177801,2,VALIDATED,1789016237327
2177801,3,PROCESSED,1789016237337
2177802,1,INITIATED,1789016237215
2177802,2,VALIDATED,1789016237327
2177802,3,PROCESSED,1789016237337
2177803,1,INITIATED,1789016237221
2177803,2,VALIDATED,1789016237327
2177803,3,PROCESSED,1789016237337
2177804,1,INITIATED,1789016237325
2177804,2,VALIDATED,1789016237330
2177804,3,PROCESSED,1789016237339
2177805,1,INITIATED,1789016237325
2177805,2,VALIDATED,1789016237330
2177805,3,PROCESSED,1789016237338
2177806,1,INITIATED,1789016237325
2177806,2,VALIDATED,1789016237333
2177806,3,PROCESSED,1789016237340
2177807,1,INITIATED,1789016237325
2177807,2,VALIDATED,1789016237333
2177807,3,PROCESSED,1789016237339
2177808,1,INITIATED,1789016237325
2177808,2,VALIDATED,1789016237331
2177808,3,PROCESSED,1789016237338
2177809,1,INITIATED,1789016237341
2177809,2,VALIDATED,1789016237355
2177809,3,PROCESSED,1789016237358
2177810,1,INITIATED,1789016237360
2177810,2,VALIDATED,1789016237363
2177810,3,PROCESSED,1789016237366
2177811,1,INITIATED,1789016237381
2177811,2,VALIDATED,1789016237384
2177811,3,PROCESSED,1789016237387
2177812,1,INITIATED,1789016237400
2177812,2,VALIDATED,1789016237404
2177812,3,PROCESSED,1789016237407
2177813,1,INITIATED,1789016237420
2177813,2,VALIDATED,1789016237424
2177813,3,PROCESSED,1789016237426
2177814,1,INITIATED,1789016237441
2177814,2,VALIDATED,1789016237444
2177814,3,PROCESSED,1789016237447
2177815,1,INITIATED,1789016237461
2177815,2,VALIDATED,1789016237464
2177815,3,PROCESSED,1789016237466
2177816,1,INITIATED,1789016237481
2177816,2,VALIDATED,1789016237484
2177816,3,PROCESSED,1789016237487
2177817,1,INITIATED,1789016237501
2177817,2,VALIDATED,1789016237504
2177817,3,PROCESSED,1789016237507
2177818,1,INITIATED,1789016237521
2177818,2,VALIDATED,1789016237524
2177818,3,PROCESSED,1789016237527
2177819,1,INITIATED,1789016237541
2177819,2,VALIDATED,1789016237553
2177819,3,PROCESSED,1789016237558
2177820,1,INITIATED,1789016237561
2177820,2,VALIDATED,1789016237563
2177820,3,PROCESSED,1789016237567
2177821,1,INITIATED,1789016237581
2177821,2,VALIDATED,1789016237586
2177821,3,PROCESSED,1789016237589
2177822,1,INITIATED,1789016237600
2177822,2,VALIDATED,1789016237602
2177822,3,PROCESSED,1789016237606
2177823,1,INITIATED,1789016237621
2177823,2,VALIDATED,1789016237624
2177823,3,PROCESSED,1789016237627
2177824,1,INITIATED,1789016237641
2177824,2,VALIDATED,1789016237644
2177824,3,PROCESSED,1789016237648
2177825,1,INITIATED,1789016237661
2177825,2,VALIDATED,1789016237664
2177825,3,PROCESSED,1789016237666
2177826,1,INITIATED,1789016237681
2177826,2,VALIDATED,1789016237684
2177826,3,PROCESSED,1789016237686
2177827,1,INITIATED,1789016237701
2177827,2,VALIDATED,1789016237708
2177827,3,PROCESSED,1789016237711
2177828,1,INITIATED,1789016237721
2177828,2,VALIDATED,1789016237724
2177828,3,PROCESSED,1789016237727
2177829,1,INITIATED,1789016237741
2177829,2,VALIDATED,1789016237744
2177829,3,PROCESSED,1789016237746
2177830,1,INITIATED,1789016237761
2177830,2,VALIDATED,1789016237763
2177830,3,PROCESSED,1789016237766
2177831,1,INITIATED,1789016237781
2177831,2,VALIDATED,1789016237784
2177831,3,PROCESSED,1789016237787
2177832,1,INITIATED,1789016237801
2177832,2,VALIDATED,1789016237805
2177832,3,PROCESSED,1789016237809
2177833,1,INITIATED,1789016237821
2177833,2,VALIDATED,1789016237825
2177833,3,REJECTED,1789016237827
2177834,1,INITIATED,1789016237842
2177834,2,VALIDATED,1789016237845
2177834,3,REJECTED,1789016237848
2177835,1,INITIATED,1789016237861
2177835,2,VALIDATED,1789016237864
2177835,3,REJECTED,1789016237866
2177836,1,INITIATED,1789016237881
2177836,2,VALIDATED,1789016237884
2177836,3,REJECTED,1789016237888
2177837,1,INITIATED,1789016237901
2177837,2,VALIDATED,1789016237904
2177837,3,PROCESSED,1789016237909
2177838,1,INITIATED,1789016237921
2177838,2,VALIDATED,1789016237925
2177838,3,PROCESSED,1789016237928
2177839,1,INITIATED,1789016237941
2177839,2,VALIDATED,1789016237944
2177839,3,PROCESSED,1789016237947
2177840,1,INITIATED,1789016237961
2177840,2,VALIDATED,1789016237964
2177840,3,PROCESSED,1789016237967
2177841,1,INITIATED,1789016237981
2177841,2,VALIDATED,1789016237983
2177841,3,PROCESSED,1789016237988
2177842,1,INITIATED,1789016238002
2177842,2,VALIDATED,1789016238005
2177842,3,PROCESSED,1789016238008
2177843,1,INITIATED,1789016238021
2177843,2,VALIDATED,1789016238024
2177843,3,PROCESSED,1789016238026
2177844,1,INITIATED,1789016238041
2177844,2,VALIDATED,1789016238044
2177844,3,PROCESSED,1789016238046
2177845,1,INITIATED,1789016238061
2177845,2,VALIDATED,1789016238064
2177845,3,PROCESSED,1789016238066
2177846,1,INITIATED,1789016238080
2177846,2,VALIDATED,1789016238084
2177846,3,PROCESSED,1789016238446
2177847,1,INITIATED,1789016238440
2177847,2,VALIDATED,1789016238609
2177847,3,PROCESSED,1789016238629
2177848,1,INITIATED,1789016238441
2177848,2,VALIDATED,1789016238603
2177848,3,PROCESSED,1789016238623
2177849,1,INITIATED,1789016238443
2177849,2,VALIDATED,1789016238603
2177849,3,PROCESSED,1789016238626
2177850,1,INITIATED,1789016238443
2177850,2,VALIDATED,1789016238604
2177850,3,PROCESSED,1789016238626
2177851,1,INITIATED,1789016238441
2177851,2,VALIDATED,1789016238607
2177851,3,PROCESSED,1789016238627
2177852,1,INITIATED,1789016238442
2177852,2,VALIDATED,1789016238608
2177852,3,PROCESSED,1789016238626
2177853,1,INITIATED,1789016238442
2177853,2,VALIDATED,1789016238603
2177853,3,PROCESSED,1789016238624
2177854,1,INITIATED,1789016238439
2177854,2,VALIDATED,1789016238463
2177854,3,PROCESSED,1789016238613
2177855,1,INITIATED,1789016238439
2177855,2,VALIDATED,1789016238463
2177855,3,PROCESSED,1789016238612
2177856,1,INITIATED,1789016238443
2177856,2,VALIDATED,1789016238604
2177856,3,PROCESSED,1789016238623
2177857,1,INITIATED,1789016238439
2177857,2,VALIDATED,1789016238463
2177857,3,PROCESSED,1789016238613
2177858,1,INITIATED,1789016238441
2177858,2,VALIDATED,1789016238605
2177858,3,PROCESSED,1789016238625
2177859,1,INITIATED,1789016238440
2177859,2,VALIDATED,1789016238606
2177859,3,PROCESSED,1789016238625
2177860,1,INITIATED,1789016238440
2177860,2,VALIDATED,1789016238602
2177860,3,PROCESSED,1789016238625
2177861,1,INITIATED,1789016238440
2177861,2,VALIDATED,1789016238463
2177861,3,PROCESSED,1789016238615
2177862,1,INITIATED,1789016238442
2177862,2,VALIDATED,1789016238605
2177862,3,PROCESSED,1789016238624
2177863,1,INITIATED,1789016238439
2177863,2,VALIDATED,1789016238463
2177863,3,PROCESSED,1789016238612
2177864,1,INITIATED,1789016238442
2177864,2,VALIDATED,1789016238608
2177864,3,PROCESSED,1789016238627
2177865,1,INITIATED,1789016238462
2177865,2,VALIDATED,1789016238609
2177865,3,PROCESSED,1789016238627
2177866,1,INITIATED,1789016238481
2177866,2,VALIDATED,1789016238608
2177866,3,PROCESSED,1789016238627
2177867,1,INITIATED,1789016238501
2177867,2,VALIDATED,1789016238607
2177867,3,PROCESSED,1789016238627
2177868,1,INITIATED,1789016238524
2177868,2,VALIDATED,1789016238609
2177868,3,PROCESSED,1789016238627
2177869,1,INITIATED,1789016238542
2177869,2,VALIDATED,1789016238606
2177869,3,PROCESSED,1789016238626
2177870,1,INITIATED,1789016238562
2177870,2,VALIDATED,1789016238610
2177870,3,PROCESSED,1789016238629
2177871,1,INITIATED,1789016238582
2177871,2,VALIDATED,1789016238608
2177871,3,PROCESSED,1789016238626
2177872,1,INITIATED,1789016238603
2177872,2,VALIDATED,1789016238611
2177872,3,PROCESSED,1789016238630
2177873,1,INITIATED,1789016238631
2177873,2,VALIDATED,1789016238635
2177873,3,PROCESSED,1789016238638
2177874,1,INITIATED,1789016238641
2177874,2,VALIDATED,1789016238662
2177874,3,PROCESSED,1789016238665
2177875,1,INITIATED,1789016238661
2177875,2,VALIDATED,1789016238663
2177875,3,PROCESSED,1789016238666
2177876,1,INITIATED,1789016238682
2177876,2,VALIDATED,1789016238685
2177876,3,PROCESSED,1789016238688
2177877,1,INITIATED,1789016238700
2177877,2,VALIDATED,1789016238703
2177877,3,PROCESSED,1789016238707
2177878,1,INITIATED,1789016238721
2177878,2,VALIDATED,1789016238724
2177878,3,PROCESSED,1789016238727
2177879,1,INITIATED,1789016238742
2177879,2,VALIDATED,1789016238745
2177879,3,PROCESSED,1789016238750
2177880,1,INITIATED,1789016238761
2177880,2,VALIDATED,1789016238765
2177880,3,PROCESSED,1789016238768
2177881,1,INITIATED,1789016238781
2177881,2,VALIDATED,1789016238784
2177881,3,PROCESSED,1789016238787
2177882,1,INITIATED,1789016238801
2177882,2,VALIDATED,1789016238804
2177882,3,PROCESSED,1789016238808
2177883,1,INITIATED,1789016238821
2177883,2,VALIDATED,1789016238824
2177883,3,PROCESSED,1789016238827
2177884,1,INITIATED,1789016238841
2177884,2,VALIDATED,1789016238848
2177884,3,PROCESSED,1789016238851
2177885,1,INITIATED,1789016238861
2177885,2,VALIDATED,1789016238864
2177885,3,PROCESSED,1789016238867
2177886,1,INITIATED,1789016238882
2177886,2,VALIDATED,1789016238885
2177886,3,PROCESSED,1789016238890
2177887,1,INITIATED,1789016238901
2177887,2,VALIDATED,1789016238904
2177887,3,PROCESSED,1789016238909
2177888,1,INITIATED,1789016238921
2177888,2,VALIDATED,1789016238924
2177888,3,PROCESSED,1789016238928
2177889,1,INITIATED,1789016238941
2177889,2,VALIDATED,1789016238944
2177889,3,PROCESSED,1789016238947
2177890,1,INITIATED,1789016238960
2177890,2,VALIDATED,1789016238963
2177890,3,PROCESSED,1789016238967
2177891,1,INITIATED,1789016238981
2177891,2,VALIDATED,1789016238985
2177891,3,PROCESSED,1789016238988
2177892,1,INITIATED,1789016239001
2177892,2,VALIDATED,1789016239004
2177892,3,PROCESSED,1789016239010
2177893,1,INITIATED,1789016239022
2177893,2,VALIDATED,1789016239026
2177893,3,PROCESSED,1789016239029
2177894,1,INITIATED,1789016239041
2177894,2,VALIDATED,1789016239044
2177894,3,PROCESSED,1789016239048
2177895,1,INITIATED,1789016239061
2177895,2,VALIDATED,1789016239070
2177895,3,PROCESSED,1789016239074
2177896,1,INITIATED,1789016239081
2177896,2,VALIDATED,1789016239144
2177896,3,PROCESSED,1789016239561
2177897,1,INITIATED,1789016239142
2177897,2,VALIDATED,1789016239557
2177897,3,PROCESSED,1789016239570
2177898,1,INITIATED,1789016239142
2177898,2,VALIDATED,1789016239557
2177898,3,PROCESSED,1789016239570
2177899,1,INITIATED,1789016239142
2177899,2,VALIDATED,1789016239558
2177899,3,PROCESSED,1789016239570
2177900,1,INITIATED,1789016239560
2177900,2,VALIDATED,1789016239568
2177900,3,PROCESSED,1789016239576
2177901,1,INITIATED,1789016239558
2177901,2,VALIDATED,1789016239568
2177901,3,PROCESSED,1789016239578
2177902,1,INITIATED,1789016239559
2177902,2,VALIDATED,1789016239569
2177902,3,PROCESSED,1789016239576
2177903,1,INITIATED,1789016239556
2177903,2,VALIDATED,1789016239566
2177903,3,PROCESSED,1789016239575
2177904,1,INITIATED,1789016239556
2177904,2,VALIDATED,1789016239563
2177904,3,PROCESSED,1789016239574
2177905,1,INITIATED,1789016239559
2177905,2,VALIDATED,1789016239569
2177905,3,PROCESSED,1789016239577
2177906,1,INITIATED,1789016239558
2177906,2,VALIDATED,1789016239569
2177906,3,PROCESSED,1789016239576
2177907,1,INITIATED,1789016239558
2177907,2,VALIDATED,1789016239566
2177907,3,PROCESSED,1789016239575
2177908,1,INITIATED,1789016239559
2177908,2,VALIDATED,1789016239570
2177908,3,PROCESSED,1789016239657
2177909,1,INITIATED,1789016239557
2177909,2,VALIDATED,1789016239568
2177909,3,PROCESSED,1789016239574
2177910,1,INITIATED,1789016239555
2177910,2,VALIDATED,1789016239560
2177910,3,PROCESSED,1789016239573
2177911,1,INITIATED,1789016239557
2177911,2,VALIDATED,1789016239566
2177911,3,PROCESSED,1789016239576
2177912,1,INITIATED,1789016239555
2177912,2,VALIDATED,1789016239561
2177912,3,PROCESSED,1789016239573
2177913,1,INITIATED,1789016239557
2177913,2,VALIDATED,1789016239567
2177913,3,PROCESSED,1789016239576
2177914,1,INITIATED,1789016239556
2177914,2,VALIDATED,1789016239563
2177914,3,PROCESSED,1789016239574
2177915,1,INITIATED,1789016239559
2177915,2,VALIDATED,1789016239569
2177915,3,PROCESSED,1789016239577
2177916,1,INITIATED,1789016239559
2177916,2,VALIDATED,1789016239568
2177916,3,PROCESSED,1789016239577
2177917,1,INITIATED,1789016239557
2177917,2,VALIDATED,1789016239563
2177917,3,PROCESSED,1789016239576
2177918,1,INITIATED,1789016239558
2177918,2,VALIDATED,1789016239569
2177918,3,PROCESSED,1789016239577
2177919,1,INITIATED,1789016239555
2177919,2,VALIDATED,1789016239560
2177919,3,PROCESSED,1789016239573
2177920,1,INITIATED,1789016239562
2177920,2,VALIDATED,1789016239569
2177920,3,PROCESSED,1789016239577
2177921,1,INITIATED,1789016239582
2177921,2,VALIDATED,1789016239658
2177921,3,PROCESSED,1789016239662
2177922,1,INITIATED,1789016239601
2177922,2,VALIDATED,1789016239658
2177922,3,PROCESSED,1789016239661
2177923,1,INITIATED,1789016239621
2177923,2,VALIDATED,1789016239658
2177923,3,PROCESSED,1789016239661
2177924,1,INITIATED,1789016239643
2177924,2,VALIDATED,1789016239658
2177924,3,PROCESSED,1789016239662
2177925,1,INITIATED,1789016239661
2177925,2,VALIDATED,1789016239663
2177925,3,PROCESSED,1789016239666
2177926,1,INITIATED,1789016239681
2177926,2,VALIDATED,1789016239684
2177926,3,PROCESSED,1789016239687
2177927,1,INITIATED,1789016239701
2177927,2,VALIDATED,1789016239704
2177927,3,PROCESSED,1789016239708
2177928,1,INITIATED,1789016239721
2177928,2,VALIDATED,1789016239724
2177928,3,PROCESSED,1789016239727
2177929,1,INITIATED,1789016239741
2177929,2,VALIDATED,1789016239744
2177929,3,PROCESSED,1789016239746
2177930,1,INITIATED,1789016239761
2177930,2,VALIDATED,1789016239764
2177930,3,PROCESSED,1789016239766
2177931,1,INITIATED,1789016239781
2177931,2,VALIDATED,1789016239785
2177931,3,PROCESSED,1789016239788
2177932,1,INITIATED,1789016239801
2177932,2,VALIDATED,1789016239804
2177932,3,PROCESSED,1789016239807
2177933,1,INITIATED,1789016239820
2177933,2,VALIDATED,1789016239824
2177933,3,REJECTED,1789016239826
2177934,1,INITIATED,1789016239841
2177934,2,VALIDATED,1789016239844
2177934,3,REJECTED,1789016239846
2177935,1,INITIATED,1789016239860
2177935,2,VALIDATED,1789016239863
2177935,3,REJECTED,1789016239865
2177936,1,INITIATED,1789016239881
2177936,2,VALIDATED,1789016239884
2177936,3,REJECTED,1789016239886
2177937,1,INITIATED,1789016239901
2177937,2,VALIDATED,1789016239904
2177937,3,PROCESSED,1789016239909
2177938,1,INITIATED,1789016239921
2177938,2,VALIDATED,1789016239924
2177938,3,PROCESSED,1789016239929
2177939,1,INITIATED,1789016239942
2177939,2,VALIDATED,1789016239947
2177939,3,PROCESSED,1789016239952
2177940,1,INITIATED,1789016239961
2177940,2,VALIDATED,1789016239964
2177940,3,PROCESSED,1789016239968
2177941,1,INITIATED,1789016239981
2177941,2,VALIDATED,1789016239984
2177941,3,PROCESSED,1789016239987
2177942,1,INITIATED,1789016240000
2177942,2,VALIDATED,1789016240004
2177942,3,PROCESSED,1789016240007
2177943,1,INITIATED,1789016240021
2177943,2,VALIDATED,1789016240025
2177943,3,PROCESSED,1789016240028
2177944,1,INITIATED,1789016240040
2177944,2,VALIDATED,1789016240044
2177944,3,PROCESSED,1789016240047
2177945,1,INITIATED,1789016240062
2177945,2,VALIDATED,1789016240064
2177945,3,PROCESSED,1789016240068
2177946,1,INITIATED,1789016240081
2177946,2,VALIDATED,1789016240091
2177946,3,PROCESSED,1789016240104
2177947,1,INITIATED,1789016240101
2177947,2,VALIDATED,1789016240103
2177947,3,PROCESSED,1789016240107
2177948,1,INITIATED,1789016240121
2177948,2,VALIDATED,1789016240128
2177948,3,PROCESSED,1789016240131
2177949,1,INITIATED,1789016240140
2177949,2,VALIDATED,1789016240144
2177949,3,PROCESSED,1789016240146
2177950,1,INITIATED,1789016240161
2177950,2,VALIDATED,1789016240164
2177950,3,PROCESSED,1789016240167
2177951,1,INITIATED,1789016240181
2177951,2,VALIDATED,1789016240184
2177951,3,PROCESSED,1789016240186
2177952,1,INITIATED,1789016240201
2177952,2,VALIDATED,1789016240203
2177952,3,PROCESSED,1789016240206
2177953,1,INITIATED,1789016240221
2177953,2,VALIDATED,1789016240224
2177953,3,PROCESSED,1789016240227
2177954,1,INITIATED,1789016240242
2177954,2,VALIDATED,1789016240245
2177954,3,PROCESSED,1789016240249
2177955,1,INITIATED,1789016240261
2177955,2,VALIDATED,1789016240264
2177955,3,PROCESSED,1789016240273
2177956,1,INITIATED,1789016240281
2177956,2,VALIDATED,1789016240284
2177956,3,PROCESSED,1789016240286
2177957,1,INITIATED,1789016240301
2177957,2,VALIDATED,1789016240304
2177957,3,PROCESSED,1789016240307
2177958,1,INITIATED,1789016240321
2177958,2,VALIDATED,1789016240324
2177958,3,PROCESSED,1789016240327
2177959,1,INITIATED,1789016240341
2177959,2,VALIDATED,1789016240344
2177959,3,PROCESSED,1789016240347
2177960,1,INITIATED,1789016240360
2177960,2,VALIDATED,1789016240363
2177960,3,PROCESSED,1789016240366
2177961,1,INITIATED,1789016240380
2177961,2,VALIDATED,1789016240384
2177961,3,PROCESSED,1789016240386
2177962,1,INITIATED,1789016240401
2177962,2,VALIDATED,1789016240404
2177962,3,PROCESSED,1789016240408
2177963,1,INITIATED,1789016240421
2177963,2,VALIDATED,1789016240425
2177963,3,PROCESSED,1789016240429
2177964,1,INITIATED,1789016240441
2177964,2,VALIDATED,1789016240444
2177964,3,PROCESSED,1789016240447
2177965,1,INITIATED,1789016240461
2177965,2,VALIDATED,1789016240464
2177965,3,PROCESSED,1789016240467
2177966,1,INITIATED,1789016240481
2177966,2,VALIDATED,1789016240484
2177966,3,PROCESSED,1789016240487
2177967,1,INITIATED,1789016240501
2177967,2,VALIDATED,1789016240504
2177967,3,PROCESSED,1789016240507
2177968,1,INITIATED,1789016240521
2177968,2,VALIDATED,1789016240524
2177968,3,PROCESSED,1789016240527
2177969,1,INITIATED,1789016240541
2177969,2,VALIDATED,1789016240544
2177969,3,PROCESSED,1789016240548
2177970,1,INITIATED,1789016240561
2177970,2,VALIDATED,1789016240564
2177970,3,PROCESSED,1789016240568
2177971,1,INITIATED,1789016240581
2177971,2,VALIDATED,1789016240584
2177971,3,PROCESSED,1789016240588
2177972,1,INITIATED,1789016240601
2177972,2,VALIDATED,1789016240604
2177972,3,PROCESSED,1789016240609
2177973,1,INITIATED,1789016240620
2177973,2,VALIDATED,1789016240624
2177973,3,PROCESSED,1789016240627
2177974,1,INITIATED,1789016240641
2177974,2,VALIDATED,1789016240645
2177974,3,PROCESSED,1789016240648
2177975,1,INITIATED,1789016240661
2177975,2,VALIDATED,1789016240664
2177975,3,PROCESSED,1789016240666
2177976,1,INITIATED,1789016240681
2177976,2,VALIDATED,1789016240684
2177976,3,PROCESSED,1789016240687
2177977,1,INITIATED,1789016240701
2177977,2,VALIDATED,1789016240704
2177977,3,PROCESSED,1789016240708
2177978,1,INITIATED,1789016240721
2177978,2,VALIDATED,1789016240724
2177978,3,PROCESSED,1789016240728
2177979,1,INITIATED,1789016240740
2177979,2,VALIDATED,1789016240744
2177979,3,PROCESSED,1789016240747
2177980,1,INITIATED,1789016240760
2177980,2,VALIDATED,1789016240763
2177980,3,PROCESSED,1789016240766
2177981,1,INITIATED,1789016240781
2177981,2,VALIDATED,1789016240784
2177981,3,PROCESSED,1789016240787
2177982,1,INITIATED,1789016240801
2177982,2,VALIDATED,1789016240807
2177982,3,PROCESSED,1789016240810
2177983,1,INITIATED,1789016240821
2177983,2,VALIDATED,1789016240825
2177983,3,PROCESSED,1789016240829
2177984,1,INITIATED,1789016240841
2177984,2,VALIDATED,1789016240844
2177984,3,PROCESSED,1789016240849
2177985,1,INITIATED,1789016240861
2177985,2,VALIDATED,1789016240865
2177985,3,PROCESSED,1789016240869
2177986,1,INITIATED,1789016240881
2177986,2,VALIDATED,1789016240884
2177986,3,PROCESSED,1789016240888
2177987,1,INITIATED,1789016240901
2177987,2,VALIDATED,1789016240904
2177987,3,PROCESSED,1789016240908
2177988,1,INITIATED,1789016240921
2177988,2,VALIDATED,1789016240925
2177988,3,PROCESSED,1789016240928
2177989,1,INITIATED,1789016240942
2177989,2,VALIDATED,1789016240946
2177989,3,PROCESSED,1789016240953
2177990,1,INITIATED,1789016240961
2177990,2,VALIDATED,1789016240965
2177990,3,PROCESSED,1789016240969
2177991,1,INITIATED,1789016240981
2177991,2,VALIDATED,1789016240984
2177991,3,PROCESSED,1789016240987
2177992,1,INITIATED,1789016241002
2177992,2,VALIDATED,1789016241010
2177992,3,PROCESSED,1789016241013
2177993,1,INITIATED,1789016241021
2177993,2,VALIDATED,1789016241024
2177993,3,PROCESSED,1789016241028
2177994,1,INITIATED,1789016241042
2177994,2,VALIDATED,1789016241045
2177994,3,PROCESSED,1789016241049
2177995,1,INITIATED,1789016241061
2177995,2,VALIDATED,1789016241063
2177995,3,PROCESSED,1789016241067
2177996,1,INITIATED,1789016241308
2177996,2,VALIDATED,1789016241325
2177996,3,PROCESSED,1789016241394
2177997,1,INITIATED,1789016241308
2177997,2,VALIDATED,1789016241325
2177997,3,PROCESSED,1789016241395
2177998,1,INITIATED,1789016241309
2177998,2,VALIDATED,1789016241325
2177998,3,PROCESSED,1789016241393
2177999,1,INITIATED,1789016241309
2177999,2,VALIDATED,1789016241326
2177999,3,PROCESSED,1789016241395
2178000,1,INITIATED,1789016241307
2178000,2,VALIDATED,1789016241325
2178000,3,PROCESSED,1789016241394
2178001,1,INITIATED,1789016241308
2178001,2,VALIDATED,1789016241325
2178001,3,PROCESSED,1789016241393
2178002,1,INITIATED,1789016241307
2178002,2,VALIDATED,1789016241324
2178002,3,PROCESSED,1789016241393
2178003,1,INITIATED,1789016241307
2178003,2,VALIDATED,1789016241324
2178003,3,PROCESSED,1789016241395
2178004,1,INITIATED,1789016241307
2178004,2,VALIDATED,1789016241326
2178004,3,PROCESSED,1789016241395
2178005,1,INITIATED,1789016241308
2178005,2,VALIDATED,1789016241325
2178005,3,PROCESSED,1789016241394
2178006,1,INITIATED,1789016241307
2178006,2,VALIDATED,1789016241324
2178006,3,PROCESSED,1789016241394
2178007,1,INITIATED,1789016241308
2178007,2,VALIDATED,1789016241325
2178007,3,PROCESSED,1789016241393
2178008,1,INITIATED,1789016241322
2178008,2,VALIDATED,1789016241391
2178008,3,PROCESSED,1789016241397
2178009,1,INITIATED,1789016241380
2178009,2,VALIDATED,1789016241395
2178009,3,PROCESSED,1789016241400
2178010,1,INITIATED,1789016241380
2178010,2,VALIDATED,1789016241394
2178010,3,PROCESSED,1789016241400
2178011,1,INITIATED,1789016241381
2178011,2,VALIDATED,1789016241395
2178011,3,PROCESSED,1789016241400
2178012,1,INITIATED,1789016241401
2178012,2,VALIDATED,1789016241404
2178012,3,PROCESSED,1789016241409
2178013,1,INITIATED,1789016241422
2178013,2,VALIDATED,1789016241426
2178013,3,PROCESSED,1789016241430
2178014,1,INITIATED,1789016241442
2178014,2,VALIDATED,1789016241446
2178014,3,PROCESSED,1789016241452
2178015,1,INITIATED,1789016241462
2178015,2,VALIDATED,1789016241466
2178015,3,PROCESSED,1789016241473
2178016,1,INITIATED,1789016241481
2178016,2,VALIDATED,1789016241484
2178016,3,PROCESSED,1789016241490
2178017,1,INITIATED,1789016241502
2178017,2,VALIDATED,1789016241506
2178017,3,PROCESSED,1789016241511
2178018,1,INITIATED,1789016241522
2178018,2,VALIDATED,1789016241526
2178018,3,PROCESSED,1789016241531
2178019,1,INITIATED,1789016241542
2178019,2,VALIDATED,1789016241549
2178019,3,PROCESSED,1789016241555
2178020,1,INITIATED,1789016241562
2178020,2,VALIDATED,1789016241566
2178020,3,PROCESSED,1789016241572
2178021,1,INITIATED,1789016241583
2178021,2,VALIDATED,1789016241588
2178021,3,PROCESSED,1789016241594
2178022,1,INITIATED,1789016241602
2178022,2,VALIDATED,1789016241606
2178022,3,PROCESSED,1789016241612
2178023,1,INITIATED,1789016241622
2178023,2,VALIDATED,1789016241626
2178023,3,PROCESSED,1789016241632
2178024,1,INITIATED,1789016241642
2178024,2,VALIDATED,1789016241646
2178024,3,PROCESSED,1789016241652
2178025,1,INITIATED,1789016241662
2178025,2,VALIDATED,1789016241666
2178025,3,PROCESSED,1789016241672
2178026,1,INITIATED,1789016241682
2178026,2,VALIDATED,1789016241690
2178026,3,PROCESSED,1789016241695
2178027,1,INITIATED,1789016241702
2178027,2,VALIDATED,1789016241706
2178027,3,PROCESSED,1789016241712
2178028,1,INITIATED,1789016241722
2178028,2,VALIDATED,1789016241726
2178028,3,PROCESSED,1789016241733
2178029,1,INITIATED,1789016241741
2178029,2,VALIDATED,1789016241746
2178029,3,PROCESSED,1789016241752
2178030,1,INITIATED,1789016241762
2178030,2,VALIDATED,1789016241766
2178030,3,PROCESSED,1789016241772
2178031,1,INITIATED,1789016241781
2178031,2,VALIDATED,1789016241785
2178031,3,PROCESSED,1789016241793
2178032,1,INITIATED,1789016241801
2178032,2,VALIDATED,1789016241805
2178032,3,PROCESSED,1789016241811
2178033,1,INITIATED,1789016241822
2178033,2,VALIDATED,1789016241826
2178033,3,REJECTED,1789016241830
2178034,1,INITIATED,1789016241842
2178034,2,VALIDATED,1789016241846
2178034,3,REJECTED,1789016241849
2178035,1,INITIATED,1789016241861
2178035,2,VALIDATED,1789016241866
2178035,3,REJECTED,1789016241869
2178036,1,INITIATED,1789016241881
2178036,2,VALIDATED,1789016241885
2178036,3,REJECTED,1789016241889
2178037,1,INITIATED,1789016241901
2178037,2,VALIDATED,1789016241909
2178037,3,PROCESSED,1789016241914
2178038,1,INITIATED,1789016241922
2178038,2,VALIDATED,1789016241927
2178038,3,PROCESSED,1789016241934
2178039,1,INITIATED,1789016241942
2178039,2,VALIDATED,1789016241946
2178039,3,PROCESSED,1789016241952
2178040,1,INITIATED,1789016241962
2178040,2,VALIDATED,1789016241967
2178040,3,PROCESSED,1789016241977
2178041,1,INITIATED,1789016241982
2178041,2,VALIDATED,1789016241986
2178041,3,PROCESSED,1789016241991
2178042,1,INITIATED,1789016242002
2178042,2,VALIDATED,1789016242006
2178042,3,PROCESSED,1789016242012
2178043,1,INITIATED,1789016242022
2178043,2,VALIDATED,1789016242025
2178043,3,PROCESSED,1789016242031
2178044,1,INITIATED,1789016242042
2178044,2,VALIDATED,1789016242046
2178044,3,PROCESSED,1789016242051
2178045,1,INITIATED,1789016242062
2178045,2,VALIDATED,1789016242066
2178045,3,PROCESSED,1789016242071
2178046,1,INITIATED,1789016242081
2178046,2,VALIDATED,1789016242267
2178046,3,PROCESSED,1789016242276
2178047,1,INITIATED,1789016242267
2178047,2,VALIDATED,1789016242274
2178047,3,PROCESSED,1789016242307
2178048,1,INITIATED,1789016242268
2178048,2,VALIDATED,1789016242292
2178048,3,PROCESSED,1789016242347
2178049,1,INITIATED,1789016242267
2178049,2,VALIDATED,1789016242274
2178049,3,PROCESSED,1789016242308
2178050,1,INITIATED,1789016242268
2178050,2,VALIDATED,1789016242292
2178050,3,PROCESSED,1789016242348
2178051,1,INITIATED,1789016242267
2178051,2,VALIDATED,1789016242274
2178051,3,PROCESSED,1789016242308
2178052,1,INITIATED,1789016242268
2178052,2,VALIDATED,1789016242292
2178052,3,PROCESSED,1789016242347
2178053,1,INITIATED,1789016242267
2178053,2,VALIDATED,1789016242274
2178053,3,PROCESSED,1789016242308
2178054,1,INITIATED,1789016242267
2178054,2,VALIDATED,1789016242274
2178054,3,PROCESSED,1789016242308
2178055,1,INITIATED,1789016242267
2178055,2,VALIDATED,1789016242274
2178055,3,PROCESSED,1789016242308
2178056,1,INITIATED,1789016242281
2178056,2,VALIDATED,1789016242305
2178056,3,PROCESSED,1789016242348
2178057,1,INITIATED,1789016242301
2178057,2,VALIDATED,1789016242346
2178057,3,PROCESSED,1789016242352
2178058,1,INITIATED,1789016242321
2178058,2,VALIDATED,1789016242346
2178058,3,PROCESSED,1789016242352
2178059,1,INITIATED,1789016242341
2178059,2,VALIDATED,1789016242346
2178059,3,PROCESSED,1789016242357
2178060,1,INITIATED,1789016242361
2178060,2,VALIDATED,1789016242364
2178060,3,PROCESSED,1789016242369
2178061,1,INITIATED,1789016242381
2178061,2,VALIDATED,1789016242384
2178061,3,PROCESSED,1789016242390
2178062,1,INITIATED,1789016242401
2178062,2,VALIDATED,1789016242404
2178062,3,PROCESSED,1789016242408
2178063,1,INITIATED,1789016242422
2178063,2,VALIDATED,1789016242425
2178063,3,PROCESSED,1789016242429
2178064,1,INITIATED,1789016242442
2178064,2,VALIDATED,1789016242445
2178064,3,PROCESSED,1789016242449
2178065,1,INITIATED,1789016242461
2178065,2,VALIDATED,1789016242465
2178065,3,PROCESSED,1789016242469
2178066,1,INITIATED,1789016242482
2178066,2,VALIDATED,1789016242488
2178066,3,PROCESSED,1789016242493
2178067,1,INITIATED,1789016242501
2178067,2,VALIDATED,1789016242505
2178067,3,PROCESSED,1789016242510
2178068,1,INITIATED,1789016242521
2178068,2,VALIDATED,1789016242525
2178068,3,PROCESSED,1789016242529
2178069,1,INITIATED,1789016242542
2178069,2,VALIDATED,1789016242545
2178069,3,PROCESSED,1789016242551
2178070,1,INITIATED,1789016242561
2178070,2,VALIDATED,1789016242564
2178070,3,PROCESSED,1789016242567
2178071,1,INITIATED,1789016242582
2178071,2,VALIDATED,1789016242586
2178071,3,PROCESSED,1789016242590
2178072,1,INITIATED,1789016242601
2178072,2,VALIDATED,1789016242604
2178072,3,PROCESSED,1789016242609
2178073,1,INITIATED,1789016242621
2178073,2,VALIDATED,1789016242625
2178073,3,PROCESSED,1789016242629
2178074,1,INITIATED,1789016242641
2178074,2,VALIDATED,1789016242645
2178074,3,PROCESSED,1789016242649
2178075,1,INITIATED,1789016242662
2178075,2,VALIDATED,1789016242665
2178075,3,PROCESSED,1789016242669
2178076,1,INITIATED,1789016242682
2178076,2,VALIDATED,1789016242685
2178076,3,PROCESSED,1789016242690
2178077,1,INITIATED,1789016242701
2178077,2,VALIDATED,1789016242705
2178077,3,PROCESSED,1789016242709
2178078,1,INITIATED,1789016242722
2178078,2,VALIDATED,1789016242725
2178078,3,PROCESSED,1789016242730
2178079,1,INITIATED,1789016242742
2178079,2,VALIDATED,1789016242747
2178079,3,PROCESSED,1789016242753
2178080,1,INITIATED,1789016242761
2178080,2,VALIDATED,1789016242764
2178080,3,PROCESSED,1789016242769
2178081,1,INITIATED,1789016242781
2178081,2,VALIDATED,1789016242785
2178081,3,PROCESSED,1789016242789
2178082,1,INITIATED,1789016242801
2178082,2,VALIDATED,1789016242804
2178082,3,PROCESSED,1789016242810
2178083,1,INITIATED,1789016242822
2178083,2,VALIDATED,1789016242825
2178083,3,PROCESSED,1789016242829
2178084,1,INITIATED,1789016242843
2178084,2,VALIDATED,1789016242848
2178084,3,PROCESSED,1789016242852
2178085,1,INITIATED,1789016242861
2178085,2,VALIDATED,1789016242865
2178085,3,PROCESSED,1789016242869
2178086,1,INITIATED,1789016242881
2178086,2,VALIDATED,1789016242885
2178086,3,PROCESSED,1789016242889
2178087,1,INITIATED,1789016242901
2178087,2,VALIDATED,1789016242904
2178087,3,PROCESSED,1789016242908
2178088,1,INITIATED,1789016242921
2178088,2,VALIDATED,1789016242927
2178088,3,PROCESSED,1789016242931
2178089,1,INITIATED,1789016242941
2178089,2,VALIDATED,1789016242945
2178089,3,PROCESSED,1789016242950
2178090,1,INITIATED,1789016242961
2178090,2,VALIDATED,1789016242965
2178090,3,PROCESSED,1789016242969
2178091,1,INITIATED,1789016242981
2178091,2,VALIDATED,1789016242984
2178091,3,PROCESSED,1789016242988
2178092,1,INITIATED,1789016243002
2178092,2,VALIDATED,1789016243006
2178092,3,PROCESSED,1789016243010
2178093,1,INITIATED,1789016243021
2178093,2,VALIDATED,1789016243024
2178093,3,PROCESSED,1789016243028
2178094,1,INITIATED,1789016243041
2178094,2,VALIDATED,1789016243045
2178094,3,PROCESSED,1789016243050
2178095,1,INITIATED,1789016243061
2178095,2,VALIDATED,1789016243065
2178095,3,PROCESSED,1789016243070
2178096,1,INITIATED,1789016243081
2178096,2,VALIDATED,1789016243237
2178096,3,PROCESSED,1789016243243
2178097,1,INITIATED,1789016243232
2178097,2,VALIDATED,1789016243237
2178097,3,PROCESSED,1789016243243
2178098,1,INITIATED,1789016243232
2178098,2,VALIDATED,1789016243237
2178098,3,PROCESSED,1789016243243
2178099,1,INITIATED,1789016243232
2178099,2,VALIDATED,1789016243237
2178099,3,PROCESSED,1789016243243
2178100,1,INITIATED,1789016243232
2178100,2,VALIDATED,1789016243237
2178100,3,PROCESSED,1789016243243
2178101,1,INITIATED,1789016243232
2178101,2,VALIDATED,1789016243237
2178101,3,PROCESSED,1789016243243
2178102,1,INITIATED,1789016243232
2178102,2,VALIDATED,1789016243237
2178102,3,PROCESSED,1789016243243
2178103,1,INITIATED,1789016243232
2178103,2,VALIDATED,1789016243237
2178103,3,PROCESSED,1789016243243
2178104,1,INITIATED,1789016243241
2178104,2,VALIDATED,1789016243245
2178104,3,PROCESSED,1789016243250
2178105,1,INITIATED,1789016243261
2178105,2,VALIDATED,1789016243275
2178105,3,PROCESSED,1789016243281
2178106,1,INITIATED,1789016243281
2178106,2,VALIDATED,1789016243283
2178106,3,PROCESSED,1789016243287
2178107,1,INITIATED,1789016243302
2178107,2,VALIDATED,1789016243306
2178107,3,PROCESSED,1789016243310
2178108,1,INITIATED,1789016243321
2178108,2,VALIDATED,1789016243325
2178108,3,PROCESSED,1789016243329
2178109,1,INITIATED,1789016243341
2178109,2,VALIDATED,1789016243344
2178109,3,PROCESSED,1789016243348
2178110,1,INITIATED,1789016243361
2178110,2,VALIDATED,1789016243364
2178110,3,PROCESSED,1789016243368
2178111,1,INITIATED,1789016243381
2178111,2,VALIDATED,1789016243385
2178111,3,PROCESSED,1789016243391
2178112,1,INITIATED,1789016243401
2178112,2,VALIDATED,1789016243405
2178112,3,PROCESSED,1789016243410
2178113,1,INITIATED,1789016243421
2178113,2,VALIDATED,1789016243425
2178113,3,PROCESSED,1789016243428
2178114,1,INITIATED,1789016243441
2178114,2,VALIDATED,1789016243445
2178114,3,PROCESSED,1789016243448
2178115,1,INITIATED,1789016243461
2178115,2,VALIDATED,1789016243465
2178115,3,PROCESSED,1789016243470
2178116,1,INITIATED,1789016243482
2178116,2,VALIDATED,1789016243485
2178116,3,PROCESSED,1789016243490
2178117,1,INITIATED,1789016243501
2178117,2,VALIDATED,1789016243504
2178117,3,PROCESSED,1789016243508
2178118,1,INITIATED,1789016243521
2178118,2,VALIDATED,1789016243524
2178118,3,PROCESSED,1789016243527
2178119,1,INITIATED,1789016243541
2178119,2,VALIDATED,1789016243544
2178119,3,PROCESSED,1789016243547
2178120,1,INITIATED,1789016243561
2178120,2,VALIDATED,1789016243564
2178120,3,PROCESSED,1789016243567
2178121,1,INITIATED,1789016243582
2178121,2,VALIDATED,1789016243585
2178121,3,PROCESSED,1789016243589
2178122,1,INITIATED,1789016243601
2178122,2,VALIDATED,1789016243604
2178122,3,PROCESSED,1789016243607
2178123,1,INITIATED,1789016243621
2178123,2,VALIDATED,1789016243624
2178123,3,PROCESSED,1789016243627
2178124,1,INITIATED,1789016243641
2178124,2,VALIDATED,1789016243644
2178124,3,PROCESSED,1789016243647
2178125,1,INITIATED,1789016243661
2178125,2,VALIDATED,1789016243664
2178125,3,PROCESSED,1789016243668
2178126,1,INITIATED,1789016243681
2178126,2,VALIDATED,1789016243686
2178126,3,PROCESSED,1789016243689
2178127,1,INITIATED,1789016243701
2178127,2,VALIDATED,1789016243704
2178127,3,PROCESSED,1789016243707
2178128,1,INITIATED,1789016243722
2178128,2,VALIDATED,1789016243726
2178128,3,PROCESSED,1789016243729
2178129,1,INITIATED,1789016243741
2178129,2,VALIDATED,1789016243744
2178129,3,PROCESSED,1789016243748
2178130,1,INITIATED,1789016243760
2178130,2,VALIDATED,1789016243763
2178130,3,PROCESSED,1789016243766
2178131,1,INITIATED,1789016243781
2178131,2,VALIDATED,1789016243785
2178131,3,PROCESSED,1789016243787
2178132,1,INITIATED,1789016243801
2178132,2,VALIDATED,1789016243804
2178132,3,PROCESSED,1789016243807
2178133,1,INITIATED,1789016243821
2178133,2,VALIDATED,1789016243824
2178133,3,REJECTED,1789016243826
2178134,1,INITIATED,1789016243841
2178134,2,VALIDATED,1789016243844
2178134,3,REJECTED,1789016243846
2178135,1,INITIATED,1789016243861
2178135,2,VALIDATED,1789016243865
2178135,3,REJECTED,1789016243868
2178136,1,INITIATED,1789016243880
2178136,2,VALIDATED,1789016243884
2178136,3,REJECTED,1789016243887
2178137,1,INITIATED,1789016243901
2178137,2,VALIDATED,1789016243905
2178137,3,PROCESSED,1789016243909
2178138,1,INITIATED,1789016243920
2178138,2,VALIDATED,1789016243924
2178138,3,PROCESSED,1789016243927
2178139,1,INITIATED,1789016243941
2178139,2,VALIDATED,1789016243945
2178139,3,PROCESSED,1789016243948
2178140,1,INITIATED,1789016243961
2178140,2,VALIDATED,1789016243964
2178140,3,PROCESSED,1789016243969
2178141,1,INITIATED,1789016243981
2178141,2,VALIDATED,1789016243984
2178141,3,PROCESSED,1789016243988
2178142,1,INITIATED,1789016244001
2178142,2,VALIDATED,1789016244004
2178142,3,PROCESSED,1789016244008
2178143,1,INITIATED,1789016244021
2178143,2,VALIDATED,1789016244025
2178143,3,PROCESSED,1789016244028
2178144,1,INITIATED,1789016244041
2178144,2,VALIDATED,1789016244045
2178144,3,PROCESSED,1789016244048
2178145,1,INITIATED,1789016244061
2178145,2,VALIDATED,1789016244064
2178145,3,PROCESSED,1789016244068
2178146,1,INITIATED,1789016244081
2178146,2,VALIDATED,1789016244089
2178146,3,PROCESSED,1789016244093
2178147,1,INITIATED,1789016244101
2178147,2,VALIDATED,1789016244104
2178147,3,PROCESSED,1789016244108
2178148,1,INITIATED,1789016244122
2178148,2,VALIDATED,1789016244125
2178148,3,PROCESSED,1789016244129
2178149,1,INITIATED,1789016244141
2178149,2,VALIDATED,1789016244146
2178149,3,PROCESSED,1789016244150
2178150,1,INITIATED,1789016244161
2178150,2,VALIDATED,1789016244165
2178150,3,PROCESSED,1789016244170
2178151,1,INITIATED,1789016244181
2178151,2,VALIDATED,1789016244185
2178151,3,PROCESSED,1789016244189
2178152,1,INITIATED,1789016244201
2178152,2,VALIDATED,1789016244205
2178152,3,PROCESSED,1789016244209
2178153,1,INITIATED,1789016244221
2178153,2,VALIDATED,1789016244224
2178153,3,PROCESSED,1789016244228
2178154,1,INITIATED,1789016244242
2178154,2,VALIDATED,1789016244245
2178154,3,PROCESSED,1789016244249
2178155,1,INITIATED,1789016244261
2178155,2,VALIDATED,1789016244265
2178155,3,PROCESSED,1789016244269
2178156,1,INITIATED,1789016244281
2178156,2,VALIDATED,1789016244285
2178156,3,PROCESSED,1789016244289
2178157,1,INITIATED,1789016244301
2178157,2,VALIDATED,1789016244305
2178157,3,PROCESSED,1789016244310
2178158,1,INITIATED,1789016244321
2178158,2,VALIDATED,1789016244325
2178158,3,PROCESSED,1789016244328
2178159,1,INITIATED,1789016244342
2178159,2,VALIDATED,1789016244345
2178159,3,PROCESSED,1789016244349
2178160,1,INITIATED,1789016244361
2178160,2,VALIDATED,1789016244364
2178160,3,PROCESSED,1789016244369
2178161,1,INITIATED,1789016244381
2178161,2,VALIDATED,1789016244384
2178161,3,PROCESSED,1789016244389
2178162,1,INITIATED,1789016244402
2178162,2,VALIDATED,1789016244406
2178162,3,PROCESSED,1789016244410
2178163,1,INITIATED,1789016244421
2178163,2,VALIDATED,1789016244425
2178163,3,PROCESSED,1789016244429
2178164,1,INITIATED,1789016244441
2178164,2,VALIDATED,1789016244445
2178164,3,PROCESSED,1789016244448
2178165,1,INITIATED,1789016244461
2178165,2,VALIDATED,1789016244468
2178165,3,PROCESSED,1789016244471
2178166,1,INITIATED,1789016244481
2178166,2,VALIDATED,1789016244484
2178166,3,PROCESSED,1789016244487
2178167,1,INITIATED,1789016244501
2178167,2,VALIDATED,1789016244504
2178167,3,PROCESSED,1789016244509
2178168,1,INITIATED,1789016244521
2178168,2,VALIDATED,1789016244525
2178168,3,PROCESSED,1789016244529
2178169,1,INITIATED,1789016244541
2178169,2,VALIDATED,1789016244545
2178169,3,PROCESSED,1789016244549
2178170,1,INITIATED,1789016244562
2178170,2,VALIDATED,1789016244565
2178170,3,PROCESSED,1789016244568
2178171,1,INITIATED,1789016244581
2178171,2,VALIDATED,1789016244585
2178171,3,PROCESSED,1789016244589
2178172,1,INITIATED,1789016244601
2178172,2,VALIDATED,1789016244604
2178172,3,PROCESSED,1789016244608
2178173,1,INITIATED,1789016244621
2178173,2,VALIDATED,1789016244624
2178173,3,PROCESSED,1789016244627
2178174,1,INITIATED,1789016244641
2178174,2,VALIDATED,1789016244644
2178174,3,PROCESSED,1789016244647
2178175,1,INITIATED,1789016244661
2178175,2,VALIDATED,1789016244664
2178175,3,PROCESSED,1789016244668
2178176,1,INITIATED,1789016244680
2178176,2,VALIDATED,1789016244684
2178176,3,PROCESSED,1789016244688
2178177,1,INITIATED,1789016244701
2178177,2,VALIDATED,1789016244704
2178177,3,PROCESSED,1789016244708
2178178,1,INITIATED,1789016244721
2178178,2,VALIDATED,1789016244724
2178178,3,PROCESSED,1789016244727
2178179,1,INITIATED,1789016244741
2178179,2,VALIDATED,1789016244745
2178179,3,PROCESSED,1789016244750
2178180,1,INITIATED,1789016244761
2178180,2,VALIDATED,1789016244765
2178180,3,PROCESSED,1789016244769
2178181,1,INITIATED,1789016244781
2178181,2,VALIDATED,1789016244785
2178181,3,PROCESSED,1789016244788
2178182,1,INITIATED,1789016244801
2178182,2,VALIDATED,1789016244804
2178182,3,PROCESSED,1789016244809
2178183,1,INITIATED,1789016244821
2178183,2,VALIDATED,1789016244826
2178183,3,PROCESSED,1789016244832
2178184,1,INITIATED,1789016244841
2178184,2,VALIDATED,1789016244844
2178184,3,PROCESSED,1789016244848
2178185,1,INITIATED,1789016244861
2178185,2,VALIDATED,1789016244864
2178185,3,PROCESSED,1789016244867
2178186,1,INITIATED,1789016244881
2178186,2,VALIDATED,1789016244884
2178186,3,PROCESSED,1789016244887
2178187,1,INITIATED,1789016244901
2178187,2,VALIDATED,1789016244904
2178187,3,PROCESSED,1789016244906
2178188,1,INITIATED,1789016244921
2178188,2,VALIDATED,1789016244923
2178188,3,PROCESSED,1789016244926
2178189,1,INITIATED,1789016244941
2178189,2,VALIDATED,1789016244944
2178189,3,PROCESSED,1789016244948
2178190,1,INITIATED,1789016244960
2178190,2,VALIDATED,1789016244963
2178190,3,PROCESSED,1789016244966
2178191,1,INITIATED,1789016244980
2178191,2,VALIDATED,1789016244983
2178191,3,PROCESSED,1789016244986
2178192,1,INITIATED,1789016245001
2178192,2,VALIDATED,1789016245004
2178192,3,PROCESSED,1789016245008
2178193,1,INITIATED,1789016245021
2178193,2,VALIDATED,1789016245024
2178193,3,PROCESSED,1789016245026
2178194,1,INITIATED,1789016245041
2178194,2,VALIDATED,1789016245044
2178194,3,PROCESSED,1789016245049
2178195,1,INITIATED,1789016245061
2178195,2,VALIDATED,1789016245186
2178195,3,PROCESSED,1789016245196
2178196,1,INITIATED,1789016245185
2178196,2,VALIDATED,1789016245192
2178196,3,PROCESSED,1789016245202
2178197,1,INITIATED,1789016245185
2178197,2,VALIDATED,1789016245192
2178197,3,PROCESSED,1789016245242
2178198,1,INITIATED,1789016245185
2178198,2,VALIDATED,1789016245192
2178198,3,PROCESSED,1789016245242
2178199,1,INITIATED,1789016245185
2178199,2,VALIDATED,1789016245192
2178199,3,PROCESSED,1789016245242
2178200,1,INITIATED,1789016245185
2178200,2,VALIDATED,1789016245192
2178200,3,PROCESSED,1789016245242
2178201,1,INITIATED,1789016245185
2178201,2,VALIDATED,1789016245192
2178201,3,PROCESSED,1789016245242
2178202,1,INITIATED,1789016245200
2178202,2,VALIDATED,1789016245244
2178202,3,PROCESSED,1789016245249
2178203,1,INITIATED,1789016245221
2178203,2,VALIDATED,1789016245244
2178203,3,PROCESSED,1789016245249
2178204,1,INITIATED,1789016245240
2178204,2,VALIDATED,1789016245245
2178204,3,PROCESSED,1789016245249
2178205,1,INITIATED,1789016245261
2178205,2,VALIDATED,1789016245265
2178205,3,PROCESSED,1789016245268
2178206,1,INITIATED,1789016245281
2178206,2,VALIDATED,1789016245284
2178206,3,PROCESSED,1789016245287
2178207,1,INITIATED,1789016245301
2178207,2,VALIDATED,1789016245303
2178207,3,PROCESSED,1789016245307
2178208,1,INITIATED,1789016245321
2178208,2,VALIDATED,1789016245324
2178208,3,PROCESSED,1789016245326
2178209,1,INITIATED,1789016245341
2178209,2,VALIDATED,1789016245343
2178209,3,PROCESSED,1789016245346
2178210,1,INITIATED,1789016245361
2178210,2,VALIDATED,1789016245364
2178210,3,PROCESSED,1789016245367
2178211,1,INITIATED,1789016245381
2178211,2,VALIDATED,1789016245383
2178211,3,PROCESSED,1789016245386
2178212,1,INITIATED,1789016245401
2178212,2,VALIDATED,1789016245404
2178212,3,PROCESSED,1789016245408
2178213,1,INITIATED,1789016245421
2178213,2,VALIDATED,1789016245424
2178213,3,PROCESSED,1789016245427
2178214,1,INITIATED,1789016245441
2178214,2,VALIDATED,1789016245444
2178214,3,PROCESSED,1789016245446
2178215,1,INITIATED,1789016245460
2178215,2,VALIDATED,1789016245463
2178215,3,PROCESSED,1789016245465
2178216,1,INITIATED,1789016245480
2178216,2,VALIDATED,1789016245484
2178216,3,PROCESSED,1789016245486
2178217,1,INITIATED,1789016245501
2178217,2,VALIDATED,1789016245504
2178217,3,PROCESSED,1789016245509
2178218,1,INITIATED,1789016245520
2178218,2,VALIDATED,1789016245523
2178218,3,PROCESSED,1789016245526
2178219,1,INITIATED,1789016245540
2178219,2,VALIDATED,1789016245543
2178219,3,PROCESSED,1789016245545
2178220,1,INITIATED,1789016245561
2178220,2,VALIDATED,1789016245564
2178220,3,PROCESSED,1789016245567
2178221,1,INITIATED,1789016245581
2178221,2,VALIDATED,1789016245583
2178221,3,PROCESSED,1789016245586
2178222,1,INITIATED,1789016245601
2178222,2,VALIDATED,1789016245604
2178222,3,PROCESSED,1789016245607
2178223,1,INITIATED,1789016245621
2178223,2,VALIDATED,1789016245624
2178223,3,PROCESSED,1789016245627
2178224,1,INITIATED,1789016245641
2178224,2,VALIDATED,1789016245645
2178224,3,PROCESSED,1789016245648
2178225,1,INITIATED,1789016245661
2178225,2,VALIDATED,1789016245665
2178225,3,PROCESSED,1789016245669
2178226,1,INITIATED,1789016245681
2178226,2,VALIDATED,1789016245685
2178226,3,PROCESSED,1789016245688
2178227,1,INITIATED,1789016245700
2178227,2,VALIDATED,1789016245703
2178227,3,PROCESSED,1789016245707
2178228,1,INITIATED,1789016245721
2178228,2,VALIDATED,1789016245724
2178228,3,PROCESSED,1789016245728
2178229,1,INITIATED,1789016245741
2178229,2,VALIDATED,1789016245744
2178229,3,PROCESSED,1789016245749
2178230,1,INITIATED,1789016245760
2178230,2,VALIDATED,1789016245763
2178230,3,PROCESSED,1789016245766
2178231,1,INITIATED,1789016245781
2178231,2,VALIDATED,1789016245784
2178231,3,PROCESSED,1789016245787
2178232,1,INITIATED,1789016245800
2178232,2,VALIDATED,1789016245803
2178232,3,PROCESSED,1789016245806
2178233,1,INITIATED,1789016245821
2178233,2,VALIDATED,1789016245824
2178233,3,REJECTED,1789016245826
2178234,1,INITIATED,1789016245841
2178234,2,VALIDATED,1789016245845
2178234,3,REJECTED,1789016245847
2178235,1,INITIATED,1789016245861
2178235,2,VALIDATED,1789016245864
2178235,3,REJECTED,1789016245866
2178236,1,INITIATED,1789016245881
2178236,2,VALIDATED,1789016245885
2178236,3,REJECTED,1789016245887
2178237,1,INITIATED,1789016245902
2178237,2,VALIDATED,1789016245905
2178237,3,PROCESSED,1789016245908
2178238,1,INITIATED,1789016245921
2178238,2,VALIDATED,1789016245924
2178238,3,PROCESSED,1789016245927
2178239,1,INITIATED,1789016245941
2178239,2,VALIDATED,1789016245943
2178239,3,PROCESSED,1789016245946
2178240,1,INITIATED,1789016245961
2178240,2,VALIDATED,1789016245964
2178240,3,PROCESSED,1789016245968
2178241,1,INITIATED,1789016245980
2178241,2,VALIDATED,1789016245983
2178241,3,PROCESSED,1789016245986
2178242,1,INITIATED,1789016246001
2178242,2,VALIDATED,1789016246004
2178242,3,PROCESSED,1789016246007
2178243,1,INITIATED,1789016246021
2178243,2,VALIDATED,1789016246023
2178243,3,PROCESSED,1789016246027
2178244,1,INITIATED,1789016246042
2178244,2,VALIDATED,1789016246046
2178244,3,PROCESSED,1789016246049
2178245,1,INITIATED,1789016246061
2178245,2,VALIDATED,1789016246064
2178245,3,PROCESSED,1789016246154
2178246,1,INITIATED,1789016246153
2178246,2,VALIDATED,1789016246158
2178246,3,PROCESSED,1789016246167
2178247,1,INITIATED,1789016246154
2178247,2,VALIDATED,1789016246158
2178247,3,PROCESSED,1789016246163
2178248,1,INITIATED,1789016246153
2178248,2,VALIDATED,1789016246158
2178248,3,PROCESSED,1789016246163
2178249,1,INITIATED,1789016246153
2178249,2,VALIDATED,1789016246158
2178249,3,PROCESSED,1789016246163
2178250,1,INITIATED,1789016246161
2178250,2,VALIDATED,1789016246168
2178250,3,PROCESSED,1789016246171
2178251,1,INITIATED,1789016246181
2178251,2,VALIDATED,1789016246194
2178251,3,PROCESSED,1789016246197
2178252,1,INITIATED,1789016246200
2178252,2,VALIDATED,1789016246202
2178252,3,PROCESSED,1789016246205
2178253,1,INITIATED,1789016246221
2178253,2,VALIDATED,1789016246223
2178253,3,PROCESSED,1789016246226
2178254,1,INITIATED,1789016246241
2178254,2,VALIDATED,1789016246245
2178254,3,PROCESSED,1789016246248
2178255,1,INITIATED,1789016246260
2178255,2,VALIDATED,1789016246264
2178255,3,PROCESSED,1789016246266
2178256,1,INITIATED,1789016246282
2178256,2,VALIDATED,1789016246285
2178256,3,PROCESSED,1789016246288
2178257,1,INITIATED,1789016246301
2178257,2,VALIDATED,1789016246304
2178257,3,PROCESSED,1789016246307
2178258,1,INITIATED,1789016246320
2178258,2,VALIDATED,1789016246323
2178258,3,PROCESSED,1789016246326
2178259,1,INITIATED,1789016246342
2178259,2,VALIDATED,1789016246345
2178259,3,PROCESSED,1789016246347
2178260,1,INITIATED,1789016246361
2178260,2,VALIDATED,1789016246364
2178260,3,PROCESSED,1789016246366
2178261,1,INITIATED,1789016246381
2178261,2,VALIDATED,1789016246384
2178261,3,PROCESSED,1789016246390
2178262,1,INITIATED,1789016246401
2178262,2,VALIDATED,1789016246404
2178262,3,PROCESSED,1789016246408
2178263,1,INITIATED,1789016246421
2178263,2,VALIDATED,1789016246425
2178263,3,PROCESSED,1789016246428
2178264,1,INITIATED,1789016246442
2178264,2,VALIDATED,1789016246445
2178264,3,PROCESSED,1789016246448
2178265,1,INITIATED,1789016246461
2178265,2,VALIDATED,1789016246464
2178265,3,PROCESSED,1789016246466
2178266,1,INITIATED,1789016246480
2178266,2,VALIDATED,1789016246483
2178266,3,PROCESSED,1789016246485
2178267,1,INITIATED,1789016246500
2178267,2,VALIDATED,1789016246503
2178267,3,PROCESSED,1789016246507
2178268,1,INITIATED,1789016246521
2178268,2,VALIDATED,1789016246524
2178268,3,PROCESSED,1789016246527
2178269,1,INITIATED,1789016246541
2178269,2,VALIDATED,1789016246544
2178269,3,PROCESSED,1789016246546
2178270,1,INITIATED,1789016246561
2178270,2,VALIDATED,1789016246564
2178270,3,PROCESSED,1789016246567
2178271,1,INITIATED,1789016246581
2178271,2,VALIDATED,1789016246584
2178271,3,PROCESSED,1789016246587
2178272,1,INITIATED,1789016246601
2178272,2,VALIDATED,1789016246605
2178272,3,PROCESSED,1789016246609
2178273,1,INITIATED,1789016246621
2178273,2,VALIDATED,1789016246624
2178273,3,PROCESSED,1789016246627
2178274,1,INITIATED,1789016246640
2178274,2,VALIDATED,1789016246644
2178274,3,PROCESSED,1789016246646
2178275,1,INITIATED,1789016246661
2178275,2,VALIDATED,1789016246663
2178275,3,PROCESSED,1789016246666
2178276,1,INITIATED,1789016246681
2178276,2,VALIDATED,1789016246684
2178276,3,PROCESSED,1789016246686
2178277,1,INITIATED,1789016246701
2178277,2,VALIDATED,1789016246704
2178277,3,PROCESSED,1789016246706
2178278,1,INITIATED,1789016246721
2178278,2,VALIDATED,1789016246723
2178278,3,PROCESSED,1789016246726
2178279,1,INITIATED,1789016246741
2178279,2,VALIDATED,1789016246744
2178279,3,PROCESSED,1789016246747
2178280,1,INITIATED,1789016246761
2178280,2,VALIDATED,1789016246763
2178280,3,PROCESSED,1789016246766
2178281,1,INITIATED,1789016246781
2178281,2,VALIDATED,1789016246784
2178281,3,PROCESSED,1789016246786
2178282,1,INITIATED,1789016246801
2178282,2,VALIDATED,1789016246804
2178282,3,PROCESSED,1789016246809
2178283,1,INITIATED,1789016246821
2178283,2,VALIDATED,1789016246826
2178283,3,PROCESSED,1789016246830
2178284,1,INITIATED,1789016246841
2178284,2,VALIDATED,1789016246845
2178284,3,PROCESSED,1789016246848
2178285,1,INITIATED,1789016246861
2178285,2,VALIDATED,1789016246864
2178285,3,PROCESSED,1789016246868
2178286,1,INITIATED,1789016246881
2178286,2,VALIDATED,1789016246884
2178286,3,PROCESSED,1789016246887
2178287,1,INITIATED,1789016246900
2178287,2,VALIDATED,1789016246903
2178287,3,PROCESSED,1789016246906
2178288,1,INITIATED,1789016246921
2178288,2,VALIDATED,1789016246925
2178288,3,PROCESSED,1789016246927
2178289,1,INITIATED,1789016246942
2178289,2,VALIDATED,1789016246945
2178289,3,PROCESSED,1789016246948
2178290,1,INITIATED,1789016246960
2178290,2,VALIDATED,1789016246963
2178290,3,PROCESSED,1789016246965
2178291,1,INITIATED,1789016246980
2178291,2,VALIDATED,1789016246984
2178291,3,PROCESSED,1789016246988
2178292,1,INITIATED,1789016247001
2178292,2,VALIDATED,1789016247006
2178292,3,PROCESSED,1789016247009
2178293,1,INITIATED,1789016247021
2178293,2,VALIDATED,1789016247024
2178293,3,PROCESSED,1789016247028
2178294,1,INITIATED,1789016247041
2178294,2,VALIDATED,1789016247044
2178294,3,PROCESSED,1789016247047
2178295,1,INITIATED,1789016247061
2178295,2,VALIDATED,1789016247064
2178295,3,PROCESSED,1789016247070
2178296,1,INITIATED,1789016247189
2178296,2,VALIDATED,1789016247194
2178296,3,PROCESSED,1789016247199
2178297,1,INITIATED,1789016247189
2178297,2,VALIDATED,1789016247194
2178297,3,PROCESSED,1789016247199
2178298,1,INITIATED,1789016247189
2178298,2,VALIDATED,1789016247197
2178298,3,PROCESSED,1789016247201
2178299,1,INITIATED,1789016247188
2178299,2,VALIDATED,1789016247194
2178299,3,PROCESSED,1789016247199
2178300,1,INITIATED,1789016247189
2178300,2,VALIDATED,1789016247194
2178300,3,PROCESSED,1789016247199
2178301,1,INITIATED,1789016247189
2178301,2,VALIDATED,1789016247194
2178301,3,PROCESSED,1789016247198
2178302,1,INITIATED,1789016247201
2178302,2,VALIDATED,1789016247203
2178302,3,PROCESSED,1789016247207
2178303,1,INITIATED,1789016247221
2178303,2,VALIDATED,1789016247224
2178303,3,PROCESSED,1789016247231
2178304,1,INITIATED,1789016247240
2178304,2,VALIDATED,1789016247243
2178304,3,PROCESSED,1789016247245
2178305,1,INITIATED,1789016247261
2178305,2,VALIDATED,1789016247264
2178305,3,PROCESSED,1789016247266
2178306,1,INITIATED,1789016247281
2178306,2,VALIDATED,1789016247284
2178306,3,PROCESSED,1789016247287
2178307,1,INITIATED,1789016247301
2178307,2,VALIDATED,1789016247304
2178307,3,PROCESSED,1789016247307
2178308,1,INITIATED,1789016247321
2178308,2,VALIDATED,1789016247325
2178308,3,PROCESSED,1789016247327
2178309,1,INITIATED,1789016247341
2178309,2,VALIDATED,1789016247343
2178309,3,PROCESSED,1789016247346
2178310,1,INITIATED,1789016247361
2178310,2,VALIDATED,1789016247364
2178310,3,PROCESSED,1789016247369
2178311,1,INITIATED,1789016247381
2178311,2,VALIDATED,1789016247384
2178311,3,PROCESSED,1789016247387
2178312,1,INITIATED,1789016247401
2178312,2,VALIDATED,1789016247405
2178312,3,PROCESSED,1789016247408
2178313,1,INITIATED,1789016247421
2178313,2,VALIDATED,1789016247425
2178313,3,PROCESSED,1789016247429
2178314,1,INITIATED,1789016247441
2178314,2,VALIDATED,1789016247444
2178314,3,PROCESSED,1789016247447
2178315,1,INITIATED,1789016247461
2178315,2,VALIDATED,1789016247466
2178315,3,PROCESSED,1789016247469
2178316,1,INITIATED,1789016247481
2178316,2,VALIDATED,1789016247484
2178316,3,PROCESSED,1789016247487
2178317,1,INITIATED,1789016247501
2178317,2,VALIDATED,1789016247504
2178317,3,PROCESSED,1789016247508
2178318,1,INITIATED,1789016247521
2178318,2,VALIDATED,1789016247524
2178318,3,PROCESSED,1789016247529
2178319,1,INITIATED,1789016247541
2178319,2,VALIDATED,1789016247544
2178319,3,PROCESSED,1789016247547
2178320,1,INITIATED,1789016247561
2178320,2,VALIDATED,1789016247564
2178320,3,PROCESSED,1789016247567
2178321,1,INITIATED,1789016247581
2178321,2,VALIDATED,1789016247585
2178321,3,PROCESSED,1789016247587
2178322,1,INITIATED,1789016247601
2178322,2,VALIDATED,1789016247604
2178322,3,PROCESSED,1789016247608
2178323,1,INITIATED,1789016247621
2178323,2,VALIDATED,1789016247624
2178323,3,PROCESSED,1789016247626
2178324,1,INITIATED,1789016247641
2178324,2,VALIDATED,1789016247644
2178324,3,PROCESSED,1789016247647
2178325,1,INITIATED,1789016247661
2178325,2,VALIDATED,1789016247664
2178325,3,PROCESSED,1789016247667
2178326,1,INITIATED,1789016247681
2178326,2,VALIDATED,1789016247684
2178326,3,PROCESSED,1789016247687
2178327,1,INITIATED,1789016247701
2178327,2,VALIDATED,1789016247704
2178327,3,PROCESSED,1789016247708
2178328,1,INITIATED,1789016247722
2178328,2,VALIDATED,1789016247724
2178328,3,PROCESSED,1789016247727
2178329,1,INITIATED,1789016247742
2178329,2,VALIDATED,1789016247745
2178329,3,PROCESSED,1789016247749
2178330,1,INITIATED,1789016247761
2178330,2,VALIDATED,1789016247765
2178330,3,PROCESSED,1789016247768
2178331,1,INITIATED,1789016247781
2178331,2,VALIDATED,1789016247784
2178331,3,PROCESSED,1789016247787
2178332,1,INITIATED,1789016247801
2178332,2,VALIDATED,1789016247804
2178332,3,PROCESSED,1789016247807
2178333,1,INITIATED,1789016247821
2178333,2,VALIDATED,1789016247823
2178333,3,REJECTED,1789016247825
2178334,1,INITIATED,1789016247841
2178334,2,VALIDATED,1789016247844
2178334,3,REJECTED,1789016247846
2178335,1,INITIATED,1789016247861
2178335,2,VALIDATED,1789016247867
2178335,3,REJECTED,1789016247869
2178336,1,INITIATED,1789016247882
2178336,2,VALIDATED,1789016247884
2178336,3,REJECTED,1789016247887
2178337,1,INITIATED,1789016247901
2178337,2,VALIDATED,1789016247904
2178337,3,PROCESSED,1789016247908
2178338,1,INITIATED,1789016247921
2178338,2,VALIDATED,1789016247924
2178338,3,PROCESSED,1789016247927
2178339,1,INITIATED,1789016247941
2178339,2,VALIDATED,1789016247943
2178339,3,PROCESSED,1789016247946
2178340,1,INITIATED,1789016247960
2178340,2,VALIDATED,1789016247963
2178340,3,PROCESSED,1789016247966
2178341,1,INITIATED,1789016247980
2178341,2,VALIDATED,1789016247984
2178341,3,PROCESSED,1789016247988
2178342,1,INITIATED,1789016248001
2178342,2,VALIDATED,1789016248005
2178342,3,PROCESSED,1789016248010
2178343,1,INITIATED,1789016248020
2178343,2,VALIDATED,1789016248024
2178343,3,PROCESSED,1789016248027
2178344,1,INITIATED,1789016248041
2178344,2,VALIDATED,1789016248044
2178344,3,PROCESSED,1789016248047
2178345,1,INITIATED,1789016248061
2178345,2,VALIDATED,1789016248065
2178345,3,PROCESSED,1789016248074
2178346,1,INITIATED,1789016248081
2178346,2,VALIDATED,1789016248096
2178346,3,PROCESSED,1789016248102
2178347,1,INITIATED,1789016248101
2178347,2,VALIDATED,1789016248104
2178347,3,PROCESSED,1789016248108
2178348,1,INITIATED,1789016248121
2178348,2,VALIDATED,1789016248124
2178348,3,PROCESSED,1789016248127
2178349,1,INITIATED,1789016248140
2178349,2,VALIDATED,1789016248143
2178349,3,PROCESSED,1789016248146
2178350,1,INITIATED,1789016248161
2178350,2,VALIDATED,1789016248164
2178350,3,PROCESSED,1789016248166
2178351,1,INITIATED,1789016248181
2178351,2,VALIDATED,1789016248184
2178351,3,PROCESSED,1789016248188
2178352,1,INITIATED,1789016248201
2178352,2,VALIDATED,1789016248204
2178352,3,PROCESSED,1789016248208
2178353,1,INITIATED,1789016248221
2178353,2,VALIDATED,1789016248224
2178353,3,PROCESSED,1789016248227
2178354,1,INITIATED,1789016248241
2178354,2,VALIDATED,1789016248244
2178354,3,PROCESSED,1789016248247
2178355,1,INITIATED,1789016248261
2178355,2,VALIDATED,1789016248265
2178355,3,PROCESSED,1789016248268
2178356,1,INITIATED,1789016248281
2178356,2,VALIDATED,1789016248284
2178356,3,PROCESSED,1789016248288
2178357,1,INITIATED,1789016248301
2178357,2,VALIDATED,1789016248304
2178357,3,PROCESSED,1789016248308
2178358,1,INITIATED,1789016248320
2178358,2,VALIDATED,1789016248323
2178358,3,PROCESSED,1789016248326
2178359,1,INITIATED,1789016248341
2178359,2,VALIDATED,1789016248344
2178359,3,PROCESSED,1789016248348
2178360,1,INITIATED,1789016248361
2178360,2,VALIDATED,1789016248364
2178360,3,PROCESSED,1789016248369
2178361,1,INITIATED,1789016248381
2178361,2,VALIDATED,1789016248384
2178361,3,PROCESSED,1789016248388
2178362,1,INITIATED,1789016248401
2178362,2,VALIDATED,1789016248405
2178362,3,PROCESSED,1789016248410
2178363,1,INITIATED,1789016248421
2178363,2,VALIDATED,1789016248424
2178363,3,PROCESSED,1789016248428
2178364,1,INITIATED,1789016248441
2178364,2,VALIDATED,1789016248447
2178364,3,PROCESSED,1789016248450
2178365,1,INITIATED,1789016248460
2178365,2,VALIDATED,1789016248463
2178365,3,PROCESSED,1789016248466
2178366,1,INITIATED,1789016248481
2178366,2,VALIDATED,1789016248483
2178366,3,PROCESSED,1789016248486
2178367,1,INITIATED,1789016248501
2178367,2,VALIDATED,1789016248504
2178367,3,PROCESSED,1789016248509
2178368,1,INITIATED,1789016248520
2178368,2,VALIDATED,1789016248523
2178368,3,PROCESSED,1789016248526
2178369,1,INITIATED,1789016248540
2178369,2,VALIDATED,1789016248544
2178369,3,PROCESSED,1789016248546
2178370,1,INITIATED,1789016248561
2178370,2,VALIDATED,1789016248565
2178370,3,PROCESSED,1789016248568
2178371,1,INITIATED,1789016248580
2178371,2,VALIDATED,1789016248583
2178371,3,PROCESSED,1789016248586
2178372,1,INITIATED,1789016248601
2178372,2,VALIDATED,1789016248604
2178372,3,PROCESSED,1789016248608
2178373,1,INITIATED,1789016248621
2178373,2,VALIDATED,1789016248624
2178373,3,PROCESSED,1789016248628
2178374,1,INITIATED,1789016248642
2178374,2,VALIDATED,1789016248645
2178374,3,PROCESSED,1789016248648
2178375,1,INITIATED,1789016248661
2178375,2,VALIDATED,1789016248665
2178375,3,PROCESSED,1789016248670
2178376,1,INITIATED,1789016248681
2178376,2,VALIDATED,1789016248684
2178376,3,PROCESSED,1789016248688
2178377,1,INITIATED,1789016248701
2178377,2,VALIDATED,1789016248703
2178377,3,PROCESSED,1789016248706
2178378,1,INITIATED,1789016248721
2178378,2,VALIDATED,1789016248723
2178378,3,PROCESSED,1789016248727
2178379,1,INITIATED,1789016248741
2178379,2,VALIDATED,1789016248743
2178379,3,PROCESSED,1789016248748
2178380,1,INITIATED,1789016248760
2178380,2,VALIDATED,1789016248763
2178380,3,PROCESSED,1789016248769
2178381,1,INITIATED,1789016248781
2178381,2,VALIDATED,1789016248785
2178381,3,PROCESSED,1789016248788
2178382,1,INITIATED,1789016248800
2178382,2,VALIDATED,1789016248803
2178382,3,PROCESSED,1789016248806
2178383,1,INITIATED,1789016248821
2178383,2,VALIDATED,1789016248824
2178383,3,PROCESSED,1789016248827
2178384,1,INITIATED,1789016248841
2178384,2,VALIDATED,1789016248844
2178384,3,PROCESSED,1789016248847
2178385,1,INITIATED,1789016248860
2178385,2,VALIDATED,1789016248863
2178385,3,PROCESSED,1789016248867
2178386,1,INITIATED,1789016248882
2178386,2,VALIDATED,1789016248885
2178386,3,PROCESSED,1789016248889
2178387,1,INITIATED,1789016248901
2178387,2,VALIDATED,1789016248905
2178387,3,PROCESSED,1789016248909
2178388,1,INITIATED,1789016248922
2178388,2,VALIDATED,1789016248926
2178388,3,PROCESSED,1789016248929
2178389,1,INITIATED,1789016248941
2178389,2,VALIDATED,1789016248944
2178389,3,PROCESSED,1789016248949
2178390,1,INITIATED,1789016248961
2178390,2,VALIDATED,1789016248964
2178390,3,PROCESSED,1789016248969
2178391,1,INITIATED,1789016248981
2178391,2,VALIDATED,1789016248984
2178391,3,PROCESSED,1789016248987
2178392,1,INITIATED,1789016249001
2178392,2,VALIDATED,1789016249004
2178392,3,PROCESSED,1789016249007
2178393,1,INITIATED,1789016249020
2178393,2,VALIDATED,1789016249024
2178393,3,PROCESSED,1789016249028
2178394,1,INITIATED,1789016249041
2178394,2,VALIDATED,1789016249044
2178394,3,PROCESSED,1789016249049
2178395,1,INITIATED,1789016249152
2178395,2,VALIDATED,1789016249161
2178395,3,PROCESSED,1789016249216
2178396,1,INITIATED,1789016249152
2178396,2,VALIDATED,1789016249161
2178396,3,PROCESSED,1789016249216
2178397,1,INITIATED,1789016249152
2178397,2,VALIDATED,1789016249161
2178397,3,PROCESSED,1789016249216
2178398,1,INITIATED,1789016249152
2178398,2,VALIDATED,1789016249161
2178398,3,PROCESSED,1789016249216
2178399,1,INITIATED,1789016249152
2178399,2,VALIDATED,1789016249161
2178399,3,PROCESSED,1789016249216
2178400,1,INITIATED,1789016249161
2178400,2,VALIDATED,1789016249214
2178400,3,PROCESSED,1789016249238
2178401,1,INITIATED,1789016249181
2178401,2,VALIDATED,1789016249235
2178401,3,PROCESSED,1789016249240
2178402,1,INITIATED,1789016249201
2178402,2,VALIDATED,1789016249235
2178402,3,PROCESSED,1789016249240
2178403,1,INITIATED,1789016249221
2178403,2,VALIDATED,1789016249236
2178403,3,PROCESSED,1789016249240
2178404,1,INITIATED,1789016249241
2178404,2,VALIDATED,1789016249244
2178404,3,PROCESSED,1789016249247
2178405,1,INITIATED,1789016249261
2178405,2,VALIDATED,1789016249264
2178405,3,PROCESSED,1789016249268
2178406,1,INITIATED,1789016249281
2178406,2,VALIDATED,1789016249286
2178406,3,PROCESSED,1789016249291
2178407,1,INITIATED,1789016249301
2178407,2,VALIDATED,1789016249304
2178407,3,PROCESSED,1789016249308
2178408,1,INITIATED,1789016249321
2178408,2,VALIDATED,1789016249329
2178408,3,PROCESSED,1789016249335
2178409,1,INITIATED,1789016249341
2178409,2,VALIDATED,1789016249342
2178409,3,PROCESSED,1789016249345
2178410,1,INITIATED,1789016249360
2178410,2,VALIDATED,1789016249363
2178410,3,PROCESSED,1789016249366
2178411,1,INITIATED,1789016249381
2178411,2,VALIDATED,1789016249383
2178411,3,PROCESSED,1789016249386
2178412,1,INITIATED,1789016249401
2178412,2,VALIDATED,1789016249403
2178412,3,PROCESSED,1789016249407
2178413,1,INITIATED,1789016249421
2178413,2,VALIDATED,1789016249424
2178413,3,PROCESSED,1789016249428
2178414,1,INITIATED,1789016249441
2178414,2,VALIDATED,1789016249444
2178414,3,PROCESSED,1789016249447
2178415,1,INITIATED,1789016249460
2178415,2,VALIDATED,1789016249463
2178415,3,PROCESSED,1789016249466
2178416,1,INITIATED,1789016249481
2178416,2,VALIDATED,1789016249484
2178416,3,PROCESSED,1789016249487
2178417,1,INITIATED,1789016249501
2178417,2,VALIDATED,1789016249504
2178417,3,PROCESSED,1789016249508
2178418,1,INITIATED,1789016249521
2178418,2,VALIDATED,1789016249524
2178418,3,PROCESSED,1789016249527
2178419,1,INITIATED,1789016249541
2178419,2,VALIDATED,1789016249544
2178419,3,PROCESSED,1789016249547
2178420,1,INITIATED,1789016249561
2178420,2,VALIDATED,1789016249566
2178420,3,PROCESSED,1789016249570
2178421,1,INITIATED,1789016249581
2178421,2,VALIDATED,1789016249583
2178421,3,PROCESSED,1789016249586
2178422,1,INITIATED,1789016249600
2178422,2,VALIDATED,1789016249603
2178422,3,PROCESSED,1789016249607
2178423,1,INITIATED,1789016249621
2178423,2,VALIDATED,1789016249624
2178423,3,PROCESSED,1789016249627
2178424,1,INITIATED,1789016249642
2178424,2,VALIDATED,1789016249646
2178424,3,PROCESSED,1789016249651
2178425,1,INITIATED,1789016249660
2178425,2,VALIDATED,1789016249663
2178425,3,PROCESSED,1789016249669
2178426,1,INITIATED,1789016249681
2178426,2,VALIDATED,1789016249684
2178426,3,PROCESSED,1789016249687
2178427,1,INITIATED,1789016249701
2178427,2,VALIDATED,1789016249703
2178427,3,PROCESSED,1789016249706
2178428,1,INITIATED,1789016249721
2178428,2,VALIDATED,1789016249723
2178428,3,PROCESSED,1789016249726
2178429,1,INITIATED,1789016249741
2178429,2,VALIDATED,1789016249744
2178429,3,PROCESSED,1789016249747
2178430,1,INITIATED,1789016249761
2178430,2,VALIDATED,1789016249764
2178430,3,PROCESSED,1789016249767
2178431,1,INITIATED,1789016249781
2178431,2,VALIDATED,1789016249783
2178431,3,PROCESSED,1789016249786
2178432,1,INITIATED,1789016249800
2178432,2,VALIDATED,1789016249803
2178432,3,PROCESSED,1789016249807
2178433,1,INITIATED,1789016249821
2178433,2,VALIDATED,1789016249824
2178433,3,REJECTED,1789016249826
2178434,1,INITIATED,1789016249841
2178434,2,VALIDATED,1789016249844
2178434,3,REJECTED,1789016249846
2178435,1,INITIATED,1789016249861
2178435,2,VALIDATED,1789016249864
2178435,3,REJECTED,1789016249867
2178436,1,INITIATED,1789016249880
2178436,2,VALIDATED,1789016249883
2178436,3,REJECTED,1789016249885
2178437,1,INITIATED,1789016249901
2178437,2,VALIDATED,1789016249905
2178437,3,PROCESSED,1789016249909
2178438,1,INITIATED,1789016249921
2178438,2,VALIDATED,1789016249924
2178438,3,PROCESSED,1789016249928
2178439,1,INITIATED,1789016249941
2178439,2,VALIDATED,1789016249945
2178439,3,PROCESSED,1789016249948
2178440,1,INITIATED,1789016249961
2178440,2,VALIDATED,1789016249965
2178440,3,PROCESSED,1789016249968
2178441,1,INITIATED,1789016249981
2178441,2,VALIDATED,1789016249984
2178441,3,PROCESSED,1789016249987
2178442,1,INITIATED,1789016250001
2178442,2,VALIDATED,1789016250004
2178442,3,PROCESSED,1789016250008
2178443,1,INITIATED,1789016250021
2178443,2,VALIDATED,1789016250025
2178443,3,PROCESSED,1789016250028
2178444,1,INITIATED,1789016250041
2178444,2,VALIDATED,1789016250045
2178444,3,PROCESSED,1789016250048
2178445,1,INITIATED,1789016250061
2178445,2,VALIDATED,1789016250142
2178445,3,PROCESSED,1789016250149
2178446,1,INITIATED,1789016250142
2178446,2,VALIDATED,1789016250147
2178446,3,PROCESSED,1789016250154
2178447,1,INITIATED,1789016250142
2178447,2,VALIDATED,1789016250147
2178447,3,PROCESSED,1789016250205
2178448,1,INITIATED,1789016250142
2178448,2,VALIDATED,1789016250147
2178448,3,PROCESSED,1789016250154
2178449,1,INITIATED,1789016250142
2178449,2,VALIDATED,1789016250147
2178449,3,PROCESSED,1789016250205
2178450,1,INITIATED,1789016250162
2178450,2,VALIDATED,1789016250208
2178450,3,PROCESSED,1789016250217
2178451,1,INITIATED,1789016250181
2178451,2,VALIDATED,1789016250208
2178451,3,PROCESSED,1789016250217
2178452,1,INITIATED,1789016250201
2178452,2,VALIDATED,1789016250208
2178452,3,PROCESSED,1789016250217
2178453,1,INITIATED,1789016250221
2178453,2,VALIDATED,1789016250231
2178453,3,PROCESSED,1789016250237
2178454,1,INITIATED,1789016250240
2178454,2,VALIDATED,1789016250242
2178454,3,PROCESSED,1789016250245
2178455,1,INITIATED,1789016250261
2178455,2,VALIDATED,1789016250264
2178455,3,PROCESSED,1789016250266
2178456,1,INITIATED,1789016250281
2178456,2,VALIDATED,1789016250283
2178456,3,PROCESSED,1789016250286
2178457,1,INITIATED,1789016250301
2178457,2,VALIDATED,1789016250304
2178457,3,PROCESSED,1789016250307
2178458,1,INITIATED,1789016250320
2178458,2,VALIDATED,1789016250325
2178458,3,PROCESSED,1789016250328
2178459,1,INITIATED,1789016250341
2178459,2,VALIDATED,1789016250345
2178459,3,PROCESSED,1789016250349
2178460,1,INITIATED,1789016250361
2178460,2,VALIDATED,1789016250364
2178460,3,PROCESSED,1789016250367
2178461,1,INITIATED,1789016250381
2178461,2,VALIDATED,1789016250384
2178461,3,PROCESSED,1789016250386
2178462,1,INITIATED,1789016250400
2178462,2,VALIDATED,1789016250403
2178462,3,PROCESSED,1789016250407
2178463,1,INITIATED,1789016250420
2178463,2,VALIDATED,1789016250424
2178463,3,PROCESSED,1789016250427
2178464,1,INITIATED,1789016250441
2178464,2,VALIDATED,1789016250444
2178464,3,PROCESSED,1789016250447
2178465,1,INITIATED,1789016250462
2178465,2,VALIDATED,1789016250465
2178465,3,PROCESSED,1789016250469
2178466,1,INITIATED,1789016250480
2178466,2,VALIDATED,1789016250483
2178466,3,PROCESSED,1789016250486
2178467,1,INITIATED,1789016250500
2178467,2,VALIDATED,1789016250503
2178467,3,PROCESSED,1789016250506
2178468,1,INITIATED,1789016250521
2178468,2,VALIDATED,1789016250524
2178468,3,PROCESSED,1789016250527
2178469,1,INITIATED,1789016250541
2178469,2,VALIDATED,1789016250544
2178469,3,PROCESSED,1789016250547
2178470,1,INITIATED,1789016250560
2178470,2,VALIDATED,1789016250563
2178470,3,PROCESSED,1789016250566
2178471,1,INITIATED,1789016250581
2178471,2,VALIDATED,1789016250584
2178471,3,PROCESSED,1789016250586
2178472,1,INITIATED,1789016250601
2178472,2,VALIDATED,1789016250603
2178472,3,PROCESSED,1789016250606
2178473,1,INITIATED,1789016250620
2178473,2,VALIDATED,1789016250623
2178473,3,PROCESSED,1789016250626
2178474,1,INITIATED,1789016250641
2178474,2,VALIDATED,1789016250645
2178474,3,PROCESSED,1789016250650
2178475,1,INITIATED,1789016250661
2178475,2,VALIDATED,1789016250664
2178475,3,PROCESSED,1789016250667
2178476,1,INITIATED,1789016250681
2178476,2,VALIDATED,1789016250684
2178476,3,PROCESSED,1789016250687
2178477,1,INITIATED,1789016250701
2178477,2,VALIDATED,1789016250704
2178477,3,PROCESSED,1789016250707
2178478,1,INITIATED,1789016250721
2178478,2,VALIDATED,1789016250724
2178478,3,PROCESSED,1789016250727
2178479,1,INITIATED,1789016250741
2178479,2,VALIDATED,1789016250743
2178479,3,PROCESSED,1789016250745
2178480,1,INITIATED,1789016250761
2178480,2,VALIDATED,1789016250765
2178480,3,PROCESSED,1789016250769
2178481,1,INITIATED,1789016250781
2178481,2,VALIDATED,1789016250784
2178481,3,PROCESSED,1789016250787
2178482,1,INITIATED,1789016250801
2178482,2,VALIDATED,1789016250803
2178482,3,PROCESSED,1789016250806
2178483,1,INITIATED,1789016250821
2178483,2,VALIDATED,1789016250824
2178483,3,PROCESSED,1789016250827
2178484,1,INITIATED,1789016250840
2178484,2,VALIDATED,1789016250843
2178484,3,PROCESSED,1789016250847
2178485,1,INITIATED,1789016250861
2178485,2,VALIDATED,1789016250864
2178485,3,PROCESSED,1789016250867
2178486,1,INITIATED,1789016250880
2178486,2,VALIDATED,1789016250884
2178486,3,PROCESSED,1789016250889
2178487,1,INITIATED,1789016250900
2178487,2,VALIDATED,1789016250903
2178487,3,PROCESSED,1789016250906
2178488,1,INITIATED,1789016250921
2178488,2,VALIDATED,1789016250924
2178488,3,PROCESSED,1789016250927
2178489,1,INITIATED,1789016250941
2178489,2,VALIDATED,1789016250944
2178489,3,PROCESSED,1789016250948
2178490,1,INITIATED,1789016250961
2178490,2,VALIDATED,1789016250964
2178490,3,PROCESSED,1789016250967
2178491,1,INITIATED,1789016250981
2178491,2,VALIDATED,1789016250985
2178491,3,PROCESSED,1789016250989
2178492,1,INITIATED,1789016251001
2178492,2,VALIDATED,1789016251004
2178492,3,PROCESSED,1789016251007
2178493,1,INITIATED,1789016251021
2178493,2,VALIDATED,1789016251025
2178493,3,PROCESSED,1789016251029
2178494,1,INITIATED,1789016251041
2178494,2,VALIDATED,1789016251044
2178494,3,PROCESSED,1789016251046
2178495,1,INITIATED,1789016251061
2178495,2,VALIDATED,1789016251246
2178495,3,PROCESSED,1789016251265
2178496,1,INITIATED,1789016251246
2178496,2,VALIDATED,1789016251264
2178496,3,PROCESSED,1789016251305
2178497,1,INITIATED,1789016251245
2178497,2,VALIDATED,1789016251264
2178497,3,PROCESSED,1789016251305
2178498,1,INITIATED,1789016251246
2178498,2,VALIDATED,1789016251264
2178498,3,PROCESSED,1789016251305
2178499,1,INITIATED,1789016251245
2178499,2,VALIDATED,1789016251252
2178499,3,PROCESSED,1789016251267
2178500,1,INITIATED,1789016251246
2178500,2,VALIDATED,1789016251263
2178500,3,PROCESSED,1789016251305
2178501,1,INITIATED,1789016251246
2178501,2,VALIDATED,1789016251264
2178501,3,PROCESSED,1789016251306
2178502,1,INITIATED,1789016251246
2178502,2,VALIDATED,1789016251263
2178502,3,PROCESSED,1789016251304
2178503,1,INITIATED,1789016251246
2178503,2,VALIDATED,1789016251264
2178503,3,PROCESSED,1789016251306
2178504,1,INITIATED,1789016251246
2178504,2,VALIDATED,1789016251264
2178504,3,PROCESSED,1789016251305
2178505,1,INITIATED,1789016251261
2178505,2,VALIDATED,1789016251282
2178505,3,PROCESSED,1789016251306
2178506,1,INITIATED,1789016251281
2178506,2,VALIDATED,1789016251303
2178506,3,PROCESSED,1789016251310
2178507,1,INITIATED,1789016251301
2178507,2,VALIDATED,1789016251305
2178507,3,PROCESSED,1789016251313
2178508,1,INITIATED,1789016251321
2178508,2,VALIDATED,1789016251324
2178508,3,PROCESSED,1789016251327
2178509,1,INITIATED,1789016251340
2178509,2,VALIDATED,1789016251342
2178509,3,PROCESSED,1789016251344
2178510,1,INITIATED,1789016251361
2178510,2,VALIDATED,1789016251365
2178510,3,PROCESSED,1789016251369
2178511,1,INITIATED,1789016251381
2178511,2,VALIDATED,1789016251384
2178511,3,PROCESSED,1789016251387
2178512,1,INITIATED,1789016251401
2178512,2,VALIDATED,1789016251404
2178512,3,PROCESSED,1789016251407
2178513,1,INITIATED,1789016251421
2178513,2,VALIDATED,1789016251425
2178513,3,PROCESSED,1789016251428
2178514,1,INITIATED,1789016251440
2178514,2,VALIDATED,1789016251443
2178514,3,PROCESSED,1789016251446
2178515,1,INITIATED,1789016251461
2178515,2,VALIDATED,1789016251464
2178515,3,PROCESSED,1789016251466
2178516,1,INITIATED,1789016251481
2178516,2,VALIDATED,1789016251483
2178516,3,PROCESSED,1789016251487
2178517,1,INITIATED,1789016251501
2178517,2,VALIDATED,1789016251503
2178517,3,PROCESSED,1789016251506
2178518,1,INITIATED,1789016251520
2178518,2,VALIDATED,1789016251523
2178518,3,PROCESSED,1789016251526
2178519,1,INITIATED,1789016251540
2178519,2,VALIDATED,1789016251543
2178519,3,PROCESSED,1789016251546
2178520,1,INITIATED,1789016251561
2178520,2,VALIDATED,1789016251564
2178520,3,PROCESSED,1789016251568
2178521,1,INITIATED,1789016251581
2178521,2,VALIDATED,1789016251584
2178521,3,PROCESSED,1789016251588
2178522,1,INITIATED,1789016251601
2178522,2,VALIDATED,1789016251604
2178522,3,PROCESSED,1789016251607
2178523,1,INITIATED,1789016251620
2178523,2,VALIDATED,1789016251623
2178523,3,PROCESSED,1789016251626
2178524,1,INITIATED,1789016251641
2178524,2,VALIDATED,1789016251643
2178524,3,PROCESSED,1789016251646
2178525,1,INITIATED,1789016251662
2178525,2,VALIDATED,1789016251668
2178525,3,PROCESSED,1789016251673
2178526,1,INITIATED,1789016251681
2178526,2,VALIDATED,1789016251683
2178526,3,PROCESSED,1789016251686
2178527,1,INITIATED,1789016251701
2178527,2,VALIDATED,1789016251704
2178527,3,PROCESSED,1789016251707
2178528,1,INITIATED,1789016251721
2178528,2,VALIDATED,1789016251724
2178528,3,PROCESSED,1789016251727
2178529,1,INITIATED,1789016251740
2178529,2,VALIDATED,1789016251742
2178529,3,PROCESSED,1789016251745
2178530,1,INITIATED,1789016251761
2178530,2,VALIDATED,1789016251764
2178530,3,PROCESSED,1789016251766
2178531,1,INITIATED,1789016251782
2178531,2,VALIDATED,1789016251786
2178531,3,PROCESSED,1789016251791
2178532,1,INITIATED,1789016251800
2178532,2,VALIDATED,1789016251803
2178532,3,PROCESSED,1789016251806
2178533,1,INITIATED,1789016251821
2178533,2,VALIDATED,1789016251823
2178533,3,REJECTED,1789016251827
2178534,1,INITIATED,1789016251841
2178534,2,VALIDATED,1789016251843
2178534,3,REJECTED,1789016251845
2178535,1,INITIATED,1789016251861
2178535,2,VALIDATED,1789016251863
2178535,3,REJECTED,1789016251865
2178536,1,INITIATED,1789016251881
2178536,2,VALIDATED,1789016251884
2178536,3,REJECTED,1789016251886
2178537,1,INITIATED,1789016251901
2178537,2,VALIDATED,1789016251904
2178537,3,PROCESSED,1789016251907
2178538,1,INITIATED,1789016251920
2178538,2,VALIDATED,1789016251923
2178538,3,PROCESSED,1789016251925
2178539,1,INITIATED,1789016251941
2178539,2,VALIDATED,1789016251943
2178539,3,PROCESSED,1789016251947
2178540,1,INITIATED,1789016251964
2178540,2,VALIDATED,1789016251969
2178540,3,PROCESSED,1789016251975
2178541,1,INITIATED,1789016251984
2178541,2,VALIDATED,1789016251988
2178541,3,PROCESSED,1789016251992
2178542,1,INITIATED,1789016252001
2178542,2,VALIDATED,1789016252005
2178542,3,PROCESSED,1789016252009
2178543,1,INITIATED,1789016252021
2178543,2,VALIDATED,1789016252024
2178543,3,PROCESSED,1789016252028
2178544,1,INITIATED,1789016252041
2178544,2,VALIDATED,1789016252044
2178544,3,PROCESSED,1789016252048
2178545,1,INITIATED,1789016252061
2178545,2,VALIDATED,1789016252067
2178545,3,PROCESSED,1789016252082
2178546,1,INITIATED,1789016252080
2178546,2,VALIDATED,1789016252085
2178546,3,PROCESSED,1789016252089
2178547,1,INITIATED,1789016252101
2178547,2,VALIDATED,1789016252104
2178547,3,PROCESSED,1789016252108
2178548,1,INITIATED,1789016252121
2178548,2,VALIDATED,1789016252124
2178548,3,PROCESSED,1789016252127
2178549,1,INITIATED,1789016252141
2178549,2,VALIDATED,1789016252144
2178549,3,PROCESSED,1789016252148
2178550,1,INITIATED,1789016252160
2178550,2,VALIDATED,1789016252167
2178550,3,PROCESSED,1789016252171
2178551,1,INITIATED,1789016252181
2178551,2,VALIDATED,1789016252183
2178551,3,PROCESSED,1789016252193
2178552,1,INITIATED,1789016252201
2178552,2,VALIDATED,1789016252204
2178552,3,PROCESSED,1789016252209
2178553,1,INITIATED,1789016252221
2178553,2,VALIDATED,1789016252239
2178553,3,PROCESSED,1789016252244
2178554,1,INITIATED,1789016252240
2178554,2,VALIDATED,1789016252243
2178554,3,PROCESSED,1789016252248
2178555,1,INITIATED,1789016252261
2178555,2,VALIDATED,1789016252265
2178555,3,PROCESSED,1789016252270
2178556,1,INITIATED,1789016252281
2178556,2,VALIDATED,1789016252284
2178556,3,PROCESSED,1789016252287
2178557,1,INITIATED,1789016252301
2178557,2,VALIDATED,1789016252303
2178557,3,PROCESSED,1789016252306
2178558,1,INITIATED,1789016252321
2178558,2,VALIDATED,1789016252324
2178558,3,PROCESSED,1789016252327
2178559,1,INITIATED,1789016252342
2178559,2,VALIDATED,1789016252345
2178559,3,PROCESSED,1789016252347
2178560,1,INITIATED,1789016252361
2178560,2,VALIDATED,1789016252364
2178560,3,PROCESSED,1789016252366
2178561,1,INITIATED,1789016252381
2178561,2,VALIDATED,1789016252385
2178561,3,PROCESSED,1789016252387
2178562,1,INITIATED,1789016252400
2178562,2,VALIDATED,1789016252403
2178562,3,PROCESSED,1789016252407
2178563,1,INITIATED,1789016252420
2178563,2,VALIDATED,1789016252424
2178563,3,PROCESSED,1789016252427
2178564,1,INITIATED,1789016252440
2178564,2,VALIDATED,1789016252443
2178564,3,PROCESSED,1789016252446
2178565,1,INITIATED,1789016252461
2178565,2,VALIDATED,1789016252464
2178565,3,PROCESSED,1789016252467
2178566,1,INITIATED,1789016252481
2178566,2,VALIDATED,1789016252483
2178566,3,PROCESSED,1789016252486
2178567,1,INITIATED,1789016252501
2178567,2,VALIDATED,1789016252504
2178567,3,PROCESSED,1789016252507
2178568,1,INITIATED,1789016252521
2178568,2,VALIDATED,1789016252524
2178568,3,PROCESSED,1789016252526
2178569,1,INITIATED,1789016252541
2178569,2,VALIDATED,1789016252543
2178569,3,PROCESSED,1789016252546
2178570,1,INITIATED,1789016252561
2178570,2,VALIDATED,1789016252564
2178570,3,PROCESSED,1789016252568
2178571,1,INITIATED,1789016252581
2178571,2,VALIDATED,1789016252583
2178571,3,PROCESSED,1789016252587
2178572,1,INITIATED,1789016252600
2178572,2,VALIDATED,1789016252603
2178572,3,PROCESSED,1789016252606
2178573,1,INITIATED,1789016252621
2178573,2,VALIDATED,1789016252624
2178573,3,PROCESSED,1789016252627
2178574,1,INITIATED,1789016252641
2178574,2,VALIDATED,1789016252644
2178574,3,PROCESSED,1789016252647
2178575,1,INITIATED,1789016252661
2178575,2,VALIDATED,1789016252666
2178575,3,PROCESSED,1789016252669
2178576,1,INITIATED,1789016252681
2178576,2,VALIDATED,1789016252684
2178576,3,PROCESSED,1789016252687
2178577,1,INITIATED,1789016252701
2178577,2,VALIDATED,1789016252704
2178577,3,PROCESSED,1789016252709
2178578,1,INITIATED,1789016252721
2178578,2,VALIDATED,1789016252724
2178578,3,PROCESSED,1789016252727
2178579,1,INITIATED,1789016252740
2178579,2,VALIDATED,1789016252743
2178579,3,PROCESSED,1789016252746
2178580,1,INITIATED,1789016252761
2178580,2,VALIDATED,1789016252765
2178580,3,PROCESSED,1789016252768
2178581,1,INITIATED,1789016252781
2178581,2,VALIDATED,1789016252794
2178581,3,PROCESSED,1789016252799
2178582,1,INITIATED,1789016252801
2178582,2,VALIDATED,1789016252804
2178582,3,PROCESSED,1789016252834
2178583,1,INITIATED,1789016252821
2178583,2,VALIDATED,1789016252836
2178583,3,PROCESSED,1789016252839
2178584,1,INITIATED,1789016252841
2178584,2,VALIDATED,1789016252843
2178584,3,PROCESSED,1789016252846
2178585,1,INITIATED,1789016252862
2178585,2,VALIDATED,1789016252866
2178585,3,PROCESSED,1789016252871
2178586,1,INITIATED,1789016252881
2178586,2,VALIDATED,1789016252885
2178586,3,PROCESSED,1789016252889
2178587,1,INITIATED,1789016252901
2178587,2,VALIDATED,1789016252904
2178587,3,PROCESSED,1789016252908
2178588,1,INITIATED,1789016252921
2178588,2,VALIDATED,1789016252924
2178588,3,PROCESSED,1789016252928
2178589,1,INITIATED,1789016252941
2178589,2,VALIDATED,1789016252945
2178589,3,PROCESSED,1789016252948
2178590,1,INITIATED,1789016252961
2178590,2,VALIDATED,1789016252965
2178590,3,PROCESSED,1789016252968
2178591,1,INITIATED,1789016252981
2178591,2,VALIDATED,1789016252985
2178591,3,PROCESSED,1789016252988
2178592,1,INITIATED,1789016253001
2178592,2,VALIDATED,1789016253005
2178592,3,PROCESSED,1789016253008
2178593,1,INITIATED,1789016253021
2178593,2,VALIDATED,1789016253025
2178593,3,PROCESSED,1789016253029
2178594,1,INITIATED,1789016253042
2178594,2,VALIDATED,1789016253045
2178594,3,PROCESSED,1789016253048
2178595,1,INITIATED,1789016253061
2178595,2,VALIDATED,1789016253065
2178595,3,PROCESSED,1789016253068
2178596,1,INITIATED,1789016253081
2178596,2,VALIDATED,1789016253084
2178596,3,PROCESSED,1789016253088
2178597,1,INITIATED,1789016253101
2178597,2,VALIDATED,1789016253105
2178597,3,PROCESSED,1789016253108
2178598,1,INITIATED,1789016253121
2178598,2,VALIDATED,1789016253125
2178598,3,PROCESSED,1789016253129
2178599,1,INITIATED,1789016253141
2178599,2,VALIDATED,1789016253145
2178599,3,PROCESSED,1789016253148
2178600,1,INITIATED,1789016253161
2178600,2,VALIDATED,1789016253165
2178600,3,PROCESSED,1789016253170
2178601,1,INITIATED,1789016253181
2178601,2,VALIDATED,1789016253184
2178601,3,PROCESSED,1789016253187
2178602,1,INITIATED,1789016253201
2178602,2,VALIDATED,1789016253205
2178602,3,PROCESSED,1789016253209
2178603,1,INITIATED,1789016253221
2178603,2,VALIDATED,1789016253224
2178603,3,PROCESSED,1789016253229
2178604,1,INITIATED,1789016253241
2178604,2,VALIDATED,1789016253244
2178604,3,PROCESSED,1789016253248
2178605,1,INITIATED,1789016253261
2178605,2,VALIDATED,1789016253264
2178605,3,PROCESSED,1789016253269
2178606,1,INITIATED,1789016253281
2178606,2,VALIDATED,1789016253285
2178606,3,PROCESSED,1789016253289
2178607,1,INITIATED,1789016253302
2178607,2,VALIDATED,1789016253306
2178607,3,PROCESSED,1789016253310
2178608,1,INITIATED,1789016253321
2178608,2,VALIDATED,1789016253325
2178608,3,PROCESSED,1789016253329
2178609,1,INITIATED,1789016253342
2178609,2,VALIDATED,1789016253346
2178609,3,PROCESSED,1789016253350
2178610,1,INITIATED,1789016253361
2178610,2,VALIDATED,1789016253365
2178610,3,PROCESSED,1789016253369
2178611,1,INITIATED,1789016253381
2178611,2,VALIDATED,1789016253384
2178611,3,PROCESSED,1789016253389
2178612,1,INITIATED,1789016253401
2178612,2,VALIDATED,1789016253404
2178612,3,PROCESSED,1789016253408
2178613,1,INITIATED,1789016253421
2178613,2,VALIDATED,1789016253425
2178613,3,PROCESSED,1789016253429
2178614,1,INITIATED,1789016253442
2178614,2,VALIDATED,1789016253445
2178614,3,PROCESSED,1789016253449
2178615,1,INITIATED,1789016253461
2178615,2,VALIDATED,1789016253465
2178615,3,PROCESSED,1789016253470
2178616,1,INITIATED,1789016253481
2178616,2,VALIDATED,1789016253484
2178616,3,PROCESSED,1789016253488
2178617,1,INITIATED,1789016253502
2178617,2,VALIDATED,1789016253505
2178617,3,PROCESSED,1789016253510
2178618,1,INITIATED,1789016253521
2178618,2,VALIDATED,1789016253526
2178618,3,PROCESSED,1789016253530
2178619,1,INITIATED,1789016253541
2178619,2,VALIDATED,1789016253545
2178619,3,PROCESSED,1789016253548
2178620,1,INITIATED,1789016253561
2178620,2,VALIDATED,1789016253565
2178620,3,PROCESSED,1789016253569
2178621,1,INITIATED,1789016253581
2178621,2,VALIDATED,1789016253585
2178621,3,PROCESSED,1789016253588
2178622,1,INITIATED,1789016253601
2178622,2,VALIDATED,1789016253605
2178622,3,PROCESSED,1789016253609
2178623,1,INITIATED,1789016253621
2178623,2,VALIDATED,1789016253625
2178623,3,PROCESSED,1789016253629
2178624,1,INITIATED,1789016253642
2178624,2,VALIDATED,1789016253645
2178624,3,PROCESSED,1789016253649
2178625,1,INITIATED,1789016253662
2178625,2,VALIDATED,1789016253669
2178625,3,PROCESSED,1789016253673
2178626,1,INITIATED,1789016253681
2178626,2,VALIDATED,1789016253683
2178626,3,PROCESSED,1789016253687
2178627,1,INITIATED,1789016253702
2178627,2,VALIDATED,1789016253705
2178627,3,PROCESSED,1789016253708
2178628,1,INITIATED,1789016253721
2178628,2,VALIDATED,1789016253725
2178628,3,PROCESSED,1789016253728
2178629,1,INITIATED,1789016253741
2178629,2,VALIDATED,1789016253745
2178629,3,PROCESSED,1789016253749
2178630,1,INITIATED,1789016253762
2178630,2,VALIDATED,1789016253766
2178630,3,PROCESSED,1789016253772
2178631,1,INITIATED,1789016253782
2178631,2,VALIDATED,1789016253786
2178631,3,PROCESSED,1789016253791
2178632,1,INITIATED,1789016253801
2178632,2,VALIDATED,1789016253805
2178632,3,PROCESSED,1789016253809
2178633,1,INITIATED,1789016253821
2178633,2,VALIDATED,1789016253825
2178633,3,REJECTED,1789016253828
2178634,1,INITIATED,1789016253842
2178634,2,VALIDATED,1789016253846
2178634,3,REJECTED,1789016253849
2178635,1,INITIATED,1789016253861
2178635,2,VALIDATED,1789016253865
2178635,3,REJECTED,1789016253868
2178636,1,INITIATED,1789016253882
2178636,2,VALIDATED,1789016253888
2178636,3,REJECTED,1789016253892
2178637,1,INITIATED,1789016253902
2178637,2,VALIDATED,1789016253907
2178637,3,PROCESSED,1789016253911
2178638,1,INITIATED,1789016253922
2178638,2,VALIDATED,1789016253927
2178638,3,PROCESSED,1789016253934
2178639,1,INITIATED,1789016253941
2178639,2,VALIDATED,1789016253946
2178639,3,PROCESSED,1789016253951
2178640,1,INITIATED,1789016253962
2178640,2,VALIDATED,1789016253965
2178640,3,PROCESSED,1789016253970
2178641,1,INITIATED,1789016253981
2178641,2,VALIDATED,1789016253985
2178641,3,PROCESSED,1789016253990
2178642,1,INITIATED,1789016254001
2178642,2,VALIDATED,1789016254005
2178642,3,PROCESSED,1789016254009
2178643,1,INITIATED,1789016254022
2178643,2,VALIDATED,1789016254026
2178643,3,PROCESSED,1789016254030
2178644,1,INITIATED,1789016254042
2178644,2,VALIDATED,1789016254046
2178644,3,PROCESSED,1789016254215
2178645,1,INITIATED,1789016254213
2178645,2,VALIDATED,1789016254218
2178645,3,PROCESSED,1789016254231
2178646,1,INITIATED,1789016254213
2178646,2,VALIDATED,1789016254219
2178646,3,PROCESSED,1789016254232
2178647,1,INITIATED,1789016254212
2178647,2,VALIDATED,1789016254218
2178647,3,PROCESSED,1789016254232
2178648,1,INITIATED,1789016254213
2178648,2,VALIDATED,1789016254218
2178648,3,PROCESSED,1789016254232
2178649,1,INITIATED,1789016254212
2178649,2,VALIDATED,1789016254218
2178649,3,PROCESSED,1789016254227
2178650,1,INITIATED,1789016254214
2178650,2,VALIDATED,1789016254219
2178650,3,PROCESSED,1789016254232
2178651,1,INITIATED,1789016254212
2178651,2,VALIDATED,1789016254218
2178651,3,PROCESSED,1789016254227
2178652,1,INITIATED,1789016254213
2178652,2,VALIDATED,1789016254219
2178652,3,PROCESSED,1789016254232
2178653,1,INITIATED,1789016254222
2178653,2,VALIDATED,1789016254230
2178653,3,PROCESSED,1789016254236
2178654,1,INITIATED,1789016254241
2178654,2,VALIDATED,1789016254258
2178654,3,PROCESSED,1789016254263
2178655,1,INITIATED,1789016254261
2178655,2,VALIDATED,1789016254264
2178655,3,PROCESSED,1789016254268
2178656,1,INITIATED,1789016254281
2178656,2,VALIDATED,1789016254284
2178656,3,PROCESSED,1789016254288
2178657,1,INITIATED,1789016254302
2178657,2,VALIDATED,1789016254306
2178657,3,PROCESSED,1789016254310
2178658,1,INITIATED,1789016254321
2178658,2,VALIDATED,1789016254325
2178658,3,PROCESSED,1789016254329
2178659,1,INITIATED,1789016254341
2178659,2,VALIDATED,1789016254344
2178659,3,PROCESSED,1789016254349
2178660,1,INITIATED,1789016254361
2178660,2,VALIDATED,1789016254365
2178660,3,PROCESSED,1789016254371
2178661,1,INITIATED,1789016254381
2178661,2,VALIDATED,1789016254385
2178661,3,PROCESSED,1789016254388
2178662,1,INITIATED,1789016254401
2178662,2,VALIDATED,1789016254404
2178662,3,PROCESSED,1789016254408
2178663,1,INITIATED,1789016254421
2178663,2,VALIDATED,1789016254425
2178663,3,PROCESSED,1789016254429
2178664,1,INITIATED,1789016254441
2178664,2,VALIDATED,1789016254445
2178664,3,PROCESSED,1789016254450
2178665,1,INITIATED,1789016254461
2178665,2,VALIDATED,1789016254465
2178665,3,PROCESSED,1789016254469
2178666,1,INITIATED,1789016254481
2178666,2,VALIDATED,1789016254486
2178666,3,PROCESSED,1789016254490
2178667,1,INITIATED,1789016254502
2178667,2,VALIDATED,1789016254505
2178667,3,PROCESSED,1789016254509
2178668,1,INITIATED,1789016254521
2178668,2,VALIDATED,1789016254526
2178668,3,PROCESSED,1789016254530
2178669,1,INITIATED,1789016254542
2178669,2,VALIDATED,1789016254545
2178669,3,PROCESSED,1789016254549
2178670,1,INITIATED,1789016254561
2178670,2,VALIDATED,1789016254564
2178670,3,PROCESSED,1789016254568
2178671,1,INITIATED,1789016254581
2178671,2,VALIDATED,1789016254584
2178671,3,PROCESSED,1789016254588
2178672,1,INITIATED,1789016254601
2178672,2,VALIDATED,1789016254605
2178672,3,PROCESSED,1789016254610
2178673,1,INITIATED,1789016254621
2178673,2,VALIDATED,1789016254625
2178673,3,PROCESSED,1789016254629
2178674,1,INITIATED,1789016254641
2178674,2,VALIDATED,1789016254645
2178674,3,PROCESSED,1789016254649
2178675,1,INITIATED,1789016254662
2178675,2,VALIDATED,1789016254666
2178675,3,PROCESSED,1789016254671
2178676,1,INITIATED,1789016254681
2178676,2,VALIDATED,1789016254685
2178676,3,PROCESSED,1789016254689
2178677,1,INITIATED,1789016254702
2178677,2,VALIDATED,1789016254705
2178677,3,PROCESSED,1789016254709
2178678,1,INITIATED,1789016254722
2178678,2,VALIDATED,1789016254727
2178678,3,PROCESSED,1789016254731
2178679,1,INITIATED,1789016254741
2178679,2,VALIDATED,1789016254743
2178679,3,PROCESSED,1789016254747
2178680,1,INITIATED,1789016254761
2178680,2,VALIDATED,1789016254764
2178680,3,PROCESSED,1789016254767
2178681,1,INITIATED,1789016254781
2178681,2,VALIDATED,1789016254785
2178681,3,PROCESSED,1789016254788
2178682,1,INITIATED,1789016254801
2178682,2,VALIDATED,1789016254805
2178682,3,PROCESSED,1789016254809
2178683,1,INITIATED,1789016254821
2178683,2,VALIDATED,1789016254825
2178683,3,PROCESSED,1789016254828
2178684,1,INITIATED,1789016254842
2178684,2,VALIDATED,1789016254845
2178684,3,PROCESSED,1789016254849
2178685,1,INITIATED,1789016254861
2178685,2,VALIDATED,1789016254864
2178685,3,PROCESSED,1789016254868
2178686,1,INITIATED,1789016254881
2178686,2,VALIDATED,1789016254884
2178686,3,PROCESSED,1789016254888
2178687,1,INITIATED,1789016254902
2178687,2,VALIDATED,1789016254907
2178687,3,PROCESSED,1789016254911
2178688,1,INITIATED,1789016254922
2178688,2,VALIDATED,1789016254926
2178688,3,PROCESSED,1789016254931
2178689,1,INITIATED,1789016254941
2178689,2,VALIDATED,1789016254944
2178689,3,PROCESSED,1789016254948
2178690,1,INITIATED,1789016254961
2178690,2,VALIDATED,1789016254965
2178690,3,PROCESSED,1789016254969
2178691,1,INITIATED,1789016254981
2178691,2,VALIDATED,1789016254984
2178691,3,PROCESSED,1789016254988
2178692,1,INITIATED,1789016255001
2178692,2,VALIDATED,1789016255004
2178692,3,PROCESSED,1789016255008
2178693,1,INITIATED,1789016255021
2178693,2,VALIDATED,1789016255025
2178693,3,PROCESSED,1789016255029
2178694,1,INITIATED,1789016255041
2178694,2,VALIDATED,1789016255044
2178694,3,PROCESSED,1789016255048
2178695,1,INITIATED,1789016255234
2178695,2,VALIDATED,1789016255252
2178695,3,PROCESSED,1789016255273
2178696,1,INITIATED,1789016255234
2178696,2,VALIDATED,1789016255252
2178696,3,PROCESSED,1789016255272
2178697,1,INITIATED,1789016255234
2178697,2,VALIDATED,1789016255252
2178697,3,PROCESSED,1789016255272
2178698,1,INITIATED,1789016255235
2178698,2,VALIDATED,1789016255252
2178698,3,PROCESSED,1789016255273
2178699,1,INITIATED,1789016255234
2178699,2,VALIDATED,1789016255252
2178699,3,PROCESSED,1789016255271
2178700,1,INITIATED,1789016255234
2178700,2,VALIDATED,1789016255251
2178700,3,PROCESSED,1789016255272
2178701,1,INITIATED,1789016255234
2178701,2,VALIDATED,1789016255252
2178701,3,PROCESSED,1789016255271
2178702,1,INITIATED,1789016255234
2178702,2,VALIDATED,1789016255252
2178702,3,PROCESSED,1789016255273
2178703,1,INITIATED,1789016255235
2178703,2,VALIDATED,1789016255252
2178703,3,PROCESSED,1789016255273
2178704,1,INITIATED,1789016255241
2178704,2,VALIDATED,1789016255269
2178704,3,PROCESSED,1789016255275
2178705,1,INITIATED,1789016255261
2178705,2,VALIDATED,1789016255269
2178705,3,PROCESSED,1789016255275
2178706,1,INITIATED,1789016255281
2178706,2,VALIDATED,1789016255353
2178706,3,PROCESSED,1789016255358
2178707,1,INITIATED,1789016255302
2178707,2,VALIDATED,1789016255353
2178707,3,PROCESSED,1789016255358
2178708,1,INITIATED,1789016255321
2178708,2,VALIDATED,1789016255353
2178708,3,PROCESSED,1789016255358
2178709,1,INITIATED,1789016255341
2178709,2,VALIDATED,1789016255353
2178709,3,PROCESSED,1789016255358
2178710,1,INITIATED,1789016255361
2178710,2,VALIDATED,1789016255373
2178710,3,PROCESSED,1789016255378
2178711,1,INITIATED,1789016255380
2178711,2,VALIDATED,1789016255395
2178711,3,PROCESSED,1789016255412
2178712,1,INITIATED,1789016255401
2178712,2,VALIDATED,1789016255411
2178712,3,PROCESSED,1789016255415
2178713,1,INITIATED,1789016255420
2178713,2,VALIDATED,1789016255424
2178713,3,PROCESSED,1789016255427
2178714,1,INITIATED,1789016255441
2178714,2,VALIDATED,1789016255445
2178714,3,PROCESSED,1789016255449
2178715,1,INITIATED,1789016255461
2178715,2,VALIDATED,1789016255465
2178715,3,PROCESSED,1789016255469
2178716,1,INITIATED,1789016255482
2178716,2,VALIDATED,1789016255485
2178716,3,PROCESSED,1789016255489
2178717,1,INITIATED,1789016255500
2178717,2,VALIDATED,1789016255504
2178717,3,PROCESSED,1789016255509
2178718,1,INITIATED,1789016255521
2178718,2,VALIDATED,1789016255525
2178718,3,PROCESSED,1789016255529
2178719,1,INITIATED,1789016255542
2178719,2,VALIDATED,1789016255554
2178719,3,PROCESSED,1789016255559
2178720,1,INITIATED,1789016255561
2178720,2,VALIDATED,1789016255564
2178720,3,PROCESSED,1789016255568
2178721,1,INITIATED,1789016255582
2178721,2,VALIDATED,1789016255585
2178721,3,PROCESSED,1789016255590
2178722,1,INITIATED,1789016255601
2178722,2,VALIDATED,1789016255605
2178722,3,PROCESSED,1789016255609
2178723,1,INITIATED,1789016255621
2178723,2,VALIDATED,1789016255625
2178723,3,PROCESSED,1789016255628
2178724,1,INITIATED,1789016255641
2178724,2,VALIDATED,1789016255645
2178724,3,PROCESSED,1789016255648
2178725,1,INITIATED,1789016255662
2178725,2,VALIDATED,1789016255665
2178725,3,PROCESSED,1789016255669
2178726,1,INITIATED,1789016255681
2178726,2,VALIDATED,1789016255685
2178726,3,PROCESSED,1789016255703
2178727,1,INITIATED,1789016255701
2178727,2,VALIDATED,1789016255704
2178727,3,PROCESSED,1789016255709
2178728,1,INITIATED,1789016255723
2178728,2,VALIDATED,1789016255727
2178728,3,PROCESSED,1789016255732
2178729,1,INITIATED,1789016255742
2178729,2,VALIDATED,1789016255745
2178729,3,PROCESSED,1789016255749
2178730,1,INITIATED,1789016255761
2178730,2,VALIDATED,1789016255765
2178730,3,PROCESSED,1789016255769
2178731,1,INITIATED,1789016255781
2178731,2,VALIDATED,1789016255784
2178731,3,PROCESSED,1789016255788
2178732,1,INITIATED,1789016255801
2178732,2,VALIDATED,1789016255804
2178732,3,PROCESSED,1789016255808
2178733,1,INITIATED,1789016255821
2178733,2,VALIDATED,1789016255825
2178733,3,REJECTED,1789016255827
2178734,1,INITIATED,1789016255841
2178734,2,VALIDATED,1789016255845
2178734,3,REJECTED,1789016255848
2178735,1,INITIATED,1789016255861
2178735,2,VALIDATED,1789016255866
2178735,3,REJECTED,1789016255870
2178736,1,INITIATED,1789016255881
2178736,2,VALIDATED,1789016255885
2178736,3,REJECTED,1789016255887
2178737,1,INITIATED,1789016255903
2178737,2,VALIDATED,1789016255906
2178737,3,PROCESSED,1789016255911
2178738,1,INITIATED,1789016255921
2178738,2,VALIDATED,1789016255938
2178738,3,PROCESSED,1789016255942
2178739,1,INITIATED,1789016255941
2178739,2,VALIDATED,1789016255943
2178739,3,PROCESSED,1789016255946
2178740,1,INITIATED,1789016255961
2178740,2,VALIDATED,1789016255965
2178740,3,PROCESSED,1789016255969
2178741,1,INITIATED,1789016255981
2178741,2,VALIDATED,1789016255984
2178741,3,PROCESSED,1789016255988
2178742,1,INITIATED,1789016256000
2178742,2,VALIDATED,1789016256003
2178742,3,PROCESSED,1789016256007
2178743,1,INITIATED,1789016256022
2178743,2,VALIDATED,1789016256030
2178743,3,PROCESSED,1789016256033
2178744,1,INITIATED,1789016256041
2178744,2,VALIDATED,1789016256044
2178744,3,PROCESSED,1789016256047
2178745,1,INITIATED,1789016256067
2178745,2,VALIDATED,1789016256101
2178745,3,PROCESSED,1789016256118
2178746,1,INITIATED,1789016256097
2178746,2,VALIDATED,1789016256116
2178746,3,PROCESSED,1789016256294
2178747,1,INITIATED,1789016256101
2178747,2,VALIDATED,1789016256116
2178747,3,PROCESSED,1789016256295
2178748,1,INITIATED,1789016256294
2178748,2,VALIDATED,1789016256313
2178748,3,PROCESSED,1789016256319
2178749,1,INITIATED,1789016256295
2178749,2,VALIDATED,1789016256313
2178749,3,PROCESSED,1789016256318
2178750,1,INITIATED,1789016256294
2178750,2,VALIDATED,1789016256313
2178750,3,PROCESSED,1789016256319
2178751,1,INITIATED,1789016256294
2178751,2,VALIDATED,1789016256313
2178751,3,PROCESSED,1789016256319
2178752,1,INITIATED,1789016256295
2178752,2,VALIDATED,1789016256313
2178752,3,PROCESSED,1789016256319
2178753,1,INITIATED,1789016256295
2178753,2,VALIDATED,1789016256313
2178753,3,PROCESSED,1789016256319
2178754,1,INITIATED,1789016256294
2178754,2,VALIDATED,1789016256313
2178754,3,PROCESSED,1789016256318
2178755,1,INITIATED,1789016256295
2178755,2,VALIDATED,1789016256313
2178755,3,PROCESSED,1789016256318
2178756,1,INITIATED,1789016256295
2178756,2,VALIDATED,1789016256313
2178756,3,PROCESSED,1789016256318
2178757,1,INITIATED,1789016256301
2178757,2,VALIDATED,1789016256312
2178757,3,PROCESSED,1789016256318
2178758,1,INITIATED,1789016256321
2178758,2,VALIDATED,1789016256325
2178758,3,PROCESSED,1789016256398
2178759,1,INITIATED,1789016256341
2178759,2,VALIDATED,1789016256397
2178759,3,PROCESSED,1789016256400
2178760,1,INITIATED,1789016256362
2178760,2,VALIDATED,1789016256397
2178760,3,PROCESSED,1789016256401
2178761,1,INITIATED,1789016256381
2178761,2,VALIDATED,1789016256397
2178761,3,PROCESSED,1789016256401
2178762,1,INITIATED,1789016256400
2178762,2,VALIDATED,1789016256402
2178762,3,PROCESSED,1789016256406
2178763,1,INITIATED,1789016256421
2178763,2,VALIDATED,1789016256425
2178763,3,PROCESSED,1789016256428
2178764,1,INITIATED,1789016256441
2178764,2,VALIDATED,1789016256444
2178764,3,PROCESSED,1789016256446
2178765,1,INITIATED,1789016256462
2178765,2,VALIDATED,1789016256466
2178765,3,PROCESSED,1789016256470
2178766,1,INITIATED,1789016256482
2178766,2,VALIDATED,1789016256485
2178766,3,PROCESSED,1789016256488
2178767,1,INITIATED,1789016256501
2178767,2,VALIDATED,1789016256504
2178767,3,PROCESSED,1789016256508
2178768,1,INITIATED,1789016256521
2178768,2,VALIDATED,1789016256524
2178768,3,PROCESSED,1789016256527
2178769,1,INITIATED,1789016256541
2178769,2,VALIDATED,1789016256544
2178769,3,PROCESSED,1789016256546
2178770,1,INITIATED,1789016256561
2178770,2,VALIDATED,1789016256564
2178770,3,PROCESSED,1789016256567
2178771,1,INITIATED,1789016256581
2178771,2,VALIDATED,1789016256584
2178771,3,PROCESSED,1789016256588
2178772,1,INITIATED,1789016256601
2178772,2,VALIDATED,1789016256604
2178772,3,PROCESSED,1789016256606
2178773,1,INITIATED,1789016256622
2178773,2,VALIDATED,1789016256624
2178773,3,PROCESSED,1789016256626
2178774,1,INITIATED,1789016256641
2178774,2,VALIDATED,1789016256643
2178774,3,PROCESSED,1789016256646
2178775,1,INITIATED,1789016256661
2178775,2,VALIDATED,1789016256664
2178775,3,PROCESSED,1789016256666
2178776,1,INITIATED,1789016256680
2178776,2,VALIDATED,1789016256683
2178776,3,PROCESSED,1789016256685
2178777,1,INITIATED,1789016256701
2178777,2,VALIDATED,1789016256704
2178777,3,PROCESSED,1789016256707
2178778,1,INITIATED,1789016256722
2178778,2,VALIDATED,1789016256725
2178778,3,PROCESSED,1789016256729
2178779,1,INITIATED,1789016256741
2178779,2,VALIDATED,1789016256744
2178779,3,PROCESSED,1789016256746
2178780,1,INITIATED,1789016256761
2178780,2,VALIDATED,1789016256764
2178780,3,PROCESSED,1789016256768
2178781,1,INITIATED,1789016256781
2178781,2,VALIDATED,1789016256784
2178781,3,PROCESSED,1789016256787
2178782,1,INITIATED,1789016256800
2178782,2,VALIDATED,1789016256803
2178782,3,PROCESSED,1789016256806
2178783,1,INITIATED,1789016256821
2178783,2,VALIDATED,1789016256824
2178783,3,PROCESSED,1789016256826
2178784,1,INITIATED,1789016256840
2178784,2,VALIDATED,1789016256843
2178784,3,PROCESSED,1789016256846
2178785,1,INITIATED,1789016256861
2178785,2,VALIDATED,1789016256863
2178785,3,PROCESSED,1789016256865
2178786,1,INITIATED,1789016256880
2178786,2,VALIDATED,1789016256883
2178786,3,PROCESSED,1789016256886
2178787,1,INITIATED,1789016256900
2178787,2,VALIDATED,1789016256903
2178787,3,PROCESSED,1789016256906
2178788,1,INITIATED,1789016256920
2178788,2,VALIDATED,1789016256923
2178788,3,PROCESSED,1789016256925
2178789,1,INITIATED,1789016256941
2178789,2,VALIDATED,1789016256944
2178789,3,PROCESSED,1789016256947
2178790,1,INITIATED,1789016256961
2178790,2,VALIDATED,1789016256963
2178790,3,PROCESSED,1789016256965
2178791,1,INITIATED,1789016256981
2178791,2,VALIDATED,1789016256984
2178791,3,PROCESSED,1789016256986
2178792,1,INITIATED,1789016257001
2178792,2,VALIDATED,1789016257004
2178792,3,PROCESSED,1789016257008
2178793,1,INITIATED,1789016257021
2178793,2,VALIDATED,1789016257025
2178793,3,PROCESSED,1789016257028
2178794,1,INITIATED,1789016257041
2178794,2,VALIDATED,1789016257044
2178794,3,PROCESSED,1789016257046
2178795,1,INITIATED,1789016257065
2178795,2,VALIDATED,1789016257097
2178795,3,PROCESSED,1789016257113
2178796,1,INITIATED,1789016257081
2178796,2,VALIDATED,1789016257112
2178796,3,PROCESSED,1789016257115
2178797,1,INITIATED,1789016257100
2178797,2,VALIDATED,1789016257112
2178797,3,PROCESSED,1789016257116
2178798,1,INITIATED,1789016257121
2178798,2,VALIDATED,1789016257123
2178798,3,PROCESSED,1789016257125
2178799,1,INITIATED,1789016257141
2178799,2,VALIDATED,1789016257144
2178799,3,PROCESSED,1789016257146
2178800,1,INITIATED,1789016257161
2178800,2,VALIDATED,1789016257164
2178800,3,PROCESSED,1789016257167
2178801,1,INITIATED,1789016257181
2178801,2,VALIDATED,1789016257184
2178801,3,PROCESSED,1789016257186
2178802,1,INITIATED,1789016257201
2178802,2,VALIDATED,1789016257204
2178802,3,PROCESSED,1789016257207
2178803,1,INITIATED,1789016257221
2178803,2,VALIDATED,1789016257223
2178803,3,PROCESSED,1789016257226
2178804,1,INITIATED,1789016257241
2178804,2,VALIDATED,1789016257243
2178804,3,PROCESSED,1789016257246
2178805,1,INITIATED,1789016257261
2178805,2,VALIDATED,1789016257263
2178805,3,PROCESSED,1789016257266
2178806,1,INITIATED,1789016257281
2178806,2,VALIDATED,1789016257284
2178806,3,PROCESSED,1789016257286
2178807,1,INITIATED,1789016257300
2178807,2,VALIDATED,1789016257303
2178807,3,PROCESSED,1789016257307
2178808,1,INITIATED,1789016257321
2178808,2,VALIDATED,1789016257325
2178808,3,PROCESSED,1789016257328
2178809,1,INITIATED,1789016257341
2178809,2,VALIDATED,1789016257344
2178809,3,PROCESSED,1789016257347
2178810,1,INITIATED,1789016257360
2178810,2,VALIDATED,1789016257364
2178810,3,PROCESSED,1789016257368
2178811,1,INITIATED,1789016257381
2178811,2,VALIDATED,1789016257385
2178811,3,PROCESSED,1789016257388
2178812,1,INITIATED,1789016257400
2178812,2,VALIDATED,1789016257403
2178812,3,PROCESSED,1789016257406
2178813,1,INITIATED,1789016257420
2178813,2,VALIDATED,1789016257423
2178813,3,PROCESSED,1789016257427
2178814,1,INITIATED,1789016257442
2178814,2,VALIDATED,1789016257446
2178814,3,PROCESSED,1789016257450
2178815,1,INITIATED,1789016257461
2178815,2,VALIDATED,1789016257464
2178815,3,PROCESSED,1789016257468
2178816,1,INITIATED,1789016257481
2178816,2,VALIDATED,1789016257485
2178816,3,PROCESSED,1789016257488
2178817,1,INITIATED,1789016257501
2178817,2,VALIDATED,1789016257518
2178817,3,PROCESSED,1789016257522
2178818,1,INITIATED,1789016257521
2178818,2,VALIDATED,1789016257524
2178818,3,PROCESSED,1789016257528
2178819,1,INITIATED,1789016257541
2178819,2,VALIDATED,1789016257545
2178819,3,PROCESSED,1789016257548
2178820,1,INITIATED,1789016257561
2178820,2,VALIDATED,1789016257564
2178820,3,PROCESSED,1789016257567
2178821,1,INITIATED,1789016257581
2178821,2,VALIDATED,1789016257584
2178821,3,PROCESSED,1789016257587
2178822,1,INITIATED,1789016257601
2178822,2,VALIDATED,1789016257604
2178822,3,PROCESSED,1789016257608
2178823,1,INITIATED,1789016257621
2178823,2,VALIDATED,1789016257626
2178823,3,PROCESSED,1789016257631
2178824,1,INITIATED,1789016257642
2178824,2,VALIDATED,1789016257645
2178824,3,PROCESSED,1789016257648
2178825,1,INITIATED,1789016257661
2178825,2,VALIDATED,1789016257665
2178825,3,PROCESSED,1789016257669
2178826,1,INITIATED,1789016257681
2178826,2,VALIDATED,1789016257684
2178826,3,PROCESSED,1789016257688
2178827,1,INITIATED,1789016257701
2178827,2,VALIDATED,1789016257705
2178827,3,PROCESSED,1789016257709
2178828,1,INITIATED,1789016257721
2178828,2,VALIDATED,1789016257725
2178828,3,PROCESSED,1789016257728
2178829,1,INITIATED,1789016257742
2178829,2,VALIDATED,1789016257744
2178829,3,PROCESSED,1789016257748
2178830,1,INITIATED,1789016257761
2178830,2,VALIDATED,1789016257764
2178830,3,PROCESSED,1789016257768
2178831,1,INITIATED,1789016257781
2178831,2,VALIDATED,1789016257784
2178831,3,PROCESSED,1789016257788
2178832,1,INITIATED,1789016257800
2178832,2,VALIDATED,1789016257804
2178832,3,PROCESSED,1789016257808
2178833,1,INITIATED,1789016257821
2178833,2,VALIDATED,1789016257825
2178833,3,REJECTED,1789016257827
2178834,1,INITIATED,1789016257841
2178834,2,VALIDATED,1789016257845
2178834,3,REJECTED,1789016257847
2178835,1,INITIATED,1789016257861
2178835,2,VALIDATED,1789016257864
2178835,3,REJECTED,1789016257867
2178836,1,INITIATED,1789016257881
2178836,2,VALIDATED,1789016257884
2178836,3,REJECTED,1789016257887
2178837,1,INITIATED,1789016257901
2178837,2,VALIDATED,1789016257904
2178837,3,PROCESSED,1789016257908
2178838,1,INITIATED,1789016257921
2178838,2,VALIDATED,1789016257924
2178838,3,PROCESSED,1789016257927
2178839,1,INITIATED,1789016257941
2178839,2,VALIDATED,1789016257944
2178839,3,PROCESSED,1789016257947
2178840,1,INITIATED,1789016257961
2178840,2,VALIDATED,1789016257965
2178840,3,PROCESSED,1789016257970
2178841,1,INITIATED,1789016257982
2178841,2,VALIDATED,1789016257985
2178841,3,PROCESSED,1789016257989
2178842,1,INITIATED,1789016258000
2178842,2,VALIDATED,1789016258018
2178842,3,PROCESSED,1789016258022
2178843,1,INITIATED,1789016258021
2178843,2,VALIDATED,1789016258024
2178843,3,PROCESSED,1789016258029
2178844,1,INITIATED,1789016258041
2178844,2,VALIDATED,1789016258045
2178844,3,PROCESSED,1789016258049
2178845,1,INITIATED,1789016258340
2178845,2,VALIDATED,1789016258347
2178845,3,PROCESSED,1789016258448
2178846,1,INITIATED,1789016258341
2178846,2,VALIDATED,1789016258345
2178846,3,PROCESSED,1789016258448
2178847,1,INITIATED,1789016258341
2178847,2,VALIDATED,1789016258446
2178847,3,PROCESSED,1789016258461
2178848,1,INITIATED,1789016258341
2178848,2,VALIDATED,1789016258445
2178848,3,PROCESSED,1789016258461
2178849,1,INITIATED,1789016258340
2178849,2,VALIDATED,1789016258344
2178849,3,PROCESSED,1789016258448
2178850,1,INITIATED,1789016258340
2178850,2,VALIDATED,1789016258344
2178850,3,PROCESSED,1789016258448
2178851,1,INITIATED,1789016258342
2178851,2,VALIDATED,1789016258446
2178851,3,PROCESSED,1789016258462
2178852,1,INITIATED,1789016258340
2178852,2,VALIDATED,1789016258348
2178852,3,PROCESSED,1789016258448
2178853,1,INITIATED,1789016258340
2178853,2,VALIDATED,1789016258348
2178853,3,PROCESSED,1789016258448
2178854,1,INITIATED,1789016258340
2178854,2,VALIDATED,1789016258348
2178854,3,PROCESSED,1789016258448
2178855,1,INITIATED,1789016258341
2178855,2,VALIDATED,1789016258446
2178855,3,PROCESSED,1789016258462
2178856,1,INITIATED,1789016258341
2178856,2,VALIDATED,1789016258445
2178856,3,PROCESSED,1789016258462
2178857,1,INITIATED,1789016258341
2178857,2,VALIDATED,1789016258345
2178857,3,PROCESSED,1789016258447
2178858,1,INITIATED,1789016258341
2178858,2,VALIDATED,1789016258443
2178858,3,PROCESSED,1789016258462
2178859,1,INITIATED,1789016258342
2178859,2,VALIDATED,1789016258446
2178859,3,PROCESSED,1789016258461
2178860,1,INITIATED,1789016258443
2178860,2,VALIDATED,1789016258460
2178860,3,PROCESSED,1789016258464
2178861,1,INITIATED,1789016258444
2178861,2,VALIDATED,1789016258459
2178861,3,PROCESSED,1789016258464
2178862,1,INITIATED,1789016258443
2178862,2,VALIDATED,1789016258460
2178862,3,PROCESSED,1789016258464
2178863,1,INITIATED,1789016258443
2178863,2,VALIDATED,1789016258460
2178863,3,PROCESSED,1789016258464
2178864,1,INITIATED,1789016258443
2178864,2,VALIDATED,1789016258460
2178864,3,PROCESSED,1789016258464
2178865,1,INITIATED,1789016258461
2178865,2,VALIDATED,1789016258465
2178865,3,PROCESSED,1789016258468
2178866,1,INITIATED,1789016258481
2178866,2,VALIDATED,1789016258484
2178866,3,PROCESSED,1789016258487
2178867,1,INITIATED,1789016258501
2178867,2,VALIDATED,1789016258504
2178867,3,PROCESSED,1789016258507
2178868,1,INITIATED,1789016258521
2178868,2,VALIDATED,1789016258524
2178868,3,PROCESSED,1789016258527
2178869,1,INITIATED,1789016258540
2178869,2,VALIDATED,1789016258543
2178869,3,PROCESSED,1789016258560
2178870,1,INITIATED,1789016258560
2178870,2,VALIDATED,1789016258563
2178870,3,PROCESSED,1789016258569
2178871,1,INITIATED,1789016258581
2178871,2,VALIDATED,1789016258584
2178871,3,PROCESSED,1789016258586
2178872,1,INITIATED,1789016258601
2178872,2,VALIDATED,1789016258603
2178872,3,PROCESSED,1789016258606
2178873,1,INITIATED,1789016258621
2178873,2,VALIDATED,1789016258623
2178873,3,PROCESSED,1789016258628
2178874,1,INITIATED,1789016258641
2178874,2,VALIDATED,1789016258644
2178874,3,PROCESSED,1789016258646
2178875,1,INITIATED,1789016258661
2178875,2,VALIDATED,1789016258663
2178875,3,PROCESSED,1789016258666
2178876,1,INITIATED,1789016258681
2178876,2,VALIDATED,1789016258684
2178876,3,PROCESSED,1789016258687
2178877,1,INITIATED,1789016258701
2178877,2,VALIDATED,1789016258704
2178877,3,PROCESSED,1789016258707
2178878,1,INITIATED,1789016258722
2178878,2,VALIDATED,1789016258726
2178878,3,PROCESSED,1789016258730
2178879,1,INITIATED,1789016258741
2178879,2,VALIDATED,1789016258744
2178879,3,PROCESSED,1789016258747
2178880,1,INITIATED,1789016258761
2178880,2,VALIDATED,1789016258764
2178880,3,PROCESSED,1789016258768
2178881,1,INITIATED,1789016258781
2178881,2,VALIDATED,1789016258797
2178881,3,PROCESSED,1789016258800
2178882,1,INITIATED,1789016258800
2178882,2,VALIDATED,1789016258802
2178882,3,PROCESSED,1789016258804
2178883,1,INITIATED,1789016258821
2178883,2,VALIDATED,1789016258824
2178883,3,PROCESSED,1789016258827
2178884,1,INITIATED,1789016258841
2178884,2,VALIDATED,1789016258844
2178884,3,PROCESSED,1789016258847
2178885,1,INITIATED,1789016258861
2178885,2,VALIDATED,1789016258863
2178885,3,PROCESSED,1789016258867
2178886,1,INITIATED,1789016258881
2178886,2,VALIDATED,1789016258885
2178886,3,PROCESSED,1789016258887
2178887,1,INITIATED,1789016258901
2178887,2,VALIDATED,1789016258904
2178887,3,PROCESSED,1789016258906
2178888,1,INITIATED,1789016258921
2178888,2,VALIDATED,1789016258924
2178888,3,PROCESSED,1789016258926
2178889,1,INITIATED,1789016258940
2178889,2,VALIDATED,1789016258943
2178889,3,PROCESSED,1789016258946
2178890,1,INITIATED,1789016258960
2178890,2,VALIDATED,1789016258964
2178890,3,PROCESSED,1789016258966
2178891,1,INITIATED,1789016258981
2178891,2,VALIDATED,1789016258984
2178891,3,PROCESSED,1789016258987
2178892,1,INITIATED,1789016259001
2178892,2,VALIDATED,1789016259003
2178892,3,PROCESSED,1789016259020
2178893,1,INITIATED,1789016259021
2178893,2,VALIDATED,1789016259023
2178893,3,PROCESSED,1789016259026
2178894,1,INITIATED,1789016259041
2178894,2,VALIDATED,1789016259044
2178894,3,PROCESSED,1789016259047
2178895,1,INITIATED,1789016259238
2178895,2,VALIDATED,1789016259254
2178895,3,PROCESSED,1789016259272
2178896,1,INITIATED,1789016259239
2178896,2,VALIDATED,1789016259271
2178896,3,PROCESSED,1789016259347
2178897,1,INITIATED,1789016259240
2178897,2,VALIDATED,1789016259270
2178897,3,PROCESSED,1789016259348
2178898,1,INITIATED,1789016259239
2178898,2,VALIDATED,1789016259270
2178898,3,PROCESSED,1789016259347
2178899,1,INITIATED,1789016259239
2178899,2,VALIDATED,1789016259270
2178899,3,PROCESSED,1789016259345
2178900,1,INITIATED,1789016259240
2178900,2,VALIDATED,1789016259271
2178900,3,PROCESSED,1789016259346
2178901,1,INITIATED,1789016259239
2178901,2,VALIDATED,1789016259271
2178901,3,PROCESSED,1789016259345
2178902,1,INITIATED,1789016259240
2178902,2,VALIDATED,1789016259270
2178902,3,PROCESSED,1789016259347
2178903,1,INITIATED,1789016259239
2178903,2,VALIDATED,1789016259271
2178903,3,PROCESSED,1789016259345
2178904,1,INITIATED,1789016259241
2178904,2,VALIDATED,1789016259271
2178904,3,PROCESSED,1789016259346
2178905,1,INITIATED,1789016259261
2178905,2,VALIDATED,1789016259271
2178905,3,PROCESSED,1789016259347
2178906,1,INITIATED,1789016259280
2178906,2,VALIDATED,1789016259343
2178906,3,PROCESSED,1789016259361
2178907,1,INITIATED,1789016259301
2178907,2,VALIDATED,1789016259342
2178907,3,PROCESSED,1789016259361
2178908,1,INITIATED,1789016259321
2178908,2,VALIDATED,1789016259341
2178908,3,PROCESSED,1789016259360
2178909,1,INITIATED,1789016259344
2178909,2,VALIDATED,1789016259359
2178909,3,PROCESSED,1789016259363
2178910,1,INITIATED,1789016259360
2178910,2,VALIDATED,1789016259363
2178910,3,PROCESSED,1789016259366
2178911,1,INITIATED,1789016259381
2178911,2,VALIDATED,1789016259384
2178911,3,PROCESSED,1789016259387
2178912,1,INITIATED,1789016259401
2178912,2,VALIDATED,1789016259403
2178912,3,PROCESSED,1789016259406
2178913,1,INITIATED,1789016259421
2178913,2,VALIDATED,1789016259424
2178913,3,PROCESSED,1789016259426
2178914,1,INITIATED,1789016259441
2178914,2,VALIDATED,1789016259443
2178914,3,PROCESSED,1789016259446
2178915,1,INITIATED,1789016259460
2178915,2,VALIDATED,1789016259463
2178915,3,PROCESSED,1789016259467
2178916,1,INITIATED,1789016259481
2178916,2,VALIDATED,1789016259484
2178916,3,PROCESSED,1789016259487
2178917,1,INITIATED,1789016259501
2178917,2,VALIDATED,1789016259504
2178917,3,PROCESSED,1789016259507
2178918,1,INITIATED,1789016259521
2178918,2,VALIDATED,1789016259525
2178918,3,PROCESSED,1789016259528
2178919,1,INITIATED,1789016259540
2178919,2,VALIDATED,1789016259543
2178919,3,PROCESSED,1789016259545
2178920,1,INITIATED,1789016259561
2178920,2,VALIDATED,1789016259563
2178920,3,PROCESSED,1789016259580
2178921,1,INITIATED,1789016259581
2178921,2,VALIDATED,1789016259583
2178921,3,PROCESSED,1789016259585
2178922,1,INITIATED,1789016259602
2178922,2,VALIDATED,1789016259604
2178922,3,PROCESSED,1789016259608
2178923,1,INITIATED,1789016259620
2178923,2,VALIDATED,1789016259623
2178923,3,PROCESSED,1789016259626
2178924,1,INITIATED,1789016259641
2178924,2,VALIDATED,1789016259644
2178924,3,PROCESSED,1789016259646
2178925,1,INITIATED,1789016259661
2178925,2,VALIDATED,1789016259664
2178925,3,PROCESSED,1789016259666
2178926,1,INITIATED,1789016259681
2178926,2,VALIDATED,1789016259684
2178926,3,PROCESSED,1789016259686
2178927,1,INITIATED,1789016259700
2178927,2,VALIDATED,1789016259703
2178927,3,PROCESSED,1789016259706
2178928,1,INITIATED,1789016259721
2178928,2,VALIDATED,1789016259724
2178928,3,PROCESSED,1789016259727
2178929,1,INITIATED,1789016259741
2178929,2,VALIDATED,1789016259744
2178929,3,PROCESSED,1789016259746
2178930,1,INITIATED,1789016259761
2178930,2,VALIDATED,1789016259764
2178930,3,PROCESSED,1789016259768
2178931,1,INITIATED,1789016259781
2178931,2,VALIDATED,1789016259784
2178931,3,PROCESSED,1789016259787
2178932,1,INITIATED,1789016259801
2178932,2,VALIDATED,1789016259804
2178932,3,PROCESSED,1789016259807
2178933,1,INITIATED,1789016259821
2178933,2,VALIDATED,1789016259839
2178933,3,REJECTED,1789016259841
2178934,1,INITIATED,1789016259841
2178934,2,VALIDATED,1789016259844
2178934,3,REJECTED,1789016259848
2178935,1,INITIATED,1789016259862
2178935,2,VALIDATED,1789016259867
2178935,3,REJECTED,1789016259871
2178936,1,INITIATED,1789016259881
2178936,2,VALIDATED,1789016259884
2178936,3,REJECTED,1789016259886
2178937,1,INITIATED,1789016259901
2178937,2,VALIDATED,1789016259904
2178937,3,PROCESSED,1789016259908
2178938,1,INITIATED,1789016259921
2178938,2,VALIDATED,1789016259925
2178938,3,PROCESSED,1789016259927
2178939,1,INITIATED,1789016259941
2178939,2,VALIDATED,1789016259944
2178939,3,PROCESSED,1789016259947
2178940,1,INITIATED,1789016259961
2178940,2,VALIDATED,1789016259964
2178940,3,PROCESSED,1789016259967
2178941,1,INITIATED,1789016259981
2178941,2,VALIDATED,1789016259984
2178941,3,PROCESSED,1789016259987
2178942,1,INITIATED,1789016260001
2178942,2,VALIDATED,1789016260004
2178942,3,PROCESSED,1789016260007
2178943,1,INITIATED,1789016260021
2178943,2,VALIDATED,1789016260024
2178943,3,PROCESSED,1789016260027
2178944,1,INITIATED,1789016260040
2178944,2,VALIDATED,1789016260043
2178944,3,PROCESSED,1789016260046
2178945,1,INITIATED,1789016260088
2178945,2,VALIDATED,1789016260092
2178945,3,PROCESSED,1789016260362
2178946,1,INITIATED,1789016260088
2178946,2,VALIDATED,1789016260092
2178946,3,PROCESSED,1789016260380
2178947,1,INITIATED,1789016260361
2178947,2,VALIDATED,1789016260378
2178947,3,PROCESSED,1789016260384
2178948,1,INITIATED,1789016260361
2178948,2,VALIDATED,1789016260377
2178948,3,PROCESSED,1789016260383
2178949,1,INITIATED,1789016260359
2178949,2,VALIDATED,1789016260378
2178949,3,PROCESSED,1789016260385
2178950,1,INITIATED,1789016260360
2178950,2,VALIDATED,1789016260379
2178950,3,PROCESSED,1789016260387
2178951,1,INITIATED,1789016260359
2178951,2,VALIDATED,1789016260378
2178951,3,PROCESSED,1789016260385
2178952,1,INITIATED,1789016260359
2178952,2,VALIDATED,1789016260379
2178952,3,PROCESSED,1789016260387
2178953,1,INITIATED,1789016260359
2178953,2,VALIDATED,1789016260379
2178953,3,PROCESSED,1789016260386
2178954,1,INITIATED,1789016260360
2178954,2,VALIDATED,1789016260378
2178954,3,PROCESSED,1789016260385
2178955,1,INITIATED,1789016260358
2178955,2,VALIDATED,1789016260377
2178955,3,PROCESSED,1789016260383
2178956,1,INITIATED,1789016260361
2178956,2,VALIDATED,1789016260378
2178956,3,PROCESSED,1789016260385
2178957,1,INITIATED,1789016260361
2178957,2,VALIDATED,1789016260377
2178957,3,PROCESSED,1789016260383
2178958,1,INITIATED,1789016260360
2178958,2,VALIDATED,1789016260377
2178958,3,PROCESSED,1789016260383
2178959,1,INITIATED,1789016260361
2178959,2,VALIDATED,1789016260379
2178959,3,PROCESSED,1789016260387
2178960,1,INITIATED,1789016260361
2178960,2,VALIDATED,1789016260378
2178960,3,PROCESSED,1789016260384
2178961,1,INITIATED,1789016260381
2178961,2,VALIDATED,1789016260388
2178961,3,PROCESSED,1789016260393
2178962,1,INITIATED,1789016260401
2178962,2,VALIDATED,1789016260471
2178962,3,PROCESSED,1789016260476
2178963,1,INITIATED,1789016260422
2178963,2,VALIDATED,1789016260471
2178963,3,PROCESSED,1789016260476
2178964,1,INITIATED,1789016260442
2178964,2,VALIDATED,1789016260471
2178964,3,PROCESSED,1789016260476
2178965,1,INITIATED,1789016260461
2178965,2,VALIDATED,1789016260471
2178965,3,PROCESSED,1789016260476
2178966,1,INITIATED,1789016260481
2178966,2,VALIDATED,1789016260484
2178966,3,PROCESSED,1789016260487
2178967,1,INITIATED,1789016260501
2178967,2,VALIDATED,1789016260505
2178967,3,PROCESSED,1789016260508
2178968,1,INITIATED,1789016260521
2178968,2,VALIDATED,1789016260525
2178968,3,PROCESSED,1789016260529
2178969,1,INITIATED,1789016260541
2178969,2,VALIDATED,1789016260544
2178969,3,PROCESSED,1789016260547
2178970,1,INITIATED,1789016260560
2178970,2,VALIDATED,1789016260563
2178970,3,PROCESSED,1789016260566
2178971,1,INITIATED,1789016260581
2178971,2,VALIDATED,1789016260584
2178971,3,PROCESSED,1789016260587
2178972,1,INITIATED,1789016260600
2178972,2,VALIDATED,1789016260603
2178972,3,PROCESSED,1789016260606
2178973,1,INITIATED,1789016260621
2178973,2,VALIDATED,1789016260624
2178973,3,PROCESSED,1789016260627
2178974,1,INITIATED,1789016260642
2178974,2,VALIDATED,1789016260645
2178974,3,PROCESSED,1789016260648
2178975,1,INITIATED,1789016260660
2178975,2,VALIDATED,1789016260663
2178975,3,PROCESSED,1789016260667
2178976,1,INITIATED,1789016260681
2178976,2,VALIDATED,1789016260684
2178976,3,PROCESSED,1789016260687
2178977,1,INITIATED,1789016260701
2178977,2,VALIDATED,1789016260704
2178977,3,PROCESSED,1789016260707
2178978,1,INITIATED,1789016260722
2178978,2,VALIDATED,1789016260725
2178978,3,PROCESSED,1789016260728
2178979,1,INITIATED,1789016260741
2178979,2,VALIDATED,1789016260744
2178979,3,PROCESSED,1789016260746
2178980,1,INITIATED,1789016260761
2178980,2,VALIDATED,1789016260764
2178980,3,PROCESSED,1789016260766
2178981,1,INITIATED,1789016260780
2178981,2,VALIDATED,1789016260783
2178981,3,PROCESSED,1789016260786
2178982,1,INITIATED,1789016260800
2178982,2,VALIDATED,1789016260803
2178982,3,PROCESSED,1789016260807
2178983,1,INITIATED,1789016260821
2178983,2,VALIDATED,1789016260824
2178983,3,PROCESSED,1789016260827
2178984,1,INITIATED,1789016260841
2178984,2,VALIDATED,1789016260858
2178984,3,PROCESSED,1789016260862
2178985,1,INITIATED,1789016260861
2178985,2,VALIDATED,1789016260864
2178985,3,PROCESSED,1789016260866
2178986,1,INITIATED,1789016260881
2178986,2,VALIDATED,1789016260883
2178986,3,PROCESSED,1789016260886
2178987,1,INITIATED,1789016260901
2178987,2,VALIDATED,1789016260904
2178987,3,PROCESSED,1789016260908
2178988,1,INITIATED,1789016260921
2178988,2,VALIDATED,1789016260924
2178988,3,PROCESSED,1789016260927
2178989,1,INITIATED,1789016260941
2178989,2,VALIDATED,1789016260944
2178989,3,PROCESSED,1789016260946
2178990,1,INITIATED,1789016260961
2178990,2,VALIDATED,1789016260964
2178990,3,PROCESSED,1789016260968
2178991,1,INITIATED,1789016260981
2178991,2,VALIDATED,1789016260984
2178991,3,PROCESSED,1789016260987
2178992,1,INITIATED,1789016261001
2178992,2,VALIDATED,1789016261004
2178992,3,PROCESSED,1789016261008
2178993,1,INITIATED,1789016261021
2178993,2,VALIDATED,1789016261024
2178993,3,PROCESSED,1789016261027
2178994,1,INITIATED,1789016261040
2178994,2,VALIDATED,1789016261044
2178994,3,PROCESSED,1789016261089
2178995,1,INITIATED,1789016261085
2178995,2,VALIDATED,1789016261089
2178995,3,PROCESSED,1789016261106
2178996,1,INITIATED,1789016261085
2178996,2,VALIDATED,1789016261089
2178996,3,PROCESSED,1789016261106
2178997,1,INITIATED,1789016261101
2178997,2,VALIDATED,1789016261105
2178997,3,PROCESSED,1789016261108
2178998,1,INITIATED,1789016261121
2178998,2,VALIDATED,1789016261125
2178998,3,PROCESSED,1789016261129
2178999,1,INITIATED,1789016261141
2178999,2,VALIDATED,1789016261145
2178999,3,PROCESSED,1789016261148
2179000,1,INITIATED,1789016261161
2179000,2,VALIDATED,1789016261177
2179000,3,PROCESSED,1789016261181
2179001,1,INITIATED,1789016261180
2179001,2,VALIDATED,1789016261183
2179001,3,PROCESSED,1789016261187
2179002,1,INITIATED,1789016261201
2179002,2,VALIDATED,1789016261205
2179002,3,PROCESSED,1789016261210
2179003,1,INITIATED,1789016261221
2179003,2,VALIDATED,1789016261224
2179003,3,PROCESSED,1789016261229
2179004,1,INITIATED,1789016261241
2179004,2,VALIDATED,1789016261244
2179004,3,PROCESSED,1789016261248
2179005,1,INITIATED,1789016261261
2179005,2,VALIDATED,1789016261264
2179005,3,PROCESSED,1789016261268
2179006,1,INITIATED,1789016261282
2179006,2,VALIDATED,1789016261285
2179006,3,PROCESSED,1789016261289
2179007,1,INITIATED,1789016261301
2179007,2,VALIDATED,1789016261304
2179007,3,PROCESSED,1789016261308
2179008,1,INITIATED,1789016261321
2179008,2,VALIDATED,1789016261325
2179008,3,PROCESSED,1789016261328
2179009,1,INITIATED,1789016261341
2179009,2,VALIDATED,1789016261345
2179009,3,PROCESSED,1789016261348
2179010,1,INITIATED,1789016261361
2179010,2,VALIDATED,1789016261364
2179010,3,PROCESSED,1789016261369
2179011,1,INITIATED,1789016261382
2179011,2,VALIDATED,1789016261385
2179011,3,PROCESSED,1789016261389
2179012,1,INITIATED,1789016261401
2179012,2,VALIDATED,1789016261404
2179012,3,PROCESSED,1789016261408
2179013,1,INITIATED,1789016261421
2179013,2,VALIDATED,1789016261424
2179013,3,PROCESSED,1789016261427
2179014,1,INITIATED,1789016261441
2179014,2,VALIDATED,1789016261444
2179014,3,PROCESSED,1789016261447
2179015,1,INITIATED,1789016261461
2179015,2,VALIDATED,1789016261464
2179015,3,PROCESSED,1789016261467
2179016,1,INITIATED,1789016261480
2179016,2,VALIDATED,1789016261482
2179016,3,PROCESSED,1789016261485
2179017,1,INITIATED,1789016261501
2179017,2,VALIDATED,1789016261507
2179017,3,PROCESSED,1789016261525
2179018,1,INITIATED,1789016261521
2179018,2,VALIDATED,1789016261524
2179018,3,PROCESSED,1789016261541
2179019,1,INITIATED,1789016261541
2179019,2,VALIDATED,1789016261543
2179019,3,PROCESSED,1789016261546
2179020,1,INITIATED,1789016261561
2179020,2,VALIDATED,1789016261565
2179020,3,PROCESSED,1789016261570
2179021,1,INITIATED,1789016261580
2179021,2,VALIDATED,1789016261583
2179021,3,PROCESSED,1789016261599
2179022,1,INITIATED,1789016261601
2179022,2,VALIDATED,1789016261603
2179022,3,PROCESSED,1789016261607
2179023,1,INITIATED,1789016261621
2179023,2,VALIDATED,1789016261624
2179023,3,PROCESSED,1789016261627
2179024,1,INITIATED,1789016261641
2179024,2,VALIDATED,1789016261644
2179024,3,PROCESSED,1789016261646
2179025,1,INITIATED,1789016261661
2179025,2,VALIDATED,1789016261664
2179025,3,PROCESSED,1789016261666
2179026,1,INITIATED,1789016261681
2179026,2,VALIDATED,1789016261684
2179026,3,PROCESSED,1789016261686
2179027,1,INITIATED,1789016261701
2179027,2,VALIDATED,1789016261704
2179027,3,PROCESSED,1789016261707
2179028,1,INITIATED,1789016261721
2179028,2,VALIDATED,1789016261725
2179028,3,PROCESSED,1789016261728
2179029,1,INITIATED,1789016261741
2179029,2,VALIDATED,1789016261745
2179029,3,PROCESSED,1789016261748
2179030,1,INITIATED,1789016261761
2179030,2,VALIDATED,1789016261765
2179030,3,PROCESSED,1789016261768
2179031,1,INITIATED,1789016261781
2179031,2,VALIDATED,1789016261784
2179031,3,PROCESSED,1789016261786
2179032,1,INITIATED,1789016261800
2179032,2,VALIDATED,1789016261803
2179032,3,PROCESSED,1789016261806
2179033,1,INITIATED,1789016261820
2179033,2,VALIDATED,1789016261823
2179033,3,REJECTED,1789016261825
2179034,1,INITIATED,1789016261841
2179034,2,VALIDATED,1789016261844
2179034,3,REJECTED,1789016261847
2179035,1,INITIATED,1789016261861
2179035,2,VALIDATED,1789016261864
2179035,3,REJECTED,1789016261866
2179036,1,INITIATED,1789016261881
2179036,2,VALIDATED,1789016261884
2179036,3,REJECTED,1789016261886
2179037,1,INITIATED,1789016261901
2179037,2,VALIDATED,1789016261904
2179037,3,PROCESSED,1789016261908
2179038,1,INITIATED,1789016261921
2179038,2,VALIDATED,1789016261924
2179038,3,PROCESSED,1789016261927
2179039,1,INITIATED,1789016261941
2179039,2,VALIDATED,1789016261944
2179039,3,PROCESSED,1789016261946
2179040,1,INITIATED,1789016261961
2179040,2,VALIDATED,1789016261963
2179040,3,PROCESSED,1789016261966
2179041,1,INITIATED,1789016261981
2179041,2,VALIDATED,1789016262000
2179041,3,PROCESSED,1789016262003
2179042,1,INITIATED,1789016262000
2179042,2,VALIDATED,1789016262002
2179042,3,PROCESSED,1789016262005
2179043,1,INITIATED,1789016262020
2179043,2,VALIDATED,1789016262023
2179043,3,PROCESSED,1789016262026
2179044,1,INITIATED,1789016262041
2179044,2,VALIDATED,1789016262066
2179044,3,PROCESSED,1789016262070
2179045,1,INITIATED,1789016262065
2179045,2,VALIDATED,1789016262069
2179045,3,PROCESSED,1789016262198
2179046,1,INITIATED,1789016262083
2179046,2,VALIDATED,1789016262197
2179046,3,PROCESSED,1789016262203
2179047,1,INITIATED,1789016262195
2179047,2,VALIDATED,1789016262199
2179047,3,PROCESSED,1789016262205
2179048,1,INITIATED,1789016262195
2179048,2,VALIDATED,1789016262198
2179048,3,PROCESSED,1789016262203
2179049,1,INITIATED,1789016262195
2179049,2,VALIDATED,1789016262198
2179049,3,PROCESSED,1789016262204
2179050,1,INITIATED,1789016262195
2179050,2,VALIDATED,1789016262199
2179050,3,PROCESSED,1789016262203
2179051,1,INITIATED,1789016262195
2179051,2,VALIDATED,1789016262198
2179051,3,PROCESSED,1789016262204
2179052,1,INITIATED,1789016262201
2179052,2,VALIDATED,1789016262219
2179052,3,PROCESSED,1789016262223
2179053,1,INITIATED,1789016262222
2179053,2,VALIDATED,1789016262225
2179053,3,PROCESSED,1789016262229
2179054,1,INITIATED,1789016262241
2179054,2,VALIDATED,1789016262247
2179054,3,PROCESSED,1789016262250
2179055,1,INITIATED,1789016262261
2179055,2,VALIDATED,1789016262274
2179055,3,PROCESSED,1789016262277
2179056,1,INITIATED,1789016262281
2179056,2,VALIDATED,1789016262293
2179056,3,PROCESSED,1789016262296
2179057,1,INITIATED,1789016262300
2179057,2,VALIDATED,1789016262313
2179057,3,PROCESSED,1789016262332
2179058,1,INITIATED,1789016262320
2179058,2,VALIDATED,1789016262331
2179058,3,PROCESSED,1789016262350
2179059,1,INITIATED,1789016262342
2179059,2,VALIDATED,1789016262349
2179059,3,PROCESSED,1789016262352
2179060,1,INITIATED,1789016262361
2179060,2,VALIDATED,1789016262363
2179060,3,PROCESSED,1789016262366
2179061,1,INITIATED,1789016262381
2179061,2,VALIDATED,1789016262384
2179061,3,PROCESSED,1789016262386
2179062,1,INITIATED,1789016262401
2179062,2,VALIDATED,1789016262404
2179062,3,PROCESSED,1789016262407
2179063,1,INITIATED,1789016262420
2179063,2,VALIDATED,1789016262423
2179063,3,PROCESSED,1789016262426
2179064,1,INITIATED,1789016262441
2179064,2,VALIDATED,1789016262444
2179064,3,PROCESSED,1789016262447
2179065,1,INITIATED,1789016262461
2179065,2,VALIDATED,1789016262464
2179065,3,PROCESSED,1789016262468
2179066,1,INITIATED,1789016262482
2179066,2,VALIDATED,1789016262485
2179066,3,PROCESSED,1789016262488
2179067,1,INITIATED,1789016262500
2179067,2,VALIDATED,1789016262503
2179067,3,PROCESSED,1789016262506
2179068,1,INITIATED,1789016262520
2179068,2,VALIDATED,1789016262523
2179068,3,PROCESSED,1789016262526
2179069,1,INITIATED,1789016262541
2179069,2,VALIDATED,1789016262544
2179069,3,PROCESSED,1789016262546
2179070,1,INITIATED,1789016262560
2179070,2,VALIDATED,1789016262563
2179070,3,PROCESSED,1789016262566
2179071,1,INITIATED,1789016262581
2179071,2,VALIDATED,1789016262583
2179071,3,PROCESSED,1789016262586
2179072,1,INITIATED,1789016262601
2179072,2,VALIDATED,1789016262604
2179072,3,PROCESSED,1789016262607
2179073,1,INITIATED,1789016262621
2179073,2,VALIDATED,1789016262624
2179073,3,PROCESSED,1789016262626
2179074,1,INITIATED,1789016262641
2179074,2,VALIDATED,1789016262644
2179074,3,PROCESSED,1789016262646
2179075,1,INITIATED,1789016262661
2179075,2,VALIDATED,1789016262664
2179075,3,PROCESSED,1789016262667
2179076,1,INITIATED,1789016262681
2179076,2,VALIDATED,1789016262699
2179076,3,PROCESSED,1789016262703
2179077,1,INITIATED,1789016262701
2179077,2,VALIDATED,1789016262703
2179077,3,PROCESSED,1789016262706
2179078,1,INITIATED,1789016262720
2179078,2,VALIDATED,1789016262724
2179078,3,PROCESSED,1789016262727
2179079,1,INITIATED,1789016262741
2179079,2,VALIDATED,1789016262744
2179079,3,PROCESSED,1789016262747
2179080,1,INITIATED,1789016262761
2179080,2,VALIDATED,1789016262764
2179080,3,PROCESSED,1789016262768
2179081,1,INITIATED,1789016262782
2179081,2,VALIDATED,1789016262786
2179081,3,PROCESSED,1789016262790
2179082,1,INITIATED,1789016262801
2179082,2,VALIDATED,1789016262804
2179082,3,PROCESSED,1789016262807
2179083,1,INITIATED,1789016262820
2179083,2,VALIDATED,1789016262823
2179083,3,PROCESSED,1789016262826
2179084,1,INITIATED,1789016262841
2179084,2,VALIDATED,1789016262845
2179084,3,PROCESSED,1789016262848
2179085,1,INITIATED,1789016262861
2179085,2,VALIDATED,1789016262864
2179085,3,PROCESSED,1789016262868
2179086,1,INITIATED,1789016262882
2179086,2,VALIDATED,1789016262885
2179086,3,PROCESSED,1789016262888
2179087,1,INITIATED,1789016262901
2179087,2,VALIDATED,1789016262904
2179087,3,PROCESSED,1789016262907
2179088,1,INITIATED,1789016262920
2179088,2,VALIDATED,1789016262924
2179088,3,PROCESSED,1789016262927
2179089,1,INITIATED,1789016262941
2179089,2,VALIDATED,1789016262944
2179089,3,PROCESSED,1789016262946
2179090,1,INITIATED,1789016262961
2179090,2,VALIDATED,1789016262964
2179090,3,PROCESSED,1789016262967
2179091,1,INITIATED,1789016262981
2179091,2,VALIDATED,1789016262983
2179091,3,PROCESSED,1789016262987
2179092,1,INITIATED,1789016263000
2179092,2,VALIDATED,1789016263003
2179092,3,PROCESSED,1789016263006
2179093,1,INITIATED,1789016263021
2179093,2,VALIDATED,1789016263024
2179093,3,PROCESSED,1789016263026
2179094,1,INITIATED,1789016263041
2179094,2,VALIDATED,1789016263212
2179094,3,PROCESSED,1789016263231
2179095,1,INITIATED,1789016263211
2179095,2,VALIDATED,1789016263214
2179095,3,PROCESSED,1789016263327
2179096,1,INITIATED,1789016263211
2179096,2,VALIDATED,1789016263215
2179096,3,PROCESSED,1789016263328
2179097,1,INITIATED,1789016263211
2179097,2,VALIDATED,1789016263215
2179097,3,PROCESSED,1789016263328
2179098,1,INITIATED,1789016263211
2179098,2,VALIDATED,1789016263215
2179098,3,PROCESSED,1789016263327
2179099,1,INITIATED,1789016263211
2179099,2,VALIDATED,1789016263214
2179099,3,PROCESSED,1789016263328
2179100,1,INITIATED,1789016263211
2179100,2,VALIDATED,1789016263215
2179100,3,PROCESSED,1789016263327
2179101,1,INITIATED,1789016263211
2179101,2,VALIDATED,1789016263215
2179101,3,PROCESSED,1789016263327
2179102,1,INITIATED,1789016263211
2179102,2,VALIDATED,1789016263214
2179102,3,PROCESSED,1789016263327
2179103,1,INITIATED,1789016263222
2179103,2,VALIDATED,1789016263326
2179103,3,PROCESSED,1789016263331
2179104,1,INITIATED,1789016263241
2179104,2,VALIDATED,1789016263327
2179104,3,PROCESSED,1789016263332
2179105,1,INITIATED,1789016263261
2179105,2,VALIDATED,1789016263326
2179105,3,PROCESSED,1789016263331
2179106,1,INITIATED,1789016263281
2179106,2,VALIDATED,1789016263327
2179106,3,PROCESSED,1789016263332
2179107,1,INITIATED,1789016263301
2179107,2,VALIDATED,1789016263326
2179107,3,PROCESSED,1789016263331
2179108,1,INITIATED,1789016263321
2179108,2,VALIDATED,1789016263327
2179108,3,PROCESSED,1789016263331
2179109,1,INITIATED,1789016263340
2179109,2,VALIDATED,1789016263343
2179109,3,PROCESSED,1789016263346
2179110,1,INITIATED,1789016263360
2179110,2,VALIDATED,1789016263363
2179110,3,PROCESSED,1789016263366
2179111,1,INITIATED,1789016263381
2179111,2,VALIDATED,1789016263385
2179111,3,PROCESSED,1789016263389
2179112,1,INITIATED,1789016263401
2179112,2,VALIDATED,1789016263420
2179112,3,PROCESSED,1789016263424
2179113,1,INITIATED,1789016263421
2179113,2,VALIDATED,1789016263423
2179113,3,PROCESSED,1789016263426
2179114,1,INITIATED,1789016263441
2179114,2,VALIDATED,1789016263445
2179114,3,PROCESSED,1789016263448
2179115,1,INITIATED,1789016263460
2179115,2,VALIDATED,1789016263463
2179115,3,PROCESSED,1789016263466
2179116,1,INITIATED,1789016263480
2179116,2,VALIDATED,1789016263483
2179116,3,PROCESSED,1789016263486
2179117,1,INITIATED,1789016263502
2179117,2,VALIDATED,1789016263508
2179117,3,PROCESSED,1789016263514
2179118,1,INITIATED,1789016263522
2179118,2,VALIDATED,1789016263525
2179118,3,PROCESSED,1789016263529
2179119,1,INITIATED,1789016263542
2179119,2,VALIDATED,1789016263545
2179119,3,PROCESSED,1789016263549
2179120,1,INITIATED,1789016263561
2179120,2,VALIDATED,1789016263564
2179120,3,PROCESSED,1789016263567
2179121,1,INITIATED,1789016263580
2179121,2,VALIDATED,1789016263583
2179121,3,PROCESSED,1789016263587
2179122,1,INITIATED,1789016263601
2179122,2,VALIDATED,1789016263604
2179122,3,PROCESSED,1789016263621
2179123,1,INITIATED,1789016263620
2179123,2,VALIDATED,1789016263622
2179123,3,PROCESSED,1789016263625
2179124,1,INITIATED,1789016263641
2179124,2,VALIDATED,1789016263644
2179124,3,PROCESSED,1789016263647
2179125,1,INITIATED,1789016263661
2179125,2,VALIDATED,1789016263664
2179125,3,PROCESSED,1789016263667
2179126,1,INITIATED,1789016263681
2179126,2,VALIDATED,1789016263684
2179126,3,PROCESSED,1789016263687
2179127,1,INITIATED,1789016263700
2179127,2,VALIDATED,1789016263703
2179127,3,PROCESSED,1789016263706
2179128,1,INITIATED,1789016263721
2179128,2,VALIDATED,1789016263724
2179128,3,PROCESSED,1789016263727
2179129,1,INITIATED,1789016263741
2179129,2,VALIDATED,1789016263759
2179129,3,PROCESSED,1789016263762
2179130,1,INITIATED,1789016263761
2179130,2,VALIDATED,1789016263763
2179130,3,PROCESSED,1789016263766
2179131,1,INITIATED,1789016263781
2179131,2,VALIDATED,1789016263784
2179131,3,PROCESSED,1789016263787
2179132,1,INITIATED,1789016263800
2179132,2,VALIDATED,1789016263804
2179132,3,PROCESSED,1789016263808
2179133,1,INITIATED,1789016263821
2179133,2,VALIDATED,1789016263825
2179133,3,REJECTED,1789016263827
2179134,1,INITIATED,1789016263841
2179134,2,VALIDATED,1789016263845
2179134,3,REJECTED,1789016263847
2179135,1,INITIATED,1789016263862
2179135,2,VALIDATED,1789016263866
2179135,3,REJECTED,1789016263868
2179136,1,INITIATED,1789016263882
2179136,2,VALIDATED,1789016263899
2179136,3,REJECTED,1789016263902
2179137,1,INITIATED,1789016263901
2179137,2,VALIDATED,1789016263903
2179137,3,PROCESSED,1789016263907
2179138,1,INITIATED,1789016263921
2179138,2,VALIDATED,1789016263926
2179138,3,PROCESSED,1789016263930
2179139,1,INITIATED,1789016263942
2179139,2,VALIDATED,1789016263945
2179139,3,PROCESSED,1789016263948
2179140,1,INITIATED,1789016263962
2179140,2,VALIDATED,1789016263965
2179140,3,PROCESSED,1789016263970
2179141,1,INITIATED,1789016263981
2179141,2,VALIDATED,1789016263985
2179141,3,PROCESSED,1789016263988
2179142,1,INITIATED,1789016264001
2179142,2,VALIDATED,1789016264005
2179142,3,PROCESSED,1789016264008
2179143,1,INITIATED,1789016264021
2179143,2,VALIDATED,1789016264024
2179143,3,PROCESSED,1789016264027
2179144,1,INITIATED,1789016264041
2179144,2,VALIDATED,1789016264387
2179144,3,PROCESSED,1789016264396
2179145,1,INITIATED,1789016264092
2179145,2,VALIDATED,1789016264387
2179145,3,PROCESSED,1789016264396
2179146,1,INITIATED,1789016264092
2179146,2,VALIDATED,1789016264386
2179146,3,PROCESSED,1789016264396
2179147,1,INITIATED,1789016264388
2179147,2,VALIDATED,1789016264395
2179147,3,PROCESSED,1789016264476
2179148,1,INITIATED,1789016264387
2179148,2,VALIDATED,1789016264394
2179148,3,PROCESSED,1789016264477
2179149,1,INITIATED,1789016264388
2179149,2,VALIDATED,1789016264395
2179149,3,PROCESSED,1789016264475
2179150,1,INITIATED,1789016264385
2179150,2,VALIDATED,1789016264395
2179150,3,PROCESSED,1789016264476
2179151,1,INITIATED,1789016264386
2179151,2,VALIDATED,1789016264392
2179151,3,PROCESSED,1789016264476
2179152,1,INITIATED,1789016264387
2179152,2,VALIDATED,1789016264394
2179152,3,PROCESSED,1789016264476
2179153,1,INITIATED,1789016264388
2179153,2,VALIDATED,1789016264394
2179153,3,PROCESSED,1789016264476
2179154,1,INITIATED,1789016264387
2179154,2,VALIDATED,1789016264394
2179154,3,PROCESSED,1789016264476
2179155,1,INITIATED,1789016264388
2179155,2,VALIDATED,1789016264393
2179155,3,PROCESSED,1789016264477
2179156,1,INITIATED,1789016264386
2179156,2,VALIDATED,1789016264392
2179156,3,PROCESSED,1789016264476
2179157,1,INITIATED,1789016264385
2179157,2,VALIDATED,1789016264392
2179157,3,PROCESSED,1789016264476
2179158,1,INITIATED,1789016264388
2179158,2,VALIDATED,1789016264394
2179158,3,PROCESSED,1789016264475
2179159,1,INITIATED,1789016264388
2179159,2,VALIDATED,1789016264394
2179159,3,PROCESSED,1789016264476
2179160,1,INITIATED,1789016264387
2179160,2,VALIDATED,1789016264394
2179160,3,PROCESSED,1789016264476
2179161,1,INITIATED,1789016264385
2179161,2,VALIDATED,1789016264392
2179161,3,PROCESSED,1789016264412
2179162,1,INITIATED,1789016264402
2179162,2,VALIDATED,1789016264474
2179162,3,PROCESSED,1789016264491
2179163,1,INITIATED,1789016264421
2179163,2,VALIDATED,1789016264474
2179163,3,PROCESSED,1789016264491
2179164,1,INITIATED,1789016264442
2179164,2,VALIDATED,1789016264474
2179164,3,PROCESSED,1789016264491
2179165,1,INITIATED,1789016264465
2179165,2,VALIDATED,1789016264473
2179165,3,PROCESSED,1789016264491
2179166,1,INITIATED,1789016264481
2179166,2,VALIDATED,1789016264490
2179166,3,PROCESSED,1789016264495
2179167,1,INITIATED,1789016264501
2179167,2,VALIDATED,1789016264503
2179167,3,PROCESSED,1789016264507
2179168,1,INITIATED,1789016264521
2179168,2,VALIDATED,1789016264525
2179168,3,PROCESSED,1789016264529
2179169,1,INITIATED,1789016264541
2179169,2,VALIDATED,1789016264545
2179169,3,PROCESSED,1789016264549
2179170,1,INITIATED,1789016264561
2179170,2,VALIDATED,1789016264564
2179170,3,PROCESSED,1789016264569
2179171,1,INITIATED,1789016264581
2179171,2,VALIDATED,1789016264585
2179171,3,PROCESSED,1789016264589
2179172,1,INITIATED,1789016264601
2179172,2,VALIDATED,1789016264604
2179172,3,PROCESSED,1789016264608
2179173,1,INITIATED,1789016264621
2179173,2,VALIDATED,1789016264624
2179173,3,PROCESSED,1789016264628
2179174,1,INITIATED,1789016264641
2179174,2,VALIDATED,1789016264644
2179174,3,PROCESSED,1789016264664
2179175,1,INITIATED,1789016264661
2179175,2,VALIDATED,1789016264664
2179175,3,PROCESSED,1789016264668
2179176,1,INITIATED,1789016264681
2179176,2,VALIDATED,1789016264685
2179176,3,PROCESSED,1789016264689
2179177,1,INITIATED,1789016264701
2179177,2,VALIDATED,1789016264704
2179177,3,PROCESSED,1789016264708
2179178,1,INITIATED,1789016264720
2179178,2,VALIDATED,1789016264725
2179178,3,PROCESSED,1789016264729
2179179,1,INITIATED,1789016264741
2179179,2,VALIDATED,1789016264744
2179179,3,PROCESSED,1789016264748
2179180,1,INITIATED,1789016264762
2179180,2,VALIDATED,1789016264766
2179180,3,PROCESSED,1789016264770
2179181,1,INITIATED,1789016264781
2179181,2,VALIDATED,1789016264785
2179181,3,PROCESSED,1789016264788
2179182,1,INITIATED,1789016264801
2179182,2,VALIDATED,1789016264804
2179182,3,PROCESSED,1789016264808
2179183,1,INITIATED,1789016264821
2179183,2,VALIDATED,1789016264825
2179183,3,PROCESSED,1789016264828
2179184,1,INITIATED,1789016264841
2179184,2,VALIDATED,1789016264845
2179184,3,PROCESSED,1789016264847
2179185,1,INITIATED,1789016264864
2179185,2,VALIDATED,1789016264868
2179185,3,PROCESSED,1789016264873
2179186,1,INITIATED,1789016264882
2179186,2,VALIDATED,1789016264886
2179186,3,PROCESSED,1789016264891
2179187,1,INITIATED,1789016264901
2179187,2,VALIDATED,1789016264905
2179187,3,PROCESSED,1789016264924
2179188,1,INITIATED,1789016264921
2179188,2,VALIDATED,1789016264924
2179188,3,PROCESSED,1789016264928
2179189,1,INITIATED,1789016264941
2179189,2,VALIDATED,1789016264945
2179189,3,PROCESSED,1789016264948
2179190,1,INITIATED,1789016264961
2179190,2,VALIDATED,1789016264964
2179190,3,PROCESSED,1789016264968
2179191,1,INITIATED,1789016264981
2179191,2,VALIDATED,1789016264985
2179191,3,PROCESSED,1789016264990
2179192,1,INITIATED,1789016265001
2179192,2,VALIDATED,1789016265004
2179192,3,PROCESSED,1789016265007
2179193,1,INITIATED,1789016265021
2179193,2,VALIDATED,1789016265024
2179193,3,PROCESSED,1789016265027
2179194,1,INITIATED,1789016265041
2179194,2,VALIDATED,1789016265044
2179194,3,PROCESSED,1789016265095
2179195,1,INITIATED,1789016265092
2179195,2,VALIDATED,1789016265095
2179195,3,PROCESSED,1789016265101
2179196,1,INITIATED,1789016265092
2179196,2,VALIDATED,1789016265096
2179196,3,PROCESSED,1789016265101
2179197,1,INITIATED,1789016265101
2179197,2,VALIDATED,1789016265105
2179197,3,PROCESSED,1789016265125
2179198,1,INITIATED,1789016265122
2179198,2,VALIDATED,1789016265125
2179198,3,PROCESSED,1789016265129
2179199,1,INITIATED,1789016265141
2179199,2,VALIDATED,1789016265144
2179199,3,PROCESSED,1789016265148
2179200,1,INITIATED,1789016265161
2179200,2,VALIDATED,1789016265165
2179200,3,PROCESSED,1789016265169
2179201,1,INITIATED,1789016265181
2179201,2,VALIDATED,1789016265185
2179201,3,PROCESSED,1789016265190
2179202,1,INITIATED,1789016265201
2179202,2,VALIDATED,1789016265204
2179202,3,PROCESSED,1789016265208
2179203,1,INITIATED,1789016265221
2179203,2,VALIDATED,1789016265224
2179203,3,PROCESSED,1789016265228
2179204,1,INITIATED,1789016265241
2179204,2,VALIDATED,1789016265243
2179204,3,PROCESSED,1789016265246
2179205,1,INITIATED,1789016265260
2179205,2,VALIDATED,1789016265263
2179205,3,PROCESSED,1789016265267
2179206,1,INITIATED,1789016265281
2179206,2,VALIDATED,1789016265284
2179206,3,PROCESSED,1789016265287
2179207,1,INITIATED,1789016265301
2179207,2,VALIDATED,1789016265304
2179207,3,PROCESSED,1789016265307
2179208,1,INITIATED,1789016265321
2179208,2,VALIDATED,1789016265324
2179208,3,PROCESSED,1789016265328
2179209,1,INITIATED,1789016265341
2179209,2,VALIDATED,1789016265345
2179209,3,PROCESSED,1789016265349
2179210,1,INITIATED,1789016265361
2179210,2,VALIDATED,1789016265364
2179210,3,PROCESSED,1789016265367
2179211,1,INITIATED,1789016265380
2179211,2,VALIDATED,1789016265384
2179211,3,PROCESSED,1789016265387
2179212,1,INITIATED,1789016265400
2179212,2,VALIDATED,1789016265404
2179212,3,PROCESSED,1789016265407
2179213,1,INITIATED,1789016265421
2179213,2,VALIDATED,1789016265424
2179213,3,PROCESSED,1789016265428
2179214,1,INITIATED,1789016265441
2179214,2,VALIDATED,1789016265445
2179214,3,PROCESSED,1789016265448
2179215,1,INITIATED,1789016265461
2179215,2,VALIDATED,1789016265465
2179215,3,PROCESSED,1789016265469
2179216,1,INITIATED,1789016265481
2179216,2,VALIDATED,1789016265485
2179216,3,PROCESSED,1789016265489
2179217,1,INITIATED,1789016265501
2179217,2,VALIDATED,1789016265505
2179217,3,PROCESSED,1789016265509
2179218,1,INITIATED,1789016265522
2179218,2,VALIDATED,1789016265525
2179218,3,PROCESSED,1789016265529
2179219,1,INITIATED,1789016265541
2179219,2,VALIDATED,1789016265545
2179219,3,PROCESSED,1789016265548
2179220,1,INITIATED,1789016265561
2179220,2,VALIDATED,1789016265565
2179220,3,PROCESSED,1789016265568
2179221,1,INITIATED,1789016265581
2179221,2,VALIDATED,1789016265584
2179221,3,PROCESSED,1789016265588
2179222,1,INITIATED,1789016265600
2179222,2,VALIDATED,1789016265605
2179222,3,PROCESSED,1789016265609
2179223,1,INITIATED,1789016265621
2179223,2,VALIDATED,1789016265625
2179223,3,PROCESSED,1789016265628
2179224,1,INITIATED,1789016265641
2179224,2,VALIDATED,1789016265645
2179224,3,PROCESSED,1789016265649
2179225,1,INITIATED,1789016265661
2179225,2,VALIDATED,1789016265664
2179225,3,PROCESSED,1789016265669
2179226,1,INITIATED,1789016265681
2179226,2,VALIDATED,1789016265684
2179226,3,PROCESSED,1789016265688
2179227,1,INITIATED,1789016265701
2179227,2,VALIDATED,1789016265704
2179227,3,PROCESSED,1789016265708
2179228,1,INITIATED,1789016265721
2179228,2,VALIDATED,1789016265725
2179228,3,PROCESSED,1789016265729
2179229,1,INITIATED,1789016265741
2179229,2,VALIDATED,1789016265744
2179229,3,PROCESSED,1789016265749
2179230,1,INITIATED,1789016265761
2179230,2,VALIDATED,1789016265765
2179230,3,PROCESSED,1789016265770
2179231,1,INITIATED,1789016265782
2179231,2,VALIDATED,1789016265786
2179231,3,PROCESSED,1789016265792
2179232,1,INITIATED,1789016265801
2179232,2,VALIDATED,1789016265804
2179232,3,PROCESSED,1789016265809
2179233,1,INITIATED,1789016265821
2179233,2,VALIDATED,1789016265824
2179233,3,REJECTED,1789016265827
2179234,1,INITIATED,1789016265841
2179234,2,VALIDATED,1789016265844
2179234,3,REJECTED,1789016265862
2179235,1,INITIATED,1789016265861
2179235,2,VALIDATED,1789016265864
2179235,3,REJECTED,1789016265866
2179236,1,INITIATED,1789016265881
2179236,2,VALIDATED,1789016265885
2179236,3,REJECTED,1789016265888
2179237,1,INITIATED,1789016265901
2179237,2,VALIDATED,1789016265905
2179237,3,PROCESSED,1789016265908
2179238,1,INITIATED,1789016265921
2179238,2,VALIDATED,1789016265924
2179238,3,PROCESSED,1789016265927
2179239,1,INITIATED,1789016265941
2179239,2,VALIDATED,1789016265945
2179239,3,PROCESSED,1789016265950
2179240,1,INITIATED,1789016265961
2179240,2,VALIDATED,1789016265965
2179240,3,PROCESSED,1789016265969
2179241,1,INITIATED,1789016265981
2179241,2,VALIDATED,1789016265984
2179241,3,PROCESSED,1789016265988
2179242,1,INITIATED,1789016266001
2179242,2,VALIDATED,1789016266004
2179242,3,PROCESSED,1789016266008
2179243,1,INITIATED,1789016266022
2179243,2,VALIDATED,1789016266026
2179243,3,PROCESSED,1789016266029
2179244,1,INITIATED,1789016266287
2179244,2,VALIDATED,1789016266332
2179244,3,PROCESSED,1789016266413
2179245,1,INITIATED,1789016266288
2179245,2,VALIDATED,1789016266332
2179245,3,PROCESSED,1789016266414
2179246,1,INITIATED,1789016266287
2179246,2,VALIDATED,1789016266333
2179246,3,PROCESSED,1789016266413
2179247,1,INITIATED,1789016266288
2179247,2,VALIDATED,1789016266334
2179247,3,PROCESSED,1789016266413
2179248,1,INITIATED,1789016266288
2179248,2,VALIDATED,1789016266332
2179248,3,PROCESSED,1789016266413
2179249,1,INITIATED,1789016266288
2179249,2,VALIDATED,1789016266334
2179249,3,PROCESSED,1789016266413
2179250,1,INITIATED,1789016266288
2179250,2,VALIDATED,1789016266334
2179250,3,PROCESSED,1789016266413
2179251,1,INITIATED,1789016266288
2179251,2,VALIDATED,1789016266333
2179251,3,PROCESSED,1789016266414
2179252,1,INITIATED,1789016266288
2179252,2,VALIDATED,1789016266334
2179252,3,PROCESSED,1789016266414
2179253,1,INITIATED,1789016266287
2179253,2,VALIDATED,1789016266333
2179253,3,PROCESSED,1789016266414
2179254,1,INITIATED,1789016266287
2179254,2,VALIDATED,1789016266333
2179254,3,PROCESSED,1789016266414
2179255,1,INITIATED,1789016266287
2179255,2,VALIDATED,1789016266333
2179255,3,PROCESSED,1789016266414
2179256,1,INITIATED,1789016266287
2179256,2,VALIDATED,1789016266333
2179256,3,PROCESSED,1789016266413
2179257,1,INITIATED,1789016266302
2179257,2,VALIDATED,1789016266409
2179257,3,PROCESSED,1789016266425
2179258,1,INITIATED,1789016266332
2179258,2,VALIDATED,1789016266411
2179258,3,PROCESSED,1789016266425
2179259,1,INITIATED,1789016266341
2179259,2,VALIDATED,1789016266411
2179259,3,PROCESSED,1789016266425
2179260,1,INITIATED,1789016266361
2179260,2,VALIDATED,1789016266412
2179260,3,PROCESSED,1789016266425
2179261,1,INITIATED,1789016266382
2179261,2,VALIDATED,1789016266411
2179261,3,PROCESSED,1789016266425
2179262,1,INITIATED,1789016266401
2179262,2,VALIDATED,1789016266411
2179262,3,PROCESSED,1789016266425
2179263,1,INITIATED,1789016266421
2179263,2,VALIDATED,1789016266424
2179263,3,PROCESSED,1789016266429
2179264,1,INITIATED,1789016266441
2179264,2,VALIDATED,1789016266445
2179264,3,PROCESSED,1789016266448
2179265,1,INITIATED,1789016266460
2179265,2,VALIDATED,1789016266463
2179265,3,PROCESSED,1789016266466
2179266,1,INITIATED,1789016266481
2179266,2,VALIDATED,1789016266483
2179266,3,PROCESSED,1789016266486
2179267,1,INITIATED,1789016266501
2179267,2,VALIDATED,1789016266505
2179267,3,PROCESSED,1789016266509
2179268,1,INITIATED,1789016266521
2179268,2,VALIDATED,1789016266525
2179268,3,PROCESSED,1789016266529
2179269,1,INITIATED,1789016266541
2179269,2,VALIDATED,1789016266545
2179269,3,PROCESSED,1789016266548
2179270,1,INITIATED,1789016266561
2179270,2,VALIDATED,1789016266564
2179270,3,PROCESSED,1789016266568
2179271,1,INITIATED,1789016266581
2179271,2,VALIDATED,1789016266585
2179271,3,PROCESSED,1789016266588
2179272,1,INITIATED,1789016266601
2179272,2,VALIDATED,1789016266604
2179272,3,PROCESSED,1789016266609
2179273,1,INITIATED,1789016266621
2179273,2,VALIDATED,1789016266625
2179273,3,PROCESSED,1789016266629
2179274,1,INITIATED,1789016266641
2179274,2,VALIDATED,1789016266645
2179274,3,PROCESSED,1789016266649
2179275,1,INITIATED,1789016266661
2179275,2,VALIDATED,1789016266665
2179275,3,PROCESSED,1789016266672
2179276,1,INITIATED,1789016266681
2179276,2,VALIDATED,1789016266685
2179276,3,PROCESSED,1789016266690
2179277,1,INITIATED,1789016266701
2179277,2,VALIDATED,1789016266705
2179277,3,PROCESSED,1789016266710
2179278,1,INITIATED,1789016266721
2179278,2,VALIDATED,1789016266726
2179278,3,PROCESSED,1789016266731
2179279,1,INITIATED,1789016266742
2179279,2,VALIDATED,1789016266746
2179279,3,PROCESSED,1789016266750
2179280,1,INITIATED,1789016266762
2179280,2,VALIDATED,1789016266765
2179280,3,PROCESSED,1789016266769
2179281,1,INITIATED,1789016266782
2179281,2,VALIDATED,1789016266787
2179281,3,PROCESSED,1789016266793
2179282,1,INITIATED,1789016266802
2179282,2,VALIDATED,1789016266806
2179282,3,PROCESSED,1789016266811
2179283,1,INITIATED,1789016266822
2179283,2,VALIDATED,1789016266826
2179283,3,PROCESSED,1789016266831
2179284,1,INITIATED,1789016266841
2179284,2,VALIDATED,1789016266848
2179284,3,PROCESSED,1789016266853
2179285,1,INITIATED,1789016266862
2179285,2,VALIDATED,1789016266866
2179285,3,PROCESSED,1789016266871
2179286,1,INITIATED,1789016266881
2179286,2,VALIDATED,1789016266885
2179286,3,PROCESSED,1789016266890
2179287,1,INITIATED,1789016266902
2179287,2,VALIDATED,1789016266906
2179287,3,PROCESSED,1789016266912
2179288,1,INITIATED,1789016266922
2179288,2,VALIDATED,1789016266926
2179288,3,PROCESSED,1789016266930
2179289,1,INITIATED,1789016266941
2179289,2,VALIDATED,1789016266945
2179289,3,PROCESSED,1789016266950
2179290,1,INITIATED,1789016266961
2179290,2,VALIDATED,1789016266965
2179290,3,PROCESSED,1789016266971
2179291,1,INITIATED,1789016266981
2179291,2,VALIDATED,1789016266986
2179291,3,PROCESSED,1789016266992
2179292,1,INITIATED,1789016267001
2179292,2,VALIDATED,1789016267006
2179292,3,PROCESSED,1789016267011
2179293,1,INITIATED,1789016267022
2179293,2,VALIDATED,1789016267025
2179293,3,PROCESSED,1789016267031
2179294,1,INITIATED,1789016267041
2179294,2,VALIDATED,1789016267287
2179294,3,PROCESSED,1789016267295
2179295,1,INITIATED,1789016267287
2179295,2,VALIDATED,1789016267293
2179295,3,PROCESSED,1789016267313
2179296,1,INITIATED,1789016267285
2179296,2,VALIDATED,1789016267292
2179296,3,PROCESSED,1789016267299
2179297,1,INITIATED,1789016267286
2179297,2,VALIDATED,1789016267293
2179297,3,PROCESSED,1789016267312
2179298,1,INITIATED,1789016267286
2179298,2,VALIDATED,1789016267292
2179298,3,PROCESSED,1789016267299
2179299,1,INITIATED,1789016267286
2179299,2,VALIDATED,1789016267291
2179299,3,PROCESSED,1789016267299
2179300,1,INITIATED,1789016267286
2179300,2,VALIDATED,1789016267293
2179300,3,PROCESSED,1789016267312
2179301,1,INITIATED,1789016267286
2179301,2,VALIDATED,1789016267291
2179301,3,PROCESSED,1789016267299
2179302,1,INITIATED,1789016267286
2179302,2,VALIDATED,1789016267291
2179302,3,PROCESSED,1789016267299
2179303,1,INITIATED,1789016267286
2179303,2,VALIDATED,1789016267292
2179303,3,PROCESSED,1789016267299
2179304,1,INITIATED,1789016267287
2179304,2,VALIDATED,1789016267292
2179304,3,PROCESSED,1789016267312
2179305,1,INITIATED,1789016267286
2179305,2,VALIDATED,1789016267291
2179305,3,PROCESSED,1789016267299
2179306,1,INITIATED,1789016267285
2179306,2,VALIDATED,1789016267292
2179306,3,PROCESSED,1789016267299
2179307,1,INITIATED,1789016267302
2179307,2,VALIDATED,1789016267325
2179307,3,PROCESSED,1789016267393
2179308,1,INITIATED,1789016267322
2179308,2,VALIDATED,1789016267391
2179308,3,PROCESSED,1789016267395
2179309,1,INITIATED,1789016267341
2179309,2,VALIDATED,1789016267391
2179309,3,PROCESSED,1789016267395
2179310,1,INITIATED,1789016267362
2179310,2,VALIDATED,1789016267391
2179310,3,PROCESSED,1789016267395
2179311,1,INITIATED,1789016267382
2179311,2,VALIDATED,1789016267391
2179311,3,PROCESSED,1789016267396
2179312,1,INITIATED,1789016267401
2179312,2,VALIDATED,1789016267404
2179312,3,PROCESSED,1789016267407
2179313,1,INITIATED,1789016267421
2179313,2,VALIDATED,1789016267425
2179313,3,PROCESSED,1789016267429
2179314,1,INITIATED,1789016267441
2179314,2,VALIDATED,1789016267445
2179314,3,PROCESSED,1789016267448
2179315,1,INITIATED,1789016267461
2179315,2,VALIDATED,1789016267465
2179315,3,PROCESSED,1789016267470
2179316,1,INITIATED,1789016267482
2179316,2,VALIDATED,1789016267486
2179316,3,PROCESSED,1789016267491
2179317,1,INITIATED,1789016267501
2179317,2,VALIDATED,1789016267504
2179317,3,PROCESSED,1789016267508
2179318,1,INITIATED,1789016267521
2179318,2,VALIDATED,1789016267525
2179318,3,PROCESSED,1789016267529
2179319,1,INITIATED,1789016267541
2179319,2,VALIDATED,1789016267545
2179319,3,PROCESSED,1789016267549
2179320,1,INITIATED,1789016267561
2179320,2,VALIDATED,1789016267565
2179320,3,PROCESSED,1789016267570
2179321,1,INITIATED,1789016267581
2179321,2,VALIDATED,1789016267591
2179321,3,PROCESSED,1789016267596
2179322,1,INITIATED,1789016267601
2179322,2,VALIDATED,1789016267613
2179322,3,PROCESSED,1789016267617
2179323,1,INITIATED,1789016267621
2179323,2,VALIDATED,1789016267624
2179323,3,PROCESSED,1789016267639
2179324,1,INITIATED,1789016267641
2179324,2,VALIDATED,1789016267654
2179324,3,PROCESSED,1789016267671
2179325,1,INITIATED,1789016267661
2179325,2,VALIDATED,1789016267669
2179325,3,PROCESSED,1789016267674
2179326,1,INITIATED,1789016267681
2179326,2,VALIDATED,1789016267684
2179326,3,PROCESSED,1789016267687
2179327,1,INITIATED,1789016267700
2179327,2,VALIDATED,1789016267703
2179327,3,PROCESSED,1789016267707
2179328,1,INITIATED,1789016267721
2179328,2,VALIDATED,1789016267725
2179328,3,PROCESSED,1789016267729
2179329,1,INITIATED,1789016267741
2179329,2,VALIDATED,1789016267745
2179329,3,PROCESSED,1789016267748
2179330,1,INITIATED,1789016267761
2179330,2,VALIDATED,1789016267764
2179330,3,PROCESSED,1789016267767
2179331,1,INITIATED,1789016267780
2179331,2,VALIDATED,1789016267784
2179331,3,PROCESSED,1789016267801
2179332,1,INITIATED,1789016267800
2179332,2,VALIDATED,1789016267803
2179332,3,PROCESSED,1789016267806
2179333,1,INITIATED,1789016267821
2179333,2,VALIDATED,1789016267824
2179333,3,REJECTED,1789016267827
2179334,1,INITIATED,1789016267841
2179334,2,VALIDATED,1789016267844
2179334,3,REJECTED,1789016267846
2179335,1,INITIATED,1789016267863
2179335,2,VALIDATED,1789016267867
2179335,3,REJECTED,1789016267869
2179336,1,INITIATED,1789016267882
2179336,2,VALIDATED,1789016267886
2179336,3,REJECTED,1789016267889
2179337,1,INITIATED,1789016267901
2179337,2,VALIDATED,1789016267904
2179337,3,PROCESSED,1789016267907
2179338,1,INITIATED,1789016267921
2179338,2,VALIDATED,1789016267925
2179338,3,PROCESSED,1789016267928
2179339,1,INITIATED,1789016267941
2179339,2,VALIDATED,1789016267944
2179339,3,PROCESSED,1789016267946
2179340,1,INITIATED,1789016267961
2179340,2,VALIDATED,1789016267964
2179340,3,PROCESSED,1789016267967
2179341,1,INITIATED,1789016267981
2179341,2,VALIDATED,1789016267984
2179341,3,PROCESSED,1789016267988
2179342,1,INITIATED,1789016268001
2179342,2,VALIDATED,1789016268003
2179342,3,PROCESSED,1789016268006
2179343,1,INITIATED,1789016268021
2179343,2,VALIDATED,1789016268024
2179343,3,PROCESSED,1789016268028
2179344,1,INITIATED,1789016268047
2179344,2,VALIDATED,1789016268225
2179344,3,PROCESSED,1789016268245
2179345,1,INITIATED,1789016268076
2179345,2,VALIDATED,1789016268225
2179345,3,PROCESSED,1789016268245
2179346,1,INITIATED,1789016268226
2179346,2,VALIDATED,1789016268243
2179346,3,PROCESSED,1789016268262
2179347,1,INITIATED,1789016268226
2179347,2,VALIDATED,1789016268243
2179347,3,PROCESSED,1789016268263
2179348,1,INITIATED,1789016268225
2179348,2,VALIDATED,1789016268243
2179348,3,PROCESSED,1789016268263
2179349,1,INITIATED,1789016268226
2179349,2,VALIDATED,1789016268243
2179349,3,PROCESSED,1789016268262
2179350,1,INITIATED,1789016268225
2179350,2,VALIDATED,1789016268244
2179350,3,PROCESSED,1789016268273
2179351,1,INITIATED,1789016268225
2179351,2,VALIDATED,1789016268243
2179351,3,PROCESSED,1789016268263
2179352,1,INITIATED,1789016268226
2179352,2,VALIDATED,1789016268243
2179352,3,PROCESSED,1789016268263
2179353,1,INITIATED,1789016268225
2179353,2,VALIDATED,1789016268243
2179353,3,PROCESSED,1789016268262
2179354,1,INITIATED,1789016268242
2179354,2,VALIDATED,1789016268260
2179354,3,PROCESSED,1789016268264
2179355,1,INITIATED,1789016268261
2179355,2,VALIDATED,1789016268316
2179355,3,PROCESSED,1789016268359
2179356,1,INITIATED,1789016268281
2179356,2,VALIDATED,1789016268358
2179356,3,PROCESSED,1789016268361
2179357,1,INITIATED,1789016268301
2179357,2,VALIDATED,1789016268358
2179357,3,PROCESSED,1789016268376
2179358,1,INITIATED,1789016268321
2179358,2,VALIDATED,1789016268358
2179358,3,PROCESSED,1789016268361
2179359,1,INITIATED,1789016268341
2179359,2,VALIDATED,1789016268358
2179359,3,PROCESSED,1789016268361
2179360,1,INITIATED,1789016268360
2179360,2,VALIDATED,1789016268375
2179360,3,PROCESSED,1789016268379
2179361,1,INITIATED,1789016268381
2179361,2,VALIDATED,1789016268383
2179361,3,PROCESSED,1789016268386
2179362,1,INITIATED,1789016268401
2179362,2,VALIDATED,1789016268404
2179362,3,PROCESSED,1789016268408
2179363,1,INITIATED,1789016268421
2179363,2,VALIDATED,1789016268424
2179363,3,PROCESSED,1789016268428
2179364,1,INITIATED,1789016268441
2179364,2,VALIDATED,1789016268445
2179364,3,PROCESSED,1789016268449
2179365,1,INITIATED,1789016268461
2179365,2,VALIDATED,1789016268465
2179365,3,PROCESSED,1789016268468
2179366,1,INITIATED,1789016268481
2179366,2,VALIDATED,1789016268486
2179366,3,PROCESSED,1789016268491
2179367,1,INITIATED,1789016268501
2179367,2,VALIDATED,1789016268504
2179367,3,PROCESSED,1789016268509
2179368,1,INITIATED,1789016268521
2179368,2,VALIDATED,1789016268525
2179368,3,PROCESSED,1789016268528
2179369,1,INITIATED,1789016268542
2179369,2,VALIDATED,1789016268544
2179369,3,PROCESSED,1789016268548
2179370,1,INITIATED,1789016268561
2179370,2,VALIDATED,1789016268564
2179370,3,PROCESSED,1789016268567
2179371,1,INITIATED,1789016268581
2179371,2,VALIDATED,1789016268584
2179371,3,PROCESSED,1789016268588
2179372,1,INITIATED,1789016268601
2179372,2,VALIDATED,1789016268604
2179372,3,PROCESSED,1789016268608
2179373,1,INITIATED,1789016268621
2179373,2,VALIDATED,1789016268625
2179373,3,PROCESSED,1789016268629
2179374,1,INITIATED,1789016268642
2179374,2,VALIDATED,1789016268645
2179374,3,PROCESSED,1789016268649
2179375,1,INITIATED,1789016268661
2179375,2,VALIDATED,1789016268666
2179375,3,PROCESSED,1789016268670
2179376,1,INITIATED,1789016268681
2179376,2,VALIDATED,1789016268685
2179376,3,PROCESSED,1789016268688
2179377,1,INITIATED,1789016268701
2179377,2,VALIDATED,1789016268705
2179377,3,PROCESSED,1789016268708
2179378,1,INITIATED,1789016268721
2179378,2,VALIDATED,1789016268724
2179378,3,PROCESSED,1789016268742
2179379,1,INITIATED,1789016268740
2179379,2,VALIDATED,1789016268743
2179379,3,PROCESSED,1789016268745
2179380,1,INITIATED,1789016268761
2179380,2,VALIDATED,1789016268764
2179380,3,PROCESSED,1789016268767
2179381,1,INITIATED,1789016268782
2179381,2,VALIDATED,1789016268786
2179381,3,PROCESSED,1789016268790
2179382,1,INITIATED,1789016268801
2179382,2,VALIDATED,1789016268804
2179382,3,PROCESSED,1789016268808
2179383,1,INITIATED,1789016268821
2179383,2,VALIDATED,1789016268825
2179383,3,PROCESSED,1789016268828
2179384,1,INITIATED,1789016268841
2179384,2,VALIDATED,1789016268844
2179384,3,PROCESSED,1789016268847
2179385,1,INITIATED,1789016268862
2179385,2,VALIDATED,1789016268866
2179385,3,PROCESSED,1789016268870
2179386,1,INITIATED,1789016268881
2179386,2,VALIDATED,1789016268884
2179386,3,PROCESSED,1789016268887
2179387,1,INITIATED,1789016268901
2179387,2,VALIDATED,1789016268905
2179387,3,PROCESSED,1789016268909
2179388,1,INITIATED,1789016268920
2179388,2,VALIDATED,1789016268924
2179388,3,PROCESSED,1789016268926
2179389,1,INITIATED,1789016268941
2179389,2,VALIDATED,1789016268944
2179389,3,PROCESSED,1789016268947
2179390,1,INITIATED,1789016268961
2179390,2,VALIDATED,1789016268963
2179390,3,PROCESSED,1789016268966
2179391,1,INITIATED,1789016268981
2179391,2,VALIDATED,1789016268985
2179391,3,PROCESSED,1789016268989
2179392,1,INITIATED,1789016269001
2179392,2,VALIDATED,1789016269004
2179392,3,PROCESSED,1789016269009
2179393,1,INITIATED,1789016269021
2179393,2,VALIDATED,1789016269024
2179393,3,PROCESSED,1789016269028
2179394,1,INITIATED,1789016269047
2179394,2,VALIDATED,1789016269080
2179394,3,PROCESSED,1789016269097
2179395,1,INITIATED,1789016269077
2179395,2,VALIDATED,1789016269080
2179395,3,PROCESSED,1789016269097
2179396,1,INITIATED,1789016269081
2179396,2,VALIDATED,1789016269095
2179396,3,PROCESSED,1789016269100
2179397,1,INITIATED,1789016269101
2179397,2,VALIDATED,1789016269103
2179397,3,PROCESSED,1789016269107
2179398,1,INITIATED,1789016269121
2179398,2,VALIDATED,1789016269124
2179398,3,PROCESSED,1789016269128
2179399,1,INITIATED,1789016269141
2179399,2,VALIDATED,1789016269144
2179399,3,PROCESSED,1789016269147
2179400,1,INITIATED,1789016269162
2179400,2,VALIDATED,1789016269165
2179400,3,PROCESSED,1789016269169
2179401,1,INITIATED,1789016269181
2179401,2,VALIDATED,1789016269185
2179401,3,PROCESSED,1789016269189
2179402,1,INITIATED,1789016269201
2179402,2,VALIDATED,1789016269204
2179402,3,PROCESSED,1789016269207
2179403,1,INITIATED,1789016269221
2179403,2,VALIDATED,1789016269225
2179403,3,PROCESSED,1789016269228
2179404,1,INITIATED,1789016269241
2179404,2,VALIDATED,1789016269244
2179404,3,PROCESSED,1789016269247
2179405,1,INITIATED,1789016269261
2179405,2,VALIDATED,1789016269264
2179405,3,PROCESSED,1789016269269
2179406,1,INITIATED,1789016269281
2179406,2,VALIDATED,1789016269285
2179406,3,PROCESSED,1789016269288
2179407,1,INITIATED,1789016269301
2179407,2,VALIDATED,1789016269304
2179407,3,PROCESSED,1789016269308
2179408,1,INITIATED,1789016269320
2179408,2,VALIDATED,1789016269324
2179408,3,PROCESSED,1789016269327
2179409,1,INITIATED,1789016269341
2179409,2,VALIDATED,1789016269345
2179409,3,PROCESSED,1789016269348
2179410,1,INITIATED,1789016269361
2179410,2,VALIDATED,1789016269364
2179410,3,PROCESSED,1789016269368
2179411,1,INITIATED,1789016269382
2179411,2,VALIDATED,1789016269386
2179411,3,PROCESSED,1789016269391
2179412,1,INITIATED,1789016269401
2179412,2,VALIDATED,1789016269405
2179412,3,PROCESSED,1789016269410
2179413,1,INITIATED,1789016269421
2179413,2,VALIDATED,1789016269425
2179413,3,PROCESSED,1789016269429
2179414,1,INITIATED,1789016269441
2179414,2,VALIDATED,1789016269445
2179414,3,PROCESSED,1789016269452
2179415,1,INITIATED,1789016269461
2179415,2,VALIDATED,1789016269465
2179415,3,PROCESSED,1789016269469
2179416,1,INITIATED,1789016269481
2179416,2,VALIDATED,1789016269486
2179416,3,PROCESSED,1789016269491
2179417,1,INITIATED,1789016269501
2179417,2,VALIDATED,1789016269505
2179417,3,PROCESSED,1789016269509
2179418,1,INITIATED,1789016269521
2179418,2,VALIDATED,1789016269525
2179418,3,PROCESSED,1789016269529
2179419,1,INITIATED,1789016269541
2179419,2,VALIDATED,1789016269544
2179419,3,PROCESSED,1789016269562
2179420,1,INITIATED,1789016269560
2179420,2,VALIDATED,1789016269563
2179420,3,PROCESSED,1789016269567
2179421,1,INITIATED,1789016269581
2179421,2,VALIDATED,1789016269585
2179421,3,PROCESSED,1789016269589
2179422,1,INITIATED,1789016269600
2179422,2,VALIDATED,1789016269604
2179422,3,PROCESSED,1789016269608
2179423,1,INITIATED,1789016269621
2179423,2,VALIDATED,1789016269624
2179423,3,PROCESSED,1789016269628
2179424,1,INITIATED,1789016269642
2179424,2,VALIDATED,1789016269645
2179424,3,PROCESSED,1789016269648
2179425,1,INITIATED,1789016269662
2179425,2,VALIDATED,1789016269666
2179425,3,PROCESSED,1789016269669
2179426,1,INITIATED,1789016269681
2179426,2,VALIDATED,1789016269686
2179426,3,PROCESSED,1789016269691
2179427,1,INITIATED,1789016269701
2179427,2,VALIDATED,1789016269704
2179427,3,PROCESSED,1789016269708
2179428,1,INITIATED,1789016269721
2179428,2,VALIDATED,1789016269725
2179428,3,PROCESSED,1789016269729
2179429,1,INITIATED,1789016269741
2179429,2,VALIDATED,1789016269745
2179429,3,PROCESSED,1789016269749
2179430,1,INITIATED,1789016269761
2179430,2,VALIDATED,1789016269778
2179430,3,PROCESSED,1789016269783
2179431,1,INITIATED,1789016269782
2179431,2,VALIDATED,1789016269784
2179431,3,PROCESSED,1789016269789
2179432,1,INITIATED,1789016269801
2179432,2,VALIDATED,1789016269804
2179432,3,PROCESSED,1789016269809
2179433,1,INITIATED,1789016269821
2179433,2,VALIDATED,1789016269825
2179433,3,REJECTED,1789016269828
2179434,1,INITIATED,1789016269842
2179434,2,VALIDATED,1789016269845
2179434,3,REJECTED,1789016269847
2179435,1,INITIATED,1789016269862
2179435,2,VALIDATED,1789016269867
2179435,3,REJECTED,1789016269870
2179436,1,INITIATED,1789016269881
2179436,2,VALIDATED,1789016269885
2179436,3,REJECTED,1789016269888
2179437,1,INITIATED,1789016269901
2179437,2,VALIDATED,1789016269905
2179437,3,PROCESSED,1789016269909
2179438,1,INITIATED,1789016269922
2179438,2,VALIDATED,1789016269926
2179438,3,PROCESSED,1789016269929
2179439,1,INITIATED,1789016269941
2179439,2,VALIDATED,1789016269944
2179439,3,PROCESSED,1789016269948
2179440,1,INITIATED,1789016269961
2179440,2,VALIDATED,1789016269964
2179440,3,PROCESSED,1789016269968
2179441,1,INITIATED,1789016269981
2179441,2,VALIDATED,1789016269985
2179441,3,PROCESSED,1789016269989
2179442,1,INITIATED,1789016270001
2179442,2,VALIDATED,1789016270004
2179442,3,PROCESSED,1789016270007
2179443,1,INITIATED,1789016270021
2179443,2,VALIDATED,1789016270024
2179443,3,PROCESSED,1789016270027
2179444,1,INITIATED,1789016270267
2179444,2,VALIDATED,1789016270271
2179444,3,PROCESSED,1789016270414
2179445,1,INITIATED,1789016270268
2179445,2,VALIDATED,1789016270410
2179445,3,PROCESSED,1789016270452
2179446,1,INITIATED,1789016270267
2179446,2,VALIDATED,1789016270410
2179446,3,PROCESSED,1789016270451
2179447,1,INITIATED,1789016270267
2179447,2,VALIDATED,1789016270271
2179447,3,PROCESSED,1789016270414
2179448,1,INITIATED,1789016270267
2179448,2,VALIDATED,1789016270411
2179448,3,PROCESSED,1789016270453
2179449,1,INITIATED,1789016270267
2179449,2,VALIDATED,1789016270271
2179449,3,PROCESSED,1789016270415
2179450,1,INITIATED,1789016270267
2179450,2,VALIDATED,1789016270271
2179450,3,PROCESSED,1789016270414
2179451,1,INITIATED,1789016270267
2179451,2,VALIDATED,1789016270271
2179451,3,PROCESSED,1789016270415
2179452,1,INITIATED,1789016270267
2179452,2,VALIDATED,1789016270410
2179452,3,PROCESSED,1789016270452
2179453,1,INITIATED,1789016270267
2179453,2,VALIDATED,1789016270271
2179453,3,PROCESSED,1789016270414
2179454,1,INITIATED,1789016270267
2179454,2,VALIDATED,1789016270271
2179454,3,PROCESSED,1789016270414
2179455,1,INITIATED,1789016270266
2179455,2,VALIDATED,1789016270271
2179455,3,PROCESSED,1789016270414
2179456,1,INITIATED,1789016270286
2179456,2,VALIDATED,1789016270428
2179456,3,PROCESSED,1789016270452
2179457,1,INITIATED,1789016270409
2179457,2,VALIDATED,1789016270449
2179457,3,PROCESSED,1789016270457
2179458,1,INITIATED,1789016270409
2179458,2,VALIDATED,1789016270448
2179458,3,PROCESSED,1789016270456
2179459,1,INITIATED,1789016270409
2179459,2,VALIDATED,1789016270449
2179459,3,PROCESSED,1789016270456
2179460,1,INITIATED,1789016270409
2179460,2,VALIDATED,1789016270448
2179460,3,PROCESSED,1789016270456
2179461,1,INITIATED,1789016270409
2179461,2,VALIDATED,1789016270448
2179461,3,PROCESSED,1789016270456
2179462,1,INITIATED,1789016270409
2179462,2,VALIDATED,1789016270448
2179462,3,PROCESSED,1789016270456
2179463,1,INITIATED,1789016270420
2179463,2,VALIDATED,1789016270448
2179463,3,PROCESSED,1789016270457
2179464,1,INITIATED,1789016270441
2179464,2,VALIDATED,1789016270450
2179464,3,PROCESSED,1789016270457
2179465,1,INITIATED,1789016270463
2179465,2,VALIDATED,1789016270469
2179465,3,PROCESSED,1789016270474
2179466,1,INITIATED,1789016270482
2179466,2,VALIDATED,1789016270486
2179466,3,PROCESSED,1789016270491
2179467,1,INITIATED,1789016270501
2179467,2,VALIDATED,1789016270504
2179467,3,PROCESSED,1789016270507
2179468,1,INITIATED,1789016270521
2179468,2,VALIDATED,1789016270528
2179468,3,PROCESSED,1789016270531
2179469,1,INITIATED,1789016270541
2179469,2,VALIDATED,1789016270543
2179469,3,PROCESSED,1789016270546
2179470,1,INITIATED,1789016270561
2179470,2,VALIDATED,1789016270564
2179470,3,PROCESSED,1789016270567
2179471,1,INITIATED,1789016270581
2179471,2,VALIDATED,1789016270585
2179471,3,PROCESSED,1789016270590
2179472,1,INITIATED,1789016270601
2179472,2,VALIDATED,1789016270603
2179472,3,PROCESSED,1789016270606
2179473,1,INITIATED,1789016270621
2179473,2,VALIDATED,1789016270623
2179473,3,PROCESSED,1789016270626
2179474,1,INITIATED,1789016270641
2179474,2,VALIDATED,1789016270644
2179474,3,PROCESSED,1789016270647
2179475,1,INITIATED,1789016270660
2179475,2,VALIDATED,1789016270663
2179475,3,PROCESSED,1789016270666
2179476,1,INITIATED,1789016270681
2179476,2,VALIDATED,1789016270700
2179476,3,PROCESSED,1789016270705
2179477,1,INITIATED,1789016270701
2179477,2,VALIDATED,1789016270704
2179477,3,PROCESSED,1789016270708
2179478,1,INITIATED,1789016270721
2179478,2,VALIDATED,1789016270725
2179478,3,PROCESSED,1789016270728
2179479,1,INITIATED,1789016270741
2179479,2,VALIDATED,1789016270747
2179479,3,PROCESSED,1789016270767
2179480,1,INITIATED,1789016270761
2179480,2,VALIDATED,1789016270766
2179480,3,PROCESSED,1789016270769
2179481,1,INITIATED,1789016270780
2179481,2,VALIDATED,1789016270790
2179481,3,PROCESSED,1789016270793
2179482,1,INITIATED,1789016270800
2179482,2,VALIDATED,1789016270818
2179482,3,PROCESSED,1789016270840
2179483,1,INITIATED,1789016270820
2179483,2,VALIDATED,1789016270838
2179483,3,PROCESSED,1789016270859
2179484,1,INITIATED,1789016270841
2179484,2,VALIDATED,1789016270857
2179484,3,PROCESSED,1789016270878
2179485,1,INITIATED,1789016270861
2179485,2,VALIDATED,1789016270877
2179485,3,PROCESSED,1789016270898
2179486,1,INITIATED,1789016270881
2179486,2,VALIDATED,1789016270897
2179486,3,PROCESSED,1789016270901
2179487,1,INITIATED,1789016270900
2179487,2,VALIDATED,1789016270903
2179487,3,PROCESSED,1789016270906
2179488,1,INITIATED,1789016270921
2179488,2,VALIDATED,1789016270923
2179488,3,PROCESSED,1789016270926
2179489,1,INITIATED,1789016270941
2179489,2,VALIDATED,1789016270945
2179489,3,PROCESSED,1789016270948
2179490,1,INITIATED,1789016270961
2179490,2,VALIDATED,1789016270964
2179490,3,PROCESSED,1789016270968
2179491,1,INITIATED,1789016270981
2179491,2,VALIDATED,1789016270984
2179491,3,PROCESSED,1789016270987
2179492,1,INITIATED,1789016271000
2179492,2,VALIDATED,1789016271003
2179492,3,PROCESSED,1789016271006
2179493,1,INITIATED,1789016271021
2179493,2,VALIDATED,1789016271025
2179493,3,PROCESSED,1789016271030
2179494,1,INITIATED,1789016271190
2179494,2,VALIDATED,1789016271195
2179494,3,PROCESSED,1789016271332
2179495,1,INITIATED,1789016271191
2179495,2,VALIDATED,1789016271195
2179495,3,PROCESSED,1789016271332
2179496,1,INITIATED,1789016271190
2179496,2,VALIDATED,1789016271195
2179496,3,PROCESSED,1789016271331
2179497,1,INITIATED,1789016271191
2179497,2,VALIDATED,1789016271195
2179497,3,PROCESSED,1789016271331
2179498,1,INITIATED,1789016271190
2179498,2,VALIDATED,1789016271194
2179498,3,PROCESSED,1789016271332
2179499,1,INITIATED,1789016271191
2179499,2,VALIDATED,1789016271292
2179499,3,PROCESSED,1789016271332
2179500,1,INITIATED,1789016271190
2179500,2,VALIDATED,1789016271195
2179500,3,PROCESSED,1789016271331
2179501,1,INITIATED,1789016271190
2179501,2,VALIDATED,1789016271195
2179501,3,PROCESSED,1789016271331
2179502,1,INITIATED,1789016271201
2179502,2,VALIDATED,1789016271329
2179502,3,PROCESSED,1789016271352
2179503,1,INITIATED,1789016271221
2179503,2,VALIDATED,1789016271330
2179503,3,PROCESSED,1789016271352
2179504,1,INITIATED,1789016271241
2179504,2,VALIDATED,1789016271329
2179504,3,PROCESSED,1789016271352
2179505,1,INITIATED,1789016271261
2179505,2,VALIDATED,1789016271328
2179505,3,PROCESSED,1789016271334
2179506,1,INITIATED,1789016271281
2179506,2,VALIDATED,1789016271330
2179506,3,PROCESSED,1789016271352
2179507,1,INITIATED,1789016271301
2179507,2,VALIDATED,1789016271329
2179507,3,PROCESSED,1789016271352
2179508,1,INITIATED,1789016271321
2179508,2,VALIDATED,1789016271330
2179508,3,PROCESSED,1789016271352
2179509,1,INITIATED,1789016271341
2179509,2,VALIDATED,1789016271350
2179509,3,PROCESSED,1789016271354
2179510,1,INITIATED,1789016271361
2179510,2,VALIDATED,1789016271372
2179510,3,PROCESSED,1789016271376
2179511,1,INITIATED,1789016271381
2179511,2,VALIDATED,1789016271392
2179511,3,PROCESSED,1789016271411
2179512,1,INITIATED,1789016271401
2179512,2,VALIDATED,1789016271410
2179512,3,PROCESSED,1789016271415
2179513,1,INITIATED,1789016271421
2179513,2,VALIDATED,1789016271433
2179513,3,PROCESSED,1789016271437
2179514,1,INITIATED,1789016271440
2179514,2,VALIDATED,1789016271456
2179514,3,PROCESSED,1789016271460
2179515,1,INITIATED,1789016271460
2179515,2,VALIDATED,1789016271462
2179515,3,PROCESSED,1789016271465
2179516,1,INITIATED,1789016271481
2179516,2,VALIDATED,1789016271484
2179516,3,PROCESSED,1789016271507
2179517,1,INITIATED,1789016271501
2179517,2,VALIDATED,1789016271505
2179517,3,PROCESSED,1789016271511
2179518,1,INITIATED,1789016271522
2179518,2,VALIDATED,1789016271526
2179518,3,PROCESSED,1789016271530
2179519,1,INITIATED,1789016271541
2179519,2,VALIDATED,1789016271544
2179519,3,PROCESSED,1789016271548
2179520,1,INITIATED,1789016271560
2179520,2,VALIDATED,1789016271563
2179520,3,PROCESSED,1789016271566
2179521,1,INITIATED,1789016271581
2179521,2,VALIDATED,1789016271584
2179521,3,PROCESSED,1789016271587
2179522,1,INITIATED,1789016271601
2179522,2,VALIDATED,1789016271605
2179522,3,PROCESSED,1789016271608
2179523,1,INITIATED,1789016271620
2179523,2,VALIDATED,1789016271623
2179523,3,PROCESSED,1789016271626
2179524,1,INITIATED,1789016271641
2179524,2,VALIDATED,1789016271644
2179524,3,PROCESSED,1789016271648
2179525,1,INITIATED,1789016271661
2179525,2,VALIDATED,1789016271664
2179525,3,PROCESSED,1789016271666
2179526,1,INITIATED,1789016271681
2179526,2,VALIDATED,1789016271684
2179526,3,PROCESSED,1789016271686
2179527,1,INITIATED,1789016271701
2179527,2,VALIDATED,1789016271705
2179527,3,PROCESSED,1789016271708
2179528,1,INITIATED,1789016271721
2179528,2,VALIDATED,1789016271725
2179528,3,PROCESSED,1789016271730
2179529,1,INITIATED,1789016271742
2179529,2,VALIDATED,1789016271745
2179529,3,PROCESSED,1789016271748
2179530,1,INITIATED,1789016271761
2179530,2,VALIDATED,1789016271765
2179530,3,PROCESSED,1789016271768
2179531,1,INITIATED,1789016271781
2179531,2,VALIDATED,1789016271785
2179531,3,PROCESSED,1789016271790
2179532,1,INITIATED,1789016271801
2179532,2,VALIDATED,1789016271805
2179532,3,PROCESSED,1789016271826
2179533,1,INITIATED,1789016271821
2179533,2,VALIDATED,1789016271824
2179533,3,REJECTED,1789016271827
2179534,1,INITIATED,1789016271841
2179534,2,VALIDATED,1789016271845
2179534,3,REJECTED,1789016271847
2179535,1,INITIATED,1789016271862
2179535,2,VALIDATED,1789016271866
2179535,3,REJECTED,1789016271869
2179536,1,INITIATED,1789016271881
2179536,2,VALIDATED,1789016271885
2179536,3,REJECTED,1789016271887
2179537,1,INITIATED,1789016271902
2179537,2,VALIDATED,1789016271905
2179537,3,PROCESSED,1789016271909
2179538,1,INITIATED,1789016271921
2179538,2,VALIDATED,1789016271924
2179538,3,PROCESSED,1789016271928
2179539,1,INITIATED,1789016271941
2179539,2,VALIDATED,1789016271944
2179539,3,PROCESSED,1789016271948
2179540,1,INITIATED,1789016271961
2179540,2,VALIDATED,1789016271965
2179540,3,PROCESSED,1789016271968
2179541,1,INITIATED,1789016271981
2179541,2,VALIDATED,1789016272000
2179541,3,PROCESSED,1789016272003
2179542,1,INITIATED,1789016272001
2179542,2,VALIDATED,1789016272003
2179542,3,PROCESSED,1789016272006
2179543,1,INITIATED,1789016272021
2179543,2,VALIDATED,1789016272025
2179543,3,PROCESSED,1789016272028
2179544,1,INITIATED,1789016272041
2179544,2,VALIDATED,1789016272344
2179544,3,PROCESSED,1789016272365
2179545,1,INITIATED,1789016272343
2179545,2,VALIDATED,1789016272348
2179545,3,PROCESSED,1789016272450
2179546,1,INITIATED,1789016272346
2179546,2,VALIDATED,1789016272446
2179546,3,PROCESSED,1789016272468
2179547,1,INITIATED,1789016272345
2179547,2,VALIDATED,1789016272448
2179547,3,PROCESSED,1789016272469
2179548,1,INITIATED,1789016272346
2179548,2,VALIDATED,1789016272446
2179548,3,PROCESSED,1789016272469
2179549,1,INITIATED,1789016272346
2179549,2,VALIDATED,1789016272447
2179549,3,PROCESSED,1789016272468
2179550,1,INITIATED,1789016272345
2179550,2,VALIDATED,1789016272448
2179550,3,PROCESSED,1789016272469
2179551,1,INITIATED,1789016272344
2179551,2,VALIDATED,1789016272364
2179551,3,PROCESSED,1789016272450
2179552,1,INITIATED,1789016272344
2179552,2,VALIDATED,1789016272348
2179552,3,PROCESSED,1789016272449
2179553,1,INITIATED,1789016272346
2179553,2,VALIDATED,1789016272448
2179553,3,PROCESSED,1789016272469
2179554,1,INITIATED,1789016272344
2179554,2,VALIDATED,1789016272347
2179554,3,PROCESSED,1789016272450
2179555,1,INITIATED,1789016272345
2179555,2,VALIDATED,1789016272448
2179555,3,PROCESSED,1789016272468
2179556,1,INITIATED,1789016272346
2179556,2,VALIDATED,1789016272448
2179556,3,PROCESSED,1789016272469
2179557,1,INITIATED,1789016272344
2179557,2,VALIDATED,1789016272348
2179557,3,PROCESSED,1789016272450
2179558,1,INITIATED,1789016272343
2179558,2,VALIDATED,1789016272348
2179558,3,PROCESSED,1789016272449
2179559,1,INITIATED,1789016272343
2179559,2,VALIDATED,1789016272347
2179559,3,PROCESSED,1789016272449
2179560,1,INITIATED,1789016272361
2179560,2,VALIDATED,1789016272447
2179560,3,PROCESSED,1789016272469
2179561,1,INITIATED,1789016272381
2179561,2,VALIDATED,1789016272449
2179561,3,PROCESSED,1789016272468
2179562,1,INITIATED,1789016272402
2179562,2,VALIDATED,1789016272448
2179562,3,PROCESSED,1789016272469
2179563,1,INITIATED,1789016272421
2179563,2,VALIDATED,1789016272446
2179563,3,PROCESSED,1789016272468
2179564,1,INITIATED,1789016272441
2179564,2,VALIDATED,1789016272447
2179564,3,PROCESSED,1789016272468
2179565,1,INITIATED,1789016272461
2179565,2,VALIDATED,1789016272466
2179565,3,PROCESSED,1789016272472
2179566,1,INITIATED,1789016272480
2179566,2,VALIDATED,1789016272483
2179566,3,PROCESSED,1789016272487
2179567,1,INITIATED,1789016272501
2179567,2,VALIDATED,1789016272504
2179567,3,PROCESSED,1789016272507
2179568,1,INITIATED,1789016272521
2179568,2,VALIDATED,1789016272525
2179568,3,PROCESSED,1789016272528
2179569,1,INITIATED,1789016272541
2179569,2,VALIDATED,1789016272545
2179569,3,PROCESSED,1789016272548
2179570,1,INITIATED,1789016272561
2179570,2,VALIDATED,1789016272564
2179570,3,PROCESSED,1789016272567
2179571,1,INITIATED,1789016272581
2179571,2,VALIDATED,1789016272584
2179571,3,PROCESSED,1789016272586
2179572,1,INITIATED,1789016272601
2179572,2,VALIDATED,1789016272621
2179572,3,PROCESSED,1789016272625
2179573,1,INITIATED,1789016272621
2179573,2,VALIDATED,1789016272624
2179573,3,PROCESSED,1789016272627
2179574,1,INITIATED,1789016272641
2179574,2,VALIDATED,1789016272644
2179574,3,PROCESSED,1789016272646
2179575,1,INITIATED,1789016272661
2179575,2,VALIDATED,1789016272664
2179575,3,PROCESSED,1789016272667
2179576,1,INITIATED,1789016272681
2179576,2,VALIDATED,1789016272685
2179576,3,PROCESSED,1789016272689
2179577,1,INITIATED,1789016272701
2179577,2,VALIDATED,1789016272705
2179577,3,PROCESSED,1789016272708
2179578,1,INITIATED,1789016272721
2179578,2,VALIDATED,1789016272724
2179578,3,PROCESSED,1789016272728
2179579,1,INITIATED,1789016272741
2179579,2,VALIDATED,1789016272744
2179579,3,PROCESSED,1789016272747
2179580,1,INITIATED,1789016272761
2179580,2,VALIDATED,1789016272764
2179580,3,PROCESSED,1789016272768
2179581,1,INITIATED,1789016272781
2179581,2,VALIDATED,1789016272797
2179581,3,PROCESSED,1789016272801
2179582,1,INITIATED,1789016272800
2179582,2,VALIDATED,1789016272803
2179582,3,PROCESSED,1789016272807
2179583,1,INITIATED,1789016272821
2179583,2,VALIDATED,1789016272824
2179583,3,PROCESSED,1789016272828
2179584,1,INITIATED,1789016272841
2179584,2,VALIDATED,1789016272844
2179584,3,PROCESSED,1789016272847
2179585,1,INITIATED,1789016272863
2179585,2,VALIDATED,1789016272866
2179585,3,PROCESSED,1789016272869
2179586,1,INITIATED,1789016272881
2179586,2,VALIDATED,1789016272884
2179586,3,PROCESSED,1789016272887
2179587,1,INITIATED,1789016272901
2179587,2,VALIDATED,1789016272904
2179587,3,PROCESSED,1789016272909
2179588,1,INITIATED,1789016272921
2179588,2,VALIDATED,1789016272924
2179588,3,PROCESSED,1789016272928
2179589,1,INITIATED,1789016272942
2179589,2,VALIDATED,1789016272946
2179589,3,PROCESSED,1789016272950
2179590,1,INITIATED,1789016272961
2179590,2,VALIDATED,1789016272964
2179590,3,PROCESSED,1789016272968
2179591,1,INITIATED,1789016272981
2179591,2,VALIDATED,1789016272984
2179591,3,PROCESSED,1789016272989
2179592,1,INITIATED,1789016273002
2179592,2,VALIDATED,1789016273008
2179592,3,PROCESSED,1789016273012
2179593,1,INITIATED,1789016273021
2179593,2,VALIDATED,1789016273024
2179593,3,PROCESSED,1789016273027
2179594,1,INITIATED,1789016273048
2179594,2,VALIDATED,1789016273089
2179594,3,PROCESSED,1789016273109
2179595,1,INITIATED,1789016273083
2179595,2,VALIDATED,1789016273108
2179595,3,PROCESSED,1789016273111
2179596,1,INITIATED,1789016273083
2179596,2,VALIDATED,1789016273107
2179596,3,PROCESSED,1789016273111
2179597,1,INITIATED,1789016273101
2179597,2,VALIDATED,1789016273107
2179597,3,PROCESSED,1789016273111
2179598,1,INITIATED,1789016273120
2179598,2,VALIDATED,1789016273128
2179598,3,PROCESSED,1789016273131
2179599,1,INITIATED,1789016273140
2179599,2,VALIDATED,1789016273143
2179599,3,PROCESSED,1789016273146
2179600,1,INITIATED,1789016273161
2179600,2,VALIDATED,1789016273164
2179600,3,PROCESSED,1789016273167
2179601,1,INITIATED,1789016273181
2179601,2,VALIDATED,1789016273184
2179601,3,PROCESSED,1789016273187
2179602,1,INITIATED,1789016273201
2179602,2,VALIDATED,1789016273204
2179602,3,PROCESSED,1789016273208
2179603,1,INITIATED,1789016273221
2179603,2,VALIDATED,1789016273225
2179603,3,PROCESSED,1789016273228
2179604,1,INITIATED,1789016273241
2179604,2,VALIDATED,1789016273244
2179604,3,PROCESSED,1789016273247
2179605,1,INITIATED,1789016273260
2179605,2,VALIDATED,1789016273263
2179605,3,PROCESSED,1789016273265
2179606,1,INITIATED,1789016273281
2179606,2,VALIDATED,1789016273284
2179606,3,PROCESSED,1789016273288
2179607,1,INITIATED,1789016273301
2179607,2,VALIDATED,1789016273304
2179607,3,PROCESSED,1789016273321
2179608,1,INITIATED,1789016273321
2179608,2,VALIDATED,1789016273341
2179608,3,PROCESSED,1789016273344
2179609,1,INITIATED,1789016273341
2179609,2,VALIDATED,1789016273343
2179609,3,PROCESSED,1789016273346
2179610,1,INITIATED,1789016273361
2179610,2,VALIDATED,1789016273365
2179610,3,PROCESSED,1789016273368
2179611,1,INITIATED,1789016273381
2179611,2,VALIDATED,1789016273385
2179611,3,PROCESSED,1789016273389
2179612,1,INITIATED,1789016273402
2179612,2,VALIDATED,1789016273405
2179612,3,PROCESSED,1789016273410
2179613,1,INITIATED,1789016273420
2179613,2,VALIDATED,1789016273424
2179613,3,PROCESSED,1789016273427
2179614,1,INITIATED,1789016273441
2179614,2,VALIDATED,1789016273444
2179614,3,PROCESSED,1789016273448
2179615,1,INITIATED,1789016273460
2179615,2,VALIDATED,1789016273464
2179615,3,PROCESSED,1789016273467
2179616,1,INITIATED,1789016273481
2179616,2,VALIDATED,1789016273484
2179616,3,PROCESSED,1789016273487
2179617,1,INITIATED,1789016273502
2179617,2,VALIDATED,1789016273505
2179617,3,PROCESSED,1789016273525
2179618,1,INITIATED,1789016273521
2179618,2,VALIDATED,1789016273524
2179618,3,PROCESSED,1789016273528
2179619,1,INITIATED,1789016273541
2179619,2,VALIDATED,1789016273544
2179619,3,PROCESSED,1789016273547
2179620,1,INITIATED,1789016273561
2179620,2,VALIDATED,1789016273564
2179620,3,PROCESSED,1789016273567
2179621,1,INITIATED,1789016273582
2179621,2,VALIDATED,1789016273585
2179621,3,PROCESSED,1789016273590
2179622,1,INITIATED,1789016273601
2179622,2,VALIDATED,1789016273604
2179622,3,PROCESSED,1789016273608
2179623,1,INITIATED,1789016273621
2179623,2,VALIDATED,1789016273625
2179623,3,PROCESSED,1789016273628
2179624,1,INITIATED,1789016273640
2179624,2,VALIDATED,1789016273643
2179624,3,PROCESSED,1789016273646
2179625,1,INITIATED,1789016273660
2179625,2,VALIDATED,1789016273663
2179625,3,PROCESSED,1789016273666
2179626,1,INITIATED,1789016273681
2179626,2,VALIDATED,1789016273700
2179626,3,PROCESSED,1789016273704
2179627,1,INITIATED,1789016273701
2179627,2,VALIDATED,1789016273704
2179627,3,PROCESSED,1789016273708
2179628,1,INITIATED,1789016273721
2179628,2,VALIDATED,1789016273724
2179628,3,PROCESSED,1789016273728
2179629,1,INITIATED,1789016273741
2179629,2,VALIDATED,1789016273744
2179629,3,PROCESSED,1789016273747
2179630,1,INITIATED,1789016273761
2179630,2,VALIDATED,1789016273764
2179630,3,PROCESSED,1789016273768
2179631,1,INITIATED,1789016273781
2179631,2,VALIDATED,1789016273784
2179631,3,PROCESSED,1789016273788
2179632,1,INITIATED,1789016273801
2179632,2,VALIDATED,1789016273805
2179632,3,PROCESSED,1789016273810
2179633,1,INITIATED,1789016273821
2179633,2,VALIDATED,1789016273841
2179633,3,REJECTED,1789016273844
2179634,1,INITIATED,1789016273841
2179634,2,VALIDATED,1789016273844
2179634,3,REJECTED,1789016273848
2179635,1,INITIATED,1789016273861
2179635,2,VALIDATED,1789016273865
2179635,3,REJECTED,1789016273867
2179636,1,INITIATED,1789016273882
2179636,2,VALIDATED,1789016273885
2179636,3,REJECTED,1789016273889
2179637,1,INITIATED,1789016273901
2179637,2,VALIDATED,1789016273909
2179637,3,PROCESSED,1789016273914
2179638,1,INITIATED,1789016273922
2179638,2,VALIDATED,1789016273935
2179638,3,PROCESSED,1789016273940
2179639,1,INITIATED,1789016273941
2179639,2,VALIDATED,1789016273961
2179639,3,PROCESSED,1789016273966
2179640,1,INITIATED,1789016273961
2179640,2,VALIDATED,1789016273964
2179640,3,PROCESSED,1789016273987
2179641,1,INITIATED,1789016273981
2179641,2,VALIDATED,1789016273986
2179641,3,PROCESSED,1789016273990
2179642,1,INITIATED,1789016274001
2179642,2,VALIDATED,1789016274013
2179642,3,PROCESSED,1789016274018
2179643,1,INITIATED,1789016274021
2179643,2,VALIDATED,1789016274024
2179643,3,PROCESSED,1789016274235
2179644,1,INITIATED,1789016274232
2179644,2,VALIDATED,1789016274426
2179644,3,PROCESSED,1789016274473
2179645,1,INITIATED,1789016274232
2179645,2,VALIDATED,1789016274428
2179645,3,PROCESSED,1789016274474
2179646,1,INITIATED,1789016274233
2179646,2,VALIDATED,1789016274428
2179646,3,PROCESSED,1789016274474
2179647,1,INITIATED,1789016274232
2179647,2,VALIDATED,1789016274424
2179647,3,PROCESSED,1789016274474
2179648,1,INITIATED,1789016274233
2179648,2,VALIDATED,1789016274427
2179648,3,PROCESSED,1789016274474
2179649,1,INITIATED,1789016274232
2179649,2,VALIDATED,1789016274426
2179649,3,PROCESSED,1789016274473
2179650,1,INITIATED,1789016274233
2179650,2,VALIDATED,1789016274428
2179650,3,PROCESSED,1789016274473
2179651,1,INITIATED,1789016274233
2179651,2,VALIDATED,1789016274428
2179651,3,PROCESSED,1789016274474
2179652,1,INITIATED,1789016274232
2179652,2,VALIDATED,1789016274427
2179652,3,PROCESSED,1789016274475
2179653,1,INITIATED,1789016274233
2179653,2,VALIDATED,1789016274427
2179653,3,PROCESSED,1789016274473
2179654,1,INITIATED,1789016274241
2179654,2,VALIDATED,1789016274427
2179654,3,PROCESSED,1789016274473
2179655,1,INITIATED,1789016274426
2179655,2,VALIDATED,1789016274471
2179655,3,PROCESSED,1789016274478
2179656,1,INITIATED,1789016274427
2179656,2,VALIDATED,1789016274470
2179656,3,PROCESSED,1789016274477
2179657,1,INITIATED,1789016274427
2179657,2,VALIDATED,1789016274471
2179657,3,PROCESSED,1789016274478
2179658,1,INITIATED,1789016274426
2179658,2,VALIDATED,1789016274472
2179658,3,PROCESSED,1789016274478
2179659,1,INITIATED,1789016274427
2179659,2,VALIDATED,1789016274472
2179659,3,PROCESSED,1789016274478
2179660,1,INITIATED,1789016274424
2179660,2,VALIDATED,1789016274448
2179660,3,PROCESSED,1789016274474
2179661,1,INITIATED,1789016274425
2179661,2,VALIDATED,1789016274472
2179661,3,PROCESSED,1789016274479
2179662,1,INITIATED,1789016274426
2179662,2,VALIDATED,1789016274470
2179662,3,PROCESSED,1789016274478
2179663,1,INITIATED,1789016274425
2179663,2,VALIDATED,1789016274471
2179663,3,PROCESSED,1789016274478
2179664,1,INITIATED,1789016274442
2179664,2,VALIDATED,1789016274472
2179664,3,PROCESSED,1789016274480
2179665,1,INITIATED,1789016274462
2179665,2,VALIDATED,1789016274471
2179665,3,PROCESSED,1789016274478
2179666,1,INITIATED,1789016274481
2179666,2,VALIDATED,1789016274484
2179666,3,PROCESSED,1789016274490
2179667,1,INITIATED,1789016274501
2179667,2,VALIDATED,1789016274505
2179667,3,PROCESSED,1789016274510
2179668,1,INITIATED,1789016274521
2179668,2,VALIDATED,1789016274533
2179668,3,PROCESSED,1789016274536
2179669,1,INITIATED,1789016274541
2179669,2,VALIDATED,1789016274544
2179669,3,PROCESSED,1789016274548
2179670,1,INITIATED,1789016274561
2179670,2,VALIDATED,1789016274564
2179670,3,PROCESSED,1789016274568
2179671,1,INITIATED,1789016274582
2179671,2,VALIDATED,1789016274585
2179671,3,PROCESSED,1789016274590
2179672,1,INITIATED,1789016274601
2179672,2,VALIDATED,1789016274604
2179672,3,PROCESSED,1789016274608
2179673,1,INITIATED,1789016274622
2179673,2,VALIDATED,1789016274625
2179673,3,PROCESSED,1789016274628
2179674,1,INITIATED,1789016274641
2179674,2,VALIDATED,1789016274645
2179674,3,PROCESSED,1789016274647
2179675,1,INITIATED,1789016274661
2179675,2,VALIDATED,1789016274665
2179675,3,PROCESSED,1789016274668
2179676,1,INITIATED,1789016274681
2179676,2,VALIDATED,1789016274684
2179676,3,PROCESSED,1789016274688
2179677,1,INITIATED,1789016274701
2179677,2,VALIDATED,1789016274712
2179677,3,PROCESSED,1789016274715
2179678,1,INITIATED,1789016274721
2179678,2,VALIDATED,1789016274723
2179678,3,PROCESSED,1789016274728
2179679,1,INITIATED,1789016274742
2179679,2,VALIDATED,1789016274745
2179679,3,PROCESSED,1789016274748
2179680,1,INITIATED,1789016274761
2179680,2,VALIDATED,1789016274765
2179680,3,PROCESSED,1789016274768
2179681,1,INITIATED,1789016274782
2179681,2,VALIDATED,1789016274785
2179681,3,PROCESSED,1789016274790
2179682,1,INITIATED,1789016274801
2179682,2,VALIDATED,1789016274804
2179682,3,PROCESSED,1789016274808
2179683,1,INITIATED,1789016274821
2179683,2,VALIDATED,1789016274824
2179683,3,PROCESSED,1789016274827
2179684,1,INITIATED,1789016274841
2179684,2,VALIDATED,1789016274844
2179684,3,PROCESSED,1789016274848
2179685,1,INITIATED,1789016274861
2179685,2,VALIDATED,1789016274870
2179685,3,PROCESSED,1789016274873
2179686,1,INITIATED,1789016274881
2179686,2,VALIDATED,1789016274883
2179686,3,PROCESSED,1789016274886
2179687,1,INITIATED,1789016274901
2179687,2,VALIDATED,1789016274903
2179687,3,PROCESSED,1789016274907
2179688,1,INITIATED,1789016274920
2179688,2,VALIDATED,1789016274923
2179688,3,PROCESSED,1789016274925
2179689,1,INITIATED,1789016274940
2179689,2,VALIDATED,1789016274943
2179689,3,PROCESSED,1789016274946
2179690,1,INITIATED,1789016274961
2179690,2,VALIDATED,1789016274964
2179690,3,PROCESSED,1789016274966
2179691,1,INITIATED,1789016274980
2179691,2,VALIDATED,1789016274983
2179691,3,PROCESSED,1789016274986
2179692,1,INITIATED,1789016275000
2179692,2,VALIDATED,1789016275003
2179692,3,PROCESSED,1789016275009
2179693,1,INITIATED,1789016275021
2179693,2,VALIDATED,1789016275025
2179693,3,PROCESSED,1789016275028
2179694,1,INITIATED,1789016275401
2179694,2,VALIDATED,1789016275420
2179694,3,PROCESSED,1789016275488
2179695,1,INITIATED,1789016275404
2179695,2,VALIDATED,1789016275418
2179695,3,PROCESSED,1789016275491
2179696,1,INITIATED,1789016275404
2179696,2,VALIDATED,1789016275419
2179696,3,PROCESSED,1789016275491
2179697,1,INITIATED,1789016275404
2179697,2,VALIDATED,1789016275418
2179697,3,PROCESSED,1789016275490
2179698,1,INITIATED,1789016275402
2179698,2,VALIDATED,1789016275418
2179698,3,PROCESSED,1789016275491
2179699,1,INITIATED,1789016275404
2179699,2,VALIDATED,1789016275420
2179699,3,PROCESSED,1789016275488
2179700,1,INITIATED,1789016275404
2179700,2,VALIDATED,1789016275419
2179700,3,PROCESSED,1789016275489
2179701,1,INITIATED,1789016275403
2179701,2,VALIDATED,1789016275419
2179701,3,PROCESSED,1789016275490
2179702,1,INITIATED,1789016275404
2179702,2,VALIDATED,1789016275418
2179702,3,PROCESSED,1789016275491
2179703,1,INITIATED,1789016275404
2179703,2,VALIDATED,1789016275419
2179703,3,PROCESSED,1789016275490
2179704,1,INITIATED,1789016275402
2179704,2,VALIDATED,1789016275419
2179704,3,PROCESSED,1789016275489
2179705,1,INITIATED,1789016275404
2179705,2,VALIDATED,1789016275418
2179705,3,PROCESSED,1789016275491
2179706,1,INITIATED,1789016275403
2179706,2,VALIDATED,1789016275418
2179706,3,PROCESSED,1789016275487
2179707,1,INITIATED,1789016275402
2179707,2,VALIDATED,1789016275418
2179707,3,PROCESSED,1789016275489
2179708,1,INITIATED,1789016275403
2179708,2,VALIDATED,1789016275419
2179708,3,PROCESSED,1789016275491
2179709,1,INITIATED,1789016275402
2179709,2,VALIDATED,1789016275419
2179709,3,PROCESSED,1789016275491
2179710,1,INITIATED,1789016275403
2179710,2,VALIDATED,1789016275419
2179710,3,PROCESSED,1789016275488
2179711,1,INITIATED,1789016275403
2179711,2,VALIDATED,1789016275418
2179711,3,PROCESSED,1789016275491
2179712,1,INITIATED,1789016275402
2179712,2,VALIDATED,1789016275420
2179712,3,PROCESSED,1789016275489
2179713,1,INITIATED,1789016275421
2179713,2,VALIDATED,1789016275485
2179713,3,PROCESSED,1789016275494
2179714,1,INITIATED,1789016275441
2179714,2,VALIDATED,1789016275483
2179714,3,PROCESSED,1789016275493
2179715,1,INITIATED,1789016275461
2179715,2,VALIDATED,1789016275486
2179715,3,PROCESSED,1789016275494
2179716,1,INITIATED,1789016275482
2179716,2,VALIDATED,1789016275487
2179716,3,PROCESSED,1789016275494
2179717,1,INITIATED,1789016275500
2179717,2,VALIDATED,1789016275502
2179717,3,PROCESSED,1789016275508
2179718,1,INITIATED,1789016275521
2179718,2,VALIDATED,1789016275525
2179718,3,PROCESSED,1789016275529
2179719,1,INITIATED,1789016275540
2179719,2,VALIDATED,1789016275544
2179719,3,PROCESSED,1789016275547
2179720,1,INITIATED,1789016275561
2179720,2,VALIDATED,1789016275564
2179720,3,PROCESSED,1789016275567
2179721,1,INITIATED,1789016275581
2179721,2,VALIDATED,1789016275584
2179721,3,PROCESSED,1789016275588
2179722,1,INITIATED,1789016275600
2179722,2,VALIDATED,1789016275603
2179722,3,PROCESSED,1789016275607
2179723,1,INITIATED,1789016275621
2179723,2,VALIDATED,1789016275624
2179723,3,PROCESSED,1789016275627
2179724,1,INITIATED,1789016275641
2179724,2,VALIDATED,1789016275645
2179724,3,PROCESSED,1789016275650
2179725,1,INITIATED,1789016275661
2179725,2,VALIDATED,1789016275664
2179725,3,PROCESSED,1789016275667
2179726,1,INITIATED,1789016275682
2179726,2,VALIDATED,1789016275685
2179726,3,PROCESSED,1789016275690
2179727,1,INITIATED,1789016275700
2179727,2,VALIDATED,1789016275705
2179727,3,PROCESSED,1789016275710
2179728,1,INITIATED,1789016275721
2179728,2,VALIDATED,1789016275725
2179728,3,PROCESSED,1789016275730
2179729,1,INITIATED,1789016275742
2179729,2,VALIDATED,1789016275745
2179729,3,PROCESSED,1789016275748
2179730,1,INITIATED,1789016275761
2179730,2,VALIDATED,1789016275765
2179730,3,PROCESSED,1789016275769
2179731,1,INITIATED,1789016275781
2179731,2,VALIDATED,1789016275785
2179731,3,PROCESSED,1789016275789
2179732,1,INITIATED,1789016275801
2179732,2,VALIDATED,1789016275804
2179732,3,PROCESSED,1789016275809
2179733,1,INITIATED,1789016275821
2179733,2,VALIDATED,1789016275825
2179733,3,REJECTED,1789016275829
2179734,1,INITIATED,1789016275842
2179734,2,VALIDATED,1789016275845
2179734,3,REJECTED,1789016275848
2179735,1,INITIATED,1789016275861
2179735,2,VALIDATED,1789016275865
2179735,3,REJECTED,1789016275868
2179736,1,INITIATED,1789016275881
2179736,2,VALIDATED,1789016275885
2179736,3,REJECTED,1789016275888
2179737,1,INITIATED,1789016275901
2179737,2,VALIDATED,1789016275904
2179737,3,PROCESSED,1789016275908
2179738,1,INITIATED,1789016275921
2179738,2,VALIDATED,1789016275924
2179738,3,PROCESSED,1789016275928
2179739,1,INITIATED,1789016275941
2179739,2,VALIDATED,1789016275945
2179739,3,PROCESSED,1789016275950
2179740,1,INITIATED,1789016275962
2179740,2,VALIDATED,1789016275965
2179740,3,PROCESSED,1789016275969
2179741,1,INITIATED,1789016275982
2179741,2,VALIDATED,1789016275987
2179741,3,PROCESSED,1789016275992
2179742,1,INITIATED,1789016276002
2179742,2,VALIDATED,1789016276005
2179742,3,PROCESSED,1789016276010
2179743,1,INITIATED,1789016276021
2179743,2,VALIDATED,1789016276025
2179743,3,PROCESSED,1789016276029
2179744,1,INITIATED,1789016276043
2179744,2,VALIDATED,1789016276296
2179744,3,PROCESSED,1789016276305
2179745,1,INITIATED,1789016276283
2179745,2,VALIDATED,1789016276296
2179745,3,PROCESSED,1789016276301
2179746,1,INITIATED,1789016276282
2179746,2,VALIDATED,1789016276296
2179746,3,PROCESSED,1789016276305
2179747,1,INITIATED,1789016276283
2179747,2,VALIDATED,1789016276295
2179747,3,PROCESSED,1789016276302
2179748,1,INITIATED,1789016276283
2179748,2,VALIDATED,1789016276296
2179748,3,PROCESSED,1789016276305
2179749,1,INITIATED,1789016276284
2179749,2,VALIDATED,1789016276297
2179749,3,PROCESSED,1789016276305
2179750,1,INITIATED,1789016276284
2179750,2,VALIDATED,1789016276295
2179750,3,PROCESSED,1789016276301
2179751,1,INITIATED,1789016276282
2179751,2,VALIDATED,1789016276296
2179751,3,PROCESSED,1789016276305
2179752,1,INITIATED,1789016276284
2179752,2,VALIDATED,1789016276295
2179752,3,PROCESSED,1789016276302
2179753,1,INITIATED,1789016276284
2179753,2,VALIDATED,1789016276295
2179753,3,PROCESSED,1789016276301
2179754,1,INITIATED,1789016276284
2179754,2,VALIDATED,1789016276296
2179754,3,PROCESSED,1789016276305
2179755,1,INITIATED,1789016276283
2179755,2,VALIDATED,1789016276295
2179755,3,PROCESSED,1789016276301
2179756,1,INITIATED,1789016276282
2179756,2,VALIDATED,1789016276296
2179756,3,PROCESSED,1789016276305
2179757,1,INITIATED,1789016276301
2179757,2,VALIDATED,1789016276305
2179757,3,PROCESSED,1789016276310
2179758,1,INITIATED,1789016276321
2179758,2,VALIDATED,1789016276363
2179758,3,PROCESSED,1789016276368
2179759,1,INITIATED,1789016276341
2179759,2,VALIDATED,1789016276363
2179759,3,PROCESSED,1789016276368
2179760,1,INITIATED,1789016276361
2179760,2,VALIDATED,1789016276364
2179760,3,PROCESSED,1789016276369
2179761,1,INITIATED,1789016276380
2179761,2,VALIDATED,1789016276383
2179761,3,PROCESSED,1789016276386
2179762,1,INITIATED,1789016276401
2179762,2,VALIDATED,1789016276406
2179762,3,PROCESSED,1789016276411
2179763,1,INITIATED,1789016276421
2179763,2,VALIDATED,1789016276425
2179763,3,PROCESSED,1789016276429
2179764,1,INITIATED,1789016276442
2179764,2,VALIDATED,1789016276445
2179764,3,PROCESSED,1789016276448
2179765,1,INITIATED,1789016276461
2179765,2,VALIDATED,1789016276464
2179765,3,PROCESSED,1789016276467
2179766,1,INITIATED,1789016276481
2179766,2,VALIDATED,1789016276484
2179766,3,PROCESSED,1789016276492
2179767,1,INITIATED,1789016276501
2179767,2,VALIDATED,1789016276505
2179767,3,PROCESSED,1789016276509
2179768,1,INITIATED,1789016276521
2179768,2,VALIDATED,1789016276525
2179768,3,PROCESSED,1789016276528
2179769,1,INITIATED,1789016276540
2179769,2,VALIDATED,1789016276543
2179769,3,PROCESSED,1789016276547
2179770,1,INITIATED,1789016276561
2179770,2,VALIDATED,1789016276564
2179770,3,PROCESSED,1789016276567
2179771,1,INITIATED,1789016276586
2179771,2,VALIDATED,1789016276591
2179771,3,PROCESSED,1789016276596
2179772,1,INITIATED,1789016276601
2179772,2,VALIDATED,1789016276603
2179772,3,PROCESSED,1789016276606
2179773,1,INITIATED,1789016276621
2179773,2,VALIDATED,1789016276625
2179773,3,PROCESSED,1789016276629
2179774,1,INITIATED,1789016276641
2179774,2,VALIDATED,1789016276646
2179774,3,PROCESSED,1789016276651
2179775,1,INITIATED,1789016276661
2179775,2,VALIDATED,1789016276665
2179775,3,PROCESSED,1789016276668
2179776,1,INITIATED,1789016276681
2179776,2,VALIDATED,1789016276683
2179776,3,PROCESSED,1789016276686
2179777,1,INITIATED,1789016276701
2179777,2,VALIDATED,1789016276704
2179777,3,PROCESSED,1789016276708
2179778,1,INITIATED,1789016276721
2179778,2,VALIDATED,1789016276725
2179778,3,PROCESSED,1789016276729
2179779,1,INITIATED,1789016276741
2179779,2,VALIDATED,1789016276744
2179779,3,PROCESSED,1789016276748
2179780,1,INITIATED,1789016276761
2179780,2,VALIDATED,1789016276764
2179780,3,PROCESSED,1789016276767
2179781,1,INITIATED,1789016276781
2179781,2,VALIDATED,1789016276785
2179781,3,PROCESSED,1789016276789
2179782,1,INITIATED,1789016276801
2179782,2,VALIDATED,1789016276804
2179782,3,PROCESSED,1789016276809
2179783,1,INITIATED,1789016276821
2179783,2,VALIDATED,1789016276829
2179783,3,PROCESSED,1789016276833
2179784,1,INITIATED,1789016276841
2179784,2,VALIDATED,1789016276844
2179784,3,PROCESSED,1789016276847
2179785,1,INITIATED,1789016276861
2179785,2,VALIDATED,1789016276864
2179785,3,PROCESSED,1789016276868
2179786,1,INITIATED,1789016276882
2179786,2,VALIDATED,1789016276886
2179786,3,PROCESSED,1789016276890
2179787,1,INITIATED,1789016276902
2179787,2,VALIDATED,1789016276907
2179787,3,PROCESSED,1789016276911
2179788,1,INITIATED,1789016276921
2179788,2,VALIDATED,1789016276924
2179788,3,PROCESSED,1789016276927
2179789,1,INITIATED,1789016276941
2179789,2,VALIDATED,1789016276944
2179789,3,PROCESSED,1789016276948
2179790,1,INITIATED,1789016276961
2179790,2,VALIDATED,1789016276964
2179790,3,PROCESSED,1789016276968
2179791,1,INITIATED,1789016276982
2179791,2,VALIDATED,1789016276988
2179791,3,PROCESSED,1789016276992
2179792,1,INITIATED,1789016277001
2179792,2,VALIDATED,1789016277004
2179792,3,PROCESSED,1789016277008
2179793,1,INITIATED,1789016277021
2179793,2,VALIDATED,1789016277024
2179793,3,PROCESSED,1789016277029
2179794,1,INITIATED,1789016277072
2179794,2,VALIDATED,1789016277098
2179794,3,PROCESSED,1789016277103
2179795,1,INITIATED,1789016277072
2179795,2,VALIDATED,1789016277098
2179795,3,PROCESSED,1789016277102
2179796,1,INITIATED,1789016277081
2179796,2,VALIDATED,1789016277098
2179796,3,PROCESSED,1789016277103
2179797,1,INITIATED,1789016277101
2179797,2,VALIDATED,1789016277103
2179797,3,PROCESSED,1789016277107
2179798,1,INITIATED,1789016277121
2179798,2,VALIDATED,1789016277125
2179798,3,PROCESSED,1789016277129
2179799,1,INITIATED,1789016277141
2179799,2,VALIDATED,1789016277145
2179799,3,PROCESSED,1789016277148
2179800,1,INITIATED,1789016277161
2179800,2,VALIDATED,1789016277164
2179800,3,PROCESSED,1789016277173
2179801,1,INITIATED,1789016277181
2179801,2,VALIDATED,1789016277184
2179801,3,PROCESSED,1789016277194
2179802,1,INITIATED,1789016277202
2179802,2,VALIDATED,1789016277204
2179802,3,PROCESSED,1789016277210
2179803,1,INITIATED,1789016277221
2179803,2,VALIDATED,1789016277224
2179803,3,PROCESSED,1789016277230
2179804,1,INITIATED,1789016277242
2179804,2,VALIDATED,1789016277244
2179804,3,PROCESSED,1789016277248
2179805,1,INITIATED,1789016277261
2179805,2,VALIDATED,1789016277264
2179805,3,PROCESSED,1789016277268
2179806,1,INITIATED,1789016277282
2179806,2,VALIDATED,1789016277287
2179806,3,PROCESSED,1789016277295
2179807,1,INITIATED,1789016277301
2179807,2,VALIDATED,1789016277304
2179807,3,PROCESSED,1789016277309
2179808,1,INITIATED,1789016277321
2179808,2,VALIDATED,1789016277328
2179808,3,PROCESSED,1789016277332
2179809,1,INITIATED,1789016277341
2179809,2,VALIDATED,1789016277344
2179809,3,PROCESSED,1789016277348
2179810,1,INITIATED,1789016277362
2179810,2,VALIDATED,1789016277365
2179810,3,PROCESSED,1789016277368
2179811,1,INITIATED,1789016277381
2179811,2,VALIDATED,1789016277385
2179811,3,PROCESSED,1789016277389
2179812,1,INITIATED,1789016277401
2179812,2,VALIDATED,1789016277405
2179812,3,PROCESSED,1789016277408
2179813,1,INITIATED,1789016277421
2179813,2,VALIDATED,1789016277424
2179813,3,PROCESSED,1789016277428
2179814,1,INITIATED,1789016277441
2179814,2,VALIDATED,1789016277444
2179814,3,PROCESSED,1789016277447
2179815,1,INITIATED,1789016277461
2179815,2,VALIDATED,1789016277466
2179815,3,PROCESSED,1789016277470
2179816,1,INITIATED,1789016277497
2179816,2,VALIDATED,1789016277505
2179816,3,PROCESSED,1789016277510
2179817,1,INITIATED,1789016277502
2179817,2,VALIDATED,1789016277506
2179817,3,PROCESSED,1789016277510
2179818,1,INITIATED,1789016277521
2179818,2,VALIDATED,1789016277526
2179818,3,PROCESSED,1789016277573
2179819,1,INITIATED,1789016277541
2179819,2,VALIDATED,1789016277572
2179819,3,PROCESSED,1789016277577
2179820,1,INITIATED,1789016277561
2179820,2,VALIDATED,1789016277572
2179820,3,PROCESSED,1789016277577
2179821,1,INITIATED,1789016277581
2179821,2,VALIDATED,1789016277583
2179821,3,PROCESSED,1789016277586
2179822,1,INITIATED,1789016277601
2179822,2,VALIDATED,1789016277604
2179822,3,PROCESSED,1789016277607
2179823,1,INITIATED,1789016277620
2179823,2,VALIDATED,1789016277623
2179823,3,PROCESSED,1789016277626
2179824,1,INITIATED,1789016277641
2179824,2,VALIDATED,1789016277645
2179824,3,PROCESSED,1789016277648
2179825,1,INITIATED,1789016277661
2179825,2,VALIDATED,1789016277664
2179825,3,PROCESSED,1789016277666
2179826,1,INITIATED,1789016277681
2179826,2,VALIDATED,1789016277684
2179826,3,PROCESSED,1789016277686
2179827,1,INITIATED,1789016277701
2179827,2,VALIDATED,1789016277704
2179827,3,PROCESSED,1789016277706
2179828,1,INITIATED,1789016277720
2179828,2,VALIDATED,1789016277723
2179828,3,PROCESSED,1789016277726
2179829,1,INITIATED,1789016277741
2179829,2,VALIDATED,1789016277742
2179829,3,PROCESSED,1789016277745
2179830,1,INITIATED,1789016277760
2179830,2,VALIDATED,1789016277763
2179830,3,PROCESSED,1789016277768
2179831,1,INITIATED,1789016277782
2179831,2,VALIDATED,1789016277785
2179831,3,PROCESSED,1789016277789
2179832,1,INITIATED,1789016277801
2179832,2,VALIDATED,1789016277804
2179832,3,PROCESSED,1789016277806
2179833,1,INITIATED,1789016277821
2179833,2,VALIDATED,1789016277824
2179833,3,REJECTED,1789016277826
2179834,1,INITIATED,1789016277841
2179834,2,VALIDATED,1789016277844
2179834,3,REJECTED,1789016277845
2179835,1,INITIATED,1789016277861
2179835,2,VALIDATED,1789016277866
2179835,3,REJECTED,1789016277869
2179836,1,INITIATED,1789016277881
2179836,2,VALIDATED,1789016277884
2179836,3,REJECTED,1789016277887
2179837,1,INITIATED,1789016277901
2179837,2,VALIDATED,1789016277905
2179837,3,PROCESSED,1789016277908
2179838,1,INITIATED,1789016277921
2179838,2,VALIDATED,1789016277924
2179838,3,PROCESSED,1789016277926
2179839,1,INITIATED,1789016277940
2179839,2,VALIDATED,1789016277943
2179839,3,PROCESSED,1789016277946
2179840,1,INITIATED,1789016277961
2179840,2,VALIDATED,1789016277963
2179840,3,PROCESSED,1789016277966
2179841,1,INITIATED,1789016277981
2179841,2,VALIDATED,1789016277984
2179841,3,PROCESSED,1789016277986
2179842,1,INITIATED,1789016278003
2179842,2,VALIDATED,1789016278009
2179842,3,PROCESSED,1789016278015
2179843,1,INITIATED,1789016278021
2179843,2,VALIDATED,1789016278025
2179843,3,PROCESSED,1789016278030
2179844,1,INITIATED,1789016278042
2179844,2,VALIDATED,1789016278053
2179844,3,PROCESSED,1789016278062
2179845,1,INITIATED,1789016278061
2179845,2,VALIDATED,1789016278064
2179845,3,PROCESSED,1789016278067
2179846,1,INITIATED,1789016278081
2179846,2,VALIDATED,1789016278084
2179846,3,PROCESSED,1789016278089
2179847,1,INITIATED,1789016278101
2179847,2,VALIDATED,1789016278105
2179847,3,PROCESSED,1789016278109
2179848,1,INITIATED,1789016278121
2179848,2,VALIDATED,1789016278125
2179848,3,PROCESSED,1789016278128
2179849,1,INITIATED,1789016278141
2179849,2,VALIDATED,1789016278145
2179849,3,PROCESSED,1789016278148
2179850,1,INITIATED,1789016278161
2179850,2,VALIDATED,1789016278164
2179850,3,PROCESSED,1789016278168
2179851,1,INITIATED,1789016278181
2179851,2,VALIDATED,1789016278184
2179851,3,PROCESSED,1789016278191
2179852,1,INITIATED,1789016278201
2179852,2,VALIDATED,1789016278205
2179852,3,PROCESSED,1789016278209
2179853,1,INITIATED,1789016278221
2179853,2,VALIDATED,1789016278225
2179853,3,PROCESSED,1789016278229
2179854,1,INITIATED,1789016278241
2179854,2,VALIDATED,1789016278244
2179854,3,PROCESSED,1789016278247
2179855,1,INITIATED,1789016278261
2179855,2,VALIDATED,1789016278264
2179855,3,PROCESSED,1789016278268
2179856,1,INITIATED,1789016278281
2179856,2,VALIDATED,1789016278284
2179856,3,PROCESSED,1789016278288
2179857,1,INITIATED,1789016278300
2179857,2,VALIDATED,1789016278305
2179857,3,PROCESSED,1789016278309
2179858,1,INITIATED,1789016278321
2179858,2,VALIDATED,1789016278325
2179858,3,PROCESSED,1789016278330
2179859,1,INITIATED,1789016278341
2179859,2,VALIDATED,1789016278345
2179859,3,PROCESSED,1789016278349
2179860,1,INITIATED,1789016278362
2179860,2,VALIDATED,1789016278365
2179860,3,PROCESSED,1789016278369
2179861,1,INITIATED,1789016278382
2179861,2,VALIDATED,1789016278386
2179861,3,PROCESSED,1789016278393
2179862,1,INITIATED,1789016278401
2179862,2,VALIDATED,1789016278403
2179862,3,PROCESSED,1789016278408
2179863,1,INITIATED,1789016278421
2179863,2,VALIDATED,1789016278424
2179863,3,PROCESSED,1789016278428
2179864,1,INITIATED,1789016278442
2179864,2,VALIDATED,1789016278446
2179864,3,PROCESSED,1789016278450
2179865,1,INITIATED,1789016278460
2179865,2,VALIDATED,1789016278464
2179865,3,PROCESSED,1789016278468
2179866,1,INITIATED,1789016278481
2179866,2,VALIDATED,1789016278484
2179866,3,PROCESSED,1789016278489
2179867,1,INITIATED,1789016278501
2179867,2,VALIDATED,1789016278505
2179867,3,PROCESSED,1789016278509
2179868,1,INITIATED,1789016278521
2179868,2,VALIDATED,1789016278525
2179868,3,PROCESSED,1789016278529
2179869,1,INITIATED,1789016278541
2179869,2,VALIDATED,1789016278545
2179869,3,PROCESSED,1789016278549
2179870,1,INITIATED,1789016278561
2179870,2,VALIDATED,1789016278564
2179870,3,PROCESSED,1789016278567
2179871,1,INITIATED,1789016278582
2179871,2,VALIDATED,1789016278585
2179871,3,PROCESSED,1789016278588
2179872,1,INITIATED,1789016278601
2179872,2,VALIDATED,1789016278604
2179872,3,PROCESSED,1789016278608
2179873,1,INITIATED,1789016278621
2179873,2,VALIDATED,1789016278625
2179873,3,PROCESSED,1789016278628
2179874,1,INITIATED,1789016278641
2179874,2,VALIDATED,1789016278644
2179874,3,PROCESSED,1789016278649
2179875,1,INITIATED,1789016278661
2179875,2,VALIDATED,1789016278665
2179875,3,PROCESSED,1789016278669
2179876,1,INITIATED,1789016278682
2179876,2,VALIDATED,1789016278686
2179876,3,PROCESSED,1789016278691
2179877,1,INITIATED,1789016278701
2179877,2,VALIDATED,1789016278705
2179877,3,PROCESSED,1789016278709
2179878,1,INITIATED,1789016278721
2179878,2,VALIDATED,1789016278725
2179878,3,PROCESSED,1789016278731
2179879,1,INITIATED,1789016278741
2179879,2,VALIDATED,1789016278745
2179879,3,PROCESSED,1789016278748
2179880,1,INITIATED,1789016278761
2179880,2,VALIDATED,1789016278765
2179880,3,PROCESSED,1789016278768
2179881,1,INITIATED,1789016278781
2179881,2,VALIDATED,1789016278784
2179881,3,PROCESSED,1789016278788
2179882,1,INITIATED,1789016278801
2179882,2,VALIDATED,1789016278806
2179882,3,PROCESSED,1789016278809
2179883,1,INITIATED,1789016278821
2179883,2,VALIDATED,1789016278825
2179883,3,PROCESSED,1789016278828
2179884,1,INITIATED,1789016278840
2179884,2,VALIDATED,1789016278844
2179884,3,PROCESSED,1789016278848
2179885,1,INITIATED,1789016278860
2179885,2,VALIDATED,1789016278863
2179885,3,PROCESSED,1789016278866
2179886,1,INITIATED,1789016278882
2179886,2,VALIDATED,1789016278886
2179886,3,PROCESSED,1789016278892
2179887,1,INITIATED,1789016278901
2179887,2,VALIDATED,1789016278904
2179887,3,PROCESSED,1789016278910
2179888,1,INITIATED,1789016278922
2179888,2,VALIDATED,1789016278925
2179888,3,PROCESSED,1789016278928
2179889,1,INITIATED,1789016278941
2179889,2,VALIDATED,1789016278944
2179889,3,PROCESSED,1789016278948
2179890,1,INITIATED,1789016278961
2179890,2,VALIDATED,1789016278965
2179890,3,PROCESSED,1789016278971
2179891,1,INITIATED,1789016278981
2179891,2,VALIDATED,1789016278985
2179891,3,PROCESSED,1789016278990
2179892,1,INITIATED,1789016279001
2179892,2,VALIDATED,1789016279004
2179892,3,PROCESSED,1789016279008
2179893,1,INITIATED,1789016279020
2179893,2,VALIDATED,1789016279024
2179893,3,PROCESSED,1789016279028
2179894,1,INITIATED,1789016279220
2179894,2,VALIDATED,1789016279225
2179894,3,PROCESSED,1789016279235
2179895,1,INITIATED,1789016279220
2179895,2,VALIDATED,1789016279226
2179895,3,PROCESSED,1789016279235
2179896,1,INITIATED,1789016279220
2179896,2,VALIDATED,1789016279225
2179896,3,PROCESSED,1789016279235
2179897,1,INITIATED,1789016279220
2179897,2,VALIDATED,1789016279225
2179897,3,PROCESSED,1789016279235
2179898,1,INITIATED,1789016279220
2179898,2,VALIDATED,1789016279226
2179898,3,PROCESSED,1789016279235
2179899,1,INITIATED,1789016279220
2179899,2,VALIDATED,1789016279226
2179899,3,PROCESSED,1789016279235
2179900,1,INITIATED,1789016279220
2179900,2,VALIDATED,1789016279225
2179900,3,PROCESSED,1789016279235
2179901,1,INITIATED,1789016279220
2179901,2,VALIDATED,1789016279226
2179901,3,PROCESSED,1789016279235
2179902,1,INITIATED,1789016279220
2179902,2,VALIDATED,1789016279225
2179902,3,PROCESSED,1789016279235
2179903,1,INITIATED,1789016279222
2179903,2,VALIDATED,1789016279227
2179903,3,PROCESSED,1789016279237
2179904,1,INITIATED,1789016279241
2179904,2,VALIDATED,1789016279243
2179904,3,PROCESSED,1789016279246
2179905,1,INITIATED,1789016279260
2179905,2,VALIDATED,1789016279265
2179905,3,PROCESSED,1789016279268
2179906,1,INITIATED,1789016279281
2179906,2,VALIDATED,1789016279287
2179906,3,PROCESSED,1789016279291
2179907,1,INITIATED,1789016279301
2179907,2,VALIDATED,1789016279305
2179907,3,PROCESSED,1789016279309
2179908,1,INITIATED,1789016279321
2179908,2,VALIDATED,1789016279325
2179908,3,PROCESSED,1789016279329
2179909,1,INITIATED,1789016279341
2179909,2,VALIDATED,1789016279344
2179909,3,PROCESSED,1789016279346
2179910,1,INITIATED,1789016279361
2179910,2,VALIDATED,1789016279363
2179910,3,PROCESSED,1789016279366
2179911,1,INITIATED,1789016279380
2179911,2,VALIDATED,1789016279383
2179911,3,PROCESSED,1789016279386
2179912,1,INITIATED,1789016279401
2179912,2,VALIDATED,1789016279404
2179912,3,PROCESSED,1789016279408
2179913,1,INITIATED,1789016279421
2179913,2,VALIDATED,1789016279424
2179913,3,PROCESSED,1789016279427
2179914,1,INITIATED,1789016279441
2179914,2,VALIDATED,1789016279445
2179914,3,PROCESSED,1789016279448
2179915,1,INITIATED,1789016279461
2179915,2,VALIDATED,1789016279464
2179915,3,PROCESSED,1789016279467
2179916,1,INITIATED,1789016279480
2179916,2,VALIDATED,1789016279483
2179916,3,PROCESSED,1789016279486
2179917,1,INITIATED,1789016279501
2179917,2,VALIDATED,1789016279503
2179917,3,PROCESSED,1789016279506
2179918,1,INITIATED,1789016279521
2179918,2,VALIDATED,1789016279524
2179918,3,PROCESSED,1789016279527
2179919,1,INITIATED,1789016279541
2179919,2,VALIDATED,1789016279544
2179919,3,PROCESSED,1789016279548
2179920,1,INITIATED,1789016279561
2179920,2,VALIDATED,1789016279565
2179920,3,PROCESSED,1789016279567
2179921,1,INITIATED,1789016279581
2179921,2,VALIDATED,1789016279585
2179921,3,PROCESSED,1789016279588
2179922,1,INITIATED,1789016279601
2179922,2,VALIDATED,1789016279605
2179922,3,PROCESSED,1789016279607
2179923,1,INITIATED,1789016279620
2179923,2,VALIDATED,1789016279623
2179923,3,PROCESSED,1789016279626
2179924,1,INITIATED,1789016279641
2179924,2,VALIDATED,1789016279644
2179924,3,PROCESSED,1789016279647
2179925,1,INITIATED,1789016279661
2179925,2,VALIDATED,1789016279664
2179925,3,PROCESSED,1789016279666
2179926,1,INITIATED,1789016279681
2179926,2,VALIDATED,1789016279684
2179926,3,PROCESSED,1789016279687
2179927,1,INITIATED,1789016279701
2179927,2,VALIDATED,1789016279704
2179927,3,PROCESSED,1789016279708
2179928,1,INITIATED,1789016279721
2179928,2,VALIDATED,1789016279725
2179928,3,PROCESSED,1789016279730
2179929,1,INITIATED,1789016279741
2179929,2,VALIDATED,1789016279744
2179929,3,PROCESSED,1789016279747
2179930,1,INITIATED,1789016279761
2179930,2,VALIDATED,1789016279765
2179930,3,PROCESSED,1789016279768
2179931,1,INITIATED,1789016279781
2179931,2,VALIDATED,1789016279785
2179931,3,PROCESSED,1789016279789
2179932,1,INITIATED,1789016279801
2179932,2,VALIDATED,1789016279804
2179932,3,PROCESSED,1789016279810
2179933,1,INITIATED,1789016279821
2179933,2,VALIDATED,1789016279825
2179933,3,REJECTED,1789016279827
2179934,1,INITIATED,1789016279841
2179934,2,VALIDATED,1789016279844
2179934,3,REJECTED,1789016279846
2179935,1,INITIATED,1789016279861
2179935,2,VALIDATED,1789016279865
2179935,3,REJECTED,1789016279867
2179936,1,INITIATED,1789016279882
2179936,2,VALIDATED,1789016279886
2179936,3,REJECTED,1789016279888
2179937,1,INITIATED,1789016279901
2179937,2,VALIDATED,1789016279905
2179937,3,PROCESSED,1789016279910
2179938,1,INITIATED,1789016279921
2179938,2,VALIDATED,1789016279924
2179938,3,PROCESSED,1789016279927
2179939,1,INITIATED,1789016279940
2179939,2,VALIDATED,1789016279943
2179939,3,PROCESSED,1789016279946
2179940,1,INITIATED,1789016279961
2179940,2,VALIDATED,1789016279963
2179940,3,PROCESSED,1789016279966
2179941,1,INITIATED,1789016279981
2179941,2,VALIDATED,1789016279984
2179941,3,PROCESSED,1789016279987
2179942,1,INITIATED,1789016280001
2179942,2,VALIDATED,1789016280004
2179942,3,PROCESSED,1789016280007
2179943,1,INITIATED,1789016280021
2179943,2,VALIDATED,1789016280025
2179943,3,PROCESSED,1789016280030
2179944,1,INITIATED,1789016280040
2179944,2,VALIDATED,1789016280203
2179944,3,PROCESSED,1789016280209
2179945,1,INITIATED,1789016280202
2179945,2,VALIDATED,1789016280206
2179945,3,PROCESSED,1789016280215
2179946,1,INITIATED,1789016280202
2179946,2,VALIDATED,1789016280205
2179946,3,PROCESSED,1789016280215
2179947,1,INITIATED,1789016280202
2179947,2,VALIDATED,1789016280206
2179947,3,PROCESSED,1789016280214
2179948,1,INITIATED,1789016280202
2179948,2,VALIDATED,1789016280206
2179948,3,PROCESSED,1789016280215
2179949,1,INITIATED,1789016280202
2179949,2,VALIDATED,1789016280206
2179949,3,PROCESSED,1789016280215
2179950,1,INITIATED,1789016280202
2179950,2,VALIDATED,1789016280206
2179950,3,PROCESSED,1789016280215
2179951,1,INITIATED,1789016280202
2179951,2,VALIDATED,1789016280206
2179951,3,PROCESSED,1789016280214
2179952,1,INITIATED,1789016280202
2179952,2,VALIDATED,1789016280206
2179952,3,PROCESSED,1789016280215
2179953,1,INITIATED,1789016280221
2179953,2,VALIDATED,1789016280245
2179953,3,PROCESSED,1789016280250
2179954,1,INITIATED,1789016280241
2179954,2,VALIDATED,1789016280245
2179954,3,PROCESSED,1789016280250
2179955,1,INITIATED,1789016280261
2179955,2,VALIDATED,1789016280264
2179955,3,PROCESSED,1789016280266
2179956,1,INITIATED,1789016280281
2179956,2,VALIDATED,1789016280283
2179956,3,PROCESSED,1789016280286
2179957,1,INITIATED,1789016280301
2179957,2,VALIDATED,1789016280304
2179957,3,PROCESSED,1789016280306
2179958,1,INITIATED,1789016280321
2179958,2,VALIDATED,1789016280327
2179958,3,PROCESSED,1789016280331
2179959,1,INITIATED,1789016280341
2179959,2,VALIDATED,1789016280342
2179959,3,PROCESSED,1789016280345
2179960,1,INITIATED,1789016280361
2179960,2,VALIDATED,1789016280364
2179960,3,PROCESSED,1789016280368
2179961,1,INITIATED,1789016280381
2179961,2,VALIDATED,1789016280383
2179961,3,PROCESSED,1789016280386
2179962,1,INITIATED,1789016280401
2179962,2,VALIDATED,1789016280404
2179962,3,PROCESSED,1789016280407
2179963,1,INITIATED,1789016280421
2179963,2,VALIDATED,1789016280425
2179963,3,PROCESSED,1789016280428
2179964,1,INITIATED,1789016280441
2179964,2,VALIDATED,1789016280443
2179964,3,PROCESSED,1789016280447
2179965,1,INITIATED,1789016280461
2179965,2,VALIDATED,1789016280464
2179965,3,PROCESSED,1789016280466
2179966,1,INITIATED,1789016280481
2179966,2,VALIDATED,1789016280485
2179966,3,PROCESSED,1789016280490
2179967,1,INITIATED,1789016280501
2179967,2,VALIDATED,1789016280504
2179967,3,PROCESSED,1789016280507
2179968,1,INITIATED,1789016280520
2179968,2,VALIDATED,1789016280523
2179968,3,PROCESSED,1789016280527
2179969,1,INITIATED,1789016280541
2179969,2,VALIDATED,1789016280545
2179969,3,PROCESSED,1789016280548
2179970,1,INITIATED,1789016280561
2179970,2,VALIDATED,1789016280564
2179970,3,PROCESSED,1789016280567
2179971,1,INITIATED,1789016280581
2179971,2,VALIDATED,1789016280584
2179971,3,PROCESSED,1789016280586
2179972,1,INITIATED,1789016280601
2179972,2,VALIDATED,1789016280604
2179972,3,PROCESSED,1789016280607
2179973,1,INITIATED,1789016280621
2179973,2,VALIDATED,1789016280623
2179973,3,PROCESSED,1789016280626
2179974,1,INITIATED,1789016280640
2179974,2,VALIDATED,1789016280643
2179974,3,PROCESSED,1789016280646
2179975,1,INITIATED,1789016280661
2179975,2,VALIDATED,1789016280664
2179975,3,PROCESSED,1789016280666
2179976,1,INITIATED,1789016280681
2179976,2,VALIDATED,1789016280684
2179976,3,PROCESSED,1789016280687
2179977,1,INITIATED,1789016280701
2179977,2,VALIDATED,1789016280704
2179977,3,PROCESSED,1789016280707
2179978,1,INITIATED,1789016280721
2179978,2,VALIDATED,1789016280725
2179978,3,PROCESSED,1789016280729
2179979,1,INITIATED,1789016280741
2179979,2,VALIDATED,1789016280744
2179979,3,PROCESSED,1789016280747
2179980,1,INITIATED,1789016280760
2179980,2,VALIDATED,1789016280763
2179980,3,PROCESSED,1789016280766
2179981,1,INITIATED,1789016280781
2179981,2,VALIDATED,1789016280787
2179981,3,PROCESSED,1789016280791
2179982,1,INITIATED,1789016280801
2179982,2,VALIDATED,1789016280803
2179982,3,PROCESSED,1789016280806
2179983,1,INITIATED,1789016280820
2179983,2,VALIDATED,1789016280823
2179983,3,PROCESSED,1789016280826
2179984,1,INITIATED,1789016280840
2179984,2,VALIDATED,1789016280843
2179984,3,PROCESSED,1789016280846
2179985,1,INITIATED,1789016280860
2179985,2,VALIDATED,1789016280863
2179985,3,PROCESSED,1789016280865
2179986,1,INITIATED,1789016280881
2179986,2,VALIDATED,1789016280884
2179986,3,PROCESSED,1789016280888
2179987,1,INITIATED,1789016280900
2179987,2,VALIDATED,1789016280903
2179987,3,PROCESSED,1789016280907
2179988,1,INITIATED,1789016280921
2179988,2,VALIDATED,1789016280925
2179988,3,PROCESSED,1789016280929
2179989,1,INITIATED,1789016280941
2179989,2,VALIDATED,1789016280944
2179989,3,PROCESSED,1789016280946
2179990,1,INITIATED,1789016280961
2179990,2,VALIDATED,1789016280963
2179990,3,PROCESSED,1789016280965
2179991,1,INITIATED,1789016280980
2179991,2,VALIDATED,1789016280983
2179991,3,PROCESSED,1789016280986
2179992,1,INITIATED,1789016281001
2179992,2,VALIDATED,1789016281004
2179992,3,PROCESSED,1789016281007
2179993,1,INITIATED,1789016281020
2179993,2,VALIDATED,1789016281023
2179993,3,PROCESSED,1789016281027
2179994,1,INITIATED,1789016281041
2179994,2,VALIDATED,1789016281134
2179994,3,PROCESSED,1789016281138
2179995,1,INITIATED,1789016281130
2179995,2,VALIDATED,1789016281134
2179995,3,PROCESSED,1789016281138
2179996,1,INITIATED,1789016281130
2179996,2,VALIDATED,1789016281134
2179996,3,PROCESSED,1789016281138
2179997,1,INITIATED,1789016281130
2179997,2,VALIDATED,1789016281134
2179997,3,PROCESSED,1789016281138
2179998,1,INITIATED,1789016281130
2179998,2,VALIDATED,1789016281134
2179998,3,PROCESSED,1789016281138
2179999,1,INITIATED,1789016281141
2179999,2,VALIDATED,1789016281143
2179999,3,PROCESSED,1789016281166
2180000,1,INITIATED,1789016281161
2180000,2,VALIDATED,1789016281165
2180000,3,PROCESSED,1789016281168
2180001,1,INITIATED,1789016281180
2180001,2,VALIDATED,1789016281183
2180001,3,PROCESSED,1789016281189
2180002,1,INITIATED,1789016281201
2180002,2,VALIDATED,1789016281204
2180002,3,PROCESSED,1789016281207
2180003,1,INITIATED,1789016281221
2180003,2,VALIDATED,1789016281224
2180003,3,PROCESSED,1789016281227
2180004,1,INITIATED,1789016281241
2180004,2,VALIDATED,1789016281243
2180004,3,PROCESSED,1789016281245
2180005,1,INITIATED,1789016281261
2180005,2,VALIDATED,1789016281264
2180005,3,PROCESSED,1789016281266
2180006,1,INITIATED,1789016281281
2180006,2,VALIDATED,1789016281284
2180006,3,PROCESSED,1789016281287
2180007,1,INITIATED,1789016281301
2180007,2,VALIDATED,1789016281304
2180007,3,PROCESSED,1789016281308
2180008,1,INITIATED,1789016281322
2180008,2,VALIDATED,1789016281325
2180008,3,PROCESSED,1789016281328
2180009,1,INITIATED,1789016281341
2180009,2,VALIDATED,1789016281343
2180009,3,PROCESSED,1789016281346
2180010,1,INITIATED,1789016281361
2180010,2,VALIDATED,1789016281364
2180010,3,PROCESSED,1789016281367
2180011,1,INITIATED,1789016281381
2180011,2,VALIDATED,1789016281384
2180011,3,PROCESSED,1789016281388
2180012,1,INITIATED,1789016281401
2180012,2,VALIDATED,1789016281403
2180012,3,PROCESSED,1789016281407
2180013,1,INITIATED,1789016281420
2180013,2,VALIDATED,1789016281424
2180013,3,PROCESSED,1789016281426
2180014,1,INITIATED,1789016281441
2180014,2,VALIDATED,1789016281444
2180014,3,PROCESSED,1789016281448
2180015,1,INITIATED,1789016281461
2180015,2,VALIDATED,1789016281465
2180015,3,PROCESSED,1789016281468
2180016,1,INITIATED,1789016281480
2180016,2,VALIDATED,1789016281483
2180016,3,PROCESSED,1789016281486
2180017,1,INITIATED,1789016281501
2180017,2,VALIDATED,1789016281504
2180017,3,PROCESSED,1789016281507
2180018,1,INITIATED,1789016281520
2180018,2,VALIDATED,1789016281523
2180018,3,PROCESSED,1789016281526
2180019,1,INITIATED,1789016281541
2180019,2,VALIDATED,1789016281544
2180019,3,PROCESSED,1789016281546
2180020,1,INITIATED,1789016281560
2180020,2,VALIDATED,1789016281563
2180020,3,PROCESSED,1789016281566
2180021,1,INITIATED,1789016281580
2180021,2,VALIDATED,1789016281584
2180021,3,PROCESSED,1789016281588
2180022,1,INITIATED,1789016281601
2180022,2,VALIDATED,1789016281604
2180022,3,PROCESSED,1789016281607
2180023,1,INITIATED,1789016281621
2180023,2,VALIDATED,1789016281624
2180023,3,PROCESSED,1789016281626
2180024,1,INITIATED,1789016281640
2180024,2,VALIDATED,1789016281643
2180024,3,PROCESSED,1789016281646
2180025,1,INITIATED,1789016281660
2180025,2,VALIDATED,1789016281664
2180025,3,PROCESSED,1789016281666
2180026,1,INITIATED,1789016281681
2180026,2,VALIDATED,1789016281684
2180026,3,PROCESSED,1789016281688
2180027,1,INITIATED,1789016281700
2180027,2,VALIDATED,1789016281703
2180027,3,PROCESSED,1789016281706
2180028,1,INITIATED,1789016281721
2180028,2,VALIDATED,1789016281724
2180028,3,PROCESSED,1789016281727
2180029,1,INITIATED,1789016281741
2180029,2,VALIDATED,1789016281743
2180029,3,PROCESSED,1789016281745
2180030,1,INITIATED,1789016281761
2180030,2,VALIDATED,1789016281763
2180030,3,PROCESSED,1789016281766
2180031,1,INITIATED,1789016281781
2180031,2,VALIDATED,1789016281784
2180031,3,PROCESSED,1789016281787
2180032,1,INITIATED,1789016281801
2180032,2,VALIDATED,1789016281804
2180032,3,PROCESSED,1789016281808
2180033,1,INITIATED,1789016281821
2180033,2,VALIDATED,1789016281824
2180033,3,REJECTED,1789016281826
2180034,1,INITIATED,1789016281840
2180034,2,VALIDATED,1789016281843
2180034,3,REJECTED,1789016281845
2180035,1,INITIATED,1789016281860
2180035,2,VALIDATED,1789016281863
2180035,3,REJECTED,1789016281865
2180036,1,INITIATED,1789016281881
2180036,2,VALIDATED,1789016281884
2180036,3,REJECTED,1789016281887
2180037,1,INITIATED,1789016281901
2180037,2,VALIDATED,1789016281905
2180037,3,PROCESSED,1789016281911
2180038,1,INITIATED,1789016281920
2180038,2,VALIDATED,1789016281923
2180038,3,PROCESSED,1789016281927
2180039,1,INITIATED,1789016281942
2180039,2,VALIDATED,1789016281945
2180039,3,PROCESSED,1789016281948
2180040,1,INITIATED,1789016281960
2180040,2,VALIDATED,1789016281963
2180040,3,PROCESSED,1789016281965
2180041,1,INITIATED,1789016281980
2180041,2,VALIDATED,1789016281983
2180041,3,PROCESSED,1789016281987
2180042,1,INITIATED,1789016282001
2180042,2,VALIDATED,1789016282004
2180042,3,PROCESSED,1789016282006
2180043,1,INITIATED,1789016282021
2180043,2,VALIDATED,1789016282025
2180043,3,PROCESSED,1789016282027
2180044,1,INITIATED,1789016282041
2180044,2,VALIDATED,1789016282052
2180044,3,PROCESSED,1789016282056
2180045,1,INITIATED,1789016282061
2180045,2,VALIDATED,1789016282065
2180045,3,PROCESSED,1789016282068
2180046,1,INITIATED,1789016282082
2180046,2,VALIDATED,1789016282085
2180046,3,PROCESSED,1789016282088
2180047,1,INITIATED,1789016282101
2180047,2,VALIDATED,1789016282104
2180047,3,PROCESSED,1789016282107
2180048,1,INITIATED,1789016282121
2180048,2,VALIDATED,1789016282123
2180048,3,PROCESSED,1789016282127
2180049,1,INITIATED,1789016282141
2180049,2,VALIDATED,1789016282145
2180049,3,PROCESSED,1789016282148
2180050,1,INITIATED,1789016282161
2180050,2,VALIDATED,1789016282164
2180050,3,PROCESSED,1789016282167
2180051,1,INITIATED,1789016282181
2180051,2,VALIDATED,1789016282184
2180051,3,PROCESSED,1789016282187
2180052,1,INITIATED,1789016282201
2180052,2,VALIDATED,1789016282203
2180052,3,PROCESSED,1789016282206
2180053,1,INITIATED,1789016282221
2180053,2,VALIDATED,1789016282224
2180053,3,PROCESSED,1789016282227
2180054,1,INITIATED,1789016282241
2180054,2,VALIDATED,1789016282243
2180054,3,PROCESSED,1789016282246
2180055,1,INITIATED,1789016282261
2180055,2,VALIDATED,1789016282264
2180055,3,PROCESSED,1789016282266
2180056,1,INITIATED,1789016282280
2180056,2,VALIDATED,1789016282283
2180056,3,PROCESSED,1789016282287
2180057,1,INITIATED,1789016282301
2180057,2,VALIDATED,1789016282304
2180057,3,PROCESSED,1789016282306
2180058,1,INITIATED,1789016282321
2180058,2,VALIDATED,1789016282324
2180058,3,PROCESSED,1789016282327
2180059,1,INITIATED,1789016282341
2180059,2,VALIDATED,1789016282344
2180059,3,PROCESSED,1789016282346
2180060,1,INITIATED,1789016282361
2180060,2,VALIDATED,1789016282365
2180060,3,PROCESSED,1789016282367
2180061,1,INITIATED,1789016282381
2180061,2,VALIDATED,1789016282384
2180061,3,PROCESSED,1789016282389
2180062,1,INITIATED,1789016282401
2180062,2,VALIDATED,1789016282404
2180062,3,PROCESSED,1789016282408
2180063,1,INITIATED,1789016282421
2180063,2,VALIDATED,1789016282424
2180063,3,PROCESSED,1789016282427
2180064,1,INITIATED,1789016282441
2180064,2,VALIDATED,1789016282448
2180064,3,PROCESSED,1789016282454
2180065,1,INITIATED,1789016282462
2180065,2,VALIDATED,1789016282467
2180065,3,PROCESSED,1789016282474
2180066,1,INITIATED,1789016282482
2180066,2,VALIDATED,1789016282485
2180066,3,PROCESSED,1789016282489
2180067,1,INITIATED,1789016282501
2180067,2,VALIDATED,1789016282503
2180067,3,PROCESSED,1789016282506
2180068,1,INITIATED,1789016282521
2180068,2,VALIDATED,1789016282524
2180068,3,PROCESSED,1789016282526
2180069,1,INITIATED,1789016282541
2180069,2,VALIDATED,1789016282543
2180069,3,PROCESSED,1789016282547
2180070,1,INITIATED,1789016282560
2180070,2,VALIDATED,1789016282564
2180070,3,PROCESSED,1789016282568
2180071,1,INITIATED,1789016282580
2180071,2,VALIDATED,1789016282583
2180071,3,PROCESSED,1789016282587
2180072,1,INITIATED,1789016282601
2180072,2,VALIDATED,1789016282604
2180072,3,PROCESSED,1789016282606
2180073,1,INITIATED,1789016282620
2180073,2,VALIDATED,1789016282623
2180073,3,PROCESSED,1789016282626
2180074,1,INITIATED,1789016282640
2180074,2,VALIDATED,1789016282643
2180074,3,PROCESSED,1789016282645
2180075,1,INITIATED,1789016282660
2180075,2,VALIDATED,1789016282668
2180075,3,PROCESSED,1789016282670
2180076,1,INITIATED,1789016282681
2180076,2,VALIDATED,1789016282683
2180076,3,PROCESSED,1789016282686
2180077,1,INITIATED,1789016282701
2180077,2,VALIDATED,1789016282704
2180077,3,PROCESSED,1789016282706
2180078,1,INITIATED,1789016282721
2180078,2,VALIDATED,1789016282723
2180078,3,PROCESSED,1789016282727
2180079,1,INITIATED,1789016282741
2180079,2,VALIDATED,1789016282743
2180079,3,PROCESSED,1789016282746
2180080,1,INITIATED,1789016282761
2180080,2,VALIDATED,1789016282764
2180080,3,PROCESSED,1789016282766
2180081,1,INITIATED,1789016282781
2180081,2,VALIDATED,1789016282784
2180081,3,PROCESSED,1789016282787
2180082,1,INITIATED,1789016282801
2180082,2,VALIDATED,1789016282805
2180082,3,PROCESSED,1789016282808
2180083,1,INITIATED,1789016282820
2180083,2,VALIDATED,1789016282824
2180083,3,PROCESSED,1789016282827
2180084,1,INITIATED,1789016282841
2180084,2,VALIDATED,1789016282844
2180084,3,PROCESSED,1789016282851
2180085,1,INITIATED,1789016282861
2180085,2,VALIDATED,1789016282864
2180085,3,PROCESSED,1789016282868
2180086,1,INITIATED,1789016282881
2180086,2,VALIDATED,1789016282884
2180086,3,PROCESSED,1789016282888
2180087,1,INITIATED,1789016282901
2180087,2,VALIDATED,1789016282904
2180087,3,PROCESSED,1789016282908
2180088,1,INITIATED,1789016282920
2180088,2,VALIDATED,1789016282924
2180088,3,PROCESSED,1789016282927
2180089,1,INITIATED,1789016282941
2180089,2,VALIDATED,1789016282944
2180089,3,PROCESSED,1789016282947
2180090,1,INITIATED,1789016282961
2180090,2,VALIDATED,1789016282964
2180090,3,PROCESSED,1789016282966
2180091,1,INITIATED,1789016282981
2180091,2,VALIDATED,1789016282985
2180091,3,PROCESSED,1789016282988
2180092,1,INITIATED,1789016283001
2180092,2,VALIDATED,1789016283004
2180092,3,PROCESSED,1789016283007
2180093,1,INITIATED,1789016283020
2180093,2,VALIDATED,1789016283024
2180093,3,PROCESSED,1789016283027
2180094,1,INITIATED,1789016283219
2180094,2,VALIDATED,1789016283225
2180094,3,PROCESSED,1789016283253
2180095,1,INITIATED,1789016283219
2180095,2,VALIDATED,1789016283225
2180095,3,PROCESSED,1789016283252
2180096,1,INITIATED,1789016283219
2180096,2,VALIDATED,1789016283224
2180096,3,PROCESSED,1789016283253
2180097,1,INITIATED,1789016283220
2180097,2,VALIDATED,1789016283224
2180097,3,PROCESSED,1789016283233
2180098,1,INITIATED,1789016283220
2180098,2,VALIDATED,1789016283225
2180098,3,PROCESSED,1789016283253
2180099,1,INITIATED,1789016283219
2180099,2,VALIDATED,1789016283225
2180099,3,PROCESSED,1789016283252
2180100,1,INITIATED,1789016283220
2180100,2,VALIDATED,1789016283224
2180100,3,PROCESSED,1789016283232
2180101,1,INITIATED,1789016283220
2180101,2,VALIDATED,1789016283224
2180101,3,PROCESSED,1789016283253
2180102,1,INITIATED,1789016283219
2180102,2,VALIDATED,1789016283224
2180102,3,PROCESSED,1789016283233
2180103,1,INITIATED,1789016283221
2180103,2,VALIDATED,1789016283227
2180103,3,PROCESSED,1789016283253
2180104,1,INITIATED,1789016283241
2180104,2,VALIDATED,1789016283260
2180104,3,PROCESSED,1789016283263
2180105,1,INITIATED,1789016283260
2180105,2,VALIDATED,1789016283263
2180105,3,PROCESSED,1789016283266
2180106,1,INITIATED,1789016283282
2180106,2,VALIDATED,1789016283285
2180106,3,PROCESSED,1789016283289
2180107,1,INITIATED,1789016283301
2180107,2,VALIDATED,1789016283304
2180107,3,PROCESSED,1789016283308
2180108,1,INITIATED,1789016283321
2180108,2,VALIDATED,1789016283327
2180108,3,PROCESSED,1789016283331
2180109,1,INITIATED,1789016283341
2180109,2,VALIDATED,1789016283347
2180109,3,PROCESSED,1789016283354
2180110,1,INITIATED,1789016283361
2180110,2,VALIDATED,1789016283369
2180110,3,PROCESSED,1789016283376
2180111,1,INITIATED,1789016283381
2180111,2,VALIDATED,1789016283384
2180111,3,PROCESSED,1789016283388
2180112,1,INITIATED,1789016283401
2180112,2,VALIDATED,1789016283405
2180112,3,PROCESSED,1789016283408
2180113,1,INITIATED,1789016283420
2180113,2,VALIDATED,1789016283424
2180113,3,PROCESSED,1789016283427
2180114,1,INITIATED,1789016283441
2180114,2,VALIDATED,1789016283445
2180114,3,PROCESSED,1789016283449
2180115,1,INITIATED,1789016283461
2180115,2,VALIDATED,1789016283465
2180115,3,PROCESSED,1789016283468
2180116,1,INITIATED,1789016283482
2180116,2,VALIDATED,1789016283486
2180116,3,PROCESSED,1789016283492
2180117,1,INITIATED,1789016283501
2180117,2,VALIDATED,1789016283507
2180117,3,PROCESSED,1789016283511
2180118,1,INITIATED,1789016283521
2180118,2,VALIDATED,1789016283524
2180118,3,PROCESSED,1789016283527
2180119,1,INITIATED,1789016283541
2180119,2,VALIDATED,1789016283544
2180119,3,PROCESSED,1789016283547
2180120,1,INITIATED,1789016283561
2180120,2,VALIDATED,1789016283564
2180120,3,PROCESSED,1789016283567
2180121,1,INITIATED,1789016283581
2180121,2,VALIDATED,1789016283585
2180121,3,PROCESSED,1789016283592
2180122,1,INITIATED,1789016283601
2180122,2,VALIDATED,1789016283604
2180122,3,PROCESSED,1789016283607
2180123,1,INITIATED,1789016283621
2180123,2,VALIDATED,1789016283624
2180123,3,PROCESSED,1789016283627
2180124,1,INITIATED,1789016283640
2180124,2,VALIDATED,1789016283644
2180124,3,PROCESSED,1789016283646
2180125,1,INITIATED,1789016283661
2180125,2,VALIDATED,1789016283663
2180125,3,PROCESSED,1789016283666
2180126,1,INITIATED,1789016283681
2180126,2,VALIDATED,1789016283684
2180126,3,PROCESSED,1789016283687
2180127,1,INITIATED,1789016283701
2180127,2,VALIDATED,1789016283703
2180127,3,PROCESSED,1789016283706
2180128,1,INITIATED,1789016283721
2180128,2,VALIDATED,1789016283725
2180128,3,PROCESSED,1789016283728
2180129,1,INITIATED,1789016283741
2180129,2,VALIDATED,1789016283743
2180129,3,PROCESSED,1789016283747
2180130,1,INITIATED,1789016283761
2180130,2,VALIDATED,1789016283764
2180130,3,PROCESSED,1789016283766
2180131,1,INITIATED,1789016283782
2180131,2,VALIDATED,1789016283785
2180131,3,PROCESSED,1789016283789
2180132,1,INITIATED,1789016283801
2180132,2,VALIDATED,1789016283805
2180132,3,PROCESSED,1789016283808
2180133,1,INITIATED,1789016283821
2180133,2,VALIDATED,1789016283823
2180133,3,REJECTED,1789016283826
2180134,1,INITIATED,1789016283841
2180134,2,VALIDATED,1789016283844
2180134,3,REJECTED,1789016283845
2180135,1,INITIATED,1789016283861
2180135,2,VALIDATED,1789016283866
2180135,3,REJECTED,1789016283868
2180136,1,INITIATED,1789016283881
2180136,2,VALIDATED,1789016283884
2180136,3,REJECTED,1789016283886
2180137,1,INITIATED,1789016283901
2180137,2,VALIDATED,1789016283904
2180137,3,PROCESSED,1789016283908
2180138,1,INITIATED,1789016283921
2180138,2,VALIDATED,1789016283924
2180138,3,PROCESSED,1789016283928
2180139,1,INITIATED,1789016283942
2180139,2,VALIDATED,1789016283944
2180139,3,PROCESSED,1789016283947
2180140,1,INITIATED,1789016283961
2180140,2,VALIDATED,1789016283964
2180140,3,PROCESSED,1789016283966
2180141,1,INITIATED,1789016283981
2180141,2,VALIDATED,1789016283983
2180141,3,PROCESSED,1789016283986
2180142,1,INITIATED,1789016284002
2180142,2,VALIDATED,1789016284008
2180142,3,PROCESSED,1789016284012
2180143,1,INITIATED,1789016284021
2180143,2,VALIDATED,1789016284024
2180143,3,PROCESSED,1789016284027
2180144,1,INITIATED,1789016284041
2180144,2,VALIDATED,1789016284198
2180144,3,PROCESSED,1789016284214
2180145,1,INITIATED,1789016284199
2180145,2,VALIDATED,1789016284212
2180145,3,PROCESSED,1789016284278
2180146,1,INITIATED,1789016284198
2180146,2,VALIDATED,1789016284212
2180146,3,PROCESSED,1789016284278
2180147,1,INITIATED,1789016284199
2180147,2,VALIDATED,1789016284213
2180147,3,PROCESSED,1789016284277
2180148,1,INITIATED,1789016284199
2180148,2,VALIDATED,1789016284212
2180148,3,PROCESSED,1789016284277
2180149,1,INITIATED,1789016284199
2180149,2,VALIDATED,1789016284212
2180149,3,PROCESSED,1789016284279
2180150,1,INITIATED,1789016284198
2180150,2,VALIDATED,1789016284213
2180150,3,PROCESSED,1789016284276
2180151,1,INITIATED,1789016284198
2180151,2,VALIDATED,1789016284212
2180151,3,PROCESSED,1789016284277
2180152,1,INITIATED,1789016284201
2180152,2,VALIDATED,1789016284213
2180152,3,PROCESSED,1789016284278
2180153,1,INITIATED,1789016284220
2180153,2,VALIDATED,1789016284275
2180153,3,PROCESSED,1789016284282
2180154,1,INITIATED,1789016284241
2180154,2,VALIDATED,1789016284276
2180154,3,PROCESSED,1789016284282
2180155,1,INITIATED,1789016284260
2180155,2,VALIDATED,1789016284276
2180155,3,PROCESSED,1789016284282
2180156,1,INITIATED,1789016284281
2180156,2,VALIDATED,1789016284283
2180156,3,PROCESSED,1789016284287
2180157,1,INITIATED,1789016284301
2180157,2,VALIDATED,1789016284304
2180157,3,PROCESSED,1789016284307
2180158,1,INITIATED,1789016284321
2180158,2,VALIDATED,1789016284324
2180158,3,PROCESSED,1789016284327
2180159,1,INITIATED,1789016284341
2180159,2,VALIDATED,1789016284344
2180159,3,PROCESSED,1789016284347
2180160,1,INITIATED,1789016284360
2180160,2,VALIDATED,1789016284363
2180160,3,PROCESSED,1789016284367
2180161,1,INITIATED,1789016284380
2180161,2,VALIDATED,1789016284383
2180161,3,PROCESSED,1789016284388
2180162,1,INITIATED,1789016284401
2180162,2,VALIDATED,1789016284404
2180162,3,PROCESSED,1789016284407
2180163,1,INITIATED,1789016284421
2180163,2,VALIDATED,1789016284424
2180163,3,PROCESSED,1789016284428
2180164,1,INITIATED,1789016284441
2180164,2,VALIDATED,1789016284444
2180164,3,PROCESSED,1789016284447
2180165,1,INITIATED,1789016284461
2180165,2,VALIDATED,1789016284464
2180165,3,PROCESSED,1789016284467
2180166,1,INITIATED,1789016284481
2180166,2,VALIDATED,1789016284485
2180166,3,PROCESSED,1789016284487
2180167,1,INITIATED,1789016284501
2180167,2,VALIDATED,1789016284504
2180167,3,PROCESSED,1789016284506
2180168,1,INITIATED,1789016284521
2180168,2,VALIDATED,1789016284524
2180168,3,PROCESSED,1789016284527
2180169,1,INITIATED,1789016284540
2180169,2,VALIDATED,1789016284543
2180169,3,PROCESSED,1789016284546
2180170,1,INITIATED,1789016284560
2180170,2,VALIDATED,1789016284563
2180170,3,PROCESSED,1789016284566
2180171,1,INITIATED,1789016284581
2180171,2,VALIDATED,1789016284584
2180171,3,PROCESSED,1789016284586
2180172,1,INITIATED,1789016284601
2180172,2,VALIDATED,1789016284604
2180172,3,PROCESSED,1789016284607
2180173,1,INITIATED,1789016284620
2180173,2,VALIDATED,1789016284623
2180173,3,PROCESSED,1789016284626
2180174,1,INITIATED,1789016284641
2180174,2,VALIDATED,1789016284644
2180174,3,PROCESSED,1789016284646
2180175,1,INITIATED,1789016284661
2180175,2,VALIDATED,1789016284664
2180175,3,PROCESSED,1789016284666
2180176,1,INITIATED,1789016284681
2180176,2,VALIDATED,1789016284684
2180176,3,PROCESSED,1789016284689
2180177,1,INITIATED,1789016284701
2180177,2,VALIDATED,1789016284704
2180177,3,PROCESSED,1789016284708
2180178,1,INITIATED,1789016284721
2180178,2,VALIDATED,1789016284724
2180178,3,PROCESSED,1789016284727
2180179,1,INITIATED,1789016284741
2180179,2,VALIDATED,1789016284743
2180179,3,PROCESSED,1789016284746
2180180,1,INITIATED,1789016284761
2180180,2,VALIDATED,1789016284766
2180180,3,PROCESSED,1789016284769
2180181,1,INITIATED,1789016284781
2180181,2,VALIDATED,1789016284783
2180181,3,PROCESSED,1789016284786
2180182,1,INITIATED,1789016284801
2180182,2,VALIDATED,1789016284804
2180182,3,PROCESSED,1789016284806
2180183,1,INITIATED,1789016284820
2180183,2,VALIDATED,1789016284823
2180183,3,PROCESSED,1789016284826
2180184,1,INITIATED,1789016284841
2180184,2,VALIDATED,1789016284844
2180184,3,PROCESSED,1789016284847
2180185,1,INITIATED,1789016284860
2180185,2,VALIDATED,1789016284863
2180185,3,PROCESSED,1789016284866
2180186,1,INITIATED,1789016284880
2180186,2,VALIDATED,1789016284887
2180186,3,PROCESSED,1789016284890
2180187,1,INITIATED,1789016284901
2180187,2,VALIDATED,1789016284903
2180187,3,PROCESSED,1789016284906
2180188,1,INITIATED,1789016284921
2180188,2,VALIDATED,1789016284924
2180188,3,PROCESSED,1789016284927
2180189,1,INITIATED,1789016284940
2180189,2,VALIDATED,1789016284943
2180189,3,PROCESSED,1789016284946
2180190,1,INITIATED,1789016284961
2180190,2,VALIDATED,1789016284963
2180190,3,PROCESSED,1789016284966
2180191,1,INITIATED,1789016284980
2180191,2,VALIDATED,1789016284983
2180191,3,PROCESSED,1789016284987
2180192,1,INITIATED,1789016285001
2180192,2,VALIDATED,1789016285004
2180192,3,PROCESSED,1789016285007
2180193,1,INITIATED,1789016285021
2180193,2,VALIDATED,1789016285024
2180193,3,PROCESSED,1789016285027
2180194,1,INITIATED,1789016285042
2180194,2,VALIDATED,1789016285188
2180194,3,PROCESSED,1789016285198
2180195,1,INITIATED,1789016285187
2180195,2,VALIDATED,1789016285196
2180195,3,PROCESSED,1789016285203
2180196,1,INITIATED,1789016285188
2180196,2,VALIDATED,1789016285196
2180196,3,PROCESSED,1789016285202
2180197,1,INITIATED,1789016285188
2180197,2,VALIDATED,1789016285196
2180197,3,PROCESSED,1789016285201
2180198,1,INITIATED,1789016285188
2180198,2,VALIDATED,1789016285196
2180198,3,PROCESSED,1789016285203
2180199,1,INITIATED,1789016285187
2180199,2,VALIDATED,1789016285196
2180199,3,PROCESSED,1789016285203
2180200,1,INITIATED,1789016285187
2180200,2,VALIDATED,1789016285196
2180200,3,PROCESSED,1789016285203
2180201,1,INITIATED,1789016285188
2180201,2,VALIDATED,1789016285196
2180201,3,PROCESSED,1789016285203
2180202,1,INITIATED,1789016285201
2180202,2,VALIDATED,1789016285205
2180202,3,PROCESSED,1789016285209
2180203,1,INITIATED,1789016285221
2180203,2,VALIDATED,1789016285236
2180203,3,PROCESSED,1789016285239
2180204,1,INITIATED,1789016285241
2180204,2,VALIDATED,1789016285243
2180204,3,PROCESSED,1789016285246
2180205,1,INITIATED,1789016285261
2180205,2,VALIDATED,1789016285265
2180205,3,PROCESSED,1789016285269
2180206,1,INITIATED,1789016285281
2180206,2,VALIDATED,1789016285284
2180206,3,PROCESSED,1789016285289
2180207,1,INITIATED,1789016285301
2180207,2,VALIDATED,1789016285304
2180207,3,PROCESSED,1789016285307
2180208,1,INITIATED,1789016285320
2180208,2,VALIDATED,1789016285324
2180208,3,PROCESSED,1789016285329
2180209,1,INITIATED,1789016285340
2180209,2,VALIDATED,1789016285344
2180209,3,PROCESSED,1789016285347
2180210,1,INITIATED,1789016285362
2180210,2,VALIDATED,1789016285365
2180210,3,PROCESSED,1789016285368
2180211,1,INITIATED,1789016285380
2180211,2,VALIDATED,1789016285383
2180211,3,PROCESSED,1789016285386
2180212,1,INITIATED,1789016285401
2180212,2,VALIDATED,1789016285404
2180212,3,PROCESSED,1789016285408
2180213,1,INITIATED,1789016285420
2180213,2,VALIDATED,1789016285424
2180213,3,PROCESSED,1789016285426
2180214,1,INITIATED,1789016285441
2180214,2,VALIDATED,1789016285445
2180214,3,PROCESSED,1789016285450
2180215,1,INITIATED,1789016285461
2180215,2,VALIDATED,1789016285464
2180215,3,PROCESSED,1789016285466
2180216,1,INITIATED,1789016285481
2180216,2,VALIDATED,1789016285484
2180216,3,PROCESSED,1789016285487
2180217,1,INITIATED,1789016285501
2180217,2,VALIDATED,1789016285505
2180217,3,PROCESSED,1789016285510
2180218,1,INITIATED,1789016285521
2180218,2,VALIDATED,1789016285524
2180218,3,PROCESSED,1789016285528
2180219,1,INITIATED,1789016285541
2180219,2,VALIDATED,1789016285544
2180219,3,PROCESSED,1789016285547
2180220,1,INITIATED,1789016285561
2180220,2,VALIDATED,1789016285564
2180220,3,PROCESSED,1789016285567
2180221,1,INITIATED,1789016285581
2180221,2,VALIDATED,1789016285584
2180221,3,PROCESSED,1789016285588
2180222,1,INITIATED,1789016285601
2180222,2,VALIDATED,1789016285604
2180222,3,PROCESSED,1789016285608
2180223,1,INITIATED,1789016285621
2180223,2,VALIDATED,1789016285624
2180223,3,PROCESSED,1789016285628
2180224,1,INITIATED,1789016285641
2180224,2,VALIDATED,1789016285644
2180224,3,PROCESSED,1789016285647
2180225,1,INITIATED,1789016285661
2180225,2,VALIDATED,1789016285663
2180225,3,PROCESSED,1789016285666
2180226,1,INITIATED,1789016285680
2180226,2,VALIDATED,1789016285684
2180226,3,PROCESSED,1789016285687
2180227,1,INITIATED,1789016285701
2180227,2,VALIDATED,1789016285704
2180227,3,PROCESSED,1789016285708
2180228,1,INITIATED,1789016285721
2180228,2,VALIDATED,1789016285725
2180228,3,PROCESSED,1789016285728
2180229,1,INITIATED,1789016285741
2180229,2,VALIDATED,1789016285744
2180229,3,PROCESSED,1789016285747
2180230,1,INITIATED,1789016285762
2180230,2,VALIDATED,1789016285765
2180230,3,PROCESSED,1789016285768
2180231,1,INITIATED,1789016285781
2180231,2,VALIDATED,1789016285783
2180231,3,PROCESSED,1789016285786
2180232,1,INITIATED,1789016285800
2180232,2,VALIDATED,1789016285804
2180232,3,PROCESSED,1789016285808
2180233,1,INITIATED,1789016285821
2180233,2,VALIDATED,1789016285824
2180233,3,REJECTED,1789016285826
2180234,1,INITIATED,1789016285841
2180234,2,VALIDATED,1789016285844
2180234,3,REJECTED,1789016285846
2180235,1,INITIATED,1789016285861
2180235,2,VALIDATED,1789016285865
2180235,3,REJECTED,1789016285868
2180236,1,INITIATED,1789016285881
2180236,2,VALIDATED,1789016285885
2180236,3,REJECTED,1789016285890
2180237,1,INITIATED,1789016285901
2180237,2,VALIDATED,1789016285904
2180237,3,PROCESSED,1789016285907
2180238,1,INITIATED,1789016285920
2180238,2,VALIDATED,1789016285924
2180238,3,PROCESSED,1789016285927
2180239,1,INITIATED,1789016285941
2180239,2,VALIDATED,1789016285944
2180239,3,PROCESSED,1789016285946
2180240,1,INITIATED,1789016285961
2180240,2,VALIDATED,1789016285963
2180240,3,PROCESSED,1789016285966
2180241,1,INITIATED,1789016285981
2180241,2,VALIDATED,1789016285984
2180241,3,PROCESSED,1789016285986
2180242,1,INITIATED,1789016286001
2180242,2,VALIDATED,1789016286004
2180242,3,PROCESSED,1789016286008
2180243,1,INITIATED,1789016286021
2180243,2,VALIDATED,1789016286025
2180243,3,PROCESSED,1789016286030
2180244,1,INITIATED,1789016286043
2180244,2,VALIDATED,1789016286049
2180244,3,PROCESSED,1789016286058
2180245,1,INITIATED,1789016286061
2180245,2,VALIDATED,1789016286064
2180245,3,PROCESSED,1789016286066
2180246,1,INITIATED,1789016286081
2180246,2,VALIDATED,1789016286084
2180246,3,PROCESSED,1789016286086
2180247,1,INITIATED,1789016286101
2180247,2,VALIDATED,1789016286104
2180247,3,PROCESSED,1789016286106
2180248,1,INITIATED,1789016286121
2180248,2,VALIDATED,1789016286123
2180248,3,PROCESSED,1789016286126
2180249,1,INITIATED,1789016286140
2180249,2,VALIDATED,1789016286143
2180249,3,PROCESSED,1789016286145
2180250,1,INITIATED,1789016286161
2180250,2,VALIDATED,1789016286164
2180250,3,PROCESSED,1789016286167
2180251,1,INITIATED,1789016286181
2180251,2,VALIDATED,1789016286184
2180251,3,PROCESSED,1789016286189
2180252,1,INITIATED,1789016286201
2180252,2,VALIDATED,1789016286204
2180252,3,PROCESSED,1789016286207
2180253,1,INITIATED,1789016286221
2180253,2,VALIDATED,1789016286224
2180253,3,PROCESSED,1789016286227
2180254,1,INITIATED,1789016286241
2180254,2,VALIDATED,1789016286243
2180254,3,PROCESSED,1789016286246
2180255,1,INITIATED,1789016286261
2180255,2,VALIDATED,1789016286264
2180255,3,PROCESSED,1789016286268
2180256,1,INITIATED,1789016286282
2180256,2,VALIDATED,1789016286286
2180256,3,PROCESSED,1789016286289
2180257,1,INITIATED,1789016286301
2180257,2,VALIDATED,1789016286303
2180257,3,PROCESSED,1789016286307
2180258,1,INITIATED,1789016286320
2180258,2,VALIDATED,1789016286324
2180258,3,PROCESSED,1789016286327
2180259,1,INITIATED,1789016286341
2180259,2,VALIDATED,1789016286344
2180259,3,PROCESSED,1789016286348
2180260,1,INITIATED,1789016286361
2180260,2,VALIDATED,1789016286363
2180260,3,PROCESSED,1789016286366
2180261,1,INITIATED,1789016286381
2180261,2,VALIDATED,1789016286384
2180261,3,PROCESSED,1789016286388
2180262,1,INITIATED,1789016286401
2180262,2,VALIDATED,1789016286403
2180262,3,PROCESSED,1789016286407
2180263,1,INITIATED,1789016286421
2180263,2,VALIDATED,1789016286424
2180263,3,PROCESSED,1789016286427
2180264,1,INITIATED,1789016286441
2180264,2,VALIDATED,1789016286444
2180264,3,PROCESSED,1789016286449
2180265,1,INITIATED,1789016286461
2180265,2,VALIDATED,1789016286466
2180265,3,PROCESSED,1789016286469
2180266,1,INITIATED,1789016286481
2180266,2,VALIDATED,1789016286485
2180266,3,PROCESSED,1789016286490
2180267,1,INITIATED,1789016286501
2180267,2,VALIDATED,1789016286507
2180267,3,PROCESSED,1789016286511
2180268,1,INITIATED,1789016286521
2180268,2,VALIDATED,1789016286525
2180268,3,PROCESSED,1789016286529
2180269,1,INITIATED,1789016286541
2180269,2,VALIDATED,1789016286545
2180269,3,PROCESSED,1789016286548
2180270,1,INITIATED,1789016286561
2180270,2,VALIDATED,1789016286564
2180270,3,PROCESSED,1789016286568
2180271,1,INITIATED,1789016286581
2180271,2,VALIDATED,1789016286584
2180271,3,PROCESSED,1789016286587
2180272,1,INITIATED,1789016286601
2180272,2,VALIDATED,1789016286605
2180272,3,PROCESSED,1789016286609
2180273,1,INITIATED,1789016286621
2180273,2,VALIDATED,1789016286625
2180273,3,PROCESSED,1789016286629
2180274,1,INITIATED,1789016286641
2180274,2,VALIDATED,1789016286645
2180274,3,PROCESSED,1789016286648
2180275,1,INITIATED,1789016286661
2180275,2,VALIDATED,1789016286664
2180275,3,PROCESSED,1789016286668
2180276,1,INITIATED,1789016286681
2180276,2,VALIDATED,1789016286684
2180276,3,PROCESSED,1789016286688
2180277,1,INITIATED,1789016286701
2180277,2,VALIDATED,1789016286704
2180277,3,PROCESSED,1789016286707
2180278,1,INITIATED,1789016286721
2180278,2,VALIDATED,1789016286724
2180278,3,PROCESSED,1789016286728
2180279,1,INITIATED,1789016286740
2180279,2,VALIDATED,1789016286743
2180279,3,PROCESSED,1789016286746
2180280,1,INITIATED,1789016286761
2180280,2,VALIDATED,1789016286764
2180280,3,PROCESSED,1789016286767
2180281,1,INITIATED,1789016286780
2180281,2,VALIDATED,1789016286783
2180281,3,PROCESSED,1789016286786
2180282,1,INITIATED,1789016286801
2180282,2,VALIDATED,1789016286804
2180282,3,PROCESSED,1789016286807
2180283,1,INITIATED,1789016286821
2180283,2,VALIDATED,1789016286825
2180283,3,PROCESSED,1789016286828
2180284,1,INITIATED,1789016286841
2180284,2,VALIDATED,1789016286844
2180284,3,PROCESSED,1789016286848
2180285,1,INITIATED,1789016286861
2180285,2,VALIDATED,1789016286864
2180285,3,PROCESSED,1789016286868
2180286,1,INITIATED,1789016286882
2180286,2,VALIDATED,1789016286885
2180286,3,PROCESSED,1789016286889
2180287,1,INITIATED,1789016286901
2180287,2,VALIDATED,1789016286904
2180287,3,PROCESSED,1789016286908
2180288,1,INITIATED,1789016286921
2180288,2,VALIDATED,1789016286924
2180288,3,PROCESSED,1789016286928
2180289,1,INITIATED,1789016286941
2180289,2,VALIDATED,1789016286944
2180289,3,PROCESSED,1789016286948
2180290,1,INITIATED,1789016286961
2180290,2,VALIDATED,1789016286964
2180290,3,PROCESSED,1789016286967
2180291,1,INITIATED,1789016286981
2180291,2,VALIDATED,1789016286984
2180291,3,PROCESSED,1789016286986
2180292,1,INITIATED,1789016287001
2180292,2,VALIDATED,1789016287004
2180292,3,PROCESSED,1789016287008
2180293,1,INITIATED,1789016287021
2180293,2,VALIDATED,1789016287025
2180293,3,PROCESSED,1789016287029
2180294,1,INITIATED,1789016287058
2180294,2,VALIDATED,1789016287064
2180294,3,PROCESSED,1789016287073
2180295,1,INITIATED,1789016287062
2180295,2,VALIDATED,1789016287071
2180295,3,PROCESSED,1789016287122
2180296,1,INITIATED,1789016287081
2180296,2,VALIDATED,1789016287121
2180296,3,PROCESSED,1789016287126
2180297,1,INITIATED,1789016287101
2180297,2,VALIDATED,1789016287121
2180297,3,PROCESSED,1789016287126
2180298,1,INITIATED,1789016287121
2180298,2,VALIDATED,1789016287124
2180298,3,PROCESSED,1789016287128
2180299,1,INITIATED,1789016287141
2180299,2,VALIDATED,1789016287151
2180299,3,PROCESSED,1789016287156
2180300,1,INITIATED,1789016287161
2180300,2,VALIDATED,1789016287164
2180300,3,PROCESSED,1789016287168
2180301,1,INITIATED,1789016287181
2180301,2,VALIDATED,1789016287185
2180301,3,PROCESSED,1789016287190
2180302,1,INITIATED,1789016287201
2180302,2,VALIDATED,1789016287205
2180302,3,PROCESSED,1789016287214
2180303,1,INITIATED,1789016287221
2180303,2,VALIDATED,1789016287224
2180303,3,PROCESSED,1789016287228
2180304,1,INITIATED,1789016287241
2180304,2,VALIDATED,1789016287244
2180304,3,PROCESSED,1789016287249
2180305,1,INITIATED,1789016287261
2180305,2,VALIDATED,1789016287265
2180305,3,PROCESSED,1789016287268
2180306,1,INITIATED,1789016287281
2180306,2,VALIDATED,1789016287284
2180306,3,PROCESSED,1789016287288
2180307,1,INITIATED,1789016287301
2180307,2,VALIDATED,1789016287306
2180307,3,PROCESSED,1789016287311
2180308,1,INITIATED,1789016287322
2180308,2,VALIDATED,1789016287326
2180308,3,PROCESSED,1789016287330
2180309,1,INITIATED,1789016287341
2180309,2,VALIDATED,1789016287347
2180309,3,PROCESSED,1789016287352
2180310,1,INITIATED,1789016287361
2180310,2,VALIDATED,1789016287365
2180310,3,PROCESSED,1789016287369
2180311,1,INITIATED,1789016287381
2180311,2,VALIDATED,1789016287384
2180311,3,PROCESSED,1789016287388
2180312,1,INITIATED,1789016287401
2180312,2,VALIDATED,1789016287406
2180312,3,PROCESSED,1789016287410
2180313,1,INITIATED,1789016287422
2180313,2,VALIDATED,1789016287425
2180313,3,PROCESSED,1789016287429
2180314,1,INITIATED,1789016287441
2180314,2,VALIDATED,1789016287444
2180314,3,PROCESSED,1789016287448
2180315,1,INITIATED,1789016287461
2180315,2,VALIDATED,1789016287464
2180315,3,PROCESSED,1789016287468
2180316,1,INITIATED,1789016287481
2180316,2,VALIDATED,1789016287484
2180316,3,PROCESSED,1789016287487
2180317,1,INITIATED,1789016287502
2180317,2,VALIDATED,1789016287505
2180317,3,PROCESSED,1789016287509
2180318,1,INITIATED,1789016287521
2180318,2,VALIDATED,1789016287525
2180318,3,PROCESSED,1789016287529
2180319,1,INITIATED,1789016287541
2180319,2,VALIDATED,1789016287545
2180319,3,PROCESSED,1789016287550
2180320,1,INITIATED,1789016287561
2180320,2,VALIDATED,1789016287565
2180320,3,PROCESSED,1789016287569
2180321,1,INITIATED,1789016287581
2180321,2,VALIDATED,1789016287585
2180321,3,PROCESSED,1789016287590
2180322,1,INITIATED,1789016287601
2180322,2,VALIDATED,1789016287605
2180322,3,PROCESSED,1789016287609
2180323,1,INITIATED,1789016287621
2180323,2,VALIDATED,1789016287625
2180323,3,PROCESSED,1789016287631
2180324,1,INITIATED,1789016287641
2180324,2,VALIDATED,1789016287644
2180324,3,PROCESSED,1789016287648
2180325,1,INITIATED,1789016287661
2180325,2,VALIDATED,1789016287664
2180325,3,PROCESSED,1789016287668
2180326,1,INITIATED,1789016287681
2180326,2,VALIDATED,1789016287684
2180326,3,PROCESSED,1789016287688
2180327,1,INITIATED,1789016287701
2180327,2,VALIDATED,1789016287705
2180327,3,PROCESSED,1789016287708
2180328,1,INITIATED,1789016287721
2180328,2,VALIDATED,1789016287725
2180328,3,PROCESSED,1789016287729
2180329,1,INITIATED,1789016287741
2180329,2,VALIDATED,1789016287744
2180329,3,PROCESSED,1789016287747
2180330,1,INITIATED,1789016287761
2180330,2,VALIDATED,1789016287764
2180330,3,PROCESSED,1789016287768
2180331,1,INITIATED,1789016287782
2180331,2,VALIDATED,1789016287785
2180331,3,PROCESSED,1789016287790
2180332,1,INITIATED,1789016287801
2180332,2,VALIDATED,1789016287804
2180332,3,PROCESSED,1789016287808
2180333,1,INITIATED,1789016287821
2180333,2,VALIDATED,1789016287828
2180333,3,REJECTED,1789016287830
2180334,1,INITIATED,1789016287841
2180334,2,VALIDATED,1789016287845
2180334,3,REJECTED,1789016287847
2180335,1,INITIATED,1789016287861
2180335,2,VALIDATED,1789016287865
2180335,3,REJECTED,1789016287867
2180336,1,INITIATED,1789016287882
2180336,2,VALIDATED,1789016287885
2180336,3,REJECTED,1789016287888
2180337,1,INITIATED,1789016287901
2180337,2,VALIDATED,1789016287905
2180337,3,PROCESSED,1789016287908
2180338,1,INITIATED,1789016287921
2180338,2,VALIDATED,1789016287925
2180338,3,PROCESSED,1789016287928
2180339,1,INITIATED,1789016287941
2180339,2,VALIDATED,1789016287944
2180339,3,PROCESSED,1789016287948
2180340,1,INITIATED,1789016287961
2180340,2,VALIDATED,1789016287964
2180340,3,PROCESSED,1789016287967
2180341,1,INITIATED,1789016287981
2180341,2,VALIDATED,1789016287984
2180341,3,PROCESSED,1789016287987
2180342,1,INITIATED,1789016288001
2180342,2,VALIDATED,1789016288004
2180342,3,PROCESSED,1789016288008
2180343,1,INITIATED,1789016288021
2180343,2,VALIDATED,1789016288024
2180343,3,PROCESSED,1789016288027
2180344,1,INITIATED,1789016288041
2180344,2,VALIDATED,1789016288044
2180344,3,PROCESSED,1789016288145
2180345,1,INITIATED,1789016288143
2180345,2,VALIDATED,1789016288147
2180345,3,PROCESSED,1789016288154
2180346,1,INITIATED,1789016288143
2180346,2,VALIDATED,1789016288147
2180346,3,PROCESSED,1789016288154
2180347,1,INITIATED,1789016288144
2180347,2,VALIDATED,1789016288147
2180347,3,PROCESSED,1789016288154
2180348,1,INITIATED,1789016288143
2180348,2,VALIDATED,1789016288147
2180348,3,PROCESSED,1789016288154
2180349,1,INITIATED,1789016288143
2180349,2,VALIDATED,1789016288147
2180349,3,PROCESSED,1789016288154
2180350,1,INITIATED,1789016288161
2180350,2,VALIDATED,1789016288164
2180350,3,PROCESSED,1789016288183
2180351,1,INITIATED,1789016288181
2180351,2,VALIDATED,1789016288185
2180351,3,PROCESSED,1789016288189
2180352,1,INITIATED,1789016288201
2180352,2,VALIDATED,1789016288205
2180352,3,PROCESSED,1789016288209
2180353,1,INITIATED,1789016288222
2180353,2,VALIDATED,1789016288225
2180353,3,PROCESSED,1789016288229
2180354,1,INITIATED,1789016288242
2180354,2,VALIDATED,1789016288244
2180354,3,PROCESSED,1789016288248
2180355,1,INITIATED,1789016288261
2180355,2,VALIDATED,1789016288265
2180355,3,PROCESSED,1789016288268
2180356,1,INITIATED,1789016288282
2180356,2,VALIDATED,1789016288285
2180356,3,PROCESSED,1789016288294
2180357,1,INITIATED,1789016288301
2180357,2,VALIDATED,1789016288303
2180357,3,PROCESSED,1789016288308
2180358,1,INITIATED,1789016288321
2180358,2,VALIDATED,1789016288325
2180358,3,PROCESSED,1789016288329
2180359,1,INITIATED,1789016288341
2180359,2,VALIDATED,1789016288345
2180359,3,PROCESSED,1789016288349
2180360,1,INITIATED,1789016288361
2180360,2,VALIDATED,1789016288364
2180360,3,PROCESSED,1789016288368
2180361,1,INITIATED,1789016288382
2180361,2,VALIDATED,1789016288385
2180361,3,PROCESSED,1789016288389
2180362,1,INITIATED,1789016288402
2180362,2,VALIDATED,1789016288406
2180362,3,PROCESSED,1789016288410
2180363,1,INITIATED,1789016288421
2180363,2,VALIDATED,1789016288425
2180363,3,PROCESSED,1789016288429
2180364,1,INITIATED,1789016288441
2180364,2,VALIDATED,1789016288445
2180364,3,PROCESSED,1789016288449
2180365,1,INITIATED,1789016288462
2180365,2,VALIDATED,1789016288465
2180365,3,PROCESSED,1789016288469
2180366,1,INITIATED,1789016288482
2180366,2,VALIDATED,1789016288485
2180366,3,PROCESSED,1789016288489
2180367,1,INITIATED,1789016288501
2180367,2,VALIDATED,1789016288505
2180367,3,PROCESSED,1789016288509
2180368,1,INITIATED,1789016288521
2180368,2,VALIDATED,1789016288525
2180368,3,PROCESSED,1789016288530
2180369,1,INITIATED,1789016288541
2180369,2,VALIDATED,1789016288545
2180369,3,PROCESSED,1789016288552
2180370,1,INITIATED,1789016288562
2180370,2,VALIDATED,1789016288565
2180370,3,PROCESSED,1789016288569
2180371,1,INITIATED,1789016288581
2180371,2,VALIDATED,1789016288584
2180371,3,PROCESSED,1789016288588
2180372,1,INITIATED,1789016288602
2180372,2,VALIDATED,1789016288606
2180372,3,PROCESSED,1789016288610
2180373,1,INITIATED,1789016288621
2180373,2,VALIDATED,1789016288625
2180373,3,PROCESSED,1789016288630
2180374,1,INITIATED,1789016288641
2180374,2,VALIDATED,1789016288644
2180374,3,PROCESSED,1789016288649
2180375,1,INITIATED,1789016288661
2180375,2,VALIDATED,1789016288664
2180375,3,PROCESSED,1789016288668
2180376,1,INITIATED,1789016288680
2180376,2,VALIDATED,1789016288684
2180376,3,PROCESSED,1789016288688
2180377,1,INITIATED,1789016288701
2180377,2,VALIDATED,1789016288704
2180377,3,PROCESSED,1789016288709
2180378,1,INITIATED,1789016288721
2180378,2,VALIDATED,1789016288724
2180378,3,PROCESSED,1789016288729
2180379,1,INITIATED,1789016288741
2180379,2,VALIDATED,1789016288744
2180379,3,PROCESSED,1789016288747
2180380,1,INITIATED,1789016288761
2180380,2,VALIDATED,1789016288764
2180380,3,PROCESSED,1789016288768
2180381,1,INITIATED,1789016288781
2180381,2,VALIDATED,1789016288784
2180381,3,PROCESSED,1789016288788
2180382,1,INITIATED,1789016288801
2180382,2,VALIDATED,1789016288805
2180382,3,PROCESSED,1789016288808
2180383,1,INITIATED,1789016288821
2180383,2,VALIDATED,1789016288824
2180383,3,PROCESSED,1789016288827
2180384,1,INITIATED,1789016288841
2180384,2,VALIDATED,1789016288850
2180384,3,PROCESSED,1789016288855
2180385,1,INITIATED,1789016288861
2180385,2,VALIDATED,1789016288865
2180385,3,PROCESSED,1789016288868
2180386,1,INITIATED,1789016288881
2180386,2,VALIDATED,1789016288884
2180386,3,PROCESSED,1789016288888
2180387,1,INITIATED,1789016288901
2180387,2,VALIDATED,1789016288905
2180387,3,PROCESSED,1789016288910
2180388,1,INITIATED,1789016288921
2180388,2,VALIDATED,1789016288924
2180388,3,PROCESSED,1789016288927
2180389,1,INITIATED,1789016288942
2180389,2,VALIDATED,1789016288945
2180389,3,PROCESSED,1789016288949
2180390,1,INITIATED,1789016288960
2180390,2,VALIDATED,1789016288964
2180390,3,PROCESSED,1789016288966
2180391,1,INITIATED,1789016288981
2180391,2,VALIDATED,1789016288984
2180391,3,PROCESSED,1789016288987
2180392,1,INITIATED,1789016289001
2180392,2,VALIDATED,1789016289004
2180392,3,PROCESSED,1789016289006
2180393,1,INITIATED,1789016289021
2180393,2,VALIDATED,1789016289023
2180393,3,PROCESSED,1789016289026
2180394,1,INITIATED,1789016289040
2180394,2,VALIDATED,1789016289043
2180394,3,PROCESSED,1789016289052
2180395,1,INITIATED,1789016289178
2180395,2,VALIDATED,1789016289182
2180395,3,PROCESSED,1789016289191
2180396,1,INITIATED,1789016289177
2180396,2,VALIDATED,1789016289182
2180396,3,PROCESSED,1789016289192
2180397,1,INITIATED,1789016289177
2180397,2,VALIDATED,1789016289181
2180397,3,PROCESSED,1789016289192
2180398,1,INITIATED,1789016289177
2180398,2,VALIDATED,1789016289181
2180398,3,PROCESSED,1789016289191
2180399,1,INITIATED,1789016289177
2180399,2,VALIDATED,1789016289182
2180399,3,PROCESSED,1789016289192
2180400,1,INITIATED,1789016289178
2180400,2,VALIDATED,1789016289182
2180400,3,PROCESSED,1789016289192
2180401,1,INITIATED,1789016289182
2180401,2,VALIDATED,1789016289190
2180401,3,PROCESSED,1789016289195
2180402,1,INITIATED,1789016289201
2180402,2,VALIDATED,1789016289216
2180402,3,PROCESSED,1789016289225
2180403,1,INITIATED,1789016289221
2180403,2,VALIDATED,1789016289224
2180403,3,PROCESSED,1789016289228
2180404,1,INITIATED,1789016289241
2180404,2,VALIDATED,1789016289244
2180404,3,PROCESSED,1789016289248
2180405,1,INITIATED,1789016289260
2180405,2,VALIDATED,1789016289264
2180405,3,PROCESSED,1789016289282
2180406,1,INITIATED,1789016289281
2180406,2,VALIDATED,1789016289283
2180406,3,PROCESSED,1789016289289
2180407,1,INITIATED,1789016289301
2180407,2,VALIDATED,1789016289304
2180407,3,PROCESSED,1789016289308
2180408,1,INITIATED,1789016289321
2180408,2,VALIDATED,1789016289325
2180408,3,PROCESSED,1789016289329
2180409,1,INITIATED,1789016289341
2180409,2,VALIDATED,1789016289344
2180409,3,PROCESSED,1789016289348
2180410,1,INITIATED,1789016289361
2180410,2,VALIDATED,1789016289364
2180410,3,PROCESSED,1789016289368
2180411,1,INITIATED,1789016289381
2180411,2,VALIDATED,1789016289384
2180411,3,PROCESSED,1789016289387
2180412,1,INITIATED,1789016289401
2180412,2,VALIDATED,1789016289405
2180412,3,PROCESSED,1789016289409
2180413,1,INITIATED,1789016289421
2180413,2,VALIDATED,1789016289425
2180413,3,PROCESSED,1789016289429
2180414,1,INITIATED,1789016289442
2180414,2,VALIDATED,1789016289445
2180414,3,PROCESSED,1789016289449
2180415,1,INITIATED,1789016289460
2180415,2,VALIDATED,1789016289464
2180415,3,PROCESSED,1789016289467
2180416,1,INITIATED,1789016289481
2180416,2,VALIDATED,1789016289485
2180416,3,PROCESSED,1789016289488
2180417,1,INITIATED,1789016289501
2180417,2,VALIDATED,1789016289505
2180417,3,PROCESSED,1789016289510
2180418,1,INITIATED,1789016289521
2180418,2,VALIDATED,1789016289525
2180418,3,PROCESSED,1789016289529
2180419,1,INITIATED,1789016289542
2180419,2,VALIDATED,1789016289545
2180419,3,PROCESSED,1789016289559
2180420,1,INITIATED,1789016289561
2180420,2,VALIDATED,1789016289563
2180420,3,PROCESSED,1789016289566
2180421,1,INITIATED,1789016289582
2180421,2,VALIDATED,1789016289585
2180421,3,PROCESSED,1789016289589
2180422,1,INITIATED,1789016289600
2180422,2,VALIDATED,1789016289604
2180422,3,PROCESSED,1789016289607
2180423,1,INITIATED,1789016289621
2180423,2,VALIDATED,1789016289624
2180423,3,PROCESSED,1789016289628
2180424,1,INITIATED,1789016289641
2180424,2,VALIDATED,1789016289645
2180424,3,PROCESSED,1789016289649
2180425,1,INITIATED,1789016289661
2180425,2,VALIDATED,1789016289664
2180425,3,PROCESSED,1789016289668
2180426,1,INITIATED,1789016289681
2180426,2,VALIDATED,1789016289685
2180426,3,PROCESSED,1789016289688
2180427,1,INITIATED,1789016289701
2180427,2,VALIDATED,1789016289704
2180427,3,PROCESSED,1789016289708
2180428,1,INITIATED,1789016289721
2180428,2,VALIDATED,1789016289725
2180428,3,PROCESSED,1789016289729
2180429,1,INITIATED,1789016289741
2180429,2,VALIDATED,1789016289744
2180429,3,PROCESSED,1789016289748
2180430,1,INITIATED,1789016289761
2180430,2,VALIDATED,1789016289765
2180430,3,PROCESSED,1789016289769
2180431,1,INITIATED,1789016289781
2180431,2,VALIDATED,1789016289784
2180431,3,PROCESSED,1789016289788
2180432,1,INITIATED,1789016289801
2180432,2,VALIDATED,1789016289817
2180432,3,PROCESSED,1789016289822
2180433,1,INITIATED,1789016289820
2180433,2,VALIDATED,1789016289823
2180433,3,REJECTED,1789016289826
2180434,1,INITIATED,1789016289842
2180434,2,VALIDATED,1789016289845
2180434,3,REJECTED,1789016289848
2180435,1,INITIATED,1789016289861
2180435,2,VALIDATED,1789016289864
2180435,3,REJECTED,1789016289866
2180436,1,INITIATED,1789016289882
2180436,2,VALIDATED,1789016289890
2180436,3,REJECTED,1789016289895
2180437,1,INITIATED,1789016289902
2180437,2,VALIDATED,1789016289906
2180437,3,PROCESSED,1789016289910
2180438,1,INITIATED,1789016289921
2180438,2,VALIDATED,1789016289925
2180438,3,PROCESSED,1789016289929
2180439,1,INITIATED,1789016289941
2180439,2,VALIDATED,1789016289945
2180439,3,PROCESSED,1789016289948
2180440,1,INITIATED,1789016289961
2180440,2,VALIDATED,1789016289965
2180440,3,PROCESSED,1789016289969
2180441,1,INITIATED,1789016289981
2180441,2,VALIDATED,1789016289984
2180441,3,PROCESSED,1789016289988
2180442,1,INITIATED,1789016290002
2180442,2,VALIDATED,1789016290006
2180442,3,PROCESSED,1789016290010
2180443,1,INITIATED,1789016290021
2180443,2,VALIDATED,1789016290025
2180443,3,PROCESSED,1789016290028
2180444,1,INITIATED,1789016290041
2180444,2,VALIDATED,1789016290088
2180444,3,PROCESSED,1789016290093
2180445,1,INITIATED,1789016290086
2180445,2,VALIDATED,1789016290090
2180445,3,PROCESSED,1789016290109
2180446,1,INITIATED,1789016290086
2180446,2,VALIDATED,1789016290090
2180446,3,PROCESSED,1789016290109
2180447,1,INITIATED,1789016290102
2180447,2,VALIDATED,1789016290107
2180447,3,PROCESSED,1789016290113
2180448,1,INITIATED,1789016290121
2180448,2,VALIDATED,1789016290125
2180448,3,PROCESSED,1789016290129
2180449,1,INITIATED,1789016290141
2180449,2,VALIDATED,1789016290144
2180449,3,PROCESSED,1789016290148
2180450,1,INITIATED,1789016290161
2180450,2,VALIDATED,1789016290165
2180450,3,PROCESSED,1789016290169
2180451,1,INITIATED,1789016290181
2180451,2,VALIDATED,1789016290185
2180451,3,PROCESSED,1789016290189
2180452,1,INITIATED,1789016290201
2180452,2,VALIDATED,1789016290206
2180452,3,PROCESSED,1789016290212
2180453,1,INITIATED,1789016290221
2180453,2,VALIDATED,1789016290224
2180453,3,PROCESSED,1789016290229
2180454,1,INITIATED,1789016290241
2180454,2,VALIDATED,1789016290244
2180454,3,PROCESSED,1789016290248
2180455,1,INITIATED,1789016290261
2180455,2,VALIDATED,1789016290265
2180455,3,PROCESSED,1789016290270
2180456,1,INITIATED,1789016290281
2180456,2,VALIDATED,1789016290285
2180456,3,PROCESSED,1789016290289
2180457,1,INITIATED,1789016290301
2180457,2,VALIDATED,1789016290304
2180457,3,PROCESSED,1789016290308
2180458,1,INITIATED,1789016290321
2180458,2,VALIDATED,1789016290324
2180458,3,PROCESSED,1789016290328
2180459,1,INITIATED,1789016290341
2180459,2,VALIDATED,1789016290345
2180459,3,PROCESSED,1789016290349
2180460,1,INITIATED,1789016290362
2180460,2,VALIDATED,1789016290364
2180460,3,PROCESSED,1789016290367
2180461,1,INITIATED,1789016290381
2180461,2,VALIDATED,1789016290385
2180461,3,PROCESSED,1789016290388
2180462,1,INITIATED,1789016290401
2180462,2,VALIDATED,1789016290405
2180462,3,PROCESSED,1789016290410
2180463,1,INITIATED,1789016290422
2180463,2,VALIDATED,1789016290440
2180463,3,PROCESSED,1789016290444
2180464,1,INITIATED,1789016290441
2180464,2,VALIDATED,1789016290443
2180464,3,PROCESSED,1789016290447
2180465,1,INITIATED,1789016290461
2180465,2,VALIDATED,1789016290466
2180465,3,PROCESSED,1789016290469
2180466,1,INITIATED,1789016290481
2180466,2,VALIDATED,1789016290484
2180466,3,PROCESSED,1789016290488
2180467,1,INITIATED,1789016290501
2180467,2,VALIDATED,1789016290505
2180467,3,PROCESSED,1789016290509
2180468,1,INITIATED,1789016290521
2180468,2,VALIDATED,1789016290525
2180468,3,PROCESSED,1789016290529
2180469,1,INITIATED,1789016290541
2180469,2,VALIDATED,1789016290545
2180469,3,PROCESSED,1789016290549
2180470,1,INITIATED,1789016290561
2180470,2,VALIDATED,1789016290565
2180470,3,PROCESSED,1789016290569
2180471,1,INITIATED,1789016290581
2180471,2,VALIDATED,1789016290585
2180471,3,PROCESSED,1789016290589
2180472,1,INITIATED,1789016290601
2180472,2,VALIDATED,1789016290605
2180472,3,PROCESSED,1789016290608
2180473,1,INITIATED,1789016290621
2180473,2,VALIDATED,1789016290625
2180473,3,PROCESSED,1789016290628
2180474,1,INITIATED,1789016290642
2180474,2,VALIDATED,1789016290645
2180474,3,PROCESSED,1789016290649
2180475,1,INITIATED,1789016290661
2180475,2,VALIDATED,1789016290664
2180475,3,PROCESSED,1789016290668
2180476,1,INITIATED,1789016290681
2180476,2,VALIDATED,1789016290684
2180476,3,PROCESSED,1789016290688
2180477,1,INITIATED,1789016290701
2180477,2,VALIDATED,1789016290704
2180477,3,PROCESSED,1789016290708
2180478,1,INITIATED,1789016290721
2180478,2,VALIDATED,1789016290725
2180478,3,PROCESSED,1789016290729
2180479,1,INITIATED,1789016290741
2180479,2,VALIDATED,1789016290744
2180479,3,PROCESSED,1789016290749
2180480,1,INITIATED,1789016290761
2180480,2,VALIDATED,1789016290764
2180480,3,PROCESSED,1789016290768
2180481,1,INITIATED,1789016290782
2180481,2,VALIDATED,1789016290785
2180481,3,PROCESSED,1789016290789
2180482,1,INITIATED,1789016290801
2180482,2,VALIDATED,1789016290804
2180482,3,PROCESSED,1789016290807
2180483,1,INITIATED,1789016290821
2180483,2,VALIDATED,1789016290825
2180483,3,PROCESSED,1789016290829
2180484,1,INITIATED,1789016290841
2180484,2,VALIDATED,1789016290845
2180484,3,PROCESSED,1789016290849
2180485,1,INITIATED,1789016290861
2180485,2,VALIDATED,1789016290864
2180485,3,PROCESSED,1789016290868
2180486,1,INITIATED,1789016290881
2180486,2,VALIDATED,1789016290885
2180486,3,PROCESSED,1789016290888
2180487,1,INITIATED,1789016290901
2180487,2,VALIDATED,1789016290904
2180487,3,PROCESSED,1789016290908
2180488,1,INITIATED,1789016290921
2180488,2,VALIDATED,1789016290924
2180488,3,PROCESSED,1789016290928
2180489,1,INITIATED,1789016290941
2180489,2,VALIDATED,1789016290945
2180489,3,PROCESSED,1789016290949
2180490,1,INITIATED,1789016290961
2180490,2,VALIDATED,1789016290965
2180490,3,PROCESSED,1789016290968
2180491,1,INITIATED,1789016290981
2180491,2,VALIDATED,1789016290984
2180491,3,PROCESSED,1789016290987
2180492,1,INITIATED,1789016291002
2180492,2,VALIDATED,1789016291006
2180492,3,PROCESSED,1789016291011
2180493,1,INITIATED,1789016291020
2180493,2,VALIDATED,1789016291023
2180493,3,PROCESSED,1789016291026
2180494,1,INITIATED,1789016291041
2180494,2,VALIDATED,1789016291301
2180494,3,PROCESSED,1789016291310
2180495,1,INITIATED,1789016291302
2180495,2,VALIDATED,1789016291307
2180495,3,PROCESSED,1789016291313
2180496,1,INITIATED,1789016291301
2180496,2,VALIDATED,1789016291305
2180496,3,PROCESSED,1789016291312
2180497,1,INITIATED,1789016291301
2180497,2,VALIDATED,1789016291305
2180497,3,PROCESSED,1789016291310
2180498,1,INITIATED,1789016291302
2180498,2,VALIDATED,1789016291307
2180498,3,PROCESSED,1789016291313
2180499,1,INITIATED,1789016291301
2180499,2,VALIDATED,1789016291308
2180499,3,PROCESSED,1789016291429
2180500,1,INITIATED,1789016291300
2180500,2,VALIDATED,1789016291305
2180500,3,PROCESSED,1789016291312
2180501,1,INITIATED,1789016291302
2180501,2,VALIDATED,1789016291309
2180501,3,PROCESSED,1789016291429
2180502,1,INITIATED,1789016291300
2180502,2,VALIDATED,1789016291305
2180502,3,PROCESSED,1789016291313
2180503,1,INITIATED,1789016291302
2180503,2,VALIDATED,1789016291307
2180503,3,PROCESSED,1789016291312
2180504,1,INITIATED,1789016291301
2180504,2,VALIDATED,1789016291305
2180504,3,PROCESSED,1789016291312
2180505,1,INITIATED,1789016291301
2180505,2,VALIDATED,1789016291307
2180505,3,PROCESSED,1789016291427
2180506,1,INITIATED,1789016291301
2180506,2,VALIDATED,1789016291305
2180506,3,PROCESSED,1789016291312
2180507,1,INITIATED,1789016291302
2180507,2,VALIDATED,1789016291308
2180507,3,PROCESSED,1789016291428
2180508,1,INITIATED,1789016291323
2180508,2,VALIDATED,1789016291428
2180508,3,PROCESSED,1789016291435
2180509,1,INITIATED,1789016291423
2180509,2,VALIDATED,1789016291432
2180509,3,PROCESSED,1789016291437
2180510,1,INITIATED,1789016291423
2180510,2,VALIDATED,1789016291432
2180510,3,PROCESSED,1789016291436
2180511,1,INITIATED,1789016291423
2180511,2,VALIDATED,1789016291432
2180511,3,PROCESSED,1789016291436
2180512,1,INITIATED,1789016291423
2180512,2,VALIDATED,1789016291431
2180512,3,PROCESSED,1789016291436
2180513,1,INITIATED,1789016291424
2180513,2,VALIDATED,1789016291432
2180513,3,PROCESSED,1789016291436
2180514,1,INITIATED,1789016291441
2180514,2,VALIDATED,1789016291453
2180514,3,PROCESSED,1789016291456
2180515,1,INITIATED,1789016291460
2180515,2,VALIDATED,1789016291462
2180515,3,PROCESSED,1789016291465
2180516,1,INITIATED,1789016291481
2180516,2,VALIDATED,1789016291484
2180516,3,PROCESSED,1789016291487
2180517,1,INITIATED,1789016291501
2180517,2,VALIDATED,1789016291504
2180517,3,PROCESSED,1789016291507
2180518,1,INITIATED,1789016291521
2180518,2,VALIDATED,1789016291524
2180518,3,PROCESSED,1789016291528
2180519,1,INITIATED,1789016291540
2180519,2,VALIDATED,1789016291544
2180519,3,PROCESSED,1789016291547
2180520,1,INITIATED,1789016291561
2180520,2,VALIDATED,1789016291564
2180520,3,PROCESSED,1789016291567
2180521,1,INITIATED,1789016291581
2180521,2,VALIDATED,1789016291584
2180521,3,PROCESSED,1789016291587
2180522,1,INITIATED,1789016291601
2180522,2,VALIDATED,1789016291605
2180522,3,PROCESSED,1789016291610
2180523,1,INITIATED,1789016291621
2180523,2,VALIDATED,1789016291624
2180523,3,PROCESSED,1789016291626
2180524,1,INITIATED,1789016291641
2180524,2,VALIDATED,1789016291644
2180524,3,PROCESSED,1789016291647
2180525,1,INITIATED,1789016291661
2180525,2,VALIDATED,1789016291664
2180525,3,PROCESSED,1789016291667
2180526,1,INITIATED,1789016291681
2180526,2,VALIDATED,1789016291684
2180526,3,PROCESSED,1789016291686
2180527,1,INITIATED,1789016291701
2180527,2,VALIDATED,1789016291704
2180527,3,PROCESSED,1789016291707
2180528,1,INITIATED,1789016291721
2180528,2,VALIDATED,1789016291737
2180528,3,PROCESSED,1789016291741
2180529,1,INITIATED,1789016291741
2180529,2,VALIDATED,1789016291742
2180529,3,PROCESSED,1789016291745
2180530,1,INITIATED,1789016291761
2180530,2,VALIDATED,1789016291763
2180530,3,PROCESSED,1789016291766
2180531,1,INITIATED,1789016291780
2180531,2,VALIDATED,1789016291784
2180531,3,PROCESSED,1789016291786
2180532,1,INITIATED,1789016291801
2180532,2,VALIDATED,1789016291804
2180532,3,PROCESSED,1789016291807
2180533,1,INITIATED,1789016291821
2180533,2,VALIDATED,1789016291824
2180533,3,REJECTED,1789016291826
2180534,1,INITIATED,1789016291841
2180534,2,VALIDATED,1789016291844
2180534,3,REJECTED,1789016291845
2180535,1,INITIATED,1789016291860
2180535,2,VALIDATED,1789016291863
2180535,3,REJECTED,1789016291865
2180536,1,INITIATED,1789016291881
2180536,2,VALIDATED,1789016291884
2180536,3,REJECTED,1789016291886
2180537,1,INITIATED,1789016291901
2180537,2,VALIDATED,1789016291905
2180537,3,PROCESSED,1789016291909
2180538,1,INITIATED,1789016291920
2180538,2,VALIDATED,1789016291937
2180538,3,PROCESSED,1789016291940
2180539,1,INITIATED,1789016291941
2180539,2,VALIDATED,1789016291943
2180539,3,PROCESSED,1789016291945
2180540,1,INITIATED,1789016291961
2180540,2,VALIDATED,1789016291964
2180540,3,PROCESSED,1789016291966
2180541,1,INITIATED,1789016291980
2180541,2,VALIDATED,1789016291983
2180541,3,PROCESSED,1789016291986
2180542,1,INITIATED,1789016292001
2180542,2,VALIDATED,1789016292004
2180542,3,PROCESSED,1789016292008
2180543,1,INITIATED,1789016292021
2180543,2,VALIDATED,1789016292024
2180543,3,PROCESSED,1789016292027
2180544,1,INITIATED,1789016292040
2180544,2,VALIDATED,1789016292044
2180544,3,PROCESSED,1789016292048
2180545,1,INITIATED,1789016292270
2180545,2,VALIDATED,1789016292276
2180545,3,PROCESSED,1789016292378
2180546,1,INITIATED,1789016292270
2180546,2,VALIDATED,1789016292275
2180546,3,PROCESSED,1789016292378
2180547,1,INITIATED,1789016292270
2180547,2,VALIDATED,1789016292275
2180547,3,PROCESSED,1789016292377
2180548,1,INITIATED,1789016292270
2180548,2,VALIDATED,1789016292276
2180548,3,PROCESSED,1789016292378
2180549,1,INITIATED,1789016292270
2180549,2,VALIDATED,1789016292276
2180549,3,PROCESSED,1789016292378
2180550,1,INITIATED,1789016292270
2180550,2,VALIDATED,1789016292275
2180550,3,PROCESSED,1789016292378
2180551,1,INITIATED,1789016292270
2180551,2,VALIDATED,1789016292276
2180551,3,PROCESSED,1789016292378
2180552,1,INITIATED,1789016292270
2180552,2,VALIDATED,1789016292276
2180552,3,PROCESSED,1789016292378
2180553,1,INITIATED,1789016292270
2180553,2,VALIDATED,1789016292276
2180553,3,PROCESSED,1789016292377
2180554,1,INITIATED,1789016292270
2180554,2,VALIDATED,1789016292275
2180554,3,PROCESSED,1789016292378
2180555,1,INITIATED,1789016292270
2180555,2,VALIDATED,1789016292276
2180555,3,PROCESSED,1789016292377
2180556,1,INITIATED,1789016292281
2180556,2,VALIDATED,1789016292376
2180556,3,PROCESSED,1789016292381
2180557,1,INITIATED,1789016292301
2180557,2,VALIDATED,1789016292375
2180557,3,PROCESSED,1789016292381
2180558,1,INITIATED,1789016292321
2180558,2,VALIDATED,1789016292376
2180558,3,PROCESSED,1789016292381
2180559,1,INITIATED,1789016292341
2180559,2,VALIDATED,1789016292375
2180559,3,PROCESSED,1789016292381
2180560,1,INITIATED,1789016292361
2180560,2,VALIDATED,1789016292375
2180560,3,PROCESSED,1789016292381
2180561,1,INITIATED,1789016292381
2180561,2,VALIDATED,1789016292383
2180561,3,PROCESSED,1789016292399
2180562,1,INITIATED,1789016292401
2180562,2,VALIDATED,1789016292403
2180562,3,PROCESSED,1789016292421
2180563,1,INITIATED,1789016292421
2180563,2,VALIDATED,1789016292424
2180563,3,PROCESSED,1789016292442
2180564,1,INITIATED,1789016292441
2180564,2,VALIDATED,1789016292457
2180564,3,PROCESSED,1789016292474
2180565,1,INITIATED,1789016292461
2180565,2,VALIDATED,1789016292473
2180565,3,PROCESSED,1789016292477
2180566,1,INITIATED,1789016292481
2180566,2,VALIDATED,1789016292484
2180566,3,PROCESSED,1789016292499
2180567,1,INITIATED,1789016292501
2180567,2,VALIDATED,1789016292504
2180567,3,PROCESSED,1789016292508
2180568,1,INITIATED,1789016292520
2180568,2,VALIDATED,1789016292524
2180568,3,PROCESSED,1789016292527
2180569,1,INITIATED,1789016292541
2180569,2,VALIDATED,1789016292544
2180569,3,PROCESSED,1789016292548
2180570,1,INITIATED,1789016292560
2180570,2,VALIDATED,1789016292564
2180570,3,PROCESSED,1789016292566
2180571,1,INITIATED,1789016292580
2180571,2,VALIDATED,1789016292584
2180571,3,PROCESSED,1789016292601
2180572,1,INITIATED,1789016292601
2180572,2,VALIDATED,1789016292603
2180572,3,PROCESSED,1789016292606
2180573,1,INITIATED,1789016292620
2180573,2,VALIDATED,1789016292623
2180573,3,PROCESSED,1789016292626
2180574,1,INITIATED,1789016292641
2180574,2,VALIDATED,1789016292644
2180574,3,PROCESSED,1789016292647
2180575,1,INITIATED,1789016292660
2180575,2,VALIDATED,1789016292663
2180575,3,PROCESSED,1789016292666
2180576,1,INITIATED,1789016292680
2180576,2,VALIDATED,1789016292683
2180576,3,PROCESSED,1789016292685
2180577,1,INITIATED,1789016292701
2180577,2,VALIDATED,1789016292703
2180577,3,PROCESSED,1789016292707
2180578,1,INITIATED,1789016292721
2180578,2,VALIDATED,1789016292724
2180578,3,PROCESSED,1789016292727
2180579,1,INITIATED,1789016292741
2180579,2,VALIDATED,1789016292744
2180579,3,PROCESSED,1789016292746
2180580,1,INITIATED,1789016292761
2180580,2,VALIDATED,1789016292763
2180580,3,PROCESSED,1789016292766
2180581,1,INITIATED,1789016292781
2180581,2,VALIDATED,1789016292798
2180581,3,PROCESSED,1789016292802
2180582,1,INITIATED,1789016292801
2180582,2,VALIDATED,1789016292803
2180582,3,PROCESSED,1789016292807
2180583,1,INITIATED,1789016292820
2180583,2,VALIDATED,1789016292823
2180583,3,PROCESSED,1789016292826
2180584,1,INITIATED,1789016292840
2180584,2,VALIDATED,1789016292843
2180584,3,PROCESSED,1789016292846
2180585,1,INITIATED,1789016292861
2180585,2,VALIDATED,1789016292865
2180585,3,PROCESSED,1789016292869
2180586,1,INITIATED,1789016292881
2180586,2,VALIDATED,1789016292885
2180586,3,PROCESSED,1789016292888
2180587,1,INITIATED,1789016292901
2180587,2,VALIDATED,1789016292904
2180587,3,PROCESSED,1789016292908
2180588,1,INITIATED,1789016292921
2180588,2,VALIDATED,1789016292924
2180588,3,PROCESSED,1789016292927
2180589,1,INITIATED,1789016292940
2180589,2,VALIDATED,1789016292943
2180589,3,PROCESSED,1789016292946
2180590,1,INITIATED,1789016292961
2180590,2,VALIDATED,1789016292964
2180590,3,PROCESSED,1789016292966
2180591,1,INITIATED,1789016292981
2180591,2,VALIDATED,1789016292984
2180591,3,PROCESSED,1789016292987
2180592,1,INITIATED,1789016293001
2180592,2,VALIDATED,1789016293004
2180592,3,PROCESSED,1789016293008
2180593,1,INITIATED,1789016293021
2180593,2,VALIDATED,1789016293025
2180593,3,PROCESSED,1789016293028
2180594,1,INITIATED,1789016293041
2180594,2,VALIDATED,1789016293044
2180594,3,PROCESSED,1789016293047
2180595,1,INITIATED,1789016293066
2180595,2,VALIDATED,1789016293304
2180595,3,PROCESSED,1789016293310
2180596,1,INITIATED,1789016293096
2180596,2,VALIDATED,1789016293304
2180596,3,PROCESSED,1789016293310
2180597,1,INITIATED,1789016293303
2180597,2,VALIDATED,1789016293307
2180597,3,PROCESSED,1789016293396
2180598,1,INITIATED,1789016293303
2180598,2,VALIDATED,1789016293308
2180598,3,PROCESSED,1789016293395
2180599,1,INITIATED,1789016293303
2180599,2,VALIDATED,1789016293308
2180599,3,PROCESSED,1789016293395
2180600,1,INITIATED,1789016293304
2180600,2,VALIDATED,1789016293308
2180600,3,PROCESSED,1789016293396
2180601,1,INITIATED,1789016293303
2180601,2,VALIDATED,1789016293308
2180601,3,PROCESSED,1789016293395
2180602,1,INITIATED,1789016293303
2180602,2,VALIDATED,1789016293308
2180602,3,PROCESSED,1789016293396
2180603,1,INITIATED,1789016293303
2180603,2,VALIDATED,1789016293307
2180603,3,PROCESSED,1789016293396
2180604,1,INITIATED,1789016293304
2180604,2,VALIDATED,1789016293308
2180604,3,PROCESSED,1789016293395
2180605,1,INITIATED,1789016293304
2180605,2,VALIDATED,1789016293308
2180605,3,PROCESSED,1789016293396
2180606,1,INITIATED,1789016293303
2180606,2,VALIDATED,1789016293307
2180606,3,PROCESSED,1789016293396
2180607,1,INITIATED,1789016293303
2180607,2,VALIDATED,1789016293308
2180607,3,PROCESSED,1789016293395
2180608,1,INITIATED,1789016293322
2180608,2,VALIDATED,1789016293394
2180608,3,PROCESSED,1789016293400
2180609,1,INITIATED,1789016293341
2180609,2,VALIDATED,1789016293394
2180609,3,PROCESSED,1789016293400
2180610,1,INITIATED,1789016293361
2180610,2,VALIDATED,1789016293394
2180610,3,PROCESSED,1789016293400
2180611,1,INITIATED,1789016293382
2180611,2,VALIDATED,1789016293393
2180611,3,PROCESSED,1789016293399
2180612,1,INITIATED,1789016293401
2180612,2,VALIDATED,1789016293404
2180612,3,PROCESSED,1789016293408
2180613,1,INITIATED,1789016293422
2180613,2,VALIDATED,1789016293426
2180613,3,PROCESSED,1789016293430
2180614,1,INITIATED,1789016293441
2180614,2,VALIDATED,1789016293444
2180614,3,PROCESSED,1789016293449
2180615,1,INITIATED,1789016293461
2180615,2,VALIDATED,1789016293464
2180615,3,PROCESSED,1789016293467
2180616,1,INITIATED,1789016293481
2180616,2,VALIDATED,1789016293485
2180616,3,PROCESSED,1789016293489
2180617,1,INITIATED,1789016293501
2180617,2,VALIDATED,1789016293504
2180617,3,PROCESSED,1789016293508
2180618,1,INITIATED,1789016293521
2180618,2,VALIDATED,1789016293524
2180618,3,PROCESSED,1789016293526
2180619,1,INITIATED,1789016293541
2180619,2,VALIDATED,1789016293545
2180619,3,PROCESSED,1789016293548
2180620,1,INITIATED,1789016293561
2180620,2,VALIDATED,1789016293563
2180620,3,PROCESSED,1789016293566
2180621,1,INITIATED,1789016293581
2180621,2,VALIDATED,1789016293584
2180621,3,PROCESSED,1789016293588
2180622,1,INITIATED,1789016293601
2180622,2,VALIDATED,1789016293604
2180622,3,PROCESSED,1789016293621
2180623,1,INITIATED,1789016293621
2180623,2,VALIDATED,1789016293624
2180623,3,PROCESSED,1789016293628
2180624,1,INITIATED,1789016293642
2180624,2,VALIDATED,1789016293645
2180624,3,PROCESSED,1789016293648
2180625,1,INITIATED,1789016293661
2180625,2,VALIDATED,1789016293664
2180625,3,PROCESSED,1789016293667
2180626,1,INITIATED,1789016293681
2180626,2,VALIDATED,1789016293684
2180626,3,PROCESSED,1789016293687
2180627,1,INITIATED,1789016293701
2180627,2,VALIDATED,1789016293704
2180627,3,PROCESSED,1789016293708
2180628,1,INITIATED,1789016293721
2180628,2,VALIDATED,1789016293724
2180628,3,PROCESSED,1789016293728
2180629,1,INITIATED,1789016293741
2180629,2,VALIDATED,1789016293747
2180629,3,PROCESSED,1789016293751
2180630,1,INITIATED,1789016293760
2180630,2,VALIDATED,1789016293762
2180630,3,PROCESSED,1789016293765
2180631,1,INITIATED,1789016293781
2180631,2,VALIDATED,1789016293784
2180631,3,PROCESSED,1789016293787
2180632,1,INITIATED,1789016293801
2180632,2,VALIDATED,1789016293804
2180632,3,PROCESSED,1789016293807
2180633,1,INITIATED,1789016293821
2180633,2,VALIDATED,1789016293824
2180633,3,REJECTED,1789016293826
2180634,1,INITIATED,1789016293840
2180634,2,VALIDATED,1789016293843
2180634,3,REJECTED,1789016293845
2180635,1,INITIATED,1789016293860
2180635,2,VALIDATED,1789016293863
2180635,3,REJECTED,1789016293865
2180636,1,INITIATED,1789016293882
2180636,2,VALIDATED,1789016293885
2180636,3,REJECTED,1789016293901
2180637,1,INITIATED,1789016293901
2180637,2,VALIDATED,1789016293903
2180637,3,PROCESSED,1789016293906
2180638,1,INITIATED,1789016293921
2180638,2,VALIDATED,1789016293924
2180638,3,PROCESSED,1789016293927
2180639,1,INITIATED,1789016293941
2180639,2,VALIDATED,1789016293945
2180639,3,PROCESSED,1789016293949
2180640,1,INITIATED,1789016293962
2180640,2,VALIDATED,1789016293965
2180640,3,PROCESSED,1789016293970
2180641,1,INITIATED,1789016293981
2180641,2,VALIDATED,1789016293985
2180641,3,PROCESSED,1789016293989
2180642,1,INITIATED,1789016294001
2180642,2,VALIDATED,1789016294005
2180642,3,PROCESSED,1789016294010
2180643,1,INITIATED,1789016294021
2180643,2,VALIDATED,1789016294024
2180643,3,PROCESSED,1789016294028
2180644,1,INITIATED,1789016294041
2180644,2,VALIDATED,1789016294044
2180644,3,PROCESSED,1789016294048
2180645,1,INITIATED,1789016294063
2180645,2,VALIDATED,1789016294098
2180645,3,PROCESSED,1789016294117
2180646,1,INITIATED,1789016294094
2180646,2,VALIDATED,1789016294098
2180646,3,PROCESSED,1789016294117
2180647,1,INITIATED,1789016294102
2180647,2,VALIDATED,1789016294116
2180647,3,PROCESSED,1789016294120
2180648,1,INITIATED,1789016294120
2180648,2,VALIDATED,1789016294123
2180648,3,PROCESSED,1789016294125
2180649,1,INITIATED,1789016294141
2180649,2,VALIDATED,1789016294144
2180649,3,PROCESSED,1789016294148
2180650,1,INITIATED,1789016294161
2180650,2,VALIDATED,1789016294163
2180650,3,PROCESSED,1789016294166
2180651,1,INITIATED,1789016294181
2180651,2,VALIDATED,1789016294184
2180651,3,PROCESSED,1789016294201
2180652,1,INITIATED,1789016294200
2180652,2,VALIDATED,1789016294203
2180652,3,PROCESSED,1789016294206
2180653,1,INITIATED,1789016294221
2180653,2,VALIDATED,1789016294225
2180653,3,PROCESSED,1789016294229
2180654,1,INITIATED,1789016294241
2180654,2,VALIDATED,1789016294244
2180654,3,PROCESSED,1789016294247
2180655,1,INITIATED,1789016294261
2180655,2,VALIDATED,1789016294264
2180655,3,PROCESSED,1789016294267
2180656,1,INITIATED,1789016294281
2180656,2,VALIDATED,1789016294284
2180656,3,PROCESSED,1789016294286
2180657,1,INITIATED,1789016294301
2180657,2,VALIDATED,1789016294305
2180657,3,PROCESSED,1789016294309
2180658,1,INITIATED,1789016294321
2180658,2,VALIDATED,1789016294325
2180658,3,PROCESSED,1789016294329
2180659,1,INITIATED,1789016294341
2180659,2,VALIDATED,1789016294345
2180659,3,PROCESSED,1789016294348
2180660,1,INITIATED,1789016294361
2180660,2,VALIDATED,1789016294364
2180660,3,PROCESSED,1789016294367
2180661,1,INITIATED,1789016294381
2180661,2,VALIDATED,1789016294384
2180661,3,PROCESSED,1789016294387
2180662,1,INITIATED,1789016294400
2180662,2,VALIDATED,1789016294404
2180662,3,PROCESSED,1789016294407
2180663,1,INITIATED,1789016294422
2180663,2,VALIDATED,1789016294424
2180663,3,PROCESSED,1789016294441
2180664,1,INITIATED,1789016294440
2180664,2,VALIDATED,1789016294443
2180664,3,PROCESSED,1789016294447
2180665,1,INITIATED,1789016294461
2180665,2,VALIDATED,1789016294464
2180665,3,PROCESSED,1789016294467
2180666,1,INITIATED,1789016294481
2180666,2,VALIDATED,1789016294484
2180666,3,PROCESSED,1789016294488
2180667,1,INITIATED,1789016294501
2180667,2,VALIDATED,1789016294503
2180667,3,PROCESSED,1789016294508
2180668,1,INITIATED,1789016294522
2180668,2,VALIDATED,1789016294526
2180668,3,PROCESSED,1789016294530
2180669,1,INITIATED,1789016294542
2180669,2,VALIDATED,1789016294545
2180669,3,PROCESSED,1789016294549
2180670,1,INITIATED,1789016294562
2180670,2,VALIDATED,1789016294566
2180670,3,PROCESSED,1789016294583
2180671,1,INITIATED,1789016294581
2180671,2,VALIDATED,1789016294584
2180671,3,PROCESSED,1789016294588
2180672,1,INITIATED,1789016294601
2180672,2,VALIDATED,1789016294604
2180672,3,PROCESSED,1789016294608
2180673,1,INITIATED,1789016294621
2180673,2,VALIDATED,1789016294624
2180673,3,PROCESSED,1789016294628
2180674,1,INITIATED,1789016294641
2180674,2,VALIDATED,1789016294645
2180674,3,PROCESSED,1789016294648
2180675,1,INITIATED,1789016294661
2180675,2,VALIDATED,1789016294664
2180675,3,PROCESSED,1789016294680
2180676,1,INITIATED,1789016294681
2180676,2,VALIDATED,1789016294684
2180676,3,PROCESSED,1789016294688
2180677,1,INITIATED,1789016294702
2180677,2,VALIDATED,1789016294705
2180677,3,PROCESSED,1789016294709
2180678,1,INITIATED,1789016294721
2180678,2,VALIDATED,1789016294724
2180678,3,PROCESSED,1789016294727
2180679,1,INITIATED,1789016294740
2180679,2,VALIDATED,1789016294743
2180679,3,PROCESSED,1789016294746
2180680,1,INITIATED,1789016294760
2180680,2,VALIDATED,1789016294762
2180680,3,PROCESSED,1789016294765
2180681,1,INITIATED,1789016294782
2180681,2,VALIDATED,1789016294785
2180681,3,PROCESSED,1789016294788
2180682,1,INITIATED,1789016294801
2180682,2,VALIDATED,1789016294805
2180682,3,PROCESSED,1789016294809
2180683,1,INITIATED,1789016294821
2180683,2,VALIDATED,1789016294824
2180683,3,PROCESSED,1789016294827
2180684,1,INITIATED,1789016294841
2180684,2,VALIDATED,1789016294844
2180684,3,PROCESSED,1789016294846
2180685,1,INITIATED,1789016294860
2180685,2,VALIDATED,1789016294863
2180685,3,PROCESSED,1789016294865
2180686,1,INITIATED,1789016294881
2180686,2,VALIDATED,1789016294884
2180686,3,PROCESSED,1789016294887
2180687,1,INITIATED,1789016294901
2180687,2,VALIDATED,1789016294905
2180687,3,PROCESSED,1789016294909
2180688,1,INITIATED,1789016294921
2180688,2,VALIDATED,1789016294925
2180688,3,PROCESSED,1789016294928
2180689,1,INITIATED,1789016294941
2180689,2,VALIDATED,1789016294943
2180689,3,PROCESSED,1789016294946
2180690,1,INITIATED,1789016294961
2180690,2,VALIDATED,1789016294964
2180690,3,PROCESSED,1789016294966
2180691,1,INITIATED,1789016294981
2180691,2,VALIDATED,1789016294983
2180691,3,PROCESSED,1789016294986
2180692,1,INITIATED,1789016295001
2180692,2,VALIDATED,1789016295004
2180692,3,PROCESSED,1789016295007
2180693,1,INITIATED,1789016295021
2180693,2,VALIDATED,1789016295025
2180693,3,PROCESSED,1789016295028
2180694,1,INITIATED,1789016295040
2180694,2,VALIDATED,1789016295043
2180694,3,PROCESSED,1789016295045
2180695,1,INITIATED,1789016295259
2180695,2,VALIDATED,1789016295373
2180695,3,PROCESSED,1789016295405
2180696,1,INITIATED,1789016295260
2180696,2,VALIDATED,1789016295372
2180696,3,PROCESSED,1789016295405
2180697,1,INITIATED,1789016295259
2180697,2,VALIDATED,1789016295373
2180697,3,PROCESSED,1789016295406
2180698,1,INITIATED,1789016295259
2180698,2,VALIDATED,1789016295373
2180698,3,PROCESSED,1789016295407
2180699,1,INITIATED,1789016295260
2180699,2,VALIDATED,1789016295372
2180699,3,PROCESSED,1789016295406
2180700,1,INITIATED,1789016295259
2180700,2,VALIDATED,1789016295373
2180700,3,PROCESSED,1789016295406
2180701,1,INITIATED,1789016295260
2180701,2,VALIDATED,1789016295373
2180701,3,PROCESSED,1789016295407
2180702,1,INITIATED,1789016295260
2180702,2,VALIDATED,1789016295372
2180702,3,PROCESSED,1789016295407
2180703,1,INITIATED,1789016295259
2180703,2,VALIDATED,1789016295373
2180703,3,PROCESSED,1789016295406
2180704,1,INITIATED,1789016295259
2180704,2,VALIDATED,1789016295372
2180704,3,PROCESSED,1789016295406
2180705,1,INITIATED,1789016295261
2180705,2,VALIDATED,1789016295372
2180705,3,PROCESSED,1789016295406
2180706,1,INITIATED,1789016295370
2180706,2,VALIDATED,1789016295404
2180706,3,PROCESSED,1789016295411
2180707,1,INITIATED,1789016295370
2180707,2,VALIDATED,1789016295404
2180707,3,PROCESSED,1789016295409
2180708,1,INITIATED,1789016295370
2180708,2,VALIDATED,1789016295404
2180708,3,PROCESSED,1789016295410
2180709,1,INITIATED,1789016295370
2180709,2,VALIDATED,1789016295404
2180709,3,PROCESSED,1789016295411
2180710,1,INITIATED,1789016295370
2180710,2,VALIDATED,1789016295404
2180710,3,PROCESSED,1789016295409
2180711,1,INITIATED,1789016295380
2180711,2,VALIDATED,1789016295404
2180711,3,PROCESSED,1789016295410
2180712,1,INITIATED,1789016295401
2180712,2,VALIDATED,1789016295407
2180712,3,PROCESSED,1789016295412
2180713,1,INITIATED,1789016295421
2180713,2,VALIDATED,1789016295426
2180713,3,PROCESSED,1789016295429
2180714,1,INITIATED,1789016295440
2180714,2,VALIDATED,1789016295445
2180714,3,PROCESSED,1789016295449
2180715,1,INITIATED,1789016295461
2180715,2,VALIDATED,1789016295466
2180715,3,PROCESSED,1789016295483
2180716,1,INITIATED,1789016295482
2180716,2,VALIDATED,1789016295484
2180716,3,PROCESSED,1789016295489
2180717,1,INITIATED,1789016295501
2180717,2,VALIDATED,1789016295509
2180717,3,PROCESSED,1789016295527
2180718,1,INITIATED,1789016295525
2180718,2,VALIDATED,1789016295528
2180718,3,PROCESSED,1789016295532
2180719,1,INITIATED,1789016295541
2180719,2,VALIDATED,1789016295544
2180719,3,PROCESSED,1789016295547
2180720,1,INITIATED,1789016295561
2180720,2,VALIDATED,1789016295564
2180720,3,PROCESSED,1789016295567
2180721,1,INITIATED,1789016295581
2180721,2,VALIDATED,1789016295584
2180721,3,PROCESSED,1789016295588
2180722,1,INITIATED,1789016295601
2180722,2,VALIDATED,1789016295604
2180722,3,PROCESSED,1789016295607
2180723,1,INITIATED,1789016295621
2180723,2,VALIDATED,1789016295624
2180723,3,PROCESSED,1789016295626
2180724,1,INITIATED,1789016295640
2180724,2,VALIDATED,1789016295643
2180724,3,PROCESSED,1789016295645
2180725,1,INITIATED,1789016295660
2180725,2,VALIDATED,1789016295663
2180725,3,PROCESSED,1789016295666
2180726,1,INITIATED,1789016295680
2180726,2,VALIDATED,1789016295683
2180726,3,PROCESSED,1789016295686
2180727,1,INITIATED,1789016295701
2180727,2,VALIDATED,1789016295704
2180727,3,PROCESSED,1789016295707
2180728,1,INITIATED,1789016295721
2180728,2,VALIDATED,1789016295723
2180728,3,PROCESSED,1789016295726
2180729,1,INITIATED,1789016295740
2180729,2,VALIDATED,1789016295743
2180729,3,PROCESSED,1789016295745
2180730,1,INITIATED,1789016295761
2180730,2,VALIDATED,1789016295764
2180730,3,PROCESSED,1789016295766
2180731,1,INITIATED,1789016295781
2180731,2,VALIDATED,1789016295784
2180731,3,PROCESSED,1789016295787
2180732,1,INITIATED,1789016295801
2180732,2,VALIDATED,1789016295804
2180732,3,PROCESSED,1789016295809
