2229795,1,INITIATED,1789018515698
2229795,2,VALIDATED,1789018518845
2229795,3,PROCESSED,1789018522924
2229796,1,INITIATED,1789018515696
2229796,2,VALIDATED,1789018518842
2229796,3,PROCESSED,1789018522926
2229797,1,INITIATED,1789018515696
2229797,2,VALIDATED,1789018518843
2229797,3,PROCESSED,1789018522921
2229798,1,INITIATED,1789018515697
2229798,2,VALIDATED,1789018518842
2229798,3,PROCESSED,1789018522628
2229799,1,INITIATED,1789018515691
2229799,2,VALIDATED,1789018518842
2229799,3,REJECTED,1789018522578
2229800,1,INITIATED,1789018515691
2229800,2,VALIDATED,1789018518843
2229800,3,PROCESSED,1789018522921
2229801,1,INITIATED,1789018515692
2229801,2,VALIDATED,1789018518843
2229801,3,PROCESSED,1789018522582
2229802,1,INITIATED,1789018515693
2229802,2,VALIDATED,1789018518843
2229802,3,PROCESSED,1789018522924
2229803,1,INITIATED,1789018515697
2229803,2,VALIDATED,1789018518842
2229803,3,PROCESSED,1789018522925
2229804,1,INITIATED,1789018515696
2229804,2,VALIDATED,1789018518843
2229804,3,PROCESSED,1789018522583
2229805,1,INITIATED,1789018516160
2229805,2,VALIDATED,1789018518843
2229805,3,PROCESSED,1789018522581
2229806,1,INITIATED,1789018516160
2229806,2,VALIDATED,1789018518848
2229806,3,PROCESSED,1789018522928
2229807,1,INITIATED,1789018516162
2229807,2,VALIDATED,1789018519158
2229807,3,PROCESSED,1789018523106
2229808,1,INITIATED,1789018516160
2229808,2,VALIDATED,1789018519151
2229808,3,PROCESSED,1789018522874
2229809,1,INITIATED,1789018516161
2229809,2,VALIDATED,1789018519152
2229809,3,PROCESSED,1789018522885
2229810,1,INITIATED,1789018516161
2229810,2,VALIDATED,1789018518844
2229810,3,REJECTED,1789018522815
2229811,1,INITIATED,1789018516161
2229811,2,VALIDATED,1789018518845
2229811,3,PROCESSED,1789018522925
2229812,1,INITIATED,1789018516162
2229812,2,VALIDATED,1789018518844
2229812,3,PROCESSED,1789018522582
2229813,1,INITIATED,1789018516160
2229813,2,VALIDATED,1789018518845
2229813,3,PROCESSED,1789018522582
2229814,1,INITIATED,1789018516162
2229814,2,VALIDATED,1789018519156
2229814,3,PROCESSED,1789018522871
2229815,1,INITIATED,1789018516734
2229815,2,VALIDATED,1789018522148
2229815,3,PROCESSED,1789018522909
2229816,1,INITIATED,1789018516733
2229816,2,VALIDATED,1789018522104
2229816,3,PROCESSED,1789018522906
2229817,1,INITIATED,1789018516733
2229817,2,VALIDATED,1789018522093
2229817,3,REJECTED,1789018522888
2229818,1,INITIATED,1789018516733
2229818,2,VALIDATED,1789018522103
2229818,3,PROCESSED,1789018522915
2229819,1,INITIATED,1789018516734
2229819,2,VALIDATED,1789018522147
2229819,3,PROCESSED,1789018523020
2229820,1,INITIATED,1789018516734
2229820,2,VALIDATED,1789018522092
2229820,3,PROCESSED,1789018522897
2229821,1,INITIATED,1789018516734
2229821,2,VALIDATED,1789018522957
2229821,3,PROCESSED,1789018522994
2229822,1,INITIATED,1789018516733
2229822,2,VALIDATED,1789018522104
2229822,3,PROCESSED,1789018522404
2229823,1,INITIATED,1789018516734
2229823,2,VALIDATED,1789018522104
2229823,3,REJECTED,1789018522897
2229824,1,INITIATED,1789018516733
2229824,2,VALIDATED,1789018522103
2229824,3,PROCESSED,1789018522901
2229825,1,INITIATED,1789018516733
2229825,2,VALIDATED,1789018522116
2229825,3,PROCESSED,1789018523039
2229826,1,INITIATED,1789018516752
2229826,2,VALIDATED,1789018522147
2229826,3,PROCESSED,1789018523023
2229827,1,INITIATED,1789018516973
2229827,2,VALIDATED,1789018522116
2229827,3,PROCESSED,1789018522573
2229828,1,INITIATED,1789018516972
2229828,2,VALIDATED,1789018522147
2229828,3,PROCESSED,1789018522902
2229829,1,INITIATED,1789018516972
2229829,2,VALIDATED,1789018522148
2229829,3,PROCESSED,1789018522905
2229830,1,INITIATED,1789018516972
2229830,2,VALIDATED,1789018522116
2229830,3,PROCESSED,1789018523022
2229831,1,INITIATED,1789018516973
2229831,2,VALIDATED,1789018522116
2229831,3,PROCESSED,1789018522904
2229832,1,INITIATED,1789018516973
2229832,2,VALIDATED,1789018522151
2229832,3,PROCESSED,1789018523033
2229833,1,INITIATED,1789018516973
2229833,2,VALIDATED,1789018522115
2229833,3,PROCESSED,1789018523014
2229834,1,INITIATED,1789018516973
2229834,2,VALIDATED,1789018522150
2229834,3,PROCESSED,1789018523036
2229835,1,INITIATED,1789018516972
2229835,2,VALIDATED,1789018522115
2229835,3,PROCESSED,1789018522905
2229836,1,INITIATED,1789018516973
2229836,2,VALIDATED,1789018522115
2229836,3,PROCESSED,1789018523020
2229837,1,INITIATED,1789018516973
2229837,2,VALIDATED,1789018522150
2229837,3,PROCESSED,1789018522904
2229838,1,INITIATED,1789018517048
2229838,2,VALIDATED,1789018522362
2229838,3,PROCESSED,1789018522630
2229839,1,INITIATED,1789018517080
2229839,2,VALIDATED,1789018522363
2229839,3,PROCESSED,1789018522814
2229840,1,INITIATED,1789018517159
2229840,2,VALIDATED,1789018522364
2229840,3,PROCESSED,1789018522934
2229841,1,INITIATED,1789018517160
2229841,2,VALIDATED,1789018522890
2229841,3,PROCESSED,1789018523065
2229842,1,INITIATED,1789018517159
2229842,2,VALIDATED,1789018522366
2229842,3,PROCESSED,1789018522929
2229843,1,INITIATED,1789018517159
2229843,2,VALIDATED,1789018523106
2229843,3,PROCESSED,1789018523177
2229844,1,INITIATED,1789018517160
2229844,2,VALIDATED,1789018522888
2229844,3,PROCESSED,1789018523076
2229845,1,INITIATED,1789018517756
2229845,2,VALIDATED,1789018522891
2229845,3,PROCESSED,1789018523081
2229846,1,INITIATED,1789018517160
2229846,2,VALIDATED,1789018522377
2229846,3,PROCESSED,1789018522941
2229847,1,INITIATED,1789018517159
2229847,2,VALIDATED,1789018522365
2229847,3,PROCESSED,1789018522822
2229848,1,INITIATED,1789018517159
2229848,2,VALIDATED,1789018522369
2229848,3,PROCESSED,1789018522941
2229849,1,INITIATED,1789018517161
2229849,2,VALIDATED,1789018522376
2229849,3,PROCESSED,1789018522928
2229850,1,INITIATED,1789018517756
2229850,2,VALIDATED,1789018522379
2229850,3,PROCESSED,1789018522942
2229851,1,INITIATED,1789018517756
2229851,2,VALIDATED,1789018522375
2229851,3,PROCESSED,1789018523068
2229852,1,INITIATED,1789018517756
2229852,2,VALIDATED,1789018522379
2229852,3,PROCESSED,1789018523083
2229853,1,INITIATED,1789018517757
2229853,2,VALIDATED,1789018522378
2229853,3,PROCESSED,1789018522932
2229854,1,INITIATED,1789018517759
2229854,2,VALIDATED,1789018522889
2229854,3,PROCESSED,1789018523083
2229855,1,INITIATED,1789018517759
2229855,2,VALIDATED,1789018522889
2229855,3,PROCESSED,1789018522945
2229856,1,INITIATED,1789018517759
2229856,2,VALIDATED,1789018522377
2229856,3,PROCESSED,1789018522932
2229857,1,INITIATED,1789018517765
2229857,2,VALIDATED,1789018522411
2229857,3,PROCESSED,1789018522948
2229858,1,INITIATED,1789018517767
2229858,2,VALIDATED,1789018522413
2229858,3,PROCESSED,1789018522948
2229859,1,INITIATED,1789018517766
2229859,2,VALIDATED,1789018522417
2229859,3,PROCESSED,1789018523039
2229860,1,INITIATED,1789018518108
2229860,2,VALIDATED,1789018522421
2229860,3,PROCESSED,1789018522956
2229861,1,INITIATED,1789018518108
2229861,2,VALIDATED,1789018522412
2229861,3,PROCESSED,1789018522942
2229862,1,INITIATED,1789018518108
2229862,2,VALIDATED,1789018522553
2229862,3,PROCESSED,1789018522961
2229863,1,INITIATED,1789018518109
2229863,2,VALIDATED,1789018522553
2229863,3,PROCESSED,1789018522850
2229864,1,INITIATED,1789018518108
2229864,2,VALIDATED,1789018522420
2229864,3,PROCESSED,1789018522960
2229865,1,INITIATED,1789018518109
2229865,2,VALIDATED,1789018522413
2229865,3,PROCESSED,1789018522934
2229866,1,INITIATED,1789018518109
2229866,2,VALIDATED,1789018522421
2229866,3,PROCESSED,1789018522963
2229867,1,INITIATED,1789018518109
2229867,2,VALIDATED,1789018522421
2229867,3,PROCESSED,1789018523088
2229868,1,INITIATED,1789018518110
2229868,2,VALIDATED,1789018522421
2229868,3,PROCESSED,1789018523164
2229869,1,INITIATED,1789018518109
2229869,2,VALIDATED,1789018522420
2229869,3,PROCESSED,1789018522958
2229870,1,INITIATED,1789018518110
2229870,2,VALIDATED,1789018522421
2229870,3,PROCESSED,1789018522957
2229871,1,INITIATED,1789018518185
2229871,2,VALIDATED,1789018522418
2229871,3,PROCESSED,1789018522945
2229872,1,INITIATED,1789018518188
2229872,2,VALIDATED,1789018522417
2229872,3,PROCESSED,1789018522923
2229873,1,INITIATED,1789018518222
2229873,2,VALIDATED,1789018522919
2229873,3,PROCESSED,1789018523092
2229874,1,INITIATED,1789018519148
2229874,2,VALIDATED,1789018522876
2229874,3,PROCESSED,1789018523041
2229875,1,INITIATED,1789018519149
2229875,2,VALIDATED,1789018522877
2229875,3,PROCESSED,1789018523051
2229876,1,INITIATED,1789018519149
2229876,2,VALIDATED,1789018522965
2229876,3,PROCESSED,1789018523121
2229877,1,INITIATED,1789018519149
2229877,2,VALIDATED,1789018522871
2229877,3,PROCESSED,1789018523038
2229878,1,INITIATED,1789018519149
2229878,2,VALIDATED,1789018522874
2229878,3,PROCESSED,1789018523044
2229879,1,INITIATED,1789018519149
2229879,2,VALIDATED,1789018522874
2229879,3,PROCESSED,1789018523147
2229880,1,INITIATED,1789018519151
2229880,2,VALIDATED,1789018522865
2229880,3,PROCESSED,1789018522909
2229881,1,INITIATED,1789018519151
2229881,2,VALIDATED,1789018522876
2229881,3,PROCESSED,1789018522924
2229882,1,INITIATED,1789018519152
2229882,2,VALIDATED,1789018522875
2229882,3,PROCESSED,1789018523147
2229883,1,INITIATED,1789018519152
2229883,2,VALIDATED,1789018522877
2229883,3,PROCESSED,1789018523048
2229884,1,INITIATED,1789018519152
2229884,2,VALIDATED,1789018522958
2229884,3,PROCESSED,1789018522994
2229885,1,INITIATED,1789018519153
2229885,2,VALIDATED,1789018522875
2229885,3,PROCESSED,1789018523041
2229886,1,INITIATED,1789018519155
2229886,2,VALIDATED,1789018522876
2229886,3,PROCESSED,1789018523043
2229887,1,INITIATED,1789018521905
2229887,2,VALIDATED,1789018522887
2229887,3,PROCESSED,1789018523075
2229888,1,INITIATED,1789018522090
2229888,2,VALIDATED,1789018522884
2229888,3,PROCESSED,1789018523076
2229889,1,INITIATED,1789018522091
2229889,2,VALIDATED,1789018522888
2229889,3,PROCESSED,1789018523083
2229890,1,INITIATED,1789018522090
2229890,2,VALIDATED,1789018522377
2229890,3,PROCESSED,1789018523030
2229891,1,INITIATED,1789018522089
2229891,2,VALIDATED,1789018522877
2229891,3,REJECTED,1789018523138
2229892,1,INITIATED,1789018522089
2229892,2,VALIDATED,1789018522881
2229892,3,PROCESSED,1789018522903
2229893,1,INITIATED,1789018522092
2229893,2,VALIDATED,1789018522985
2229893,3,PROCESSED,1789018523016
2229894,1,INITIATED,1789018522091
2229894,2,VALIDATED,1789018522988
2229894,3,REJECTED,1789018523113
2229895,1,INITIATED,1789018522093
2229895,2,VALIDATED,1789018522379
2229895,3,PROCESSED,1789018522936
2229896,1,INITIATED,1789018522090
2229896,2,VALIDATED,1789018522376
2229896,3,PROCESSED,1789018522941
2229897,1,INITIATED,1789018522092
2229897,2,VALIDATED,1789018522988
2229897,3,REJECTED,1789018523006
2229898,1,INITIATED,1789018522093
2229898,2,VALIDATED,1789018522379
2229898,3,PROCESSED,1789018523035
2229899,1,INITIATED,1789018522090
2229899,2,VALIDATED,1789018522889
2229899,3,PROCESSED,1789018523147
2229900,1,INITIATED,1789018522089
2229900,2,VALIDATED,1789018522892
2229900,3,PROCESSED,1789018522945
2229901,1,INITIATED,1789018522093
2229901,2,VALIDATED,1789018522891
2229901,3,PROCESSED,1789018523065
2229902,1,INITIATED,1789018522091
2229902,2,VALIDATED,1789018522883
2229902,3,REJECTED,1789018523047
2229903,1,INITIATED,1789018522088
2229903,2,VALIDATED,1789018522881
2229903,3,PROCESSED,1789018523070
2229904,1,INITIATED,1789018522114
2229904,2,VALIDATED,1789018522907
2229904,3,PROCESSED,1789018522958
2229905,1,INITIATED,1789018522116
2229905,2,VALIDATED,1789018522896
2229905,3,PROCESSED,1789018523081
2229906,1,INITIATED,1789018522116
2229906,2,VALIDATED,1789018522900
2229906,3,PROCESSED,1789018523160
2229907,1,INITIATED,1789018522149
2229907,2,VALIDATED,1789018523017
2229907,3,PROCESSED,1789018523145
2229908,1,INITIATED,1789018522150
2229908,2,VALIDATED,1789018522898
2229908,3,PROCESSED,1789018523083
2229909,1,INITIATED,1789018522358
2229909,2,VALIDATED,1789018522908
2229909,3,PROCESSED,1789018522958
2229910,1,INITIATED,1789018522359
2229910,2,VALIDATED,1789018522375
2229910,3,PROCESSED,1789018522935
2229911,1,INITIATED,1789018522360
2229911,2,VALIDATED,1789018523034
2229911,3,PROCESSED,1789018523148
2229912,1,INITIATED,1789018522361
2229912,2,VALIDATED,1789018522889
2229912,3,PROCESSED,1789018523152
2229913,1,INITIATED,1789018522357
2229913,2,VALIDATED,1789018522913
2229913,3,PROCESSED,1789018522964
2229914,1,INITIATED,1789018522358
2229914,2,VALIDATED,1789018523036
2229914,3,PROCESSED,1789018523158
2229915,1,INITIATED,1789018522362
2229915,2,VALIDATED,1789018522574
2229915,3,PROCESSED,1789018522962
2229916,1,INITIATED,1789018522359
2229916,2,VALIDATED,1789018522913
2229916,3,PROCESSED,1789018523100
2229917,1,INITIATED,1789018522362
2229917,2,VALIDATED,1789018522576
2229917,3,PROCESSED,1789018522875
2229918,1,INITIATED,1789018522360
2229918,2,VALIDATED,1789018523030
2229918,3,PROCESSED,1789018523050
2229919,1,INITIATED,1789018522363
2229919,2,VALIDATED,1789018522576
2229919,3,PROCESSED,1789018523101
2229920,1,INITIATED,1789018522360
2229920,2,VALIDATED,1789018522576
2229920,3,PROCESSED,1789018522966
2229921,1,INITIATED,1789018522362
2229921,2,VALIDATED,1789018522574
2229921,3,PROCESSED,1789018522984
2229922,1,INITIATED,1789018522357
2229922,2,VALIDATED,1789018522911
2229922,3,PROCESSED,1789018523089
2229923,1,INITIATED,1789018522363
2229923,2,VALIDATED,1789018522578
2229923,3,PROCESSED,1789018523104
2229924,1,INITIATED,1789018522361
2229924,2,VALIDATED,1789018522890
2229924,3,PROCESSED,1789018522938
2229925,1,INITIATED,1789018522366
2229925,2,VALIDATED,1789018522576
2229925,3,PROCESSED,1789018522982
2229926,1,INITIATED,1789018522372
2229926,2,VALIDATED,1789018522921
2229926,3,PROCESSED,1789018523094
2229927,1,INITIATED,1789018522375
2229927,2,VALIDATED,1789018523073
2229927,3,PROCESSED,1789018523094
2229928,1,INITIATED,1789018522371
2229928,2,VALIDATED,1789018523045
2229928,3,PROCESSED,1789018523155
2229929,1,INITIATED,1789018522370
2229929,2,VALIDATED,1789018522920
2229929,3,PROCESSED,1789018523096
2229930,1,INITIATED,1789018522377
2229930,2,VALIDATED,1789018523052
2229930,3,PROCESSED,1789018523086
2229931,1,INITIATED,1789018522374
2229931,2,VALIDATED,1789018523050
2229931,3,PROCESSED,1789018523156
2229932,1,INITIATED,1789018522378
2229932,2,VALIDATED,1789018523070
2229932,3,PROCESSED,1789018523093
2229933,1,INITIATED,1789018522381
2229933,2,VALIDATED,1789018523081
2229933,3,PROCESSED,1789018523167
2229934,1,INITIATED,1789018522404
2229934,2,VALIDATED,1789018522935
2229934,3,PROCESSED,1789018523094
2229935,1,INITIATED,1789018522416
2229935,2,VALIDATED,1789018522936
2229935,3,PROCESSED,1789018523158
2229936,1,INITIATED,1789018522416
2229936,2,VALIDATED,1789018522936
2229936,3,PROCESSED,1789018523107
2229937,1,INITIATED,1789018522417
2229937,2,VALIDATED,1789018522936
2229937,3,PROCESSED,1789018523104
2229938,1,INITIATED,1789018522420
2229938,2,VALIDATED,1789018523078
2229938,3,PROCESSED,1789018523165
2229939,1,INITIATED,1789018522421
2229939,2,VALIDATED,1789018522946
2229939,3,PROCESSED,1789018522983
2229940,1,INITIATED,1789018522557
2229940,2,VALIDATED,1789018523080
2229940,3,PROCESSED,1789018523095
2229941,1,INITIATED,1789018522554
2229941,2,VALIDATED,1789018522952
2229941,3,PROCESSED,1789018522976
2229942,1,INITIATED,1789018522553
2229942,2,VALIDATED,1789018522849
2229942,3,PROCESSED,1789018523129
2229943,1,INITIATED,1789018522556
2229943,2,VALIDATED,1789018522948
2229943,3,PROCESSED,1789018523109
2229944,1,INITIATED,1789018522554
2229944,2,VALIDATED,1789018522951
2229944,3,PROCESSED,1789018522980
2229945,1,INITIATED,1789018522557
2229945,2,VALIDATED,1789018522954
2229945,3,PROCESSED,1789018522980
2229946,1,INITIATED,1789018522556
2229946,2,VALIDATED,1789018522842
2229946,3,PROCESSED,1789018522909
2229947,1,INITIATED,1789018522553
2229947,2,VALIDATED,1789018522953
2229947,3,PROCESSED,1789018522998
2229948,1,INITIATED,1789018522556
2229948,2,VALIDATED,1789018522945
2229948,3,PROCESSED,1789018523104
2229949,1,INITIATED,1789018522557
2229949,2,VALIDATED,1789018522842
2229949,3,PROCESSED,1789018523035
2229950,1,INITIATED,1789018522558
2229950,2,VALIDATED,1789018522944
2229950,3,PROCESSED,1789018523105
2229951,1,INITIATED,1789018522558
2229951,2,VALIDATED,1789018522943
2229951,3,PROCESSED,1789018523102
2229952,1,INITIATED,1789018522574
2229952,2,VALIDATED,1789018522872
2229952,3,PROCESSED,1789018523052
2229953,1,INITIATED,1789018522574
2229953,2,VALIDATED,1789018523102
2229953,3,PROCESSED,1789018523133
2229954,1,INITIATED,1789018522574
2229954,2,VALIDATED,1789018522963
2229954,3,PROCESSED,1789018523109
2229955,1,INITIATED,1789018522575
2229955,2,VALIDATED,1789018522958
2229955,3,PROCESSED,1789018522987
2229956,1,INITIATED,1789018522578
2229956,2,VALIDATED,1789018522968
2229956,3,PROCESSED,1789018523118
2229957,1,INITIATED,1789018522820
2229957,2,VALIDATED,1789018522981
2229957,3,PROCESSED,1789018523124
2229958,1,INITIATED,1789018522823
2229958,2,VALIDATED,1789018523155
2229958,3,PROCESSED,1789018523189
2229959,1,INITIATED,1789018522820
2229959,2,VALIDATED,1789018522883
2229959,3,PROCESSED,1789018523050
2229960,1,INITIATED,1789018522814
2229960,2,VALIDATED,1789018522972
2229960,3,PROCESSED,1789018523111
2229961,1,INITIATED,1789018522817
2229961,2,VALIDATED,1789018522986
2229961,3,PROCESSED,1789018523133
2229962,1,INITIATED,1789018522814
2229962,2,VALIDATED,1789018523102
2229962,3,PROCESSED,1789018523124
2229963,1,INITIATED,1789018522821
2229963,2,VALIDATED,1789018523103
2229963,3,PROCESSED,1789018523134
2229964,1,INITIATED,1789018522823
2229964,2,VALIDATED,1789018522991
2229964,3,PROCESSED,1789018523135
2229965,1,INITIATED,1789018522816
2229965,2,VALIDATED,1789018522993
2229965,3,PROCESSED,1789018523130
2229966,1,INITIATED,1789018522816
2229966,2,VALIDATED,1789018522995
2229966,3,PROCESSED,1789018523135
2229967,1,INITIATED,1789018522820
2229967,2,VALIDATED,1789018522988
2229967,3,PROCESSED,1789018523122
2229968,1,INITIATED,1789018522815
2229968,2,VALIDATED,1789018522971
2229968,3,PROCESSED,1789018523163
2229969,1,INITIATED,1789018522823
2229969,2,VALIDATED,1789018522982
2229969,3,PROCESSED,1789018523135
2229970,1,INITIATED,1789018522821
2229970,2,VALIDATED,1789018523105
2229970,3,PROCESSED,1789018523177
2229971,1,INITIATED,1789018522822
2229971,2,VALIDATED,1789018522878
2229971,3,PROCESSED,1789018523046
2229972,1,INITIATED,1789018522817
2229972,2,VALIDATED,1789018522984
2229972,3,PROCESSED,1789018523124
2229973,1,INITIATED,1789018522814
2229973,2,VALIDATED,1789018523105
2229973,3,PROCESSED,1789018523128
2229974,1,INITIATED,1789018522824
2229974,2,VALIDATED,1789018522883
2229974,3,PROCESSED,1789018522939
2229975,1,INITIATED,1789018522823
2229975,2,VALIDATED,1789018522985
2229975,3,PROCESSED,1789018523128
2229976,1,INITIATED,1789018522822
2229976,2,VALIDATED,1789018522972
2229976,3,PROCESSED,1789018523008
2229977,1,INITIATED,1789018522824
2229977,2,VALIDATED,1789018522990
2229977,3,PROCESSED,1789018523197
2229978,1,INITIATED,1789018522827
2229978,2,VALIDATED,1789018522989
2229978,3,PROCESSED,1789018523126
2229979,1,INITIATED,1789018522827
2229979,2,VALIDATED,1789018522991
2229979,3,PROCESSED,1789018523178
2229980,1,INITIATED,1789018522827
2229980,2,VALIDATED,1789018522990
2229980,3,PROCESSED,1789018523175
2229981,1,INITIATED,1789018522827
2229981,2,VALIDATED,1789018522888
2229981,3,PROCESSED,1789018523065
2229982,1,INITIATED,1789018522830
2229982,2,VALIDATED,1789018523110
2229982,3,PROCESSED,1789018523199
2229983,1,INITIATED,1789018522829
2229983,2,VALIDATED,1789018522988
2229983,3,PROCESSED,1789018523131
2229984,1,INITIATED,1789018522840
2229984,2,VALIDATED,1789018522996
2229984,3,PROCESSED,1789018523200
2229985,1,INITIATED,1789018522839
2229985,2,VALIDATED,1789018522898
2229985,3,PROCESSED,1789018522943
2229986,1,INITIATED,1789018522839
2229986,2,VALIDATED,1789018522898
2229986,3,PROCESSED,1789018523082
2229987,1,INITIATED,1789018522840
2229987,2,VALIDATED,1789018523005
2229987,3,PROCESSED,1789018523150
2229988,1,INITIATED,1789018522841
2229988,2,VALIDATED,1789018522900
2229988,3,PROCESSED,1789018523081
2229989,1,INITIATED,1789018522839
2229989,2,VALIDATED,1789018523014
2229989,3,PROCESSED,1789018523147
2229990,1,INITIATED,1789018522843
2229990,2,VALIDATED,1789018522900
2229990,3,PROCESSED,1789018523080
2229991,1,INITIATED,1789018522842
2229991,2,VALIDATED,1789018523019
2229991,3,PROCESSED,1789018523142
2229992,1,INITIATED,1789018522840
2229992,2,VALIDATED,1789018523000
2229992,3,PROCESSED,1789018523144
2229993,1,INITIATED,1789018522840
2229993,2,VALIDATED,1789018522901
2229993,3,PROCESSED,1789018522942
2229994,1,INITIATED,1789018522844
2229994,2,VALIDATED,1789018522995
2229994,3,PROCESSED,1789018523133
2229995,1,INITIATED,1789018522840
2229995,2,VALIDATED,1789018522995
2229995,3,REJECTED,1789018523193
2229996,1,INITIATED,1789018522843
2229996,2,VALIDATED,1789018523003
2229996,3,PROCESSED,1789018523035
2229997,1,INITIATED,1789018522841
2229997,2,VALIDATED,1789018523005
2229997,3,REJECTED,1789018523175
2229998,1,INITIATED,1789018522843
2229998,2,VALIDATED,1789018523013
2229998,3,PROCESSED,1789018523071
2229999,1,INITIATED,1789018522843
2229999,2,VALIDATED,1789018522993
2229999,3,PROCESSED,1789018523128
2230000,1,INITIATED,1789018522841
2230000,2,VALIDATED,1789018523161
2230000,3,PROCESSED,1789018523179
2230001,1,INITIATED,1789018522843
2230001,2,VALIDATED,1789018523005
2230001,3,PROCESSED,1789018523041
2230002,1,INITIATED,1789018522843
2230002,2,VALIDATED,1789018523010
2230002,3,REJECTED,1789018523133
2230003,1,INITIATED,1789018522843
2230003,2,VALIDATED,1789018523000
2230003,3,PROCESSED,1789018523130
2230004,1,INITIATED,1789018522844
2230004,2,VALIDATED,1789018523162
2230004,3,PROCESSED,1789018523193
2230005,1,INITIATED,1789018522860
2230005,2,VALIDATED,1789018523007
2230005,3,PROCESSED,1789018523140
2230006,1,INITIATED,1789018522860
2230006,2,VALIDATED,1789018523015
2230006,3,PROCESSED,1789018523145
2230007,1,INITIATED,1789018522862
2230007,2,VALIDATED,1789018522909
2230007,3,PROCESSED,1789018523085
2230008,1,INITIATED,1789018522861
2230008,2,VALIDATED,1789018522903
2230008,3,PROCESSED,1789018522946
2230009,1,INITIATED,1789018522864
2230009,2,VALIDATED,1789018522903
2230009,3,PROCESSED,1789018523085
2230010,1,INITIATED,1789018522862
2230010,2,VALIDATED,1789018522900
2230010,3,PROCESSED,1789018523094
2230011,1,INITIATED,1789018522862
2230011,2,VALIDATED,1789018523018
2230011,3,PROCESSED,1789018523147
2230012,1,INITIATED,1789018522867
2230012,2,VALIDATED,1789018523034
2230012,3,PROCESSED,1789018523077
2230013,1,INITIATED,1789018522863
2230013,2,VALIDATED,1789018522977
2230013,3,PROCESSED,1789018523167
2230014,1,INITIATED,1789018522863
2230014,2,VALIDATED,1789018523023
2230014,3,PROCESSED,1789018523146
2230015,1,INITIATED,1789018522865
2230015,2,VALIDATED,1789018523022
2230015,3,PROCESSED,1789018523048
2230016,1,INITIATED,1789018522864
2230016,2,VALIDATED,1789018523122
2230016,3,PROCESSED,1789018523178
2230017,1,INITIATED,1789018522867
2230017,2,VALIDATED,1789018522911
2230017,3,PROCESSED,1789018522957
2230018,1,INITIATED,1789018522866
2230018,2,VALIDATED,1789018522912
2230018,3,PROCESSED,1789018522964
2230019,1,INITIATED,1789018522865
2230019,2,VALIDATED,1789018523173
2230019,3,REJECTED,1789018523189
2230020,1,INITIATED,1789018522866
2230020,2,VALIDATED,1789018523022
2230020,3,PROCESSED,1789018523143
2230021,1,INITIATED,1789018522866
2230021,2,VALIDATED,1789018522909
2230021,3,PROCESSED,1789018523096
2230022,1,INITIATED,1789018522871
2230022,2,VALIDATED,1789018523037
2230022,3,PROCESSED,1789018523081
2230023,1,INITIATED,1789018522874
2230023,2,VALIDATED,1789018522912
2230023,3,PROCESSED,1789018522959
2230024,1,INITIATED,1789018522876
2230024,2,VALIDATED,1789018523137
2230024,3,PROCESSED,1789018523161
2230025,1,INITIATED,1789018522876
2230025,2,VALIDATED,1789018523114
2230025,3,PROCESSED,1789018523189
2230026,1,INITIATED,1789018522880
2230026,2,VALIDATED,1789018522926
2230026,3,PROCESSED,1789018523099
2230027,1,INITIATED,1789018522886
2230027,2,VALIDATED,1789018523069
2230027,3,PROCESSED,1789018523157
2230028,1,INITIATED,1789018522887
2230028,2,VALIDATED,1789018523046
2230028,3,PROCESSED,1789018523150
2230029,1,INITIATED,1789018522903
2230029,2,VALIDATED,1789018523073
2230029,3,PROCESSED,1789018523183
2230030,1,INITIATED,1789018522907
2230030,2,VALIDATED,1789018523145
2230030,3,PROCESSED,1789018523169
2230031,1,INITIATED,1789018522907
2230031,2,VALIDATED,1789018522943
2230031,3,PROCESSED,1789018523167
2230032,1,INITIATED,1789018522907
2230032,2,VALIDATED,1789018523082
2230032,3,PROCESSED,1789018523170
2230033,1,INITIATED,1789018522908
2230033,2,VALIDATED,1789018523091
2230033,3,PROCESSED,1789018523160
2230034,1,INITIATED,1789018522913
2230034,2,VALIDATED,1789018522928
2230034,3,PROCESSED,1789018522959
2230035,1,INITIATED,1789018522928
2230035,2,VALIDATED,1789018523094
2230035,3,PROCESSED,1789018523169
2230036,1,INITIATED,1789018522938
2230036,2,VALIDATED,1789018523091
2230036,3,PROCESSED,1789018523163
2230037,1,INITIATED,1789018522939
2230037,2,VALIDATED,1789018523091
2230037,3,PROCESSED,1789018523111
2230038,1,INITIATED,1789018522939
2230038,2,VALIDATED,1789018523091
2230038,3,PROCESSED,1789018523165
2230039,1,INITIATED,1789018522950
2230039,2,VALIDATED,1789018523101
2230039,3,PROCESSED,1789018523167
2230040,1,INITIATED,1789018522952
2230040,2,VALIDATED,1789018522968
2230040,3,PROCESSED,1789018523001
2230041,1,INITIATED,1789018522959
2230041,2,VALIDATED,1789018523101
2230041,3,PROCESSED,1789018523124
2230042,1,INITIATED,1789018522961
2230042,2,VALIDATED,1789018522990
2230042,3,PROCESSED,1789018523172
2230043,1,INITIATED,1789018522964
2230043,2,VALIDATED,1789018523110
2230043,3,PROCESSED,1789018523178
2230044,1,INITIATED,1789018522968
2230044,2,VALIDATED,1789018523002
2230044,3,PROCESSED,1789018523178
2230045,1,INITIATED,1789018522968
2230045,2,VALIDATED,1789018523107
2230045,3,PROCESSED,1789018523195
2230046,1,INITIATED,1789018522972
2230046,2,VALIDATED,1789018523107
2230046,3,PROCESSED,1789018523132
2230047,1,INITIATED,1789018522972
2230047,2,VALIDATED,1789018523110
2230047,3,PROCESSED,1789018523179
2230048,1,INITIATED,1789018522980
2230048,2,VALIDATED,1789018523164
2230048,3,PROCESSED,1789018523192
2230049,1,INITIATED,1789018522983
2230049,2,VALIDATED,1789018523113
2230049,3,PROCESSED,1789018523139
2230050,1,INITIATED,1789018522995
2230050,2,VALIDATED,1789018523123
2230050,3,PROCESSED,1789018523194
2230051,1,INITIATED,1789018523003
2230051,2,VALIDATED,1789018523124
2230051,3,PROCESSED,1789018523181
2230052,1,INITIATED,1789018523022
2230052,2,VALIDATED,1789018523147
2230052,3,PROCESSED,1789018523184
2230053,1,INITIATED,1789018523022
2230053,2,VALIDATED,1789018523137
2230053,3,PROCESSED,1789018523185
2230054,1,INITIATED,1789018523045
2230054,2,VALIDATED,1789018523077
2230054,3,PROCESSED,1789018523164
2230055,1,INITIATED,1789018523048
2230055,2,VALIDATED,1789018523142
2230055,3,PROCESSED,1789018523188
2230056,1,INITIATED,1789018523072
2230056,2,VALIDATED,1789018523153
2230056,3,PROCESSED,1789018523192
2230057,1,INITIATED,1789018523079
2230057,2,VALIDATED,1789018523154
2230057,3,PROCESSED,1789018523198
2230058,1,INITIATED,1789018523082
2230058,2,VALIDATED,1789018523095
2230058,3,PROCESSED,1789018523190
2230059,1,INITIATED,1789018523089
2230059,2,VALIDATED,1789018523107
2230059,3,PROCESSED,1789018523125
2230060,1,INITIATED,1789018523091
2230060,2,VALIDATED,1789018523158
2230060,3,PROCESSED,1789018523194
2230061,1,INITIATED,1789018523098
2230061,2,VALIDATED,1789018523115
2230061,3,PROCESSED,1789018523140
2230062,1,INITIATED,1789018523097
2230062,2,VALIDATED,1789018523112
2230062,3,PROCESSED,1789018523141
2230063,1,INITIATED,1789018523142
2230063,2,VALIDATED,1789018523181
2230063,3,PROCESSED,1789018523194
2230064,1,INITIATED,1789018523146
2230064,2,VALIDATED,1789018523182
2230064,3,PROCESSED,1789018523199
2230065,1,INITIATED,1789018523149
2230065,2,VALIDATED,1789018523182
2230065,3,PROCESSED,1789018523199
2230066,1,INITIATED,1789018523152
2230066,2,VALIDATED,1789018523184
2230066,3,PROCESSED,1789018523198
2230067,1,INITIATED,1789018523153
2230067,2,VALIDATED,1789018523184
2230067,3,PROCESSED,1789018523198
2230068,1,INITIATED,1789018523162
2230068,2,VALIDATED,1789018523185
2230068,3,PROCESSED,1789018523199
2230069,1,INITIATED,1789018523167
2230069,2,VALIDATED,1789018523198
2230069,3,PROCESSED,1789018523209
2230070,1,INITIATED,1789018523173
2230070,2,VALIDATED,1789018523189
2230070,3,PROCESSED,1789018523203
2230071,1,INITIATED,1789018523182
2230071,2,VALIDATED,1789018523194
2230071,3,PROCESSED,1789018523209
2230072,1,INITIATED,1789018523188
2230072,2,VALIDATED,1789018523199
2230072,3,PROCESSED,1789018523209
2230073,1,INITIATED,1789018523198
2230073,2,VALIDATED,1789018523206
2230073,3,PROCESSED,1789018523216
2230074,1,INITIATED,1789018523218
2230074,2,VALIDATED,1789018523223
2230074,3,PROCESSED,1789018523231
2230075,1,INITIATED,1789018523237
2230075,2,VALIDATED,1789018523243
2230075,3,PROCESSED,1789018523251
2230076,1,INITIATED,1789018523257
2230076,2,VALIDATED,1789018523263
2230076,3,PROCESSED,1789018523270
2230077,1,INITIATED,1789018523278
2230077,2,VALIDATED,1789018523283
2230077,3,PROCESSED,1789018523291
2230078,1,INITIATED,1789018523298
2230078,2,VALIDATED,1789018523302
2230078,3,PROCESSED,1789018523310
2230079,1,INITIATED,1789018523317
2230079,2,VALIDATED,1789018523322
2230079,3,PROCESSED,1789018523329
2230080,1,INITIATED,1789018523337
2230080,2,VALIDATED,1789018523343
2230080,3,PROCESSED,1789018523351
2230081,1,INITIATED,1789018523357
2230081,2,VALIDATED,1789018523362
2230081,3,PROCESSED,1789018523369
2230082,1,INITIATED,1789018523536
2230082,2,VALIDATED,1789018523548
2230082,3,PROCESSED,1789018523712
2230083,1,INITIATED,1789018523535
2230083,2,VALIDATED,1789018523548
2230083,3,PROCESSED,1789018523712
2230084,1,INITIATED,1789018523535
2230084,2,VALIDATED,1789018523548
2230084,3,PROCESSED,1789018523712
2230085,1,INITIATED,1789018523536
2230085,2,VALIDATED,1789018523548
2230085,3,PROCESSED,1789018523711
2230086,1,INITIATED,1789018523535
2230086,2,VALIDATED,1789018523548
2230086,3,PROCESSED,1789018523712
2230087,1,INITIATED,1789018523535
2230087,2,VALIDATED,1789018523547
2230087,3,PROCESSED,1789018523711
2230088,1,INITIATED,1789018523535
2230088,2,VALIDATED,1789018523548
2230088,3,PROCESSED,1789018523711
2230089,1,INITIATED,1789018523535
2230089,2,VALIDATED,1789018523544
2230089,3,PROCESSED,1789018523712
2230090,1,INITIATED,1789018523539
2230090,2,VALIDATED,1789018523547
2230090,3,PROCESSED,1789018523713
2230091,1,INITIATED,1789018523577
2230091,2,VALIDATED,1789018523711
2230091,3,PROCESSED,1789018523721
2230092,1,INITIATED,1789018523578
2230092,2,VALIDATED,1789018523711
2230092,3,PROCESSED,1789018523722
2230093,1,INITIATED,1789018523709
2230093,2,VALIDATED,1789018523718
2230093,3,PROCESSED,1789018523734
2230094,1,INITIATED,1789018523708
2230094,2,VALIDATED,1789018523718
2230094,3,PROCESSED,1789018523733
2230095,1,INITIATED,1789018523708
2230095,2,VALIDATED,1789018523718
2230095,3,REJECTED,1789018523731
2230096,1,INITIATED,1789018523708
2230096,2,VALIDATED,1789018523719
2230096,3,REJECTED,1789018523731
2230097,1,INITIATED,1789018523709
2230097,2,VALIDATED,1789018523718
2230097,3,REJECTED,1789018523727
2230098,1,INITIATED,1789018523709
2230098,2,VALIDATED,1789018523718
2230098,3,REJECTED,1789018523726
2230099,1,INITIATED,1789018523718
2230099,2,VALIDATED,1789018523731
2230099,3,PROCESSED,1789018523747
2230100,1,INITIATED,1789018523738
2230100,2,VALIDATED,1789018523744
2230100,3,PROCESSED,1789018523753
2230101,1,INITIATED,1789018523758
2230101,2,VALIDATED,1789018523765
2230101,3,PROCESSED,1789018523775
2230102,1,INITIATED,1789018523778
2230102,2,VALIDATED,1789018523784
2230102,3,PROCESSED,1789018523795
2230103,1,INITIATED,1789018523799
2230103,2,VALIDATED,1789018523807
2230103,3,PROCESSED,1789018523816
2230104,1,INITIATED,1789018523818
2230104,2,VALIDATED,1789018523824
2230104,3,PROCESSED,1789018523832
2230105,1,INITIATED,1789018523838
2230105,2,VALIDATED,1789018523846
2230105,3,PROCESSED,1789018523855
2230106,1,INITIATED,1789018523857
2230106,2,VALIDATED,1789018523863
2230106,3,PROCESSED,1789018523872
2230107,1,INITIATED,1789018523877
2230107,2,VALIDATED,1789018523882
2230107,3,PROCESSED,1789018523890
2230108,1,INITIATED,1789018523898
2230108,2,VALIDATED,1789018523904
2230108,3,PROCESSED,1789018523911
2230109,1,INITIATED,1789018523917
2230109,2,VALIDATED,1789018523923
2230109,3,PROCESSED,1789018523931
2230110,1,INITIATED,1789018523938
2230110,2,VALIDATED,1789018523945
2230110,3,PROCESSED,1789018523954
2230111,1,INITIATED,1789018523959
2230111,2,VALIDATED,1789018523966
2230111,3,PROCESSED,1789018523975
2230112,1,INITIATED,1789018523978
2230112,2,VALIDATED,1789018523985
2230112,3,PROCESSED,1789018523993
2230113,1,INITIATED,1789018523998
2230113,2,VALIDATED,1789018524003
2230113,3,PROCESSED,1789018524011
2230114,1,INITIATED,1789018524018
2230114,2,VALIDATED,1789018524023
2230114,3,PROCESSED,1789018524031
2230115,1,INITIATED,1789018524038
2230115,2,VALIDATED,1789018524044
2230115,3,PROCESSED,1789018524052
2230116,1,INITIATED,1789018524058
2230116,2,VALIDATED,1789018524065
2230116,3,PROCESSED,1789018524076
2230117,1,INITIATED,1789018524078
2230117,2,VALIDATED,1789018524085
2230117,3,PROCESSED,1789018524095
2230118,1,INITIATED,1789018524098
2230118,2,VALIDATED,1789018524107
2230118,3,PROCESSED,1789018524117
2230119,1,INITIATED,1789018524118
2230119,2,VALIDATED,1789018524125
2230119,3,PROCESSED,1789018524134
2230120,1,INITIATED,1789018524138
2230120,2,VALIDATED,1789018524144
2230120,3,PROCESSED,1789018524156
2230121,1,INITIATED,1789018524157
2230121,2,VALIDATED,1789018524163
2230121,3,PROCESSED,1789018524170
2230122,1,INITIATED,1789018524178
2230122,2,VALIDATED,1789018524184
2230122,3,PROCESSED,1789018524191
2230123,1,INITIATED,1789018524198
2230123,2,VALIDATED,1789018524205
2230123,3,PROCESSED,1789018524212
2230124,1,INITIATED,1789018524218
2230124,2,VALIDATED,1789018524224
2230124,3,PROCESSED,1789018524231
2230125,1,INITIATED,1789018524237
2230125,2,VALIDATED,1789018524242
2230125,3,PROCESSED,1789018524250
2230126,1,INITIATED,1789018524257
2230126,2,VALIDATED,1789018524263
2230126,3,PROCESSED,1789018524270
2230127,1,INITIATED,1789018524278
2230127,2,VALIDATED,1789018524283
2230127,3,PROCESSED,1789018524291
2230128,1,INITIATED,1789018524298
2230128,2,VALIDATED,1789018524419
2230128,3,PROCESSED,1789018524543
2230129,1,INITIATED,1789018524318
2230129,2,VALIDATED,1789018524536
2230129,3,PROCESSED,1789018524547
2230130,1,INITIATED,1789018524338
2230130,2,VALIDATED,1789018524422
2230130,3,PROCESSED,1789018524546
2230131,1,INITIATED,1789018524358
2230131,2,VALIDATED,1789018524536
2230131,3,PROCESSED,1789018524547
2230132,1,INITIATED,1789018524408
2230132,2,VALIDATED,1789018524538
2230132,3,PROCESSED,1789018524548
2230133,1,INITIATED,1789018524417
2230133,2,VALIDATED,1789018524538
2230133,3,PROCESSED,1789018524549
2230134,1,INITIATED,1789018524417
2230134,2,VALIDATED,1789018524537
2230134,3,PROCESSED,1789018524547
2230135,1,INITIATED,1789018524536
2230135,2,VALIDATED,1789018524545
2230135,3,PROCESSED,1789018524556
2230136,1,INITIATED,1789018524536
2230136,2,VALIDATED,1789018524547
2230136,3,PROCESSED,1789018524557
2230137,1,INITIATED,1789018524536
2230137,2,VALIDATED,1789018524544
2230137,3,PROCESSED,1789018524556
2230138,1,INITIATED,1789018524537
2230138,2,VALIDATED,1789018524544
2230138,3,PROCESSED,1789018524556
2230139,1,INITIATED,1789018524536
2230139,2,VALIDATED,1789018524544
2230139,3,PROCESSED,1789018524556
2230140,1,INITIATED,1789018524538
2230140,2,VALIDATED,1789018524546
2230140,3,PROCESSED,1789018524557
2230141,1,INITIATED,1789018524558
2230141,2,VALIDATED,1789018524581
2230141,3,PROCESSED,1789018524697
2230142,1,INITIATED,1789018524578
2230142,2,VALIDATED,1789018524687
2230142,3,PROCESSED,1789018524697
2230143,1,INITIATED,1789018524686
2230143,2,VALIDATED,1789018524694
2230143,3,PROCESSED,1789018524810
2230144,1,INITIATED,1789018524686
2230144,2,VALIDATED,1789018524694
2230144,3,PROCESSED,1789018524809
2230145,1,INITIATED,1789018524686
2230145,2,VALIDATED,1789018524694
2230145,3,PROCESSED,1789018524810
2230146,1,INITIATED,1789018524686
2230146,2,VALIDATED,1789018524694
2230146,3,PROCESSED,1789018524811
2230147,1,INITIATED,1789018524686
2230147,2,VALIDATED,1789018524694
2230147,3,PROCESSED,1789018524809
2230148,1,INITIATED,1789018524697
2230148,2,VALIDATED,1789018524807
2230148,3,PROCESSED,1789018524814
2230149,1,INITIATED,1789018524718
2230149,2,VALIDATED,1789018524806
2230149,3,PROCESSED,1789018524814
2230150,1,INITIATED,1789018524737
2230150,2,VALIDATED,1789018524806
2230150,3,PROCESSED,1789018524815
2230151,1,INITIATED,1789018524757
2230151,2,VALIDATED,1789018524808
2230151,3,PROCESSED,1789018524817
2230152,1,INITIATED,1789018524778
2230152,2,VALIDATED,1789018524806
2230152,3,PROCESSED,1789018524815
2230153,1,INITIATED,1789018524798
2230153,2,VALIDATED,1789018524810
2230153,3,PROCESSED,1789018524817
2230154,1,INITIATED,1789018524818
2230154,2,VALIDATED,1789018524836
2230154,3,PROCESSED,1789018524856
2230155,1,INITIATED,1789018524837
2230155,2,VALIDATED,1789018524854
2230155,3,PROCESSED,1789018524861
2230156,1,INITIATED,1789018524858
2230156,2,VALIDATED,1789018524875
2230156,3,PROCESSED,1789018524893
2230157,1,INITIATED,1789018524878
2230157,2,VALIDATED,1789018524891
2230157,3,PROCESSED,1789018524897
2230158,1,INITIATED,1789018524897
2230158,2,VALIDATED,1789018524911
2230158,3,PROCESSED,1789018524916
2230159,1,INITIATED,1789018524917
2230159,2,VALIDATED,1789018524921
2230159,3,PROCESSED,1789018524927
2230160,1,INITIATED,1789018524937
2230160,2,VALIDATED,1789018524942
2230160,3,PROCESSED,1789018524948
2230161,1,INITIATED,1789018524958
2230161,2,VALIDATED,1789018524962
2230161,3,PROCESSED,1789018524969
2230162,1,INITIATED,1789018524977
2230162,2,VALIDATED,1789018524981
2230162,3,PROCESSED,1789018524988
2230163,1,INITIATED,1789018524997
2230163,2,VALIDATED,1789018525002
2230163,3,PROCESSED,1789018525008
2230164,1,INITIATED,1789018525017
2230164,2,VALIDATED,1789018525022
2230164,3,PROCESSED,1789018525027
2230165,1,INITIATED,1789018525038
2230165,2,VALIDATED,1789018525042
2230165,3,PROCESSED,1789018525047
2230166,1,INITIATED,1789018525057
2230166,2,VALIDATED,1789018525062
2230166,3,PROCESSED,1789018525066
2230167,1,INITIATED,1789018525077
2230167,2,VALIDATED,1789018525084
2230167,3,PROCESSED,1789018525089
2230168,1,INITIATED,1789018525098
2230168,2,VALIDATED,1789018525102
2230168,3,PROCESSED,1789018525107
2230169,1,INITIATED,1789018525118
2230169,2,VALIDATED,1789018525123
2230169,3,PROCESSED,1789018525129
2230170,1,INITIATED,1789018525138
2230170,2,VALIDATED,1789018525141
2230170,3,PROCESSED,1789018525146
2230171,1,INITIATED,1789018525158
2230171,2,VALIDATED,1789018525162
2230171,3,PROCESSED,1789018525167
2230172,1,INITIATED,1789018525177
2230172,2,VALIDATED,1789018525181
2230172,3,PROCESSED,1789018525186
2230173,1,INITIATED,1789018525198
2230173,2,VALIDATED,1789018525203
2230173,3,PROCESSED,1789018525208
2230174,1,INITIATED,1789018525217
2230174,2,VALIDATED,1789018525221
2230174,3,PROCESSED,1789018525227
2230175,1,INITIATED,1789018525238
2230175,2,VALIDATED,1789018525243
2230175,3,PROCESSED,1789018525248
2230176,1,INITIATED,1789018525258
2230176,2,VALIDATED,1789018525262
2230176,3,PROCESSED,1789018525267
2230177,1,INITIATED,1789018525278
2230177,2,VALIDATED,1789018525282
2230177,3,PROCESSED,1789018525301
2230178,1,INITIATED,1789018525298
2230178,2,VALIDATED,1789018525303
2230178,3,PROCESSED,1789018525310
2230179,1,INITIATED,1789018525321
2230179,2,VALIDATED,1789018525326
2230179,3,PROCESSED,1789018525332
2230180,1,INITIATED,1789018525339
2230180,2,VALIDATED,1789018525342
2230180,3,PROCESSED,1789018525347
2230181,1,INITIATED,1789018525359
2230181,2,VALIDATED,1789018525364
2230181,3,PROCESSED,1789018525372
2230182,1,INITIATED,1789018525380
2230182,2,VALIDATED,1789018525540
2230182,3,PROCESSED,1789018525550
2230183,1,INITIATED,1789018525398
2230183,2,VALIDATED,1789018525539
2230183,3,PROCESSED,1789018525550
2230184,1,INITIATED,1789018525538
2230184,2,VALIDATED,1789018525546
2230184,3,PROCESSED,1789018525661
2230185,1,INITIATED,1789018525538
2230185,2,VALIDATED,1789018525546
2230185,3,PROCESSED,1789018525663
2230186,1,INITIATED,1789018525538
2230186,2,VALIDATED,1789018525546
2230186,3,PROCESSED,1789018525662
2230187,1,INITIATED,1789018525539
2230187,2,VALIDATED,1789018525546
2230187,3,PROCESSED,1789018525662
2230188,1,INITIATED,1789018525539
2230188,2,VALIDATED,1789018525547
2230188,3,PROCESSED,1789018525662
2230189,1,INITIATED,1789018525539
2230189,2,VALIDATED,1789018525546
2230189,3,PROCESSED,1789018525662
2230190,1,INITIATED,1789018525539
2230190,2,VALIDATED,1789018525546
2230190,3,PROCESSED,1789018525662
2230191,1,INITIATED,1789018525625
2230191,2,VALIDATED,1789018525939
2230191,3,PROCESSED,1789018525960
2230192,1,INITIATED,1789018525625
2230192,2,VALIDATED,1789018525938
2230192,3,PROCESSED,1789018525960
2230193,1,INITIATED,1789018525625
2230193,2,VALIDATED,1789018525937
2230193,3,PROCESSED,1789018525947
2230194,1,INITIATED,1789018525625
2230194,2,VALIDATED,1789018525940
2230194,3,PROCESSED,1789018526059
2230195,1,INITIATED,1789018525655
2230195,2,VALIDATED,1789018525939
2230195,3,REJECTED,1789018525958
2230196,1,INITIATED,1789018525657
2230196,2,VALIDATED,1789018525941
2230196,3,REJECTED,1789018526058
2230197,1,INITIATED,1789018525938
2230197,2,VALIDATED,1789018525958
2230197,3,REJECTED,1789018526057
2230198,1,INITIATED,1789018525937
2230198,2,VALIDATED,1789018525945
2230198,3,REJECTED,1789018526057
2230199,1,INITIATED,1789018525940
2230199,2,VALIDATED,1789018526055
2230199,3,PROCESSED,1789018526069
2230200,1,INITIATED,1789018525936
2230200,2,VALIDATED,1789018525945
2230200,3,PROCESSED,1789018526060
2230201,1,INITIATED,1789018525941
2230201,2,VALIDATED,1789018526055
2230201,3,PROCESSED,1789018526069
2230202,1,INITIATED,1789018525938
2230202,2,VALIDATED,1789018525958
2230202,3,PROCESSED,1789018526062
2230203,1,INITIATED,1789018525939
2230203,2,VALIDATED,1789018526056
2230203,3,PROCESSED,1789018526068
2230204,1,INITIATED,1789018525939
2230204,2,VALIDATED,1789018525958
2230204,3,PROCESSED,1789018526062
2230205,1,INITIATED,1789018525939
2230205,2,VALIDATED,1789018526056
2230205,3,PROCESSED,1789018526070
2230206,1,INITIATED,1789018525939
2230206,2,VALIDATED,1789018526057
2230206,3,PROCESSED,1789018526072
2230207,1,INITIATED,1789018525936
2230207,2,VALIDATED,1789018525945
2230207,3,PROCESSED,1789018526061
2230208,1,INITIATED,1789018525941
2230208,2,VALIDATED,1789018526056
2230208,3,PROCESSED,1789018526067
2230209,1,INITIATED,1789018525939
2230209,2,VALIDATED,1789018525958
2230209,3,PROCESSED,1789018526062
2230210,1,INITIATED,1789018525943
2230210,2,VALIDATED,1789018526055
2230210,3,PROCESSED,1789018526067
2230211,1,INITIATED,1789018525958
2230211,2,VALIDATED,1789018526058
2230211,3,PROCESSED,1789018526070
2230212,1,INITIATED,1789018525978
2230212,2,VALIDATED,1789018526058
2230212,3,PROCESSED,1789018526071
2230213,1,INITIATED,1789018525997
2230213,2,VALIDATED,1789018526056
2230213,3,PROCESSED,1789018526069
2230214,1,INITIATED,1789018526017
2230214,2,VALIDATED,1789018526058
2230214,3,PROCESSED,1789018526073
2230215,1,INITIATED,1789018526037
2230215,2,VALIDATED,1789018526058
2230215,3,PROCESSED,1789018526071
2230216,1,INITIATED,1789018526058
2230216,2,VALIDATED,1789018526067
2230216,3,PROCESSED,1789018526076
2230217,1,INITIATED,1789018526077
2230217,2,VALIDATED,1789018526096
2230217,3,PROCESSED,1789018526113
2230218,1,INITIATED,1789018526097
2230218,2,VALIDATED,1789018526111
2230218,3,PROCESSED,1789018526117
2230219,1,INITIATED,1789018526117
2230219,2,VALIDATED,1789018526121
2230219,3,PROCESSED,1789018526128
2230220,1,INITIATED,1789018526137
2230220,2,VALIDATED,1789018526141
2230220,3,PROCESSED,1789018526146
2230221,1,INITIATED,1789018526158
2230221,2,VALIDATED,1789018526164
2230221,3,PROCESSED,1789018526171
2230222,1,INITIATED,1789018526177
2230222,2,VALIDATED,1789018526181
2230222,3,PROCESSED,1789018526200
2230223,1,INITIATED,1789018526197
2230223,2,VALIDATED,1789018526201
2230223,3,PROCESSED,1789018526208
2230224,1,INITIATED,1789018526217
2230224,2,VALIDATED,1789018526222
2230224,3,PROCESSED,1789018526227
2230225,1,INITIATED,1789018526237
2230225,2,VALIDATED,1789018526242
2230225,3,PROCESSED,1789018526248
2230226,1,INITIATED,1789018526257
2230226,2,VALIDATED,1789018526261
2230226,3,PROCESSED,1789018526266
2230227,1,INITIATED,1789018526277
2230227,2,VALIDATED,1789018526282
2230227,3,PROCESSED,1789018526288
2230228,1,INITIATED,1789018526297
2230228,2,VALIDATED,1789018526301
2230228,3,PROCESSED,1789018526307
2230229,1,INITIATED,1789018526317
2230229,2,VALIDATED,1789018526322
2230229,3,PROCESSED,1789018526329
2230230,1,INITIATED,1789018526338
2230230,2,VALIDATED,1789018526342
2230230,3,PROCESSED,1789018526348
2230231,1,INITIATED,1789018526357
2230231,2,VALIDATED,1789018526361
2230231,3,PROCESSED,1789018526413
2230232,1,INITIATED,1789018526410
2230232,2,VALIDATED,1789018526415
2230232,3,PROCESSED,1789018526620
2230233,1,INITIATED,1789018526409
2230233,2,VALIDATED,1789018526415
2230233,3,PROCESSED,1789018526620
2230234,1,INITIATED,1789018526613
2230234,2,VALIDATED,1789018526618
2230234,3,PROCESSED,1789018526739
2230235,1,INITIATED,1789018526612
2230235,2,VALIDATED,1789018526618
2230235,3,PROCESSED,1789018526737
2230236,1,INITIATED,1789018526612
2230236,2,VALIDATED,1789018526617
2230236,3,PROCESSED,1789018526737
2230237,1,INITIATED,1789018526612
2230237,2,VALIDATED,1789018526617
2230237,3,PROCESSED,1789018526737
2230238,1,INITIATED,1789018526613
2230238,2,VALIDATED,1789018526621
2230238,3,PROCESSED,1789018526737
2230239,1,INITIATED,1789018526612
2230239,2,VALIDATED,1789018526619
2230239,3,PROCESSED,1789018526738
2230240,1,INITIATED,1789018526612
2230240,2,VALIDATED,1789018526619
2230240,3,PROCESSED,1789018526738
2230241,1,INITIATED,1789018526612
2230241,2,VALIDATED,1789018526618
2230241,3,PROCESSED,1789018526737
2230242,1,INITIATED,1789018526613
2230242,2,VALIDATED,1789018526619
2230242,3,PROCESSED,1789018526738
2230243,1,INITIATED,1789018526612
2230243,2,VALIDATED,1789018526618
2230243,3,PROCESSED,1789018526737
2230244,1,INITIATED,1789018526618
2230244,2,VALIDATED,1789018526734
2230244,3,PROCESSED,1789018527082
2230245,1,INITIATED,1789018526701
2230245,2,VALIDATED,1789018526735
2230245,3,PROCESSED,1789018527083
2230246,1,INITIATED,1789018526701
2230246,2,VALIDATED,1789018526736
2230246,3,PROCESSED,1789018527083
2230247,1,INITIATED,1789018526701
2230247,2,VALIDATED,1789018527079
2230247,3,PROCESSED,1789018527099
2230248,1,INITIATED,1789018526700
2230248,2,VALIDATED,1789018526736
2230248,3,PROCESSED,1789018527084
2230249,1,INITIATED,1789018526730
2230249,2,VALIDATED,1789018527080
2230249,3,PROCESSED,1789018527187
2230250,1,INITIATED,1789018526738
2230250,2,VALIDATED,1789018527080
2230250,3,PROCESSED,1789018527188
2230251,1,INITIATED,1789018527082
2230251,2,VALIDATED,1789018527186
2230251,3,PROCESSED,1789018527200
2230252,1,INITIATED,1789018527081
2230252,2,VALIDATED,1789018527184
2230252,3,PROCESSED,1789018527195
2230253,1,INITIATED,1789018527081
2230253,2,VALIDATED,1789018527185
2230253,3,PROCESSED,1789018527199
2230254,1,INITIATED,1789018527080
2230254,2,VALIDATED,1789018527098
2230254,3,PROCESSED,1789018527188
2230255,1,INITIATED,1789018527082
2230255,2,VALIDATED,1789018527186
2230255,3,PROCESSED,1789018527201
2230256,1,INITIATED,1789018527080
2230256,2,VALIDATED,1789018527186
2230256,3,PROCESSED,1789018527200
2230257,1,INITIATED,1789018527081
2230257,2,VALIDATED,1789018527183
2230257,3,PROCESSED,1789018527194
2230258,1,INITIATED,1789018527080
2230258,2,VALIDATED,1789018527185
2230258,3,PROCESSED,1789018527196
2230259,1,INITIATED,1789018527080
2230259,2,VALIDATED,1789018527184
2230259,3,PROCESSED,1789018527194
2230260,1,INITIATED,1789018527082
2230260,2,VALIDATED,1789018527183
2230260,3,PROCESSED,1789018527192
2230261,1,INITIATED,1789018527080
2230261,2,VALIDATED,1789018527184
2230261,3,PROCESSED,1789018527196
2230262,1,INITIATED,1789018527082
2230262,2,VALIDATED,1789018527185
2230262,3,PROCESSED,1789018527199
2230263,1,INITIATED,1789018527079
2230263,2,VALIDATED,1789018527098
2230263,3,PROCESSED,1789018527187
2230264,1,INITIATED,1789018527083
2230264,2,VALIDATED,1789018527185
2230264,3,PROCESSED,1789018527201
2230265,1,INITIATED,1789018527081
2230265,2,VALIDATED,1789018527186
2230265,3,PROCESSED,1789018527199
2230266,1,INITIATED,1789018527081
2230266,2,VALIDATED,1789018527185
2230266,3,PROCESSED,1789018527197
2230267,1,INITIATED,1789018527078
2230267,2,VALIDATED,1789018527098
2230267,3,PROCESSED,1789018527188
2230268,1,INITIATED,1789018527097
2230268,2,VALIDATED,1789018527186
2230268,3,PROCESSED,1789018527198
2230269,1,INITIATED,1789018527117
2230269,2,VALIDATED,1789018527185
2230269,3,PROCESSED,1789018527199
2230270,1,INITIATED,1789018527138
2230270,2,VALIDATED,1789018527183
2230270,3,PROCESSED,1789018527196
2230271,1,INITIATED,1789018527158
2230271,2,VALIDATED,1789018527185
2230271,3,PROCESSED,1789018527199
2230272,1,INITIATED,1789018527183
2230272,2,VALIDATED,1789018527191
2230272,3,PROCESSED,1789018527201
2230273,1,INITIATED,1789018527197
2230273,2,VALIDATED,1789018527202
2230273,3,PROCESSED,1789018527221
2230274,1,INITIATED,1789018527217
2230274,2,VALIDATED,1789018527221
2230274,3,PROCESSED,1789018527226
2230275,1,INITIATED,1789018527236
2230275,2,VALIDATED,1789018527241
2230275,3,PROCESSED,1789018527247
2230276,1,INITIATED,1789018527257
2230276,2,VALIDATED,1789018527260
2230276,3,PROCESSED,1789018527265
2230277,1,INITIATED,1789018527277
2230277,2,VALIDATED,1789018527282
2230277,3,PROCESSED,1789018527288
2230278,1,INITIATED,1789018527296
2230278,2,VALIDATED,1789018527300
2230278,3,PROCESSED,1789018527305
2230279,1,INITIATED,1789018527317
2230279,2,VALIDATED,1789018527321
2230279,3,PROCESSED,1789018527326
2230280,1,INITIATED,1789018527336
2230280,2,VALIDATED,1789018527340
2230280,3,PROCESSED,1789018527345
2230281,1,INITIATED,1789018527357
2230281,2,VALIDATED,1789018527362
2230281,3,PROCESSED,1789018527367
2230282,1,INITIATED,1789018527376
2230282,2,VALIDATED,1789018527646
2230282,3,PROCESSED,1789018527761
2230283,1,INITIATED,1789018527415
2230283,2,VALIDATED,1789018527646
2230283,3,PROCESSED,1789018527761
2230284,1,INITIATED,1789018527644
2230284,2,VALIDATED,1789018527759
2230284,3,PROCESSED,1789018528059
2230285,1,INITIATED,1789018527645
2230285,2,VALIDATED,1789018527758
2230285,3,PROCESSED,1789018528060
2230286,1,INITIATED,1789018527644
2230286,2,VALIDATED,1789018527759
2230286,3,PROCESSED,1789018528060
2230287,1,INITIATED,1789018527644
2230287,2,VALIDATED,1789018527759
2230287,3,PROCESSED,1789018528060
2230288,1,INITIATED,1789018527645
2230288,2,VALIDATED,1789018527759
2230288,3,PROCESSED,1789018528061
2230289,1,INITIATED,1789018527644
2230289,2,VALIDATED,1789018527758
2230289,3,PROCESSED,1789018528058
2230290,1,INITIATED,1789018527645
2230290,2,VALIDATED,1789018527758
2230290,3,PROCESSED,1789018528061
2230291,1,INITIATED,1789018527645
2230291,2,VALIDATED,1789018527759
2230291,3,PROCESSED,1789018528061
2230292,1,INITIATED,1789018527645
2230292,2,VALIDATED,1789018527758
2230292,3,PROCESSED,1789018528060
2230293,1,INITIATED,1789018527646
2230293,2,VALIDATED,1789018527759
2230293,3,PROCESSED,1789018528060
2230294,1,INITIATED,1789018527644
2230294,2,VALIDATED,1789018527758
2230294,3,PROCESSED,1789018528060
2230295,1,INITIATED,1789018527645
2230295,2,VALIDATED,1789018527759
2230295,3,REJECTED,1789018528056
2230296,1,INITIATED,1789018527658
2230296,2,VALIDATED,1789018527760
2230296,3,REJECTED,1789018528054
2230297,1,INITIATED,1789018527754
2230297,2,VALIDATED,1789018528052
2230297,3,REJECTED,1789018528075
2230298,1,INITIATED,1789018527756
2230298,2,VALIDATED,1789018528052
2230298,3,REJECTED,1789018528075
2230299,1,INITIATED,1789018527756
2230299,2,VALIDATED,1789018528050
2230299,3,PROCESSED,1789018528062
2230300,1,INITIATED,1789018527756
2230300,2,VALIDATED,1789018528054
2230300,3,PROCESSED,1789018528082
2230301,1,INITIATED,1789018527758
2230301,2,VALIDATED,1789018528051
2230301,3,PROCESSED,1789018528062
2230302,1,INITIATED,1789018528054
2230302,2,VALIDATED,1789018528079
2230302,3,PROCESSED,1789018528183
2230303,1,INITIATED,1789018528054
2230303,2,VALIDATED,1789018528078
2230303,3,PROCESSED,1789018528183
2230304,1,INITIATED,1789018528056
2230304,2,VALIDATED,1789018528181
2230304,3,PROCESSED,1789018528190
2230305,1,INITIATED,1789018528056
2230305,2,VALIDATED,1789018528180
2230305,3,PROCESSED,1789018528190
2230306,1,INITIATED,1789018528052
2230306,2,VALIDATED,1789018528081
2230306,3,PROCESSED,1789018528185
2230307,1,INITIATED,1789018528050
2230307,2,VALIDATED,1789018528059
2230307,3,PROCESSED,1789018528185
2230308,1,INITIATED,1789018528055
2230308,2,VALIDATED,1789018528181
2230308,3,PROCESSED,1789018528191
2230309,1,INITIATED,1789018528055
2230309,2,VALIDATED,1789018528180
2230309,3,PROCESSED,1789018528190
2230310,1,INITIATED,1789018528053
2230310,2,VALIDATED,1789018528178
2230310,3,PROCESSED,1789018528188
2230311,1,INITIATED,1789018528056
2230311,2,VALIDATED,1789018528180
2230311,3,PROCESSED,1789018528190
2230312,1,INITIATED,1789018528053
2230312,2,VALIDATED,1789018528078
2230312,3,PROCESSED,1789018528185
2230313,1,INITIATED,1789018528052
2230313,2,VALIDATED,1789018528078
2230313,3,PROCESSED,1789018528184
2230314,1,INITIATED,1789018528057
2230314,2,VALIDATED,1789018528180
2230314,3,PROCESSED,1789018528188
2230315,1,INITIATED,1789018528056
2230315,2,VALIDATED,1789018528180
2230315,3,PROCESSED,1789018528190
2230316,1,INITIATED,1789018528061
2230316,2,VALIDATED,1789018528180
2230316,3,PROCESSED,1789018528189
2230317,1,INITIATED,1789018528177
2230317,2,VALIDATED,1789018528185
2230317,3,PROCESSED,1789018528194
2230318,1,INITIATED,1789018528177
2230318,2,VALIDATED,1789018528185
2230318,3,PROCESSED,1789018528195
2230319,1,INITIATED,1789018528177
2230319,2,VALIDATED,1789018528185
2230319,3,PROCESSED,1789018528194
2230320,1,INITIATED,1789018528177
2230320,2,VALIDATED,1789018528185
2230320,3,PROCESSED,1789018528195
2230321,1,INITIATED,1789018528178
2230321,2,VALIDATED,1789018528186
2230321,3,PROCESSED,1789018528196
2230322,1,INITIATED,1789018528177
2230322,2,VALIDATED,1789018528186
2230322,3,PROCESSED,1789018528195
2230323,1,INITIATED,1789018528197
2230323,2,VALIDATED,1789018528201
2230323,3,PROCESSED,1789018528209
2230324,1,INITIATED,1789018528217
2230324,2,VALIDATED,1789018528230
2230324,3,PROCESSED,1789018528238
2230325,1,INITIATED,1789018528238
2230325,2,VALIDATED,1789018528243
2230325,3,PROCESSED,1789018528250
2230326,1,INITIATED,1789018528257
2230326,2,VALIDATED,1789018528262
2230326,3,PROCESSED,1789018528270
2230327,1,INITIATED,1789018528278
2230327,2,VALIDATED,1789018528285
2230327,3,PROCESSED,1789018528293
2230328,1,INITIATED,1789018528297
2230328,2,VALIDATED,1789018528302
2230328,3,PROCESSED,1789018528309
2230329,1,INITIATED,1789018528317
2230329,2,VALIDATED,1789018528322
2230329,3,PROCESSED,1789018528328
2230330,1,INITIATED,1789018528337
2230330,2,VALIDATED,1789018528342
2230330,3,PROCESSED,1789018528347
2230331,1,INITIATED,1789018528358
2230331,2,VALIDATED,1789018528363
2230331,3,PROCESSED,1789018528371
2230332,1,INITIATED,1789018528383
2230332,2,VALIDATED,1789018528707
2230332,3,PROCESSED,1789018528845
2230333,1,INITIATED,1789018528402
2230333,2,VALIDATED,1789018528708
2230333,3,PROCESSED,1789018528845
2230334,1,INITIATED,1789018528706
2230334,2,VALIDATED,1789018528842
2230334,3,PROCESSED,1789018529180
2230335,1,INITIATED,1789018528708
2230335,2,VALIDATED,1789018528844
2230335,3,PROCESSED,1789018529179
2230336,1,INITIATED,1789018528708
2230336,2,VALIDATED,1789018528843
2230336,3,PROCESSED,1789018529184
2230337,1,INITIATED,1789018528706
2230337,2,VALIDATED,1789018528842
2230337,3,PROCESSED,1789018529179
2230338,1,INITIATED,1789018528706
2230338,2,VALIDATED,1789018528842
2230338,3,PROCESSED,1789018529184
2230339,1,INITIATED,1789018528706
2230339,2,VALIDATED,1789018528843
2230339,3,PROCESSED,1789018529179
2230340,1,INITIATED,1789018528708
2230340,2,VALIDATED,1789018528843
2230340,3,PROCESSED,1789018529178
2230341,1,INITIATED,1789018528707
2230341,2,VALIDATED,1789018528841
2230341,3,PROCESSED,1789018529179
2230342,1,INITIATED,1789018528708
2230342,2,VALIDATED,1789018528842
2230342,3,PROCESSED,1789018529179
2230343,1,INITIATED,1789018528708
2230343,2,VALIDATED,1789018528843
2230343,3,PROCESSED,1789018529179
2230344,1,INITIATED,1789018528707
2230344,2,VALIDATED,1789018528841
2230344,3,PROCESSED,1789018529178
2230345,1,INITIATED,1789018528707
2230345,2,VALIDATED,1789018528840
2230345,3,PROCESSED,1789018529184
2230346,1,INITIATED,1789018528708
2230346,2,VALIDATED,1789018528842
2230346,3,PROCESSED,1789018529184
2230347,1,INITIATED,1789018528707
2230347,2,VALIDATED,1789018528841
2230347,3,PROCESSED,1789018529183
2230348,1,INITIATED,1789018528708
2230348,2,VALIDATED,1789018528843
2230348,3,PROCESSED,1789018529179
2230349,1,INITIATED,1789018528723
2230349,2,VALIDATED,1789018528845
2230349,3,PROCESSED,1789018529184
2230350,1,INITIATED,1789018528836
2230350,2,VALIDATED,1789018529175
2230350,3,PROCESSED,1789018529291
2230351,1,INITIATED,1789018528836
2230351,2,VALIDATED,1789018529175
2230351,3,PROCESSED,1789018529293
2230352,1,INITIATED,1789018528836
2230352,2,VALIDATED,1789018529174
2230352,3,PROCESSED,1789018529292
2230353,1,INITIATED,1789018528836
2230353,2,VALIDATED,1789018529175
2230353,3,PROCESSED,1789018529295
2230354,1,INITIATED,1789018528836
2230354,2,VALIDATED,1789018529178
2230354,3,PROCESSED,1789018529293
2230355,1,INITIATED,1789018528840
2230355,2,VALIDATED,1789018529177
2230355,3,PROCESSED,1789018529293
2230356,1,INITIATED,1789018528858
2230356,2,VALIDATED,1789018529177
2230356,3,PROCESSED,1789018529293
2230357,1,INITIATED,1789018529174
2230357,2,VALIDATED,1789018529289
2230357,3,PROCESSED,1789018529299
2230358,1,INITIATED,1789018529174
2230358,2,VALIDATED,1789018529288
2230358,3,PROCESSED,1789018529300
2230359,1,INITIATED,1789018529174
2230359,2,VALIDATED,1789018529289
2230359,3,PROCESSED,1789018529300
2230360,1,INITIATED,1789018529176
2230360,2,VALIDATED,1789018529289
2230360,3,PROCESSED,1789018529301
2230361,1,INITIATED,1789018529172
2230361,2,VALIDATED,1789018529288
2230361,3,PROCESSED,1789018529298
2230362,1,INITIATED,1789018529174
2230362,2,VALIDATED,1789018529288
2230362,3,PROCESSED,1789018529301
2230363,1,INITIATED,1789018529176
2230363,2,VALIDATED,1789018529287
2230363,3,PROCESSED,1789018529297
2230364,1,INITIATED,1789018529174
2230364,2,VALIDATED,1789018529289
2230364,3,PROCESSED,1789018529301
2230365,1,INITIATED,1789018529177
2230365,2,VALIDATED,1789018529289
2230365,3,PROCESSED,1789018529299
2230366,1,INITIATED,1789018529284
2230366,2,VALIDATED,1789018529292
2230366,3,PROCESSED,1789018529304
2230367,1,INITIATED,1789018529284
2230367,2,VALIDATED,1789018529293
2230367,3,PROCESSED,1789018529305
2230368,1,INITIATED,1789018529287
2230368,2,VALIDATED,1789018529297
2230368,3,PROCESSED,1789018529306
2230369,1,INITIATED,1789018529288
2230369,2,VALIDATED,1789018529296
2230369,3,PROCESSED,1789018529307
2230370,1,INITIATED,1789018529287
2230370,2,VALIDATED,1789018529293
2230370,3,PROCESSED,1789018529306
2230371,1,INITIATED,1789018529287
2230371,2,VALIDATED,1789018529295
2230371,3,PROCESSED,1789018529306
2230372,1,INITIATED,1789018529287
2230372,2,VALIDATED,1789018529293
2230372,3,PROCESSED,1789018529303
2230373,1,INITIATED,1789018529289
2230373,2,VALIDATED,1789018529296
2230373,3,PROCESSED,1789018529307
2230374,1,INITIATED,1789018529288
2230374,2,VALIDATED,1789018529297
2230374,3,PROCESSED,1789018529309
2230375,1,INITIATED,1789018529289
2230375,2,VALIDATED,1789018529297
2230375,3,PROCESSED,1789018529308
2230376,1,INITIATED,1789018529289
2230376,2,VALIDATED,1789018529296
2230376,3,PROCESSED,1789018529305
2230377,1,INITIATED,1789018529289
2230377,2,VALIDATED,1789018529296
2230377,3,PROCESSED,1789018529307
2230378,1,INITIATED,1789018529298
2230378,2,VALIDATED,1789018529305
2230378,3,PROCESSED,1789018529314
2230379,1,INITIATED,1789018529318
2230379,2,VALIDATED,1789018529327
2230379,3,PROCESSED,1789018529334
2230380,1,INITIATED,1789018529337
2230380,2,VALIDATED,1789018529342
2230380,3,PROCESSED,1789018529348
2230381,1,INITIATED,1789018529357
2230381,2,VALIDATED,1789018529361
2230381,3,PROCESSED,1789018529368
2230382,1,INITIATED,1789018529384
2230382,2,VALIDATED,1789018529668
2230382,3,PROCESSED,1789018529797
2230383,1,INITIATED,1789018529403
2230383,2,VALIDATED,1789018529668
2230383,3,PROCESSED,1789018529797
2230384,1,INITIATED,1789018529668
2230384,2,VALIDATED,1789018529795
2230384,3,PROCESSED,1789018530100
2230385,1,INITIATED,1789018529667
2230385,2,VALIDATED,1789018529796
2230385,3,PROCESSED,1789018530100
2230386,1,INITIATED,1789018529668
2230386,2,VALIDATED,1789018529794
2230386,3,PROCESSED,1789018530100
2230387,1,INITIATED,1789018529668
2230387,2,VALIDATED,1789018529796
2230387,3,PROCESSED,1789018530099
2230388,1,INITIATED,1789018529668
2230388,2,VALIDATED,1789018529795
2230388,3,PROCESSED,1789018530100
2230389,1,INITIATED,1789018529667
2230389,2,VALIDATED,1789018529795
2230389,3,PROCESSED,1789018530100
2230390,1,INITIATED,1789018529668
2230390,2,VALIDATED,1789018529795
2230390,3,PROCESSED,1789018530099
2230391,1,INITIATED,1789018529668
2230391,2,VALIDATED,1789018529795
2230391,3,PROCESSED,1789018530101
2230392,1,INITIATED,1789018529668
2230392,2,VALIDATED,1789018529794
2230392,3,PROCESSED,1789018530099
2230393,1,INITIATED,1789018529666
2230393,2,VALIDATED,1789018529796
2230393,3,PROCESSED,1789018530101
2230394,1,INITIATED,1789018529667
2230394,2,VALIDATED,1789018529795
2230394,3,PROCESSED,1789018530100
2230395,1,INITIATED,1789018529666
2230395,2,VALIDATED,1789018529794
2230395,3,REJECTED,1789018530096
2230396,1,INITIATED,1789018529668
2230396,2,VALIDATED,1789018529796
2230396,3,REJECTED,1789018530093
2230397,1,INITIATED,1789018529683
2230397,2,VALIDATED,1789018529796
2230397,3,REJECTED,1789018530094
2230398,1,INITIATED,1789018529788
2230398,2,VALIDATED,1789018529796
2230398,3,REJECTED,1789018530095
2230399,1,INITIATED,1789018529788
2230399,2,VALIDATED,1789018529796
2230399,3,PROCESSED,1789018530099
2230400,1,INITIATED,1789018529788
2230400,2,VALIDATED,1789018529795
2230400,3,PROCESSED,1789018530100
2230401,1,INITIATED,1789018529788
2230401,2,VALIDATED,1789018529796
2230401,3,PROCESSED,1789018530100
2230402,1,INITIATED,1789018529789
2230402,2,VALIDATED,1789018529797
2230402,3,PROCESSED,1789018530099
2230403,1,INITIATED,1789018529797
2230403,2,VALIDATED,1789018530094
2230403,3,PROCESSED,1789018530183
2230404,1,INITIATED,1789018529838
2230404,2,VALIDATED,1789018530113
2230404,3,PROCESSED,1789018530187
2230405,1,INITIATED,1789018529838
2230405,2,VALIDATED,1789018530181
2230405,3,PROCESSED,1789018530190
2230406,1,INITIATED,1789018530094
2230406,2,VALIDATED,1789018530181
2230406,3,PROCESSED,1789018530191
2230407,1,INITIATED,1789018530095
2230407,2,VALIDATED,1789018530182
2230407,3,PROCESSED,1789018530205
2230408,1,INITIATED,1789018530097
2230408,2,VALIDATED,1789018530183
2230408,3,PROCESSED,1789018530205
2230409,1,INITIATED,1789018530096
2230409,2,VALIDATED,1789018530183
2230409,3,PROCESSED,1789018530205
2230410,1,INITIATED,1789018530096
2230410,2,VALIDATED,1789018530181
2230410,3,PROCESSED,1789018530189
2230411,1,INITIATED,1789018530095
2230411,2,VALIDATED,1789018530183
2230411,3,PROCESSED,1789018530205
2230412,1,INITIATED,1789018530096
2230412,2,VALIDATED,1789018530181
2230412,3,PROCESSED,1789018530189
2230413,1,INITIATED,1789018530094
2230413,2,VALIDATED,1789018530180
2230413,3,PROCESSED,1789018530189
2230414,1,INITIATED,1789018530092
2230414,2,VALIDATED,1789018530113
2230414,3,PROCESSED,1789018530187
2230415,1,INITIATED,1789018530095
2230415,2,VALIDATED,1789018530182
2230415,3,PROCESSED,1789018530205
2230416,1,INITIATED,1789018530097
2230416,2,VALIDATED,1789018530181
2230416,3,PROCESSED,1789018530190
2230417,1,INITIATED,1789018530098
2230417,2,VALIDATED,1789018530181
2230417,3,PROCESSED,1789018530190
2230418,1,INITIATED,1789018530098
2230418,2,VALIDATED,1789018530182
2230418,3,PROCESSED,1789018530205
2230419,1,INITIATED,1789018530179
2230419,2,VALIDATED,1789018530187
2230419,3,PROCESSED,1789018530205
2230420,1,INITIATED,1789018530179
2230420,2,VALIDATED,1789018530187
2230420,3,PROCESSED,1789018530205
2230421,1,INITIATED,1789018530179
2230421,2,VALIDATED,1789018530187
2230421,3,PROCESSED,1789018530205
2230422,1,INITIATED,1789018530180
2230422,2,VALIDATED,1789018530187
2230422,3,PROCESSED,1789018530205
2230423,1,INITIATED,1789018530197
2230423,2,VALIDATED,1789018530203
2230423,3,PROCESSED,1789018530220
2230424,1,INITIATED,1789018530217
2230424,2,VALIDATED,1789018530221
2230424,3,PROCESSED,1789018530226
2230425,1,INITIATED,1789018530237
2230425,2,VALIDATED,1789018530241
2230425,3,PROCESSED,1789018530246
2230426,1,INITIATED,1789018530257
2230426,2,VALIDATED,1789018530261
2230426,3,PROCESSED,1789018530265
2230427,1,INITIATED,1789018530277
2230427,2,VALIDATED,1789018530281
2230427,3,PROCESSED,1789018530299
2230428,1,INITIATED,1789018530297
2230428,2,VALIDATED,1789018530300
2230428,3,PROCESSED,1789018530304
2230429,1,INITIATED,1789018530317
2230429,2,VALIDATED,1789018530321
2230429,3,PROCESSED,1789018530326
2230430,1,INITIATED,1789018530336
2230430,2,VALIDATED,1789018530340
2230430,3,PROCESSED,1789018530344
2230431,1,INITIATED,1789018530356
2230431,2,VALIDATED,1789018530362
2230431,3,PROCESSED,1789018530368
2230432,1,INITIATED,1789018530383
2230432,2,VALIDATED,1789018530612
2230432,3,PROCESSED,1789018530732
2230433,1,INITIATED,1789018530400
2230433,2,VALIDATED,1789018530612
2230433,3,PROCESSED,1789018530731
2230434,1,INITIATED,1789018530612
2230434,2,VALIDATED,1789018530724
2230434,3,PROCESSED,1789018531029
2230435,1,INITIATED,1789018530611
2230435,2,VALIDATED,1789018530725
2230435,3,PROCESSED,1789018531028
2230436,1,INITIATED,1789018530611
2230436,2,VALIDATED,1789018530724
2230436,3,PROCESSED,1789018531028
2230437,1,INITIATED,1789018530611
2230437,2,VALIDATED,1789018530725
2230437,3,PROCESSED,1789018531027
2230438,1,INITIATED,1789018530611
2230438,2,VALIDATED,1789018530729
2230438,3,PROCESSED,1789018531029
2230439,1,INITIATED,1789018530611
2230439,2,VALIDATED,1789018530724
2230439,3,PROCESSED,1789018531027
2230440,1,INITIATED,1789018530611
2230440,2,VALIDATED,1789018530726
2230440,3,PROCESSED,1789018531028
2230441,1,INITIATED,1789018530611
2230441,2,VALIDATED,1789018530729
2230441,3,PROCESSED,1789018531028
2230442,1,INITIATED,1789018530611
2230442,2,VALIDATED,1789018530725
2230442,3,PROCESSED,1789018531027
2230443,1,INITIATED,1789018530611
2230443,2,VALIDATED,1789018530729
2230443,3,PROCESSED,1789018531029
2230444,1,INITIATED,1789018530617
2230444,2,VALIDATED,1789018530729
2230444,3,PROCESSED,1789018531029
2230445,1,INITIATED,1789018530723
2230445,2,VALIDATED,1789018530772
2230445,3,PROCESSED,1789018531043
2230446,1,INITIATED,1789018530723
2230446,2,VALIDATED,1789018530773
2230446,3,PROCESSED,1789018531043
2230447,1,INITIATED,1789018530724
2230447,2,VALIDATED,1789018531023
2230447,3,PROCESSED,1789018531130
2230448,1,INITIATED,1789018530723
2230448,2,VALIDATED,1789018530773
2230448,3,PROCESSED,1789018531043
2230449,1,INITIATED,1789018530723
2230449,2,VALIDATED,1789018530773
2230449,3,PROCESSED,1789018531043
2230450,1,INITIATED,1789018530740
2230450,2,VALIDATED,1789018531026
2230450,3,PROCESSED,1789018531129
2230451,1,INITIATED,1789018530771
2230451,2,VALIDATED,1789018531041
2230451,3,PROCESSED,1789018531135
2230452,1,INITIATED,1789018531026
2230452,2,VALIDATED,1789018531128
2230452,3,PROCESSED,1789018531140
2230453,1,INITIATED,1789018531027
2230453,2,VALIDATED,1789018531127
2230453,3,PROCESSED,1789018531136
2230454,1,INITIATED,1789018531025
2230454,2,VALIDATED,1789018531127
2230454,3,PROCESSED,1789018531142
2230455,1,INITIATED,1789018531027
2230455,2,VALIDATED,1789018531128
2230455,3,PROCESSED,1789018531140
2230456,1,INITIATED,1789018531025
2230456,2,VALIDATED,1789018531126
2230456,3,PROCESSED,1789018531141
2230457,1,INITIATED,1789018531027
2230457,2,VALIDATED,1789018531127
2230457,3,PROCESSED,1789018531139
2230458,1,INITIATED,1789018531025
2230458,2,VALIDATED,1789018531128
2230458,3,PROCESSED,1789018531138
2230459,1,INITIATED,1789018531025
2230459,2,VALIDATED,1789018531128
2230459,3,PROCESSED,1789018531138
2230460,1,INITIATED,1789018531023
2230460,2,VALIDATED,1789018531127
2230460,3,PROCESSED,1789018531136
2230461,1,INITIATED,1789018531023
2230461,2,VALIDATED,1789018531128
2230461,3,PROCESSED,1789018531136
2230462,1,INITIATED,1789018531027
2230462,2,VALIDATED,1789018531125
2230462,3,PROCESSED,1789018531138
2230463,1,INITIATED,1789018531025
2230463,2,VALIDATED,1789018531127
2230463,3,PROCESSED,1789018531135
2230464,1,INITIATED,1789018531023
2230464,2,VALIDATED,1789018531128
2230464,3,PROCESSED,1789018531141
2230465,1,INITIATED,1789018531037
2230465,2,VALIDATED,1789018531127
2230465,3,PROCESSED,1789018531138
2230466,1,INITIATED,1789018531121
2230466,2,VALIDATED,1789018531133
2230466,3,PROCESSED,1789018531144
2230467,1,INITIATED,1789018531121
2230467,2,VALIDATED,1789018531138
2230467,3,PROCESSED,1789018531147
2230468,1,INITIATED,1789018531123
2230468,2,VALIDATED,1789018531133
2230468,3,PROCESSED,1789018531144
2230469,1,INITIATED,1789018531123
2230469,2,VALIDATED,1789018531133
2230469,3,PROCESSED,1789018531142
2230470,1,INITIATED,1789018531138
2230470,2,VALIDATED,1789018531144
2230470,3,PROCESSED,1789018531151
2230471,1,INITIATED,1789018531157
2230471,2,VALIDATED,1789018531161
2230471,3,PROCESSED,1789018531168
2230472,1,INITIATED,1789018531177
2230472,2,VALIDATED,1789018531181
2230472,3,PROCESSED,1789018531187
2230473,1,INITIATED,1789018531197
2230473,2,VALIDATED,1789018531205
2230473,3,PROCESSED,1789018531210
2230474,1,INITIATED,1789018531216
2230474,2,VALIDATED,1789018531220
2230474,3,PROCESSED,1789018531224
2230475,1,INITIATED,1789018531237
2230475,2,VALIDATED,1789018531242
2230475,3,PROCESSED,1789018531246
2230476,1,INITIATED,1789018531257
2230476,2,VALIDATED,1789018531262
2230476,3,PROCESSED,1789018531267
2230477,1,INITIATED,1789018531277
2230477,2,VALIDATED,1789018531281
2230477,3,PROCESSED,1789018531286
2230478,1,INITIATED,1789018531297
2230478,2,VALIDATED,1789018531301
2230478,3,PROCESSED,1789018531305
2230479,1,INITIATED,1789018531317
2230479,2,VALIDATED,1789018531321
2230479,3,PROCESSED,1789018531326
2230480,1,INITIATED,1789018531336
2230480,2,VALIDATED,1789018531341
2230480,3,PROCESSED,1789018531346
2230481,1,INITIATED,1789018531357
2230481,2,VALIDATED,1789018531361
2230481,3,PROCESSED,1789018531379
2230482,1,INITIATED,1789018531377
2230482,2,VALIDATED,1789018531644
2230482,3,PROCESSED,1789018531769
2230483,1,INITIATED,1789018531421
2230483,2,VALIDATED,1789018531645
2230483,3,PROCESSED,1789018531770
2230484,1,INITIATED,1789018531421
2230484,2,VALIDATED,1789018531645
2230484,3,PROCESSED,1789018531769
2230485,1,INITIATED,1789018531646
2230485,2,VALIDATED,1789018531766
2230485,3,PROCESSED,1789018532047
2230486,1,INITIATED,1789018531645
2230486,2,VALIDATED,1789018531766
2230486,3,PROCESSED,1789018532045
2230487,1,INITIATED,1789018531644
2230487,2,VALIDATED,1789018531766
2230487,3,PROCESSED,1789018532042
2230488,1,INITIATED,1789018531644
2230488,2,VALIDATED,1789018531767
2230488,3,PROCESSED,1789018532044
2230489,1,INITIATED,1789018531644
2230489,2,VALIDATED,1789018531766
2230489,3,PROCESSED,1789018532044
2230490,1,INITIATED,1789018531645
2230490,2,VALIDATED,1789018531766
2230490,3,PROCESSED,1789018532045
2230491,1,INITIATED,1789018531644
2230491,2,VALIDATED,1789018531767
2230491,3,PROCESSED,1789018532045
2230492,1,INITIATED,1789018531644
2230492,2,VALIDATED,1789018531761
2230492,3,PROCESSED,1789018532045
2230493,1,INITIATED,1789018531646
2230493,2,VALIDATED,1789018531766
2230493,3,PROCESSED,1789018532045
2230494,1,INITIATED,1789018531644
2230494,2,VALIDATED,1789018531766
2230494,3,PROCESSED,1789018532044
2230495,1,INITIATED,1789018531646
2230495,2,VALIDATED,1789018531766
2230495,3,REJECTED,1789018532041
2230496,1,INITIATED,1789018531659
2230496,2,VALIDATED,1789018531770
2230496,3,REJECTED,1789018532042
2230497,1,INITIATED,1789018531756
2230497,2,VALIDATED,1789018531770
2230497,3,REJECTED,1789018532042
2230498,1,INITIATED,1789018531756
2230498,2,VALIDATED,1789018531769
2230498,3,REJECTED,1789018532041
2230499,1,INITIATED,1789018531756
2230499,2,VALIDATED,1789018531770
2230499,3,PROCESSED,1789018532044
2230500,1,INITIATED,1789018531756
2230500,2,VALIDATED,1789018531775
2230500,3,PROCESSED,1789018532046
2230501,1,INITIATED,1789018531758
2230501,2,VALIDATED,1789018531770
2230501,3,PROCESSED,1789018532045
2230502,1,INITIATED,1789018531778
2230502,2,VALIDATED,1789018532041
2230502,3,PROCESSED,1789018532064
2230503,1,INITIATED,1789018532040
2230503,2,VALIDATED,1789018532049
2230503,3,PROCESSED,1789018532137
2230504,1,INITIATED,1789018532040
2230504,2,VALIDATED,1789018532050
2230504,3,PROCESSED,1789018532138
2230505,1,INITIATED,1789018532039
2230505,2,VALIDATED,1789018532049
2230505,3,PROCESSED,1789018532138
2230506,1,INITIATED,1789018532038
2230506,2,VALIDATED,1789018532047
2230506,3,PROCESSED,1789018532138
2230507,1,INITIATED,1789018532037
2230507,2,VALIDATED,1789018532046
2230507,3,PROCESSED,1789018532137
2230508,1,INITIATED,1789018532040
2230508,2,VALIDATED,1789018532049
2230508,3,PROCESSED,1789018532137
2230509,1,INITIATED,1789018532037
2230509,2,VALIDATED,1789018532047
2230509,3,PROCESSED,1789018532137
2230510,1,INITIATED,1789018532038
2230510,2,VALIDATED,1789018532049
2230510,3,PROCESSED,1789018532137
2230511,1,INITIATED,1789018532038
2230511,2,VALIDATED,1789018532047
2230511,3,PROCESSED,1789018532137
2230512,1,INITIATED,1789018532038
2230512,2,VALIDATED,1789018532046
2230512,3,PROCESSED,1789018532136
2230513,1,INITIATED,1789018532037
2230513,2,VALIDATED,1789018532046
2230513,3,PROCESSED,1789018532137
2230514,1,INITIATED,1789018532037
2230514,2,VALIDATED,1789018532047
2230514,3,PROCESSED,1789018532137
2230515,1,INITIATED,1789018532042
2230515,2,VALIDATED,1789018532063
2230515,3,PROCESSED,1789018532138
2230516,1,INITIATED,1789018532057
2230516,2,VALIDATED,1789018532132
2230516,3,PROCESSED,1789018532141
2230517,1,INITIATED,1789018532076
2230517,2,VALIDATED,1789018532133
2230517,3,PROCESSED,1789018532141
2230518,1,INITIATED,1789018532097
2230518,2,VALIDATED,1789018532132
2230518,3,PROCESSED,1789018532141
2230519,1,INITIATED,1789018532117
2230519,2,VALIDATED,1789018532132
2230519,3,PROCESSED,1789018532141
2230520,1,INITIATED,1789018532138
2230520,2,VALIDATED,1789018532143
2230520,3,PROCESSED,1789018532148
2230521,1,INITIATED,1789018532157
2230521,2,VALIDATED,1789018532161
2230521,3,PROCESSED,1789018532168
2230522,1,INITIATED,1789018532176
2230522,2,VALIDATED,1789018532194
2230522,3,PROCESSED,1789018532198
2230523,1,INITIATED,1789018532196
2230523,2,VALIDATED,1789018532200
2230523,3,PROCESSED,1789018532207
2230524,1,INITIATED,1789018532217
2230524,2,VALIDATED,1789018532222
2230524,3,PROCESSED,1789018532227
2230525,1,INITIATED,1789018532237
2230525,2,VALIDATED,1789018532242
2230525,3,PROCESSED,1789018532247
2230526,1,INITIATED,1789018532257
2230526,2,VALIDATED,1789018532261
2230526,3,PROCESSED,1789018532266
2230527,1,INITIATED,1789018532277
2230527,2,VALIDATED,1789018532282
2230527,3,PROCESSED,1789018532287
2230528,1,INITIATED,1789018532297
2230528,2,VALIDATED,1789018532301
2230528,3,PROCESSED,1789018532306
2230529,1,INITIATED,1789018532316
2230529,2,VALIDATED,1789018532321
2230529,3,PROCESSED,1789018532326
2230530,1,INITIATED,1789018532337
2230530,2,VALIDATED,1789018532342
2230530,3,PROCESSED,1789018532349
2230531,1,INITIATED,1789018532357
2230531,2,VALIDATED,1789018532361
2230531,3,PROCESSED,1789018532366
2230532,1,INITIATED,1789018532377
2230532,2,VALIDATED,1789018532404
2230532,3,PROCESSED,1789018532622
2230533,1,INITIATED,1789018532401
2230533,2,VALIDATED,1789018532618
2230533,3,PROCESSED,1789018532737
2230534,1,INITIATED,1789018532618
2230534,2,VALIDATED,1789018532734
2230534,3,PROCESSED,1789018533140
2230535,1,INITIATED,1789018532618
2230535,2,VALIDATED,1789018532624
2230535,3,PROCESSED,1789018532738
2230536,1,INITIATED,1789018532618
2230536,2,VALIDATED,1789018532734
2230536,3,PROCESSED,1789018533141
2230537,1,INITIATED,1789018532618
2230537,2,VALIDATED,1789018532732
2230537,3,PROCESSED,1789018533142
2230538,1,INITIATED,1789018532617
2230538,2,VALIDATED,1789018532624
2230538,3,PROCESSED,1789018532738
2230539,1,INITIATED,1789018532617
2230539,2,VALIDATED,1789018532624
2230539,3,PROCESSED,1789018532737
2230540,1,INITIATED,1789018532617
2230540,2,VALIDATED,1789018532623
2230540,3,PROCESSED,1789018532738
2230541,1,INITIATED,1789018532618
2230541,2,VALIDATED,1789018532733
2230541,3,PROCESSED,1789018533142
2230542,1,INITIATED,1789018532618
2230542,2,VALIDATED,1789018532734
2230542,3,PROCESSED,1789018533141
2230543,1,INITIATED,1789018532618
2230543,2,VALIDATED,1789018532733
2230543,3,PROCESSED,1789018533139
2230544,1,INITIATED,1789018532618
2230544,2,VALIDATED,1789018532734
2230544,3,PROCESSED,1789018533142
2230545,1,INITIATED,1789018532732
2230545,2,VALIDATED,1789018533140
2230545,3,PROCESSED,1789018533164
2230546,1,INITIATED,1789018532733
2230546,2,VALIDATED,1789018533140
2230546,3,PROCESSED,1789018533164
2230547,1,INITIATED,1789018532731
2230547,2,VALIDATED,1789018532778
2230547,3,PROCESSED,1789018533163
2230548,1,INITIATED,1789018532731
2230548,2,VALIDATED,1789018533141
2230548,3,PROCESSED,1789018533163
2230549,1,INITIATED,1789018532732
2230549,2,VALIDATED,1789018533142
2230549,3,PROCESSED,1789018533163
2230550,1,INITIATED,1789018532737
2230550,2,VALIDATED,1789018533141
2230550,3,PROCESSED,1789018533162
2230551,1,INITIATED,1789018533134
2230551,2,VALIDATED,1789018533161
2230551,3,PROCESSED,1789018533266
2230552,1,INITIATED,1789018532778
2230552,2,VALIDATED,1789018533142
2230552,3,PROCESSED,1789018533164
2230553,1,INITIATED,1789018533142
2230553,2,VALIDATED,1789018533162
2230553,3,PROCESSED,1789018533266
2230554,1,INITIATED,1789018533140
2230554,2,VALIDATED,1789018533158
2230554,3,PROCESSED,1789018533267
2230555,1,INITIATED,1789018533135
2230555,2,VALIDATED,1789018533161
2230555,3,PROCESSED,1789018533266
2230556,1,INITIATED,1789018533138
2230556,2,VALIDATED,1789018533159
2230556,3,PROCESSED,1789018533268
2230557,1,INITIATED,1789018533137
2230557,2,VALIDATED,1789018533161
2230557,3,PROCESSED,1789018533270
2230558,1,INITIATED,1789018533139
2230558,2,VALIDATED,1789018533161
2230558,3,PROCESSED,1789018533270
2230559,1,INITIATED,1789018533141
2230559,2,VALIDATED,1789018533160
2230559,3,PROCESSED,1789018533269
2230560,1,INITIATED,1789018533137
2230560,2,VALIDATED,1789018533161
2230560,3,PROCESSED,1789018533270
2230561,1,INITIATED,1789018533140
2230561,2,VALIDATED,1789018533162
2230561,3,PROCESSED,1789018533266
2230562,1,INITIATED,1789018533141
2230562,2,VALIDATED,1789018533161
2230562,3,PROCESSED,1789018533264
2230563,1,INITIATED,1789018533136
2230563,2,VALIDATED,1789018533162
2230563,3,PROCESSED,1789018533267
2230564,1,INITIATED,1789018533138
2230564,2,VALIDATED,1789018533160
2230564,3,PROCESSED,1789018533268
2230565,1,INITIATED,1789018533142
2230565,2,VALIDATED,1789018533158
2230565,3,PROCESSED,1789018533264
2230566,1,INITIATED,1789018533138
2230566,2,VALIDATED,1789018533158
2230566,3,PROCESSED,1789018533269
2230567,1,INITIATED,1789018533139
2230567,2,VALIDATED,1789018533158
2230567,3,PROCESSED,1789018533268
2230568,1,INITIATED,1789018533140
2230568,2,VALIDATED,1789018533157
2230568,3,PROCESSED,1789018533269
2230569,1,INITIATED,1789018533137
2230569,2,VALIDATED,1789018533159
2230569,3,PROCESSED,1789018533269
2230570,1,INITIATED,1789018533154
2230570,2,VALIDATED,1789018533243
2230570,3,PROCESSED,1789018533271
2230571,1,INITIATED,1789018533160
2230571,2,VALIDATED,1789018533261
2230571,3,PROCESSED,1789018533272
2230572,1,INITIATED,1789018533178
2230572,2,VALIDATED,1789018533263
2230572,3,PROCESSED,1789018533273
2230573,1,INITIATED,1789018533198
2230573,2,VALIDATED,1789018533260
2230573,3,PROCESSED,1789018533272
2230574,1,INITIATED,1789018533217
2230574,2,VALIDATED,1789018533260
2230574,3,PROCESSED,1789018533273
2230575,1,INITIATED,1789018533237
2230575,2,VALIDATED,1789018533261
2230575,3,PROCESSED,1789018533273
2230576,1,INITIATED,1789018533259
2230576,2,VALIDATED,1789018533270
2230576,3,PROCESSED,1789018533277
2230577,1,INITIATED,1789018533276
2230577,2,VALIDATED,1789018533280
2230577,3,PROCESSED,1789018533285
2230578,1,INITIATED,1789018533297
2230578,2,VALIDATED,1789018533300
2230578,3,PROCESSED,1789018533306
2230579,1,INITIATED,1789018533317
2230579,2,VALIDATED,1789018533322
2230579,3,PROCESSED,1789018533328
2230580,1,INITIATED,1789018533337
2230580,2,VALIDATED,1789018533342
2230580,3,PROCESSED,1789018533348
2230581,1,INITIATED,1789018533357
2230581,2,VALIDATED,1789018533362
2230581,3,PROCESSED,1789018533369
2230582,1,INITIATED,1789018533386
2230582,2,VALIDATED,1789018533727
2230582,3,PROCESSED,1789018533891
2230583,1,INITIATED,1789018533422
2230583,2,VALIDATED,1789018533727
2230583,3,PROCESSED,1789018533891
2230584,1,INITIATED,1789018533422
2230584,2,VALIDATED,1789018533727
2230584,3,PROCESSED,1789018533891
2230585,1,INITIATED,1789018533724
2230585,2,VALIDATED,1789018533732
2230585,3,PROCESSED,1789018533891
2230586,1,INITIATED,1789018533728
2230586,2,VALIDATED,1789018533884
2230586,3,PROCESSED,1789018534417
2230587,1,INITIATED,1789018533725
2230587,2,VALIDATED,1789018533732
2230587,3,PROCESSED,1789018533890
2230588,1,INITIATED,1789018533725
2230588,2,VALIDATED,1789018533732
2230588,3,PROCESSED,1789018533890
2230589,1,INITIATED,1789018533728
2230589,2,VALIDATED,1789018533886
2230589,3,PROCESSED,1789018534415
2230590,1,INITIATED,1789018533728
2230590,2,VALIDATED,1789018533886
2230590,3,PROCESSED,1789018534416
2230591,1,INITIATED,1789018533728
2230591,2,VALIDATED,1789018533886
2230591,3,PROCESSED,1789018534415
2230592,1,INITIATED,1789018533726
2230592,2,VALIDATED,1789018533888
2230592,3,PROCESSED,1789018534418
2230593,1,INITIATED,1789018533726
2230593,2,VALIDATED,1789018533888
2230593,3,PROCESSED,1789018534410
2230594,1,INITIATED,1789018533726
2230594,2,VALIDATED,1789018533881
2230594,3,PROCESSED,1789018534416
2230595,1,INITIATED,1789018533724
2230595,2,VALIDATED,1789018533732
2230595,3,REJECTED,1789018533885
2230596,1,INITIATED,1789018533726
2230596,2,VALIDATED,1789018533887
2230596,3,REJECTED,1789018534407
2230597,1,INITIATED,1789018533726
2230597,2,VALIDATED,1789018533883
2230597,3,REJECTED,1789018534406
2230598,1,INITIATED,1789018533728
2230598,2,VALIDATED,1789018533887
2230598,3,REJECTED,1789018534405
2230599,1,INITIATED,1789018533726
2230599,2,VALIDATED,1789018533887
2230599,3,PROCESSED,1789018534417
2230600,1,INITIATED,1789018533747
2230600,2,VALIDATED,1789018533947
2230600,3,PROCESSED,1789018534418
2230601,1,INITIATED,1789018533880
2230601,2,VALIDATED,1789018534403
2230601,3,PROCESSED,1789018534422
2230602,1,INITIATED,1789018533880
2230602,2,VALIDATED,1789018534405
2230602,3,PROCESSED,1789018534421
2230603,1,INITIATED,1789018533883
2230603,2,VALIDATED,1789018534402
2230603,3,PROCESSED,1789018534421
2230604,1,INITIATED,1789018533879
2230604,2,VALIDATED,1789018534404
2230604,3,PROCESSED,1789018534421
2230605,1,INITIATED,1789018533879
2230605,2,VALIDATED,1789018534405
2230605,3,PROCESSED,1789018534420
2230606,1,INITIATED,1789018533878
2230606,2,VALIDATED,1789018534404
2230606,3,PROCESSED,1789018534422
2230607,1,INITIATED,1789018533880
2230607,2,VALIDATED,1789018534408
2230607,3,PROCESSED,1789018534569
2230608,1,INITIATED,1789018533903
2230608,2,VALIDATED,1789018534408
2230608,3,PROCESSED,1789018534571
2230609,1,INITIATED,1789018533947
2230609,2,VALIDATED,1789018534409
2230609,3,PROCESSED,1789018534447
2230610,1,INITIATED,1789018533947
2230610,2,VALIDATED,1789018534419
2230610,3,PROCESSED,1789018534585
2230611,1,INITIATED,1789018534406
2230611,2,VALIDATED,1789018534443
2230611,3,PROCESSED,1789018534585
2230612,1,INITIATED,1789018534407
2230612,2,VALIDATED,1789018534419
2230612,3,PROCESSED,1789018534569
2230613,1,INITIATED,1789018534408
2230613,2,VALIDATED,1789018534423
2230613,3,PROCESSED,1789018534592
2230614,1,INITIATED,1789018534400
2230614,2,VALIDATED,1789018534422
2230614,3,PROCESSED,1789018534593
2230615,1,INITIATED,1789018534408
2230615,2,VALIDATED,1789018534441
2230615,3,PROCESSED,1789018534582
2230616,1,INITIATED,1789018534411
2230616,2,VALIDATED,1789018534443
2230616,3,PROCESSED,1789018534592
2230617,1,INITIATED,1789018534412
2230617,2,VALIDATED,1789018534443
2230617,3,PROCESSED,1789018534590
2230618,1,INITIATED,1789018534404
2230618,2,VALIDATED,1789018534419
2230618,3,PROCESSED,1789018534578
2230619,1,INITIATED,1789018534407
2230619,2,VALIDATED,1789018534441
2230619,3,PROCESSED,1789018534590
2230620,1,INITIATED,1789018534408
2230620,2,VALIDATED,1789018534423
2230620,3,PROCESSED,1789018534590
2230621,1,INITIATED,1789018534409
2230621,2,VALIDATED,1789018534440
2230621,3,PROCESSED,1789018534587
2230622,1,INITIATED,1789018534414
2230622,2,VALIDATED,1789018534449
2230622,3,PROCESSED,1789018534594
2230623,1,INITIATED,1789018534413
2230623,2,VALIDATED,1789018534447
2230623,3,PROCESSED,1789018534590
2230624,1,INITIATED,1789018534411
2230624,2,VALIDATED,1789018534440
2230624,3,PROCESSED,1789018534577
2230625,1,INITIATED,1789018534416
2230625,2,VALIDATED,1789018534443
2230625,3,PROCESSED,1789018534588
2230626,1,INITIATED,1789018534416
2230626,2,VALIDATED,1789018534447
2230626,3,PROCESSED,1789018534588
2230627,1,INITIATED,1789018534416
2230627,2,VALIDATED,1789018534449
2230627,3,PROCESSED,1789018534595
2230628,1,INITIATED,1789018534417
2230628,2,VALIDATED,1789018534442
2230628,3,PROCESSED,1789018534580
2230629,1,INITIATED,1789018534414
2230629,2,VALIDATED,1789018534448
2230629,3,PROCESSED,1789018534594
2230630,1,INITIATED,1789018534415
2230630,2,VALIDATED,1789018534448
2230630,3,PROCESSED,1789018534594
2230631,1,INITIATED,1789018534416
2230631,2,VALIDATED,1789018534442
2230631,3,PROCESSED,1789018534590
2230632,1,INITIATED,1789018534415
2230632,2,VALIDATED,1789018534447
2230632,3,PROCESSED,1789018534586
2230633,1,INITIATED,1789018534418
2230633,2,VALIDATED,1789018534443
2230633,3,PROCESSED,1789018534580
2230634,1,INITIATED,1789018534440
2230634,2,VALIDATED,1789018534572
2230634,3,PROCESSED,1789018534595
2230635,1,INITIATED,1789018534440
2230635,2,VALIDATED,1789018534575
2230635,3,PROCESSED,1789018534595
2230636,1,INITIATED,1789018534571
2230636,2,VALIDATED,1789018534590
2230636,3,PROCESSED,1789018534627
2230637,1,INITIATED,1789018534568
2230637,2,VALIDATED,1789018534593
2230637,3,PROCESSED,1789018534627
2230638,1,INITIATED,1789018534568
2230638,2,VALIDATED,1789018534591
2230638,3,PROCESSED,1789018534627
2230639,1,INITIATED,1789018534573
2230639,2,VALIDATED,1789018534593
2230639,3,PROCESSED,1789018534627
2230640,1,INITIATED,1789018534575
2230640,2,VALIDATED,1789018534587
2230640,3,PROCESSED,1789018534627
2230641,1,INITIATED,1789018534585
2230641,2,VALIDATED,1789018534625
2230641,3,PROCESSED,1789018534798
2230642,1,INITIATED,1789018534587
2230642,2,VALIDATED,1789018534625
2230642,3,PROCESSED,1789018534798
2230643,1,INITIATED,1789018534597
2230643,2,VALIDATED,1789018534795
2230643,3,PROCESSED,1789018534809
2230644,1,INITIATED,1789018534622
2230644,2,VALIDATED,1789018534795
2230644,3,PROCESSED,1789018534809
2230645,1,INITIATED,1789018534794
2230645,2,VALIDATED,1789018534806
2230645,3,PROCESSED,1789018534854
2230646,1,INITIATED,1789018534794
2230646,2,VALIDATED,1789018534806
2230646,3,PROCESSED,1789018534854
2230647,1,INITIATED,1789018534794
2230647,2,VALIDATED,1789018534806
2230647,3,PROCESSED,1789018534855
2230648,1,INITIATED,1789018534794
2230648,2,VALIDATED,1789018534806
2230648,3,PROCESSED,1789018534854
2230649,1,INITIATED,1789018534794
2230649,2,VALIDATED,1789018534806
2230649,3,PROCESSED,1789018534854
2230650,1,INITIATED,1789018534794
2230650,2,VALIDATED,1789018534806
2230650,3,PROCESSED,1789018534855
2230651,1,INITIATED,1789018534794
2230651,2,VALIDATED,1789018534806
2230651,3,PROCESSED,1789018534854
2230652,1,INITIATED,1789018534794
2230652,2,VALIDATED,1789018534806
2230652,3,PROCESSED,1789018534854
2230653,1,INITIATED,1789018534797
2230653,2,VALIDATED,1789018534806
2230653,3,PROCESSED,1789018534855
2230654,1,INITIATED,1789018534817
2230654,2,VALIDATED,1789018534852
2230654,3,PROCESSED,1789018534861
2230655,1,INITIATED,1789018534837
2230655,2,VALIDATED,1789018534852
2230655,3,PROCESSED,1789018534861
2230656,1,INITIATED,1789018534857
2230656,2,VALIDATED,1789018534862
2230656,3,PROCESSED,1789018534868
2230657,1,INITIATED,1789018534877
2230657,2,VALIDATED,1789018534880
2230657,3,PROCESSED,1789018534897
2230658,1,INITIATED,1789018534896
2230658,2,VALIDATED,1789018534899
2230658,3,PROCESSED,1789018534902
2230659,1,INITIATED,1789018534917
2230659,2,VALIDATED,1789018534920
2230659,3,PROCESSED,1789018534925
2230660,1,INITIATED,1789018534936
2230660,2,VALIDATED,1789018534940
2230660,3,PROCESSED,1789018534944
2230661,1,INITIATED,1789018534956
2230661,2,VALIDATED,1789018534960
2230661,3,PROCESSED,1789018534966
2230662,1,INITIATED,1789018534977
2230662,2,VALIDATED,1789018534980
2230662,3,PROCESSED,1789018534984
2230663,1,INITIATED,1789018534997
2230663,2,VALIDATED,1789018535000
2230663,3,PROCESSED,1789018535004
2230664,1,INITIATED,1789018535016
2230664,2,VALIDATED,1789018535020
2230664,3,PROCESSED,1789018535029
2230665,1,INITIATED,1789018535036
2230665,2,VALIDATED,1789018535039
2230665,3,PROCESSED,1789018535044
2230666,1,INITIATED,1789018535056
2230666,2,VALIDATED,1789018535060
2230666,3,PROCESSED,1789018535064
2230667,1,INITIATED,1789018535077
2230667,2,VALIDATED,1789018535080
2230667,3,PROCESSED,1789018535083
2230668,1,INITIATED,1789018535097
2230668,2,VALIDATED,1789018535101
2230668,3,PROCESSED,1789018535107
2230669,1,INITIATED,1789018535116
2230669,2,VALIDATED,1789018535120
2230669,3,PROCESSED,1789018535126
2230670,1,INITIATED,1789018535136
2230670,2,VALIDATED,1789018535140
2230670,3,PROCESSED,1789018535144
2230671,1,INITIATED,1789018535157
2230671,2,VALIDATED,1789018535161
2230671,3,PROCESSED,1789018535166
2230672,1,INITIATED,1789018535177
2230672,2,VALIDATED,1789018535181
2230672,3,PROCESSED,1789018535186
2230673,1,INITIATED,1789018535197
2230673,2,VALIDATED,1789018535201
2230673,3,PROCESSED,1789018535206
2230674,1,INITIATED,1789018535217
2230674,2,VALIDATED,1789018535220
2230674,3,PROCESSED,1789018535226
2230675,1,INITIATED,1789018535236
2230675,2,VALIDATED,1789018535240
2230675,3,PROCESSED,1789018535245
2230676,1,INITIATED,1789018535257
2230676,2,VALIDATED,1789018535260
2230676,3,PROCESSED,1789018535264
2230677,1,INITIATED,1789018535277
2230677,2,VALIDATED,1789018535281
2230677,3,PROCESSED,1789018535286
2230678,1,INITIATED,1789018535297
2230678,2,VALIDATED,1789018535301
2230678,3,PROCESSED,1789018535305
2230679,1,INITIATED,1789018535317
2230679,2,VALIDATED,1789018535321
2230679,3,PROCESSED,1789018535326
2230680,1,INITIATED,1789018535337
2230680,2,VALIDATED,1789018535341
2230680,3,PROCESSED,1789018535347
2230681,1,INITIATED,1789018535357
2230681,2,VALIDATED,1789018535362
2230681,3,PROCESSED,1789018535369
2230682,1,INITIATED,1789018535377
2230682,2,VALIDATED,1789018535382
2230682,3,PROCESSED,1789018535387
2230683,1,INITIATED,1789018535397
2230683,2,VALIDATED,1789018535401
2230683,3,PROCESSED,1789018535408
2230684,1,INITIATED,1789018535417
2230684,2,VALIDATED,1789018535433
2230684,3,PROCESSED,1789018535598
2230685,1,INITIATED,1789018535596
2230685,2,VALIDATED,1789018535692
2230685,3,PROCESSED,1789018535952
2230686,1,INITIATED,1789018535596
2230686,2,VALIDATED,1789018535691
2230686,3,PROCESSED,1789018535952
2230687,1,INITIATED,1789018535596
2230687,2,VALIDATED,1789018535693
2230687,3,PROCESSED,1789018535953
2230688,1,INITIATED,1789018535596
2230688,2,VALIDATED,1789018535692
2230688,3,PROCESSED,1789018535953
2230689,1,INITIATED,1789018535596
2230689,2,VALIDATED,1789018535692
2230689,3,PROCESSED,1789018535952
2230690,1,INITIATED,1789018535596
2230690,2,VALIDATED,1789018535690
2230690,3,PROCESSED,1789018535951
2230691,1,INITIATED,1789018535596
2230691,2,VALIDATED,1789018535692
2230691,3,PROCESSED,1789018535952
2230692,1,INITIATED,1789018535596
2230692,2,VALIDATED,1789018535692
2230692,3,PROCESSED,1789018535956
2230693,1,INITIATED,1789018535598
2230693,2,VALIDATED,1789018535691
2230693,3,PROCESSED,1789018535950
2230694,1,INITIATED,1789018535686
2230694,2,VALIDATED,1789018535947
2230694,3,PROCESSED,1789018535962
2230695,1,INITIATED,1789018535686
2230695,2,VALIDATED,1789018535949
2230695,3,REJECTED,1789018535959
2230696,1,INITIATED,1789018535686
2230696,2,VALIDATED,1789018535950
2230696,3,REJECTED,1789018535960
2230697,1,INITIATED,1789018535686
2230697,2,VALIDATED,1789018535948
2230697,3,REJECTED,1789018535960
2230698,1,INITIATED,1789018535698
2230698,2,VALIDATED,1789018535950
2230698,3,REJECTED,1789018535958
2230699,1,INITIATED,1789018535719
2230699,2,VALIDATED,1789018535951
2230699,3,PROCESSED,1789018535962
2230700,1,INITIATED,1789018535950
2230700,2,VALIDATED,1789018535959
2230700,3,PROCESSED,1789018535967
2230701,1,INITIATED,1789018535949
2230701,2,VALIDATED,1789018535958
2230701,3,PROCESSED,1789018535966
2230702,1,INITIATED,1789018535949
2230702,2,VALIDATED,1789018535960
2230702,3,PROCESSED,1789018535968
2230703,1,INITIATED,1789018535948
2230703,2,VALIDATED,1789018535959
2230703,3,PROCESSED,1789018535967
2230704,1,INITIATED,1789018535950
2230704,2,VALIDATED,1789018535959
2230704,3,PROCESSED,1789018535967
2230705,1,INITIATED,1789018535947
2230705,2,VALIDATED,1789018535957
2230705,3,PROCESSED,1789018535965
2230706,1,INITIATED,1789018535947
2230706,2,VALIDATED,1789018535959
2230706,3,PROCESSED,1789018535966
2230707,1,INITIATED,1789018535948
2230707,2,VALIDATED,1789018535960
2230707,3,PROCESSED,1789018535967
2230708,1,INITIATED,1789018535949
2230708,2,VALIDATED,1789018535959
2230708,3,PROCESSED,1789018535966
2230709,1,INITIATED,1789018535950
2230709,2,VALIDATED,1789018535958
2230709,3,PROCESSED,1789018535965
2230710,1,INITIATED,1789018535948
2230710,2,VALIDATED,1789018535957
2230710,3,PROCESSED,1789018535965
2230711,1,INITIATED,1789018535957
2230711,2,VALIDATED,1789018535964
2230711,3,PROCESSED,1789018536013
2230712,1,INITIATED,1789018535977
2230712,2,VALIDATED,1789018536012
2230712,3,PROCESSED,1789018536019
2230713,1,INITIATED,1789018535997
2230713,2,VALIDATED,1789018536012
2230713,3,PROCESSED,1789018536019
2230714,1,INITIATED,1789018536016
2230714,2,VALIDATED,1789018536019
2230714,3,PROCESSED,1789018536025
2230715,1,INITIATED,1789018536036
2230715,2,VALIDATED,1789018536041
2230715,3,PROCESSED,1789018536045
2230716,1,INITIATED,1789018536057
2230716,2,VALIDATED,1789018536062
2230716,3,PROCESSED,1789018536068
2230717,1,INITIATED,1789018536077
2230717,2,VALIDATED,1789018536081
2230717,3,PROCESSED,1789018536086
2230718,1,INITIATED,1789018536096
2230718,2,VALIDATED,1789018536101
2230718,3,PROCESSED,1789018536106
2230719,1,INITIATED,1789018536117
2230719,2,VALIDATED,1789018536120
2230719,3,PROCESSED,1789018536125
2230720,1,INITIATED,1789018536137
2230720,2,VALIDATED,1789018536142
2230720,3,PROCESSED,1789018536147
2230721,1,INITIATED,1789018536157
2230721,2,VALIDATED,1789018536161
2230721,3,PROCESSED,1789018536167
2230722,1,INITIATED,1789018536177
2230722,2,VALIDATED,1789018536181
2230722,3,PROCESSED,1789018536185
2230723,1,INITIATED,1789018536197
2230723,2,VALIDATED,1789018536201
2230723,3,PROCESSED,1789018536206
2230724,1,INITIATED,1789018536217
2230724,2,VALIDATED,1789018536221
2230724,3,PROCESSED,1789018536225
2230725,1,INITIATED,1789018536237
2230725,2,VALIDATED,1789018536241
2230725,3,PROCESSED,1789018536245
2230726,1,INITIATED,1789018536257
2230726,2,VALIDATED,1789018536261
2230726,3,PROCESSED,1789018536265
2230727,1,INITIATED,1789018536277
2230727,2,VALIDATED,1789018536281
2230727,3,PROCESSED,1789018536285
2230728,1,INITIATED,1789018536297
2230728,2,VALIDATED,1789018536301
2230728,3,PROCESSED,1789018536306
2230729,1,INITIATED,1789018536317
2230729,2,VALIDATED,1789018536321
2230729,3,PROCESSED,1789018536325
2230730,1,INITIATED,1789018536336
2230730,2,VALIDATED,1789018536340
2230730,3,PROCESSED,1789018536344
2230731,1,INITIATED,1789018536356
2230731,2,VALIDATED,1789018536360
2230731,3,PROCESSED,1789018536365
2230732,1,INITIATED,1789018536377
2230732,2,VALIDATED,1789018536381
2230732,3,PROCESSED,1789018536385
2230733,1,INITIATED,1789018536397
2230733,2,VALIDATED,1789018536401
2230733,3,PROCESSED,1789018536405
2230734,1,INITIATED,1789018536417
2230734,2,VALIDATED,1789018536438
2230734,3,PROCESSED,1789018536564
2230735,1,INITIATED,1789018536437
2230735,2,VALIDATED,1789018536560
2230735,3,PROCESSED,1789018536572
2230736,1,INITIATED,1789018536561
2230736,2,VALIDATED,1789018536569
2230736,3,PROCESSED,1789018536769
2230737,1,INITIATED,1789018536560
2230737,2,VALIDATED,1789018536568
2230737,3,PROCESSED,1789018536770
2230738,1,INITIATED,1789018536560
2230738,2,VALIDATED,1789018536569
2230738,3,PROCESSED,1789018536769
2230739,1,INITIATED,1789018536560
2230739,2,VALIDATED,1789018536569
2230739,3,PROCESSED,1789018536769
2230740,1,INITIATED,1789018536560
2230740,2,VALIDATED,1789018536571
2230740,3,PROCESSED,1789018536769
2230741,1,INITIATED,1789018536560
2230741,2,VALIDATED,1789018536568
2230741,3,PROCESSED,1789018536769
2230742,1,INITIATED,1789018536605
2230742,2,VALIDATED,1789018536770
2230742,3,PROCESSED,1789018536780
2230743,1,INITIATED,1789018536605
2230743,2,VALIDATED,1789018536770
2230743,3,PROCESSED,1789018536780
2230744,1,INITIATED,1789018536622
2230744,2,VALIDATED,1789018536770
2230744,3,PROCESSED,1789018536780
2230745,1,INITIATED,1789018536768
2230745,2,VALIDATED,1789018536776
2230745,3,PROCESSED,1789018536784
2230746,1,INITIATED,1789018536770
2230746,2,VALIDATED,1789018536777
2230746,3,PROCESSED,1789018536787
2230747,1,INITIATED,1789018536770
2230747,2,VALIDATED,1789018536777
2230747,3,PROCESSED,1789018536787
2230748,1,INITIATED,1789018536768
2230748,2,VALIDATED,1789018536777
2230748,3,PROCESSED,1789018536784
2230749,1,INITIATED,1789018536770
2230749,2,VALIDATED,1789018536777
2230749,3,PROCESSED,1789018536784
2230750,1,INITIATED,1789018536770
2230750,2,VALIDATED,1789018536777
2230750,3,PROCESSED,1789018536784
2230751,1,INITIATED,1789018536770
2230751,2,VALIDATED,1789018536777
2230751,3,PROCESSED,1789018536787
2230752,1,INITIATED,1789018536779
2230752,2,VALIDATED,1789018536786
2230752,3,PROCESSED,1789018536832
2230753,1,INITIATED,1789018536798
2230753,2,VALIDATED,1789018536830
2230753,3,PROCESSED,1789018536835
2230754,1,INITIATED,1789018536816
2230754,2,VALIDATED,1789018536830
2230754,3,PROCESSED,1789018536835
2230755,1,INITIATED,1789018536836
2230755,2,VALIDATED,1789018536841
2230755,3,PROCESSED,1789018536848
2230756,1,INITIATED,1789018536857
2230756,2,VALIDATED,1789018536860
2230756,3,PROCESSED,1789018536865
2230757,1,INITIATED,1789018536876
2230757,2,VALIDATED,1789018536879
2230757,3,PROCESSED,1789018536883
2230758,1,INITIATED,1789018536897
2230758,2,VALIDATED,1789018536900
2230758,3,PROCESSED,1789018536904
2230759,1,INITIATED,1789018536916
2230759,2,VALIDATED,1789018536920
2230759,3,PROCESSED,1789018536925
2230760,1,INITIATED,1789018536936
2230760,2,VALIDATED,1789018536940
2230760,3,PROCESSED,1789018536945
2230761,1,INITIATED,1789018536962
2230761,2,VALIDATED,1789018536967
2230761,3,PROCESSED,1789018536973
2230762,1,INITIATED,1789018536976
2230762,2,VALIDATED,1789018536980
2230762,3,PROCESSED,1789018536986
2230763,1,INITIATED,1789018536998
2230763,2,VALIDATED,1789018537001
2230763,3,PROCESSED,1789018537006
2230764,1,INITIATED,1789018537018
2230764,2,VALIDATED,1789018537022
2230764,3,PROCESSED,1789018537027
2230765,1,INITIATED,1789018537036
2230765,2,VALIDATED,1789018537040
2230765,3,PROCESSED,1789018537044
2230766,1,INITIATED,1789018537056
2230766,2,VALIDATED,1789018537060
2230766,3,PROCESSED,1789018537064
2230767,1,INITIATED,1789018537077
2230767,2,VALIDATED,1789018537081
2230767,3,PROCESSED,1789018537085
2230768,1,INITIATED,1789018537097
2230768,2,VALIDATED,1789018537101
2230768,3,PROCESSED,1789018537106
2230769,1,INITIATED,1789018537117
2230769,2,VALIDATED,1789018537120
2230769,3,PROCESSED,1789018537124
2230770,1,INITIATED,1789018537136
2230770,2,VALIDATED,1789018537141
2230770,3,PROCESSED,1789018537144
2230771,1,INITIATED,1789018537157
2230771,2,VALIDATED,1789018537160
2230771,3,PROCESSED,1789018537163
2230772,1,INITIATED,1789018537177
2230772,2,VALIDATED,1789018537180
2230772,3,PROCESSED,1789018537183
2230773,1,INITIATED,1789018537196
2230773,2,VALIDATED,1789018537201
2230773,3,PROCESSED,1789018537205
2230774,1,INITIATED,1789018537217
2230774,2,VALIDATED,1789018537220
2230774,3,PROCESSED,1789018537224
2230775,1,INITIATED,1789018537237
2230775,2,VALIDATED,1789018537242
2230775,3,PROCESSED,1789018537246
2230776,1,INITIATED,1789018537257
2230776,2,VALIDATED,1789018537260
2230776,3,PROCESSED,1789018537264
2230777,1,INITIATED,1789018537277
2230777,2,VALIDATED,1789018537281
2230777,3,PROCESSED,1789018537285
2230778,1,INITIATED,1789018537297
2230778,2,VALIDATED,1789018537301
2230778,3,PROCESSED,1789018537305
2230779,1,INITIATED,1789018537317
2230779,2,VALIDATED,1789018537320
2230779,3,PROCESSED,1789018537324
2230780,1,INITIATED,1789018537336
2230780,2,VALIDATED,1789018537340
2230780,3,PROCESSED,1789018537344
2230781,1,INITIATED,1789018537357
2230781,2,VALIDATED,1789018537360
2230781,3,PROCESSED,1789018537365
2230782,1,INITIATED,1789018537377
2230782,2,VALIDATED,1789018537381
2230782,3,PROCESSED,1789018537384
2230783,1,INITIATED,1789018537397
2230783,2,VALIDATED,1789018537401
2230783,3,PROCESSED,1789018537407
2230784,1,INITIATED,1789018537417
2230784,2,VALIDATED,1789018537425
2230784,3,PROCESSED,1789018537608
2230785,1,INITIATED,1789018537604
2230785,2,VALIDATED,1789018537616
2230785,3,PROCESSED,1789018537676
2230786,1,INITIATED,1789018537604
2230786,2,VALIDATED,1789018537616
2230786,3,PROCESSED,1789018537666
2230787,1,INITIATED,1789018537604
2230787,2,VALIDATED,1789018537615
2230787,3,PROCESSED,1789018537677
2230788,1,INITIATED,1789018537604
2230788,2,VALIDATED,1789018537616
2230788,3,PROCESSED,1789018537676
2230789,1,INITIATED,1789018537604
2230789,2,VALIDATED,1789018537616
2230789,3,PROCESSED,1789018537676
2230790,1,INITIATED,1789018537604
2230790,2,VALIDATED,1789018537615
2230790,3,PROCESSED,1789018537676
2230791,1,INITIATED,1789018537604
2230791,2,VALIDATED,1789018537615
2230791,3,PROCESSED,1789018537677
2230792,1,INITIATED,1789018537604
2230792,2,VALIDATED,1789018537615
2230792,3,PROCESSED,1789018537677
2230793,1,INITIATED,1789018537604
2230793,2,VALIDATED,1789018537615
2230793,3,PROCESSED,1789018537676
2230794,1,INITIATED,1789018537617
2230794,2,VALIDATED,1789018537664
2230794,3,PROCESSED,1789018537696
2230795,1,INITIATED,1789018537647
2230795,2,VALIDATED,1789018537681
2230795,3,REJECTED,1789018537860
2230796,1,INITIATED,1789018537660
2230796,2,VALIDATED,1789018537695
2230796,3,REJECTED,1789018537862
2230797,1,INITIATED,1789018537678
2230797,2,VALIDATED,1789018537862
2230797,3,REJECTED,1789018537868
2230798,1,INITIATED,1789018537696
2230798,2,VALIDATED,1789018537862
2230798,3,REJECTED,1789018537868
2230799,1,INITIATED,1789018537861
2230799,2,VALIDATED,1789018537867
2230799,3,PROCESSED,1789018537875
2230800,1,INITIATED,1789018537861
2230800,2,VALIDATED,1789018537867
2230800,3,PROCESSED,1789018537875
2230801,1,INITIATED,1789018537860
2230801,2,VALIDATED,1789018537867
2230801,3,PROCESSED,1789018537875
2230802,1,INITIATED,1789018537861
2230802,2,VALIDATED,1789018537868
2230802,3,PROCESSED,1789018537875
2230803,1,INITIATED,1789018537862
2230803,2,VALIDATED,1789018537868
2230803,3,PROCESSED,1789018537905
2230804,1,INITIATED,1789018537861
2230804,2,VALIDATED,1789018537867
2230804,3,PROCESSED,1789018537875
2230805,1,INITIATED,1789018537862
2230805,2,VALIDATED,1789018537868
2230805,3,PROCESSED,1789018537905
2230806,1,INITIATED,1789018537861
2230806,2,VALIDATED,1789018537867
2230806,3,PROCESSED,1789018537875
2230807,1,INITIATED,1789018537877
2230807,2,VALIDATED,1789018537903
2230807,3,PROCESSED,1789018537909
2230808,1,INITIATED,1789018537898
2230808,2,VALIDATED,1789018537903
2230808,3,PROCESSED,1789018537909
2230809,1,INITIATED,1789018537916
2230809,2,VALIDATED,1789018537921
2230809,3,PROCESSED,1789018537927
2230810,1,INITIATED,1789018537937
2230810,2,VALIDATED,1789018537943
2230810,3,PROCESSED,1789018537949
2230811,1,INITIATED,1789018537957
2230811,2,VALIDATED,1789018537961
2230811,3,PROCESSED,1789018537967
2230812,1,INITIATED,1789018537977
2230812,2,VALIDATED,1789018537982
2230812,3,PROCESSED,1789018537987
2230813,1,INITIATED,1789018537997
2230813,2,VALIDATED,1789018538003
2230813,3,PROCESSED,1789018538009
2230814,1,INITIATED,1789018538017
2230814,2,VALIDATED,1789018538021
2230814,3,PROCESSED,1789018538027
2230815,1,INITIATED,1789018538037
2230815,2,VALIDATED,1789018538042
2230815,3,PROCESSED,1789018538047
2230816,1,INITIATED,1789018538057
2230816,2,VALIDATED,1789018538062
2230816,3,PROCESSED,1789018538067
2230817,1,INITIATED,1789018538078
2230817,2,VALIDATED,1789018538085
2230817,3,PROCESSED,1789018538090
2230818,1,INITIATED,1789018538097
2230818,2,VALIDATED,1789018538100
2230818,3,PROCESSED,1789018538105
2230819,1,INITIATED,1789018538117
2230819,2,VALIDATED,1789018538122
2230819,3,PROCESSED,1789018538128
2230820,1,INITIATED,1789018538137
2230820,2,VALIDATED,1789018538142
2230820,3,PROCESSED,1789018538148
2230821,1,INITIATED,1789018538157
2230821,2,VALIDATED,1789018538162
2230821,3,PROCESSED,1789018538170
2230822,1,INITIATED,1789018538177
2230822,2,VALIDATED,1789018538181
2230822,3,PROCESSED,1789018538187
2230823,1,INITIATED,1789018538197
2230823,2,VALIDATED,1789018538201
2230823,3,PROCESSED,1789018538207
2230824,1,INITIATED,1789018538217
2230824,2,VALIDATED,1789018538222
2230824,3,PROCESSED,1789018538227
2230825,1,INITIATED,1789018538236
2230825,2,VALIDATED,1789018538241
2230825,3,PROCESSED,1789018538247
2230826,1,INITIATED,1789018538257
2230826,2,VALIDATED,1789018538261
2230826,3,PROCESSED,1789018538267
2230827,1,INITIATED,1789018538277
2230827,2,VALIDATED,1789018538281
2230827,3,PROCESSED,1789018538287
2230828,1,INITIATED,1789018538297
2230828,2,VALIDATED,1789018538301
2230828,3,PROCESSED,1789018538307
2230829,1,INITIATED,1789018538317
2230829,2,VALIDATED,1789018538322
2230829,3,PROCESSED,1789018538328
2230830,1,INITIATED,1789018538337
2230830,2,VALIDATED,1789018538342
2230830,3,PROCESSED,1789018538347
2230831,1,INITIATED,1789018538357
2230831,2,VALIDATED,1789018538362
2230831,3,PROCESSED,1789018538367
2230832,1,INITIATED,1789018538377
2230832,2,VALIDATED,1789018538382
2230832,3,PROCESSED,1789018538388
2230833,1,INITIATED,1789018538397
2230833,2,VALIDATED,1789018538401
2230833,3,PROCESSED,1789018538408
2230834,1,INITIATED,1789018538418
2230834,2,VALIDATED,1789018538434
2230834,3,PROCESSED,1789018538553
2230835,1,INITIATED,1789018538436
2230835,2,VALIDATED,1789018538551
2230835,3,PROCESSED,1789018538591
2230836,1,INITIATED,1789018538550
2230836,2,VALIDATED,1789018538583
2230836,3,PROCESSED,1789018538600
2230837,1,INITIATED,1789018538550
2230837,2,VALIDATED,1789018538558
2230837,3,PROCESSED,1789018538594
2230838,1,INITIATED,1789018538550
2230838,2,VALIDATED,1789018538558
2230838,3,PROCESSED,1789018538595
2230839,1,INITIATED,1789018538550
2230839,2,VALIDATED,1789018538558
2230839,3,PROCESSED,1789018538595
2230840,1,INITIATED,1789018538550
2230840,2,VALIDATED,1789018538558
2230840,3,PROCESSED,1789018538595
2230841,1,INITIATED,1789018538558
2230841,2,VALIDATED,1789018538592
2230841,3,PROCESSED,1789018538612
2230842,1,INITIATED,1789018538581
2230842,2,VALIDATED,1789018538598
2230842,3,PROCESSED,1789018538614
2230843,1,INITIATED,1789018538596
2230843,2,VALIDATED,1789018538612
2230843,3,PROCESSED,1789018538618
2230844,1,INITIATED,1789018538616
2230844,2,VALIDATED,1789018538620
2230844,3,PROCESSED,1789018538625
2230845,1,INITIATED,1789018538636
2230845,2,VALIDATED,1789018538641
2230845,3,PROCESSED,1789018538648
2230846,1,INITIATED,1789018538657
2230846,2,VALIDATED,1789018538661
2230846,3,PROCESSED,1789018538667
2230847,1,INITIATED,1789018538677
2230847,2,VALIDATED,1789018538681
2230847,3,PROCESSED,1789018538686
2230848,1,INITIATED,1789018538698
2230848,2,VALIDATED,1789018538702
2230848,3,PROCESSED,1789018538708
2230849,1,INITIATED,1789018538717
2230849,2,VALIDATED,1789018538721
2230849,3,PROCESSED,1789018538727
2230850,1,INITIATED,1789018538737
2230850,2,VALIDATED,1789018538745
2230850,3,PROCESSED,1789018538750
2230851,1,INITIATED,1789018538757
2230851,2,VALIDATED,1789018538764
2230851,3,PROCESSED,1789018538770
2230852,1,INITIATED,1789018538777
2230852,2,VALIDATED,1789018538782
2230852,3,PROCESSED,1789018538791
2230853,1,INITIATED,1789018538796
2230853,2,VALIDATED,1789018538799
2230853,3,PROCESSED,1789018538804
2230854,1,INITIATED,1789018538817
2230854,2,VALIDATED,1789018538821
2230854,3,PROCESSED,1789018538826
2230855,1,INITIATED,1789018538837
2230855,2,VALIDATED,1789018538841
2230855,3,PROCESSED,1789018538846
2230856,1,INITIATED,1789018538856
2230856,2,VALIDATED,1789018538861
2230856,3,PROCESSED,1789018538866
2230857,1,INITIATED,1789018538876
2230857,2,VALIDATED,1789018538880
2230857,3,PROCESSED,1789018538885
2230858,1,INITIATED,1789018538896
2230858,2,VALIDATED,1789018538901
2230858,3,PROCESSED,1789018538906
2230859,1,INITIATED,1789018538917
2230859,2,VALIDATED,1789018538921
2230859,3,PROCESSED,1789018538926
2230860,1,INITIATED,1789018538936
2230860,2,VALIDATED,1789018538941
2230860,3,PROCESSED,1789018538946
2230861,1,INITIATED,1789018538957
2230861,2,VALIDATED,1789018538961
2230861,3,PROCESSED,1789018538966
2230862,1,INITIATED,1789018538977
2230862,2,VALIDATED,1789018538981
2230862,3,PROCESSED,1789018538987
2230863,1,INITIATED,1789018538998
2230863,2,VALIDATED,1789018539002
2230863,3,PROCESSED,1789018539008
2230864,1,INITIATED,1789018539016
2230864,2,VALIDATED,1789018539020
2230864,3,PROCESSED,1789018539025
2230865,1,INITIATED,1789018539037
2230865,2,VALIDATED,1789018539050
2230865,3,PROCESSED,1789018539060
2230866,1,INITIATED,1789018539057
2230866,2,VALIDATED,1789018539061
2230866,3,PROCESSED,1789018539126
2230867,1,INITIATED,1789018539077
2230867,2,VALIDATED,1789018539124
2230867,3,PROCESSED,1789018539131
2230868,1,INITIATED,1789018539096
2230868,2,VALIDATED,1789018539124
2230868,3,PROCESSED,1789018539131
2230869,1,INITIATED,1789018539117
2230869,2,VALIDATED,1789018539124
2230869,3,PROCESSED,1789018539131
2230870,1,INITIATED,1789018539137
2230870,2,VALIDATED,1789018539145
2230870,3,PROCESSED,1789018539150
2230871,1,INITIATED,1789018539157
2230871,2,VALIDATED,1789018539161
2230871,3,PROCESSED,1789018539166
2230872,1,INITIATED,1789018539177
2230872,2,VALIDATED,1789018539182
2230872,3,PROCESSED,1789018539188
2230873,1,INITIATED,1789018539197
2230873,2,VALIDATED,1789018539201
2230873,3,PROCESSED,1789018539207
2230874,1,INITIATED,1789018539217
2230874,2,VALIDATED,1789018539222
2230874,3,PROCESSED,1789018539227
2230875,1,INITIATED,1789018539237
2230875,2,VALIDATED,1789018539242
2230875,3,PROCESSED,1789018539247
2230876,1,INITIATED,1789018539257
2230876,2,VALIDATED,1789018539261
2230876,3,PROCESSED,1789018539267
2230877,1,INITIATED,1789018539277
2230877,2,VALIDATED,1789018539282
2230877,3,PROCESSED,1789018539287
2230878,1,INITIATED,1789018539298
2230878,2,VALIDATED,1789018539302
2230878,3,PROCESSED,1789018539307
2230879,1,INITIATED,1789018539317
2230879,2,VALIDATED,1789018539321
2230879,3,PROCESSED,1789018539327
2230880,1,INITIATED,1789018539337
2230880,2,VALIDATED,1789018539354
2230880,3,PROCESSED,1789018539361
2230881,1,INITIATED,1789018539357
2230881,2,VALIDATED,1789018539361
2230881,3,PROCESSED,1789018539368
2230882,1,INITIATED,1789018539377
2230882,2,VALIDATED,1789018539382
2230882,3,PROCESSED,1789018539388
2230883,1,INITIATED,1789018539397
2230883,2,VALIDATED,1789018539402
2230883,3,PROCESSED,1789018539408
2230884,1,INITIATED,1789018539417
2230884,2,VALIDATED,1789018539445
2230884,3,PROCESSED,1789018539767
2230885,1,INITIATED,1789018539442
2230885,2,VALIDATED,1789018539765
2230885,3,PROCESSED,1789018539885
2230886,1,INITIATED,1789018539764
2230886,2,VALIDATED,1789018539883
2230886,3,PROCESSED,1789018539927
2230887,1,INITIATED,1789018539764
2230887,2,VALIDATED,1789018539881
2230887,3,PROCESSED,1789018539928
2230888,1,INITIATED,1789018539764
2230888,2,VALIDATED,1789018539883
2230888,3,PROCESSED,1789018539927
2230889,1,INITIATED,1789018539765
2230889,2,VALIDATED,1789018539882
2230889,3,PROCESSED,1789018539928
2230890,1,INITIATED,1789018539765
2230890,2,VALIDATED,1789018539883
2230890,3,PROCESSED,1789018539928
2230891,1,INITIATED,1789018539765
2230891,2,VALIDATED,1789018539882
2230891,3,PROCESSED,1789018539928
2230892,1,INITIATED,1789018539765
2230892,2,VALIDATED,1789018539880
2230892,3,PROCESSED,1789018539902
2230893,1,INITIATED,1789018539764
2230893,2,VALIDATED,1789018539884
2230893,3,PROCESSED,1789018539928
2230894,1,INITIATED,1789018539764
2230894,2,VALIDATED,1789018539883
2230894,3,PROCESSED,1789018539927
2230895,1,INITIATED,1789018539764
2230895,2,VALIDATED,1789018539882
2230895,3,REJECTED,1789018539924
2230896,1,INITIATED,1789018539765
2230896,2,VALIDATED,1789018539882
2230896,3,REJECTED,1789018539923
2230897,1,INITIATED,1789018539763
2230897,2,VALIDATED,1789018539884
2230897,3,REJECTED,1789018539924
2230898,1,INITIATED,1789018539764
2230898,2,VALIDATED,1789018539881
2230898,3,REJECTED,1789018539925
2230899,1,INITIATED,1789018539764
2230899,2,VALIDATED,1789018539881
2230899,3,PROCESSED,1789018539927
2230900,1,INITIATED,1789018539764
2230900,2,VALIDATED,1789018539883
2230900,3,PROCESSED,1789018539929
2230901,1,INITIATED,1789018539764
2230901,2,VALIDATED,1789018539884
2230901,3,PROCESSED,1789018539926
2230902,1,INITIATED,1789018539778
2230902,2,VALIDATED,1789018539885
2230902,3,PROCESSED,1789018539928
2230903,1,INITIATED,1789018539878
2230903,2,VALIDATED,1789018539886
2230903,3,PROCESSED,1789018539929
2230904,1,INITIATED,1789018539882
2230904,2,VALIDATED,1789018539923
2230904,3,PROCESSED,1789018539946
2230905,1,INITIATED,1789018539881
2230905,2,VALIDATED,1789018539900
2230905,3,PROCESSED,1789018539928
2230906,1,INITIATED,1789018539880
2230906,2,VALIDATED,1789018539900
2230906,3,PROCESSED,1789018539928
2230907,1,INITIATED,1789018539878
2230907,2,VALIDATED,1789018539885
2230907,3,PROCESSED,1789018539927
2230908,1,INITIATED,1789018539898
2230908,2,VALIDATED,1789018539924
2230908,3,PROCESSED,1789018539946
2230909,1,INITIATED,1789018539923
2230909,2,VALIDATED,1789018539944
2230909,3,PROCESSED,1789018539952
2230910,1,INITIATED,1789018539937
2230910,2,VALIDATED,1789018539944
2230910,3,PROCESSED,1789018539952
2230911,1,INITIATED,1789018539957
2230911,2,VALIDATED,1789018539962
2230911,3,PROCESSED,1789018539970
2230912,1,INITIATED,1789018539977
2230912,2,VALIDATED,1789018539983
2230912,3,PROCESSED,1789018539992
2230913,1,INITIATED,1789018539997
2230913,2,VALIDATED,1789018540002
2230913,3,PROCESSED,1789018540010
2230914,1,INITIATED,1789018540018
2230914,2,VALIDATED,1789018540022
2230914,3,PROCESSED,1789018540029
2230915,1,INITIATED,1789018540037
2230915,2,VALIDATED,1789018540043
2230915,3,PROCESSED,1789018540050
2230916,1,INITIATED,1789018540057
2230916,2,VALIDATED,1789018540063
2230916,3,PROCESSED,1789018540069
2230917,1,INITIATED,1789018540077
2230917,2,VALIDATED,1789018540082
2230917,3,PROCESSED,1789018540090
2230918,1,INITIATED,1789018540097
2230918,2,VALIDATED,1789018540102
2230918,3,PROCESSED,1789018540125
2230919,1,INITIATED,1789018540119
2230919,2,VALIDATED,1789018540124
2230919,3,PROCESSED,1789018540135
2230920,1,INITIATED,1789018540138
2230920,2,VALIDATED,1789018540145
2230920,3,PROCESSED,1789018540153
2230921,1,INITIATED,1789018540158
2230921,2,VALIDATED,1789018540164
2230921,3,PROCESSED,1789018540171
2230922,1,INITIATED,1789018540178
2230922,2,VALIDATED,1789018540183
2230922,3,PROCESSED,1789018540191
2230923,1,INITIATED,1789018540197
2230923,2,VALIDATED,1789018540203
2230923,3,PROCESSED,1789018540210
2230924,1,INITIATED,1789018540217
2230924,2,VALIDATED,1789018540223
2230924,3,PROCESSED,1789018540231
2230925,1,INITIATED,1789018540237
2230925,2,VALIDATED,1789018540243
2230925,3,PROCESSED,1789018540252
2230926,1,INITIATED,1789018540258
2230926,2,VALIDATED,1789018540263
2230926,3,PROCESSED,1789018540273
2230927,1,INITIATED,1789018540279
2230927,2,VALIDATED,1789018540284
2230927,3,PROCESSED,1789018540294
2230928,1,INITIATED,1789018540297
2230928,2,VALIDATED,1789018540303
2230928,3,PROCESSED,1789018540312
2230929,1,INITIATED,1789018540317
2230929,2,VALIDATED,1789018540323
2230929,3,PROCESSED,1789018540331
2230930,1,INITIATED,1789018540339
2230930,2,VALIDATED,1789018540345
2230930,3,PROCESSED,1789018540353
2230931,1,INITIATED,1789018540358
2230931,2,VALIDATED,1789018540377
2230931,3,PROCESSED,1789018540383
2230932,1,INITIATED,1789018540377
2230932,2,VALIDATED,1789018540381
2230932,3,PROCESSED,1789018540387
2230933,1,INITIATED,1789018540397
2230933,2,VALIDATED,1789018540402
2230933,3,PROCESSED,1789018540409
2230934,1,INITIATED,1789018540634
2230934,2,VALIDATED,1789018540642
2230934,3,PROCESSED,1789018540760
2230935,1,INITIATED,1789018540634
2230935,2,VALIDATED,1789018540642
2230935,3,PROCESSED,1789018540761
2230936,1,INITIATED,1789018540635
2230936,2,VALIDATED,1789018540642
2230936,3,PROCESSED,1789018540761
2230937,1,INITIATED,1789018540635
2230937,2,VALIDATED,1789018540642
2230937,3,PROCESSED,1789018540759
2230938,1,INITIATED,1789018540635
2230938,2,VALIDATED,1789018540642
2230938,3,PROCESSED,1789018540759
2230939,1,INITIATED,1789018540634
2230939,2,VALIDATED,1789018540643
2230939,3,PROCESSED,1789018540759
2230940,1,INITIATED,1789018540634
2230940,2,VALIDATED,1789018540643
2230940,3,PROCESSED,1789018540758
2230941,1,INITIATED,1789018540635
2230941,2,VALIDATED,1789018540643
2230941,3,PROCESSED,1789018540759
2230942,1,INITIATED,1789018540634
2230942,2,VALIDATED,1789018540642
2230942,3,PROCESSED,1789018540759
2230943,1,INITIATED,1789018540635
2230943,2,VALIDATED,1789018540642
2230943,3,PROCESSED,1789018540759
2230944,1,INITIATED,1789018540634
2230944,2,VALIDATED,1789018540642
2230944,3,PROCESSED,1789018540759
2230945,1,INITIATED,1789018540639
2230945,2,VALIDATED,1789018540755
2230945,3,PROCESSED,1789018541108
2230946,1,INITIATED,1789018540752
2230946,2,VALIDATED,1789018540762
2230946,3,PROCESSED,1789018541110
2230947,1,INITIATED,1789018540752
2230947,2,VALIDATED,1789018540762
2230947,3,PROCESSED,1789018541109
2230948,1,INITIATED,1789018540752
2230948,2,VALIDATED,1789018540762
2230948,3,PROCESSED,1789018541110
2230949,1,INITIATED,1789018540752
2230949,2,VALIDATED,1789018540762
2230949,3,PROCESSED,1789018541109
2230950,1,INITIATED,1789018540752
2230950,2,VALIDATED,1789018540762
2230950,3,PROCESSED,1789018541110
2230951,1,INITIATED,1789018540759
2230951,2,VALIDATED,1789018541107
2230951,3,PROCESSED,1789018541119
2230952,1,INITIATED,1789018541104
2230952,2,VALIDATED,1789018541110
2230952,3,PROCESSED,1789018541122
2230953,1,INITIATED,1789018541104
2230953,2,VALIDATED,1789018541111
2230953,3,PROCESSED,1789018541120
2230954,1,INITIATED,1789018541105
2230954,2,VALIDATED,1789018541115
2230954,3,PROCESSED,1789018541233
2230955,1,INITIATED,1789018541107
2230955,2,VALIDATED,1789018541117
2230955,3,PROCESSED,1789018541232
2230956,1,INITIATED,1789018541106
2230956,2,VALIDATED,1789018541114
2230956,3,PROCESSED,1789018541235
2230957,1,INITIATED,1789018541105
2230957,2,VALIDATED,1789018541112
2230957,3,PROCESSED,1789018541235
2230958,1,INITIATED,1789018541107
2230958,2,VALIDATED,1789018541117
2230958,3,PROCESSED,1789018541232
2230959,1,INITIATED,1789018541105
2230959,2,VALIDATED,1789018541116
2230959,3,PROCESSED,1789018541234
2230960,1,INITIATED,1789018541106
2230960,2,VALIDATED,1789018541114
2230960,3,PROCESSED,1789018541233
2230961,1,INITIATED,1789018541107
2230961,2,VALIDATED,1789018541117
2230961,3,PROCESSED,1789018541235
2230962,1,INITIATED,1789018541104
2230962,2,VALIDATED,1789018541110
2230962,3,PROCESSED,1789018541120
2230963,1,INITIATED,1789018541105
2230963,2,VALIDATED,1789018541114
2230963,3,PROCESSED,1789018541235
2230964,1,INITIATED,1789018541104
2230964,2,VALIDATED,1789018541111
2230964,3,PROCESSED,1789018541229
2230965,1,INITIATED,1789018541107
2230965,2,VALIDATED,1789018541116
2230965,3,PROCESSED,1789018541233
2230966,1,INITIATED,1789018541107
2230966,2,VALIDATED,1789018541114
2230966,3,PROCESSED,1789018541235
2230967,1,INITIATED,1789018541107
2230967,2,VALIDATED,1789018541116
2230967,3,PROCESSED,1789018541233
2230968,1,INITIATED,1789018541105
2230968,2,VALIDATED,1789018541116
2230968,3,PROCESSED,1789018541235
2230969,1,INITIATED,1789018541118
2230969,2,VALIDATED,1789018541231
2230969,3,PROCESSED,1789018541267
2230970,1,INITIATED,1789018541227
2230970,2,VALIDATED,1789018541235
2230970,3,PROCESSED,1789018541267
2230971,1,INITIATED,1789018541227
2230971,2,VALIDATED,1789018541234
2230971,3,PROCESSED,1789018541267
2230972,1,INITIATED,1789018541227
2230972,2,VALIDATED,1789018541235
2230972,3,PROCESSED,1789018541267
2230973,1,INITIATED,1789018541227
2230973,2,VALIDATED,1789018541234
2230973,3,PROCESSED,1789018541267
2230974,1,INITIATED,1789018541227
2230974,2,VALIDATED,1789018541235
2230974,3,PROCESSED,1789018541267
2230975,1,INITIATED,1789018541237
2230975,2,VALIDATED,1789018541264
2230975,3,PROCESSED,1789018541271
2230976,1,INITIATED,1789018541257
2230976,2,VALIDATED,1789018541264
2230976,3,PROCESSED,1789018541271
2230977,1,INITIATED,1789018541277
2230977,2,VALIDATED,1789018541282
2230977,3,PROCESSED,1789018541288
2230978,1,INITIATED,1789018541297
2230978,2,VALIDATED,1789018541301
2230978,3,PROCESSED,1789018541307
2230979,1,INITIATED,1789018541317
2230979,2,VALIDATED,1789018541322
2230979,3,PROCESSED,1789018541327
2230980,1,INITIATED,1789018541337
2230980,2,VALIDATED,1789018541355
2230980,3,PROCESSED,1789018541360
2230981,1,INITIATED,1789018541357
2230981,2,VALIDATED,1789018541360
2230981,3,PROCESSED,1789018541365
2230982,1,INITIATED,1789018541377
2230982,2,VALIDATED,1789018541381
2230982,3,PROCESSED,1789018541386
2230983,1,INITIATED,1789018541397
2230983,2,VALIDATED,1789018541401
2230983,3,PROCESSED,1789018541406
2230984,1,INITIATED,1789018541683
2230984,2,VALIDATED,1789018541800
2230984,3,PROCESSED,1789018542070
2230985,1,INITIATED,1789018541684
2230985,2,VALIDATED,1789018541801
2230985,3,PROCESSED,1789018542069
2230986,1,INITIATED,1789018541683
2230986,2,VALIDATED,1789018541801
2230986,3,PROCESSED,1789018542069
2230987,1,INITIATED,1789018541685
2230987,2,VALIDATED,1789018541800
2230987,3,PROCESSED,1789018542069
2230988,1,INITIATED,1789018541684
2230988,2,VALIDATED,1789018541801
2230988,3,PROCESSED,1789018542069
2230989,1,INITIATED,1789018541683
2230989,2,VALIDATED,1789018541803
2230989,3,PROCESSED,1789018542070
2230990,1,INITIATED,1789018541683
2230990,2,VALIDATED,1789018541801
2230990,3,PROCESSED,1789018542070
2230991,1,INITIATED,1789018541685
2230991,2,VALIDATED,1789018541801
2230991,3,PROCESSED,1789018542069
2230992,1,INITIATED,1789018541684
2230992,2,VALIDATED,1789018541802
2230992,3,PROCESSED,1789018542070
2230993,1,INITIATED,1789018541684
2230993,2,VALIDATED,1789018541800
2230993,3,PROCESSED,1789018542069
2230994,1,INITIATED,1789018541685
2230994,2,VALIDATED,1789018541800
2230994,3,PROCESSED,1789018542071
2230995,1,INITIATED,1789018541683
2230995,2,VALIDATED,1789018541802
2230995,3,REJECTED,1789018542066
2230996,1,INITIATED,1789018541684
2230996,2,VALIDATED,1789018541800
2230996,3,REJECTED,1789018542065
2230997,1,INITIATED,1789018541684
2230997,2,VALIDATED,1789018541801
2230997,3,REJECTED,1789018542065
2230998,1,INITIATED,1789018541699
2230998,2,VALIDATED,1789018541803
2230998,3,REJECTED,1789018542064
2230999,1,INITIATED,1789018541797
2230999,2,VALIDATED,1789018541803
2230999,3,PROCESSED,1789018542069
2231000,1,INITIATED,1789018541797
2231000,2,VALIDATED,1789018541804
2231000,3,PROCESSED,1789018542070
2231001,1,INITIATED,1789018541797
2231001,2,VALIDATED,1789018541803
2231001,3,PROCESSED,1789018542068
2231002,1,INITIATED,1789018541797
2231002,2,VALIDATED,1789018541804
2231002,3,PROCESSED,1789018542068
2231003,1,INITIATED,1789018541797
2231003,2,VALIDATED,1789018541803
2231003,3,PROCESSED,1789018542070
2231004,1,INITIATED,1789018541844
2231004,2,VALIDATED,1789018542065
2231004,3,PROCESSED,1789018542184
2231005,1,INITIATED,1789018541844
2231005,2,VALIDATED,1789018542063
2231005,3,PROCESSED,1789018542183
2231006,1,INITIATED,1789018542064
2231006,2,VALIDATED,1789018542181
2231006,3,PROCESSED,1789018542189
2231007,1,INITIATED,1789018542066
2231007,2,VALIDATED,1789018542182
2231007,3,PROCESSED,1789018542202
2231008,1,INITIATED,1789018542066
2231008,2,VALIDATED,1789018542182
2231008,3,PROCESSED,1789018542202
2231009,1,INITIATED,1789018542067
2231009,2,VALIDATED,1789018542182
2231009,3,PROCESSED,1789018542202
2231010,1,INITIATED,1789018542064
2231010,2,VALIDATED,1789018542181
2231010,3,PROCESSED,1789018542189
2231011,1,INITIATED,1789018542062
2231011,2,VALIDATED,1789018542069
2231011,3,PROCESSED,1789018542185
2231012,1,INITIATED,1789018542068
2231012,2,VALIDATED,1789018542182
2231012,3,PROCESSED,1789018542202
2231013,1,INITIATED,1789018542063
2231013,2,VALIDATED,1789018542180
2231013,3,PROCESSED,1789018542188
2231014,1,INITIATED,1789018542062
2231014,2,VALIDATED,1789018542179
2231014,3,PROCESSED,1789018542188
2231015,1,INITIATED,1789018542066
2231015,2,VALIDATED,1789018542183
2231015,3,PROCESSED,1789018542202
2231016,1,INITIATED,1789018542068
2231016,2,VALIDATED,1789018542182
2231016,3,PROCESSED,1789018542189
2231017,1,INITIATED,1789018542084
2231017,2,VALIDATED,1789018542185
2231017,3,PROCESSED,1789018542220
2231018,1,INITIATED,1789018542180
2231018,2,VALIDATED,1789018542185
2231018,3,PROCESSED,1789018542220
2231019,1,INITIATED,1789018542180
2231019,2,VALIDATED,1789018542185
2231019,3,PROCESSED,1789018542220
2231020,1,INITIATED,1789018542180
2231020,2,VALIDATED,1789018542186
2231020,3,PROCESSED,1789018542220
2231021,1,INITIATED,1789018542182
2231021,2,VALIDATED,1789018542187
2231021,3,PROCESSED,1789018542220
2231022,1,INITIATED,1789018542181
2231022,2,VALIDATED,1789018542186
2231022,3,PROCESSED,1789018542220
2231023,1,INITIATED,1789018542197
2231023,2,VALIDATED,1789018542218
2231023,3,PROCESSED,1789018542224
2231024,1,INITIATED,1789018542218
2231024,2,VALIDATED,1789018542223
2231024,3,PROCESSED,1789018542227
2231025,1,INITIATED,1789018542236
2231025,2,VALIDATED,1789018542240
2231025,3,PROCESSED,1789018542244
2231026,1,INITIATED,1789018542257
2231026,2,VALIDATED,1789018542261
2231026,3,PROCESSED,1789018542265
2231027,1,INITIATED,1789018542277
2231027,2,VALIDATED,1789018542281
2231027,3,PROCESSED,1789018542299
2231028,1,INITIATED,1789018542297
2231028,2,VALIDATED,1789018542300
2231028,3,PROCESSED,1789018542304
2231029,1,INITIATED,1789018542317
2231029,2,VALIDATED,1789018542321
2231029,3,PROCESSED,1789018542326
2231030,1,INITIATED,1789018542337
2231030,2,VALIDATED,1789018542341
2231030,3,PROCESSED,1789018542345
2231031,1,INITIATED,1789018542357
2231031,2,VALIDATED,1789018542361
2231031,3,PROCESSED,1789018542365
2231032,1,INITIATED,1789018542377
2231032,2,VALIDATED,1789018542382
2231032,3,PROCESSED,1789018542389
2231033,1,INITIATED,1789018542397
2231033,2,VALIDATED,1789018542400
2231033,3,PROCESSED,1789018542406
2231034,1,INITIATED,1789018542686
2231034,2,VALIDATED,1789018542692
2231034,3,PROCESSED,1789018542809
2231035,1,INITIATED,1789018542687
2231035,2,VALIDATED,1789018542694
2231035,3,PROCESSED,1789018542810
2231036,1,INITIATED,1789018542688
2231036,2,VALIDATED,1789018542694
2231036,3,PROCESSED,1789018542809
2231037,1,INITIATED,1789018542688
2231037,2,VALIDATED,1789018542693
2231037,3,PROCESSED,1789018542809
2231038,1,INITIATED,1789018542686
2231038,2,VALIDATED,1789018542692
2231038,3,PROCESSED,1789018542810
2231039,1,INITIATED,1789018542687
2231039,2,VALIDATED,1789018542692
2231039,3,PROCESSED,1789018542809
2231040,1,INITIATED,1789018542688
2231040,2,VALIDATED,1789018542694
2231040,3,PROCESSED,1789018542810
2231041,1,INITIATED,1789018542688
2231041,2,VALIDATED,1789018542695
2231041,3,PROCESSED,1789018542810
2231042,1,INITIATED,1789018542688
2231042,2,VALIDATED,1789018542694
2231042,3,PROCESSED,1789018542810
2231043,1,INITIATED,1789018542686
2231043,2,VALIDATED,1789018542692
2231043,3,PROCESSED,1789018542809
2231044,1,INITIATED,1789018542687
2231044,2,VALIDATED,1789018542694
2231044,3,PROCESSED,1789018542809
2231045,1,INITIATED,1789018542687
2231045,2,VALIDATED,1789018542694
2231045,3,PROCESSED,1789018542810
2231046,1,INITIATED,1789018542687
2231046,2,VALIDATED,1789018542694
2231046,3,PROCESSED,1789018542810
2231047,1,INITIATED,1789018542687
2231047,2,VALIDATED,1789018542694
2231047,3,PROCESSED,1789018542810
2231048,1,INITIATED,1789018542697
2231048,2,VALIDATED,1789018542807
2231048,3,PROCESSED,1789018543114
2231049,1,INITIATED,1789018542804
2231049,2,VALIDATED,1789018543113
2231049,3,PROCESSED,1789018543245
2231050,1,INITIATED,1789018542804
2231050,2,VALIDATED,1789018543113
2231050,3,PROCESSED,1789018543248
2231051,1,INITIATED,1789018542804
2231051,2,VALIDATED,1789018543112
2231051,3,PROCESSED,1789018543245
2231052,1,INITIATED,1789018542804
2231052,2,VALIDATED,1789018543113
2231052,3,PROCESSED,1789018543247
2231053,1,INITIATED,1789018542804
2231053,2,VALIDATED,1789018543112
2231053,3,PROCESSED,1789018543246
2231054,1,INITIATED,1789018542818
2231054,2,VALIDATED,1789018543113
2231054,3,PROCESSED,1789018543247
2231055,1,INITIATED,1789018543110
2231055,2,VALIDATED,1789018543117
2231055,3,PROCESSED,1789018543248
2231056,1,INITIATED,1789018543111
2231056,2,VALIDATED,1789018543118
2231056,3,PROCESSED,1789018543246
2231057,1,INITIATED,1789018543112
2231057,2,VALIDATED,1789018543243
2231057,3,PROCESSED,1789018543264
2231058,1,INITIATED,1789018543111
2231058,2,VALIDATED,1789018543242
2231058,3,PROCESSED,1789018543250
2231059,1,INITIATED,1789018543111
2231059,2,VALIDATED,1789018543118
2231059,3,PROCESSED,1789018543248
2231060,1,INITIATED,1789018543112
2231060,2,VALIDATED,1789018543241
2231060,3,PROCESSED,1789018543250
2231061,1,INITIATED,1789018543111
2231061,2,VALIDATED,1789018543118
2231061,3,PROCESSED,1789018543248
2231062,1,INITIATED,1789018543111
2231062,2,VALIDATED,1789018543244
2231062,3,PROCESSED,1789018543284
2231063,1,INITIATED,1789018543113
2231063,2,VALIDATED,1789018543243
2231063,3,PROCESSED,1789018543264
2231064,1,INITIATED,1789018543111
2231064,2,VALIDATED,1789018543243
2231064,3,PROCESSED,1789018543285
2231065,1,INITIATED,1789018543110
2231065,2,VALIDATED,1789018543117
2231065,3,PROCESSED,1789018543247
2231066,1,INITIATED,1789018543111
2231066,2,VALIDATED,1789018543243
2231066,3,PROCESSED,1789018543284
2231067,1,INITIATED,1789018543111
2231067,2,VALIDATED,1789018543118
2231067,3,PROCESSED,1789018543248
2231068,1,INITIATED,1789018543111
2231068,2,VALIDATED,1789018543240
2231068,3,PROCESSED,1789018543249
2231069,1,INITIATED,1789018543117
2231069,2,VALIDATED,1789018543244
2231069,3,PROCESSED,1789018543283
2231070,1,INITIATED,1789018543240
2231070,2,VALIDATED,1789018543248
2231070,3,PROCESSED,1789018543285
2231071,1,INITIATED,1789018543241
2231071,2,VALIDATED,1789018543248
2231071,3,PROCESSED,1789018543285
2231072,1,INITIATED,1789018543242
2231072,2,VALIDATED,1789018543263
2231072,3,PROCESSED,1789018543284
2231073,1,INITIATED,1789018543240
2231073,2,VALIDATED,1789018543246
2231073,3,PROCESSED,1789018543285
2231074,1,INITIATED,1789018543240
2231074,2,VALIDATED,1789018543246
2231074,3,PROCESSED,1789018543285
2231075,1,INITIATED,1789018543240
2231075,2,VALIDATED,1789018543247
2231075,3,PROCESSED,1789018543284
2231076,1,INITIATED,1789018543257
2231076,2,VALIDATED,1789018543281
2231076,3,PROCESSED,1789018543288
2231077,1,INITIATED,1789018543277
2231077,2,VALIDATED,1789018543282
2231077,3,PROCESSED,1789018543288
2231078,1,INITIATED,1789018543297
2231078,2,VALIDATED,1789018543301
2231078,3,PROCESSED,1789018543307
2231079,1,INITIATED,1789018543317
2231079,2,VALIDATED,1789018543321
2231079,3,PROCESSED,1789018543326
2231080,1,INITIATED,1789018543337
2231080,2,VALIDATED,1789018543341
2231080,3,PROCESSED,1789018543346
2231081,1,INITIATED,1789018543357
2231081,2,VALIDATED,1789018543361
2231081,3,PROCESSED,1789018543366
2231082,1,INITIATED,1789018543377
2231082,2,VALIDATED,1789018543381
2231082,3,PROCESSED,1789018543401
2231083,1,INITIATED,1789018543397
2231083,2,VALIDATED,1789018543399
2231083,3,PROCESSED,1789018543404
2231084,1,INITIATED,1789018543662
2231084,2,VALIDATED,1789018543791
2231084,3,PROCESSED,1789018543800
2231085,1,INITIATED,1789018543662
2231085,2,VALIDATED,1789018543790
2231085,3,PROCESSED,1789018543798
2231086,1,INITIATED,1789018543661
2231086,2,VALIDATED,1789018543667
2231086,3,PROCESSED,1789018543795
2231087,1,INITIATED,1789018543662
2231087,2,VALIDATED,1789018543791
2231087,3,PROCESSED,1789018543799
2231088,1,INITIATED,1789018543662
2231088,2,VALIDATED,1789018543791
2231088,3,PROCESSED,1789018543798
2231089,1,INITIATED,1789018543661
2231089,2,VALIDATED,1789018543666
2231089,3,PROCESSED,1789018543794
2231090,1,INITIATED,1789018543661
2231090,2,VALIDATED,1789018543666
2231090,3,PROCESSED,1789018543795
2231091,1,INITIATED,1789018543662
2231091,2,VALIDATED,1789018543790
2231091,3,PROCESSED,1789018543799
2231092,1,INITIATED,1789018543663
2231092,2,VALIDATED,1789018543790
2231092,3,PROCESSED,1789018543798
2231093,1,INITIATED,1789018543661
2231093,2,VALIDATED,1789018543667
2231093,3,PROCESSED,1789018543795
2231094,1,INITIATED,1789018543662
2231094,2,VALIDATED,1789018543791
2231094,3,PROCESSED,1789018543798
2231095,1,INITIATED,1789018543662
2231095,2,VALIDATED,1789018543790
2231095,3,REJECTED,1789018543796
2231096,1,INITIATED,1789018543661
2231096,2,VALIDATED,1789018543667
2231096,3,REJECTED,1789018543793
2231097,1,INITIATED,1789018543679
2231097,2,VALIDATED,1789018543793
2231097,3,REJECTED,1789018544007
2231098,1,INITIATED,1789018543789
2231098,2,VALIDATED,1789018543796
2231098,3,REJECTED,1789018544006
2231099,1,INITIATED,1789018543789
2231099,2,VALIDATED,1789018543795
2231099,3,PROCESSED,1789018544010
2231100,1,INITIATED,1789018543789
2231100,2,VALIDATED,1789018543796
2231100,3,PROCESSED,1789018544009
2231101,1,INITIATED,1789018543789
2231101,2,VALIDATED,1789018543796
2231101,3,PROCESSED,1789018544008
2231102,1,INITIATED,1789018543789
2231102,2,VALIDATED,1789018543796
2231102,3,PROCESSED,1789018544009
2231103,1,INITIATED,1789018543797
2231103,2,VALIDATED,1789018544007
2231103,3,PROCESSED,1789018544102
2231104,1,INITIATED,1789018544006
2231104,2,VALIDATED,1789018544014
2231104,3,PROCESSED,1789018544141
2231105,1,INITIATED,1789018544007
2231105,2,VALIDATED,1789018544013
2231105,3,PROCESSED,1789018544142
2231106,1,INITIATED,1789018544005
2231106,2,VALIDATED,1789018544014
2231106,3,PROCESSED,1789018544141
2231107,1,INITIATED,1789018544006
2231107,2,VALIDATED,1789018544013
2231107,3,PROCESSED,1789018544141
2231108,1,INITIATED,1789018544006
2231108,2,VALIDATED,1789018544015
2231108,3,PROCESSED,1789018544141
2231109,1,INITIATED,1789018544004
2231109,2,VALIDATED,1789018544014
2231109,3,PROCESSED,1789018544141
2231110,1,INITIATED,1789018544006
2231110,2,VALIDATED,1789018544014
2231110,3,PROCESSED,1789018544141
2231111,1,INITIATED,1789018544004
2231111,2,VALIDATED,1789018544014
2231111,3,PROCESSED,1789018544141
2231112,1,INITIATED,1789018544005
2231112,2,VALIDATED,1789018544013
2231112,3,PROCESSED,1789018544141
2231113,1,INITIATED,1789018544005
2231113,2,VALIDATED,1789018544014
2231113,3,PROCESSED,1789018544141
2231114,1,INITIATED,1789018544016
2231114,2,VALIDATED,1789018544155
2231114,3,PROCESSED,1789018544190
2231115,1,INITIATED,1789018544102
2231115,2,VALIDATED,1789018544155
2231115,3,PROCESSED,1789018544190
2231116,1,INITIATED,1789018544102
2231116,2,VALIDATED,1789018544155
2231116,3,PROCESSED,1789018544190
2231117,1,INITIATED,1789018544102
2231117,2,VALIDATED,1789018544155
2231117,3,PROCESSED,1789018544190
2231118,1,INITIATED,1789018544102
2231118,2,VALIDATED,1789018544155
2231118,3,PROCESSED,1789018544190
2231119,1,INITIATED,1789018544136
2231119,2,VALIDATED,1789018544187
2231119,3,PROCESSED,1789018544194
2231120,1,INITIATED,1789018544137
2231120,2,VALIDATED,1789018544187
2231120,3,PROCESSED,1789018544194
2231121,1,INITIATED,1789018544157
2231121,2,VALIDATED,1789018544187
2231121,3,PROCESSED,1789018544194
2231122,1,INITIATED,1789018544177
2231122,2,VALIDATED,1789018544188
2231122,3,PROCESSED,1789018544194
2231123,1,INITIATED,1789018544197
2231123,2,VALIDATED,1789018544210
2231123,3,PROCESSED,1789018544227
2231124,1,INITIATED,1789018544217
2231124,2,VALIDATED,1789018544225
2231124,3,PROCESSED,1789018544231
2231125,1,INITIATED,1789018544237
2231125,2,VALIDATED,1789018544241
2231125,3,PROCESSED,1789018544259
2231126,1,INITIATED,1789018544257
2231126,2,VALIDATED,1789018544274
2231126,3,PROCESSED,1789018544279
2231127,1,INITIATED,1789018544276
2231127,2,VALIDATED,1789018544279
2231127,3,PROCESSED,1789018544296
2231128,1,INITIATED,1789018544296
2231128,2,VALIDATED,1789018544313
2231128,3,PROCESSED,1789018544318
2231129,1,INITIATED,1789018544316
2231129,2,VALIDATED,1789018544320
2231129,3,PROCESSED,1789018544325
2231130,1,INITIATED,1789018544336
2231130,2,VALIDATED,1789018544344
2231130,3,PROCESSED,1789018544349
2231131,1,INITIATED,1789018544357
2231131,2,VALIDATED,1789018544365
2231131,3,PROCESSED,1789018544382
2231132,1,INITIATED,1789018544377
2231132,2,VALIDATED,1789018544381
2231132,3,PROCESSED,1789018544386
2231133,1,INITIATED,1789018544397
2231133,2,VALIDATED,1789018544409
2231133,3,PROCESSED,1789018544413
2231134,1,INITIATED,1789018544435
2231134,2,VALIDATED,1789018544441
2231134,3,PROCESSED,1789018544554
2231135,1,INITIATED,1789018544436
2231135,2,VALIDATED,1789018544441
2231135,3,PROCESSED,1789018544554
2231136,1,INITIATED,1789018544518
2231136,2,VALIDATED,1789018544554
2231136,3,PROCESSED,1789018544781
2231137,1,INITIATED,1789018544518
2231137,2,VALIDATED,1789018544554
2231137,3,PROCESSED,1789018544780
2231138,1,INITIATED,1789018544518
2231138,2,VALIDATED,1789018544554
2231138,3,PROCESSED,1789018544780
2231139,1,INITIATED,1789018544518
2231139,2,VALIDATED,1789018544554
2231139,3,PROCESSED,1789018544780
2231140,1,INITIATED,1789018544550
2231140,2,VALIDATED,1789018544777
2231140,3,PROCESSED,1789018544904
2231141,1,INITIATED,1789018544775
2231141,2,VALIDATED,1789018544902
2231141,3,PROCESSED,1789018544952
2231142,1,INITIATED,1789018544775
2231142,2,VALIDATED,1789018544902
2231142,3,PROCESSED,1789018544950
2231143,1,INITIATED,1789018544778
2231143,2,VALIDATED,1789018544901
2231143,3,PROCESSED,1789018544951
2231144,1,INITIATED,1789018544775
2231144,2,VALIDATED,1789018544901
2231144,3,PROCESSED,1789018544952
2231145,1,INITIATED,1789018544778
2231145,2,VALIDATED,1789018544902
2231145,3,PROCESSED,1789018544950
2231146,1,INITIATED,1789018544776
2231146,2,VALIDATED,1789018544902
2231146,3,PROCESSED,1789018544951
2231147,1,INITIATED,1789018544775
2231147,2,VALIDATED,1789018544901
2231147,3,PROCESSED,1789018544950
2231148,1,INITIATED,1789018544775
2231148,2,VALIDATED,1789018544902
2231148,3,PROCESSED,1789018544951
2231149,1,INITIATED,1789018544776
2231149,2,VALIDATED,1789018544902
2231149,3,PROCESSED,1789018544950
2231150,1,INITIATED,1789018544778
2231150,2,VALIDATED,1789018544902
2231150,3,PROCESSED,1789018544950
2231151,1,INITIATED,1789018544778
2231151,2,VALIDATED,1789018544902
2231151,3,PROCESSED,1789018544951
2231152,1,INITIATED,1789018544779
2231152,2,VALIDATED,1789018544902
2231152,3,PROCESSED,1789018544951
2231153,1,INITIATED,1789018544898
2231153,2,VALIDATED,1789018544918
2231153,3,PROCESSED,1789018544951
2231154,1,INITIATED,1789018544899
2231154,2,VALIDATED,1789018544918
2231154,3,PROCESSED,1789018544951
2231155,1,INITIATED,1789018544899
2231155,2,VALIDATED,1789018544918
2231155,3,PROCESSED,1789018544951
2231156,1,INITIATED,1789018544899
2231156,2,VALIDATED,1789018544918
2231156,3,PROCESSED,1789018544950
2231157,1,INITIATED,1789018544898
2231157,2,VALIDATED,1789018544918
2231157,3,PROCESSED,1789018544952
2231158,1,INITIATED,1789018544898
2231158,2,VALIDATED,1789018544918
2231158,3,PROCESSED,1789018544951
2231159,1,INITIATED,1789018544917
2231159,2,VALIDATED,1789018544948
2231159,3,PROCESSED,1789018544966
2231160,1,INITIATED,1789018544937
2231160,2,VALIDATED,1789018544948
2231160,3,PROCESSED,1789018544966
2231161,1,INITIATED,1789018544957
2231161,2,VALIDATED,1789018544964
2231161,3,PROCESSED,1789018544970
2231162,1,INITIATED,1789018544977
2231162,2,VALIDATED,1789018544982
2231162,3,PROCESSED,1789018544988
2231163,1,INITIATED,1789018544997
2231163,2,VALIDATED,1789018545009
2231163,3,PROCESSED,1789018545027
2231164,1,INITIATED,1789018545017
2231164,2,VALIDATED,1789018545025
2231164,3,PROCESSED,1789018545030
2231165,1,INITIATED,1789018545037
2231165,2,VALIDATED,1789018545043
2231165,3,PROCESSED,1789018545048
2231166,1,INITIATED,1789018545057
2231166,2,VALIDATED,1789018545061
2231166,3,PROCESSED,1789018545066
2231167,1,INITIATED,1789018545077
2231167,2,VALIDATED,1789018545089
2231167,3,PROCESSED,1789018545095
2231168,1,INITIATED,1789018545096
2231168,2,VALIDATED,1789018545100
2231168,3,PROCESSED,1789018545119
2231169,1,INITIATED,1789018545117
2231169,2,VALIDATED,1789018545133
2231169,3,PROCESSED,1789018545151
2231170,1,INITIATED,1789018545136
2231170,2,VALIDATED,1789018545149
2231170,3,PROCESSED,1789018545156
2231171,1,INITIATED,1789018545157
2231171,2,VALIDATED,1789018545161
2231171,3,PROCESSED,1789018545166
2231172,1,INITIATED,1789018545177
2231172,2,VALIDATED,1789018545182
2231172,3,PROCESSED,1789018545188
2231173,1,INITIATED,1789018545196
2231173,2,VALIDATED,1789018545201
2231173,3,PROCESSED,1789018545206
2231174,1,INITIATED,1789018545217
2231174,2,VALIDATED,1789018545222
2231174,3,PROCESSED,1789018545227
2231175,1,INITIATED,1789018545237
2231175,2,VALIDATED,1789018545242
2231175,3,PROCESSED,1789018545248
2231176,1,INITIATED,1789018545257
2231176,2,VALIDATED,1789018545262
2231176,3,PROCESSED,1789018545268
2231177,1,INITIATED,1789018545278
2231177,2,VALIDATED,1789018545282
2231177,3,PROCESSED,1789018545289
2231178,1,INITIATED,1789018545297
2231178,2,VALIDATED,1789018545303
2231178,3,PROCESSED,1789018545309
2231179,1,INITIATED,1789018545317
2231179,2,VALIDATED,1789018545322
2231179,3,PROCESSED,1789018545328
2231180,1,INITIATED,1789018545337
2231180,2,VALIDATED,1789018545343
2231180,3,PROCESSED,1789018545349
2231181,1,INITIATED,1789018545358
2231181,2,VALIDATED,1789018545376
2231181,3,PROCESSED,1789018545384
2231182,1,INITIATED,1789018545377
2231182,2,VALIDATED,1789018545381
2231182,3,PROCESSED,1789018545388
2231183,1,INITIATED,1789018545397
2231183,2,VALIDATED,1789018545402
2231183,3,PROCESSED,1789018545410
2231184,1,INITIATED,1789018545418
2231184,2,VALIDATED,1789018545447
2231184,3,PROCESSED,1789018545455
2231185,1,INITIATED,1789018545447
2231185,2,VALIDATED,1789018545452
2231185,3,PROCESSED,1789018545569
2231186,1,INITIATED,1789018545458
2231186,2,VALIDATED,1789018545568
2231186,3,PROCESSED,1789018545858
2231187,1,INITIATED,1789018545533
2231187,2,VALIDATED,1789018545569
2231187,3,PROCESSED,1789018545858
2231188,1,INITIATED,1789018545533
2231188,2,VALIDATED,1789018545570
2231188,3,PROCESSED,1789018545855
2231189,1,INITIATED,1789018545533
2231189,2,VALIDATED,1789018545570
2231189,3,PROCESSED,1789018545854
2231190,1,INITIATED,1789018545564
2231190,2,VALIDATED,1789018545570
2231190,3,PROCESSED,1789018545857
2231191,1,INITIATED,1789018545564
2231191,2,VALIDATED,1789018545570
2231191,3,PROCESSED,1789018545857
2231192,1,INITIATED,1789018545577
2231192,2,VALIDATED,1789018545852
2231192,3,PROCESSED,1789018545959
2231193,1,INITIATED,1789018545853
2231193,2,VALIDATED,1789018545956
2231193,3,PROCESSED,1789018545987
2231194,1,INITIATED,1789018545851
2231194,2,VALIDATED,1789018545858
2231194,3,PROCESSED,1789018545960
2231195,1,INITIATED,1789018545848
2231195,2,VALIDATED,1789018545854
2231195,3,REJECTED,1789018545953
2231196,1,INITIATED,1789018545849
2231196,2,VALIDATED,1789018545857
2231196,3,REJECTED,1789018545958
2231197,1,INITIATED,1789018545852
2231197,2,VALIDATED,1789018545955
2231197,3,REJECTED,1789018545985
2231198,1,INITIATED,1789018545850
2231198,2,VALIDATED,1789018545858
2231198,3,REJECTED,1789018545958
2231199,1,INITIATED,1789018545850
2231199,2,VALIDATED,1789018545858
2231199,3,PROCESSED,1789018545960
2231200,1,INITIATED,1789018545851
2231200,2,VALIDATED,1789018545956
2231200,3,PROCESSED,1789018545988
2231201,1,INITIATED,1789018545849
2231201,2,VALIDATED,1789018545854
2231201,3,PROCESSED,1789018545958
2231202,1,INITIATED,1789018545850
2231202,2,VALIDATED,1789018545858
2231202,3,PROCESSED,1789018545959
2231203,1,INITIATED,1789018545851
2231203,2,VALIDATED,1789018545860
2231203,3,PROCESSED,1789018545959
2231204,1,INITIATED,1789018545852
2231204,2,VALIDATED,1789018545954
2231204,3,PROCESSED,1789018545989
2231205,1,INITIATED,1789018545849
2231205,2,VALIDATED,1789018545856
2231205,3,PROCESSED,1789018545960
2231206,1,INITIATED,1789018545857
2231206,2,VALIDATED,1789018545958
2231206,3,PROCESSED,1789018545987
2231207,1,INITIATED,1789018545954
2231207,2,VALIDATED,1789018545986
2231207,3,PROCESSED,1789018545995
2231208,1,INITIATED,1789018545953
2231208,2,VALIDATED,1789018545985
2231208,3,PROCESSED,1789018545992
2231209,1,INITIATED,1789018545956
2231209,2,VALIDATED,1789018545985
2231209,3,PROCESSED,1789018545995
2231210,1,INITIATED,1789018545956
2231210,2,VALIDATED,1789018545986
2231210,3,PROCESSED,1789018545995
2231211,1,INITIATED,1789018545957
2231211,2,VALIDATED,1789018545985
2231211,3,PROCESSED,1789018545992
2231212,1,INITIATED,1789018545978
2231212,2,VALIDATED,1789018545986
2231212,3,PROCESSED,1789018545995
2231213,1,INITIATED,1789018545998
2231213,2,VALIDATED,1789018546002
2231213,3,PROCESSED,1789018546007
2231214,1,INITIATED,1789018546016
2231214,2,VALIDATED,1789018546020
2231214,3,PROCESSED,1789018546025
2231215,1,INITIATED,1789018546037
2231215,2,VALIDATED,1789018546042
2231215,3,PROCESSED,1789018546046
2231216,1,INITIATED,1789018546057
2231216,2,VALIDATED,1789018546061
2231216,3,PROCESSED,1789018546065
2231217,1,INITIATED,1789018546076
2231217,2,VALIDATED,1789018546080
2231217,3,PROCESSED,1789018546084
2231218,1,INITIATED,1789018546097
2231218,2,VALIDATED,1789018546101
2231218,3,PROCESSED,1789018546105
2231219,1,INITIATED,1789018546117
2231219,2,VALIDATED,1789018546121
2231219,3,PROCESSED,1789018546126
2231220,1,INITIATED,1789018546137
2231220,2,VALIDATED,1789018546141
2231220,3,PROCESSED,1789018546145
2231221,1,INITIATED,1789018546156
2231221,2,VALIDATED,1789018546160
2231221,3,PROCESSED,1789018546164
2231222,1,INITIATED,1789018546176
2231222,2,VALIDATED,1789018546181
2231222,3,PROCESSED,1789018546186
2231223,1,INITIATED,1789018546197
2231223,2,VALIDATED,1789018546200
2231223,3,PROCESSED,1789018546206
2231224,1,INITIATED,1789018546217
2231224,2,VALIDATED,1789018546221
2231224,3,PROCESSED,1789018546239
2231225,1,INITIATED,1789018546237
2231225,2,VALIDATED,1789018546241
2231225,3,PROCESSED,1789018546245
2231226,1,INITIATED,1789018546257
2231226,2,VALIDATED,1789018546261
2231226,3,PROCESSED,1789018546265
2231227,1,INITIATED,1789018546277
2231227,2,VALIDATED,1789018546281
2231227,3,PROCESSED,1789018546287
2231228,1,INITIATED,1789018546297
2231228,2,VALIDATED,1789018546301
2231228,3,PROCESSED,1789018546305
2231229,1,INITIATED,1789018546317
2231229,2,VALIDATED,1789018546321
2231229,3,PROCESSED,1789018546326
2231230,1,INITIATED,1789018546337
2231230,2,VALIDATED,1789018546341
2231230,3,PROCESSED,1789018546345
2231231,1,INITIATED,1789018546356
2231231,2,VALIDATED,1789018546360
2231231,3,PROCESSED,1789018546365
2231232,1,INITIATED,1789018546376
2231232,2,VALIDATED,1789018546380
2231232,3,PROCESSED,1789018546384
2231233,1,INITIATED,1789018546397
2231233,2,VALIDATED,1789018546400
2231233,3,PROCESSED,1789018546405
2231234,1,INITIATED,1789018546417
2231234,2,VALIDATED,1789018546420
2231234,3,PROCESSED,1789018546710
2231235,1,INITIATED,1789018546709
2231235,2,VALIDATED,1789018546837
2231235,3,PROCESSED,1789018547142
2231236,1,INITIATED,1789018546708
2231236,2,VALIDATED,1789018546837
2231236,3,PROCESSED,1789018547143
2231237,1,INITIATED,1789018546707
2231237,2,VALIDATED,1789018546836
2231237,3,PROCESSED,1789018547143
2231238,1,INITIATED,1789018546709
2231238,2,VALIDATED,1789018546836
2231238,3,PROCESSED,1789018547144
2231239,1,INITIATED,1789018546707
2231239,2,VALIDATED,1789018546838
2231239,3,PROCESSED,1789018547142
2231240,1,INITIATED,1789018546707
2231240,2,VALIDATED,1789018546837
2231240,3,PROCESSED,1789018547144
2231241,1,INITIATED,1789018546709
2231241,2,VALIDATED,1789018546835
2231241,3,PROCESSED,1789018547142
2231242,1,INITIATED,1789018546707
2231242,2,VALIDATED,1789018546835
2231242,3,PROCESSED,1789018547143
2231243,1,INITIATED,1789018546706
2231243,2,VALIDATED,1789018546836
2231243,3,PROCESSED,1789018547144
2231244,1,INITIATED,1789018546707
2231244,2,VALIDATED,1789018546835
2231244,3,PROCESSED,1789018547141
2231245,1,INITIATED,1789018546708
2231245,2,VALIDATED,1789018546835
2231245,3,PROCESSED,1789018547141
2231246,1,INITIATED,1789018546707
2231246,2,VALIDATED,1789018546837
2231246,3,PROCESSED,1789018547142
2231247,1,INITIATED,1789018546708
2231247,2,VALIDATED,1789018546837
2231247,3,PROCESSED,1789018547144
2231248,1,INITIATED,1789018546708
2231248,2,VALIDATED,1789018546836
2231248,3,PROCESSED,1789018547144
2231249,1,INITIATED,1789018546722
2231249,2,VALIDATED,1789018546837
2231249,3,PROCESSED,1789018547143
2231250,1,INITIATED,1789018546832
2231250,2,VALIDATED,1789018546890
2231250,3,PROCESSED,1789018547144
2231251,1,INITIATED,1789018546832
2231251,2,VALIDATED,1789018546890
2231251,3,PROCESSED,1789018547238
2231252,1,INITIATED,1789018546832
2231252,2,VALIDATED,1789018546889
2231252,3,PROCESSED,1789018547143
2231253,1,INITIATED,1789018546832
2231253,2,VALIDATED,1789018546890
2231253,3,PROCESSED,1789018547241
2231254,1,INITIATED,1789018546832
2231254,2,VALIDATED,1789018546890
2231254,3,PROCESSED,1789018547240
2231255,1,INITIATED,1789018546837
2231255,2,VALIDATED,1789018547139
2231255,3,PROCESSED,1789018547242
2231256,1,INITIATED,1789018546889
2231256,2,VALIDATED,1789018547140
2231256,3,PROCESSED,1789018547242
2231257,1,INITIATED,1789018546889
2231257,2,VALIDATED,1789018547137
2231257,3,PROCESSED,1789018547242
2231258,1,INITIATED,1789018547135
2231258,2,VALIDATED,1789018547237
2231258,3,PROCESSED,1789018547271
2231259,1,INITIATED,1789018547137
2231259,2,VALIDATED,1789018547240
2231259,3,PROCESSED,1789018547270
2231260,1,INITIATED,1789018547135
2231260,2,VALIDATED,1789018547239
2231260,3,PROCESSED,1789018547271
2231261,1,INITIATED,1789018547135
2231261,2,VALIDATED,1789018547240
2231261,3,PROCESSED,1789018547270
2231262,1,INITIATED,1789018547135
2231262,2,VALIDATED,1789018547237
2231262,3,PROCESSED,1789018547270
2231263,1,INITIATED,1789018547135
2231263,2,VALIDATED,1789018547239
2231263,3,PROCESSED,1789018547271
2231264,1,INITIATED,1789018547137
2231264,2,VALIDATED,1789018547239
2231264,3,PROCESSED,1789018547271
2231265,1,INITIATED,1789018547140
2231265,2,VALIDATED,1789018547240
2231265,3,PROCESSED,1789018547270
2231266,1,INITIATED,1789018547138
2231266,2,VALIDATED,1789018547240
2231266,3,PROCESSED,1789018547272
2231267,1,INITIATED,1789018547139
2231267,2,VALIDATED,1789018547240
2231267,3,PROCESSED,1789018547272
2231268,1,INITIATED,1789018547141
2231268,2,VALIDATED,1789018547240
2231268,3,PROCESSED,1789018547271
2231269,1,INITIATED,1789018547152
2231269,2,VALIDATED,1789018547251
2231269,3,PROCESSED,1789018547272
2231270,1,INITIATED,1789018547153
2231270,2,VALIDATED,1789018547251
2231270,3,PROCESSED,1789018547272
2231271,1,INITIATED,1789018547236
2231271,2,VALIDATED,1789018547268
2231271,3,PROCESSED,1789018547276
2231272,1,INITIATED,1789018547236
2231272,2,VALIDATED,1789018547268
2231272,3,PROCESSED,1789018547276
2231273,1,INITIATED,1789018547236
2231273,2,VALIDATED,1789018547268
2231273,3,PROCESSED,1789018547276
2231274,1,INITIATED,1789018547237
2231274,2,VALIDATED,1789018547269
2231274,3,PROCESSED,1789018547276
2231275,1,INITIATED,1789018547239
2231275,2,VALIDATED,1789018547268
2231275,3,PROCESSED,1789018547276
2231276,1,INITIATED,1789018547257
2231276,2,VALIDATED,1789018547269
2231276,3,PROCESSED,1789018547276
2231277,1,INITIATED,1789018547276
2231277,2,VALIDATED,1789018547290
2231277,3,PROCESSED,1789018547296
2231278,1,INITIATED,1789018547296
2231278,2,VALIDATED,1789018547299
2231278,3,PROCESSED,1789018547303
2231279,1,INITIATED,1789018547317
2231279,2,VALIDATED,1789018547322
2231279,3,PROCESSED,1789018547327
2231280,1,INITIATED,1789018547337
2231280,2,VALIDATED,1789018547342
2231280,3,PROCESSED,1789018547346
2231281,1,INITIATED,1789018547357
2231281,2,VALIDATED,1789018547361
2231281,3,PROCESSED,1789018547365
2231282,1,INITIATED,1789018547376
2231282,2,VALIDATED,1789018547380
2231282,3,PROCESSED,1789018547384
2231283,1,INITIATED,1789018547397
2231283,2,VALIDATED,1789018547400
2231283,3,PROCESSED,1789018547405
2231284,1,INITIATED,1789018547417
2231284,2,VALIDATED,1789018547420
2231284,3,PROCESSED,1789018547425
2231285,1,INITIATED,1789018547677
2231285,2,VALIDATED,1789018547808
2231285,3,PROCESSED,1789018548192
2231286,1,INITIATED,1789018547678
2231286,2,VALIDATED,1789018547809
2231286,3,PROCESSED,1789018548192
2231287,1,INITIATED,1789018547675
2231287,2,VALIDATED,1789018547680
2231287,3,PROCESSED,1789018547810
2231288,1,INITIATED,1789018547676
2231288,2,VALIDATED,1789018547680
2231288,3,PROCESSED,1789018547810
2231289,1,INITIATED,1789018547676
2231289,2,VALIDATED,1789018547809
2231289,3,PROCESSED,1789018548192
2231290,1,INITIATED,1789018547675
2231290,2,VALIDATED,1789018547806
2231290,3,PROCESSED,1789018548189
2231291,1,INITIATED,1789018547678
2231291,2,VALIDATED,1789018547808
2231291,3,PROCESSED,1789018548189
2231292,1,INITIATED,1789018547678
2231292,2,VALIDATED,1789018547808
2231292,3,PROCESSED,1789018548190
2231293,1,INITIATED,1789018547675
2231293,2,VALIDATED,1789018547806
2231293,3,PROCESSED,1789018548191
2231294,1,INITIATED,1789018547676
2231294,2,VALIDATED,1789018547809
2231294,3,PROCESSED,1789018548191
2231295,1,INITIATED,1789018547676
2231295,2,VALIDATED,1789018547808
2231295,3,REJECTED,1789018548186
2231296,1,INITIATED,1789018547676
2231296,2,VALIDATED,1789018547806
2231296,3,REJECTED,1789018548185
2231297,1,INITIATED,1789018547678
2231297,2,VALIDATED,1789018547808
2231297,3,REJECTED,1789018548188
2231298,1,INITIATED,1789018547757
2231298,2,VALIDATED,1789018547860
2231298,3,REJECTED,1789018548356
2231299,1,INITIATED,1789018547757
2231299,2,VALIDATED,1789018547808
2231299,3,PROCESSED,1789018548190
2231300,1,INITIATED,1789018547757
2231300,2,VALIDATED,1789018547809
2231300,3,PROCESSED,1789018548191
2231301,1,INITIATED,1789018547758
2231301,2,VALIDATED,1789018548186
2231301,3,PROCESSED,1789018548362
2231302,1,INITIATED,1789018547805
2231302,2,VALIDATED,1789018548187
2231302,3,PROCESSED,1789018548361
2231303,1,INITIATED,1789018547805
2231303,2,VALIDATED,1789018548186
2231303,3,PROCESSED,1789018548360
2231304,1,INITIATED,1789018547824
2231304,2,VALIDATED,1789018548189
2231304,3,PROCESSED,1789018548360
2231305,1,INITIATED,1789018547859
2231305,2,VALIDATED,1789018548350
2231305,3,PROCESSED,1789018548400
2231306,1,INITIATED,1789018547859
2231306,2,VALIDATED,1789018548350
2231306,3,PROCESSED,1789018548400
2231307,1,INITIATED,1789018548191
2231307,2,VALIDATED,1789018548355
2231307,3,PROCESSED,1789018548400
2231308,1,INITIATED,1789018548184
2231308,2,VALIDATED,1789018548355
2231308,3,PROCESSED,1789018548401
2231309,1,INITIATED,1789018548188
2231309,2,VALIDATED,1789018548358
2231309,3,PROCESSED,1789018548400
2231310,1,INITIATED,1789018548191
2231310,2,VALIDATED,1789018548357
2231310,3,PROCESSED,1789018548400
2231311,1,INITIATED,1789018548186
2231311,2,VALIDATED,1789018548351
2231311,3,PROCESSED,1789018548400
2231312,1,INITIATED,1789018548192
2231312,2,VALIDATED,1789018548353
2231312,3,PROCESSED,1789018548398
2231313,1,INITIATED,1789018548190
2231313,2,VALIDATED,1789018548352
2231313,3,PROCESSED,1789018548399
2231314,1,INITIATED,1789018548190
2231314,2,VALIDATED,1789018548358
2231314,3,PROCESSED,1789018548400
2231315,1,INITIATED,1789018548191
2231315,2,VALIDATED,1789018548358
2231315,3,PROCESSED,1789018548399
2231316,1,INITIATED,1789018548187
2231316,2,VALIDATED,1789018548358
2231316,3,PROCESSED,1789018548401
2231317,1,INITIATED,1789018548187
2231317,2,VALIDATED,1789018548358
2231317,3,PROCESSED,1789018548401
2231318,1,INITIATED,1789018548192
2231318,2,VALIDATED,1789018548352
2231318,3,PROCESSED,1789018548401
2231319,1,INITIATED,1789018548192
2231319,2,VALIDATED,1789018548355
2231319,3,PROCESSED,1789018548399
2231320,1,INITIATED,1789018548348
2231320,2,VALIDATED,1789018548395
2231320,3,PROCESSED,1789018548423
2231321,1,INITIATED,1789018548348
2231321,2,VALIDATED,1789018548400
2231321,3,PROCESSED,1789018548423
2231322,1,INITIATED,1789018548353
2231322,2,VALIDATED,1789018548398
2231322,3,PROCESSED,1789018548422
2231323,1,INITIATED,1789018548350
2231323,2,VALIDATED,1789018548396
2231323,3,PROCESSED,1789018548424
2231324,1,INITIATED,1789018548355
2231324,2,VALIDATED,1789018548395
2231324,3,PROCESSED,1789018548423
2231325,1,INITIATED,1789018548350
2231325,2,VALIDATED,1789018548397
2231325,3,PROCESSED,1789018548423
2231326,1,INITIATED,1789018548351
2231326,2,VALIDATED,1789018548396
2231326,3,PROCESSED,1789018548422
2231327,1,INITIATED,1789018548357
2231327,2,VALIDATED,1789018548397
2231327,3,PROCESSED,1789018548421
2231328,1,INITIATED,1789018548358
2231328,2,VALIDATED,1789018548398
2231328,3,PROCESSED,1789018548424
2231329,1,INITIATED,1789018548357
2231329,2,VALIDATED,1789018548397
2231329,3,PROCESSED,1789018548423
2231330,1,INITIATED,1789018548358
2231330,2,VALIDATED,1789018548397
2231330,3,PROCESSED,1789018548423
2231331,1,INITIATED,1789018548359
2231331,2,VALIDATED,1789018548394
2231331,3,PROCESSED,1789018548421
2231332,1,INITIATED,1789018548392
2231332,2,VALIDATED,1789018548401
2231332,3,PROCESSED,1789018548423
2231333,1,INITIATED,1789018548398
2231333,2,VALIDATED,1789018548418
2231333,3,PROCESSED,1789018548426
2231334,1,INITIATED,1789018548417
2231334,2,VALIDATED,1789018548422
2231334,3,PROCESSED,1789018548428
2231335,1,INITIATED,1789018548812
2231335,2,VALIDATED,1789018549005
2231335,3,PROCESSED,1789018549146
2231336,1,INITIATED,1789018548809
2231336,2,VALIDATED,1789018548815
2231336,3,PROCESSED,1789018549008
2231337,1,INITIATED,1789018548811
2231337,2,VALIDATED,1789018549006
2231337,3,PROCESSED,1789018549144
2231338,1,INITIATED,1789018548808
2231338,2,VALIDATED,1789018548814
2231338,3,PROCESSED,1789018549008
2231339,1,INITIATED,1789018548812
2231339,2,VALIDATED,1789018549004
2231339,3,PROCESSED,1789018549144
2231340,1,INITIATED,1789018548810
2231340,2,VALIDATED,1789018549000
2231340,3,PROCESSED,1789018549013
2231341,1,INITIATED,1789018548810
2231341,2,VALIDATED,1789018549002
2231341,3,PROCESSED,1789018549146
2231342,1,INITIATED,1789018548809
2231342,2,VALIDATED,1789018548814
2231342,3,PROCESSED,1789018549008
2231343,1,INITIATED,1789018548809
2231343,2,VALIDATED,1789018548814
2231343,3,PROCESSED,1789018549007
2231344,1,INITIATED,1789018548811
2231344,2,VALIDATED,1789018549005
2231344,3,PROCESSED,1789018549147
2231345,1,INITIATED,1789018548811
2231345,2,VALIDATED,1789018549002
2231345,3,PROCESSED,1789018549147
2231346,1,INITIATED,1789018548808
2231346,2,VALIDATED,1789018548814
2231346,3,PROCESSED,1789018549008
2231347,1,INITIATED,1789018548812
2231347,2,VALIDATED,1789018549005
2231347,3,PROCESSED,1789018549146
2231348,1,INITIATED,1789018548810
2231348,2,VALIDATED,1789018548814
2231348,3,PROCESSED,1789018549008
2231349,1,INITIATED,1789018548810
2231349,2,VALIDATED,1789018549002
2231349,3,PROCESSED,1789018549013
2231350,1,INITIATED,1789018548809
2231350,2,VALIDATED,1789018548815
2231350,3,PROCESSED,1789018549008
2231351,1,INITIATED,1789018548812
2231351,2,VALIDATED,1789018549006
2231351,3,PROCESSED,1789018549146
2231352,1,INITIATED,1789018548811
2231352,2,VALIDATED,1789018549002
2231352,3,PROCESSED,1789018549013
2231353,1,INITIATED,1789018548808
2231353,2,VALIDATED,1789018548814
2231353,3,PROCESSED,1789018549008
2231354,1,INITIATED,1789018548817
2231354,2,VALIDATED,1789018549006
2231354,3,PROCESSED,1789018549145
2231355,1,INITIATED,1789018549001
2231355,2,VALIDATED,1789018549011
2231355,3,PROCESSED,1789018549148
2231356,1,INITIATED,1789018549000
2231356,2,VALIDATED,1789018549011
2231356,3,PROCESSED,1789018549148
2231357,1,INITIATED,1789018549002
2231357,2,VALIDATED,1789018549011
2231357,3,PROCESSED,1789018549148
2231358,1,INITIATED,1789018549001
2231358,2,VALIDATED,1789018549011
2231358,3,PROCESSED,1789018549147
2231359,1,INITIATED,1789018549004
2231359,2,VALIDATED,1789018549142
2231359,3,PROCESSED,1789018549157
2231360,1,INITIATED,1789018549002
2231360,2,VALIDATED,1789018549011
2231360,3,PROCESSED,1789018549147
2231361,1,INITIATED,1789018549003
2231361,2,VALIDATED,1789018549142
2231361,3,PROCESSED,1789018549157
2231362,1,INITIATED,1789018549001
2231362,2,VALIDATED,1789018549011
2231362,3,PROCESSED,1789018549147
2231363,1,INITIATED,1789018549002
2231363,2,VALIDATED,1789018549011
2231363,3,PROCESSED,1789018549148
2231364,1,INITIATED,1789018549141
2231364,2,VALIDATED,1789018549154
2231364,3,PROCESSED,1789018549205
2231365,1,INITIATED,1789018549139
2231365,2,VALIDATED,1789018549148
2231365,3,PROCESSED,1789018549200
2231366,1,INITIATED,1789018549139
2231366,2,VALIDATED,1789018549148
2231366,3,PROCESSED,1789018549201
2231367,1,INITIATED,1789018549139
2231367,2,VALIDATED,1789018549154
2231367,3,PROCESSED,1789018549206
2231368,1,INITIATED,1789018549143
2231368,2,VALIDATED,1789018549154
2231368,3,PROCESSED,1789018549205
2231369,1,INITIATED,1789018549142
2231369,2,VALIDATED,1789018549154
2231369,3,PROCESSED,1789018549205
2231370,1,INITIATED,1789018549141
2231370,2,VALIDATED,1789018549154
2231370,3,PROCESSED,1789018549205
2231371,1,INITIATED,1789018549195
2231371,2,VALIDATED,1789018549213
2231371,3,PROCESSED,1789018549221
2231372,1,INITIATED,1789018549195
2231372,2,VALIDATED,1789018549213
2231372,3,PROCESSED,1789018549221
2231373,1,INITIATED,1789018549197
2231373,2,VALIDATED,1789018549213
2231373,3,PROCESSED,1789018549221
2231374,1,INITIATED,1789018549217
2231374,2,VALIDATED,1789018549222
2231374,3,PROCESSED,1789018549231
2231375,1,INITIATED,1789018549237
2231375,2,VALIDATED,1789018549241
2231375,3,PROCESSED,1789018549249
2231376,1,INITIATED,1789018549257
2231376,2,VALIDATED,1789018549261
2231376,3,PROCESSED,1789018549267
2231377,1,INITIATED,1789018549277
2231377,2,VALIDATED,1789018549282
2231377,3,PROCESSED,1789018549290
2231378,1,INITIATED,1789018549297
2231378,2,VALIDATED,1789018549303
2231378,3,PROCESSED,1789018549312
2231379,1,INITIATED,1789018549317
2231379,2,VALIDATED,1789018549321
2231379,3,PROCESSED,1789018549327
2231380,1,INITIATED,1789018549337
2231380,2,VALIDATED,1789018549342
2231380,3,PROCESSED,1789018549348
2231381,1,INITIATED,1789018549358
2231381,2,VALIDATED,1789018549363
2231381,3,PROCESSED,1789018549369
2231382,1,INITIATED,1789018549377
2231382,2,VALIDATED,1789018549382
2231382,3,PROCESSED,1789018549389
2231383,1,INITIATED,1789018549397
2231383,2,VALIDATED,1789018549401
2231383,3,PROCESSED,1789018549407
2231384,1,INITIATED,1789018549417
2231384,2,VALIDATED,1789018549421
2231384,3,PROCESSED,1789018549428
2231385,1,INITIATED,1789018549557
2231385,2,VALIDATED,1789018549565
2231385,3,PROCESSED,1789018549641
2231386,1,INITIATED,1789018549556
2231386,2,VALIDATED,1789018549564
2231386,3,PROCESSED,1789018549578
2231387,1,INITIATED,1789018549556
2231387,2,VALIDATED,1789018549564
2231387,3,PROCESSED,1789018549578
2231388,1,INITIATED,1789018549556
2231388,2,VALIDATED,1789018549564
2231388,3,PROCESSED,1789018549578
2231389,1,INITIATED,1789018549556
2231389,2,VALIDATED,1789018549565
2231389,3,PROCESSED,1789018549641
2231390,1,INITIATED,1789018549556
2231390,2,VALIDATED,1789018549565
2231390,3,PROCESSED,1789018549641
2231391,1,INITIATED,1789018549558
2231391,2,VALIDATED,1789018549569
2231391,3,PROCESSED,1789018549642
2231392,1,INITIATED,1789018549576
2231392,2,VALIDATED,1789018549858
2231392,3,PROCESSED,1789018549881
2231393,1,INITIATED,1789018549636
2231393,2,VALIDATED,1789018549860
2231393,3,PROCESSED,1789018549939
2231394,1,INITIATED,1789018549636
2231394,2,VALIDATED,1789018549860
2231394,3,PROCESSED,1789018549937
2231395,1,INITIATED,1789018549637
2231395,2,VALIDATED,1789018549859
2231395,3,REJECTED,1789018549878
2231396,1,INITIATED,1789018549860
2231396,2,VALIDATED,1789018549879
2231396,3,REJECTED,1789018549948
2231397,1,INITIATED,1789018549859
2231397,2,VALIDATED,1789018549877
2231397,3,REJECTED,1789018549948
2231398,1,INITIATED,1789018549859
2231398,2,VALIDATED,1789018549878
2231398,3,REJECTED,1789018549948
2231399,1,INITIATED,1789018549860
2231399,2,VALIDATED,1789018549879
2231399,3,PROCESSED,1789018549950
2231400,1,INITIATED,1789018549858
2231400,2,VALIDATED,1789018549878
2231400,3,PROCESSED,1789018549950
2231401,1,INITIATED,1789018549860
2231401,2,VALIDATED,1789018549879
2231401,3,PROCESSED,1789018549951
2231402,1,INITIATED,1789018549858
2231402,2,VALIDATED,1789018549878
2231402,3,PROCESSED,1789018549951
2231403,1,INITIATED,1789018549860
2231403,2,VALIDATED,1789018549879
2231403,3,PROCESSED,1789018549950
2231404,1,INITIATED,1789018549859
2231404,2,VALIDATED,1789018549879
2231404,3,PROCESSED,1789018549951
2231405,1,INITIATED,1789018549858
2231405,2,VALIDATED,1789018549877
2231405,3,PROCESSED,1789018549950
2231406,1,INITIATED,1789018549858
2231406,2,VALIDATED,1789018549878
2231406,3,PROCESSED,1789018549950
2231407,1,INITIATED,1789018549877
2231407,2,VALIDATED,1789018549948
2231407,3,PROCESSED,1789018549955
2231408,1,INITIATED,1789018549937
2231408,2,VALIDATED,1789018549953
2231408,3,PROCESSED,1789018549960
2231409,1,INITIATED,1789018549937
2231409,2,VALIDATED,1789018549953
2231409,3,PROCESSED,1789018549960
2231410,1,INITIATED,1789018549937
2231410,2,VALIDATED,1789018549953
2231410,3,PROCESSED,1789018549960
2231411,1,INITIATED,1789018549957
2231411,2,VALIDATED,1789018549961
2231411,3,PROCESSED,1789018549966
2231412,1,INITIATED,1789018549977
2231412,2,VALIDATED,1789018549982
2231412,3,PROCESSED,1789018549987
2231413,1,INITIATED,1789018549997
2231413,2,VALIDATED,1789018550000
2231413,3,PROCESSED,1789018550007
2231414,1,INITIATED,1789018550017
2231414,2,VALIDATED,1789018550021
2231414,3,PROCESSED,1789018550026
2231415,1,INITIATED,1789018550037
2231415,2,VALIDATED,1789018550040
2231415,3,PROCESSED,1789018550045
2231416,1,INITIATED,1789018550057
2231416,2,VALIDATED,1789018550061
2231416,3,PROCESSED,1789018550066
2231417,1,INITIATED,1789018550077
2231417,2,VALIDATED,1789018550081
2231417,3,PROCESSED,1789018550085
2231418,1,INITIATED,1789018550097
2231418,2,VALIDATED,1789018550106
2231418,3,PROCESSED,1789018550111
2231419,1,INITIATED,1789018550117
2231419,2,VALIDATED,1789018550120
2231419,3,PROCESSED,1789018550125
2231420,1,INITIATED,1789018550137
2231420,2,VALIDATED,1789018550141
2231420,3,PROCESSED,1789018550145
2231421,1,INITIATED,1789018550157
2231421,2,VALIDATED,1789018550161
2231421,3,PROCESSED,1789018550164
2231422,1,INITIATED,1789018550177
2231422,2,VALIDATED,1789018550180
2231422,3,PROCESSED,1789018550186
2231423,1,INITIATED,1789018550196
2231423,2,VALIDATED,1789018550200
2231423,3,PROCESSED,1789018550204
2231424,1,INITIATED,1789018550217
2231424,2,VALIDATED,1789018550221
2231424,3,PROCESSED,1789018550225
2231425,1,INITIATED,1789018550237
2231425,2,VALIDATED,1789018550243
2231425,3,PROCESSED,1789018550247
2231426,1,INITIATED,1789018550257
2231426,2,VALIDATED,1789018550261
2231426,3,PROCESSED,1789018550265
2231427,1,INITIATED,1789018550276
2231427,2,VALIDATED,1789018550280
2231427,3,PROCESSED,1789018550285
2231428,1,INITIATED,1789018550296
2231428,2,VALIDATED,1789018550300
2231428,3,PROCESSED,1789018550304
2231429,1,INITIATED,1789018550317
2231429,2,VALIDATED,1789018550321
2231429,3,PROCESSED,1789018550325
2231430,1,INITIATED,1789018550337
2231430,2,VALIDATED,1789018550341
2231430,3,PROCESSED,1789018550346
2231431,1,INITIATED,1789018550357
2231431,2,VALIDATED,1789018550361
2231431,3,PROCESSED,1789018550365
2231432,1,INITIATED,1789018550377
2231432,2,VALIDATED,1789018550381
2231432,3,PROCESSED,1789018550385
2231433,1,INITIATED,1789018550396
2231433,2,VALIDATED,1789018550404
2231433,3,PROCESSED,1789018550408
2231434,1,INITIATED,1789018550416
2231434,2,VALIDATED,1789018550419
2231434,3,PROCESSED,1789018550423
2231435,1,INITIATED,1789018550623
2231435,2,VALIDATED,1789018550633
2231435,3,PROCESSED,1789018550866
2231436,1,INITIATED,1789018550623
2231436,2,VALIDATED,1789018550632
2231436,3,PROCESSED,1789018550864
2231437,1,INITIATED,1789018550624
2231437,2,VALIDATED,1789018550632
2231437,3,PROCESSED,1789018550865
2231438,1,INITIATED,1789018550623
2231438,2,VALIDATED,1789018550632
2231438,3,PROCESSED,1789018550863
2231439,1,INITIATED,1789018550623
2231439,2,VALIDATED,1789018550632
2231439,3,PROCESSED,1789018550865
2231440,1,INITIATED,1789018550624
2231440,2,VALIDATED,1789018550632
2231440,3,PROCESSED,1789018550862
2231441,1,INITIATED,1789018550623
2231441,2,VALIDATED,1789018550633
2231441,3,PROCESSED,1789018550867
2231442,1,INITIATED,1789018550623
2231442,2,VALIDATED,1789018550633
2231442,3,PROCESSED,1789018550866
2231443,1,INITIATED,1789018550624
2231443,2,VALIDATED,1789018550633
2231443,3,PROCESSED,1789018550863
2231444,1,INITIATED,1789018550623
2231444,2,VALIDATED,1789018550628
2231444,3,PROCESSED,1789018550681
2231445,1,INITIATED,1789018550678
2231445,2,VALIDATED,1789018550866
2231445,3,PROCESSED,1789018550953
2231446,1,INITIATED,1789018550678
2231446,2,VALIDATED,1789018550865
2231446,3,PROCESSED,1789018550953
2231447,1,INITIATED,1789018550678
2231447,2,VALIDATED,1789018550865
2231447,3,PROCESSED,1789018550953
2231448,1,INITIATED,1789018550863
2231448,2,VALIDATED,1789018550876
2231448,3,PROCESSED,1789018550962
2231449,1,INITIATED,1789018550863
2231449,2,VALIDATED,1789018550875
2231449,3,PROCESSED,1789018550962
2231450,1,INITIATED,1789018550865
2231450,2,VALIDATED,1789018550951
2231450,3,PROCESSED,1789018550969
2231451,1,INITIATED,1789018550864
2231451,2,VALIDATED,1789018550876
2231451,3,PROCESSED,1789018550962
2231452,1,INITIATED,1789018550862
2231452,2,VALIDATED,1789018550876
2231452,3,PROCESSED,1789018550962
2231453,1,INITIATED,1789018550864
2231453,2,VALIDATED,1789018550876
2231453,3,PROCESSED,1789018550962
2231454,1,INITIATED,1789018550866
2231454,2,VALIDATED,1789018550952
2231454,3,PROCESSED,1789018550969
2231455,1,INITIATED,1789018550866
2231455,2,VALIDATED,1789018550952
2231455,3,PROCESSED,1789018550969
2231456,1,INITIATED,1789018550866
2231456,2,VALIDATED,1789018550951
2231456,3,PROCESSED,1789018550969
2231457,1,INITIATED,1789018550877
2231457,2,VALIDATED,1789018550960
2231457,3,PROCESSED,1789018550970
2231458,1,INITIATED,1789018550949
2231458,2,VALIDATED,1789018550967
2231458,3,PROCESSED,1789018550978
2231459,1,INITIATED,1789018550949
2231459,2,VALIDATED,1789018550967
2231459,3,PROCESSED,1789018550979
2231460,1,INITIATED,1789018550949
2231460,2,VALIDATED,1789018550967
2231460,3,PROCESSED,1789018550981
2231461,1,INITIATED,1789018550957
2231461,2,VALIDATED,1789018550969
2231461,3,PROCESSED,1789018550981
2231462,1,INITIATED,1789018550976
2231462,2,VALIDATED,1789018550980
2231462,3,PROCESSED,1789018550986
2231463,1,INITIATED,1789018550997
2231463,2,VALIDATED,1789018551001
2231463,3,PROCESSED,1789018551008
2231464,1,INITIATED,1789018551017
2231464,2,VALIDATED,1789018551021
2231464,3,PROCESSED,1789018551027
2231465,1,INITIATED,1789018551036
2231465,2,VALIDATED,1789018551040
2231465,3,PROCESSED,1789018551047
2231466,1,INITIATED,1789018551057
2231466,2,VALIDATED,1789018551061
2231466,3,PROCESSED,1789018551066
2231467,1,INITIATED,1789018551077
2231467,2,VALIDATED,1789018551083
2231467,3,PROCESSED,1789018551089
2231468,1,INITIATED,1789018551097
2231468,2,VALIDATED,1789018551103
2231468,3,PROCESSED,1789018551110
2231469,1,INITIATED,1789018551117
2231469,2,VALIDATED,1789018551121
2231469,3,PROCESSED,1789018551127
2231470,1,INITIATED,1789018551136
2231470,2,VALIDATED,1789018551141
2231470,3,PROCESSED,1789018551146
2231471,1,INITIATED,1789018551157
2231471,2,VALIDATED,1789018551161
2231471,3,PROCESSED,1789018551167
2231472,1,INITIATED,1789018551177
2231472,2,VALIDATED,1789018551181
2231472,3,PROCESSED,1789018551187
2231473,1,INITIATED,1789018551197
2231473,2,VALIDATED,1789018551212
2231473,3,PROCESSED,1789018551219
2231474,1,INITIATED,1789018551217
2231474,2,VALIDATED,1789018551224
2231474,3,PROCESSED,1789018551231
2231475,1,INITIATED,1789018551237
2231475,2,VALIDATED,1789018551242
2231475,3,PROCESSED,1789018551249
2231476,1,INITIATED,1789018551257
2231476,2,VALIDATED,1789018551262
2231476,3,PROCESSED,1789018551275
2231477,1,INITIATED,1789018551277
2231477,2,VALIDATED,1789018551282
2231477,3,PROCESSED,1789018551287
2231478,1,INITIATED,1789018551297
2231478,2,VALIDATED,1789018551301
2231478,3,PROCESSED,1789018551307
2231479,1,INITIATED,1789018551317
2231479,2,VALIDATED,1789018551321
2231479,3,PROCESSED,1789018551326
2231480,1,INITIATED,1789018551337
2231480,2,VALIDATED,1789018551342
2231480,3,PROCESSED,1789018551347
2231481,1,INITIATED,1789018551357
2231481,2,VALIDATED,1789018551362
2231481,3,PROCESSED,1789018551367
2231482,1,INITIATED,1789018551377
2231482,2,VALIDATED,1789018551383
2231482,3,PROCESSED,1789018551389
2231483,1,INITIATED,1789018551397
2231483,2,VALIDATED,1789018551402
2231483,3,PROCESSED,1789018551407
2231484,1,INITIATED,1789018551417
2231484,2,VALIDATED,1789018551421
2231484,3,PROCESSED,1789018551427
2231485,1,INITIATED,1789018551437
2231485,2,VALIDATED,1789018551554
2231485,3,PROCESSED,1789018551562
2231486,1,INITIATED,1789018551553
2231486,2,VALIDATED,1789018551560
2231486,3,PROCESSED,1789018551603
2231487,1,INITIATED,1789018551553
2231487,2,VALIDATED,1789018551560
2231487,3,PROCESSED,1789018551603
2231488,1,INITIATED,1789018551553
2231488,2,VALIDATED,1789018551560
2231488,3,PROCESSED,1789018551603
2231489,1,INITIATED,1789018551553
2231489,2,VALIDATED,1789018551560
2231489,3,PROCESSED,1789018551603
2231490,1,INITIATED,1789018551553
2231490,2,VALIDATED,1789018551560
2231490,3,PROCESSED,1789018551604
2231491,1,INITIATED,1789018551557
2231491,2,VALIDATED,1789018551594
2231491,3,PROCESSED,1789018551712
2231492,1,INITIATED,1789018551591
2231492,2,VALIDATED,1789018551710
2231492,3,PROCESSED,1789018551721
2231493,1,INITIATED,1789018551602
2231493,2,VALIDATED,1789018551710
2231493,3,PROCESSED,1789018551721
2231494,1,INITIATED,1789018551709
2231494,2,VALIDATED,1789018551719
2231494,3,PROCESSED,1789018551790
2231495,1,INITIATED,1789018551709
2231495,2,VALIDATED,1789018551720
2231495,3,REJECTED,1789018551788
2231496,1,INITIATED,1789018551710
2231496,2,VALIDATED,1789018551719
2231496,3,REJECTED,1789018551788
2231497,1,INITIATED,1789018551709
2231497,2,VALIDATED,1789018551719
2231497,3,REJECTED,1789018551788
2231498,1,INITIATED,1789018551709
2231498,2,VALIDATED,1789018551719
2231498,3,REJECTED,1789018551788
2231499,1,INITIATED,1789018551717
2231499,2,VALIDATED,1789018551788
2231499,3,PROCESSED,1789018551796
2231500,1,INITIATED,1789018551737
2231500,2,VALIDATED,1789018551792
2231500,3,PROCESSED,1789018551797
2231501,1,INITIATED,1789018551758
2231501,2,VALIDATED,1789018551792
2231501,3,PROCESSED,1789018551797
2231502,1,INITIATED,1789018551777
2231502,2,VALIDATED,1789018551792
2231502,3,PROCESSED,1789018551797
2231503,1,INITIATED,1789018551797
2231503,2,VALIDATED,1789018551803
2231503,3,PROCESSED,1789018551808
2231504,1,INITIATED,1789018551817
2231504,2,VALIDATED,1789018551820
2231504,3,PROCESSED,1789018551827
2231505,1,INITIATED,1789018551837
2231505,2,VALIDATED,1789018551840
2231505,3,PROCESSED,1789018551847
2231506,1,INITIATED,1789018551857
2231506,2,VALIDATED,1789018551861
2231506,3,PROCESSED,1789018551866
2231507,1,INITIATED,1789018551877
2231507,2,VALIDATED,1789018551883
2231507,3,PROCESSED,1789018551889
2231508,1,INITIATED,1789018551897
2231508,2,VALIDATED,1789018551900
2231508,3,PROCESSED,1789018551905
2231509,1,INITIATED,1789018551917
2231509,2,VALIDATED,1789018551925
2231509,3,PROCESSED,1789018551935
2231510,1,INITIATED,1789018551943
2231510,2,VALIDATED,1789018551950
2231510,3,PROCESSED,1789018551954
2231511,1,INITIATED,1789018551957
2231511,2,VALIDATED,1789018551960
2231511,3,PROCESSED,1789018551965
2231512,1,INITIATED,1789018551977
2231512,2,VALIDATED,1789018551981
2231512,3,PROCESSED,1789018551985
2231513,1,INITIATED,1789018551997
2231513,2,VALIDATED,1789018552002
2231513,3,PROCESSED,1789018552006
2231514,1,INITIATED,1789018552017
2231514,2,VALIDATED,1789018552021
2231514,3,PROCESSED,1789018552026
2231515,1,INITIATED,1789018552036
2231515,2,VALIDATED,1789018552040
2231515,3,PROCESSED,1789018552044
2231516,1,INITIATED,1789018552056
2231516,2,VALIDATED,1789018552060
2231516,3,PROCESSED,1789018552065
2231517,1,INITIATED,1789018552077
2231517,2,VALIDATED,1789018552080
2231517,3,PROCESSED,1789018552084
2231518,1,INITIATED,1789018552097
2231518,2,VALIDATED,1789018552101
2231518,3,PROCESSED,1789018552107
2231519,1,INITIATED,1789018552116
2231519,2,VALIDATED,1789018552120
2231519,3,PROCESSED,1789018552124
2231520,1,INITIATED,1789018552136
2231520,2,VALIDATED,1789018552140
2231520,3,PROCESSED,1789018552144
2231521,1,INITIATED,1789018552157
2231521,2,VALIDATED,1789018552162
2231521,3,PROCESSED,1789018552167
2231522,1,INITIATED,1789018552177
2231522,2,VALIDATED,1789018552181
2231522,3,PROCESSED,1789018552185
2231523,1,INITIATED,1789018552197
2231523,2,VALIDATED,1789018552201
2231523,3,PROCESSED,1789018552207
2231524,1,INITIATED,1789018552217
2231524,2,VALIDATED,1789018552221
2231524,3,PROCESSED,1789018552226
2231525,1,INITIATED,1789018552237
2231525,2,VALIDATED,1789018552241
2231525,3,PROCESSED,1789018552245
2231526,1,INITIATED,1789018552257
2231526,2,VALIDATED,1789018552261
2231526,3,PROCESSED,1789018552266
2231527,1,INITIATED,1789018552277
2231527,2,VALIDATED,1789018552281
2231527,3,PROCESSED,1789018552287
2231528,1,INITIATED,1789018552297
2231528,2,VALIDATED,1789018552301
2231528,3,PROCESSED,1789018552306
2231529,1,INITIATED,1789018552317
2231529,2,VALIDATED,1789018552321
2231529,3,PROCESSED,1789018552326
2231530,1,INITIATED,1789018552336
2231530,2,VALIDATED,1789018552341
2231530,3,PROCESSED,1789018552346
2231531,1,INITIATED,1789018552356
2231531,2,VALIDATED,1789018552361
2231531,3,PROCESSED,1789018552366
2231532,1,INITIATED,1789018552377
2231532,2,VALIDATED,1789018552383
2231532,3,PROCESSED,1789018552387
2231533,1,INITIATED,1789018552397
2231533,2,VALIDATED,1789018552400
2231533,3,PROCESSED,1789018552406
2231534,1,INITIATED,1789018552417
2231534,2,VALIDATED,1789018552422
2231534,3,PROCESSED,1789018552428
2231535,1,INITIATED,1789018552437
2231535,2,VALIDATED,1789018552516
2231535,3,PROCESSED,1789018552523
2231536,1,INITIATED,1789018552516
2231536,2,VALIDATED,1789018552521
2231536,3,PROCESSED,1789018552532
2231537,1,INITIATED,1789018552516
2231537,2,VALIDATED,1789018552521
2231537,3,PROCESSED,1789018552532
2231538,1,INITIATED,1789018552516
2231538,2,VALIDATED,1789018552521
2231538,3,PROCESSED,1789018552532
2231539,1,INITIATED,1789018552518
2231539,2,VALIDATED,1789018552524
2231539,3,PROCESSED,1789018552537
2231540,1,INITIATED,1789018552536
2231540,2,VALIDATED,1789018552742
2231540,3,PROCESSED,1789018552753
2231541,1,INITIATED,1789018552561
2231541,2,VALIDATED,1789018552742
2231541,3,PROCESSED,1789018552753
2231542,1,INITIATED,1789018552741
2231542,2,VALIDATED,1789018552751
2231542,3,PROCESSED,1789018552840
2231543,1,INITIATED,1789018552742
2231543,2,VALIDATED,1789018552751
2231543,3,PROCESSED,1789018552840
2231544,1,INITIATED,1789018552742
2231544,2,VALIDATED,1789018552751
2231544,3,PROCESSED,1789018552840
2231545,1,INITIATED,1789018552742
2231545,2,VALIDATED,1789018552750
2231545,3,PROCESSED,1789018552840
2231546,1,INITIATED,1789018552743
2231546,2,VALIDATED,1789018552751
2231546,3,PROCESSED,1789018552840
2231547,1,INITIATED,1789018552742
2231547,2,VALIDATED,1789018552751
2231547,3,PROCESSED,1789018552840
2231548,1,INITIATED,1789018552742
2231548,2,VALIDATED,1789018552750
2231548,3,PROCESSED,1789018552840
2231549,1,INITIATED,1789018552741
2231549,2,VALIDATED,1789018552747
2231549,3,PROCESSED,1789018552840
2231550,1,INITIATED,1789018552741
2231550,2,VALIDATED,1789018552750
2231550,3,PROCESSED,1789018552840
2231551,1,INITIATED,1789018552756
2231551,2,VALIDATED,1789018552854
2231551,3,PROCESSED,1789018552871
2231552,1,INITIATED,1789018552777
2231552,2,VALIDATED,1789018552854
2231552,3,PROCESSED,1789018552872
2231553,1,INITIATED,1789018552798
2231553,2,VALIDATED,1789018552854
2231553,3,PROCESSED,1789018552872
2231554,1,INITIATED,1789018552818
2231554,2,VALIDATED,1789018552854
2231554,3,PROCESSED,1789018552872
2231555,1,INITIATED,1789018552837
2231555,2,VALIDATED,1789018552854
2231555,3,PROCESSED,1789018552872
2231556,1,INITIATED,1789018552857
2231556,2,VALIDATED,1789018552870
2231556,3,PROCESSED,1789018552890
2231557,1,INITIATED,1789018552877
2231557,2,VALIDATED,1789018552888
2231557,3,PROCESSED,1789018552895
2231558,1,INITIATED,1789018552897
2231558,2,VALIDATED,1789018552909
2231558,3,PROCESSED,1789018552914
2231559,1,INITIATED,1789018552917
2231559,2,VALIDATED,1789018552929
2231559,3,PROCESSED,1789018552934
2231560,1,INITIATED,1789018552937
2231560,2,VALIDATED,1789018552941
2231560,3,PROCESSED,1789018552946
2231561,1,INITIATED,1789018552957
2231561,2,VALIDATED,1789018552962
2231561,3,PROCESSED,1789018552968
2231562,1,INITIATED,1789018552977
2231562,2,VALIDATED,1789018552981
2231562,3,PROCESSED,1789018553000
2231563,1,INITIATED,1789018552997
2231563,2,VALIDATED,1789018553000
2231563,3,PROCESSED,1789018553006
2231564,1,INITIATED,1789018553017
2231564,2,VALIDATED,1789018553021
2231564,3,PROCESSED,1789018553026
2231565,1,INITIATED,1789018553037
2231565,2,VALIDATED,1789018553041
2231565,3,PROCESSED,1789018553046
2231566,1,INITIATED,1789018553057
2231566,2,VALIDATED,1789018553062
2231566,3,PROCESSED,1789018553067
2231567,1,INITIATED,1789018553077
2231567,2,VALIDATED,1789018553081
2231567,3,PROCESSED,1789018553085
2231568,1,INITIATED,1789018553097
2231568,2,VALIDATED,1789018553101
2231568,3,PROCESSED,1789018553106
2231569,1,INITIATED,1789018553117
2231569,2,VALIDATED,1789018553121
2231569,3,PROCESSED,1789018553126
2231570,1,INITIATED,1789018553137
2231570,2,VALIDATED,1789018553142
2231570,3,PROCESSED,1789018553147
2231571,1,INITIATED,1789018553158
2231571,2,VALIDATED,1789018553162
2231571,3,PROCESSED,1789018553167
2231572,1,INITIATED,1789018553177
2231572,2,VALIDATED,1789018553182
2231572,3,PROCESSED,1789018553201
2231573,1,INITIATED,1789018553197
2231573,2,VALIDATED,1789018553202
2231573,3,PROCESSED,1789018553207
2231574,1,INITIATED,1789018553216
2231574,2,VALIDATED,1789018553221
2231574,3,PROCESSED,1789018553226
2231575,1,INITIATED,1789018553237
2231575,2,VALIDATED,1789018553241
2231575,3,PROCESSED,1789018553246
2231576,1,INITIATED,1789018553257
2231576,2,VALIDATED,1789018553262
2231576,3,PROCESSED,1789018553266
2231577,1,INITIATED,1789018553277
2231577,2,VALIDATED,1789018553282
2231577,3,PROCESSED,1789018553287
2231578,1,INITIATED,1789018553297
2231578,2,VALIDATED,1789018553302
2231578,3,PROCESSED,1789018553307
2231579,1,INITIATED,1789018553316
2231579,2,VALIDATED,1789018553320
2231579,3,PROCESSED,1789018553325
2231580,1,INITIATED,1789018553337
2231580,2,VALIDATED,1789018553341
2231580,3,PROCESSED,1789018553346
2231581,1,INITIATED,1789018553356
2231581,2,VALIDATED,1789018553359
2231581,3,PROCESSED,1789018553363
2231582,1,INITIATED,1789018553377
2231582,2,VALIDATED,1789018553381
2231582,3,PROCESSED,1789018553385
2231583,1,INITIATED,1789018553397
2231583,2,VALIDATED,1789018553401
2231583,3,PROCESSED,1789018553405
2231584,1,INITIATED,1789018553417
2231584,2,VALIDATED,1789018553420
2231584,3,PROCESSED,1789018553425
2231585,1,INITIATED,1789018553437
2231585,2,VALIDATED,1789018553442
2231585,3,PROCESSED,1789018553563
2231586,1,INITIATED,1789018553559
2231586,2,VALIDATED,1789018553563
2231586,3,PROCESSED,1789018553571
2231587,1,INITIATED,1789018553559
2231587,2,VALIDATED,1789018553563
2231587,3,PROCESSED,1789018553571
2231588,1,INITIATED,1789018553559
2231588,2,VALIDATED,1789018553564
2231588,3,PROCESSED,1789018553571
2231589,1,INITIATED,1789018553559
2231589,2,VALIDATED,1789018553564
2231589,3,PROCESSED,1789018553571
2231590,1,INITIATED,1789018553559
2231590,2,VALIDATED,1789018553564
2231590,3,PROCESSED,1789018553571
2231591,1,INITIATED,1789018553559
2231591,2,VALIDATED,1789018553564
2231591,3,PROCESSED,1789018553571
2231592,1,INITIATED,1789018553579
2231592,2,VALIDATED,1789018553681
2231592,3,PROCESSED,1789018553965
2231593,1,INITIATED,1789018553678
2231593,2,VALIDATED,1789018553682
2231593,3,PROCESSED,1789018553962
2231594,1,INITIATED,1789018553678
2231594,2,VALIDATED,1789018553682
2231594,3,PROCESSED,1789018553962
2231595,1,INITIATED,1789018553678
2231595,2,VALIDATED,1789018553682
2231595,3,REJECTED,1789018553959
2231596,1,INITIATED,1789018553678
2231596,2,VALIDATED,1789018553682
2231596,3,REJECTED,1789018553959
2231597,1,INITIATED,1789018553678
2231597,2,VALIDATED,1789018553682
2231597,3,REJECTED,1789018553959
2231598,1,INITIATED,1789018553964
2231598,2,VALIDATED,1789018554079
2231598,3,REJECTED,1789018554096
2231599,1,INITIATED,1789018553962
2231599,2,VALIDATED,1789018554079
2231599,3,PROCESSED,1789018554099
2231600,1,INITIATED,1789018553965
2231600,2,VALIDATED,1789018554078
2231600,3,PROCESSED,1789018554099
2231601,1,INITIATED,1789018553964
2231601,2,VALIDATED,1789018554079
2231601,3,PROCESSED,1789018554097
2231602,1,INITIATED,1789018553964
2231602,2,VALIDATED,1789018554078
2231602,3,PROCESSED,1789018554098
2231603,1,INITIATED,1789018553958
2231603,2,VALIDATED,1789018553965
2231603,3,PROCESSED,1789018554080
2231604,1,INITIATED,1789018553964
2231604,2,VALIDATED,1789018554078
2231604,3,PROCESSED,1789018554099
2231605,1,INITIATED,1789018553963
2231605,2,VALIDATED,1789018554079
2231605,3,PROCESSED,1789018554097
2231606,1,INITIATED,1789018553962
2231606,2,VALIDATED,1789018554094
2231606,3,PROCESSED,1789018554112
2231607,1,INITIATED,1789018553963
2231607,2,VALIDATED,1789018554079
2231607,3,PROCESSED,1789018554097
2231608,1,INITIATED,1789018553958
2231608,2,VALIDATED,1789018553965
2231608,3,PROCESSED,1789018554080
2231609,1,INITIATED,1789018553964
2231609,2,VALIDATED,1789018554079
2231609,3,PROCESSED,1789018554099
2231610,1,INITIATED,1789018553965
2231610,2,VALIDATED,1789018554079
2231610,3,PROCESSED,1789018554099
2231611,1,INITIATED,1789018553963
2231611,2,VALIDATED,1789018554078
2231611,3,PROCESSED,1789018554098
2231612,1,INITIATED,1789018554044
2231612,2,VALIDATED,1789018554095
2231612,3,PROCESSED,1789018554112
2231613,1,INITIATED,1789018554044
2231613,2,VALIDATED,1789018554094
2231613,3,PROCESSED,1789018554113
2231614,1,INITIATED,1789018554044
2231614,2,VALIDATED,1789018554094
2231614,3,PROCESSED,1789018554113
2231615,1,INITIATED,1789018554044
2231615,2,VALIDATED,1789018554095
2231615,3,PROCESSED,1789018554112
2231616,1,INITIATED,1789018554057
2231616,2,VALIDATED,1789018554094
2231616,3,PROCESSED,1789018554113
2231617,1,INITIATED,1789018554078
2231617,2,VALIDATED,1789018554094
2231617,3,PROCESSED,1789018554112
2231618,1,INITIATED,1789018554097
2231618,2,VALIDATED,1789018554111
2231618,3,PROCESSED,1789018554130
2231619,1,INITIATED,1789018554116
2231619,2,VALIDATED,1789018554129
2231619,3,PROCESSED,1789018554146
2231620,1,INITIATED,1789018554137
2231620,2,VALIDATED,1789018554145
2231620,3,PROCESSED,1789018554150
2231621,1,INITIATED,1789018554156
2231621,2,VALIDATED,1789018554167
2231621,3,PROCESSED,1789018554171
2231622,1,INITIATED,1789018554176
2231622,2,VALIDATED,1789018554187
2231622,3,PROCESSED,1789018554191
2231623,1,INITIATED,1789018554197
2231623,2,VALIDATED,1789018554205
2231623,3,PROCESSED,1789018554210
2231624,1,INITIATED,1789018554217
2231624,2,VALIDATED,1789018554219
2231624,3,PROCESSED,1789018554224
2231625,1,INITIATED,1789018554237
2231625,2,VALIDATED,1789018554241
2231625,3,PROCESSED,1789018554245
2231626,1,INITIATED,1789018554257
2231626,2,VALIDATED,1789018554260
2231626,3,PROCESSED,1789018554264
2231627,1,INITIATED,1789018554276
2231627,2,VALIDATED,1789018554280
2231627,3,PROCESSED,1789018554284
2231628,1,INITIATED,1789018554297
2231628,2,VALIDATED,1789018554300
2231628,3,PROCESSED,1789018554304
2231629,1,INITIATED,1789018554317
2231629,2,VALIDATED,1789018554322
2231629,3,PROCESSED,1789018554326
2231630,1,INITIATED,1789018554337
2231630,2,VALIDATED,1789018554341
2231630,3,PROCESSED,1789018554346
2231631,1,INITIATED,1789018554356
2231631,2,VALIDATED,1789018554360
2231631,3,PROCESSED,1789018554365
2231632,1,INITIATED,1789018554376
2231632,2,VALIDATED,1789018554380
2231632,3,PROCESSED,1789018554385
2231633,1,INITIATED,1789018554397
2231633,2,VALIDATED,1789018554401
2231633,3,PROCESSED,1789018554406
2231634,1,INITIATED,1789018554416
2231634,2,VALIDATED,1789018554420
2231634,3,PROCESSED,1789018554425
2231635,1,INITIATED,1789018554436
2231635,2,VALIDATED,1789018554561
2231635,3,PROCESSED,1789018554681
2231636,1,INITIATED,1789018554560
2231636,2,VALIDATED,1789018554675
2231636,3,PROCESSED,1789018554682
2231637,1,INITIATED,1789018554560
2231637,2,VALIDATED,1789018554676
2231637,3,PROCESSED,1789018554682
2231638,1,INITIATED,1789018554560
2231638,2,VALIDATED,1789018554675
2231638,3,PROCESSED,1789018554682
2231639,1,INITIATED,1789018554560
2231639,2,VALIDATED,1789018554675
2231639,3,PROCESSED,1789018554682
2231640,1,INITIATED,1789018554560
2231640,2,VALIDATED,1789018554675
2231640,3,PROCESSED,1789018554682
2231641,1,INITIATED,1789018554560
2231641,2,VALIDATED,1789018554675
2231641,3,PROCESSED,1789018554682
2231642,1,INITIATED,1789018554577
2231642,2,VALIDATED,1789018554679
2231642,3,PROCESSED,1789018557146
2231643,1,INITIATED,1789018554675
2231643,2,VALIDATED,1789018554681
2231643,3,PROCESSED,1789018557145
2231644,1,INITIATED,1789018554675
2231644,2,VALIDATED,1789018554680
2231644,3,PROCESSED,1789018557145
2231645,1,INITIATED,1789018554675
2231645,2,VALIDATED,1789018554680
2231645,3,PROCESSED,1789018557146
2231646,1,INITIATED,1789018554675
2231646,2,VALIDATED,1789018554679
2231646,3,PROCESSED,1789018557146
2231647,1,INITIATED,1789018554677
2231647,2,VALIDATED,1789018557141
2231647,3,PROCESSED,1789018559031
2231648,1,INITIATED,1789018557138
2231648,2,VALIDATED,1789018557747
2231648,3,PROCESSED,1789018558040
2231649,1,INITIATED,1789018557143
2231649,2,VALIDATED,1789018557152
2231649,3,PROCESSED,1789018558042
2231650,1,INITIATED,1789018557141
2231650,2,VALIDATED,1789018557748
2231650,3,PROCESSED,1789018558038
2231651,1,INITIATED,1789018557140
2231651,2,VALIDATED,1789018557749
2231651,3,PROCESSED,1789018558427
2231652,1,INITIATED,1789018557140
2231652,2,VALIDATED,1789018557749
2231652,3,PROCESSED,1789018558428
2231653,1,INITIATED,1789018557140
2231653,2,VALIDATED,1789018557748
2231653,3,PROCESSED,1789018558040
2231654,1,INITIATED,1789018557140
2231654,2,VALIDATED,1789018557152
2231654,3,PROCESSED,1789018558420
2231655,1,INITIATED,1789018557145
2231655,2,VALIDATED,1789018558039
2231655,3,PROCESSED,1789018558915
2231656,1,INITIATED,1789018557142
2231656,2,VALIDATED,1789018557749
2231656,3,PROCESSED,1789018558428
2231657,1,INITIATED,1789018557143
2231657,2,VALIDATED,1789018557749
2231657,3,PROCESSED,1789018558041
2231658,1,INITIATED,1789018557143
2231658,2,VALIDATED,1789018557746
2231658,3,PROCESSED,1789018558551
2231659,1,INITIATED,1789018557139
2231659,2,VALIDATED,1789018557745
2231659,3,PROCESSED,1789018558420
2231660,1,INITIATED,1789018557140
2231660,2,VALIDATED,1789018557746
2231660,3,PROCESSED,1789018558543
2231661,1,INITIATED,1789018557142
2231661,2,VALIDATED,1789018557153
2231661,3,PROCESSED,1789018558038
2231662,1,INITIATED,1789018557139
2231662,2,VALIDATED,1789018557749
2231662,3,PROCESSED,1789018558541
2231663,1,INITIATED,1789018557142
2231663,2,VALIDATED,1789018557749
2231663,3,PROCESSED,1789018558544
2231664,1,INITIATED,1789018557137
2231664,2,VALIDATED,1789018557749
2231664,3,PROCESSED,1789018558427
2231665,1,INITIATED,1789018557143
2231665,2,VALIDATED,1789018558166
2231665,3,PROCESSED,1789018559046
2231666,1,INITIATED,1789018557145
2231666,2,VALIDATED,1789018558038
2231666,3,PROCESSED,1789018558163
2231667,1,INITIATED,1789018557143
2231667,2,VALIDATED,1789018558166
2231667,3,PROCESSED,1789018559046
2231668,1,INITIATED,1789018557142
2231668,2,VALIDATED,1789018557748
2231668,3,PROCESSED,1789018558420
2231669,1,INITIATED,1789018557141
2231669,2,VALIDATED,1789018557747
2231669,3,PROCESSED,1789018558040
2231670,1,INITIATED,1789018557144
2231670,2,VALIDATED,1789018558037
2231670,3,PROCESSED,1789018558913
2231671,1,INITIATED,1789018557140
2231671,2,VALIDATED,1789018557749
2231671,3,PROCESSED,1789018558041
2231672,1,INITIATED,1789018557145
2231672,2,VALIDATED,1789018558036
2231672,3,PROCESSED,1789018558552
2231673,1,INITIATED,1789018557143
2231673,2,VALIDATED,1789018559143
2231673,3,PROCESSED,1789018559466
2231674,1,INITIATED,1789018557146
2231674,2,VALIDATED,1789018557791
2231674,3,PROCESSED,1789018558913
2231675,1,INITIATED,1789018557146
2231675,2,VALIDATED,1789018557791
2231675,3,PROCESSED,1789018558552
2231676,1,INITIATED,1789018557146
2231676,2,VALIDATED,1789018558040
2231676,3,PROCESSED,1789018558166
2231677,1,INITIATED,1789018557145
2231677,2,VALIDATED,1789018558164
2231677,3,PROCESSED,1789018559044
2231678,1,INITIATED,1789018557148
2231678,2,VALIDATED,1789018558036
2231678,3,PROCESSED,1789018558916
2231679,1,INITIATED,1789018557148
2231679,2,VALIDATED,1789018558036
2231679,3,PROCESSED,1789018558914
2231680,1,INITIATED,1789018557149
2231680,2,VALIDATED,1789018558036
2231680,3,PROCESSED,1789018558917
2231681,1,INITIATED,1789018557150
2231681,2,VALIDATED,1789018558413
2231681,3,PROCESSED,1789018559124
2231682,1,INITIATED,1789018557151
2231682,2,VALIDATED,1789018558038
2231682,3,PROCESSED,1789018558915
2231683,1,INITIATED,1789018557151
2231683,2,VALIDATED,1789018558037
2231683,3,PROCESSED,1789018558917
2231684,1,INITIATED,1789018557151
2231684,2,VALIDATED,1789018558039
2231684,3,PROCESSED,1789018559026
2231685,1,INITIATED,1789018557149
2231685,2,VALIDATED,1789018558415
2231685,3,PROCESSED,1789018559070
2231686,1,INITIATED,1789018557151
2231686,2,VALIDATED,1789018558037
2231686,3,PROCESSED,1789018558918
2231687,1,INITIATED,1789018557150
2231687,2,VALIDATED,1789018558038
2231687,3,PROCESSED,1789018558915
2231688,1,INITIATED,1789018557150
2231688,2,VALIDATED,1789018559047
2231688,3,PROCESSED,1789018559076
2231689,1,INITIATED,1789018557150
2231689,2,VALIDATED,1789018558417
2231689,3,PROCESSED,1789018559071
2231690,1,INITIATED,1789018557152
2231690,2,VALIDATED,1789018558037
2231690,3,PROCESSED,1789018558915
2231691,1,INITIATED,1789018557151
2231691,2,VALIDATED,1789018558416
2231691,3,PROCESSED,1789018559066
2231692,1,INITIATED,1789018557152
2231692,2,VALIDATED,1789018557276
2231692,3,PROCESSED,1789018558162
2231693,1,INITIATED,1789018557152
2231693,2,VALIDATED,1789018558414
2231693,3,PROCESSED,1789018558913
2231694,1,INITIATED,1789018557152
2231694,2,VALIDATED,1789018558036
2231694,3,REJECTED,1789018558915
2231695,1,INITIATED,1789018557153
2231695,2,VALIDATED,1789018558413
2231695,3,REJECTED,1789018559061
2231696,1,INITIATED,1789018557269
2231696,2,VALIDATED,1789018558041
2231696,3,PROCESSED,1789018558162
2231697,1,INITIATED,1789018557273
2231697,2,VALIDATED,1789018558155
2231697,3,PROCESSED,1789018559036
2231698,1,INITIATED,1789018557272
2231698,2,VALIDATED,1789018558154
2231698,3,PROCESSED,1789018559030
2231699,1,INITIATED,1789018557269
2231699,2,VALIDATED,1789018558053
2231699,3,PROCESSED,1789018559025
2231700,1,INITIATED,1789018557272
2231700,2,VALIDATED,1789018558053
2231700,3,PROCESSED,1789018559024
2231701,1,INITIATED,1789018557273
2231701,2,VALIDATED,1789018558154
2231701,3,PROCESSED,1789018559026
2231702,1,INITIATED,1789018557274
2231702,2,VALIDATED,1789018558153
2231702,3,PROCESSED,1789018559099
2231703,1,INITIATED,1789018557275
2231703,2,VALIDATED,1789018558924
2231703,3,PROCESSED,1789018559097
2231704,1,INITIATED,1789018557269
2231704,2,VALIDATED,1789018558041
2231704,3,PROCESSED,1789018558918
2231705,1,INITIATED,1789018557270
2231705,2,VALIDATED,1789018558041
2231705,3,PROCESSED,1789018558164
2231706,1,INITIATED,1789018557272
2231706,2,VALIDATED,1789018558041
2231706,3,PROCESSED,1789018558165
2231707,1,INITIATED,1789018557275
2231707,2,VALIDATED,1789018558152
2231707,3,PROCESSED,1789018559027
2231708,1,INITIATED,1789018557274
2231708,2,VALIDATED,1789018558053
2231708,3,PROCESSED,1789018559031
2231709,1,INITIATED,1789018557276
2231709,2,VALIDATED,1789018558153
2231709,3,PROCESSED,1789018559036
2231710,1,INITIATED,1789018557275
2231710,2,VALIDATED,1789018558155
2231710,3,PROCESSED,1789018559032
2231711,1,INITIATED,1789018557276
2231711,2,VALIDATED,1789018558150
2231711,3,PROCESSED,1789018559032
2231712,1,INITIATED,1789018557277
2231712,2,VALIDATED,1789018558150
2231712,3,PROCESSED,1789018559031
2231713,1,INITIATED,1789018557277
2231713,2,VALIDATED,1789018558153
2231713,3,PROCESSED,1789018559036
2231714,1,INITIATED,1789018557277
2231714,2,VALIDATED,1789018558157
2231714,3,PROCESSED,1789018558171
2231715,1,INITIATED,1789018557276
2231715,2,VALIDATED,1789018558154
2231715,3,PROCESSED,1789018559031
2231716,1,INITIATED,1789018557276
2231716,2,VALIDATED,1789018558156
2231716,3,PROCESSED,1789018559038
2231717,1,INITIATED,1789018557277
2231717,2,VALIDATED,1789018557621
2231717,3,PROCESSED,1789018558172
2231718,1,INITIATED,1789018557277
2231718,2,VALIDATED,1789018558152
2231718,3,PROCESSED,1789018559035
2231719,1,INITIATED,1789018557277
2231719,2,VALIDATED,1789018558159
2231719,3,PROCESSED,1789018559041
2231720,1,INITIATED,1789018557277
2231720,2,VALIDATED,1789018558160
2231720,3,PROCESSED,1789018559045
2231721,1,INITIATED,1789018557277
2231721,2,VALIDATED,1789018558154
2231721,3,PROCESSED,1789018559032
2231722,1,INITIATED,1789018557277
2231722,2,VALIDATED,1789018558159
2231722,3,PROCESSED,1789018559041
2231723,1,INITIATED,1789018557278
2231723,2,VALIDATED,1789018558149
2231723,3,PROCESSED,1789018559034
2231724,1,INITIATED,1789018557278
2231724,2,VALIDATED,1789018558153
2231724,3,PROCESSED,1789018559033
2231725,1,INITIATED,1789018557278
2231725,2,VALIDATED,1789018558150
2231725,3,PROCESSED,1789018559028
2231726,1,INITIATED,1789018557278
2231726,2,VALIDATED,1789018558152
2231726,3,PROCESSED,1789018559036
2231727,1,INITIATED,1789018557620
2231727,2,VALIDATED,1789018558417
2231727,3,PROCESSED,1789018559072
2231728,1,INITIATED,1789018557623
2231728,2,VALIDATED,1789018558418
2231728,3,PROCESSED,1789018559079
2231729,1,INITIATED,1789018557624
2231729,2,VALIDATED,1789018558413
2231729,3,PROCESSED,1789018559078
2231730,1,INITIATED,1789018557623
2231730,2,VALIDATED,1789018558168
2231730,3,PROCESSED,1789018559049
2231731,1,INITIATED,1789018557620
2231731,2,VALIDATED,1789018557746
2231731,3,PROCESSED,1789018558427
2231732,1,INITIATED,1789018557624
2231732,2,VALIDATED,1789018558164
2231732,3,PROCESSED,1789018559049
2231733,1,INITIATED,1789018557625
2231733,2,VALIDATED,1789018558416
2231733,3,PROCESSED,1789018559072
2231734,1,INITIATED,1789018557624
2231734,2,VALIDATED,1789018558168
2231734,3,PROCESSED,1789018559048
2231735,1,INITIATED,1789018557620
2231735,2,VALIDATED,1789018558169
2231735,3,PROCESSED,1789018559049
2231736,1,INITIATED,1789018557621
2231736,2,VALIDATED,1789018558168
2231736,3,PROCESSED,1789018559045
2231737,1,INITIATED,1789018557619
2231737,2,VALIDATED,1789018558415
2231737,3,PROCESSED,1789018559071
2231738,1,INITIATED,1789018557620
2231738,2,VALIDATED,1789018558166
2231738,3,PROCESSED,1789018559047
2231739,1,INITIATED,1789018557623
2231739,2,VALIDATED,1789018557748
2231739,3,PROCESSED,1789018558544
2231740,1,INITIATED,1789018557624
2231740,2,VALIDATED,1789018558165
2231740,3,PROCESSED,1789018559049
2231741,1,INITIATED,1789018557623
2231741,2,VALIDATED,1789018558418
2231741,3,PROCESSED,1789018559082
2231742,1,INITIATED,1789018557621
2231742,2,VALIDATED,1789018558162
2231742,3,PROCESSED,1789018559045
2231743,1,INITIATED,1789018557623
2231743,2,VALIDATED,1789018558170
2231743,3,PROCESSED,1789018559121
2231744,1,INITIATED,1789018557620
2231744,2,VALIDATED,1789018557749
2231744,3,PROCESSED,1789018558543
2231745,1,INITIATED,1789018557623
2231745,2,VALIDATED,1789018557750
2231745,3,PROCESSED,1789018558419
2231746,1,INITIATED,1789018557624
2231746,2,VALIDATED,1789018558414
2231746,3,PROCESSED,1789018559072
2231747,1,INITIATED,1789018557625
2231747,2,VALIDATED,1789018558167
2231747,3,PROCESSED,1789018559046
2231748,1,INITIATED,1789018557620
2231748,2,VALIDATED,1789018558172
2231748,3,PROCESSED,1789018558427
2231749,1,INITIATED,1789018557621
2231749,2,VALIDATED,1789018559034
2231749,3,PROCESSED,1789018559109
2231750,1,INITIATED,1789018557625
2231750,2,VALIDATED,1789018558167
2231750,3,PROCESSED,1789018559048
2231751,1,INITIATED,1789018557625
2231751,2,VALIDATED,1789018558172
2231751,3,PROCESSED,1789018559050
2231752,1,INITIATED,1789018557622
2231752,2,VALIDATED,1789018559028
2231752,3,PROCESSED,1789018559099
2231753,1,INITIATED,1789018557624
2231753,2,VALIDATED,1789018559025
2231753,3,PROCESSED,1789018559134
2231754,1,INITIATED,1789018557624
2231754,2,VALIDATED,1789018557749
2231754,3,PROCESSED,1789018558420
2231755,1,INITIATED,1789018557624
2231755,2,VALIDATED,1789018557746
2231755,3,PROCESSED,1789018558544
2231756,1,INITIATED,1789018557623
2231756,2,VALIDATED,1789018558164
2231756,3,PROCESSED,1789018559049
2231757,1,INITIATED,1789018557619
2231757,2,VALIDATED,1789018558167
2231757,3,PROCESSED,1789018559050
2231758,1,INITIATED,1789018557744
2231758,2,VALIDATED,1789018558412
2231758,3,PROCESSED,1789018559072
2231759,1,INITIATED,1789018557744
2231759,2,VALIDATED,1789018558414
2231759,3,PROCESSED,1789018558914
2231760,1,INITIATED,1789018557748
2231760,2,VALIDATED,1789018558039
2231760,3,PROCESSED,1789018558918
2231761,1,INITIATED,1789018557747
2231761,2,VALIDATED,1789018558037
2231761,3,PROCESSED,1789018559081
2231762,1,INITIATED,1789018557747
2231762,2,VALIDATED,1789018558417
2231762,3,PROCESSED,1789018559125
2231763,1,INITIATED,1789018557749
2231763,2,VALIDATED,1789018558542
2231763,3,REJECTED,1789018559084
2231764,1,INITIATED,1789018557747
2231764,2,VALIDATED,1789018558418
2231764,3,PROCESSED,1789018559131
2231765,1,INITIATED,1789018557749
2231765,2,VALIDATED,1789018558416
2231765,3,PROCESSED,1789018559070
2231766,1,INITIATED,1789018557750
2231766,2,VALIDATED,1789018558544
2231766,3,REJECTED,1789018559082
2231767,1,INITIATED,1789018557748
2231767,2,VALIDATED,1789018558412
2231767,3,PROCESSED,1789018558552
2231768,1,INITIATED,1789018557763
2231768,2,VALIDATED,1789018558535
2231768,3,PROCESSED,1789018559082
2231769,1,INITIATED,1789018558033
2231769,2,VALIDATED,1789018558545
2231769,3,PROCESSED,1789018559089
2231770,1,INITIATED,1789018558034
2231770,2,VALIDATED,1789018558909
2231770,3,PROCESSED,1789018559026
2231771,1,INITIATED,1789018558040
2231771,2,VALIDATED,1789018558916
2231771,3,PROCESSED,1789018559099
2231772,1,INITIATED,1789018558033
2231772,2,VALIDATED,1789018558545
2231772,3,PROCESSED,1789018559085
2231773,1,INITIATED,1789018558032
2231773,2,VALIDATED,1789018558542
2231773,3,PROCESSED,1789018559086
2231774,1,INITIATED,1789018558032
2231774,2,VALIDATED,1789018558542
2231774,3,PROCESSED,1789018559086
2231775,1,INITIATED,1789018558041
2231775,2,VALIDATED,1789018558914
2231775,3,PROCESSED,1789018559133
2231776,1,INITIATED,1789018558053
2231776,2,VALIDATED,1789018559021
2231776,3,PROCESSED,1789018559098
2231777,1,INITIATED,1789018558152
2231777,2,VALIDATED,1789018559022
2231777,3,PROCESSED,1789018559099
2231778,1,INITIATED,1789018558152
2231778,2,VALIDATED,1789018559028
2231778,3,PROCESSED,1789018559098
2231779,1,INITIATED,1789018558154
2231779,2,VALIDATED,1789018558166
2231779,3,PROCESSED,1789018559049
2231780,1,INITIATED,1789018558159
2231780,2,VALIDATED,1789018558167
2231780,3,PROCESSED,1789018559047
2231781,1,INITIATED,1789018558156
2231781,2,VALIDATED,1789018558163
2231781,3,PROCESSED,1789018559048
2231782,1,INITIATED,1789018558157
2231782,2,VALIDATED,1789018559024
2231782,3,PROCESSED,1789018559097
2231783,1,INITIATED,1789018558157
2231783,2,VALIDATED,1789018559036
2231783,3,PROCESSED,1789018559130
2231784,1,INITIATED,1789018558158
2231784,2,VALIDATED,1789018559034
2231784,3,REJECTED,1789018559127
2231785,1,INITIATED,1789018558158
2231785,2,VALIDATED,1789018559037
2231785,3,PROCESSED,1789018559116
2231786,1,INITIATED,1789018558162
2231786,2,VALIDATED,1789018559037
2231786,3,PROCESSED,1789018559129
2231787,1,INITIATED,1789018558159
2231787,2,VALIDATED,1789018559034
2231787,3,PROCESSED,1789018559049
2231788,1,INITIATED,1789018558159
2231788,2,VALIDATED,1789018559034
2231788,3,PROCESSED,1789018559103
2231789,1,INITIATED,1789018558164
2231789,2,VALIDATED,1789018559096
2231789,3,PROCESSED,1789018559142
2231790,1,INITIATED,1789018558161
2231790,2,VALIDATED,1789018559032
2231790,3,REJECTED,1789018559094
2231791,1,INITIATED,1789018558163
2231791,2,VALIDATED,1789018559040
2231791,3,PROCESSED,1789018559070
2231792,1,INITIATED,1789018558161
2231792,2,VALIDATED,1789018559037
2231792,3,REJECTED,1789018559115
2231793,1,INITIATED,1789018558165
2231793,2,VALIDATED,1789018559045
2231793,3,PROCESSED,1789018559145
2231794,1,INITIATED,1789018558162
2231794,2,VALIDATED,1789018559037
2231794,3,REJECTED,1789018559046
2231795,1,INITIATED,1789018558171
2231795,2,VALIDATED,1789018559041
2231795,3,PROCESSED,1789018559071
2231796,1,INITIATED,1789018558414
2231796,2,VALIDATED,1789018559062
2231796,3,PROCESSED,1789018559123
2231797,1,INITIATED,1789018558413
2231797,2,VALIDATED,1789018559060
2231797,3,PROCESSED,1789018559131
2231798,1,INITIATED,1789018558536
2231798,2,VALIDATED,1789018558913
2231798,3,PROCESSED,1789018559132
2231799,1,INITIATED,1789018558539
2231799,2,VALIDATED,1789018559083
2231799,3,PROCESSED,1789018559098
2231800,1,INITIATED,1789018558538
2231800,2,VALIDATED,1789018559071
2231800,3,PROCESSED,1789018559087
2231801,1,INITIATED,1789018558544
2231801,2,VALIDATED,1789018559077
2231801,3,PROCESSED,1789018559129
2231802,1,INITIATED,1789018558541
2231802,2,VALIDATED,1789018559067
2231802,3,PROCESSED,1789018559138
2231803,1,INITIATED,1789018558538
2231803,2,VALIDATED,1789018559081
2231803,3,PROCESSED,1789018559099
2231804,1,INITIATED,1789018558539
2231804,2,VALIDATED,1789018559084
2231804,3,PROCESSED,1789018559138
2231805,1,INITIATED,1789018558541
2231805,2,VALIDATED,1789018559075
2231805,3,PROCESSED,1789018559089
2231806,1,INITIATED,1789018558543
2231806,2,VALIDATED,1789018559084
2231806,3,PROCESSED,1789018559099
2231807,1,INITIATED,1789018558543
2231807,2,VALIDATED,1789018559070
2231807,3,PROCESSED,1789018559090
2231808,1,INITIATED,1789018558907
2231808,2,VALIDATED,1789018559124
2231808,3,PROCESSED,1789018559158
2231809,1,INITIATED,1789018558907
2231809,2,VALIDATED,1789018559090
2231809,3,PROCESSED,1789018559147
2231810,1,INITIATED,1789018558913
2231810,2,VALIDATED,1789018559095
2231810,3,PROCESSED,1789018559158
2231811,1,INITIATED,1789018558907
2231811,2,VALIDATED,1789018559092
2231811,3,PROCESSED,1789018559140
2231812,1,INITIATED,1789018558907
2231812,2,VALIDATED,1789018559088
2231812,3,PROCESSED,1789018559159
2231813,1,INITIATED,1789018558910
2231813,2,VALIDATED,1789018559095
2231813,3,PROCESSED,1789018559142
2231814,1,INITIATED,1789018558908
2231814,2,VALIDATED,1789018559093
2231814,3,PROCESSED,1789018559158
2231815,1,INITIATED,1789018558909
2231815,2,VALIDATED,1789018559025
2231815,3,PROCESSED,1789018559098
2231816,1,INITIATED,1789018558909
2231816,2,VALIDATED,1789018559092
2231816,3,PROCESSED,1789018559145
2231817,1,INITIATED,1789018559021
2231817,2,VALIDATED,1789018559095
2231817,3,PROCESSED,1789018559152
2231818,1,INITIATED,1789018559026
2231818,2,VALIDATED,1789018559095
2231818,3,PROCESSED,1789018559129
2231819,1,INITIATED,1789018559043
2231819,2,VALIDATED,1789018559111
2231819,3,PROCESSED,1789018559156
2231820,1,INITIATED,1789018559044
2231820,2,VALIDATED,1789018559062
2231820,3,PROCESSED,1789018559136
2231821,1,INITIATED,1789018559046
2231821,2,VALIDATED,1789018559113
2231821,3,PROCESSED,1789018559136
2231822,1,INITIATED,1789018559046
2231822,2,VALIDATED,1789018559060
2231822,3,PROCESSED,1789018559121
2231823,1,INITIATED,1789018559058
2231823,2,VALIDATED,1789018559115
2231823,3,PROCESSED,1789018559157
2231824,1,INITIATED,1789018559058
2231824,2,VALIDATED,1789018559109
2231824,3,PROCESSED,1789018559150
2231825,1,INITIATED,1789018559059
2231825,2,VALIDATED,1789018559113
2231825,3,PROCESSED,1789018559155
2231826,1,INITIATED,1789018559061
2231826,2,VALIDATED,1789018559108
2231826,3,PROCESSED,1789018559149
2231827,1,INITIATED,1789018559063
2231827,2,VALIDATED,1789018559108
2231827,3,PROCESSED,1789018559466
2231828,1,INITIATED,1789018559064
2231828,2,VALIDATED,1789018559114
2231828,3,PROCESSED,1789018559131
2231829,1,INITIATED,1789018559063
2231829,2,VALIDATED,1789018559114
2231829,3,PROCESSED,1789018559155
2231830,1,INITIATED,1789018559065
2231830,2,VALIDATED,1789018559110
2231830,3,PROCESSED,1789018559148
2231831,1,INITIATED,1789018559070
2231831,2,VALIDATED,1789018559087
2231831,3,PROCESSED,1789018559137
2231832,1,INITIATED,1789018559065
2231832,2,VALIDATED,1789018559110
2231832,3,PROCESSED,1789018559152
2231833,1,INITIATED,1789018559068
2231833,2,VALIDATED,1789018559118
2231833,3,PROCESSED,1789018559147
2231834,1,INITIATED,1789018559070
2231834,2,VALIDATED,1789018559117
2231834,3,PROCESSED,1789018559157
2231835,1,INITIATED,1789018559065
2231835,2,VALIDATED,1789018559112
2231835,3,PROCESSED,1789018559127
2231836,1,INITIATED,1789018559068
2231836,2,VALIDATED,1789018559114
2231836,3,PROCESSED,1789018559155
2231837,1,INITIATED,1789018559068
2231837,2,VALIDATED,1789018559135
2231837,3,PROCESSED,1789018559465
2231838,1,INITIATED,1789018559069
2231838,2,VALIDATED,1789018559086
2231838,3,PROCESSED,1789018559135
2231839,1,INITIATED,1789018559082
2231839,2,VALIDATED,1789018559128
2231839,3,PROCESSED,1789018559160
2231840,1,INITIATED,1789018559077
2231840,2,VALIDATED,1789018559118
2231840,3,PROCESSED,1789018559159
2231841,1,INITIATED,1789018559082
2231841,2,VALIDATED,1789018559095
2231841,3,PROCESSED,1789018559153
2231842,1,INITIATED,1789018559079
2231842,2,VALIDATED,1789018559145
2231842,3,PROCESSED,1789018559172
2231843,1,INITIATED,1789018559084
2231843,2,VALIDATED,1789018559124
2231843,3,PROCESSED,1789018559155
2231844,1,INITIATED,1789018559081
2231844,2,VALIDATED,1789018559093
2231844,3,PROCESSED,1789018559144
2231845,1,INITIATED,1789018559080
2231845,2,VALIDATED,1789018559141
2231845,3,PROCESSED,1789018559464
2231846,1,INITIATED,1789018559081
2231846,2,VALIDATED,1789018559119
2231846,3,PROCESSED,1789018559157
2231847,1,INITIATED,1789018559082
2231847,2,VALIDATED,1789018559145
2231847,3,PROCESSED,1789018559468
2231848,1,INITIATED,1789018559085
2231848,2,VALIDATED,1789018559126
2231848,3,PROCESSED,1789018559159
2231849,1,INITIATED,1789018559083
2231849,2,VALIDATED,1789018559127
2231849,3,PROCESSED,1789018559146
2231850,1,INITIATED,1789018559083
2231850,2,VALIDATED,1789018559122
2231850,3,PROCESSED,1789018559157
2231851,1,INITIATED,1789018559085
2231851,2,VALIDATED,1789018559130
2231851,3,PROCESSED,1789018559159
2231852,1,INITIATED,1789018559087
2231852,2,VALIDATED,1789018559150
2231852,3,PROCESSED,1789018559467
2231853,1,INITIATED,1789018559086
2231853,2,VALIDATED,1789018559132
2231853,3,PROCESSED,1789018559464
2231854,1,INITIATED,1789018559086
2231854,2,VALIDATED,1789018559127
2231854,3,PROCESSED,1789018559158
2231855,1,INITIATED,1789018559090
2231855,2,VALIDATED,1789018559135
2231855,3,PROCESSED,1789018559467
2231856,1,INITIATED,1789018559089
2231856,2,VALIDATED,1789018559116
2231856,3,PROCESSED,1789018559154
2231857,1,INITIATED,1789018559090
2231857,2,VALIDATED,1789018559134
2231857,3,PROCESSED,1789018559467
2231858,1,INITIATED,1789018559097
2231858,2,VALIDATED,1789018559134
2231858,3,PROCESSED,1789018559169
2231859,1,INITIATED,1789018559107
2231859,2,VALIDATED,1789018559143
2231859,3,PROCESSED,1789018559466
2231860,1,INITIATED,1789018559111
2231860,2,VALIDATED,1789018559140
2231860,3,PROCESSED,1789018559157
2231861,1,INITIATED,1789018559113
2231861,2,VALIDATED,1789018559140
2231861,3,PROCESSED,1789018559468
2231862,1,INITIATED,1789018559117
2231862,2,VALIDATED,1789018559147
2231862,3,PROCESSED,1789018559466
2231863,1,INITIATED,1789018559117
2231863,2,VALIDATED,1789018559144
2231863,3,PROCESSED,1789018559159
2231864,1,INITIATED,1789018559118
2231864,2,VALIDATED,1789018559145
2231864,3,PROCESSED,1789018559465
2231865,1,INITIATED,1789018559120
2231865,2,VALIDATED,1789018559133
2231865,3,PROCESSED,1789018559467
2231866,1,INITIATED,1789018559119
2231866,2,VALIDATED,1789018559129
2231866,3,PROCESSED,1789018559159
2231867,1,INITIATED,1789018559119
2231867,2,VALIDATED,1789018559149
2231867,3,PROCESSED,1789018559465
2231868,1,INITIATED,1789018559119
2231868,2,VALIDATED,1789018559171
2231868,3,PROCESSED,1789018559467
2231869,1,INITIATED,1789018559131
2231869,2,VALIDATED,1789018559154
2231869,3,PROCESSED,1789018559468
2231870,1,INITIATED,1789018559139
2231870,2,VALIDATED,1789018559170
2231870,3,PROCESSED,1789018559468
2231871,1,INITIATED,1789018559170
2231871,2,VALIDATED,1789018559461
2231871,3,PROCESSED,1789018559562
2231872,1,INITIATED,1789018559462
2231872,2,VALIDATED,1789018559564
2231872,3,PROCESSED,1789018559893
2231873,1,INITIATED,1789018559463
2231873,2,VALIDATED,1789018559564
2231873,3,PROCESSED,1789018559892
2231874,1,INITIATED,1789018559461
2231874,2,VALIDATED,1789018559560
2231874,3,PROCESSED,1789018559893
2231875,1,INITIATED,1789018559462
2231875,2,VALIDATED,1789018559563
2231875,3,PROCESSED,1789018559890
2231876,1,INITIATED,1789018559461
2231876,2,VALIDATED,1789018559561
2231876,3,PROCESSED,1789018559891
2231877,1,INITIATED,1789018559462
2231877,2,VALIDATED,1789018559564
2231877,3,PROCESSED,1789018559891
2231878,1,INITIATED,1789018559460
2231878,2,VALIDATED,1789018559563
2231878,3,PROCESSED,1789018559891
2231879,1,INITIATED,1789018559464
2231879,2,VALIDATED,1789018559561
2231879,3,PROCESSED,1789018559891
2231880,1,INITIATED,1789018559461
2231880,2,VALIDATED,1789018559563
2231880,3,PROCESSED,1789018559887
2231881,1,INITIATED,1789018559461
2231881,2,VALIDATED,1789018559564
2231881,3,PROCESSED,1789018559892
2231882,1,INITIATED,1789018559460
2231882,2,VALIDATED,1789018559559
2231882,3,PROCESSED,1789018559892
2231883,1,INITIATED,1789018559462
2231883,2,VALIDATED,1789018559563
2231883,3,PROCESSED,1789018559891
2231884,1,INITIATED,1789018559465
2231884,2,VALIDATED,1789018559563
2231884,3,PROCESSED,1789018559892
2231885,1,INITIATED,1789018559560
2231885,2,VALIDATED,1789018559888
2231885,3,PROCESSED,1789018560018
2231886,1,INITIATED,1789018559559
2231886,2,VALIDATED,1789018559886
2231886,3,PROCESSED,1789018560020
2231887,1,INITIATED,1789018559561
2231887,2,VALIDATED,1789018559881
2231887,3,PROCESSED,1789018559894
2231888,1,INITIATED,1789018559563
2231888,2,VALIDATED,1789018559884
2231888,3,PROCESSED,1789018560015
2231889,1,INITIATED,1789018559562
2231889,2,VALIDATED,1789018559883
2231889,3,PROCESSED,1789018559894
2231890,1,INITIATED,1789018559563
2231890,2,VALIDATED,1789018559882
2231890,3,PROCESSED,1789018559894
2231891,1,INITIATED,1789018559562
2231891,2,VALIDATED,1789018559884
2231891,3,PROCESSED,1789018560018
2231892,1,INITIATED,1789018559589
2231892,2,VALIDATED,1789018559889
2231892,3,PROCESSED,1789018560019
2231893,1,INITIATED,1789018559887
2231893,2,VALIDATED,1789018560016
2231893,3,PROCESSED,1789018560024
2231894,1,INITIATED,1789018559885
2231894,2,VALIDATED,1789018560014
2231894,3,PROCESSED,1789018560023
2231895,1,INITIATED,1789018559884
2231895,2,VALIDATED,1789018560011
2231895,3,REJECTED,1789018560020
2231896,1,INITIATED,1789018559886
2231896,2,VALIDATED,1789018560013
2231896,3,REJECTED,1789018560019
2231897,1,INITIATED,1789018559883
2231897,2,VALIDATED,1789018560011
2231897,3,REJECTED,1789018560017
2231898,1,INITIATED,1789018559888
2231898,2,VALIDATED,1789018560013
2231898,3,REJECTED,1789018560024
2231899,1,INITIATED,1789018559883
2231899,2,VALIDATED,1789018560013
2231899,3,PROCESSED,1789018560023
2231900,1,INITIATED,1789018559887
2231900,2,VALIDATED,1789018560014
2231900,3,PROCESSED,1789018560023
2231901,1,INITIATED,1789018559886
2231901,2,VALIDATED,1789018560015
2231901,3,PROCESSED,1789018560023
2231902,1,INITIATED,1789018559883
2231902,2,VALIDATED,1789018560009
2231902,3,PROCESSED,1789018560021
2231903,1,INITIATED,1789018559885
2231903,2,VALIDATED,1789018560013
2231903,3,PROCESSED,1789018560024
2231904,1,INITIATED,1789018559889
2231904,2,VALIDATED,1789018560015
2231904,3,PROCESSED,1789018560027
2231905,1,INITIATED,1789018559888
2231905,2,VALIDATED,1789018560013
2231905,3,PROCESSED,1789018560025
2231906,1,INITIATED,1789018559888
2231906,2,VALIDATED,1789018560014
2231906,3,PROCESSED,1789018560026
2231907,1,INITIATED,1789018559888
2231907,2,VALIDATED,1789018560014
2231907,3,PROCESSED,1789018560023
2231908,1,INITIATED,1789018560010
2231908,2,VALIDATED,1789018560017
2231908,3,PROCESSED,1789018560028
2231909,1,INITIATED,1789018560010
2231909,2,VALIDATED,1789018560016
2231909,3,PROCESSED,1789018560025
2231910,1,INITIATED,1789018560012
2231910,2,VALIDATED,1789018560020
2231910,3,PROCESSED,1789018560027
2231911,1,INITIATED,1789018560012
2231911,2,VALIDATED,1789018560021
2231911,3,PROCESSED,1789018560028
2231912,1,INITIATED,1789018560012
2231912,2,VALIDATED,1789018560019
2231912,3,PROCESSED,1789018560027
2231913,1,INITIATED,1789018560014
2231913,2,VALIDATED,1789018560020
2231913,3,PROCESSED,1789018560028
2231914,1,INITIATED,1789018560017
2231914,2,VALIDATED,1789018560023
2231914,3,PROCESSED,1789018560029
2231915,1,INITIATED,1789018560037
2231915,2,VALIDATED,1789018560045
2231915,3,PROCESSED,1789018560050
2231916,1,INITIATED,1789018560057
2231916,2,VALIDATED,1789018560060
2231916,3,PROCESSED,1789018560064
2231917,1,INITIATED,1789018560077
2231917,2,VALIDATED,1789018560081
2231917,3,PROCESSED,1789018560085
2231918,1,INITIATED,1789018560097
2231918,2,VALIDATED,1789018560102
2231918,3,PROCESSED,1789018560107
2231919,1,INITIATED,1789018560117
2231919,2,VALIDATED,1789018560121
2231919,3,PROCESSED,1789018560126
2231920,1,INITIATED,1789018560137
2231920,2,VALIDATED,1789018560141
2231920,3,PROCESSED,1789018560145
2231921,1,INITIATED,1789018560157
2231921,2,VALIDATED,1789018560161
2231921,3,PROCESSED,1789018560165
2231922,1,INITIATED,1789018560361
2231922,2,VALIDATED,1789018560494
2231922,3,PROCESSED,1789018560954
2231923,1,INITIATED,1789018560360
2231923,2,VALIDATED,1789018560494
2231923,3,PROCESSED,1789018560952
2231924,1,INITIATED,1789018560361
2231924,2,VALIDATED,1789018560494
2231924,3,PROCESSED,1789018560953
2231925,1,INITIATED,1789018560360
2231925,2,VALIDATED,1789018560494
2231925,3,PROCESSED,1789018560950
2231926,1,INITIATED,1789018560361
2231926,2,VALIDATED,1789018560494
2231926,3,PROCESSED,1789018560954
2231927,1,INITIATED,1789018560361
2231927,2,VALIDATED,1789018560493
2231927,3,PROCESSED,1789018560951
2231928,1,INITIATED,1789018560361
2231928,2,VALIDATED,1789018560494
2231928,3,PROCESSED,1789018560952
2231929,1,INITIATED,1789018560361
2231929,2,VALIDATED,1789018560494
2231929,3,PROCESSED,1789018560955
2231930,1,INITIATED,1789018560361
2231930,2,VALIDATED,1789018560493
2231930,3,PROCESSED,1789018560954
2231931,1,INITIATED,1789018560360
2231931,2,VALIDATED,1789018560494
2231931,3,PROCESSED,1789018560954
2231932,1,INITIATED,1789018560378
2231932,2,VALIDATED,1789018560547
2231932,3,PROCESSED,1789018560955
2231933,1,INITIATED,1789018560493
2231933,2,VALIDATED,1789018560945
2231933,3,PROCESSED,1789018560963
2231934,1,INITIATED,1789018560492
2231934,2,VALIDATED,1789018560549
2231934,3,PROCESSED,1789018560961
2231935,1,INITIATED,1789018560492
2231935,2,VALIDATED,1789018560950
2231935,3,PROCESSED,1789018560963
2231936,1,INITIATED,1789018560493
2231936,2,VALIDATED,1789018560951
2231936,3,PROCESSED,1789018560969
2231937,1,INITIATED,1789018560492
2231937,2,VALIDATED,1789018560549
2231937,3,PROCESSED,1789018560968
2231938,1,INITIATED,1789018560497
2231938,2,VALIDATED,1789018560548
2231938,3,PROCESSED,1789018560957
2231939,1,INITIATED,1789018560546
2231939,2,VALIDATED,1789018560948
2231939,3,PROCESSED,1789018560963
2231940,1,INITIATED,1789018560546
2231940,2,VALIDATED,1789018560949
2231940,3,PROCESSED,1789018560963
2231941,1,INITIATED,1789018560945
2231941,2,VALIDATED,1789018560965
2231941,3,PROCESSED,1789018561022
2231942,1,INITIATED,1789018560946
2231942,2,VALIDATED,1789018560959
2231942,3,PROCESSED,1789018561016
2231943,1,INITIATED,1789018560946
2231943,2,VALIDATED,1789018560960
2231943,3,PROCESSED,1789018561017
2231944,1,INITIATED,1789018560946
2231944,2,VALIDATED,1789018560960
2231944,3,PROCESSED,1789018561015
2231945,1,INITIATED,1789018560948
2231945,2,VALIDATED,1789018560965
2231945,3,PROCESSED,1789018561023
2231946,1,INITIATED,1789018560947
2231946,2,VALIDATED,1789018560966
2231946,3,PROCESSED,1789018561021
2231947,1,INITIATED,1789018560949
2231947,2,VALIDATED,1789018560965
2231947,3,PROCESSED,1789018561020
2231948,1,INITIATED,1789018560951
2231948,2,VALIDATED,1789018560966
2231948,3,PROCESSED,1789018561023
2231949,1,INITIATED,1789018560952
2231949,2,VALIDATED,1789018560967
2231949,3,PROCESSED,1789018561021
2231950,1,INITIATED,1789018560948
2231950,2,VALIDATED,1789018560966
2231950,3,PROCESSED,1789018561024
2231951,1,INITIATED,1789018560948
2231951,2,VALIDATED,1789018560960
2231951,3,PROCESSED,1789018561015
2231952,1,INITIATED,1789018560950
2231952,2,VALIDATED,1789018560965
2231952,3,PROCESSED,1789018561021
2231953,1,INITIATED,1789018560951
2231953,2,VALIDATED,1789018560967
2231953,3,PROCESSED,1789018561024
2231954,1,INITIATED,1789018560953
2231954,2,VALIDATED,1789018560967
2231954,3,PROCESSED,1789018561022
2231955,1,INITIATED,1789018560955
2231955,2,VALIDATED,1789018560967
2231955,3,PROCESSED,1789018561023
2231956,1,INITIATED,1789018560954
2231956,2,VALIDATED,1789018560967
2231956,3,PROCESSED,1789018561019
2231957,1,INITIATED,1789018560955
2231957,2,VALIDATED,1789018560967
2231957,3,PROCESSED,1789018561021
2231958,1,INITIATED,1789018560955
2231958,2,VALIDATED,1789018560966
2231958,3,PROCESSED,1789018561023
2231959,1,INITIATED,1789018560960
2231959,2,VALIDATED,1789018561012
2231959,3,PROCESSED,1789018561026
2231960,1,INITIATED,1789018560959
2231960,2,VALIDATED,1789018561012
2231960,3,PROCESSED,1789018561025
2231961,1,INITIATED,1789018560959
2231961,2,VALIDATED,1789018561013
2231961,3,PROCESSED,1789018561027
2231962,1,INITIATED,1789018560977
2231962,2,VALIDATED,1789018561016
2231962,3,PROCESSED,1789018561028
2231963,1,INITIATED,1789018560998
2231963,2,VALIDATED,1789018561017
2231963,3,PROCESSED,1789018561027
2231964,1,INITIATED,1789018561019
2231964,2,VALIDATED,1789018561028
2231964,3,PROCESSED,1789018561037
2231965,1,INITIATED,1789018561038
2231965,2,VALIDATED,1789018561057
2231965,3,PROCESSED,1789018561065
2231966,1,INITIATED,1789018561059
2231966,2,VALIDATED,1789018561064
2231966,3,PROCESSED,1789018561071
2231967,1,INITIATED,1789018561077
2231967,2,VALIDATED,1789018561083
2231967,3,PROCESSED,1789018561092
2231968,1,INITIATED,1789018561097
2231968,2,VALIDATED,1789018561101
2231968,3,PROCESSED,1789018561109
2231969,1,INITIATED,1789018561118
2231969,2,VALIDATED,1789018561123
2231969,3,PROCESSED,1789018561132
2231970,1,INITIATED,1789018561137
2231970,2,VALIDATED,1789018561142
2231970,3,PROCESSED,1789018561151
2231971,1,INITIATED,1789018561157
2231971,2,VALIDATED,1789018561162
2231971,3,PROCESSED,1789018561171
2231972,1,INITIATED,1789018561381
2231972,2,VALIDATED,1789018561387
2231972,3,PROCESSED,1789018561484
2231973,1,INITIATED,1789018561380
2231973,2,VALIDATED,1789018561387
2231973,3,PROCESSED,1789018561484
2231974,1,INITIATED,1789018561381
2231974,2,VALIDATED,1789018561387
2231974,3,PROCESSED,1789018561483
2231975,1,INITIATED,1789018561381
2231975,2,VALIDATED,1789018561388
2231975,3,PROCESSED,1789018561483
2231976,1,INITIATED,1789018561381
2231976,2,VALIDATED,1789018561387
2231976,3,PROCESSED,1789018561399
2231977,1,INITIATED,1789018561380
2231977,2,VALIDATED,1789018561388
2231977,3,PROCESSED,1789018561484
2231978,1,INITIATED,1789018561381
2231978,2,VALIDATED,1789018561388
2231978,3,PROCESSED,1789018561484
2231979,1,INITIATED,1789018561381
2231979,2,VALIDATED,1789018561387
2231979,3,PROCESSED,1789018561484
2231980,1,INITIATED,1789018561381
2231980,2,VALIDATED,1789018561388
2231980,3,PROCESSED,1789018561484
2231981,1,INITIATED,1789018561380
2231981,2,VALIDATED,1789018561388
2231981,3,PROCESSED,1789018561483
2231982,1,INITIATED,1789018561380
2231982,2,VALIDATED,1789018561387
2231982,3,PROCESSED,1789018561483
2231983,1,INITIATED,1789018561397
2231983,2,VALIDATED,1789018561695
2231983,3,PROCESSED,1789018561708
2231984,1,INITIATED,1789018561478
2231984,2,VALIDATED,1789018561694
2231984,3,PROCESSED,1789018561702
2231985,1,INITIATED,1789018561478
2231985,2,VALIDATED,1789018561694
2231985,3,PROCESSED,1789018561702
2231986,1,INITIATED,1789018561479
2231986,2,VALIDATED,1789018561695
2231986,3,PROCESSED,1789018561708
2231987,1,INITIATED,1789018561478
2231987,2,VALIDATED,1789018561695
2231987,3,PROCESSED,1789018561708
2231988,1,INITIATED,1789018561498
2231988,2,VALIDATED,1789018561695
2231988,3,PROCESSED,1789018561708
2231989,1,INITIATED,1789018561695
2231989,2,VALIDATED,1789018561707
2231989,3,PROCESSED,1789018561781
2231990,1,INITIATED,1789018561693
2231990,2,VALIDATED,1789018561700
2231990,3,PROCESSED,1789018561775
2231991,1,INITIATED,1789018561696
2231991,2,VALIDATED,1789018561707
2231991,3,PROCESSED,1789018561781
2231992,1,INITIATED,1789018561695
2231992,2,VALIDATED,1789018561707
2231992,3,PROCESSED,1789018561781
2231993,1,INITIATED,1789018561694
2231993,2,VALIDATED,1789018561700
2231993,3,PROCESSED,1789018561775
2231994,1,INITIATED,1789018561694
2231994,2,VALIDATED,1789018561700
2231994,3,PROCESSED,1789018561775
2231995,1,INITIATED,1789018561696
2231995,2,VALIDATED,1789018561706
2231995,3,REJECTED,1789018561779
2231996,1,INITIATED,1789018561694
2231996,2,VALIDATED,1789018561700
2231996,3,REJECTED,1789018561773
2231997,1,INITIATED,1789018561694
2231997,2,VALIDATED,1789018561700
2231997,3,REJECTED,1789018561773
2231998,1,INITIATED,1789018561697
2231998,2,VALIDATED,1789018561706
2231998,3,REJECTED,1789018561779
2231999,1,INITIATED,1789018561717
2231999,2,VALIDATED,1789018561779
2231999,3,PROCESSED,1789018561785
2232000,1,INITIATED,1789018561736
2232000,2,VALIDATED,1789018561779
2232000,3,PROCESSED,1789018561785
2232001,1,INITIATED,1789018561757
2232001,2,VALIDATED,1789018561779
2232001,3,PROCESSED,1789018561785
2232002,1,INITIATED,1789018561777
2232002,2,VALIDATED,1789018561781
2232002,3,PROCESSED,1789018561790
2232003,1,INITIATED,1789018561796
2232003,2,VALIDATED,1789018561800
2232003,3,PROCESSED,1789018561804
2232004,1,INITIATED,1789018561817
2232004,2,VALIDATED,1789018561821
2232004,3,PROCESSED,1789018561826
2232005,1,INITIATED,1789018561837
2232005,2,VALIDATED,1789018561842
2232005,3,PROCESSED,1789018561846
2232006,1,INITIATED,1789018561857
2232006,2,VALIDATED,1789018561861
2232006,3,PROCESSED,1789018561866
2232007,1,INITIATED,1789018561877
2232007,2,VALIDATED,1789018561881
2232007,3,PROCESSED,1789018561886
2232008,1,INITIATED,1789018561897
2232008,2,VALIDATED,1789018561903
2232008,3,PROCESSED,1789018561909
2232009,1,INITIATED,1789018561917
2232009,2,VALIDATED,1789018561923
2232009,3,PROCESSED,1789018561932
2232010,1,INITIATED,1789018561937
2232010,2,VALIDATED,1789018561941
2232010,3,PROCESSED,1789018561947
2232011,1,INITIATED,1789018561957
2232011,2,VALIDATED,1789018561963
2232011,3,PROCESSED,1789018561970
2232012,1,INITIATED,1789018561976
2232012,2,VALIDATED,1789018561981
2232012,3,PROCESSED,1789018561986
2232013,1,INITIATED,1789018561997
2232013,2,VALIDATED,1789018562000
2232013,3,PROCESSED,1789018562005
2232014,1,INITIATED,1789018562017
2232014,2,VALIDATED,1789018562021
2232014,3,PROCESSED,1789018562026
2232015,1,INITIATED,1789018562037
2232015,2,VALIDATED,1789018562044
2232015,3,PROCESSED,1789018562048
2232016,1,INITIATED,1789018562057
2232016,2,VALIDATED,1789018562061
2232016,3,PROCESSED,1789018562066
2232017,1,INITIATED,1789018562077
2232017,2,VALIDATED,1789018562081
2232017,3,PROCESSED,1789018562086
2232018,1,INITIATED,1789018562097
2232018,2,VALIDATED,1789018562100
2232018,3,PROCESSED,1789018562105
2232019,1,INITIATED,1789018562117
2232019,2,VALIDATED,1789018562121
2232019,3,PROCESSED,1789018562127
2232020,1,INITIATED,1789018562137
2232020,2,VALIDATED,1789018562141
2232020,3,PROCESSED,1789018562145
2232021,1,INITIATED,1789018562156
2232021,2,VALIDATED,1789018562160
2232021,3,PROCESSED,1789018562165
2232022,1,INITIATED,1789018562292
2232022,2,VALIDATED,1789018562307
2232022,3,PROCESSED,1789018562422
2232023,1,INITIATED,1789018562291
2232023,2,VALIDATED,1789018562308
2232023,3,PROCESSED,1789018562423
2232024,1,INITIATED,1789018562292
2232024,2,VALIDATED,1789018562307
2232024,3,PROCESSED,1789018562423
2232025,1,INITIATED,1789018562291
2232025,2,VALIDATED,1789018562308
2232025,3,PROCESSED,1789018562423
2232026,1,INITIATED,1789018562291
2232026,2,VALIDATED,1789018562308
2232026,3,PROCESSED,1789018562424
2232027,1,INITIATED,1789018562291
2232027,2,VALIDATED,1789018562307
2232027,3,PROCESSED,1789018562422
2232028,1,INITIATED,1789018562297
2232028,2,VALIDATED,1789018562409
2232028,3,PROCESSED,1789018562682
2232029,1,INITIATED,1789018562407
2232029,2,VALIDATED,1789018562679
2232029,3,PROCESSED,1789018562694
2232030,1,INITIATED,1789018562407
2232030,2,VALIDATED,1789018562679
2232030,3,PROCESSED,1789018562695
2232031,1,INITIATED,1789018562407
2232031,2,VALIDATED,1789018562679
2232031,3,PROCESSED,1789018562694
2232032,1,INITIATED,1789018562407
2232032,2,VALIDATED,1789018562678
2232032,3,PROCESSED,1789018562694
2232033,1,INITIATED,1789018562407
2232033,2,VALIDATED,1789018562678
2232033,3,PROCESSED,1789018562695
2232034,1,INITIATED,1789018562418
2232034,2,VALIDATED,1789018562678
2232034,3,PROCESSED,1789018562694
2232035,1,INITIATED,1789018562679
2232035,2,VALIDATED,1789018562691
2232035,3,PROCESSED,1789018562751
2232036,1,INITIATED,1789018562679
2232036,2,VALIDATED,1789018562692
2232036,3,PROCESSED,1789018562752
2232037,1,INITIATED,1789018562676
2232037,2,VALIDATED,1789018562692
2232037,3,PROCESSED,1789018562752
2232038,1,INITIATED,1789018562679
2232038,2,VALIDATED,1789018562743
2232038,3,PROCESSED,1789018562753
2232039,1,INITIATED,1789018562677
2232039,2,VALIDATED,1789018562692
2232039,3,PROCESSED,1789018562752
2232040,1,INITIATED,1789018562678
2232040,2,VALIDATED,1789018562691
2232040,3,PROCESSED,1789018562751
2232041,1,INITIATED,1789018562679
2232041,2,VALIDATED,1789018562691
2232041,3,PROCESSED,1789018562751
2232042,1,INITIATED,1789018562680
2232042,2,VALIDATED,1789018562743
2232042,3,PROCESSED,1789018562754
2232043,1,INITIATED,1789018562677
2232043,2,VALIDATED,1789018562691
2232043,3,PROCESSED,1789018562753
2232044,1,INITIATED,1789018562680
2232044,2,VALIDATED,1789018562692
2232044,3,PROCESSED,1789018562752
2232045,1,INITIATED,1789018562680
2232045,2,VALIDATED,1789018562743
2232045,3,PROCESSED,1789018562754
2232046,1,INITIATED,1789018562680
2232046,2,VALIDATED,1789018562691
2232046,3,PROCESSED,1789018562751
2232047,1,INITIATED,1789018562680
2232047,2,VALIDATED,1789018562743
2232047,3,PROCESSED,1789018562754
2232048,1,INITIATED,1789018562696
2232048,2,VALIDATED,1789018562749
2232048,3,PROCESSED,1789018562759
2232049,1,INITIATED,1789018562717
2232049,2,VALIDATED,1789018562749
2232049,3,PROCESSED,1789018562759
2232050,1,INITIATED,1789018562737
2232050,2,VALIDATED,1789018562750
2232050,3,PROCESSED,1789018562759
2232051,1,INITIATED,1789018562757
2232051,2,VALIDATED,1789018562762
2232051,3,PROCESSED,1789018562767
2232052,1,INITIATED,1789018562778
2232052,2,VALIDATED,1789018562786
2232052,3,PROCESSED,1789018562792
2232053,1,INITIATED,1789018562797
2232053,2,VALIDATED,1789018562802
2232053,3,PROCESSED,1789018562809
2232054,1,INITIATED,1789018562817
2232054,2,VALIDATED,1789018562821
2232054,3,PROCESSED,1789018562827
2232055,1,INITIATED,1789018562837
2232055,2,VALIDATED,1789018562841
2232055,3,PROCESSED,1789018562847
2232056,1,INITIATED,1789018562858
2232056,2,VALIDATED,1789018562862
2232056,3,PROCESSED,1789018562867
2232057,1,INITIATED,1789018562877
2232057,2,VALIDATED,1789018562881
2232057,3,PROCESSED,1789018562886
2232058,1,INITIATED,1789018562897
2232058,2,VALIDATED,1789018562901
2232058,3,PROCESSED,1789018562906
2232059,1,INITIATED,1789018562917
2232059,2,VALIDATED,1789018562921
2232059,3,PROCESSED,1789018562926
2232060,1,INITIATED,1789018562937
2232060,2,VALIDATED,1789018562941
2232060,3,PROCESSED,1789018562946
2232061,1,INITIATED,1789018562956
2232061,2,VALIDATED,1789018562963
2232061,3,PROCESSED,1789018562968
2232062,1,INITIATED,1789018562977
2232062,2,VALIDATED,1789018562981
2232062,3,PROCESSED,1789018562985
2232063,1,INITIATED,1789018562997
2232063,2,VALIDATED,1789018563001
2232063,3,PROCESSED,1789018563006
2232064,1,INITIATED,1789018563016
2232064,2,VALIDATED,1789018563020
2232064,3,PROCESSED,1789018563025
2232065,1,INITIATED,1789018563037
2232065,2,VALIDATED,1789018563042
2232065,3,PROCESSED,1789018563047
2232066,1,INITIATED,1789018563056
2232066,2,VALIDATED,1789018563060
2232066,3,PROCESSED,1789018563065
2232067,1,INITIATED,1789018563077
2232067,2,VALIDATED,1789018563081
2232067,3,PROCESSED,1789018563085
2232068,1,INITIATED,1789018563097
2232068,2,VALIDATED,1789018563102
2232068,3,PROCESSED,1789018563108
2232069,1,INITIATED,1789018563117
2232069,2,VALIDATED,1789018563122
2232069,3,PROCESSED,1789018563128
2232070,1,INITIATED,1789018563136
2232070,2,VALIDATED,1789018563141
2232070,3,PROCESSED,1789018563146
2232071,1,INITIATED,1789018563156
2232071,2,VALIDATED,1789018563160
2232071,3,PROCESSED,1789018563166
2232072,1,INITIATED,1789018563428
2232072,2,VALIDATED,1789018563476
2232072,3,PROCESSED,1789018563718
2232073,1,INITIATED,1789018563429
2232073,2,VALIDATED,1789018563476
2232073,3,PROCESSED,1789018563715
2232074,1,INITIATED,1789018563428
2232074,2,VALIDATED,1789018563476
2232074,3,PROCESSED,1789018563719
2232075,1,INITIATED,1789018563428
2232075,2,VALIDATED,1789018563475
2232075,3,PROCESSED,1789018563717
2232076,1,INITIATED,1789018563429
2232076,2,VALIDATED,1789018563475
2232076,3,PROCESSED,1789018563719
2232077,1,INITIATED,1789018563428
2232077,2,VALIDATED,1789018563475
2232077,3,PROCESSED,1789018563718
2232078,1,INITIATED,1789018563429
2232078,2,VALIDATED,1789018563476
2232078,3,PROCESSED,1789018563718
2232079,1,INITIATED,1789018563428
2232079,2,VALIDATED,1789018563475
2232079,3,PROCESSED,1789018563715
2232080,1,INITIATED,1789018563428
2232080,2,VALIDATED,1789018563476
2232080,3,PROCESSED,1789018563720
2232081,1,INITIATED,1789018563429
2232081,2,VALIDATED,1789018563475
2232081,3,PROCESSED,1789018563719
2232082,1,INITIATED,1789018563429
2232082,2,VALIDATED,1789018563476
2232082,3,PROCESSED,1789018563718
2232083,1,INITIATED,1789018563428
2232083,2,VALIDATED,1789018563475
2232083,3,PROCESSED,1789018563718
2232084,1,INITIATED,1789018563428
2232084,2,VALIDATED,1789018563476
2232084,3,PROCESSED,1789018563719
2232085,1,INITIATED,1789018563437
2232085,2,VALIDATED,1789018563533
2232085,3,PROCESSED,1789018563721
2232086,1,INITIATED,1789018563472
2232086,2,VALIDATED,1789018563545
2232086,3,PROCESSED,1789018563721
2232087,1,INITIATED,1789018563476
2232087,2,VALIDATED,1789018563545
2232087,3,PROCESSED,1789018563721
2232088,1,INITIATED,1789018563531
2232088,2,VALIDATED,1789018563719
2232088,3,PROCESSED,1789018563799
2232089,1,INITIATED,1789018563531
2232089,2,VALIDATED,1789018563719
2232089,3,PROCESSED,1789018563799
2232090,1,INITIATED,1789018563541
2232090,2,VALIDATED,1789018563718
2232090,3,PROCESSED,1789018563799
2232091,1,INITIATED,1789018563715
2232091,2,VALIDATED,1789018563797
2232091,3,PROCESSED,1789018563810
2232092,1,INITIATED,1789018563715
2232092,2,VALIDATED,1789018563798
2232092,3,PROCESSED,1789018563811
2232093,1,INITIATED,1789018563716
2232093,2,VALIDATED,1789018563797
2232093,3,PROCESSED,1789018563810
2232094,1,INITIATED,1789018563716
2232094,2,VALIDATED,1789018563798
2232094,3,PROCESSED,1789018563811
2232095,1,INITIATED,1789018563716
2232095,2,VALIDATED,1789018563797
2232095,3,REJECTED,1789018563805
2232096,1,INITIATED,1789018563716
2232096,2,VALIDATED,1789018563798
2232096,3,REJECTED,1789018563805
2232097,1,INITIATED,1789018563716
2232097,2,VALIDATED,1789018563798
2232097,3,REJECTED,1789018563805
2232098,1,INITIATED,1789018563718
2232098,2,VALIDATED,1789018563797
2232098,3,REJECTED,1789018563805
2232099,1,INITIATED,1789018563719
2232099,2,VALIDATED,1789018563797
2232099,3,PROCESSED,1789018563810
2232100,1,INITIATED,1789018563794
2232100,2,VALIDATED,1789018563804
2232100,3,PROCESSED,1789018563813
2232101,1,INITIATED,1789018563794
2232101,2,VALIDATED,1789018563805
2232101,3,PROCESSED,1789018563813
2232102,1,INITIATED,1789018563795
2232102,2,VALIDATED,1789018563804
2232102,3,PROCESSED,1789018563813
2232103,1,INITIATED,1789018563796
2232103,2,VALIDATED,1789018563805
2232103,3,PROCESSED,1789018563813
2232104,1,INITIATED,1789018563816
2232104,2,VALIDATED,1789018563819
2232104,3,PROCESSED,1789018563825
2232105,1,INITIATED,1789018563837
2232105,2,VALIDATED,1789018563841
2232105,3,PROCESSED,1789018563845
2232106,1,INITIATED,1789018563857
2232106,2,VALIDATED,1789018563862
2232106,3,PROCESSED,1789018563866
2232107,1,INITIATED,1789018563877
2232107,2,VALIDATED,1789018563882
2232107,3,PROCESSED,1789018563887
2232108,1,INITIATED,1789018563897
2232108,2,VALIDATED,1789018563901
2232108,3,PROCESSED,1789018563909
2232109,1,INITIATED,1789018563918
2232109,2,VALIDATED,1789018563922
2232109,3,PROCESSED,1789018563927
2232110,1,INITIATED,1789018563937
2232110,2,VALIDATED,1789018563940
2232110,3,PROCESSED,1789018563945
2232111,1,INITIATED,1789018563957
2232111,2,VALIDATED,1789018563961
2232111,3,PROCESSED,1789018563966
2232112,1,INITIATED,1789018563976
2232112,2,VALIDATED,1789018563980
2232112,3,PROCESSED,1789018563985
2232113,1,INITIATED,1789018563997
2232113,2,VALIDATED,1789018564002
2232113,3,PROCESSED,1789018564008
2232114,1,INITIATED,1789018564017
2232114,2,VALIDATED,1789018564026
2232114,3,PROCESSED,1789018564033
2232115,1,INITIATED,1789018564038
2232115,2,VALIDATED,1789018564042
2232115,3,PROCESSED,1789018564048
2232116,1,INITIATED,1789018564057
2232116,2,VALIDATED,1789018564062
2232116,3,PROCESSED,1789018564067
2232117,1,INITIATED,1789018564076
2232117,2,VALIDATED,1789018564080
2232117,3,PROCESSED,1789018564085
2232118,1,INITIATED,1789018564096
2232118,2,VALIDATED,1789018564100
2232118,3,PROCESSED,1789018564106
2232119,1,INITIATED,1789018564117
2232119,2,VALIDATED,1789018564121
2232119,3,PROCESSED,1789018564129
2232120,1,INITIATED,1789018564137
2232120,2,VALIDATED,1789018564142
2232120,3,PROCESSED,1789018564147
2232121,1,INITIATED,1789018564157
2232121,2,VALIDATED,1789018564162
2232121,3,PROCESSED,1789018564167
2232122,1,INITIATED,1789018564377
2232122,2,VALIDATED,1789018564389
2232122,3,PROCESSED,1789018564426
2232123,1,INITIATED,1789018564378
2232123,2,VALIDATED,1789018564389
2232123,3,PROCESSED,1789018564425
2232124,1,INITIATED,1789018564377
2232124,2,VALIDATED,1789018564389
2232124,3,PROCESSED,1789018564426
2232125,1,INITIATED,1789018564378
2232125,2,VALIDATED,1789018564389
2232125,3,PROCESSED,1789018564428
2232126,1,INITIATED,1789018564378
2232126,2,VALIDATED,1789018564389
2232126,3,PROCESSED,1789018564425
2232127,1,INITIATED,1789018564377
2232127,2,VALIDATED,1789018564388
2232127,3,PROCESSED,1789018564425
2232128,1,INITIATED,1789018564378
2232128,2,VALIDATED,1789018564388
2232128,3,PROCESSED,1789018564426
2232129,1,INITIATED,1789018564377
2232129,2,VALIDATED,1789018564389
2232129,3,PROCESSED,1789018564426
2232130,1,INITIATED,1789018564377
2232130,2,VALIDATED,1789018564388
2232130,3,PROCESSED,1789018564426
2232131,1,INITIATED,1789018564378
2232131,2,VALIDATED,1789018564389
2232131,3,PROCESSED,1789018564425
2232132,1,INITIATED,1789018564378
2232132,2,VALIDATED,1789018564388
2232132,3,PROCESSED,1789018564427
2232133,1,INITIATED,1789018564415
2232133,2,VALIDATED,1789018564570
2232133,3,PROCESSED,1789018564577
2232134,1,INITIATED,1789018564416
2232134,2,VALIDATED,1789018564570
2232134,3,PROCESSED,1789018564577
2232135,1,INITIATED,1789018564569
2232135,2,VALIDATED,1789018564576
2232135,3,PROCESSED,1789018564633
2232136,1,INITIATED,1789018564569
2232136,2,VALIDATED,1789018564576
2232136,3,PROCESSED,1789018564633
2232137,1,INITIATED,1789018564569
2232137,2,VALIDATED,1789018564576
2232137,3,PROCESSED,1789018564633
2232138,1,INITIATED,1789018564569
2232138,2,VALIDATED,1789018564575
2232138,3,PROCESSED,1789018564633
2232139,1,INITIATED,1789018564569
2232139,2,VALIDATED,1789018564574
2232139,3,PROCESSED,1789018564617
2232140,1,INITIATED,1789018564570
2232140,2,VALIDATED,1789018564576
2232140,3,PROCESSED,1789018564633
2232141,1,INITIATED,1789018564569
2232141,2,VALIDATED,1789018564575
2232141,3,PROCESSED,1789018564617
2232142,1,INITIATED,1789018564577
2232142,2,VALIDATED,1789018564631
2232142,3,PROCESSED,1789018564637
2232143,1,INITIATED,1789018564597
2232143,2,VALIDATED,1789018564631
2232143,3,PROCESSED,1789018564637
2232144,1,INITIATED,1789018564616
2232144,2,VALIDATED,1789018564633
2232144,3,PROCESSED,1789018564638
2232145,1,INITIATED,1789018564636
2232145,2,VALIDATED,1789018564639
2232145,3,PROCESSED,1789018564643
2232146,1,INITIATED,1789018564657
2232146,2,VALIDATED,1789018564661
2232146,3,PROCESSED,1789018564665
2232147,1,INITIATED,1789018564677
2232147,2,VALIDATED,1789018564680
2232147,3,PROCESSED,1789018564685
2232148,1,INITIATED,1789018564697
2232148,2,VALIDATED,1789018564701
2232148,3,PROCESSED,1789018564706
2232149,1,INITIATED,1789018564717
2232149,2,VALIDATED,1789018564721
2232149,3,PROCESSED,1789018564725
2232150,1,INITIATED,1789018564737
2232150,2,VALIDATED,1789018564741
2232150,3,PROCESSED,1789018564745
2232151,1,INITIATED,1789018564757
2232151,2,VALIDATED,1789018564761
2232151,3,PROCESSED,1789018564766
2232152,1,INITIATED,1789018564777
2232152,2,VALIDATED,1789018564780
2232152,3,PROCESSED,1789018564785
2232153,1,INITIATED,1789018564797
2232153,2,VALIDATED,1789018564801
2232153,3,PROCESSED,1789018564805
2232154,1,INITIATED,1789018564817
2232154,2,VALIDATED,1789018564821
2232154,3,PROCESSED,1789018564825
2232155,1,INITIATED,1789018564836
2232155,2,VALIDATED,1789018564840
2232155,3,PROCESSED,1789018564844
2232156,1,INITIATED,1789018564858
2232156,2,VALIDATED,1789018564861
2232156,3,PROCESSED,1789018564865
2232157,1,INITIATED,1789018564876
2232157,2,VALIDATED,1789018564880
2232157,3,PROCESSED,1789018564884
2232158,1,INITIATED,1789018564896
2232158,2,VALIDATED,1789018564901
2232158,3,PROCESSED,1789018564905
2232159,1,INITIATED,1789018564916
2232159,2,VALIDATED,1789018564920
2232159,3,PROCESSED,1789018564924
2232160,1,INITIATED,1789018564937
2232160,2,VALIDATED,1789018564940
2232160,3,PROCESSED,1789018564944
2232161,1,INITIATED,1789018564956
2232161,2,VALIDATED,1789018564960
2232161,3,PROCESSED,1789018564963
2232162,1,INITIATED,1789018564976
2232162,2,VALIDATED,1789018564980
2232162,3,PROCESSED,1789018564983
2232163,1,INITIATED,1789018564996
2232163,2,VALIDATED,1789018565007
2232163,3,PROCESSED,1789018565021
2232164,1,INITIATED,1789018565016
2232164,2,VALIDATED,1789018565020
2232164,3,PROCESSED,1789018565024
2232165,1,INITIATED,1789018565037
2232165,2,VALIDATED,1789018565042
2232165,3,PROCESSED,1789018565045
2232166,1,INITIATED,1789018565057
2232166,2,VALIDATED,1789018565060
2232166,3,PROCESSED,1789018565063
2232167,1,INITIATED,1789018565077
2232167,2,VALIDATED,1789018565080
2232167,3,PROCESSED,1789018565083
2232168,1,INITIATED,1789018565097
2232168,2,VALIDATED,1789018565100
2232168,3,PROCESSED,1789018565104
2232169,1,INITIATED,1789018565117
2232169,2,VALIDATED,1789018565120
2232169,3,PROCESSED,1789018565124
2232170,1,INITIATED,1789018565137
2232170,2,VALIDATED,1789018565140
2232170,3,PROCESSED,1789018565143
2232171,1,INITIATED,1789018565157
2232171,2,VALIDATED,1789018565160
2232171,3,PROCESSED,1789018565163
2232172,1,INITIATED,1789018565176
2232172,2,VALIDATED,1789018565361
2232172,3,PROCESSED,1789018565475
2232173,1,INITIATED,1789018565360
2232173,2,VALIDATED,1789018565472
2232173,3,PROCESSED,1789018565509
2232174,1,INITIATED,1789018565360
2232174,2,VALIDATED,1789018565472
2232174,3,PROCESSED,1789018565507
2232175,1,INITIATED,1789018565361
2232175,2,VALIDATED,1789018565471
2232175,3,PROCESSED,1789018565508
2232176,1,INITIATED,1789018565360
2232176,2,VALIDATED,1789018565472
2232176,3,PROCESSED,1789018565507
2232177,1,INITIATED,1789018565360
2232177,2,VALIDATED,1789018565471
2232177,3,PROCESSED,1789018565506
2232178,1,INITIATED,1789018565360
2232178,2,VALIDATED,1789018565472
2232178,3,PROCESSED,1789018565508
2232179,1,INITIATED,1789018565360
2232179,2,VALIDATED,1789018565472
2232179,3,PROCESSED,1789018565507
2232180,1,INITIATED,1789018565360
2232180,2,VALIDATED,1789018565472
2232180,3,PROCESSED,1789018565506
2232181,1,INITIATED,1789018565360
2232181,2,VALIDATED,1789018565472
2232181,3,PROCESSED,1789018565508
2232182,1,INITIATED,1789018565468
2232182,2,VALIDATED,1789018565504
2232182,3,PROCESSED,1789018565510
2232183,1,INITIATED,1789018565468
2232183,2,VALIDATED,1789018565508
2232183,3,PROCESSED,1789018565527
2232184,1,INITIATED,1789018565467
2232184,2,VALIDATED,1789018565504
2232184,3,PROCESSED,1789018565511
2232185,1,INITIATED,1789018565468
2232185,2,VALIDATED,1789018565504
2232185,3,PROCESSED,1789018565511
2232186,1,INITIATED,1789018565468
2232186,2,VALIDATED,1789018565506
2232186,3,PROCESSED,1789018565526
2232187,1,INITIATED,1789018565477
2232187,2,VALIDATED,1789018565504
2232187,3,PROCESSED,1789018565511
2232188,1,INITIATED,1789018565497
2232188,2,VALIDATED,1789018565505
2232188,3,PROCESSED,1789018565511
2232189,1,INITIATED,1789018565516
2232189,2,VALIDATED,1789018565525
2232189,3,PROCESSED,1789018565530
2232190,1,INITIATED,1789018565536
2232190,2,VALIDATED,1789018565546
2232190,3,PROCESSED,1789018565551
2232191,1,INITIATED,1789018565557
2232191,2,VALIDATED,1789018565573
2232191,3,PROCESSED,1789018565577
2232192,1,INITIATED,1789018565576
2232192,2,VALIDATED,1789018565579
2232192,3,PROCESSED,1789018565595
2232193,1,INITIATED,1789018565596
2232193,2,VALIDATED,1789018565610
2232193,3,PROCESSED,1789018565614
2232194,1,INITIATED,1789018565616
2232194,2,VALIDATED,1789018565619
2232194,3,PROCESSED,1789018565623
2232195,1,INITIATED,1789018565636
2232195,2,VALIDATED,1789018565640
2232195,3,REJECTED,1789018565644
2232196,1,INITIATED,1789018565657
2232196,2,VALIDATED,1789018565661
2232196,3,REJECTED,1789018565663
2232197,1,INITIATED,1789018565677
2232197,2,VALIDATED,1789018565680
2232197,3,REJECTED,1789018565682
2232198,1,INITIATED,1789018565697
2232198,2,VALIDATED,1789018565700
2232198,3,REJECTED,1789018565702
2232199,1,INITIATED,1789018565716
2232199,2,VALIDATED,1789018565719
2232199,3,PROCESSED,1789018565723
2232200,1,INITIATED,1789018565737
2232200,2,VALIDATED,1789018565741
2232200,3,PROCESSED,1789018565745
2232201,1,INITIATED,1789018565757
2232201,2,VALIDATED,1789018565762
2232201,3,PROCESSED,1789018565767
2232202,1,INITIATED,1789018565778
2232202,2,VALIDATED,1789018565784
2232202,3,PROCESSED,1789018565788
2232203,1,INITIATED,1789018565929
2232203,2,VALIDATED,1789018565933
2232203,3,PROCESSED,1789018566032
2232204,1,INITIATED,1789018565929
2232204,2,VALIDATED,1789018565933
2232204,3,PROCESSED,1789018566032
2232205,1,INITIATED,1789018565929
2232205,2,VALIDATED,1789018565933
2232205,3,PROCESSED,1789018566032
2232206,1,INITIATED,1789018565929
2232206,2,VALIDATED,1789018565933
2232206,3,PROCESSED,1789018566032
2232207,1,INITIATED,1789018565929
2232207,2,VALIDATED,1789018565933
2232207,3,PROCESSED,1789018566032
2232208,1,INITIATED,1789018565929
2232208,2,VALIDATED,1789018565933
2232208,3,PROCESSED,1789018566032
2232209,1,INITIATED,1789018565929
2232209,2,VALIDATED,1789018565933
2232209,3,PROCESSED,1789018566032
2232210,1,INITIATED,1789018565937
2232210,2,VALIDATED,1789018566031
2232210,3,PROCESSED,1789018566047
2232211,1,INITIATED,1789018565956
2232211,2,VALIDATED,1789018566046
2232211,3,PROCESSED,1789018566050
2232212,1,INITIATED,1789018565976
2232212,2,VALIDATED,1789018566046
2232212,3,PROCESSED,1789018566050
2232213,1,INITIATED,1789018565997
2232213,2,VALIDATED,1789018566046
2232213,3,PROCESSED,1789018566050
2232214,1,INITIATED,1789018566017
2232214,2,VALIDATED,1789018566046
2232214,3,PROCESSED,1789018566051
2232215,1,INITIATED,1789018566036
2232215,2,VALIDATED,1789018566046
2232215,3,PROCESSED,1789018566050
2232216,1,INITIATED,1789018566056
2232216,2,VALIDATED,1789018566059
2232216,3,PROCESSED,1789018566063
2232217,1,INITIATED,1789018566076
2232217,2,VALIDATED,1789018566079
2232217,3,PROCESSED,1789018566083
2232218,1,INITIATED,1789018566097
2232218,2,VALIDATED,1789018566101
2232218,3,PROCESSED,1789018566105
2232219,1,INITIATED,1789018566116
2232219,2,VALIDATED,1789018566120
2232219,3,PROCESSED,1789018566123
2232220,1,INITIATED,1789018566136
2232220,2,VALIDATED,1789018566140
2232220,3,PROCESSED,1789018566143
2232221,1,INITIATED,1789018566156
2232221,2,VALIDATED,1789018566163
2232221,3,PROCESSED,1789018566167
2232222,1,INITIATED,1789018566177
2232222,2,VALIDATED,1789018566462
2232222,3,PROCESSED,1789018566581
2232223,1,INITIATED,1789018566461
2232223,2,VALIDATED,1789018566466
2232223,3,PROCESSED,1789018566586
2232224,1,INITIATED,1789018566461
2232224,2,VALIDATED,1789018566466
2232224,3,PROCESSED,1789018566585
2232225,1,INITIATED,1789018566462
2232225,2,VALIDATED,1789018566578
2232225,3,PROCESSED,1789018566862
2232226,1,INITIATED,1789018566461
2232226,2,VALIDATED,1789018566466
2232226,3,PROCESSED,1789018566586
2232227,1,INITIATED,1789018566461
2232227,2,VALIDATED,1789018566466
2232227,3,PROCESSED,1789018566586
2232228,1,INITIATED,1789018566462
2232228,2,VALIDATED,1789018566577
2232228,3,PROCESSED,1789018566861
2232229,1,INITIATED,1789018566462
2232229,2,VALIDATED,1789018566576
2232229,3,PROCESSED,1789018566861
2232230,1,INITIATED,1789018566462
2232230,2,VALIDATED,1789018566579
2232230,3,PROCESSED,1789018566861
2232231,1,INITIATED,1789018566461
2232231,2,VALIDATED,1789018566466
2232231,3,PROCESSED,1789018566586
2232232,1,INITIATED,1789018566461
2232232,2,VALIDATED,1789018566466
2232232,3,PROCESSED,1789018566586
2232233,1,INITIATED,1789018566461
2232233,2,VALIDATED,1789018566577
2232233,3,PROCESSED,1789018566862
2232234,1,INITIATED,1789018566461
2232234,2,VALIDATED,1789018566466
2232234,3,PROCESSED,1789018566586
2232235,1,INITIATED,1789018566462
2232235,2,VALIDATED,1789018566577
2232235,3,PROCESSED,1789018566861
2232236,1,INITIATED,1789018566461
2232236,2,VALIDATED,1789018566466
2232236,3,PROCESSED,1789018566586
2232237,1,INITIATED,1789018566478
2232237,2,VALIDATED,1789018566586
2232237,3,PROCESSED,1789018566860
2232238,1,INITIATED,1789018566577
2232238,2,VALIDATED,1789018566859
2232238,3,PROCESSED,1789018566880
2232239,1,INITIATED,1789018566576
2232239,2,VALIDATED,1789018566857
2232239,3,PROCESSED,1789018566881
2232240,1,INITIATED,1789018566577
2232240,2,VALIDATED,1789018566860
2232240,3,PROCESSED,1789018566880
2232241,1,INITIATED,1789018566576
2232241,2,VALIDATED,1789018566856
2232241,3,PROCESSED,1789018566880
2232242,1,INITIATED,1789018566580
2232242,2,VALIDATED,1789018566857
2232242,3,PROCESSED,1789018566880
2232243,1,INITIATED,1789018566598
2232243,2,VALIDATED,1789018566862
2232243,3,PROCESSED,1789018566964
2232244,1,INITIATED,1789018566859
2232244,2,VALIDATED,1789018566879
2232244,3,PROCESSED,1789018566965
2232245,1,INITIATED,1789018566856
2232245,2,VALIDATED,1789018566878
2232245,3,PROCESSED,1789018566965
2232246,1,INITIATED,1789018566858
2232246,2,VALIDATED,1789018566878
2232246,3,PROCESSED,1789018566965
2232247,1,INITIATED,1789018566856
2232247,2,VALIDATED,1789018566878
2232247,3,PROCESSED,1789018566966
2232248,1,INITIATED,1789018566855
2232248,2,VALIDATED,1789018566878
2232248,3,PROCESSED,1789018566966
2232249,1,INITIATED,1789018566855
2232249,2,VALIDATED,1789018566879
2232249,3,PROCESSED,1789018566966
2232250,1,INITIATED,1789018566856
2232250,2,VALIDATED,1789018566878
2232250,3,PROCESSED,1789018566967
2232251,1,INITIATED,1789018566852
2232251,2,VALIDATED,1789018566861
2232251,3,PROCESSED,1789018566963
2232252,1,INITIATED,1789018566852
2232252,2,VALIDATED,1789018566862
2232252,3,PROCESSED,1789018566962
2232253,1,INITIATED,1789018566854
2232253,2,VALIDATED,1789018566864
2232253,3,PROCESSED,1789018566964
2232254,1,INITIATED,1789018566857
2232254,2,VALIDATED,1789018566879
2232254,3,PROCESSED,1789018566965
2232255,1,INITIATED,1789018566858
2232255,2,VALIDATED,1789018566878
2232255,3,PROCESSED,1789018566966
2232256,1,INITIATED,1789018566860
2232256,2,VALIDATED,1789018566878
2232256,3,PROCESSED,1789018566966
2232257,1,INITIATED,1789018566877
2232257,2,VALIDATED,1789018566962
2232257,3,PROCESSED,1789018566969
2232258,1,INITIATED,1789018566897
2232258,2,VALIDATED,1789018566961
2232258,3,PROCESSED,1789018566969
2232259,1,INITIATED,1789018566916
2232259,2,VALIDATED,1789018566962
2232259,3,PROCESSED,1789018566969
2232260,1,INITIATED,1789018566936
2232260,2,VALIDATED,1789018566961
2232260,3,PROCESSED,1789018566969
2232261,1,INITIATED,1789018566957
2232261,2,VALIDATED,1789018566963
2232261,3,PROCESSED,1789018566969
2232262,1,INITIATED,1789018566976
2232262,2,VALIDATED,1789018566979
2232262,3,PROCESSED,1789018566994
2232263,1,INITIATED,1789018566996
2232263,2,VALIDATED,1789018566998
2232263,3,PROCESSED,1789018567002
2232264,1,INITIATED,1789018567017
2232264,2,VALIDATED,1789018567020
2232264,3,PROCESSED,1789018567024
2232265,1,INITIATED,1789018567036
2232265,2,VALIDATED,1789018567040
2232265,3,PROCESSED,1789018567043
2232266,1,INITIATED,1789018567056
2232266,2,VALIDATED,1789018567060
2232266,3,PROCESSED,1789018567063
2232267,1,INITIATED,1789018567076
2232267,2,VALIDATED,1789018567080
2232267,3,PROCESSED,1789018567082
2232268,1,INITIATED,1789018567096
2232268,2,VALIDATED,1789018567100
2232268,3,PROCESSED,1789018567104
2232269,1,INITIATED,1789018567117
2232269,2,VALIDATED,1789018567120
2232269,3,PROCESSED,1789018567124
2232270,1,INITIATED,1789018567136
2232270,2,VALIDATED,1789018567139
2232270,3,PROCESSED,1789018567142
2232271,1,INITIATED,1789018567156
2232271,2,VALIDATED,1789018567160
2232271,3,PROCESSED,1789018567163
2232272,1,INITIATED,1789018567183
2232272,2,VALIDATED,1789018567430
2232272,3,PROCESSED,1789018567560
2232273,1,INITIATED,1789018567200
2232273,2,VALIDATED,1789018567430
2232273,3,PROCESSED,1789018567559
2232274,1,INITIATED,1789018567430
2232274,2,VALIDATED,1789018567558
2232274,3,PROCESSED,1789018567837
2232275,1,INITIATED,1789018567430
2232275,2,VALIDATED,1789018567557
2232275,3,PROCESSED,1789018567835
2232276,1,INITIATED,1789018567429
2232276,2,VALIDATED,1789018567558
2232276,3,PROCESSED,1789018567836
2232277,1,INITIATED,1789018567430
2232277,2,VALIDATED,1789018567558
2232277,3,PROCESSED,1789018567836
2232278,1,INITIATED,1789018567429
2232278,2,VALIDATED,1789018567558
2232278,3,PROCESSED,1789018567835
2232279,1,INITIATED,1789018567430
2232279,2,VALIDATED,1789018567558
2232279,3,PROCESSED,1789018567835
2232280,1,INITIATED,1789018567430
2232280,2,VALIDATED,1789018567557
2232280,3,PROCESSED,1789018567836
2232281,1,INITIATED,1789018567429
2232281,2,VALIDATED,1789018567557
2232281,3,PROCESSED,1789018567837
2232282,1,INITIATED,1789018567429
2232282,2,VALIDATED,1789018567558
2232282,3,PROCESSED,1789018567836
2232283,1,INITIATED,1789018567429
2232283,2,VALIDATED,1789018567558
2232283,3,PROCESSED,1789018567836
2232284,1,INITIATED,1789018567429
2232284,2,VALIDATED,1789018567557
2232284,3,PROCESSED,1789018567837
2232285,1,INITIATED,1789018567436
2232285,2,VALIDATED,1789018567558
2232285,3,PROCESSED,1789018567836
2232286,1,INITIATED,1789018567555
2232286,2,VALIDATED,1789018567834
2232286,3,PROCESSED,1789018567857
2232287,1,INITIATED,1789018567555
2232287,2,VALIDATED,1789018567832
2232287,3,PROCESSED,1789018567857
2232288,1,INITIATED,1789018567555
2232288,2,VALIDATED,1789018567833
2232288,3,PROCESSED,1789018567857
2232289,1,INITIATED,1789018567555
2232289,2,VALIDATED,1789018567603
2232289,3,PROCESSED,1789018567857
2232290,1,INITIATED,1789018567555
2232290,2,VALIDATED,1789018567832
2232290,3,PROCESSED,1789018567858
2232291,1,INITIATED,1789018567557
2232291,2,VALIDATED,1789018567832
2232291,3,PROCESSED,1789018567857
2232292,1,INITIATED,1789018567600
2232292,2,VALIDATED,1789018567835
2232292,3,PROCESSED,1789018567857
2232293,1,INITIATED,1789018567599
2232293,2,VALIDATED,1789018567833
2232293,3,PROCESSED,1789018567858
2232294,1,INITIATED,1789018567834
2232294,2,VALIDATED,1789018567854
2232294,3,PROCESSED,1789018567955
2232295,1,INITIATED,1789018567834
2232295,2,VALIDATED,1789018567855
2232295,3,REJECTED,1789018567954
2232296,1,INITIATED,1789018567833
2232296,2,VALIDATED,1789018567855
2232296,3,REJECTED,1789018567954
2232297,1,INITIATED,1789018567834
2232297,2,VALIDATED,1789018567855
2232297,3,REJECTED,1789018567953
2232298,1,INITIATED,1789018567832
2232298,2,VALIDATED,1789018567855
2232298,3,REJECTED,1789018567954
2232299,1,INITIATED,1789018567836
2232299,2,VALIDATED,1789018567952
2232299,3,PROCESSED,1789018567975
2232300,1,INITIATED,1789018567833
2232300,2,VALIDATED,1789018567854
2232300,3,PROCESSED,1789018567955
2232301,1,INITIATED,1789018567832
2232301,2,VALIDATED,1789018567855
2232301,3,PROCESSED,1789018567955
2232302,1,INITIATED,1789018567834
2232302,2,VALIDATED,1789018567854
2232302,3,PROCESSED,1789018567955
2232303,1,INITIATED,1789018567835
2232303,2,VALIDATED,1789018567952
2232303,3,PROCESSED,1789018567974
2232304,1,INITIATED,1789018567833
2232304,2,VALIDATED,1789018567854
2232304,3,PROCESSED,1789018567956
2232305,1,INITIATED,1789018567838
2232305,2,VALIDATED,1789018567952
2232305,3,PROCESSED,1789018567974
2232306,1,INITIATED,1789018567950
2232306,2,VALIDATED,1789018567956
2232306,3,PROCESSED,1789018567975
2232307,1,INITIATED,1789018567950
2232307,2,VALIDATED,1789018567972
2232307,3,PROCESSED,1789018567978
2232308,1,INITIATED,1789018567951
2232308,2,VALIDATED,1789018567972
2232308,3,PROCESSED,1789018567978
2232309,1,INITIATED,1789018567951
2232309,2,VALIDATED,1789018567972
2232309,3,PROCESSED,1789018567978
2232310,1,INITIATED,1789018567951
2232310,2,VALIDATED,1789018567972
2232310,3,PROCESSED,1789018567978
2232311,1,INITIATED,1789018567957
2232311,2,VALIDATED,1789018567972
2232311,3,PROCESSED,1789018567979
2232312,1,INITIATED,1789018567976
2232312,2,VALIDATED,1789018567980
2232312,3,PROCESSED,1789018567983
2232313,1,INITIATED,1789018567996
2232313,2,VALIDATED,1789018568000
2232313,3,PROCESSED,1789018568005
2232314,1,INITIATED,1789018568016
2232314,2,VALIDATED,1789018568020
2232314,3,PROCESSED,1789018568024
2232315,1,INITIATED,1789018568036
2232315,2,VALIDATED,1789018568040
2232315,3,PROCESSED,1789018568044
2232316,1,INITIATED,1789018568056
2232316,2,VALIDATED,1789018568060
2232316,3,PROCESSED,1789018568063
2232317,1,INITIATED,1789018568076
2232317,2,VALIDATED,1789018568085
2232317,3,PROCESSED,1789018568089
2232318,1,INITIATED,1789018568096
2232318,2,VALIDATED,1789018568107
2232318,3,PROCESSED,1789018568111
2232319,1,INITIATED,1789018568117
2232319,2,VALIDATED,1789018568121
2232319,3,PROCESSED,1789018568141
2232320,1,INITIATED,1789018568138
2232320,2,VALIDATED,1789018568157
2232320,3,PROCESSED,1789018568161
2232321,1,INITIATED,1789018568156
2232321,2,VALIDATED,1789018568159
2232321,3,PROCESSED,1789018568163
2232322,1,INITIATED,1789018568177
2232322,2,VALIDATED,1789018568437
2232322,3,PROCESSED,1789018568569
2232323,1,INITIATED,1789018568436
2232323,2,VALIDATED,1789018568441
2232323,3,PROCESSED,1789018568569
2232324,1,INITIATED,1789018568436
2232324,2,VALIDATED,1789018568565
2232324,3,PROCESSED,1789018568869
2232325,1,INITIATED,1789018568436
2232325,2,VALIDATED,1789018568441
2232325,3,PROCESSED,1789018568569
2232326,1,INITIATED,1789018568436
2232326,2,VALIDATED,1789018568566
2232326,3,PROCESSED,1789018568869
2232327,1,INITIATED,1789018568436
2232327,2,VALIDATED,1789018568565
2232327,3,PROCESSED,1789018568869
2232328,1,INITIATED,1789018568436
2232328,2,VALIDATED,1789018568441
2232328,3,PROCESSED,1789018568570
2232329,1,INITIATED,1789018568436
2232329,2,VALIDATED,1789018568565
2232329,3,PROCESSED,1789018568869
2232330,1,INITIATED,1789018568436
2232330,2,VALIDATED,1789018568441
2232330,3,PROCESSED,1789018568570
2232331,1,INITIATED,1789018568436
2232331,2,VALIDATED,1789018568566
2232331,3,PROCESSED,1789018568869
2232332,1,INITIATED,1789018568437
2232332,2,VALIDATED,1789018568565
2232332,3,PROCESSED,1789018568869
2232333,1,INITIATED,1789018568436
2232333,2,VALIDATED,1789018568441
2232333,3,PROCESSED,1789018568570
2232334,1,INITIATED,1789018568436
2232334,2,VALIDATED,1789018568565
2232334,3,PROCESSED,1789018568869
2232335,1,INITIATED,1789018568437
2232335,2,VALIDATED,1789018568567
2232335,3,PROCESSED,1789018568869
2232336,1,INITIATED,1789018568564
2232336,2,VALIDATED,1789018568866
2232336,3,PROCESSED,1789018568984
2232337,1,INITIATED,1789018568564
2232337,2,VALIDATED,1789018568865
2232337,3,PROCESSED,1789018568887
2232338,1,INITIATED,1789018568564
2232338,2,VALIDATED,1789018568867
2232338,3,PROCESSED,1789018568985
2232339,1,INITIATED,1789018568564
2232339,2,VALIDATED,1789018568867
2232339,3,PROCESSED,1789018568985
2232340,1,INITIATED,1789018568564
2232340,2,VALIDATED,1789018568866
2232340,3,PROCESSED,1789018568985
2232341,1,INITIATED,1789018568564
2232341,2,VALIDATED,1789018568866
2232341,3,PROCESSED,1789018568984
2232342,1,INITIATED,1789018568586
2232342,2,VALIDATED,1789018568868
2232342,3,PROCESSED,1789018568984
2232343,1,INITIATED,1789018568868
2232343,2,VALIDATED,1789018568982
2232343,3,PROCESSED,1789018568991
2232344,1,INITIATED,1789018568868
2232344,2,VALIDATED,1789018568982
2232344,3,PROCESSED,1789018568993
2232345,1,INITIATED,1789018568867
2232345,2,VALIDATED,1789018568981
2232345,3,PROCESSED,1789018568989
2232346,1,INITIATED,1789018568867
2232346,2,VALIDATED,1789018568980
2232346,3,PROCESSED,1789018568990
2232347,1,INITIATED,1789018568865
2232347,2,VALIDATED,1789018568981
2232347,3,PROCESSED,1789018568991
2232348,1,INITIATED,1789018568866
2232348,2,VALIDATED,1789018568982
2232348,3,PROCESSED,1789018568992
2232349,1,INITIATED,1789018568867
2232349,2,VALIDATED,1789018568981
2232349,3,PROCESSED,1789018568990
2232350,1,INITIATED,1789018568868
2232350,2,VALIDATED,1789018568982
2232350,3,PROCESSED,1789018568993
2232351,1,INITIATED,1789018568866
2232351,2,VALIDATED,1789018568885
2232351,3,PROCESSED,1789018568987
2232352,1,INITIATED,1789018568868
2232352,2,VALIDATED,1789018568980
2232352,3,PROCESSED,1789018568990
2232353,1,INITIATED,1789018568868
2232353,2,VALIDATED,1789018568981
2232353,3,PROCESSED,1789018568990
2232354,1,INITIATED,1789018568866
2232354,2,VALIDATED,1789018568981
2232354,3,PROCESSED,1789018568989
2232355,1,INITIATED,1789018568866
2232355,2,VALIDATED,1789018568981
2232355,3,PROCESSED,1789018568991
2232356,1,INITIATED,1789018568865
2232356,2,VALIDATED,1789018568885
2232356,3,PROCESSED,1789018568987
2232357,1,INITIATED,1789018568877
2232357,2,VALIDATED,1789018568981
2232357,3,PROCESSED,1789018568990
2232358,1,INITIATED,1789018568896
2232358,2,VALIDATED,1789018568984
2232358,3,PROCESSED,1789018568993
2232359,1,INITIATED,1789018568917
2232359,2,VALIDATED,1789018568984
2232359,3,PROCESSED,1789018568993
2232360,1,INITIATED,1789018568979
2232360,2,VALIDATED,1789018568985
2232360,3,PROCESSED,1789018568996
2232361,1,INITIATED,1789018568979
2232361,2,VALIDATED,1789018568986
2232361,3,PROCESSED,1789018568997
2232362,1,INITIATED,1789018568979
2232362,2,VALIDATED,1789018568986
2232362,3,PROCESSED,1789018568996
2232363,1,INITIATED,1789018568997
2232363,2,VALIDATED,1789018569014
2232363,3,PROCESSED,1789018569018
2232364,1,INITIATED,1789018569016
2232364,2,VALIDATED,1789018569019
2232364,3,PROCESSED,1789018569022
2232365,1,INITIATED,1789018569036
2232365,2,VALIDATED,1789018569039
2232365,3,PROCESSED,1789018569043
2232366,1,INITIATED,1789018569056
2232366,2,VALIDATED,1789018569060
2232366,3,PROCESSED,1789018569064
2232367,1,INITIATED,1789018569076
2232367,2,VALIDATED,1789018569079
2232367,3,PROCESSED,1789018569082
2232368,1,INITIATED,1789018569096
2232368,2,VALIDATED,1789018569099
2232368,3,PROCESSED,1789018569107
2232369,1,INITIATED,1789018569117
2232369,2,VALIDATED,1789018569128
2232369,3,PROCESSED,1789018569133
2232370,1,INITIATED,1789018569136
2232370,2,VALIDATED,1789018569139
2232370,3,PROCESSED,1789018569143
2232371,1,INITIATED,1789018569157
2232371,2,VALIDATED,1789018569160
2232371,3,PROCESSED,1789018569163
2232372,1,INITIATED,1789018569177
2232372,2,VALIDATED,1789018569198
2232372,3,PROCESSED,1789018569484
2232373,1,INITIATED,1789018569197
2232373,2,VALIDATED,1789018569481
2232373,3,PROCESSED,1789018569597
2232374,1,INITIATED,1789018569479
2232374,2,VALIDATED,1789018569485
2232374,3,PROCESSED,1789018569600
2232375,1,INITIATED,1789018569479
2232375,2,VALIDATED,1789018569485
2232375,3,PROCESSED,1789018569600
2232376,1,INITIATED,1789018569480
2232376,2,VALIDATED,1789018569593
2232376,3,PROCESSED,1789018569926
2232377,1,INITIATED,1789018569479
2232377,2,VALIDATED,1789018569485
2232377,3,PROCESSED,1789018569600
2232378,1,INITIATED,1789018569480
2232378,2,VALIDATED,1789018569593
2232378,3,PROCESSED,1789018569926
2232379,1,INITIATED,1789018569480
2232379,2,VALIDATED,1789018569593
2232379,3,PROCESSED,1789018569926
2232380,1,INITIATED,1789018569480
2232380,2,VALIDATED,1789018569594
2232380,3,PROCESSED,1789018569926
2232381,1,INITIATED,1789018569480
2232381,2,VALIDATED,1789018569593
2232381,3,PROCESSED,1789018569927
2232382,1,INITIATED,1789018569480
2232382,2,VALIDATED,1789018569594
2232382,3,PROCESSED,1789018569926
2232383,1,INITIATED,1789018569479
2232383,2,VALIDATED,1789018569485
2232383,3,PROCESSED,1789018569600
2232384,1,INITIATED,1789018569480
2232384,2,VALIDATED,1789018569485
2232384,3,PROCESSED,1789018569599
2232385,1,INITIATED,1789018569480
2232385,2,VALIDATED,1789018569593
2232385,3,PROCESSED,1789018569927
2232386,1,INITIATED,1789018569481
2232386,2,VALIDATED,1789018569593
2232386,3,PROCESSED,1789018569927
2232387,1,INITIATED,1789018569479
2232387,2,VALIDATED,1789018569485
2232387,3,PROCESSED,1789018569599
2232388,1,INITIATED,1789018569498
2232388,2,VALIDATED,1789018569918
2232388,3,PROCESSED,1789018569929
2232389,1,INITIATED,1789018569593
2232389,2,VALIDATED,1789018569920
2232389,3,PROCESSED,1789018569942
2232390,1,INITIATED,1789018569593
2232390,2,VALIDATED,1789018569920
2232390,3,PROCESSED,1789018570040
2232391,1,INITIATED,1789018569592
2232391,2,VALIDATED,1789018569919
2232391,3,PROCESSED,1789018569942
2232392,1,INITIATED,1789018569592
2232392,2,VALIDATED,1789018569919
2232392,3,PROCESSED,1789018569930
2232393,1,INITIATED,1789018569598
2232393,2,VALIDATED,1789018569919
2232393,3,PROCESSED,1789018569929
2232394,1,INITIATED,1789018569650
2232394,2,VALIDATED,1789018569923
2232394,3,PROCESSED,1789018569942
2232395,1,INITIATED,1789018569650
2232395,2,VALIDATED,1789018569923
2232395,3,REJECTED,1789018570035
2232396,1,INITIATED,1789018569918
2232396,2,VALIDATED,1789018569941
2232396,3,REJECTED,1789018570037
2232397,1,INITIATED,1789018569925
2232397,2,VALIDATED,1789018570035
2232397,3,REJECTED,1789018570042
2232398,1,INITIATED,1789018569923
2232398,2,VALIDATED,1789018570036
2232398,3,REJECTED,1789018570042
2232399,1,INITIATED,1789018569923
2232399,2,VALIDATED,1789018570038
2232399,3,PROCESSED,1789018570045
2232400,1,INITIATED,1789018569918
2232400,2,VALIDATED,1789018569941
2232400,3,PROCESSED,1789018570041
2232401,1,INITIATED,1789018569921
2232401,2,VALIDATED,1789018570036
2232401,3,PROCESSED,1789018570045
2232402,1,INITIATED,1789018569921
2232402,2,VALIDATED,1789018570036
2232402,3,PROCESSED,1789018570045
2232403,1,INITIATED,1789018569922
2232403,2,VALIDATED,1789018570036
2232403,3,PROCESSED,1789018570044
2232404,1,INITIATED,1789018569918
2232404,2,VALIDATED,1789018569928
2232404,3,PROCESSED,1789018570039
2232405,1,INITIATED,1789018569923
2232405,2,VALIDATED,1789018570035
2232405,3,PROCESSED,1789018570045
2232406,1,INITIATED,1789018569918
2232406,2,VALIDATED,1789018569928
2232406,3,PROCESSED,1789018570038
2232407,1,INITIATED,1789018569923
2232407,2,VALIDATED,1789018570039
2232407,3,PROCESSED,1789018570046
2232408,1,INITIATED,1789018569920
2232408,2,VALIDATED,1789018570035
2232408,3,PROCESSED,1789018570046
2232409,1,INITIATED,1789018569925
2232409,2,VALIDATED,1789018570036
2232409,3,PROCESSED,1789018570045
2232410,1,INITIATED,1789018569936
2232410,2,VALIDATED,1789018570038
2232410,3,PROCESSED,1789018570045
2232411,1,INITIATED,1789018569956
2232411,2,VALIDATED,1789018570038
2232411,3,PROCESSED,1789018570046
2232412,1,INITIATED,1789018570033
2232412,2,VALIDATED,1789018570042
2232412,3,PROCESSED,1789018570047
2232413,1,INITIATED,1789018570033
2232413,2,VALIDATED,1789018570041
2232413,3,PROCESSED,1789018570047
2232414,1,INITIATED,1789018570034
2232414,2,VALIDATED,1789018570041
2232414,3,PROCESSED,1789018570047
2232415,1,INITIATED,1789018570038
2232415,2,VALIDATED,1789018570044
2232415,3,PROCESSED,1789018570050
2232416,1,INITIATED,1789018570056
2232416,2,VALIDATED,1789018570059
2232416,3,PROCESSED,1789018570063
2232417,1,INITIATED,1789018570077
2232417,2,VALIDATED,1789018570080
2232417,3,PROCESSED,1789018570084
2232418,1,INITIATED,1789018570097
2232418,2,VALIDATED,1789018570101
2232418,3,PROCESSED,1789018570106
2232419,1,INITIATED,1789018570118
2232419,2,VALIDATED,1789018570123
2232419,3,PROCESSED,1789018570130
2232420,1,INITIATED,1789018570138
2232420,2,VALIDATED,1789018570143
2232420,3,PROCESSED,1789018570151
2232421,1,INITIATED,1789018570158
2232421,2,VALIDATED,1789018570162
2232421,3,PROCESSED,1789018570166
2232422,1,INITIATED,1789018570177
2232422,2,VALIDATED,1789018570440
2232422,3,PROCESSED,1789018570552
2232423,1,INITIATED,1789018570207
2232423,2,VALIDATED,1789018570441
2232423,3,PROCESSED,1789018570553
2232424,1,INITIATED,1789018570441
2232424,2,VALIDATED,1789018570550
2232424,3,PROCESSED,1789018570557
2232425,1,INITIATED,1789018570441
2232425,2,VALIDATED,1789018570550
2232425,3,PROCESSED,1789018570807
2232426,1,INITIATED,1789018570439
2232426,2,VALIDATED,1789018570551
2232426,3,PROCESSED,1789018570805
2232427,1,INITIATED,1789018570439
2232427,2,VALIDATED,1789018570550
2232427,3,PROCESSED,1789018570810
2232428,1,INITIATED,1789018570440
2232428,2,VALIDATED,1789018570550
2232428,3,PROCESSED,1789018570808
2232429,1,INITIATED,1789018570440
2232429,2,VALIDATED,1789018570551
2232429,3,PROCESSED,1789018570807
2232430,1,INITIATED,1789018570440
2232430,2,VALIDATED,1789018570551
2232430,3,PROCESSED,1789018570807
2232431,1,INITIATED,1789018570439
2232431,2,VALIDATED,1789018570550
2232431,3,PROCESSED,1789018570808
2232432,1,INITIATED,1789018570439
2232432,2,VALIDATED,1789018570550
2232432,3,PROCESSED,1789018570808
2232433,1,INITIATED,1789018570441
2232433,2,VALIDATED,1789018570551
2232433,3,PROCESSED,1789018570808
2232434,1,INITIATED,1789018570439
2232434,2,VALIDATED,1789018570551
2232434,3,PROCESSED,1789018570807
2232435,1,INITIATED,1789018570439
2232435,2,VALIDATED,1789018570550
2232435,3,PROCESSED,1789018570808
2232436,1,INITIATED,1789018570547
2232436,2,VALIDATED,1789018570555
2232436,3,PROCESSED,1789018570809
2232437,1,INITIATED,1789018570548
2232437,2,VALIDATED,1789018570555
2232437,3,PROCESSED,1789018570809
2232438,1,INITIATED,1789018570548
2232438,2,VALIDATED,1789018570555
2232438,3,PROCESSED,1789018570809
2232439,1,INITIATED,1789018570548
2232439,2,VALIDATED,1789018570555
2232439,3,PROCESSED,1789018570808
2232440,1,INITIATED,1789018570548
2232440,2,VALIDATED,1789018570555
2232440,3,PROCESSED,1789018570809
2232441,1,INITIATED,1789018570557
2232441,2,VALIDATED,1789018570806
2232441,3,PROCESSED,1789018570814
2232442,1,INITIATED,1789018570596
2232442,2,VALIDATED,1789018570805
2232442,3,PROCESSED,1789018570813
2232443,1,INITIATED,1789018570597
2232443,2,VALIDATED,1789018570811
2232443,3,PROCESSED,1789018570897
2232444,1,INITIATED,1789018570806
2232444,2,VALIDATED,1789018570813
2232444,3,PROCESSED,1789018570896
2232445,1,INITIATED,1789018570804
2232445,2,VALIDATED,1789018570811
2232445,3,PROCESSED,1789018570896
2232446,1,INITIATED,1789018570805
2232446,2,VALIDATED,1789018570813
2232446,3,PROCESSED,1789018570897
2232447,1,INITIATED,1789018570807
2232447,2,VALIDATED,1789018570813
2232447,3,PROCESSED,1789018570896
2232448,1,INITIATED,1789018570806
2232448,2,VALIDATED,1789018570813
2232448,3,PROCESSED,1789018570897
2232449,1,INITIATED,1789018570806
2232449,2,VALIDATED,1789018570812
2232449,3,PROCESSED,1789018570896
2232450,1,INITIATED,1789018570804
2232450,2,VALIDATED,1789018570811
2232450,3,PROCESSED,1789018570896
2232451,1,INITIATED,1789018570805
2232451,2,VALIDATED,1789018570813
2232451,3,PROCESSED,1789018570896
2232452,1,INITIATED,1789018570806
2232452,2,VALIDATED,1789018570813
2232452,3,PROCESSED,1789018570895
2232453,1,INITIATED,1789018570806
2232453,2,VALIDATED,1789018570813
2232453,3,PROCESSED,1789018570896
2232454,1,INITIATED,1789018570816
2232454,2,VALIDATED,1789018570894
2232454,3,PROCESSED,1789018570913
2232455,1,INITIATED,1789018570837
2232455,2,VALIDATED,1789018570894
2232455,3,PROCESSED,1789018570913
2232456,1,INITIATED,1789018570856
2232456,2,VALIDATED,1789018570894
2232456,3,PROCESSED,1789018570913
2232457,1,INITIATED,1789018570877
2232457,2,VALIDATED,1789018570895
2232457,3,PROCESSED,1789018570913
2232458,1,INITIATED,1789018570897
2232458,2,VALIDATED,1789018570911
2232458,3,PROCESSED,1789018570916
2232459,1,INITIATED,1789018570916
2232459,2,VALIDATED,1789018570919
2232459,3,PROCESSED,1789018570924
2232460,1,INITIATED,1789018570937
2232460,2,VALIDATED,1789018570941
2232460,3,PROCESSED,1789018570945
2232461,1,INITIATED,1789018570957
2232461,2,VALIDATED,1789018570960
2232461,3,PROCESSED,1789018570964
2232462,1,INITIATED,1789018570976
2232462,2,VALIDATED,1789018570979
2232462,3,PROCESSED,1789018570983
2232463,1,INITIATED,1789018570997
2232463,2,VALIDATED,1789018571000
2232463,3,PROCESSED,1789018571004
2232464,1,INITIATED,1789018571016
2232464,2,VALIDATED,1789018571020
2232464,3,PROCESSED,1789018571024
2232465,1,INITIATED,1789018571037
2232465,2,VALIDATED,1789018571041
2232465,3,PROCESSED,1789018571045
2232466,1,INITIATED,1789018571056
2232466,2,VALIDATED,1789018571060
2232466,3,PROCESSED,1789018571065
2232467,1,INITIATED,1789018571077
2232467,2,VALIDATED,1789018571080
2232467,3,PROCESSED,1789018571084
2232468,1,INITIATED,1789018571097
2232468,2,VALIDATED,1789018571101
2232468,3,PROCESSED,1789018571106
2232469,1,INITIATED,1789018571116
2232469,2,VALIDATED,1789018571121
2232469,3,PROCESSED,1789018571126
2232470,1,INITIATED,1789018571136
2232470,2,VALIDATED,1789018571141
2232470,3,PROCESSED,1789018571145
2232471,1,INITIATED,1789018571157
2232471,2,VALIDATED,1789018571160
2232471,3,PROCESSED,1789018571176
2232472,1,INITIATED,1789018571176
2232472,2,VALIDATED,1789018571222
2232472,3,PROCESSED,1789018571454
2232473,1,INITIATED,1789018571222
2232473,2,VALIDATED,1789018571451
2232473,3,PROCESSED,1789018571567
2232474,1,INITIATED,1789018571222
2232474,2,VALIDATED,1789018571451
2232474,3,PROCESSED,1789018571568
2232475,1,INITIATED,1789018571452
2232475,2,VALIDATED,1789018571568
2232475,3,PROCESSED,1789018571808
2232476,1,INITIATED,1789018571451
2232476,2,VALIDATED,1789018571455
2232476,3,PROCESSED,1789018571569
2232477,1,INITIATED,1789018571452
2232477,2,VALIDATED,1789018571565
2232477,3,PROCESSED,1789018571572
2232478,1,INITIATED,1789018571453
2232478,2,VALIDATED,1789018571567
2232478,3,PROCESSED,1789018571810
2232479,1,INITIATED,1789018571450
2232479,2,VALIDATED,1789018571563
2232479,3,PROCESSED,1789018571570
2232480,1,INITIATED,1789018571451
2232480,2,VALIDATED,1789018571568
2232480,3,PROCESSED,1789018571810
2232481,1,INITIATED,1789018571450
2232481,2,VALIDATED,1789018571563
2232481,3,PROCESSED,1789018571571
2232482,1,INITIATED,1789018571452
2232482,2,VALIDATED,1789018571567
2232482,3,PROCESSED,1789018571810
2232483,1,INITIATED,1789018571452
2232483,2,VALIDATED,1789018571565
2232483,3,PROCESSED,1789018571810
2232484,1,INITIATED,1789018571452
2232484,2,VALIDATED,1789018571568
2232484,3,PROCESSED,1789018571809
2232485,1,INITIATED,1789018571452
2232485,2,VALIDATED,1789018571566
2232485,3,PROCESSED,1789018571807
2232486,1,INITIATED,1789018571456
2232486,2,VALIDATED,1789018571567
2232486,3,PROCESSED,1789018571808
2232487,1,INITIATED,1789018571563
2232487,2,VALIDATED,1789018571569
2232487,3,PROCESSED,1789018571810
2232488,1,INITIATED,1789018571563
2232488,2,VALIDATED,1789018571569
2232488,3,PROCESSED,1789018571811
2232489,1,INITIATED,1789018571564
2232489,2,VALIDATED,1789018571568
2232489,3,PROCESSED,1789018571810
2232490,1,INITIATED,1789018571565
2232490,2,VALIDATED,1789018571803
2232490,3,PROCESSED,1789018571892
2232491,1,INITIATED,1789018571562
2232491,2,VALIDATED,1789018571569
2232491,3,PROCESSED,1789018571809
2232492,1,INITIATED,1789018571801
2232492,2,VALIDATED,1789018571809
2232492,3,PROCESSED,1789018571893
2232493,1,INITIATED,1789018571802
2232493,2,VALIDATED,1789018571808
2232493,3,PROCESSED,1789018571893
2232494,1,INITIATED,1789018571801
2232494,2,VALIDATED,1789018571809
2232494,3,PROCESSED,1789018571893
2232495,1,INITIATED,1789018571806
2232495,2,VALIDATED,1789018571892
2232495,3,REJECTED,1789018571910
2232496,1,INITIATED,1789018571802
2232496,2,VALIDATED,1789018571809
2232496,3,REJECTED,1789018571891
2232497,1,INITIATED,1789018571805
2232497,2,VALIDATED,1789018571891
2232497,3,REJECTED,1789018571910
2232498,1,INITIATED,1789018571804
2232498,2,VALIDATED,1789018571889
2232498,3,REJECTED,1789018571906
2232499,1,INITIATED,1789018571806
2232499,2,VALIDATED,1789018571892
2232499,3,PROCESSED,1789018571912
2232500,1,INITIATED,1789018571806
2232500,2,VALIDATED,1789018571892
2232500,3,PROCESSED,1789018571912
2232501,1,INITIATED,1789018571806
2232501,2,VALIDATED,1789018571891
2232501,3,PROCESSED,1789018571912
2232502,1,INITIATED,1789018571805
2232502,2,VALIDATED,1789018571891
2232502,3,PROCESSED,1789018571911
2232503,1,INITIATED,1789018571804
2232503,2,VALIDATED,1789018571889
2232503,3,PROCESSED,1789018571911
2232504,1,INITIATED,1789018571817
2232504,2,VALIDATED,1789018571890
2232504,3,PROCESSED,1789018571912
2232505,1,INITIATED,1789018571837
2232505,2,VALIDATED,1789018571890
2232505,3,PROCESSED,1789018571912
2232506,1,INITIATED,1789018571857
2232506,2,VALIDATED,1789018571891
2232506,3,PROCESSED,1789018571912
2232507,1,INITIATED,1789018571876
2232507,2,VALIDATED,1789018571891
2232507,3,PROCESSED,1789018571912
2232508,1,INITIATED,1789018571896
2232508,2,VALIDATED,1789018571907
2232508,3,PROCESSED,1789018571924
2232509,1,INITIATED,1789018571916
2232509,2,VALIDATED,1789018571923
2232509,3,PROCESSED,1789018571927
2232510,1,INITIATED,1789018571936
2232510,2,VALIDATED,1789018571943
2232510,3,PROCESSED,1789018571960
2232511,1,INITIATED,1789018571957
2232511,2,VALIDATED,1789018571960
2232511,3,PROCESSED,1789018571964
2232512,1,INITIATED,1789018571976
2232512,2,VALIDATED,1789018571980
2232512,3,PROCESSED,1789018571985
2232513,1,INITIATED,1789018571997
2232513,2,VALIDATED,1789018572000
2232513,3,PROCESSED,1789018572004
2232514,1,INITIATED,1789018572017
2232514,2,VALIDATED,1789018572021
2232514,3,PROCESSED,1789018572026
2232515,1,INITIATED,1789018572037
2232515,2,VALIDATED,1789018572040
2232515,3,PROCESSED,1789018572045
2232516,1,INITIATED,1789018572057
2232516,2,VALIDATED,1789018572061
2232516,3,PROCESSED,1789018572066
2232517,1,INITIATED,1789018572077
2232517,2,VALIDATED,1789018572081
2232517,3,PROCESSED,1789018572085
2232518,1,INITIATED,1789018572096
2232518,2,VALIDATED,1789018572100
2232518,3,PROCESSED,1789018572105
2232519,1,INITIATED,1789018572116
2232519,2,VALIDATED,1789018572122
2232519,3,PROCESSED,1789018572126
2232520,1,INITIATED,1789018572137
2232520,2,VALIDATED,1789018572141
2232520,3,PROCESSED,1789018572146
2232521,1,INITIATED,1789018572157
2232521,2,VALIDATED,1789018572160
2232521,3,PROCESSED,1789018572177
2232522,1,INITIATED,1789018572177
2232522,2,VALIDATED,1789018572181
2232522,3,PROCESSED,1789018572434
2232523,1,INITIATED,1789018572197
2232523,2,VALIDATED,1789018572435
2232523,3,PROCESSED,1789018572563
2232524,1,INITIATED,1789018572226
2232524,2,VALIDATED,1789018572435
2232524,3,PROCESSED,1789018572563
2232525,1,INITIATED,1789018572433
2232525,2,VALIDATED,1789018572438
2232525,3,PROCESSED,1789018572563
2232526,1,INITIATED,1789018572433
2232526,2,VALIDATED,1789018572557
2232526,3,PROCESSED,1789018572566
2232527,1,INITIATED,1789018572434
2232527,2,VALIDATED,1789018572560
2232527,3,PROCESSED,1789018572567
2232528,1,INITIATED,1789018572435
2232528,2,VALIDATED,1789018572560
2232528,3,PROCESSED,1789018572568
2232529,1,INITIATED,1789018572433
2232529,2,VALIDATED,1789018572557
2232529,3,PROCESSED,1789018572566
2232530,1,INITIATED,1789018572433
2232530,2,VALIDATED,1789018572558
2232530,3,PROCESSED,1789018572566
2232531,1,INITIATED,1789018572434
2232531,2,VALIDATED,1789018572557
2232531,3,PROCESSED,1789018572566
2232532,1,INITIATED,1789018572434
2232532,2,VALIDATED,1789018572558
2232532,3,PROCESSED,1789018572567
2232533,1,INITIATED,1789018572435
2232533,2,VALIDATED,1789018572559
2232533,3,PROCESSED,1789018572567
2232534,1,INITIATED,1789018572434
2232534,2,VALIDATED,1789018572560
2232534,3,PROCESSED,1789018572568
2232535,1,INITIATED,1789018572437
2232535,2,VALIDATED,1789018572559
2232535,3,PROCESSED,1789018572567
2232536,1,INITIATED,1789018572559
2232536,2,VALIDATED,1789018572565
2232536,3,PROCESSED,1789018572840
2232537,1,INITIATED,1789018572559
2232537,2,VALIDATED,1789018572564
2232537,3,PROCESSED,1789018572841
2232538,1,INITIATED,1789018572558
2232538,2,VALIDATED,1789018572564
2232538,3,PROCESSED,1789018572840
2232539,1,INITIATED,1789018572559
2232539,2,VALIDATED,1789018572565
2232539,3,PROCESSED,1789018572841
2232540,1,INITIATED,1789018572557
2232540,2,VALIDATED,1789018572562
2232540,3,PROCESSED,1789018572840
2232541,1,INITIATED,1789018572560
2232541,2,VALIDATED,1789018572566
2232541,3,PROCESSED,1789018572840
2232542,1,INITIATED,1789018572837
2232542,2,VALIDATED,1789018572842
2232542,3,PROCESSED,1789018572936
2232543,1,INITIATED,1789018572838
2232543,2,VALIDATED,1789018572856
2232543,3,PROCESSED,1789018572936
2232544,1,INITIATED,1789018572836
2232544,2,VALIDATED,1789018572842
2232544,3,PROCESSED,1789018572935
2232545,1,INITIATED,1789018572838
2232545,2,VALIDATED,1789018572856
2232545,3,PROCESSED,1789018572936
2232546,1,INITIATED,1789018572835
2232546,2,VALIDATED,1789018572842
2232546,3,PROCESSED,1789018572935
2232547,1,INITIATED,1789018572837
2232547,2,VALIDATED,1789018572842
2232547,3,PROCESSED,1789018572934
2232548,1,INITIATED,1789018572836
2232548,2,VALIDATED,1789018572842
2232548,3,PROCESSED,1789018572935
2232549,1,INITIATED,1789018572836
2232549,2,VALIDATED,1789018572843
2232549,3,PROCESSED,1789018572934
2232550,1,INITIATED,1789018572835
2232550,2,VALIDATED,1789018572841
2232550,3,PROCESSED,1789018572935
2232551,1,INITIATED,1789018572835
2232551,2,VALIDATED,1789018572841
2232551,3,PROCESSED,1789018572935
2232552,1,INITIATED,1789018572836
2232552,2,VALIDATED,1789018572842
2232552,3,PROCESSED,1789018572935
2232553,1,INITIATED,1789018572837
2232553,2,VALIDATED,1789018572856
2232553,3,PROCESSED,1789018572936
2232554,1,INITIATED,1789018572834
2232554,2,VALIDATED,1789018572842
2232554,3,PROCESSED,1789018572934
2232555,1,INITIATED,1789018572838
2232555,2,VALIDATED,1789018572856
2232555,3,PROCESSED,1789018572936
2232556,1,INITIATED,1789018572857
2232556,2,VALIDATED,1789018572933
2232556,3,PROCESSED,1789018572949
2232557,1,INITIATED,1789018572877
2232557,2,VALIDATED,1789018572933
2232557,3,PROCESSED,1789018572949
2232558,1,INITIATED,1789018572897
2232558,2,VALIDATED,1789018572932
2232558,3,PROCESSED,1789018572949
2232559,1,INITIATED,1789018572916
2232559,2,VALIDATED,1789018572932
2232559,3,PROCESSED,1789018572949
2232560,1,INITIATED,1789018572937
2232560,2,VALIDATED,1789018572948
2232560,3,PROCESSED,1789018572967
2232561,1,INITIATED,1789018572957
2232561,2,VALIDATED,1789018572965
2232561,3,PROCESSED,1789018572970
2232562,1,INITIATED,1789018572977
2232562,2,VALIDATED,1789018572983
2232562,3,PROCESSED,1789018572988
2232563,1,INITIATED,1789018572997
2232563,2,VALIDATED,1789018573002
2232563,3,PROCESSED,1789018573008
2232564,1,INITIATED,1789018573017
2232564,2,VALIDATED,1789018573021
2232564,3,PROCESSED,1789018573027
2232565,1,INITIATED,1789018573037
2232565,2,VALIDATED,1789018573042
2232565,3,PROCESSED,1789018573049
2232566,1,INITIATED,1789018573058
2232566,2,VALIDATED,1789018573063
2232566,3,PROCESSED,1789018573069
2232567,1,INITIATED,1789018573077
2232567,2,VALIDATED,1789018573081
2232567,3,PROCESSED,1789018573088
2232568,1,INITIATED,1789018573097
2232568,2,VALIDATED,1789018573101
2232568,3,PROCESSED,1789018573107
2232569,1,INITIATED,1789018573117
2232569,2,VALIDATED,1789018573122
2232569,3,PROCESSED,1789018573128
2232570,1,INITIATED,1789018573137
2232570,2,VALIDATED,1789018573145
2232570,3,PROCESSED,1789018573152
2232571,1,INITIATED,1789018573157
2232571,2,VALIDATED,1789018573162
2232571,3,PROCESSED,1789018573168
2232572,1,INITIATED,1789018573177
2232572,2,VALIDATED,1789018573220
2232572,3,PROCESSED,1789018573442
2232573,1,INITIATED,1789018573218
2232573,2,VALIDATED,1789018573222
2232573,3,PROCESSED,1789018573442
2232574,1,INITIATED,1789018573217
2232574,2,VALIDATED,1789018573221
2232574,3,PROCESSED,1789018573442
2232575,1,INITIATED,1789018573438
2232575,2,VALIDATED,1789018573554
2232575,3,PROCESSED,1789018573563
2232576,1,INITIATED,1789018573439
2232576,2,VALIDATED,1789018573556
2232576,3,PROCESSED,1789018573902
2232577,1,INITIATED,1789018573438
2232577,2,VALIDATED,1789018573555
2232577,3,PROCESSED,1789018573563
2232578,1,INITIATED,1789018573439
2232578,2,VALIDATED,1789018573554
2232578,3,PROCESSED,1789018573563
2232579,1,INITIATED,1789018573438
2232579,2,VALIDATED,1789018573553
2232579,3,PROCESSED,1789018573561
2232580,1,INITIATED,1789018573440
2232580,2,VALIDATED,1789018573554
2232580,3,PROCESSED,1789018573563
2232581,1,INITIATED,1789018573438
2232581,2,VALIDATED,1789018573555
2232581,3,PROCESSED,1789018573564
2232582,1,INITIATED,1789018573440
2232582,2,VALIDATED,1789018573556
2232582,3,PROCESSED,1789018573903
2232583,1,INITIATED,1789018573438
2232583,2,VALIDATED,1789018573555
2232583,3,PROCESSED,1789018573563
2232584,1,INITIATED,1789018573439
2232584,2,VALIDATED,1789018573554
2232584,3,PROCESSED,1789018573562
2232585,1,INITIATED,1789018573439
2232585,2,VALIDATED,1789018573553
2232585,3,PROCESSED,1789018573562
2232586,1,INITIATED,1789018573551
2232586,2,VALIDATED,1789018573558
2232586,3,PROCESSED,1789018573903
2232587,1,INITIATED,1789018573552
2232587,2,VALIDATED,1789018573559
2232587,3,PROCESSED,1789018573903
2232588,1,INITIATED,1789018573551
2232588,2,VALIDATED,1789018573559
2232588,3,PROCESSED,1789018573903
2232589,1,INITIATED,1789018573552
2232589,2,VALIDATED,1789018573559
2232589,3,PROCESSED,1789018573903
2232590,1,INITIATED,1789018573551
2232590,2,VALIDATED,1789018573558
2232590,3,PROCESSED,1789018573903
2232591,1,INITIATED,1789018573558
2232591,2,VALIDATED,1789018573900
2232591,3,PROCESSED,1789018573936
2232592,1,INITIATED,1789018573897
2232592,2,VALIDATED,1789018573935
2232592,3,PROCESSED,1789018574016
2232593,1,INITIATED,1789018573606
2232593,2,VALIDATED,1789018573917
2232593,3,PROCESSED,1789018573996
2232594,1,INITIATED,1789018573899
2232594,2,VALIDATED,1789018573934
2232594,3,PROCESSED,1789018574016
2232595,1,INITIATED,1789018573898
2232595,2,VALIDATED,1789018573936
2232595,3,REJECTED,1789018574013
2232596,1,INITIATED,1789018573897
2232596,2,VALIDATED,1789018573936
2232596,3,REJECTED,1789018574012
2232597,1,INITIATED,1789018573901
2232597,2,VALIDATED,1789018573934
2232597,3,REJECTED,1789018574013
2232598,1,INITIATED,1789018573897
2232598,2,VALIDATED,1789018573936
2232598,3,REJECTED,1789018574012
2232599,1,INITIATED,1789018573898
2232599,2,VALIDATED,1789018573935
2232599,3,PROCESSED,1789018574014
2232600,1,INITIATED,1789018573901
2232600,2,VALIDATED,1789018573934
2232600,3,PROCESSED,1789018574016
2232601,1,INITIATED,1789018573901
2232601,2,VALIDATED,1789018573934
2232601,3,PROCESSED,1789018574016
2232602,1,INITIATED,1789018573900
2232602,2,VALIDATED,1789018573935
2232602,3,PROCESSED,1789018574015
2232603,1,INITIATED,1789018573899
2232603,2,VALIDATED,1789018573935
2232603,3,PROCESSED,1789018574016
2232604,1,INITIATED,1789018573897
2232604,2,VALIDATED,1789018573935
2232604,3,PROCESSED,1789018574016
2232605,1,INITIATED,1789018573899
2232605,2,VALIDATED,1789018573936
2232605,3,PROCESSED,1789018574017
2232606,1,INITIATED,1789018573901
2232606,2,VALIDATED,1789018573936
2232606,3,PROCESSED,1789018574015
2232607,1,INITIATED,1789018573900
2232607,2,VALIDATED,1789018573936
2232607,3,PROCESSED,1789018574016
2232608,1,INITIATED,1789018573900
2232608,2,VALIDATED,1789018573936
2232608,3,PROCESSED,1789018574015
2232609,1,INITIATED,1789018573917
2232609,2,VALIDATED,1789018573994
2232609,3,PROCESSED,1789018574017
2232610,1,INITIATED,1789018573937
2232610,2,VALIDATED,1789018574014
2232610,3,PROCESSED,1789018574035
2232611,1,INITIATED,1789018573958
2232611,2,VALIDATED,1789018574014
2232611,3,PROCESSED,1789018574034
2232612,1,INITIATED,1789018573977
2232612,2,VALIDATED,1789018574012
2232612,3,PROCESSED,1789018574035
2232613,1,INITIATED,1789018573996
2232613,2,VALIDATED,1789018574014
2232613,3,PROCESSED,1789018574035
2232614,1,INITIATED,1789018574017
2232614,2,VALIDATED,1789018574032
2232614,3,PROCESSED,1789018574038
2232615,1,INITIATED,1789018574036
2232615,2,VALIDATED,1789018574039
2232615,3,PROCESSED,1789018574045
2232616,1,INITIATED,1789018574058
2232616,2,VALIDATED,1789018574062
2232616,3,PROCESSED,1789018574067
2232617,1,INITIATED,1789018574077
2232617,2,VALIDATED,1789018574082
2232617,3,PROCESSED,1789018574088
2232618,1,INITIATED,1789018574097
2232618,2,VALIDATED,1789018574101
2232618,3,PROCESSED,1789018574107
2232619,1,INITIATED,1789018574117
2232619,2,VALIDATED,1789018574121
2232619,3,PROCESSED,1789018574127
2232620,1,INITIATED,1789018574137
2232620,2,VALIDATED,1789018574149
2232620,3,PROCESSED,1789018574155
2232621,1,INITIATED,1789018574157
2232621,2,VALIDATED,1789018574162
2232621,3,PROCESSED,1789018574227
2232622,1,INITIATED,1789018574177
2232622,2,VALIDATED,1789018574227
2232622,3,PROCESSED,1789018574577
2232623,1,INITIATED,1789018574225
2232623,2,VALIDATED,1789018574574
2232623,3,PROCESSED,1789018574654
2232624,1,INITIATED,1789018574225
2232624,2,VALIDATED,1789018574574
2232624,3,PROCESSED,1789018574689
2232625,1,INITIATED,1789018574576
2232625,2,VALIDATED,1789018574650
2232625,3,PROCESSED,1789018574931
2232626,1,INITIATED,1789018574574
2232626,2,VALIDATED,1789018574653
2232626,3,PROCESSED,1789018574929
2232627,1,INITIATED,1789018574576
2232627,2,VALIDATED,1789018574650
2232627,3,PROCESSED,1789018574931
2232628,1,INITIATED,1789018574575
2232628,2,VALIDATED,1789018574652
2232628,3,PROCESSED,1789018574930
2232629,1,INITIATED,1789018574575
2232629,2,VALIDATED,1789018574652
2232629,3,PROCESSED,1789018574932
2232630,1,INITIATED,1789018574574
2232630,2,VALIDATED,1789018574652
2232630,3,PROCESSED,1789018574933
2232631,1,INITIATED,1789018574574
2232631,2,VALIDATED,1789018574653
2232631,3,PROCESSED,1789018574930
2232632,1,INITIATED,1789018574575
2232632,2,VALIDATED,1789018574653
2232632,3,PROCESSED,1789018574931
2232633,1,INITIATED,1789018574574
2232633,2,VALIDATED,1789018574653
2232633,3,PROCESSED,1789018574932
2232634,1,INITIATED,1789018574574
2232634,2,VALIDATED,1789018574651
2232634,3,PROCESSED,1789018574932
2232635,1,INITIATED,1789018574576
2232635,2,VALIDATED,1789018574652
2232635,3,PROCESSED,1789018574930
2232636,1,INITIATED,1789018574576
2232636,2,VALIDATED,1789018574653
2232636,3,PROCESSED,1789018574932
2232637,1,INITIATED,1789018574574
2232637,2,VALIDATED,1789018574652
2232637,3,PROCESSED,1789018574931
2232638,1,INITIATED,1789018574575
2232638,2,VALIDATED,1789018574653
2232638,3,PROCESSED,1789018574929
2232639,1,INITIATED,1789018574576
2232639,2,VALIDATED,1789018574650
2232639,3,PROCESSED,1789018574928
2232640,1,INITIATED,1789018574575
2232640,2,VALIDATED,1789018574652
2232640,3,PROCESSED,1789018574931
2232641,1,INITIATED,1789018574576
2232641,2,VALIDATED,1789018574651
2232641,3,PROCESSED,1789018574931
2232642,1,INITIATED,1789018574577
2232642,2,VALIDATED,1789018574652
2232642,3,PROCESSED,1789018574930
2232643,1,INITIATED,1789018574647
2232643,2,VALIDATED,1789018574923
2232643,3,PROCESSED,1789018574945
2232644,1,INITIATED,1789018574648
2232644,2,VALIDATED,1789018574926
2232644,3,PROCESSED,1789018574946
2232645,1,INITIATED,1789018574648
2232645,2,VALIDATED,1789018574926
2232645,3,PROCESSED,1789018574946
2232646,1,INITIATED,1789018574688
2232646,2,VALIDATED,1789018574927
2232646,3,PROCESSED,1789018574947
2232647,1,INITIATED,1789018574688
2232647,2,VALIDATED,1789018574926
2232647,3,PROCESSED,1789018574947
2232648,1,INITIATED,1789018574697
2232648,2,VALIDATED,1789018574928
2232648,3,PROCESSED,1789018574947
2232649,1,INITIATED,1789018574925
2232649,2,VALIDATED,1789018574944
2232649,3,PROCESSED,1789018574969
2232650,1,INITIATED,1789018574926
2232650,2,VALIDATED,1789018574945
2232650,3,PROCESSED,1789018574969
2232651,1,INITIATED,1789018574925
2232651,2,VALIDATED,1789018574945
2232651,3,PROCESSED,1789018574969
2232652,1,INITIATED,1789018574929
2232652,2,VALIDATED,1789018574945
2232652,3,PROCESSED,1789018574969
2232653,1,INITIATED,1789018574928
2232653,2,VALIDATED,1789018574945
2232653,3,PROCESSED,1789018574968
2232654,1,INITIATED,1789018574927
2232654,2,VALIDATED,1789018574946
2232654,3,PROCESSED,1789018574969
2232655,1,INITIATED,1789018574923
2232655,2,VALIDATED,1789018574944
2232655,3,PROCESSED,1789018574969
2232656,1,INITIATED,1789018574927
2232656,2,VALIDATED,1789018574946
2232656,3,PROCESSED,1789018574969
2232657,1,INITIATED,1789018574934
2232657,2,VALIDATED,1789018574966
2232657,3,PROCESSED,1789018574973
2232658,1,INITIATED,1789018574934
2232658,2,VALIDATED,1789018574967
2232658,3,PROCESSED,1789018574973
2232659,1,INITIATED,1789018574934
2232659,2,VALIDATED,1789018574966
2232659,3,PROCESSED,1789018574973
2232660,1,INITIATED,1789018574941
2232660,2,VALIDATED,1789018574967
2232660,3,PROCESSED,1789018574973
2232661,1,INITIATED,1789018574957
2232661,2,VALIDATED,1789018574966
2232661,3,PROCESSED,1789018574973
2232662,1,INITIATED,1789018574977
2232662,2,VALIDATED,1789018574981
2232662,3,PROCESSED,1789018574986
2232663,1,INITIATED,1789018574997
2232663,2,VALIDATED,1789018575001
2232663,3,PROCESSED,1789018575007
2232664,1,INITIATED,1789018575017
2232664,2,VALIDATED,1789018575022
2232664,3,PROCESSED,1789018575029
2232665,1,INITIATED,1789018575037
2232665,2,VALIDATED,1789018575041
2232665,3,PROCESSED,1789018575045
2232666,1,INITIATED,1789018575056
2232666,2,VALIDATED,1789018575060
2232666,3,PROCESSED,1789018575064
2232667,1,INITIATED,1789018575077
2232667,2,VALIDATED,1789018575080
2232667,3,PROCESSED,1789018575084
2232668,1,INITIATED,1789018575097
2232668,2,VALIDATED,1789018575101
2232668,3,PROCESSED,1789018575105
2232669,1,INITIATED,1789018575117
2232669,2,VALIDATED,1789018575120
2232669,3,PROCESSED,1789018575126
2232670,1,INITIATED,1789018575136
2232670,2,VALIDATED,1789018575141
2232670,3,PROCESSED,1789018575145
2232671,1,INITIATED,1789018575157
2232671,2,VALIDATED,1789018575161
2232671,3,PROCESSED,1789018575166
2232672,1,INITIATED,1789018575177
2232672,2,VALIDATED,1789018575192
2232672,3,PROCESSED,1789018575359
2232673,1,INITIATED,1789018575352
2232673,2,VALIDATED,1789018575358
2232673,3,PROCESSED,1789018575423
2232674,1,INITIATED,1789018575353
2232674,2,VALIDATED,1789018575364
2232674,3,PROCESSED,1789018575448
2232675,1,INITIATED,1789018575353
2232675,2,VALIDATED,1789018575363
2232675,3,PROCESSED,1789018575448
2232676,1,INITIATED,1789018575352
2232676,2,VALIDATED,1789018575364
2232676,3,PROCESSED,1789018575448
2232677,1,INITIATED,1789018575353
2232677,2,VALIDATED,1789018575364
2232677,3,PROCESSED,1789018575447
2232678,1,INITIATED,1789018575352
2232678,2,VALIDATED,1789018575358
2232678,3,PROCESSED,1789018575423
2232679,1,INITIATED,1789018575352
2232679,2,VALIDATED,1789018575363
2232679,3,PROCESSED,1789018575448
2232680,1,INITIATED,1789018575352
2232680,2,VALIDATED,1789018575364
2232680,3,PROCESSED,1789018575448
2232681,1,INITIATED,1789018575357
2232681,2,VALIDATED,1789018575421
2232681,3,PROCESSED,1789018575663
2232682,1,INITIATED,1789018575419
2232682,2,VALIDATED,1789018575661
2232682,3,PROCESSED,1789018575673
2232683,1,INITIATED,1789018575419
2232683,2,VALIDATED,1789018575661
2232683,3,PROCESSED,1789018575674
2232684,1,INITIATED,1789018575419
2232684,2,VALIDATED,1789018575660
2232684,3,PROCESSED,1789018575669
2232685,1,INITIATED,1789018575438
2232685,2,VALIDATED,1789018575661
2232685,3,PROCESSED,1789018575672
2232686,1,INITIATED,1789018575658
2232686,2,VALIDATED,1789018575666
2232686,3,PROCESSED,1789018575675
2232687,1,INITIATED,1789018575659
2232687,2,VALIDATED,1789018575665
2232687,3,PROCESSED,1789018575675
2232688,1,INITIATED,1789018575661
2232688,2,VALIDATED,1789018575670
2232688,3,PROCESSED,1789018575677
2232689,1,INITIATED,1789018575661
2232689,2,VALIDATED,1789018575670
2232689,3,PROCESSED,1789018575677
2232690,1,INITIATED,1789018575660
2232690,2,VALIDATED,1789018575669
2232690,3,PROCESSED,1789018575677
2232691,1,INITIATED,1789018575658
2232691,2,VALIDATED,1789018575666
2232691,3,PROCESSED,1789018575674
2232692,1,INITIATED,1789018575659
2232692,2,VALIDATED,1789018575665
2232692,3,PROCESSED,1789018575674
2232693,1,INITIATED,1789018575658
2232693,2,VALIDATED,1789018575666
2232693,3,PROCESSED,1789018575674
2232694,1,INITIATED,1789018575662
2232694,2,VALIDATED,1789018575669
2232694,3,PROCESSED,1789018575677
2232695,1,INITIATED,1789018575661
2232695,2,VALIDATED,1789018575670
2232695,3,REJECTED,1789018575676
2232696,1,INITIATED,1789018575658
2232696,2,VALIDATED,1789018575665
2232696,3,REJECTED,1789018575672
2232697,1,INITIATED,1789018575677
2232697,2,VALIDATED,1789018575682
2232697,3,REJECTED,1789018575710
2232698,1,INITIATED,1789018575697
2232698,2,VALIDATED,1789018575710
2232698,3,REJECTED,1789018575715
2232699,1,INITIATED,1789018575717
2232699,2,VALIDATED,1789018575724
2232699,3,PROCESSED,1789018575732
2232700,1,INITIATED,1789018575736
2232700,2,VALIDATED,1789018575741
2232700,3,PROCESSED,1789018575746
2232701,1,INITIATED,1789018575757
2232701,2,VALIDATED,1789018575762
2232701,3,PROCESSED,1789018575767
2232702,1,INITIATED,1789018575777
2232702,2,VALIDATED,1789018575781
2232702,3,PROCESSED,1789018575786
2232703,1,INITIATED,1789018575797
2232703,2,VALIDATED,1789018575802
2232703,3,PROCESSED,1789018575808
2232704,1,INITIATED,1789018575816
2232704,2,VALIDATED,1789018575820
2232704,3,PROCESSED,1789018575825
2232705,1,INITIATED,1789018575837
2232705,2,VALIDATED,1789018575841
2232705,3,PROCESSED,1789018575846
2232706,1,INITIATED,1789018575857
2232706,2,VALIDATED,1789018575861
2232706,3,PROCESSED,1789018575866
2232707,1,INITIATED,1789018575877
2232707,2,VALIDATED,1789018575881
2232707,3,PROCESSED,1789018575886
2232708,1,INITIATED,1789018575897
2232708,2,VALIDATED,1789018575901
2232708,3,PROCESSED,1789018575905
2232709,1,INITIATED,1789018575916
2232709,2,VALIDATED,1789018575920
2232709,3,PROCESSED,1789018575926
2232710,1,INITIATED,1789018575937
2232710,2,VALIDATED,1789018575942
2232710,3,PROCESSED,1789018575948
2232711,1,INITIATED,1789018575957
2232711,2,VALIDATED,1789018575962
2232711,3,PROCESSED,1789018575967
2232712,1,INITIATED,1789018575977
2232712,2,VALIDATED,1789018575981
2232712,3,PROCESSED,1789018575987
2232713,1,INITIATED,1789018575998
2232713,2,VALIDATED,1789018576002
2232713,3,PROCESSED,1789018576007
2232714,1,INITIATED,1789018576017
2232714,2,VALIDATED,1789018576021
2232714,3,PROCESSED,1789018576027
2232715,1,INITIATED,1789018576037
2232715,2,VALIDATED,1789018576045
2232715,3,PROCESSED,1789018576052
2232716,1,INITIATED,1789018576058
2232716,2,VALIDATED,1789018576062
2232716,3,PROCESSED,1789018576072
2232717,1,INITIATED,1789018576077
2232717,2,VALIDATED,1789018576083
2232717,3,PROCESSED,1789018576090
2232718,1,INITIATED,1789018576097
2232718,2,VALIDATED,1789018576101
2232718,3,PROCESSED,1789018576107
2232719,1,INITIATED,1789018576118
2232719,2,VALIDATED,1789018576122
2232719,3,PROCESSED,1789018576127
2232720,1,INITIATED,1789018576137
2232720,2,VALIDATED,1789018576141
2232720,3,PROCESSED,1789018576145
2232721,1,INITIATED,1789018576157
2232721,2,VALIDATED,1789018576161
2232721,3,PROCESSED,1789018576167
2232722,1,INITIATED,1789018576177
2232722,2,VALIDATED,1789018576328
2232722,3,PROCESSED,1789018576339
2232723,1,INITIATED,1789018576328
2232723,2,VALIDATED,1789018576337
2232723,3,PROCESSED,1789018576376
2232724,1,INITIATED,1789018576329
2232724,2,VALIDATED,1789018576344
2232724,3,PROCESSED,1789018576553
2232725,1,INITIATED,1789018576328
2232725,2,VALIDATED,1789018576337
2232725,3,PROCESSED,1789018576376
2232726,1,INITIATED,1789018576328
2232726,2,VALIDATED,1789018576337
2232726,3,PROCESSED,1789018576376
2232727,1,INITIATED,1789018576329
2232727,2,VALIDATED,1789018576344
2232727,3,PROCESSED,1789018576553
2232728,1,INITIATED,1789018576328
2232728,2,VALIDATED,1789018576337
2232728,3,PROCESSED,1789018576376
2232729,1,INITIATED,1789018576328
2232729,2,VALIDATED,1789018576337
2232729,3,PROCESSED,1789018576376
2232730,1,INITIATED,1789018576336
2232730,2,VALIDATED,1789018576374
2232730,3,PROCESSED,1789018576556
2232731,1,INITIATED,1789018576372
2232731,2,VALIDATED,1789018576554
2232731,3,PROCESSED,1789018576565
2232732,1,INITIATED,1789018576377
2232732,2,VALIDATED,1789018576554
2232732,3,PROCESSED,1789018576565
2232733,1,INITIATED,1789018576554
2232733,2,VALIDATED,1789018576563
2232733,3,PROCESSED,1789018576570
2232734,1,INITIATED,1789018576552
2232734,2,VALIDATED,1789018576563
2232734,3,PROCESSED,1789018576570
2232735,1,INITIATED,1789018576554
2232735,2,VALIDATED,1789018576563
2232735,3,PROCESSED,1789018576570
2232736,1,INITIATED,1789018576553
2232736,2,VALIDATED,1789018576563
2232736,3,PROCESSED,1789018576570
2232737,1,INITIATED,1789018576552
2232737,2,VALIDATED,1789018576563
2232737,3,PROCESSED,1789018576570
2232738,1,INITIATED,1789018576552
2232738,2,VALIDATED,1789018576563
2232738,3,PROCESSED,1789018576570
2232739,1,INITIATED,1789018576552
2232739,2,VALIDATED,1789018576563
2232739,3,PROCESSED,1789018576570
2232740,1,INITIATED,1789018576552
2232740,2,VALIDATED,1789018576562
2232740,3,PROCESSED,1789018576569
2232741,1,INITIATED,1789018576556
2232741,2,VALIDATED,1789018576563
2232741,3,PROCESSED,1789018576570
2232742,1,INITIATED,1789018576577
2232742,2,VALIDATED,1789018576634
2232742,3,PROCESSED,1789018576639
2232743,1,INITIATED,1789018576597
2232743,2,VALIDATED,1789018576634
2232743,3,PROCESSED,1789018576639
2232744,1,INITIATED,1789018576617
2232744,2,VALIDATED,1789018576634
2232744,3,PROCESSED,1789018576639
2232745,1,INITIATED,1789018576636
2232745,2,VALIDATED,1789018576643
2232745,3,PROCESSED,1789018576649
2232746,1,INITIATED,1789018576656
2232746,2,VALIDATED,1789018576659
2232746,3,PROCESSED,1789018576669
2232747,1,INITIATED,1789018576677
2232747,2,VALIDATED,1789018576679
2232747,3,PROCESSED,1789018576683
2232748,1,INITIATED,1789018576697
2232748,2,VALIDATED,1789018576701
2232748,3,PROCESSED,1789018576704
2232749,1,INITIATED,1789018576716
2232749,2,VALIDATED,1789018576719
2232749,3,PROCESSED,1789018576723
2232750,1,INITIATED,1789018576737
2232750,2,VALIDATED,1789018576740
2232750,3,PROCESSED,1789018576744
2232751,1,INITIATED,1789018576757
2232751,2,VALIDATED,1789018576764
2232751,3,PROCESSED,1789018576768
2232752,1,INITIATED,1789018576776
2232752,2,VALIDATED,1789018576779
2232752,3,PROCESSED,1789018576782
2232753,1,INITIATED,1789018576796
2232753,2,VALIDATED,1789018576800
2232753,3,PROCESSED,1789018576804
2232754,1,INITIATED,1789018576817
2232754,2,VALIDATED,1789018576821
2232754,3,PROCESSED,1789018576826
2232755,1,INITIATED,1789018576836
2232755,2,VALIDATED,1789018576840
2232755,3,PROCESSED,1789018576846
2232756,1,INITIATED,1789018576857
2232756,2,VALIDATED,1789018576862
2232756,3,PROCESSED,1789018576866
2232757,1,INITIATED,1789018576877
2232757,2,VALIDATED,1789018576881
2232757,3,PROCESSED,1789018576886
2232758,1,INITIATED,1789018576897
2232758,2,VALIDATED,1789018576900
2232758,3,PROCESSED,1789018576905
2232759,1,INITIATED,1789018576917
2232759,2,VALIDATED,1789018576923
2232759,3,PROCESSED,1789018576928
2232760,1,INITIATED,1789018576936
2232760,2,VALIDATED,1789018576940
2232760,3,PROCESSED,1789018576944
2232761,1,INITIATED,1789018576957
2232761,2,VALIDATED,1789018576961
2232761,3,PROCESSED,1789018576964
2232762,1,INITIATED,1789018576976
2232762,2,VALIDATED,1789018576980
2232762,3,PROCESSED,1789018576983
2232763,1,INITIATED,1789018576997
2232763,2,VALIDATED,1789018577002
2232763,3,PROCESSED,1789018577006
2232764,1,INITIATED,1789018577017
2232764,2,VALIDATED,1789018577021
2232764,3,PROCESSED,1789018577025
2232765,1,INITIATED,1789018577036
2232765,2,VALIDATED,1789018577041
2232765,3,PROCESSED,1789018577045
2232766,1,INITIATED,1789018577057
2232766,2,VALIDATED,1789018577061
2232766,3,PROCESSED,1789018577066
2232767,1,INITIATED,1789018577077
2232767,2,VALIDATED,1789018577081
2232767,3,PROCESSED,1789018577085
2232768,1,INITIATED,1789018577097
2232768,2,VALIDATED,1789018577101
2232768,3,PROCESSED,1789018577106
2232769,1,INITIATED,1789018577117
2232769,2,VALIDATED,1789018577121
2232769,3,PROCESSED,1789018577131
2232770,1,INITIATED,1789018577136
2232770,2,VALIDATED,1789018577140
2232770,3,PROCESSED,1789018577145
2232771,1,INITIATED,1789018577157
2232771,2,VALIDATED,1789018577161
2232771,3,PROCESSED,1789018577167
2232772,1,INITIATED,1789018577176
2232772,2,VALIDATED,1789018577334
2232772,3,PROCESSED,1789018577350
2232773,1,INITIATED,1789018577333
2232773,2,VALIDATED,1789018577349
2232773,3,PROCESSED,1789018577637
2232774,1,INITIATED,1789018577333
2232774,2,VALIDATED,1789018577349
2232774,3,PROCESSED,1789018577636
2232775,1,INITIATED,1789018577333
2232775,2,VALIDATED,1789018577339
2232775,3,PROCESSED,1789018577405
2232776,1,INITIATED,1789018577333
2232776,2,VALIDATED,1789018577349
2232776,3,PROCESSED,1789018577635
2232777,1,INITIATED,1789018577333
2232777,2,VALIDATED,1789018577340
2232777,3,PROCESSED,1789018577404
2232778,1,INITIATED,1789018577333
2232778,2,VALIDATED,1789018577349
2232778,3,PROCESSED,1789018577637
2232779,1,INITIATED,1789018577333
2232779,2,VALIDATED,1789018577349
2232779,3,PROCESSED,1789018577636
2232780,1,INITIATED,1789018577336
2232780,2,VALIDATED,1789018577349
2232780,3,PROCESSED,1789018577637
2232781,1,INITIATED,1789018577401
2232781,2,VALIDATED,1789018577634
2232781,3,PROCESSED,1789018577645
2232782,1,INITIATED,1789018577401
2232782,2,VALIDATED,1789018577635
2232782,3,PROCESSED,1789018577646
2232783,1,INITIATED,1789018577401
2232783,2,VALIDATED,1789018577634
2232783,3,PROCESSED,1789018577643
2232784,1,INITIATED,1789018577634
2232784,2,VALIDATED,1789018577642
2232784,3,PROCESSED,1789018577649
2232785,1,INITIATED,1789018577636
2232785,2,VALIDATED,1789018577642
2232785,3,PROCESSED,1789018577649
2232786,1,INITIATED,1789018577636
2232786,2,VALIDATED,1789018577642
2232786,3,PROCESSED,1789018577648
2232787,1,INITIATED,1789018577633
2232787,2,VALIDATED,1789018577640
2232787,3,PROCESSED,1789018577648
2232788,1,INITIATED,1789018577636
2232788,2,VALIDATED,1789018577643
2232788,3,PROCESSED,1789018577691
2232789,1,INITIATED,1789018577633
2232789,2,VALIDATED,1789018577641
2232789,3,PROCESSED,1789018577649
2232790,1,INITIATED,1789018577634
2232790,2,VALIDATED,1789018577640
2232790,3,PROCESSED,1789018577649
2232791,1,INITIATED,1789018577633
2232791,2,VALIDATED,1789018577638
2232791,3,PROCESSED,1789018577648
2232792,1,INITIATED,1789018577635
2232792,2,VALIDATED,1789018577642
2232792,3,PROCESSED,1789018577648
2232793,1,INITIATED,1789018577634
2232793,2,VALIDATED,1789018577642
2232793,3,PROCESSED,1789018577649
2232794,1,INITIATED,1789018577633
2232794,2,VALIDATED,1789018577640
2232794,3,PROCESSED,1789018577648
2232795,1,INITIATED,1789018577637
2232795,2,VALIDATED,1789018577646
2232795,3,REJECTED,1789018577692
2232796,1,INITIATED,1789018577657
2232796,2,VALIDATED,1789018577692
2232796,3,REJECTED,1789018577695
2232797,1,INITIATED,1789018577676
2232797,2,VALIDATED,1789018577692
2232797,3,REJECTED,1789018577695
2232798,1,INITIATED,1789018577696
2232798,2,VALIDATED,1789018577699
2232798,3,REJECTED,1789018577702
2232799,1,INITIATED,1789018577716
2232799,2,VALIDATED,1789018577720
2232799,3,PROCESSED,1789018577726
2232800,1,INITIATED,1789018577736
2232800,2,VALIDATED,1789018577741
2232800,3,PROCESSED,1789018577745
2232801,1,INITIATED,1789018577757
2232801,2,VALIDATED,1789018577762
2232801,3,PROCESSED,1789018577768
2232802,1,INITIATED,1789018577777
2232802,2,VALIDATED,1789018577781
2232802,3,PROCESSED,1789018577785
2232803,1,INITIATED,1789018577797
2232803,2,VALIDATED,1789018577805
2232803,3,PROCESSED,1789018577812
2232804,1,INITIATED,1789018577824
2232804,2,VALIDATED,1789018577831
2232804,3,PROCESSED,1789018577836
2232805,1,INITIATED,1789018577837
2232805,2,VALIDATED,1789018577843
2232805,3,PROCESSED,1789018577848
2232806,1,INITIATED,1789018577857
2232806,2,VALIDATED,1789018577862
2232806,3,PROCESSED,1789018577866
2232807,1,INITIATED,1789018577877
2232807,2,VALIDATED,1789018577881
2232807,3,PROCESSED,1789018577886
2232808,1,INITIATED,1789018577897
2232808,2,VALIDATED,1789018577900
2232808,3,PROCESSED,1789018577905
2232809,1,INITIATED,1789018577917
2232809,2,VALIDATED,1789018577924
2232809,3,PROCESSED,1789018577928
2232810,1,INITIATED,1789018577936
2232810,2,VALIDATED,1789018577939
2232810,3,PROCESSED,1789018577944
2232811,1,INITIATED,1789018577956
2232811,2,VALIDATED,1789018577961
2232811,3,PROCESSED,1789018577965
2232812,1,INITIATED,1789018577976
2232812,2,VALIDATED,1789018577980
2232812,3,PROCESSED,1789018577984
2232813,1,INITIATED,1789018577996
2232813,2,VALIDATED,1789018578000
2232813,3,PROCESSED,1789018578004
2232814,1,INITIATED,1789018578017
2232814,2,VALIDATED,1789018578020
2232814,3,PROCESSED,1789018578027
2232815,1,INITIATED,1789018578037
2232815,2,VALIDATED,1789018578040
2232815,3,PROCESSED,1789018578044
2232816,1,INITIATED,1789018578057
2232816,2,VALIDATED,1789018578060
2232816,3,PROCESSED,1789018578064
2232817,1,INITIATED,1789018578077
2232817,2,VALIDATED,1789018578080
2232817,3,PROCESSED,1789018578084
2232818,1,INITIATED,1789018578096
2232818,2,VALIDATED,1789018578100
2232818,3,PROCESSED,1789018578104
2232819,1,INITIATED,1789018578117
2232819,2,VALIDATED,1789018578121
2232819,3,PROCESSED,1789018578126
2232820,1,INITIATED,1789018578137
2232820,2,VALIDATED,1789018578140
2232820,3,PROCESSED,1789018578144
2232821,1,INITIATED,1789018578156
2232821,2,VALIDATED,1789018578160
2232821,3,PROCESSED,1789018578164
2232822,1,INITIATED,1789018578183
2232822,2,VALIDATED,1789018578330
2232822,3,PROCESSED,1789018578495
2232823,1,INITIATED,1789018578328
2232823,2,VALIDATED,1789018578334
2232823,3,PROCESSED,1789018578500
2232824,1,INITIATED,1789018578329
2232824,2,VALIDATED,1789018578335
2232824,3,PROCESSED,1789018578499
2232825,1,INITIATED,1789018578329
2232825,2,VALIDATED,1789018578335
2232825,3,PROCESSED,1789018578499
2232826,1,INITIATED,1789018578328
2232826,2,VALIDATED,1789018578335
2232826,3,PROCESSED,1789018578499
2232827,1,INITIATED,1789018578328
2232827,2,VALIDATED,1789018578334
2232827,3,PROCESSED,1789018578499
2232828,1,INITIATED,1789018578328
2232828,2,VALIDATED,1789018578334
2232828,3,PROCESSED,1789018578499
2232829,1,INITIATED,1789018578329
2232829,2,VALIDATED,1789018578334
2232829,3,PROCESSED,1789018578499
2232830,1,INITIATED,1789018578337
2232830,2,VALIDATED,1789018578540
2232830,3,PROCESSED,1789018579132
2232831,1,INITIATED,1789018578495
2232831,2,VALIDATED,1789018579129
2232831,3,PROCESSED,1789018579151
2232832,1,INITIATED,1789018578495
2232832,2,VALIDATED,1789018579128
2232832,3,PROCESSED,1789018579153
2232833,1,INITIATED,1789018578495
2232833,2,VALIDATED,1789018579129
2232833,3,PROCESSED,1789018579151
2232834,1,INITIATED,1789018578495
2232834,2,VALIDATED,1789018579128
2232834,3,PROCESSED,1789018579153
2232835,1,INITIATED,1789018578495
2232835,2,VALIDATED,1789018579129
2232835,3,PROCESSED,1789018579153
2232836,1,INITIATED,1789018578495
2232836,2,VALIDATED,1789018579129
2232836,3,PROCESSED,1789018579154
2232837,1,INITIATED,1789018578495
2232837,2,VALIDATED,1789018579129
2232837,3,PROCESSED,1789018579150
2232838,1,INITIATED,1789018578497
2232838,2,VALIDATED,1789018579129
2232838,3,PROCESSED,1789018579152
2232839,1,INITIATED,1789018578537
2232839,2,VALIDATED,1789018579127
2232839,3,PROCESSED,1789018579151
2232840,1,INITIATED,1789018578538
2232840,2,VALIDATED,1789018579128
2232840,3,PROCESSED,1789018579152
2232841,1,INITIATED,1789018579129
2232841,2,VALIDATED,1789018579150
2232841,3,PROCESSED,1789018580484
2232842,1,INITIATED,1789018579130
2232842,2,VALIDATED,1789018579150
2232842,3,PROCESSED,1789018579517
2232843,1,INITIATED,1789018579126
2232843,2,VALIDATED,1789018579149
2232843,3,PROCESSED,1789018579514
2232844,1,INITIATED,1789018579130
2232844,2,VALIDATED,1789018579149
2232844,3,PROCESSED,1789018579518
2232845,1,INITIATED,1789018579130
2232845,2,VALIDATED,1789018579149
2232845,3,PROCESSED,1789018579516
2232846,1,INITIATED,1789018579129
2232846,2,VALIDATED,1789018579152
2232846,3,PROCESSED,1789018580485
2232847,1,INITIATED,1789018579130
2232847,2,VALIDATED,1789018579153
2232847,3,PROCESSED,1789018580485
2232848,1,INITIATED,1789018579129
2232848,2,VALIDATED,1789018579151
2232848,3,PROCESSED,1789018579517
2232849,1,INITIATED,1789018579126
2232849,2,VALIDATED,1789018579149
2232849,3,PROCESSED,1789018579516
2232850,1,INITIATED,1789018579131
2232850,2,VALIDATED,1789018579150
2232850,3,PROCESSED,1789018579517
2232851,1,INITIATED,1789018579129
2232851,2,VALIDATED,1789018579148
2232851,3,PROCESSED,1789018579518
2232852,1,INITIATED,1789018579130
2232852,2,VALIDATED,1789018579154
2232852,3,PROCESSED,1789018579517
2232853,1,INITIATED,1789018579126
2232853,2,VALIDATED,1789018579147
2232853,3,PROCESSED,1789018579168
2232854,1,INITIATED,1789018579129
2232854,2,VALIDATED,1789018579153
2232854,3,PROCESSED,1789018580484
2232855,1,INITIATED,1789018579128
2232855,2,VALIDATED,1789018579167
2232855,3,PROCESSED,1789018580484
2232856,1,INITIATED,1789018579128
2232856,2,VALIDATED,1789018579148
2232856,3,PROCESSED,1789018579518
2232857,1,INITIATED,1789018579130
2232857,2,VALIDATED,1789018579148
2232857,3,PROCESSED,1789018579517
2232858,1,INITIATED,1789018579127
2232858,2,VALIDATED,1789018579146
2232858,3,PROCESSED,1789018579155
2232859,1,INITIATED,1789018579127
2232859,2,VALIDATED,1789018579148
2232859,3,PROCESSED,1789018579517
2232860,1,INITIATED,1789018579130
2232860,2,VALIDATED,1789018579153
2232860,3,PROCESSED,1789018579517
2232861,1,INITIATED,1789018579131
2232861,2,VALIDATED,1789018579152
2232861,3,PROCESSED,1789018579518
2232862,1,INITIATED,1789018579143
2232862,2,VALIDATED,1789018579153
2232862,3,PROCESSED,1789018580484
2232863,1,INITIATED,1789018579144
2232863,2,VALIDATED,1789018579167
2232863,3,PROCESSED,1789018580483
2232864,1,INITIATED,1789018579144
2232864,2,VALIDATED,1789018579154
2232864,3,PROCESSED,1789018579516
2232865,1,INITIATED,1789018579149
2232865,2,VALIDATED,1789018579514
2232865,3,PROCESSED,1789018580486
2232866,1,INITIATED,1789018579147
2232866,2,VALIDATED,1789018579154
2232866,3,PROCESSED,1789018580484
2232867,1,INITIATED,1789018579152
2232867,2,VALIDATED,1789018580480
2232867,3,PROCESSED,1789018581658
2232868,1,INITIATED,1789018579147
2232868,2,VALIDATED,1789018579167
2232868,3,PROCESSED,1789018580484
2232869,1,INITIATED,1789018579148
2232869,2,VALIDATED,1789018579512
2232869,3,PROCESSED,1789018580485
2232870,1,INITIATED,1789018579153
2232870,2,VALIDATED,1789018579512
2232870,3,PROCESSED,1789018580485
2232871,1,INITIATED,1789018579511
2232871,2,VALIDATED,1789018580482
2232871,3,PROCESSED,1789018582017
2232872,1,INITIATED,1789018579511
2232872,2,VALIDATED,1789018580833
2232872,3,PROCESSED,1789018582838
2232873,1,INITIATED,1789018579515
2232873,2,VALIDATED,1789018580482
2232873,3,PROCESSED,1789018582014
2232874,1,INITIATED,1789018579515
2232874,2,VALIDATED,1789018580481
2232874,3,PROCESSED,1789018582016
2232875,1,INITIATED,1789018579514
2232875,2,VALIDATED,1789018580839
2232875,3,PROCESSED,1789018582017
2232876,1,INITIATED,1789018579514
2232876,2,VALIDATED,1789018580482
2232876,3,PROCESSED,1789018582016
2232877,1,INITIATED,1789018579512
2232877,2,VALIDATED,1789018580480
2232877,3,PROCESSED,1789018581656
2232878,1,INITIATED,1789018579512
2232878,2,VALIDATED,1789018580483
2232878,3,PROCESSED,1789018582015
2232879,1,INITIATED,1789018579515
2232879,2,VALIDATED,1789018580481
2232879,3,PROCESSED,1789018582015
2232880,1,INITIATED,1789018579515
2232880,2,VALIDATED,1789018580833
2232880,3,PROCESSED,1789018582016
2232881,1,INITIATED,1789018579512
2232881,2,VALIDATED,1789018580480
2232881,3,PROCESSED,1789018582016
2232882,1,INITIATED,1789018579510
2232882,2,VALIDATED,1789018580833
2232882,3,PROCESSED,1789018582838
2232883,1,INITIATED,1789018579511
2232883,2,VALIDATED,1789018580833
2232883,3,PROCESSED,1789018582837
2232884,1,INITIATED,1789018579511
2232884,2,VALIDATED,1789018580482
2232884,3,PROCESSED,1789018582012
2232885,1,INITIATED,1789018580482
2232885,2,VALIDATED,1789018582009
2232885,3,PROCESSED,1789018585059
2232886,1,INITIATED,1789018580482
2232886,2,VALIDATED,1789018580840
2232886,3,PROCESSED,1789018582016
2232887,1,INITIATED,1789018580479
2232887,2,VALIDATED,1789018581701
2232887,3,PROCESSED,1789018582837
2232888,1,INITIATED,1789018580483
2232888,2,VALIDATED,1789018582012
2232888,3,PROCESSED,1789018584828
2232889,1,INITIATED,1789018580480
2232889,2,VALIDATED,1789018581701
2232889,3,PROCESSED,1789018584828
2232890,1,INITIATED,1789018580479
2232890,2,VALIDATED,1789018582011
2232890,3,PROCESSED,1789018585405
2232891,1,INITIATED,1789018580479
2232891,2,VALIDATED,1789018580948
2232891,3,PROCESSED,1789018583278
2232892,1,INITIATED,1789018580480
2232892,2,VALIDATED,1789018581653
2232892,3,PROCESSED,1789018584813
2232893,1,INITIATED,1789018580480
2232893,2,VALIDATED,1789018581701
2232893,3,PROCESSED,1789018585403
2232894,1,INITIATED,1789018580481
2232894,2,VALIDATED,1789018582014
2232894,3,PROCESSED,1789018585402
2232895,1,INITIATED,1789018580834
2232895,2,VALIDATED,1789018582014
2232895,3,PROCESSED,1789018582839
2232896,1,INITIATED,1789018580837
2232896,2,VALIDATED,1789018582134
2232896,3,PROCESSED,1789018585789
2232897,1,INITIATED,1789018580838
2232897,2,VALIDATED,1789018582133
2232897,3,REJECTED,1789018585531
2232898,1,INITIATED,1789018580839
2232898,2,VALIDATED,1789018582013
2232898,3,PROCESSED,1789018585403
2232899,1,INITIATED,1789018580835
2232899,2,VALIDATED,1789018582133
2232899,3,PROCESSED,1789018585433
2232900,1,INITIATED,1789018580836
2232900,2,VALIDATED,1789018582133
2232900,3,REJECTED,1789018585157
2232901,1,INITIATED,1789018580838
2232901,2,VALIDATED,1789018582835
2232901,3,PROCESSED,1789018585164
2232902,1,INITIATED,1789018580836
2232902,2,VALIDATED,1789018582012
2232902,3,PROCESSED,1789018585057
2232903,1,INITIATED,1789018580836
2232903,2,VALIDATED,1789018582132
2232903,3,REJECTED,1789018585428
2232904,1,INITIATED,1789018580839
2232904,2,VALIDATED,1789018582134
2232904,3,PROCESSED,1789018585129
2232905,1,INITIATED,1789018580836
2232905,2,VALIDATED,1789018581653
2232905,3,PROCESSED,1789018582017
2232906,1,INITIATED,1789018580836
2232906,2,VALIDATED,1789018582134
2232906,3,PROCESSED,1789018585133
2232907,1,INITIATED,1789018580838
2232907,2,VALIDATED,1789018582836
2232907,3,PROCESSED,1789018583166
2232908,1,INITIATED,1789018580838
2232908,2,VALIDATED,1789018584813
2232908,3,PROCESSED,1789018585454
2232909,1,INITIATED,1789018580837
2232909,2,VALIDATED,1789018582833
2232909,3,PROCESSED,1789018585779
2232910,1,INITIATED,1789018580839
2232910,2,VALIDATED,1789018584468
2232910,3,PROCESSED,1789018585438
2232911,1,INITIATED,1789018580837
2232911,2,VALIDATED,1789018584467
2232911,3,PROCESSED,1789018585137
2232912,1,INITIATED,1789018580837
2232912,2,VALIDATED,1789018582833
2232912,3,PROCESSED,1789018585133
2232913,1,INITIATED,1789018580840
2232913,2,VALIDATED,1789018582013
2232913,3,PROCESSED,1789018585405
2232914,1,INITIATED,1789018580839
2232914,2,VALIDATED,1789018582134
2232914,3,REJECTED,1789018585072
2232915,1,INITIATED,1789018580838
2232915,2,VALIDATED,1789018582133
2232915,3,PROCESSED,1789018585431
2232916,1,INITIATED,1789018580839
2232916,2,VALIDATED,1789018582132
2232916,3,PROCESSED,1789018585131
2232917,1,INITIATED,1789018580840
2232917,2,VALIDATED,1789018582013
2232917,3,PROCESSED,1789018585059
2232918,1,INITIATED,1789018580840
2232918,2,VALIDATED,1789018582134
2232918,3,PROCESSED,1789018585140
2232919,1,INITIATED,1789018580840
2232919,2,VALIDATED,1789018583279
2232919,3,PROCESSED,1789018585396
2232920,1,INITIATED,1789018580943
2232920,2,VALIDATED,1789018584809
2232920,3,PROCESSED,1789018585455
2232921,1,INITIATED,1789018580947
2232921,2,VALIDATED,1789018583162
2232921,3,PROCESSED,1789018585169
2232922,1,INITIATED,1789018580947
2232922,2,VALIDATED,1789018584471
2232922,3,PROCESSED,1789018585138
2232923,1,INITIATED,1789018580948
2232923,2,VALIDATED,1789018582013
2232923,3,PROCESSED,1789018585059
2232924,1,INITIATED,1789018580945
2232924,2,VALIDATED,1789018583161
2232924,3,PROCESSED,1789018585175
2232925,1,INITIATED,1789018580948
2232925,2,VALIDATED,1789018584468
2232925,3,PROCESSED,1789018585437
2232926,1,INITIATED,1789018580948
2232926,2,VALIDATED,1789018584467
2232926,3,PROCESSED,1789018585444
2232927,1,INITIATED,1789018580947
2232927,2,VALIDATED,1789018584471
2232927,3,PROCESSED,1789018585538
2232928,1,INITIATED,1789018580945
2232928,2,VALIDATED,1789018583161
2232928,3,PROCESSED,1789018585167
2232929,1,INITIATED,1789018580945
2232929,2,VALIDATED,1789018582833
2232929,3,PROCESSED,1789018585127
2232930,1,INITIATED,1789018580945
2232930,2,VALIDATED,1789018583178
2232930,3,PROCESSED,1789018585395
2232931,1,INITIATED,1789018580945
2232931,2,VALIDATED,1789018583161
2232931,3,PROCESSED,1789018585170
2232932,1,INITIATED,1789018580946
2232932,2,VALIDATED,1789018582132
2232932,3,PROCESSED,1789018585131
2232933,1,INITIATED,1789018580947
2232933,2,VALIDATED,1789018583178
2232933,3,PROCESSED,1789018585466
2232934,1,INITIATED,1789018580946
2232934,2,VALIDATED,1789018584810
2232934,3,PROCESSED,1789018585137
2232935,1,INITIATED,1789018580948
2232935,2,VALIDATED,1789018585165
2232935,3,PROCESSED,1789018585531
2232936,1,INITIATED,1789018580947
2232936,2,VALIDATED,1789018583177
2232936,3,PROCESSED,1789018585394
2232937,1,INITIATED,1789018580947
2232937,2,VALIDATED,1789018583178
2232937,3,PROCESSED,1789018585464
2232938,1,INITIATED,1789018580947
2232938,2,VALIDATED,1789018583279
2232938,3,PROCESSED,1789018585441
2232939,1,INITIATED,1789018580948
2232939,2,VALIDATED,1789018585453
2232939,3,PROCESSED,1789018586098
2232940,1,INITIATED,1789018580947
2232940,2,VALIDATED,1789018584467
2232940,3,PROCESSED,1789018585537
2232941,1,INITIATED,1789018580947
2232941,2,VALIDATED,1789018583177
2232941,3,PROCESSED,1789018585394
2232942,1,INITIATED,1789018581654
2232942,2,VALIDATED,1789018584472
2232942,3,PROCESSED,1789018585436
2232943,1,INITIATED,1789018581654
2232943,2,VALIDATED,1789018584469
2232943,3,PROCESSED,1789018585531
2232944,1,INITIATED,1789018581652
2232944,2,VALIDATED,1789018583177
2232944,3,PROCESSED,1789018585393
2232945,1,INITIATED,1789018581655
2232945,2,VALIDATED,1789018584467
2232945,3,PROCESSED,1789018585138
2232946,1,INITIATED,1789018581655
2232946,2,VALIDATED,1789018584472
2232946,3,PROCESSED,1789018585138
2232947,1,INITIATED,1789018581654
2232947,2,VALIDATED,1789018584464
2232947,3,PROCESSED,1789018585435
2232948,1,INITIATED,1789018581654
2232948,2,VALIDATED,1789018584469
2232948,3,PROCESSED,1789018585539
2232949,1,INITIATED,1789018581655
2232949,2,VALIDATED,1789018584464
2232949,3,PROCESSED,1789018585539
2232950,1,INITIATED,1789018581652
2232950,2,VALIDATED,1789018584469
2232950,3,PROCESSED,1789018585781
2232951,1,INITIATED,1789018581656
2232951,2,VALIDATED,1789018584468
2232951,3,PROCESSED,1789018585438
2232952,1,INITIATED,1789018581656
2232952,2,VALIDATED,1789018582015
2232952,3,PROCESSED,1789018585058
2232953,1,INITIATED,1789018581656
2232953,2,VALIDATED,1789018584468
2232953,3,PROCESSED,1789018585443
2232954,1,INITIATED,1789018582011
2232954,2,VALIDATED,1789018584814
2232954,3,PROCESSED,1789018585159
2232955,1,INITIATED,1789018582012
2232955,2,VALIDATED,1789018582835
2232955,3,PROCESSED,1789018585161
2232956,1,INITIATED,1789018582014
2232956,2,VALIDATED,1789018582133
2232956,3,PROCESSED,1789018585126
2232957,1,INITIATED,1789018582013
2232957,2,VALIDATED,1789018585402
2232957,3,PROCESSED,1789018585795
2232958,1,INITIATED,1789018582013
2232958,2,VALIDATED,1789018582836
2232958,3,PROCESSED,1789018585141
2232959,1,INITIATED,1789018582014
2232959,2,VALIDATED,1789018584806
2232959,3,PROCESSED,1789018585446
2232960,1,INITIATED,1789018582836
2232960,2,VALIDATED,1789018585440
2232960,3,PROCESSED,1789018586078
2232961,1,INITIATED,1789018582838
2232961,2,VALIDATED,1789018585138
2232961,3,PROCESSED,1789018585473
2232962,1,INITIATED,1789018582838
2232962,2,VALIDATED,1789018585139
2232962,3,PROCESSED,1789018585476
2232963,1,INITIATED,1789018582837
2232963,2,VALIDATED,1789018585446
2232963,3,PROCESSED,1789018586087
2232964,1,INITIATED,1789018582838
2232964,2,VALIDATED,1789018585156
2232964,3,PROCESSED,1789018585476
2232965,1,INITIATED,1789018582837
2232965,2,VALIDATED,1789018585159
2232965,3,PROCESSED,1789018585475
2232966,1,INITIATED,1789018582839
2232966,2,VALIDATED,1789018585139
2232966,3,PROCESSED,1789018585476
2232967,1,INITIATED,1789018582839
2232967,2,VALIDATED,1789018585156
2232967,3,PROCESSED,1789018585478
2232968,1,INITIATED,1789018582838
2232968,2,VALIDATED,1789018585158
2232968,3,PROCESSED,1789018585475
2232969,1,INITIATED,1789018582853
2232969,2,VALIDATED,1789018585161
2232969,3,PROCESSED,1789018585408
2232970,1,INITIATED,1789018582854
2232970,2,VALIDATED,1789018585159
2232970,3,PROCESSED,1789018586099
2232971,1,INITIATED,1789018582853
2232971,2,VALIDATED,1789018585443
2232971,3,PROCESSED,1789018586087
2232972,1,INITIATED,1789018582854
2232972,2,VALIDATED,1789018585157
2232972,3,PROCESSED,1789018585479
2232973,1,INITIATED,1789018582853
2232973,2,VALIDATED,1789018585157
2232973,3,PROCESSED,1789018585472
2232974,1,INITIATED,1789018582854
2232974,2,VALIDATED,1789018585165
2232974,3,PROCESSED,1789018585480
2232975,1,INITIATED,1789018582854
2232975,2,VALIDATED,1789018585157
2232975,3,PROCESSED,1789018586098
2232976,1,INITIATED,1789018582854
2232976,2,VALIDATED,1789018585159
2232976,3,PROCESSED,1789018585477
2232977,1,INITIATED,1789018582854
2232977,2,VALIDATED,1789018585157
2232977,3,PROCESSED,1789018585405
2232978,1,INITIATED,1789018582855
2232978,2,VALIDATED,1789018585166
2232978,3,PROCESSED,1789018585535
2232979,1,INITIATED,1789018582855
2232979,2,VALIDATED,1789018585166
2232979,3,PROCESSED,1789018585536
2232980,1,INITIATED,1789018582855
2232980,2,VALIDATED,1789018585168
2232980,3,PROCESSED,1789018585538
2232981,1,INITIATED,1789018583163
2232981,2,VALIDATED,1789018585167
2232981,3,PROCESSED,1789018585435
2232982,1,INITIATED,1789018583161
2232982,2,VALIDATED,1789018585166
2232982,3,REJECTED,1789018585488
2232983,1,INITIATED,1789018583160
2232983,2,VALIDATED,1789018585169
2232983,3,PROCESSED,1789018585429
2232984,1,INITIATED,1789018583161
2232984,2,VALIDATED,1789018585840
2232984,3,PROCESSED,1789018586168
2232985,1,INITIATED,1789018583164
2232985,2,VALIDATED,1789018585842
2232985,3,PROCESSED,1789018586169
2232986,1,INITIATED,1789018583163
2232986,2,VALIDATED,1789018585169
2232986,3,PROCESSED,1789018585431
2232987,1,INITIATED,1789018583163
2232987,2,VALIDATED,1789018585169
2232987,3,PROCESSED,1789018585426
2232988,1,INITIATED,1789018583161
2232988,2,VALIDATED,1789018585162
2232988,3,REJECTED,1789018585402
2232989,1,INITIATED,1789018583163
2232989,2,VALIDATED,1789018584463
2232989,3,PROCESSED,1789018585441
2232990,1,INITIATED,1789018583163
2232990,2,VALIDATED,1789018585166
2232990,3,PROCESSED,1789018585532
2232991,1,INITIATED,1789018583163
2232991,2,VALIDATED,1789018585165
2232991,3,PROCESSED,1789018585536
2232992,1,INITIATED,1789018583163
2232992,2,VALIDATED,1789018585164
2232992,3,PROCESSED,1789018585480
2232993,1,INITIATED,1789018583164
2232993,2,VALIDATED,1789018584466
2232993,3,PROCESSED,1789018585444
2232994,1,INITIATED,1789018583164
2232994,2,VALIDATED,1789018585161
2232994,3,PROCESSED,1789018585479
2232995,1,INITIATED,1789018583164
2232995,2,VALIDATED,1789018585448
2232995,3,REJECTED,1789018586081
2232996,1,INITIATED,1789018583178
2232996,2,VALIDATED,1789018585170
2232996,3,PROCESSED,1789018585426
2232997,1,INITIATED,1789018583178
2232997,2,VALIDATED,1789018585171
2232997,3,PROCESSED,1789018585430
2232998,1,INITIATED,1789018583280
2232998,2,VALIDATED,1789018585439
2232998,3,PROCESSED,1789018585461
2232999,1,INITIATED,1789018583278
2232999,2,VALIDATED,1789018585781
2232999,3,PROCESSED,1789018586140
2233000,1,INITIATED,1789018583278
2233000,2,VALIDATED,1789018585174
2233000,3,PROCESSED,1789018585787
2233001,1,INITIATED,1789018583280
2233001,2,VALIDATED,1789018585073
2233001,3,PROCESSED,1789018585470
2233002,1,INITIATED,1789018583280
2233002,2,VALIDATED,1789018585071
2233002,3,PROCESSED,1789018585465
2233003,1,INITIATED,1789018583280
2233003,2,VALIDATED,1789018585439
2233003,3,PROCESSED,1789018586080
2233004,1,INITIATED,1789018583280
2233004,2,VALIDATED,1789018585782
2233004,3,PROCESSED,1789018586185
2233005,1,INITIATED,1789018583279
2233005,2,VALIDATED,1789018585534
2233005,3,PROCESSED,1789018586135
2233006,1,INITIATED,1789018583280
2233006,2,VALIDATED,1789018585439
2233006,3,PROCESSED,1789018585844
2233007,1,INITIATED,1789018583280
2233007,2,VALIDATED,1789018585438
2233007,3,PROCESSED,1789018586083
2233008,1,INITIATED,1789018583280
2233008,2,VALIDATED,1789018585073
2233008,3,PROCESSED,1789018586087
2233009,1,INITIATED,1789018584466
2233009,2,VALIDATED,1789018585071
2233009,3,PROCESSED,1789018585466
2233010,1,INITIATED,1789018584466
2233010,2,VALIDATED,1789018585443
2233010,3,PROCESSED,1789018586091
2233011,1,INITIATED,1789018584500
2233011,2,VALIDATED,1789018585130
2233011,3,PROCESSED,1789018585470
2233012,1,INITIATED,1789018584806
2233012,2,VALIDATED,1789018585793
2233012,3,PROCESSED,1789018586153
2233013,1,INITIATED,1789018584809
2233013,2,VALIDATED,1789018585442
2233013,3,PROCESSED,1789018586085
2233014,1,INITIATED,1789018584808
2233014,2,VALIDATED,1789018585442
2233014,3,PROCESSED,1789018586088
2233015,1,INITIATED,1789018584814
2233015,2,VALIDATED,1789018585445
2233015,3,PROCESSED,1789018586091
2233016,1,INITIATED,1789018584813
2233016,2,VALIDATED,1789018585158
2233016,3,PROCESSED,1789018585478
2233017,1,INITIATED,1789018584808
2233017,2,VALIDATED,1789018585441
2233017,3,PROCESSED,1789018586083
2233018,1,INITIATED,1789018584808
2233018,2,VALIDATED,1789018585447
2233018,3,PROCESSED,1789018586092
2233019,1,INITIATED,1789018584809
2233019,2,VALIDATED,1789018585443
2233019,3,PROCESSED,1789018585464
2233020,1,INITIATED,1789018584813
2233020,2,VALIDATED,1789018585445
2233020,3,PROCESSED,1789018586085
2233021,1,INITIATED,1789018584809
2233021,2,VALIDATED,1789018585442
2233021,3,PROCESSED,1789018586082
2233022,1,INITIATED,1789018584810
2233022,2,VALIDATED,1789018585440
2233022,3,PROCESSED,1789018585846
2233023,1,INITIATED,1789018584810
2233023,2,VALIDATED,1789018585441
2233023,3,PROCESSED,1789018585845
2233024,1,INITIATED,1789018584811
2233024,2,VALIDATED,1789018585443
2233024,3,REJECTED,1789018586081
2233025,1,INITIATED,1789018584814
2233025,2,VALIDATED,1789018585452
2233025,3,PROCESSED,1789018586097
2233026,1,INITIATED,1789018584812
2233026,2,VALIDATED,1789018585158
2233026,3,PROCESSED,1789018585478
2233027,1,INITIATED,1789018584814
2233027,2,VALIDATED,1789018585443
2233027,3,PROCESSED,1789018586086
2233028,1,INITIATED,1789018584812
2233028,2,VALIDATED,1789018585441
2233028,3,PROCESSED,1789018586084
2233029,1,INITIATED,1789018584813
2233029,2,VALIDATED,1789018585165
2233029,3,PROCESSED,1789018585535
2233030,1,INITIATED,1789018584814
2233030,2,VALIDATED,1789018585449
2233030,3,PROCESSED,1789018586086
2233031,1,INITIATED,1789018585057
2233031,2,VALIDATED,1789018585450
2233031,3,PROCESSED,1789018586095
2233032,1,INITIATED,1789018585057
2233032,2,VALIDATED,1789018585165
2233032,3,PROCESSED,1789018585480
2233033,1,INITIATED,1789018585062
2233033,2,VALIDATED,1789018585456
2233033,3,PROCESSED,1789018586099
2233034,1,INITIATED,1789018585060
2233034,2,VALIDATED,1789018585839
2233034,3,PROCESSED,1789018586170
2233035,1,INITIATED,1789018585062
2233035,2,VALIDATED,1789018585175
2233035,3,PROCESSED,1789018585790
2233036,1,INITIATED,1789018585060
2233036,2,VALIDATED,1789018585452
2233036,3,PROCESSED,1789018586098
2233037,1,INITIATED,1789018585060
2233037,2,VALIDATED,1789018585450
2233037,3,PROCESSED,1789018586084
2233038,1,INITIATED,1789018585059
2233038,2,VALIDATED,1789018585451
2233038,3,PROCESSED,1789018586093
2233039,1,INITIATED,1789018585059
2233039,2,VALIDATED,1789018585450
2233039,3,PROCESSED,1789018586160
2233040,1,INITIATED,1789018585062
2233040,2,VALIDATED,1789018585172
2233040,3,PROCESSED,1789018585439
2233041,1,INITIATED,1789018585060
2233041,2,VALIDATED,1789018585165
2233041,3,PROCESSED,1789018585535
2233042,1,INITIATED,1789018585060
2233042,2,VALIDATED,1789018585451
2233042,3,PROCESSED,1789018586097
2233043,1,INITIATED,1789018585062
2233043,2,VALIDATED,1789018585455
2233043,3,PROCESSED,1789018586096
2233044,1,INITIATED,1789018585064
2233044,2,VALIDATED,1789018585843
2233044,3,PROCESSED,1789018586168
2233045,1,INITIATED,1789018585060
2233045,2,VALIDATED,1789018585160
2233045,3,PROCESSED,1789018585479
2233046,1,INITIATED,1789018585061
2233046,2,VALIDATED,1789018585173
2233046,3,PROCESSED,1789018585433
2233047,1,INITIATED,1789018585063
2233047,2,VALIDATED,1789018585458
2233047,3,PROCESSED,1789018586099
2233048,1,INITIATED,1789018585063
2233048,2,VALIDATED,1789018586083
2233048,3,PROCESSED,1789018586175
2233049,1,INITIATED,1789018585059
2233049,2,VALIDATED,1789018585452
2233049,3,PROCESSED,1789018586095
2233050,1,INITIATED,1789018585061
2233050,2,VALIDATED,1789018585453
2233050,3,PROCESSED,1789018585476
2233051,1,INITIATED,1789018585061
2233051,2,VALIDATED,1789018585456
2233051,3,PROCESSED,1789018586100
2233052,1,INITIATED,1789018585060
2233052,2,VALIDATED,1789018585451
2233052,3,PROCESSED,1789018586097
2233053,1,INITIATED,1789018585063
2233053,2,VALIDATED,1789018585458
2233053,3,PROCESSED,1789018586100
2233054,1,INITIATED,1789018585058
2233054,2,VALIDATED,1789018585451
2233054,3,PROCESSED,1789018586098
2233055,1,INITIATED,1789018585064
2233055,2,VALIDATED,1789018585453
2233055,3,PROCESSED,1789018585478
2233056,1,INITIATED,1789018585064
2233056,2,VALIDATED,1789018585454
2233056,3,PROCESSED,1789018586099
2233057,1,INITIATED,1789018585064
2233057,2,VALIDATED,1789018585171
2233057,3,PROCESSED,1789018585430
2233058,1,INITIATED,1789018585064
2233058,2,VALIDATED,1789018585459
2233058,3,PROCESSED,1789018586173
2233059,1,INITIATED,1789018585064
2233059,2,VALIDATED,1789018585458
2233059,3,PROCESSED,1789018586100
2233060,1,INITIATED,1789018585071
2233060,2,VALIDATED,1789018585459
2233060,3,PROCESSED,1789018586100
2233061,1,INITIATED,1789018585073
2233061,2,VALIDATED,1789018585174
2233061,3,PROCESSED,1789018585780
2233062,1,INITIATED,1789018585127
2233062,2,VALIDATED,1789018585464
2233062,3,PROCESSED,1789018586101
2233063,1,INITIATED,1789018585128
2233063,2,VALIDATED,1789018585463
2233063,3,PROCESSED,1789018586102
2233064,1,INITIATED,1789018585128
2233064,2,VALIDATED,1789018585460
2233064,3,PROCESSED,1789018586101
2233065,1,INITIATED,1789018585129
2233065,2,VALIDATED,1789018585466
2233065,3,PROCESSED,1789018586134
2233066,1,INITIATED,1789018585132
2233066,2,VALIDATED,1789018585465
2233066,3,PROCESSED,1789018586132
2233067,1,INITIATED,1789018585131
2233067,2,VALIDATED,1789018585469
2233067,3,PROCESSED,1789018586131
2233068,1,INITIATED,1789018585129
2233068,2,VALIDATED,1789018585465
2233068,3,PROCESSED,1789018586103
2233069,1,INITIATED,1789018585130
2233069,2,VALIDATED,1789018585460
2233069,3,PROCESSED,1789018586098
2233070,1,INITIATED,1789018585132
2233070,2,VALIDATED,1789018585461
2233070,3,PROCESSED,1789018586101
2233071,1,INITIATED,1789018585131
2233071,2,VALIDATED,1789018585461
2233071,3,PROCESSED,1789018586101
2233072,1,INITIATED,1789018585137
2233072,2,VALIDATED,1789018585464
2233072,3,PROCESSED,1789018586132
2233073,1,INITIATED,1789018585137
2233073,2,VALIDATED,1789018585468
2233073,3,PROCESSED,1789018586127
2233074,1,INITIATED,1789018585138
2233074,2,VALIDATED,1789018585399
2233074,3,REJECTED,1789018585788
2233075,1,INITIATED,1789018585161
2233075,2,VALIDATED,1789018585469
2233075,3,PROCESSED,1789018586134
2233076,1,INITIATED,1789018585162
2233076,2,VALIDATED,1789018585404
2233076,3,PROCESSED,1789018585791
2233077,1,INITIATED,1789018585163
2233077,2,VALIDATED,1789018585472
2233077,3,PROCESSED,1789018585538
2233078,1,INITIATED,1789018585163
2233078,2,VALIDATED,1789018585478
2233078,3,PROCESSED,1789018586133
2233079,1,INITIATED,1789018585165
2233079,2,VALIDATED,1789018585488
2233079,3,PROCESSED,1789018586136
2233080,1,INITIATED,1789018585175
2233080,2,VALIDATED,1789018585434
2233080,3,PROCESSED,1789018585845
2233081,1,INITIATED,1789018585175
2233081,2,VALIDATED,1789018585787
2233081,3,PROCESSED,1789018586145
2233082,1,INITIATED,1789018585174
2233082,2,VALIDATED,1789018586124
2233082,3,PROCESSED,1789018586190
2233083,1,INITIATED,1789018585175
2233083,2,VALIDATED,1789018585782
2233083,3,PROCESSED,1789018586137
2233084,1,INITIATED,1789018585175
2233084,2,VALIDATED,1789018585533
2233084,3,PROCESSED,1789018586130
2233085,1,INITIATED,1789018585174
2233085,2,VALIDATED,1789018585785
2233085,3,PROCESSED,1789018586149
2233086,1,INITIATED,1789018585393
2233086,2,VALIDATED,1789018585780
2233086,3,PROCESSED,1789018586142
2233087,1,INITIATED,1789018585394
2233087,2,VALIDATED,1789018585783
2233087,3,PROCESSED,1789018586143
2233088,1,INITIATED,1789018585393
2233088,2,VALIDATED,1789018585533
2233088,3,PROCESSED,1789018586136
2233089,1,INITIATED,1789018585391
2233089,2,VALIDATED,1789018585784
2233089,3,PROCESSED,1789018586151
2233090,1,INITIATED,1789018585394
2233090,2,VALIDATED,1789018585783
2233090,3,REJECTED,1789018586139
2233091,1,INITIATED,1789018585397
2233091,2,VALIDATED,1789018585784
2233091,3,PROCESSED,1789018586137
2233092,1,INITIATED,1789018585395
2233092,2,VALIDATED,1789018585785
2233092,3,PROCESSED,1789018586148
2233093,1,INITIATED,1789018585394
2233093,2,VALIDATED,1789018585783
2233093,3,PROCESSED,1789018586146
2233094,1,INITIATED,1789018585396
2233094,2,VALIDATED,1789018585788
2233094,3,REJECTED,1789018586141
2233095,1,INITIATED,1789018585395
2233095,2,VALIDATED,1789018585783
2233095,3,REJECTED,1789018586137
2233096,1,INITIATED,1789018585392
2233096,2,VALIDATED,1789018585533
2233096,3,PROCESSED,1789018586137
2233097,1,INITIATED,1789018585395
2233097,2,VALIDATED,1789018585787
2233097,3,PROCESSED,1789018586151
2233098,1,INITIATED,1789018585397
2233098,2,VALIDATED,1789018585787
2233098,3,PROCESSED,1789018586146
2233099,1,INITIATED,1789018585401
2233099,2,VALIDATED,1789018585829
2233099,3,PROCESSED,1789018586159
2233100,1,INITIATED,1789018585401
2233100,2,VALIDATED,1789018585792
2233100,3,PROCESSED,1789018586157
2233101,1,INITIATED,1789018585405
2233101,2,VALIDATED,1789018585794
2233101,3,PROCESSED,1789018586156
2233102,1,INITIATED,1789018585405
2233102,2,VALIDATED,1789018585793
2233102,3,PROCESSED,1789018586159
2233103,1,INITIATED,1789018585403
2233103,2,VALIDATED,1789018585789
2233103,3,PROCESSED,1789018586147
2233104,1,INITIATED,1789018585405
2233104,2,VALIDATED,1789018585830
2233104,3,PROCESSED,1789018586161
2233105,1,INITIATED,1789018585400
2233105,2,VALIDATED,1789018585782
2233105,3,PROCESSED,1789018586142
2233106,1,INITIATED,1789018585404
2233106,2,VALIDATED,1789018585794
2233106,3,PROCESSED,1789018586152
2233107,1,INITIATED,1789018585407
2233107,2,VALIDATED,1789018585790
2233107,3,PROCESSED,1789018586154
2233108,1,INITIATED,1789018585405
2233108,2,VALIDATED,1789018585786
2233108,3,PROCESSED,1789018586145
2233109,1,INITIATED,1789018585406
2233109,2,VALIDATED,1789018585785
2233109,3,PROCESSED,1789018586192
2233110,1,INITIATED,1789018585407
2233110,2,VALIDATED,1789018585793
2233110,3,PROCESSED,1789018586152
2233111,1,INITIATED,1789018585407
2233111,2,VALIDATED,1789018585787
2233111,3,PROCESSED,1789018586147
2233112,1,INITIATED,1789018585405
2233112,2,VALIDATED,1789018585786
2233112,3,PROCESSED,1789018586150
2233113,1,INITIATED,1789018585406
2233113,2,VALIDATED,1789018585793
2233113,3,PROCESSED,1789018586156
2233114,1,INITIATED,1789018585407
2233114,2,VALIDATED,1789018585839
2233114,3,PROCESSED,1789018586164
2233115,1,INITIATED,1789018585406
2233115,2,VALIDATED,1789018585793
2233115,3,PROCESSED,1789018586152
2233116,1,INITIATED,1789018585408
2233116,2,VALIDATED,1789018585789
2233116,3,PROCESSED,1789018586148
2233117,1,INITIATED,1789018585408
2233117,2,VALIDATED,1789018585445
2233117,3,PROCESSED,1789018586085
2233118,1,INITIATED,1789018585407
2233118,2,VALIDATED,1789018585830
2233118,3,PROCESSED,1789018586162
2233119,1,INITIATED,1789018585407
2233119,2,VALIDATED,1789018585792
2233119,3,PROCESSED,1789018586155
2233120,1,INITIATED,1789018585421
2233120,2,VALIDATED,1789018585828
2233120,3,PROCESSED,1789018586157
2233121,1,INITIATED,1789018585427
2233121,2,VALIDATED,1789018585828
2233121,3,PROCESSED,1789018586160
2233122,1,INITIATED,1789018585424
2233122,2,VALIDATED,1789018585830
2233122,3,PROCESSED,1789018586163
2233123,1,INITIATED,1789018585424
2233123,2,VALIDATED,1789018585830
2233123,3,PROCESSED,1789018586086
2233124,1,INITIATED,1789018585429
2233124,2,VALIDATED,1789018585450
2233124,3,PROCESSED,1789018586087
2233125,1,INITIATED,1789018585428
2233125,2,VALIDATED,1789018585448
2233125,3,PROCESSED,1789018586082
2233126,1,INITIATED,1789018585429
2233126,2,VALIDATED,1789018585449
2233126,3,PROCESSED,1789018586088
2233127,1,INITIATED,1789018585428
2233127,2,VALIDATED,1789018585830
2233127,3,PROCESSED,1789018586174
2233128,1,INITIATED,1789018585431
2233128,2,VALIDATED,1789018585830
2233128,3,PROCESSED,1789018586166
2233129,1,INITIATED,1789018585433
2233129,2,VALIDATED,1789018585841
2233129,3,PROCESSED,1789018586163
2233130,1,INITIATED,1789018585429
2233130,2,VALIDATED,1789018585830
2233130,3,PROCESSED,1789018586163
2233131,1,INITIATED,1789018585431
2233131,2,VALIDATED,1789018585827
2233131,3,PROCESSED,1789018586157
2233132,1,INITIATED,1789018585432
2233132,2,VALIDATED,1789018585840
2233132,3,PROCESSED,1789018586165
2233133,1,INITIATED,1789018585431
2233133,2,VALIDATED,1789018585450
2233133,3,PROCESSED,1789018586166
2233134,1,INITIATED,1789018585431
2233134,2,VALIDATED,1789018585840
2233134,3,PROCESSED,1789018586167
2233135,1,INITIATED,1789018585432
2233135,2,VALIDATED,1789018585828
2233135,3,PROCESSED,1789018586158
2233136,1,INITIATED,1789018585439
2233136,2,VALIDATED,1789018585843
2233136,3,PROCESSED,1789018586167
2233137,1,INITIATED,1789018585436
2233137,2,VALIDATED,1789018585841
2233137,3,PROCESSED,1789018586161
2233138,1,INITIATED,1789018585436
2233138,2,VALIDATED,1789018585842
2233138,3,PROCESSED,1789018586087
2233139,1,INITIATED,1789018585438
2233139,2,VALIDATED,1789018585844
2233139,3,PROCESSED,1789018586167
2233140,1,INITIATED,1789018585443
2233140,2,VALIDATED,1789018585458
2233140,3,PROCESSED,1789018585480
2233141,1,INITIATED,1789018585445
2233141,2,VALIDATED,1789018586079
2233141,3,PROCESSED,1789018586172
2233142,1,INITIATED,1789018585447
2233142,2,VALIDATED,1789018586083
2233142,3,PROCESSED,1789018586174
2233143,1,INITIATED,1789018585447
2233143,2,VALIDATED,1789018586081
2233143,3,PROCESSED,1789018586175
2233144,1,INITIATED,1789018585447
2233144,2,VALIDATED,1789018586078
2233144,3,PROCESSED,1789018586175
2233145,1,INITIATED,1789018585448
2233145,2,VALIDATED,1789018586084
2233145,3,PROCESSED,1789018586176
2233146,1,INITIATED,1789018585451
2233146,2,VALIDATED,1789018586090
2233146,3,PROCESSED,1789018586181
2233147,1,INITIATED,1789018585456
2233147,2,VALIDATED,1789018586094
2233147,3,PROCESSED,1789018586132
2233148,1,INITIATED,1789018585454
2233148,2,VALIDATED,1789018586093
2233148,3,PROCESSED,1789018586181
2233149,1,INITIATED,1789018585456
2233149,2,VALIDATED,1789018586094
2233149,3,PROCESSED,1789018586184
2233150,1,INITIATED,1789018585461
2233150,2,VALIDATED,1789018586095
2233150,3,PROCESSED,1789018586185
2233151,1,INITIATED,1789018585458
2233151,2,VALIDATED,1789018586091
2233151,3,PROCESSED,1789018586178
2233152,1,INITIATED,1789018585459
2233152,2,VALIDATED,1789018586096
2233152,3,PROCESSED,1789018586180
2233153,1,INITIATED,1789018585465
2233153,2,VALIDATED,1789018586124
2233153,3,PROCESSED,1789018586215
2233154,1,INITIATED,1789018585463
2233154,2,VALIDATED,1789018586124
2233154,3,PROCESSED,1789018586141
2233155,1,INITIATED,1789018585469
2233155,2,VALIDATED,1789018586122
2233155,3,PROCESSED,1789018586187
2233156,1,INITIATED,1789018585468
2233156,2,VALIDATED,1789018586122
2233156,3,PROCESSED,1789018586186
2233157,1,INITIATED,1789018585470
2233157,2,VALIDATED,1789018586120
2233157,3,PROCESSED,1789018586188
2233158,1,INITIATED,1789018585474
2233158,2,VALIDATED,1789018586125
2233158,3,PROCESSED,1789018586190
2233159,1,INITIATED,1789018585477
2233159,2,VALIDATED,1789018586203
2233159,3,PROCESSED,1789018586225
2233160,1,INITIATED,1789018585530
2233160,2,VALIDATED,1789018586123
2233160,3,PROCESSED,1789018586136
2233161,1,INITIATED,1789018585535
2233161,2,VALIDATED,1789018586130
2233161,3,PROCESSED,1789018586150
2233162,1,INITIATED,1789018585532
2233162,2,VALIDATED,1789018586124
2233162,3,PROCESSED,1789018586206
2233163,1,INITIATED,1789018585532
2233163,2,VALIDATED,1789018586125
2233163,3,PROCESSED,1789018586191
2233164,1,INITIATED,1789018585533
2233164,2,VALIDATED,1789018586126
2233164,3,PROCESSED,1789018586192
2233165,1,INITIATED,1789018585533
2233165,2,VALIDATED,1789018586127
2233165,3,PROCESSED,1789018586139
2233166,1,INITIATED,1789018585534
2233166,2,VALIDATED,1789018586122
2233166,3,PROCESSED,1789018586183
2233167,1,INITIATED,1789018585534
2233167,2,VALIDATED,1789018586123
2233167,3,PROCESSED,1789018586189
2233168,1,INITIATED,1789018585537
2233168,2,VALIDATED,1789018586129
2233168,3,PROCESSED,1789018586218
2233169,1,INITIATED,1789018585781
2233169,2,VALIDATED,1789018586136
2233169,3,PROCESSED,1789018586219
2233170,1,INITIATED,1789018585786
2233170,2,VALIDATED,1789018586140
2233170,3,PROCESSED,1789018586197
2233171,1,INITIATED,1789018585830
2233171,2,VALIDATED,1789018586159
2233171,3,PROCESSED,1789018586205
2233172,1,INITIATED,1789018585829
2233172,2,VALIDATED,1789018586150
2233172,3,PROCESSED,1789018586195
2233173,1,INITIATED,1789018586084
2233173,2,VALIDATED,1789018586168
2233173,3,PROCESSED,1789018586186
2233174,1,INITIATED,1789018586122
2233174,2,VALIDATED,1789018586177
2233174,3,PROCESSED,1789018586221
2233175,1,INITIATED,1789018586121
2233175,2,VALIDATED,1789018586178
2233175,3,PROCESSED,1789018586195
2233176,1,INITIATED,1789018586126
2233176,2,VALIDATED,1789018586185
2233176,3,PROCESSED,1789018586214
2233177,1,INITIATED,1789018586125
2233177,2,VALIDATED,1789018586182
2233177,3,PROCESSED,1789018586217
2233178,1,INITIATED,1789018586126
2233178,2,VALIDATED,1789018586184
2233178,3,PROCESSED,1789018586222
2233179,1,INITIATED,1789018586127
2233179,2,VALIDATED,1789018586182
2233179,3,PROCESSED,1789018586220
2233180,1,INITIATED,1789018586131
2233180,2,VALIDATED,1789018586187
2233180,3,PROCESSED,1789018586215
2233181,1,INITIATED,1789018586128
2233181,2,VALIDATED,1789018586187
2233181,3,PROCESSED,1789018586221
2233182,1,INITIATED,1789018586128
2233182,2,VALIDATED,1789018586188
2233182,3,PROCESSED,1789018586217
2233183,1,INITIATED,1789018586131
2233183,2,VALIDATED,1789018586191
2233183,3,PROCESSED,1789018586216
2233184,1,INITIATED,1789018586131
2233184,2,VALIDATED,1789018586188
2233184,3,PROCESSED,1789018586222
2233185,1,INITIATED,1789018586129
2233185,2,VALIDATED,1789018586187
2233185,3,PROCESSED,1789018586220
2233186,1,INITIATED,1789018586132
2233186,2,VALIDATED,1789018586190
2233186,3,PROCESSED,1789018586223
2233187,1,INITIATED,1789018586130
2233187,2,VALIDATED,1789018586186
2233187,3,PROCESSED,1789018586221
2233188,1,INITIATED,1789018586137
2233188,2,VALIDATED,1789018586190
2233188,3,PROCESSED,1789018586218
2233189,1,INITIATED,1789018586141
2233189,2,VALIDATED,1789018586193
2233189,3,PROCESSED,1789018586218
2233190,1,INITIATED,1789018586142
2233190,2,VALIDATED,1789018586149
2233190,3,PROCESSED,1789018586204
2233191,1,INITIATED,1789018586162
2233191,2,VALIDATED,1789018586193
2233191,3,PROCESSED,1789018586219
2233192,1,INITIATED,1789018586162
2233192,2,VALIDATED,1789018586196
2233192,3,REJECTED,1789018586216
2233193,1,INITIATED,1789018586164
2233193,2,VALIDATED,1789018586196
2233193,3,REJECTED,1789018586218
2233194,1,INITIATED,1789018586165
2233194,2,VALIDATED,1789018586177
2233194,3,REJECTED,1789018586199
2233195,1,INITIATED,1789018586164
2233195,2,VALIDATED,1789018586201
2233195,3,PROCESSED,1789018586226
2233196,1,INITIATED,1789018586165
2233196,2,VALIDATED,1789018586197
2233196,3,PROCESSED,1789018586222
2233197,1,INITIATED,1789018586167
2233197,2,VALIDATED,1789018586202
2233197,3,PROCESSED,1789018586227
2233198,1,INITIATED,1789018586166
2233198,2,VALIDATED,1789018586183
2233198,3,PROCESSED,1789018586219
2233199,1,INITIATED,1789018586165
2233199,2,VALIDATED,1789018586214
2233199,3,REJECTED,1789018586225
2233200,1,INITIATED,1789018586169
2233200,2,VALIDATED,1789018586197
2233200,3,PROCESSED,1789018586221
2233201,1,INITIATED,1789018586168
2233201,2,VALIDATED,1789018586203
2233201,3,PROCESSED,1789018586227
2233202,1,INITIATED,1789018586172
2233202,2,VALIDATED,1789018586188
2233202,3,PROCESSED,1789018586220
2233203,1,INITIATED,1789018586173
2233203,2,VALIDATED,1789018586198
2233203,3,PROCESSED,1789018586221
2233204,1,INITIATED,1789018586176
2233204,2,VALIDATED,1789018586202
2233204,3,PROCESSED,1789018586226
2233205,1,INITIATED,1789018586178
2233205,2,VALIDATED,1789018586201
2233205,3,PROCESSED,1789018586227
2233206,1,INITIATED,1789018586185
2233206,2,VALIDATED,1789018586202
2233206,3,PROCESSED,1789018586226
2233207,1,INITIATED,1789018586193
2233207,2,VALIDATED,1789018586217
2233207,3,PROCESSED,1789018586229
2233208,1,INITIATED,1789018586193
2233208,2,VALIDATED,1789018586216
2233208,3,PROCESSED,1789018586229
2233209,1,INITIATED,1789018586199
2233209,2,VALIDATED,1789018586221
2233209,3,PROCESSED,1789018586234
2233210,1,INITIATED,1789018586205
2233210,2,VALIDATED,1789018586225
2233210,3,PROCESSED,1789018586236
2233211,1,INITIATED,1789018586224
2233211,2,VALIDATED,1789018586233
2233211,3,PROCESSED,1789018586242
2233212,1,INITIATED,1789018586236
2233212,2,VALIDATED,1789018586242
2233212,3,PROCESSED,1789018586249
2233213,1,INITIATED,1789018586256
2233213,2,VALIDATED,1789018586260
2233213,3,PROCESSED,1789018586266
2233214,1,INITIATED,1789018586276
2233214,2,VALIDATED,1789018586280
2233214,3,PROCESSED,1789018586286
2233215,1,INITIATED,1789018586297
2233215,2,VALIDATED,1789018586301
2233215,3,PROCESSED,1789018586306
2233216,1,INITIATED,1789018586317
2233216,2,VALIDATED,1789018586321
2233216,3,PROCESSED,1789018586326
2233217,1,INITIATED,1789018586337
2233217,2,VALIDATED,1789018586342
2233217,3,PROCESSED,1789018586346
2233218,1,INITIATED,1789018586357
2233218,2,VALIDATED,1789018586361
2233218,3,PROCESSED,1789018586366
2233219,1,INITIATED,1789018586377
2233219,2,VALIDATED,1789018586381
2233219,3,PROCESSED,1789018586385
2233220,1,INITIATED,1789018586397
2233220,2,VALIDATED,1789018586402
2233220,3,PROCESSED,1789018586407
2233221,1,INITIATED,1789018586417
2233221,2,VALIDATED,1789018586421
2233221,3,PROCESSED,1789018586426
2233222,1,INITIATED,1789018586437
2233222,2,VALIDATED,1789018586441
2233222,3,PROCESSED,1789018586446
2233223,1,INITIATED,1789018586457
2233223,2,VALIDATED,1789018586461
2233223,3,PROCESSED,1789018586465
2233224,1,INITIATED,1789018586477
2233224,2,VALIDATED,1789018586489
2233224,3,PROCESSED,1789018586637
2233225,1,INITIATED,1789018586634
2233225,2,VALIDATED,1789018586641
2233225,3,PROCESSED,1789018586701
2233226,1,INITIATED,1789018586633
2233226,2,VALIDATED,1789018586642
2233226,3,PROCESSED,1789018586702
2233227,1,INITIATED,1789018586634
2233227,2,VALIDATED,1789018586641
2233227,3,PROCESSED,1789018586701
2233228,1,INITIATED,1789018586633
2233228,2,VALIDATED,1789018586642
2233228,3,PROCESSED,1789018586952
2233229,1,INITIATED,1789018586634
2233229,2,VALIDATED,1789018586642
2233229,3,PROCESSED,1789018586952
2233230,1,INITIATED,1789018586634
2233230,2,VALIDATED,1789018586641
2233230,3,PROCESSED,1789018586950
2233231,1,INITIATED,1789018586634
2233231,2,VALIDATED,1789018586641
2233231,3,PROCESSED,1789018586701
2233232,1,INITIATED,1789018586637
2233232,2,VALIDATED,1789018586645
2233232,3,PROCESSED,1789018586702
2233233,1,INITIATED,1789018586656
2233233,2,VALIDATED,1789018586951
2233233,3,PROCESSED,1789018586964
2233234,1,INITIATED,1789018586701
2233234,2,VALIDATED,1789018586951
2233234,3,PROCESSED,1789018586963
2233235,1,INITIATED,1789018586702
2233235,2,VALIDATED,1789018586960
2233235,3,PROCESSED,1789018586970
2233236,1,INITIATED,1789018586953
2233236,2,VALIDATED,1789018586961
2233236,3,PROCESSED,1789018586969
2233237,1,INITIATED,1789018586953
2233237,2,VALIDATED,1789018586962
2233237,3,PROCESSED,1789018586969
2233238,1,INITIATED,1789018586952
2233238,2,VALIDATED,1789018586961
2233238,3,PROCESSED,1789018586969
2233239,1,INITIATED,1789018586953
2233239,2,VALIDATED,1789018586961
2233239,3,PROCESSED,1789018586969
2233240,1,INITIATED,1789018586950
2233240,2,VALIDATED,1789018586962
2233240,3,PROCESSED,1789018586968
2233241,1,INITIATED,1789018586953
2233241,2,VALIDATED,1789018586960
2233241,3,PROCESSED,1789018586969
2233242,1,INITIATED,1789018586953
2233242,2,VALIDATED,1789018586962
2233242,3,PROCESSED,1789018586972
2233243,1,INITIATED,1789018586952
2233243,2,VALIDATED,1789018586962
2233243,3,PROCESSED,1789018586969
2233244,1,INITIATED,1789018586951
2233244,2,VALIDATED,1789018586961
2233244,3,PROCESSED,1789018586968
2233245,1,INITIATED,1789018586951
2233245,2,VALIDATED,1789018586960
2233245,3,PROCESSED,1789018586970
2233246,1,INITIATED,1789018586952
2233246,2,VALIDATED,1789018586960
2233246,3,PROCESSED,1789018586968
2233247,1,INITIATED,1789018586952
2233247,2,VALIDATED,1789018586960
2233247,3,PROCESSED,1789018586968
2233248,1,INITIATED,1789018586957
2233248,2,VALIDATED,1789018586963
2233248,3,PROCESSED,1789018586971
2233249,1,INITIATED,1789018586977
2233249,2,VALIDATED,1789018586981
2233249,3,PROCESSED,1789018586986
2233250,1,INITIATED,1789018586997
2233250,2,VALIDATED,1789018587013
2233250,3,PROCESSED,1789018587018
2233251,1,INITIATED,1789018587016
2233251,2,VALIDATED,1789018587020
2233251,3,PROCESSED,1789018587026
2233252,1,INITIATED,1789018587037
2233252,2,VALIDATED,1789018587041
2233252,3,PROCESSED,1789018587046
2233253,1,INITIATED,1789018587057
2233253,2,VALIDATED,1789018587061
2233253,3,PROCESSED,1789018587066
2233254,1,INITIATED,1789018587076
2233254,2,VALIDATED,1789018587080
2233254,3,PROCESSED,1789018587085
2233255,1,INITIATED,1789018587097
2233255,2,VALIDATED,1789018587101
2233255,3,PROCESSED,1789018587105
2233256,1,INITIATED,1789018587116
2233256,2,VALIDATED,1789018587120
2233256,3,PROCESSED,1789018587126
2233257,1,INITIATED,1789018587137
2233257,2,VALIDATED,1789018587141
2233257,3,PROCESSED,1789018587146
2233258,1,INITIATED,1789018587158
2233258,2,VALIDATED,1789018587163
2233258,3,PROCESSED,1789018587168
2233259,1,INITIATED,1789018587177
2233259,2,VALIDATED,1789018587181
2233259,3,PROCESSED,1789018587186
2233260,1,INITIATED,1789018587198
2233260,2,VALIDATED,1789018587204
2233260,3,PROCESSED,1789018587209
2233261,1,INITIATED,1789018587217
2233261,2,VALIDATED,1789018587221
2233261,3,PROCESSED,1789018587225
2233262,1,INITIATED,1789018587236
2233262,2,VALIDATED,1789018587241
2233262,3,PROCESSED,1789018587247
2233263,1,INITIATED,1789018587257
2233263,2,VALIDATED,1789018587262
2233263,3,PROCESSED,1789018587269
2233264,1,INITIATED,1789018587277
2233264,2,VALIDATED,1789018587281
2233264,3,PROCESSED,1789018587287
2233265,1,INITIATED,1789018587298
2233265,2,VALIDATED,1789018587303
2233265,3,PROCESSED,1789018587310
2233266,1,INITIATED,1789018587316
2233266,2,VALIDATED,1789018587320
2233266,3,PROCESSED,1789018587325
2233267,1,INITIATED,1789018587337
2233267,2,VALIDATED,1789018587341
2233267,3,PROCESSED,1789018587347
2233268,1,INITIATED,1789018587357
2233268,2,VALIDATED,1789018587361
2233268,3,PROCESSED,1789018587366
2233269,1,INITIATED,1789018587377
2233269,2,VALIDATED,1789018587381
2233269,3,PROCESSED,1789018587386
2233270,1,INITIATED,1789018587397
2233270,2,VALIDATED,1789018587405
2233270,3,PROCESSED,1789018587413
2233271,1,INITIATED,1789018587418
2233271,2,VALIDATED,1789018587427
2233271,3,PROCESSED,1789018587433
2233272,1,INITIATED,1789018587437
2233272,2,VALIDATED,1789018587441
2233272,3,PROCESSED,1789018587448
2233273,1,INITIATED,1789018587457
2233273,2,VALIDATED,1789018587461
2233273,3,PROCESSED,1789018587466
2233274,1,INITIATED,1789018587477
2233274,2,VALIDATED,1789018587490
2233274,3,PROCESSED,1789018587639
2233275,1,INITIATED,1789018587498
2233275,2,VALIDATED,1789018587637
2233275,3,PROCESSED,1789018587648
2233276,1,INITIATED,1789018587637
2233276,2,VALIDATED,1789018587646
2233276,3,PROCESSED,1789018587666
2233277,1,INITIATED,1789018587637
2233277,2,VALIDATED,1789018587646
2233277,3,PROCESSED,1789018587666
2233278,1,INITIATED,1789018587636
2233278,2,VALIDATED,1789018587646
2233278,3,PROCESSED,1789018587666
2233279,1,INITIATED,1789018587637
2233279,2,VALIDATED,1789018587646
2233279,3,PROCESSED,1789018587666
2233280,1,INITIATED,1789018587637
2233280,2,VALIDATED,1789018587646
2233280,3,PROCESSED,1789018587666
2233281,1,INITIATED,1789018587636
2233281,2,VALIDATED,1789018587646
2233281,3,PROCESSED,1789018587666
2233282,1,INITIATED,1789018587637
2233282,2,VALIDATED,1789018587646
2233282,3,PROCESSED,1789018587666
2233283,1,INITIATED,1789018587662
2233283,2,VALIDATED,1789018587976
2233283,3,PROCESSED,1789018587986
2233284,1,INITIATED,1789018587679
2233284,2,VALIDATED,1789018587976
2233284,3,PROCESSED,1789018587986
2233285,1,INITIATED,1789018587975
2233285,2,VALIDATED,1789018587983
2233285,3,PROCESSED,1789018587991
2233286,1,INITIATED,1789018587977
2233286,2,VALIDATED,1789018587984
2233286,3,PROCESSED,1789018587993
2233287,1,INITIATED,1789018587976
2233287,2,VALIDATED,1789018587983
2233287,3,PROCESSED,1789018587992
2233288,1,INITIATED,1789018587976
2233288,2,VALIDATED,1789018587983
2233288,3,PROCESSED,1789018587993
2233289,1,INITIATED,1789018587976
2233289,2,VALIDATED,1789018587984
2233289,3,PROCESSED,1789018587993
2233290,1,INITIATED,1789018587975
2233290,2,VALIDATED,1789018587983
2233290,3,PROCESSED,1789018587992
2233291,1,INITIATED,1789018587976
2233291,2,VALIDATED,1789018587984
2233291,3,PROCESSED,1789018587992
2233292,1,INITIATED,1789018587977
2233292,2,VALIDATED,1789018587984
2233292,3,PROCESSED,1789018587992
2233293,1,INITIATED,1789018587977
2233293,2,VALIDATED,1789018587984
2233293,3,PROCESSED,1789018587992
2233294,1,INITIATED,1789018587976
2233294,2,VALIDATED,1789018587983
2233294,3,PROCESSED,1789018587991
2233295,1,INITIATED,1789018587977
2233295,2,VALIDATED,1789018587983
2233295,3,REJECTED,1789018587988
2233296,1,INITIATED,1789018587977
2233296,2,VALIDATED,1789018587984
2233296,3,REJECTED,1789018587991
2233297,1,INITIATED,1789018587977
2233297,2,VALIDATED,1789018587984
2233297,3,REJECTED,1789018587989
2233298,1,INITIATED,1789018587977
2233298,2,VALIDATED,1789018587984
2233298,3,REJECTED,1789018587989
2233299,1,INITIATED,1789018587978
2233299,2,VALIDATED,1789018587984
2233299,3,PROCESSED,1789018587993
2233300,1,INITIATED,1789018587996
2233300,2,VALIDATED,1789018588019
2233300,3,PROCESSED,1789018588025
2233301,1,INITIATED,1789018588017
2233301,2,VALIDATED,1789018588021
2233301,3,PROCESSED,1789018588028
2233302,1,INITIATED,1789018588037
2233302,2,VALIDATED,1789018588041
2233302,3,PROCESSED,1789018588046
2233303,1,INITIATED,1789018588057
2233303,2,VALIDATED,1789018588061
2233303,3,PROCESSED,1789018588066
2233304,1,INITIATED,1789018588076
2233304,2,VALIDATED,1789018588080
2233304,3,PROCESSED,1789018588084
2233305,1,INITIATED,1789018588097
2233305,2,VALIDATED,1789018588101
2233305,3,PROCESSED,1789018588105
2233306,1,INITIATED,1789018588117
2233306,2,VALIDATED,1789018588120
2233306,3,PROCESSED,1789018588125
2233307,1,INITIATED,1789018588137
2233307,2,VALIDATED,1789018588141
2233307,3,PROCESSED,1789018588145
2233308,1,INITIATED,1789018588156
2233308,2,VALIDATED,1789018588161
2233308,3,PROCESSED,1789018588165
2233309,1,INITIATED,1789018588177
2233309,2,VALIDATED,1789018588182
2233309,3,PROCESSED,1789018588186
2233310,1,INITIATED,1789018588197
2233310,2,VALIDATED,1789018588200
2233310,3,PROCESSED,1789018588205
2233311,1,INITIATED,1789018588217
2233311,2,VALIDATED,1789018588221
2233311,3,PROCESSED,1789018588225
2233312,1,INITIATED,1789018588237
2233312,2,VALIDATED,1789018588241
2233312,3,PROCESSED,1789018588245
2233313,1,INITIATED,1789018588257
2233313,2,VALIDATED,1789018588261
2233313,3,PROCESSED,1789018588265
2233314,1,INITIATED,1789018588277
2233314,2,VALIDATED,1789018588280
2233314,3,PROCESSED,1789018588285
2233315,1,INITIATED,1789018588297
2233315,2,VALIDATED,1789018588301
2233315,3,PROCESSED,1789018588306
2233316,1,INITIATED,1789018588317
2233316,2,VALIDATED,1789018588320
2233316,3,PROCESSED,1789018588324
2233317,1,INITIATED,1789018588337
2233317,2,VALIDATED,1789018588340
2233317,3,PROCESSED,1789018588345
2233318,1,INITIATED,1789018588356
2233318,2,VALIDATED,1789018588360
2233318,3,PROCESSED,1789018588365
2233319,1,INITIATED,1789018588377
2233319,2,VALIDATED,1789018588380
2233319,3,PROCESSED,1789018588385
2233320,1,INITIATED,1789018588397
2233320,2,VALIDATED,1789018588400
2233320,3,PROCESSED,1789018588405
2233321,1,INITIATED,1789018588417
2233321,2,VALIDATED,1789018588421
2233321,3,PROCESSED,1789018588426
2233322,1,INITIATED,1789018588437
2233322,2,VALIDATED,1789018588441
2233322,3,PROCESSED,1789018588446
2233323,1,INITIATED,1789018588457
2233323,2,VALIDATED,1789018588461
2233323,3,PROCESSED,1789018588465
2233324,1,INITIATED,1789018588477
2233324,2,VALIDATED,1789018588481
2233324,3,PROCESSED,1789018588497
2233325,1,INITIATED,1789018588496
2233325,2,VALIDATED,1789018588622
2233325,3,PROCESSED,1789018588630
2233326,1,INITIATED,1789018588622
2233326,2,VALIDATED,1789018588628
2233326,3,PROCESSED,1789018588636
2233327,1,INITIATED,1789018588621
2233327,2,VALIDATED,1789018588628
2233327,3,PROCESSED,1789018588634
2233328,1,INITIATED,1789018588622
2233328,2,VALIDATED,1789018588628
2233328,3,PROCESSED,1789018588634
2233329,1,INITIATED,1789018588621
2233329,2,VALIDATED,1789018588628
2233329,3,PROCESSED,1789018588634
2233330,1,INITIATED,1789018588622
2233330,2,VALIDATED,1789018588628
2233330,3,PROCESSED,1789018588637
2233331,1,INITIATED,1789018588621
2233331,2,VALIDATED,1789018588628
2233331,3,PROCESSED,1789018588634
2233332,1,INITIATED,1789018588636
2233332,2,VALIDATED,1789018588661
2233332,3,PROCESSED,1789018588859
2233333,1,INITIATED,1789018588659
2233333,2,VALIDATED,1789018588858
2233333,3,PROCESSED,1789018588867
2233334,1,INITIATED,1789018588857
2233334,2,VALIDATED,1789018588866
2233334,3,PROCESSED,1789018588873
2233335,1,INITIATED,1789018588858
2233335,2,VALIDATED,1789018588866
2233335,3,PROCESSED,1789018588872
2233336,1,INITIATED,1789018588857
2233336,2,VALIDATED,1789018588865
2233336,3,PROCESSED,1789018588872
2233337,1,INITIATED,1789018588856
2233337,2,VALIDATED,1789018588865
2233337,3,PROCESSED,1789018588872
2233338,1,INITIATED,1789018588857
2233338,2,VALIDATED,1789018588866
2233338,3,PROCESSED,1789018588872
2233339,1,INITIATED,1789018588857
2233339,2,VALIDATED,1789018588866
2233339,3,PROCESSED,1789018588872
2233340,1,INITIATED,1789018588857
2233340,2,VALIDATED,1789018588865
2233340,3,PROCESSED,1789018588872
2233341,1,INITIATED,1789018588857
2233341,2,VALIDATED,1789018588866
2233341,3,PROCESSED,1789018588872
2233342,1,INITIATED,1789018588858
2233342,2,VALIDATED,1789018588865
2233342,3,PROCESSED,1789018588872
2233343,1,INITIATED,1789018588858
2233343,2,VALIDATED,1789018588866
2233343,3,PROCESSED,1789018588872
2233344,1,INITIATED,1789018588876
2233344,2,VALIDATED,1789018588947
2233344,3,PROCESSED,1789018588951
2233345,1,INITIATED,1789018588897
2233345,2,VALIDATED,1789018588947
2233345,3,PROCESSED,1789018588951
2233346,1,INITIATED,1789018588917
2233346,2,VALIDATED,1789018588947
2233346,3,PROCESSED,1789018588951
2233347,1,INITIATED,1789018588937
2233347,2,VALIDATED,1789018588947
2233347,3,PROCESSED,1789018588951
2233348,1,INITIATED,1789018588956
2233348,2,VALIDATED,1789018588959
2233348,3,PROCESSED,1789018588963
2233349,1,INITIATED,1789018588976
2233349,2,VALIDATED,1789018588980
2233349,3,PROCESSED,1789018588984
2233350,1,INITIATED,1789018588997
2233350,2,VALIDATED,1789018589004
2233350,3,PROCESSED,1789018589009
2233351,1,INITIATED,1789018589017
2233351,2,VALIDATED,1789018589021
2233351,3,PROCESSED,1789018589027
2233352,1,INITIATED,1789018589036
2233352,2,VALIDATED,1789018589040
2233352,3,PROCESSED,1789018589044
2233353,1,INITIATED,1789018589057
2233353,2,VALIDATED,1789018589060
2233353,3,PROCESSED,1789018589064
2233354,1,INITIATED,1789018589076
2233354,2,VALIDATED,1789018589079
2233354,3,PROCESSED,1789018589083
2233355,1,INITIATED,1789018589097
2233355,2,VALIDATED,1789018589101
2233355,3,PROCESSED,1789018589105
2233356,1,INITIATED,1789018589116
2233356,2,VALIDATED,1789018589119
2233356,3,PROCESSED,1789018589123
2233357,1,INITIATED,1789018589137
2233357,2,VALIDATED,1789018589141
2233357,3,PROCESSED,1789018589146
2233358,1,INITIATED,1789018589157
2233358,2,VALIDATED,1789018589161
2233358,3,PROCESSED,1789018589165
2233359,1,INITIATED,1789018589177
2233359,2,VALIDATED,1789018589180
2233359,3,PROCESSED,1789018589184
2233360,1,INITIATED,1789018589197
2233360,2,VALIDATED,1789018589204
2233360,3,PROCESSED,1789018589209
2233361,1,INITIATED,1789018589216
2233361,2,VALIDATED,1789018589219
2233361,3,PROCESSED,1789018589223
2233362,1,INITIATED,1789018589237
2233362,2,VALIDATED,1789018589241
2233362,3,PROCESSED,1789018589245
2233363,1,INITIATED,1789018589256
2233363,2,VALIDATED,1789018589260
2233363,3,PROCESSED,1789018589264
2233364,1,INITIATED,1789018589277
2233364,2,VALIDATED,1789018589283
2233364,3,PROCESSED,1789018589288
2233365,1,INITIATED,1789018589296
2233365,2,VALIDATED,1789018589300
2233365,3,PROCESSED,1789018589304
2233366,1,INITIATED,1789018589317
2233366,2,VALIDATED,1789018589321
2233366,3,PROCESSED,1789018589325
2233367,1,INITIATED,1789018589337
2233367,2,VALIDATED,1789018589341
2233367,3,PROCESSED,1789018589346
2233368,1,INITIATED,1789018589357
2233368,2,VALIDATED,1789018589361
2233368,3,PROCESSED,1789018589365
2233369,1,INITIATED,1789018589377
2233369,2,VALIDATED,1789018589380
2233369,3,PROCESSED,1789018589388
2233370,1,INITIATED,1789018589397
2233370,2,VALIDATED,1789018589401
2233370,3,PROCESSED,1789018589405
2233371,1,INITIATED,1789018589417
2233371,2,VALIDATED,1789018589420
2233371,3,PROCESSED,1789018589425
2233372,1,INITIATED,1789018589436
2233372,2,VALIDATED,1789018589440
2233372,3,PROCESSED,1789018589444
2233373,1,INITIATED,1789018589457
2233373,2,VALIDATED,1789018589460
2233373,3,PROCESSED,1789018589464
2233374,1,INITIATED,1789018589476
2233374,2,VALIDATED,1789018589482
2233374,3,PROCESSED,1789018589503
2233375,1,INITIATED,1789018589500
2233375,2,VALIDATED,1789018589992
2233375,3,PROCESSED,1789018590437
2233376,1,INITIATED,1789018589991
2233376,2,VALIDATED,1789018589996
2233376,3,PROCESSED,1789018591352
2233377,1,INITIATED,1789018589993
2233377,2,VALIDATED,1789018590574
2233377,3,PROCESSED,1789018592474
2233378,1,INITIATED,1789018589991
2233378,2,VALIDATED,1789018589996
2233378,3,PROCESSED,1789018591355
2233379,1,INITIATED,1789018589993
2233379,2,VALIDATED,1789018590572
2233379,3,PROCESSED,1789018591690
2233380,1,INITIATED,1789018589994
2233380,2,VALIDATED,1789018591351
2233380,3,PROCESSED,1789018592840
2233381,1,INITIATED,1789018589994
2233381,2,VALIDATED,1789018590574
2233381,3,PROCESSED,1789018592474
2233382,1,INITIATED,1789018589995
2233382,2,VALIDATED,1789018590571
2233382,3,PROCESSED,1789018591690
2233383,1,INITIATED,1789018589993
2233383,2,VALIDATED,1789018590435
2233383,3,PROCESSED,1789018591352
2233384,1,INITIATED,1789018589995
2233384,2,VALIDATED,1789018590572
2233384,3,PROCESSED,1789018591690
2233385,1,INITIATED,1789018589993
2233385,2,VALIDATED,1789018590436
2233385,3,PROCESSED,1789018591687
2233386,1,INITIATED,1789018589991
2233386,2,VALIDATED,1789018589996
2233386,3,PROCESSED,1789018591352
2233387,1,INITIATED,1789018589995
2233387,2,VALIDATED,1789018591354
2233387,3,PROCESSED,1789018591691
2233388,1,INITIATED,1789018589993
2233388,2,VALIDATED,1789018590574
2233388,3,PROCESSED,1789018592849
2233389,1,INITIATED,1789018589994
2233389,2,VALIDATED,1789018590438
2233389,3,PROCESSED,1789018591354
2233390,1,INITIATED,1789018589992
2233390,2,VALIDATED,1789018590431
2233390,3,PROCESSED,1789018591689
2233391,1,INITIATED,1789018589995
2233391,2,VALIDATED,1789018591351
2233391,3,PROCESSED,1789018592475
2233392,1,INITIATED,1789018589994
2233392,2,VALIDATED,1789018591353
2233392,3,PROCESSED,1789018592842
2233393,1,INITIATED,1789018589994
2233393,2,VALIDATED,1789018590437
2233393,3,PROCESSED,1789018591356
2233394,1,INITIATED,1789018589991
2233394,2,VALIDATED,1789018589996
2233394,3,PROCESSED,1789018590440
2233395,1,INITIATED,1789018589991
2233395,2,VALIDATED,1789018589996
2233395,3,REJECTED,1789018590438
2233396,1,INITIATED,1789018589993
2233396,2,VALIDATED,1789018590438
2233396,3,REJECTED,1789018591352
2233397,1,INITIATED,1789018589991
2233397,2,VALIDATED,1789018590434
2233397,3,REJECTED,1789018591353
2233398,1,INITIATED,1789018589993
2233398,2,VALIDATED,1789018590573
2233398,3,REJECTED,1789018592470
2233399,1,INITIATED,1789018589995
2233399,2,VALIDATED,1789018590573
2233399,3,PROCESSED,1789018592472
2233400,1,INITIATED,1789018589997
2233400,2,VALIDATED,1789018590571
2233400,3,PROCESSED,1789018591691
2233401,1,INITIATED,1789018590430
2233401,2,VALIDATED,1789018591351
2233401,3,PROCESSED,1789018592842
2233402,1,INITIATED,1789018590430
2233402,2,VALIDATED,1789018591686
2233402,3,PROCESSED,1789018593498
2233403,1,INITIATED,1789018590430
2233403,2,VALIDATED,1789018591355
2233403,3,PROCESSED,1789018592840
2233404,1,INITIATED,1789018590429
2233404,2,VALIDATED,1789018591683
2233404,3,PROCESSED,1789018593497
2233405,1,INITIATED,1789018590430
2233405,2,VALIDATED,1789018591355
2233405,3,PROCESSED,1789018592840
2233406,1,INITIATED,1789018590430
2233406,2,VALIDATED,1789018591683
2233406,3,PROCESSED,1789018593496
2233407,1,INITIATED,1789018590435
2233407,2,VALIDATED,1789018591355
2233407,3,PROCESSED,1789018592840
2233408,1,INITIATED,1789018590432
2233408,2,VALIDATED,1789018591688
2233408,3,PROCESSED,1789018593496
2233409,1,INITIATED,1789018590436
2233409,2,VALIDATED,1789018591683
2233409,3,PROCESSED,1789018593496
2233410,1,INITIATED,1789018590433
2233410,2,VALIDATED,1789018591354
2233410,3,PROCESSED,1789018592840
2233411,1,INITIATED,1789018590433
2233411,2,VALIDATED,1789018591355
2233411,3,PROCESSED,1789018592839
2233412,1,INITIATED,1789018590433
2233412,2,VALIDATED,1789018591354
2233412,3,PROCESSED,1789018592839
2233413,1,INITIATED,1789018590433
2233413,2,VALIDATED,1789018591353
2233413,3,PROCESSED,1789018592841
2233414,1,INITIATED,1789018590436
2233414,2,VALIDATED,1789018591689
2233414,3,PROCESSED,1789018593497
2233415,1,INITIATED,1789018590437
2233415,2,VALIDATED,1789018591355
2233415,3,PROCESSED,1789018592840
2233416,1,INITIATED,1789018590434
2233416,2,VALIDATED,1789018591688
2233416,3,PROCESSED,1789018593496
2233417,1,INITIATED,1789018590436
2233417,2,VALIDATED,1789018591352
2233417,3,PROCESSED,1789018592842
2233418,1,INITIATED,1789018590438
2233418,2,VALIDATED,1789018591351
2233418,3,PROCESSED,1789018592840
2233419,1,INITIATED,1789018590437
2233419,2,VALIDATED,1789018591353
2233419,3,PROCESSED,1789018592849
2233420,1,INITIATED,1789018590437
2233420,2,VALIDATED,1789018591686
2233420,3,PROCESSED,1789018593497
2233421,1,INITIATED,1789018590438
2233421,2,VALIDATED,1789018590574
2233421,3,PROCESSED,1789018592473
2233422,1,INITIATED,1789018590571
2233422,2,VALIDATED,1789018591688
2233422,3,PROCESSED,1789018593497
2233423,1,INITIATED,1789018590572
2233423,2,VALIDATED,1789018591686
2233423,3,PROCESSED,1789018593498
2233424,1,INITIATED,1789018590575
2233424,2,VALIDATED,1789018592834
2233424,3,PROCESSED,1789018594786
2233425,1,INITIATED,1789018591351
2233425,2,VALIDATED,1789018592834
2233425,3,PROCESSED,1789018594786
2233426,1,INITIATED,1789018591353
2233426,2,VALIDATED,1789018592836
2233426,3,PROCESSED,1789018596106
2233427,1,INITIATED,1789018591354
2233427,2,VALIDATED,1789018592837
2233427,3,PROCESSED,1789018596363
2233428,1,INITIATED,1789018591351
2233428,2,VALIDATED,1789018592471
2233428,3,PROCESSED,1789018594785
2233429,1,INITIATED,1789018591686
2233429,2,VALIDATED,1789018592471
2233429,3,PROCESSED,1789018594492
2233430,1,INITIATED,1789018591687
2233430,2,VALIDATED,1789018592931
2233430,3,PROCESSED,1789018594786
2233431,1,INITIATED,1789018591685
2233431,2,VALIDATED,1789018592933
2233431,3,PROCESSED,1789018596641
2233432,1,INITIATED,1789018591688
2233432,2,VALIDATED,1789018592933
2233432,3,PROCESSED,1789018596366
2233433,1,INITIATED,1789018591687
2233433,2,VALIDATED,1789018592932
2233433,3,PROCESSED,1789018596637
2233434,1,INITIATED,1789018591690
2233434,2,VALIDATED,1789018592933
2233434,3,PROCESSED,1789018595882
2233435,1,INITIATED,1789018591689
2233435,2,VALIDATED,1789018592933
2233435,3,PROCESSED,1789018596395
2233436,1,INITIATED,1789018591686
2233436,2,VALIDATED,1789018592933
2233436,3,PROCESSED,1789018595891
2233437,1,INITIATED,1789018591689
2233437,2,VALIDATED,1789018592933
2233437,3,PROCESSED,1789018595883
2233438,1,INITIATED,1789018591688
2233438,2,VALIDATED,1789018592933
2233438,3,PROCESSED,1789018595883
2233439,1,INITIATED,1789018591688
2233439,2,VALIDATED,1789018592932
2233439,3,PROCESSED,1789018595473
2233440,1,INITIATED,1789018591689
2233440,2,VALIDATED,1789018592931
2233440,3,PROCESSED,1789018596698
2233441,1,INITIATED,1789018591689
2233441,2,VALIDATED,1789018592933
2233441,3,PROCESSED,1789018595880
2233442,1,INITIATED,1789018591690
2233442,2,VALIDATED,1789018592933
2233442,3,PROCESSED,1789018596641
2233443,1,INITIATED,1789018591690
2233443,2,VALIDATED,1789018593495
2233443,3,PROCESSED,1789018596636
2233444,1,INITIATED,1789018591800
2233444,2,VALIDATED,1789018594495
2233444,3,PROCESSED,1789018594787
2233445,1,INITIATED,1789018591799
2233445,2,VALIDATED,1789018593496
2233445,3,PROCESSED,1789018595880
2233446,1,INITIATED,1789018591799
2233446,2,VALIDATED,1789018593496
2233446,3,PROCESSED,1789018596642
2233447,1,INITIATED,1789018591799
2233447,2,VALIDATED,1789018593496
2233447,3,PROCESSED,1789018595881
2233448,1,INITIATED,1789018591801
2233448,2,VALIDATED,1789018595890
2233448,3,PROCESSED,1789018596363
2233449,1,INITIATED,1789018591800
2233449,2,VALIDATED,1789018593494
2233449,3,PROCESSED,1789018596641
2233450,1,INITIATED,1789018591801
2233450,2,VALIDATED,1789018594494
2233450,3,PROCESSED,1789018596694
2233451,1,INITIATED,1789018591801
2233451,2,VALIDATED,1789018596660
2233451,3,PROCESSED,1789018596751
2233452,1,INITIATED,1789018591801
2233452,2,VALIDATED,1789018594494
2233452,3,PROCESSED,1789018595473
2233453,1,INITIATED,1789018591801
2233453,2,VALIDATED,1789018594495
2233453,3,PROCESSED,1789018596696
2233454,1,INITIATED,1789018591801
2233454,2,VALIDATED,1789018596029
2233454,3,PROCESSED,1789018596705
2233455,1,INITIATED,1789018592471
2233455,2,VALIDATED,1789018594489
2233455,3,PROCESSED,1789018596691
2233456,1,INITIATED,1789018592471
2233456,2,VALIDATED,1789018596637
2233456,3,PROCESSED,1789018596687
2233457,1,INITIATED,1789018592472
2233457,2,VALIDATED,1789018594494
2233457,3,PROCESSED,1789018595473
2233458,1,INITIATED,1789018592471
2233458,2,VALIDATED,1789018596028
2233458,3,PROCESSED,1789018596366
2233459,1,INITIATED,1789018592473
2233459,2,VALIDATED,1789018594491
2233459,3,PROCESSED,1789018596689
2233460,1,INITIATED,1789018592473
2233460,2,VALIDATED,1789018594781
2233460,3,PROCESSED,1789018596712
2233461,1,INITIATED,1789018592473
2233461,2,VALIDATED,1789018594493
2233461,3,PROCESSED,1789018595473
2233462,1,INITIATED,1789018592473
2233462,2,VALIDATED,1789018594493
2233462,3,PROCESSED,1789018596709
2233463,1,INITIATED,1789018592473
2233463,2,VALIDATED,1789018594493
2233463,3,PROCESSED,1789018595474
2233464,1,INITIATED,1789018592473
2233464,2,VALIDATED,1789018594496
2233464,3,PROCESSED,1789018595473
2233465,1,INITIATED,1789018592472
2233465,2,VALIDATED,1789018594495
2233465,3,PROCESSED,1789018596700
2233466,1,INITIATED,1789018592475
2233466,2,VALIDATED,1789018594493
2233466,3,PROCESSED,1789018595474
2233467,1,INITIATED,1789018592474
2233467,2,VALIDATED,1789018596660
2233467,3,PROCESSED,1789018596755
2233468,1,INITIATED,1789018592474
2233468,2,VALIDATED,1789018594493
2233468,3,PROCESSED,1789018596363
2233469,1,INITIATED,1789018592474
2233469,2,VALIDATED,1789018594781
2233469,3,PROCESSED,1789018596719
2233470,1,INITIATED,1789018592474
2233470,2,VALIDATED,1789018594781
2233470,3,PROCESSED,1789018595881
2233471,1,INITIATED,1789018592471
2233471,2,VALIDATED,1789018594495
2233471,3,PROCESSED,1789018596697
2233472,1,INITIATED,1789018592833
2233472,2,VALIDATED,1789018596356
2233472,3,PROCESSED,1789018596678
2233473,1,INITIATED,1789018592835
2233473,2,VALIDATED,1789018596097
2233473,3,PROCESSED,1789018596722
2233474,1,INITIATED,1789018592836
2233474,2,VALIDATED,1789018596097
2233474,3,PROCESSED,1789018596721
2233475,1,INITIATED,1789018592838
2233475,2,VALIDATED,1789018594785
2233475,3,PROCESSED,1789018596396
2233476,1,INITIATED,1789018592835
2233476,2,VALIDATED,1789018594784
2233476,3,PROCESSED,1789018596710
2233477,1,INITIATED,1789018592835
2233477,2,VALIDATED,1789018596105
2233477,3,PROCESSED,1789018596714
2233478,1,INITIATED,1789018592838
2233478,2,VALIDATED,1789018596356
2233478,3,PROCESSED,1789018596725
2233479,1,INITIATED,1789018592837
2233479,2,VALIDATED,1789018594785
2233479,3,PROCESSED,1789018595881
2233480,1,INITIATED,1789018592836
2233480,2,VALIDATED,1789018596104
2233480,3,PROCESSED,1789018596718
2233481,1,INITIATED,1789018592839
2233481,2,VALIDATED,1789018596357
2233481,3,PROCESSED,1789018596676
2233482,1,INITIATED,1789018592837
2233482,2,VALIDATED,1789018594784
2233482,3,PROCESSED,1789018596391
2233483,1,INITIATED,1789018592838
2233483,2,VALIDATED,1789018596354
2233483,3,PROCESSED,1789018596721
2233484,1,INITIATED,1789018592841
2233484,2,VALIDATED,1789018596104
2233484,3,PROCESSED,1789018596717
2233485,1,INITIATED,1789018592930
2233485,2,VALIDATED,1789018594784
2233485,3,PROCESSED,1789018596363
2233486,1,INITIATED,1789018592933
2233486,2,VALIDATED,1789018595469
2233486,3,PROCESSED,1789018596032
2233487,1,INITIATED,1789018592932
2233487,2,VALIDATED,1789018595468
2233487,3,PROCESSED,1789018596732
2233488,1,INITIATED,1789018592932
2233488,2,VALIDATED,1789018595877
2233488,3,PROCESSED,1789018596098
2233489,1,INITIATED,1789018592932
2233489,2,VALIDATED,1789018594784
2233489,3,PROCESSED,1789018595881
2233490,1,INITIATED,1789018592933
2233490,2,VALIDATED,1789018596635
2233490,3,PROCESSED,1789018596684
2233491,1,INITIATED,1789018593493
2233491,2,VALIDATED,1789018595876
2233491,3,PROCESSED,1789018596098
2233492,1,INITIATED,1789018593495
2233492,2,VALIDATED,1789018596636
2233492,3,PROCESSED,1789018596749
2233493,1,INITIATED,1789018593497
2233493,2,VALIDATED,1789018596707
2233493,3,PROCESSED,1789018597003
2233494,1,INITIATED,1789018593498
2233494,2,VALIDATED,1789018596634
2233494,3,PROCESSED,1789018596744
2233495,1,INITIATED,1789018593498
2233495,2,VALIDATED,1789018596637
2233495,3,REJECTED,1789018596680
2233496,1,INITIATED,1789018593798
2233496,2,VALIDATED,1789018596671
2233496,3,REJECTED,1789018596748
2233497,1,INITIATED,1789018593803
2233497,2,VALIDATED,1789018596030
2233497,3,PROCESSED,1789018596706
2233498,1,INITIATED,1789018593804
2233498,2,VALIDATED,1789018596030
2233498,3,PROCESSED,1789018596761
2233499,1,INITIATED,1789018593800
2233499,2,VALIDATED,1789018596643
2233499,3,REJECTED,1789018596745
2233500,1,INITIATED,1789018593803
2233500,2,VALIDATED,1789018594495
2233500,3,PROCESSED,1789018596362
2233501,1,INITIATED,1789018593800
2233501,2,VALIDATED,1789018595890
2233501,3,PROCESSED,1789018596695
2233502,1,INITIATED,1789018593800
2233502,2,VALIDATED,1789018596673
2233502,3,PROCESSED,1789018596762
2233503,1,INITIATED,1789018593800
2233503,2,VALIDATED,1789018594495
2233503,3,PROCESSED,1789018595473
2233504,1,INITIATED,1789018593800
2233504,2,VALIDATED,1789018595889
2233504,3,PROCESSED,1789018596695
2233505,1,INITIATED,1789018593801
2233505,2,VALIDATED,1789018596026
2233505,3,PROCESSED,1789018596758
2233506,1,INITIATED,1789018593801
2233506,2,VALIDATED,1789018596672
2233506,3,PROCESSED,1789018596985
2233507,1,INITIATED,1789018593804
2233507,2,VALIDATED,1789018596660
2233507,3,PROCESSED,1789018596752
2233508,1,INITIATED,1789018593801
2233508,2,VALIDATED,1789018594489
2233508,3,PROCESSED,1789018596098
2233509,1,INITIATED,1789018593803
2233509,2,VALIDATED,1789018594491
2233509,3,PROCESSED,1789018595474
2233510,1,INITIATED,1789018593801
2233510,2,VALIDATED,1789018596029
2233510,3,PROCESSED,1789018596704
2233511,1,INITIATED,1789018593802
2233511,2,VALIDATED,1789018596029
2233511,3,PROCESSED,1789018596704
2233512,1,INITIATED,1789018593805
2233512,2,VALIDATED,1789018594491
2233512,3,PROCESSED,1789018596694
2233513,1,INITIATED,1789018593802
2233513,2,VALIDATED,1789018596030
2233513,3,PROCESSED,1789018596706
2233514,1,INITIATED,1789018593805
2233514,2,VALIDATED,1789018594491
2233514,3,PROCESSED,1789018595472
2233515,1,INITIATED,1789018593803
2233515,2,VALIDATED,1789018595890
2233515,3,PROCESSED,1789018596103
2233516,1,INITIATED,1789018593805
2233516,2,VALIDATED,1789018594491
2233516,3,PROCESSED,1789018595474
2233517,1,INITIATED,1789018593805
2233517,2,VALIDATED,1789018596029
2233517,3,PROCESSED,1789018596697
2233518,1,INITIATED,1789018593805
2233518,2,VALIDATED,1789018596029
2233518,3,PROCESSED,1789018596703
2233519,1,INITIATED,1789018593805
2233519,2,VALIDATED,1789018596029
2233519,3,PROCESSED,1789018596709
2233520,1,INITIATED,1789018593805
2233520,2,VALIDATED,1789018595889
2233520,3,PROCESSED,1789018596748
2233521,1,INITIATED,1789018593806
2233521,2,VALIDATED,1789018596723
2233521,3,PROCESSED,1789018597020
2233522,1,INITIATED,1789018593804
2233522,2,VALIDATED,1789018596643
2233522,3,PROCESSED,1789018596750
2233523,1,INITIATED,1789018593805
2233523,2,VALIDATED,1789018594493
2233523,3,REJECTED,1789018595469
2233524,1,INITIATED,1789018593805
2233524,2,VALIDATED,1789018596674
2233524,3,PROCESSED,1789018596703
2233525,1,INITIATED,1789018593806
2233525,2,VALIDATED,1789018596029
2233525,3,PROCESSED,1789018596702
2233526,1,INITIATED,1789018593805
2233526,2,VALIDATED,1789018596029
2233526,3,PROCESSED,1789018596702
2233527,1,INITIATED,1789018593818
2233527,2,VALIDATED,1789018596031
2233527,3,PROCESSED,1789018596632
2233528,1,INITIATED,1789018593902
2233528,2,VALIDATED,1789018596095
2233528,3,PROCESSED,1789018596641
2233529,1,INITIATED,1789018593902
2233529,2,VALIDATED,1789018594785
2233529,3,PROCESSED,1789018595880
2233530,1,INITIATED,1789018593901
2233530,2,VALIDATED,1789018596682
2233530,3,PROCESSED,1789018596985
2233531,1,INITIATED,1789018594494
2233531,2,VALIDATED,1789018596745
2233531,3,PROCESSED,1789018597056
2233532,1,INITIATED,1789018594491
2233532,2,VALIDATED,1789018594783
2233532,3,PROCESSED,1789018595472
2233533,1,INITIATED,1789018594493
2233533,2,VALIDATED,1789018596357
2233533,3,PROCESSED,1789018596732
2233534,1,INITIATED,1789018594491
2233534,2,VALIDATED,1789018595470
2233534,3,PROCESSED,1789018596737
2233535,1,INITIATED,1789018594494
2233535,2,VALIDATED,1789018596690
2233535,3,PROCESSED,1789018596992
2233536,1,INITIATED,1789018594493
2233536,2,VALIDATED,1789018596688
2233536,3,PROCESSED,1789018596992
2233537,1,INITIATED,1789018594489
2233537,2,VALIDATED,1789018596682
2233537,3,PROCESSED,1789018597054
2233538,1,INITIATED,1789018594494
2233538,2,VALIDATED,1789018595467
2233538,3,PROCESSED,1789018596668
2233539,1,INITIATED,1789018594494
2233539,2,VALIDATED,1789018595467
2233539,3,PROCESSED,1789018596669
2233540,1,INITIATED,1789018594781
2233540,2,VALIDATED,1789018596701
2233540,3,PROCESSED,1789018596996
2233541,1,INITIATED,1789018594781
2233541,2,VALIDATED,1789018595469
2233541,3,PROCESSED,1789018596734
2233542,1,INITIATED,1789018594781
2233542,2,VALIDATED,1789018596700
2233542,3,PROCESSED,1789018596994
2233543,1,INITIATED,1789018594781
2233543,2,VALIDATED,1789018595878
2233543,3,PROCESSED,1789018596104
2233544,1,INITIATED,1789018594781
2233544,2,VALIDATED,1789018596703
2233544,3,PROCESSED,1789018596997
2233545,1,INITIATED,1789018594784
2233545,2,VALIDATED,1789018596365
2233545,3,PROCESSED,1789018596676
2233546,1,INITIATED,1789018594783
2233546,2,VALIDATED,1789018595879
2233546,3,PROCESSED,1789018596097
2233547,1,INITIATED,1789018594784
2233547,2,VALIDATED,1789018596394
2233547,3,PROCESSED,1789018596734
2233548,1,INITIATED,1789018594783
2233548,2,VALIDATED,1789018595467
2233548,3,PROCESSED,1789018596722
2233549,1,INITIATED,1789018594786
2233549,2,VALIDATED,1789018595879
2233549,3,PROCESSED,1789018596104
2233550,1,INITIATED,1789018594785
2233550,2,VALIDATED,1789018595877
2233550,3,PROCESSED,1789018596098
2233551,1,INITIATED,1789018594786
2233551,2,VALIDATED,1789018596707
2233551,3,PROCESSED,1789018597003
2233552,1,INITIATED,1789018594785
2233552,2,VALIDATED,1789018596702
2233552,3,PROCESSED,1789018596997
2233553,1,INITIATED,1789018594786
2233553,2,VALIDATED,1789018596356
2233553,3,PROCESSED,1789018596719
2233554,1,INITIATED,1789018594785
2233554,2,VALIDATED,1789018595876
2233554,3,PROCESSED,1789018596103
2233555,1,INITIATED,1789018594786
2233555,2,VALIDATED,1789018596761
2233555,3,PROCESSED,1789018597065
2233556,1,INITIATED,1789018594875
2233556,2,VALIDATED,1789018596661
2233556,3,PROCESSED,1789018597045
2233557,1,INITIATED,1789018595469
2233557,2,VALIDATED,1789018596675
2233557,3,PROCESSED,1789018596981
2233558,1,INITIATED,1789018595471
2233558,2,VALIDATED,1789018596030
2233558,3,PROCESSED,1789018596698
2233559,1,INITIATED,1789018595469
2233559,2,VALIDATED,1789018596030
2233559,3,PROCESSED,1789018596701
2233560,1,INITIATED,1789018595469
2233560,2,VALIDATED,1789018596675
2233560,3,PROCESSED,1789018596757
2233561,1,INITIATED,1789018595469
2233561,2,VALIDATED,1789018596029
2233561,3,PROCESSED,1789018596709
2233562,1,INITIATED,1789018595471
2233562,2,VALIDATED,1789018596728
2233562,3,PROCESSED,1789018597025
2233563,1,INITIATED,1789018595472
2233563,2,VALIDATED,1789018596635
2233563,3,PROCESSED,1789018596743
2233564,1,INITIATED,1789018595471
2233564,2,VALIDATED,1789018596725
2233564,3,PROCESSED,1789018597021
2233565,1,INITIATED,1789018595470
2233565,2,VALIDATED,1789018596028
2233565,3,PROCESSED,1789018596700
2233566,1,INITIATED,1789018595471
2233566,2,VALIDATED,1789018596027
2233566,3,PROCESSED,1789018596711
2233567,1,INITIATED,1789018595470
2233567,2,VALIDATED,1789018596026
2233567,3,PROCESSED,1789018596363
2233568,1,INITIATED,1789018595873
2233568,2,VALIDATED,1789018596093
2233568,3,PROCESSED,1789018596718
2233569,1,INITIATED,1789018595873
2233569,2,VALIDATED,1789018596675
2233569,3,PROCESSED,1789018597039
2233570,1,INITIATED,1789018595873
2233570,2,VALIDATED,1789018596679
2233570,3,PROCESSED,1789018597057
2233571,1,INITIATED,1789018595873
2233571,2,VALIDATED,1789018596681
2233571,3,PROCESSED,1789018596987
2233572,1,INITIATED,1789018595875
2233572,2,VALIDATED,1789018596678
2233572,3,PROCESSED,1789018596983
2233573,1,INITIATED,1789018595877
2233573,2,VALIDATED,1789018596676
2233573,3,PROCESSED,1789018596988
2233574,1,INITIATED,1789018595876
2233574,2,VALIDATED,1789018596097
2233574,3,PROCESSED,1789018596721
2233575,1,INITIATED,1789018595878
2233575,2,VALIDATED,1789018596097
2233575,3,PROCESSED,1789018596408
2233576,1,INITIATED,1789018595876
2233576,2,VALIDATED,1789018596094
2233576,3,PROCESSED,1789018596705
2233577,1,INITIATED,1789018595877
2233577,2,VALIDATED,1789018596097
2233577,3,PROCESSED,1789018596714
2233578,1,INITIATED,1789018595877
2233578,2,VALIDATED,1789018596094
2233578,3,PROCESSED,1789018596716
2233579,1,INITIATED,1789018595877
2233579,2,VALIDATED,1789018596096
2233579,3,PROCESSED,1789018596715
2233580,1,INITIATED,1789018595878
2233580,2,VALIDATED,1789018596096
2233580,3,PROCESSED,1789018596716
2233581,1,INITIATED,1789018595879
2233581,2,VALIDATED,1789018596096
2233581,3,PROCESSED,1789018596396
2233582,1,INITIATED,1789018595879
2233582,2,VALIDATED,1789018596737
2233582,3,PROCESSED,1789018597044
2233583,1,INITIATED,1789018595879
2233583,2,VALIDATED,1789018596681
2233583,3,PROCESSED,1789018596985
2233584,1,INITIATED,1789018595879
2233584,2,VALIDATED,1789018596097
2233584,3,PROCESSED,1789018596642
2233585,1,INITIATED,1789018595889
2233585,2,VALIDATED,1789018596094
2233585,3,PROCESSED,1789018596717
2233586,1,INITIATED,1789018595888
2233586,2,VALIDATED,1789018596685
2233586,3,PROCESSED,1789018596994
2233587,1,INITIATED,1789018595888
2233587,2,VALIDATED,1789018596353
2233587,3,PROCESSED,1789018596720
2233588,1,INITIATED,1789018595888
2233588,2,VALIDATED,1789018596683
2233588,3,PROCESSED,1789018596984
2233589,1,INITIATED,1789018595889
2233589,2,VALIDATED,1789018596353
2233589,3,PROCESSED,1789018596724
2233590,1,INITIATED,1789018595888
2233590,2,VALIDATED,1789018596684
2233590,3,PROCESSED,1789018596989
2233591,1,INITIATED,1789018595888
2233591,2,VALIDATED,1789018596685
2233591,3,PROCESSED,1789018596991
2233592,1,INITIATED,1789018595889
2233592,2,VALIDATED,1789018596734
2233592,3,PROCESSED,1789018596754
2233593,1,INITIATED,1789018595889
2233593,2,VALIDATED,1789018596689
2233593,3,PROCESSED,1789018596995
2233594,1,INITIATED,1789018595889
2233594,2,VALIDATED,1789018596356
2233594,3,PROCESSED,1789018596721
2233595,1,INITIATED,1789018595889
2233595,2,VALIDATED,1789018596354
2233595,3,PROCESSED,1789018596727
2233596,1,INITIATED,1789018596030
2233596,2,VALIDATED,1789018596696
2233596,3,PROCESSED,1789018596720
2233597,1,INITIATED,1789018596028
2233597,2,VALIDATED,1789018596365
2233597,3,PROCESSED,1789018596675
2233598,1,INITIATED,1789018596030
2233598,2,VALIDATED,1789018596692
2233598,3,PROCESSED,1789018597066
2233599,1,INITIATED,1789018596025
2233599,2,VALIDATED,1789018596355
2233599,3,PROCESSED,1789018596720
2233600,1,INITIATED,1789018596029
2233600,2,VALIDATED,1789018596753
2233600,3,PROCESSED,1789018597057
2233601,1,INITIATED,1789018596025
2233601,2,VALIDATED,1789018596686
2233601,3,REJECTED,1789018596985
2233602,1,INITIATED,1789018596028
2233602,2,VALIDATED,1789018597035
2233602,3,REJECTED,1789018597078
2233603,1,INITIATED,1789018596031
2233603,2,VALIDATED,1789018596692
2233603,3,PROCESSED,1789018596994
2233604,1,INITIATED,1789018596026
2233604,2,VALIDATED,1789018596357
2233604,3,PROCESSED,1789018596730
2233605,1,INITIATED,1789018596031
2233605,2,VALIDATED,1789018596694
2233605,3,PROCESSED,1789018596996
2233606,1,INITIATED,1789018596029
2233606,2,VALIDATED,1789018596695
2233606,3,PROCESSED,1789018596995
2233607,1,INITIATED,1789018596073
2233607,2,VALIDATED,1789018596395
2233607,3,PROCESSED,1789018596736
2233608,1,INITIATED,1789018596073
2233608,2,VALIDATED,1789018596394
2233608,3,PROCESSED,1789018596676
2233609,1,INITIATED,1789018596073
2233609,2,VALIDATED,1789018596395
2233609,3,PROCESSED,1789018596736
2233610,1,INITIATED,1789018596073
2233610,2,VALIDATED,1789018596394
2233610,3,PROCESSED,1789018597020
2233611,1,INITIATED,1789018596092
2233611,2,VALIDATED,1789018596704
2233611,3,PROCESSED,1789018596996
2233612,1,INITIATED,1789018596096
2233612,2,VALIDATED,1789018596705
2233612,3,PROCESSED,1789018596995
2233613,1,INITIATED,1789018596096
2233613,2,VALIDATED,1789018596393
2233613,3,PROCESSED,1789018596733
2233614,1,INITIATED,1789018596095
2233614,2,VALIDATED,1789018596704
2233614,3,PROCESSED,1789018596997
2233615,1,INITIATED,1789018596095
2233615,2,VALIDATED,1789018596393
2233615,3,PROCESSED,1789018597021
2233616,1,INITIATED,1789018596358
2233616,2,VALIDATED,1789018596673
2233616,3,PROCESSED,1789018596984
2233617,1,INITIATED,1789018596358
2233617,2,VALIDATED,1789018596726
2233617,3,PROCESSED,1789018597025
2233618,1,INITIATED,1789018596359
2233618,2,VALIDATED,1789018596724
2233618,3,PROCESSED,1789018597021
2233619,1,INITIATED,1789018596356
2233619,2,VALIDATED,1789018596723
2233619,3,REJECTED,1789018597019
2233620,1,INITIATED,1789018596351
2233620,2,VALIDATED,1789018596712
2233620,3,PROCESSED,1789018597020
2233621,1,INITIATED,1789018596351
2233621,2,VALIDATED,1789018596715
2233621,3,PROCESSED,1789018597021
2233622,1,INITIATED,1789018596355
2233622,2,VALIDATED,1789018596644
2233622,3,PROCESSED,1789018596750
2233623,1,INITIATED,1789018596359
2233623,2,VALIDATED,1789018596722
2233623,3,PROCESSED,1789018596740
2233624,1,INITIATED,1789018596355
2233624,2,VALIDATED,1789018596674
2233624,3,PROCESSED,1789018596754
2233625,1,INITIATED,1789018596357
2233625,2,VALIDATED,1789018596674
2233625,3,PROCESSED,1789018596978
2233626,1,INITIATED,1789018596359
2233626,2,VALIDATED,1789018596671
2233626,3,PROCESSED,1789018596762
2233627,1,INITIATED,1789018596357
2233627,2,VALIDATED,1789018596723
2233627,3,PROCESSED,1789018596735
2233628,1,INITIATED,1789018596360
2233628,2,VALIDATED,1789018596734
2233628,3,PROCESSED,1789018597042
2233629,1,INITIATED,1789018596360
2233629,2,VALIDATED,1789018596671
2233629,3,PROCESSED,1789018596704
2233630,1,INITIATED,1789018596352
2233630,2,VALIDATED,1789018596717
2233630,3,PROCESSED,1789018597020
2233631,1,INITIATED,1789018596361
2233631,2,VALIDATED,1789018596673
2233631,3,PROCESSED,1789018596758
2233632,1,INITIATED,1789018596362
2233632,2,VALIDATED,1789018596724
2233632,3,PROCESSED,1789018597021
2233633,1,INITIATED,1789018596362
2233633,2,VALIDATED,1789018596673
2233633,3,PROCESSED,1789018596981
2233634,1,INITIATED,1789018596361
2233634,2,VALIDATED,1789018596729
2233634,3,PROCESSED,1789018597036
2233635,1,INITIATED,1789018596364
2233635,2,VALIDATED,1789018596731
2233635,3,PROCESSED,1789018597039
2233636,1,INITIATED,1789018596365
2233636,2,VALIDATED,1789018596674
2233636,3,PROCESSED,1789018596702
2233637,1,INITIATED,1789018596394
2233637,2,VALIDATED,1789018596732
2233637,3,PROCESSED,1789018597038
2233638,1,INITIATED,1789018596395
2233638,2,VALIDATED,1789018596732
2233638,3,PROCESSED,1789018597039
2233639,1,INITIATED,1789018596633
2233639,2,VALIDATED,1789018596739
2233639,3,PROCESSED,1789018597041
2233640,1,INITIATED,1789018596637
2233640,2,VALIDATED,1789018596735
2233640,3,PROCESSED,1789018597040
2233641,1,INITIATED,1789018596636
2233641,2,VALIDATED,1789018596686
2233641,3,PROCESSED,1789018596988
2233642,1,INITIATED,1789018596634
2233642,2,VALIDATED,1789018596740
2233642,3,PROCESSED,1789018597046
2233643,1,INITIATED,1789018596633
2233643,2,VALIDATED,1789018596741
2233643,3,PROCESSED,1789018596759
2233644,1,INITIATED,1789018596634
2233644,2,VALIDATED,1789018596682
2233644,3,PROCESSED,1789018596717
2233645,1,INITIATED,1789018596636
2233645,2,VALIDATED,1789018596740
2233645,3,PROCESSED,1789018596757
2233646,1,INITIATED,1789018596632
2233646,2,VALIDATED,1789018596741
2233646,3,PROCESSED,1789018597043
2233647,1,INITIATED,1789018596632
2233647,2,VALIDATED,1789018596686
2233647,3,PROCESSED,1789018596986
2233648,1,INITIATED,1789018596637
2233648,2,VALIDATED,1789018596743
2233648,3,PROCESSED,1789018597055
2233649,1,INITIATED,1789018596631
2233649,2,VALIDATED,1789018596686
2233649,3,PROCESSED,1789018596990
2233650,1,INITIATED,1789018596633
2233650,2,VALIDATED,1789018596746
2233650,3,PROCESSED,1789018597057
2233651,1,INITIATED,1789018596631
2233651,2,VALIDATED,1789018596735
2233651,3,PROCESSED,1789018597036
2233652,1,INITIATED,1789018596631
2233652,2,VALIDATED,1789018596680
2233652,3,PROCESSED,1789018596984
2233653,1,INITIATED,1789018596631
2233653,2,VALIDATED,1789018596681
2233653,3,PROCESSED,1789018596985
2233654,1,INITIATED,1789018596639
2233654,2,VALIDATED,1789018596741
2233654,3,PROCESSED,1789018597043
2233655,1,INITIATED,1789018596638
2233655,2,VALIDATED,1789018596746
2233655,3,PROCESSED,1789018597051
2233656,1,INITIATED,1789018596639
2233656,2,VALIDATED,1789018596742
2233656,3,PROCESSED,1789018597051
2233657,1,INITIATED,1789018596640
2233657,2,VALIDATED,1789018597029
2233657,3,PROCESSED,1789018597081
2233658,1,INITIATED,1789018596641
2233658,2,VALIDATED,1789018596743
2233658,3,PROCESSED,1789018597080
2233659,1,INITIATED,1789018596642
2233659,2,VALIDATED,1789018596746
2233659,3,REJECTED,1789018597040
2233660,1,INITIATED,1789018596660
2233660,2,VALIDATED,1789018596750
2233660,3,PROCESSED,1789018597061
2233661,1,INITIATED,1789018596660
2233661,2,VALIDATED,1789018596748
2233661,3,PROCESSED,1789018596988
2233662,1,INITIATED,1789018596661
2233662,2,VALIDATED,1789018596749
2233662,3,PROCESSED,1789018596982
2233663,1,INITIATED,1789018596670
2233663,2,VALIDATED,1789018596751
2233663,3,PROCESSED,1789018597061
2233664,1,INITIATED,1789018596670
2233664,2,VALIDATED,1789018596752
2233664,3,PROCESSED,1789018597056
2233665,1,INITIATED,1789018596670
2233665,2,VALIDATED,1789018596750
2233665,3,PROCESSED,1789018597058
2233666,1,INITIATED,1789018596671
2233666,2,VALIDATED,1789018597038
2233666,3,PROCESSED,1789018597087
2233667,1,INITIATED,1789018596673
2233667,2,VALIDATED,1789018596753
2233667,3,PROCESSED,1789018597057
2233668,1,INITIATED,1789018596672
2233668,2,VALIDATED,1789018596753
2233668,3,PROCESSED,1789018597061
2233669,1,INITIATED,1789018596675
2233669,2,VALIDATED,1789018596755
2233669,3,PROCESSED,1789018596989
2233670,1,INITIATED,1789018596675
2233670,2,VALIDATED,1789018596691
2233670,3,PROCESSED,1789018596995
2233671,1,INITIATED,1789018596675
2233671,2,VALIDATED,1789018596757
2233671,3,PROCESSED,1789018597062
2233672,1,INITIATED,1789018596677
2233672,2,VALIDATED,1789018596760
2233672,3,PROCESSED,1789018597061
2233673,1,INITIATED,1789018596679
2233673,2,VALIDATED,1789018596757
2233673,3,PROCESSED,1789018597061
2233674,1,INITIATED,1789018596679
2233674,2,VALIDATED,1789018596760
2233674,3,PROCESSED,1789018597063
2233675,1,INITIATED,1789018596679
2233675,2,VALIDATED,1789018597042
2233675,3,PROCESSED,1789018597091
2233676,1,INITIATED,1789018596679
2233676,2,VALIDATED,1789018596759
2233676,3,PROCESSED,1789018597057
2233677,1,INITIATED,1789018596680
2233677,2,VALIDATED,1789018596760
2233677,3,PROCESSED,1789018597063
2233678,1,INITIATED,1789018596681
2233678,2,VALIDATED,1789018596762
2233678,3,PROCESSED,1789018597068
2233679,1,INITIATED,1789018596683
2233679,2,VALIDATED,1789018596979
2233679,3,PROCESSED,1789018597070
2233680,1,INITIATED,1789018596680
2233680,2,VALIDATED,1789018596761
2233680,3,PROCESSED,1789018597062
2233681,1,INITIATED,1789018596683
2233681,2,VALIDATED,1789018596980
2233681,3,PROCESSED,1789018596994
2233682,1,INITIATED,1789018596684
2233682,2,VALIDATED,1789018596984
2233682,3,PROCESSED,1789018597066
2233683,1,INITIATED,1789018596685
2233683,2,VALIDATED,1789018596981
2233683,3,REJECTED,1789018596992
2233684,1,INITIATED,1789018596688
2233684,2,VALIDATED,1789018596981
2233684,3,PROCESSED,1789018596996
2233685,1,INITIATED,1789018596693
2233685,2,VALIDATED,1789018596990
2233685,3,REJECTED,1789018597063
2233686,1,INITIATED,1789018596689
2233686,2,VALIDATED,1789018596986
2233686,3,PROCESSED,1789018597070
2233687,1,INITIATED,1789018596690
2233687,2,VALIDATED,1789018596988
2233687,3,REJECTED,1789018597064
2233688,1,INITIATED,1789018596691
2233688,2,VALIDATED,1789018596991
2233688,3,PROCESSED,1789018597067
2233689,1,INITIATED,1789018596695
2233689,2,VALIDATED,1789018597060
2233689,3,PROCESSED,1789018597095
2233690,1,INITIATED,1789018596696
2233690,2,VALIDATED,1789018597064
2233690,3,PROCESSED,1789018597097
2233691,1,INITIATED,1789018596700
2233691,2,VALIDATED,1789018596992
2233691,3,PROCESSED,1789018597072
2233692,1,INITIATED,1789018596701
2233692,2,VALIDATED,1789018596994
2233692,3,PROCESSED,1789018597070
2233693,1,INITIATED,1789018596707
2233693,2,VALIDATED,1789018596994
2233693,3,PROCESSED,1789018597071
2233694,1,INITIATED,1789018596710
2233694,2,VALIDATED,1789018597002
2233694,3,PROCESSED,1789018597070
2233695,1,INITIATED,1789018596710
2233695,2,VALIDATED,1789018597002
2233695,3,PROCESSED,1789018597072
2233696,1,INITIATED,1789018596711
2233696,2,VALIDATED,1789018597015
2233696,3,PROCESSED,1789018597075
2233697,1,INITIATED,1789018596714
2233697,2,VALIDATED,1789018597019
2233697,3,PROCESSED,1789018597073
2233698,1,INITIATED,1789018596710
2233698,2,VALIDATED,1789018597017
2233698,3,PROCESSED,1789018597075
2233699,1,INITIATED,1789018596715
2233699,2,VALIDATED,1789018597017
2233699,3,PROCESSED,1789018597083
2233700,1,INITIATED,1789018596712
2233700,2,VALIDATED,1789018597016
2233700,3,PROCESSED,1789018597079
2233701,1,INITIATED,1789018596713
2233701,2,VALIDATED,1789018597017
2233701,3,PROCESSED,1789018597072
2233702,1,INITIATED,1789018596714
2233702,2,VALIDATED,1789018597018
2233702,3,PROCESSED,1789018597074
2233703,1,INITIATED,1789018596713
2233703,2,VALIDATED,1789018597019
2233703,3,PROCESSED,1789018597077
2233704,1,INITIATED,1789018596717
2233704,2,VALIDATED,1789018597019
2233704,3,PROCESSED,1789018597070
2233705,1,INITIATED,1789018596722
2233705,2,VALIDATED,1789018596732
2233705,3,PROCESSED,1789018597036
2233706,1,INITIATED,1789018596722
2233706,2,VALIDATED,1789018597019
2233706,3,PROCESSED,1789018597079
2233707,1,INITIATED,1789018596721
2233707,2,VALIDATED,1789018597017
2233707,3,REJECTED,1789018597069
2233708,1,INITIATED,1789018596724
2233708,2,VALIDATED,1789018597017
2233708,3,PROCESSED,1789018597073
2233709,1,INITIATED,1789018596725
2233709,2,VALIDATED,1789018596734
2233709,3,PROCESSED,1789018597041
2233710,1,INITIATED,1789018596727
2233710,2,VALIDATED,1789018597015
2233710,3,PROCESSED,1789018597075
2233711,1,INITIATED,1789018596726
2233711,2,VALIDATED,1789018597018
2233711,3,PROCESSED,1789018597078
2233712,1,INITIATED,1789018596726
2233712,2,VALIDATED,1789018597018
2233712,3,PROCESSED,1789018597076
2233713,1,INITIATED,1789018596727
2233713,2,VALIDATED,1789018597024
2233713,3,PROCESSED,1789018597078
2233714,1,INITIATED,1789018596730
2233714,2,VALIDATED,1789018597032
2233714,3,PROCESSED,1789018597078
2233715,1,INITIATED,1789018596728
2233715,2,VALIDATED,1789018597024
2233715,3,PROCESSED,1789018597087
2233716,1,INITIATED,1789018596730
2233716,2,VALIDATED,1789018597028
2233716,3,PROCESSED,1789018597081
2233717,1,INITIATED,1789018596730
2233717,2,VALIDATED,1789018596738
2233717,3,PROCESSED,1789018597037
2233718,1,INITIATED,1789018596735
2233718,2,VALIDATED,1789018597033
2233718,3,PROCESSED,1789018597085
2233719,1,INITIATED,1789018596730
2233719,2,VALIDATED,1789018597031
2233719,3,PROCESSED,1789018597087
2233720,1,INITIATED,1789018596731
2233720,2,VALIDATED,1789018596738
2233720,3,PROCESSED,1789018597038
2233721,1,INITIATED,1789018596733
2233721,2,VALIDATED,1789018597032
2233721,3,PROCESSED,1789018597092
2233722,1,INITIATED,1789018596731
2233722,2,VALIDATED,1789018597033
2233722,3,PROCESSED,1789018597089
2233723,1,INITIATED,1789018596737
2233723,2,VALIDATED,1789018597033
2233723,3,PROCESSED,1789018597089
2233724,1,INITIATED,1789018596733
2233724,2,VALIDATED,1789018597030
2233724,3,PROCESSED,1789018597057
2233725,1,INITIATED,1789018596740
2233725,2,VALIDATED,1789018597034
2233725,3,PROCESSED,1789018597090
2233726,1,INITIATED,1789018596743
2233726,2,VALIDATED,1789018597036
2233726,3,PROCESSED,1789018597093
2233727,1,INITIATED,1789018596743
2233727,2,VALIDATED,1789018597038
2233727,3,PROCESSED,1789018597089
2233728,1,INITIATED,1789018596739
2233728,2,VALIDATED,1789018597030
2233728,3,PROCESSED,1789018597088
2233729,1,INITIATED,1789018596750
2233729,2,VALIDATED,1789018597041
2233729,3,PROCESSED,1789018597090
2233730,1,INITIATED,1789018596761
2233730,2,VALIDATED,1789018597061
2233730,3,PROCESSED,1789018597095
2233731,1,INITIATED,1789018596993
2233731,2,VALIDATED,1789018597059
2233731,3,PROCESSED,1789018597095
2233732,1,INITIATED,1789018596992
2233732,2,VALIDATED,1789018597062
2233732,3,PROCESSED,1789018597094
2233733,1,INITIATED,1789018597015
2233733,2,VALIDATED,1789018597068
2233733,3,PROCESSED,1789018597096
2233734,1,INITIATED,1789018597019
2233734,2,VALIDATED,1789018597069
2233734,3,PROCESSED,1789018597097
2233735,1,INITIATED,1789018597018
2233735,2,VALIDATED,1789018597066
2233735,3,PROCESSED,1789018597096
2233736,1,INITIATED,1789018597032
2233736,2,VALIDATED,1789018597077
2233736,3,PROCESSED,1789018597096
2233737,1,INITIATED,1789018597031
2233737,2,VALIDATED,1789018597076
2233737,3,PROCESSED,1789018597097
2233738,1,INITIATED,1789018597046
2233738,2,VALIDATED,1789018597082
2233738,3,PROCESSED,1789018597107
2233739,1,INITIATED,1789018597046
2233739,2,VALIDATED,1789018597081
2233739,3,PROCESSED,1789018597107
2233740,1,INITIATED,1789018597046
2233740,2,VALIDATED,1789018597082
2233740,3,PROCESSED,1789018597095
2233741,1,INITIATED,1789018597050
2233741,2,VALIDATED,1789018597083
2233741,3,PROCESSED,1789018597102
2233742,1,INITIATED,1789018597050
2233742,2,VALIDATED,1789018597080
2233742,3,PROCESSED,1789018597097
2233743,1,INITIATED,1789018597051
2233743,2,VALIDATED,1789018597084
2233743,3,PROCESSED,1789018597107
2233744,1,INITIATED,1789018597051
2233744,2,VALIDATED,1789018597087
2233744,3,PROCESSED,1789018597108
2233745,1,INITIATED,1789018597056
2233745,2,VALIDATED,1789018597085
2233745,3,PROCESSED,1789018597108
2233746,1,INITIATED,1789018597054
2233746,2,VALIDATED,1789018597059
2233746,3,PROCESSED,1789018597095
2233747,1,INITIATED,1789018597055
2233747,2,VALIDATED,1789018597084
2233747,3,PROCESSED,1789018597108
2233748,1,INITIATED,1789018597056
2233748,2,VALIDATED,1789018597086
2233748,3,PROCESSED,1789018597096
2233749,1,INITIATED,1789018597065
2233749,2,VALIDATED,1789018597092
2233749,3,PROCESSED,1789018597109
2233750,1,INITIATED,1789018597075
2233750,2,VALIDATED,1789018597091
2233750,3,PROCESSED,1789018597109
2233751,1,INITIATED,1789018597086
2233751,2,VALIDATED,1789018597106
2233751,3,PROCESSED,1789018597112
2233752,1,INITIATED,1789018597088
2233752,2,VALIDATED,1789018597106
2233752,3,PROCESSED,1789018597112
2233753,1,INITIATED,1789018597094
2233753,2,VALIDATED,1789018597106
2233753,3,PROCESSED,1789018597113
2233754,1,INITIATED,1789018597104
2233754,2,VALIDATED,1789018597109
2233754,3,PROCESSED,1789018597115
2233755,1,INITIATED,1789018597117
2233755,2,VALIDATED,1789018597122
2233755,3,PROCESSED,1789018597309
2233756,1,INITIATED,1789018597308
2233756,2,VALIDATED,1789018597313
2233756,3,PROCESSED,1789018597320
2233757,1,INITIATED,1789018597310
2233757,2,VALIDATED,1789018597314
2233757,3,PROCESSED,1789018597322
2233758,1,INITIATED,1789018597308
2233758,2,VALIDATED,1789018597313
2233758,3,PROCESSED,1789018597320
2233759,1,INITIATED,1789018597308
2233759,2,VALIDATED,1789018597313
2233759,3,PROCESSED,1789018597320
2233760,1,INITIATED,1789018597309
2233760,2,VALIDATED,1789018597313
2233760,3,PROCESSED,1789018597319
2233761,1,INITIATED,1789018597310
2233761,2,VALIDATED,1789018597314
2233761,3,PROCESSED,1789018597322
2233762,1,INITIATED,1789018597309
2233762,2,VALIDATED,1789018597314
2233762,3,PROCESSED,1789018597322
2233763,1,INITIATED,1789018597310
2233763,2,VALIDATED,1789018597314
2233763,3,PROCESSED,1789018597322
2233764,1,INITIATED,1789018597309
2233764,2,VALIDATED,1789018597314
2233764,3,PROCESSED,1789018597322
2233765,1,INITIATED,1789018597317
2233765,2,VALIDATED,1789018597350
2233765,3,PROCESSED,1789018597507
2233766,1,INITIATED,1789018597337
2233766,2,VALIDATED,1789018597351
2233766,3,PROCESSED,1789018597508
2233767,1,INITIATED,1789018597357
2233767,2,VALIDATED,1789018597510
2233767,3,PROCESSED,1789018597517
2233768,1,INITIATED,1789018597506
2233768,2,VALIDATED,1789018597510
2233768,3,PROCESSED,1789018597517
2233769,1,INITIATED,1789018597506
2233769,2,VALIDATED,1789018597511
2233769,3,PROCESSED,1789018597516
2233770,1,INITIATED,1789018597504
2233770,2,VALIDATED,1789018597510
2233770,3,PROCESSED,1789018597517
2233771,1,INITIATED,1789018597505
2233771,2,VALIDATED,1789018597510
2233771,3,PROCESSED,1789018597516
2233772,1,INITIATED,1789018597505
2233772,2,VALIDATED,1789018597510
2233772,3,PROCESSED,1789018597516
2233773,1,INITIATED,1789018597505
2233773,2,VALIDATED,1789018597510
2233773,3,PROCESSED,1789018597517
2233774,1,INITIATED,1789018597505
2233774,2,VALIDATED,1789018597511
2233774,3,PROCESSED,1789018597517
2233775,1,INITIATED,1789018597517
2233775,2,VALIDATED,1789018597521
2233775,3,PROCESSED,1789018597526
2233776,1,INITIATED,1789018597537
2233776,2,VALIDATED,1789018597569
2233776,3,PROCESSED,1789018597578
2233777,1,INITIATED,1789018597556
2233777,2,VALIDATED,1789018597569
2233777,3,PROCESSED,1789018597577
2233778,1,INITIATED,1789018597577
2233778,2,VALIDATED,1789018597581
2233778,3,PROCESSED,1789018597588
2233779,1,INITIATED,1789018597597
2233779,2,VALIDATED,1789018597602
2233779,3,PROCESSED,1789018597608
2233780,1,INITIATED,1789018597617
2233780,2,VALIDATED,1789018597621
2233780,3,PROCESSED,1789018597626
2233781,1,INITIATED,1789018597637
2233781,2,VALIDATED,1789018597642
2233781,3,PROCESSED,1789018597648
2233782,1,INITIATED,1789018597657
2233782,2,VALIDATED,1789018597662
2233782,3,PROCESSED,1789018597667
2233783,1,INITIATED,1789018597677
2233783,2,VALIDATED,1789018597681
2233783,3,PROCESSED,1789018597686
2233784,1,INITIATED,1789018597696
2233784,2,VALIDATED,1789018597701
2233784,3,PROCESSED,1789018597706
2233785,1,INITIATED,1789018597716
2233785,2,VALIDATED,1789018597719
2233785,3,PROCESSED,1789018597725
2233786,1,INITIATED,1789018597737
2233786,2,VALIDATED,1789018597742
2233786,3,PROCESSED,1789018597748
2233787,1,INITIATED,1789018597757
2233787,2,VALIDATED,1789018597761
2233787,3,PROCESSED,1789018597767
2233788,1,INITIATED,1789018597778
2233788,2,VALIDATED,1789018597783
2233788,3,PROCESSED,1789018597792
2233789,1,INITIATED,1789018597796
2233789,2,VALIDATED,1789018597799
2233789,3,PROCESSED,1789018597804
2233790,1,INITIATED,1789018597816
2233790,2,VALIDATED,1789018597820
2233790,3,PROCESSED,1789018597826
2233791,1,INITIATED,1789018597837
2233791,2,VALIDATED,1789018597841
2233791,3,PROCESSED,1789018597847
2233792,1,INITIATED,1789018597858
2233792,2,VALIDATED,1789018597862
2233792,3,PROCESSED,1789018597868
2233793,1,INITIATED,1789018597877
2233793,2,VALIDATED,1789018597883
2233793,3,PROCESSED,1789018597889
2233794,1,INITIATED,1789018597898
2233794,2,VALIDATED,1789018597902
2233794,3,PROCESSED,1789018597908
2233795,1,INITIATED,1789018597917
2233795,2,VALIDATED,1789018597921
2233795,3,REJECTED,1789018597925
2233796,1,INITIATED,1789018597937
2233796,2,VALIDATED,1789018597942
2233796,3,REJECTED,1789018597946
2233797,1,INITIATED,1789018597957
2233797,2,VALIDATED,1789018597963
2233797,3,REJECTED,1789018597966
2233798,1,INITIATED,1789018597977
2233798,2,VALIDATED,1789018597981
2233798,3,REJECTED,1789018597985
2233799,1,INITIATED,1789018597997
2233799,2,VALIDATED,1789018598003
2233799,3,PROCESSED,1789018598009
2233800,1,INITIATED,1789018598017
2233800,2,VALIDATED,1789018598021
2233800,3,PROCESSED,1789018598027
2233801,1,INITIATED,1789018598037
2233801,2,VALIDATED,1789018598041
2233801,3,PROCESSED,1789018598047
2233802,1,INITIATED,1789018598058
2233802,2,VALIDATED,1789018598063
2233802,3,PROCESSED,1789018598070
2233803,1,INITIATED,1789018598077
2233803,2,VALIDATED,1789018598081
2233803,3,PROCESSED,1789018598089
2233804,1,INITIATED,1789018598097
2233804,2,VALIDATED,1789018598100
2233804,3,PROCESSED,1789018598105
2233805,1,INITIATED,1789018598117
2233805,2,VALIDATED,1789018598128
2233805,3,PROCESSED,1789018598232
2233806,1,INITIATED,1789018598138
2233806,2,VALIDATED,1789018598230
2233806,3,PROCESSED,1789018598235
2233807,1,INITIATED,1789018598229
2233807,2,VALIDATED,1789018598234
2233807,3,PROCESSED,1789018598273
2233808,1,INITIATED,1789018598229
2233808,2,VALIDATED,1789018598234
2233808,3,PROCESSED,1789018598273
2233809,1,INITIATED,1789018598229
2233809,2,VALIDATED,1789018598233
2233809,3,PROCESSED,1789018598273
2233810,1,INITIATED,1789018598229
2233810,2,VALIDATED,1789018598233
2233810,3,PROCESSED,1789018598273
2233811,1,INITIATED,1789018598237
2233811,2,VALIDATED,1789018598271
2233811,3,PROCESSED,1789018598411
2233812,1,INITIATED,1789018598270
2233812,2,VALIDATED,1789018598408
2233812,3,PROCESSED,1789018598416
2233813,1,INITIATED,1789018598277
2233813,2,VALIDATED,1789018598409
2233813,3,PROCESSED,1789018598416
2233814,1,INITIATED,1789018598408
2233814,2,VALIDATED,1789018598414
2233814,3,PROCESSED,1789018598420
2233815,1,INITIATED,1789018598408
2233815,2,VALIDATED,1789018598414
2233815,3,PROCESSED,1789018598419
2233816,1,INITIATED,1789018598408
2233816,2,VALIDATED,1789018598413
2233816,3,PROCESSED,1789018598419
2233817,1,INITIATED,1789018598409
2233817,2,VALIDATED,1789018598413
2233817,3,PROCESSED,1789018598419
2233818,1,INITIATED,1789018598409
2233818,2,VALIDATED,1789018598414
2233818,3,PROCESSED,1789018598419
2233819,1,INITIATED,1789018598409
2233819,2,VALIDATED,1789018598413
2233819,3,PROCESSED,1789018598419
2233820,1,INITIATED,1789018598417
2233820,2,VALIDATED,1789018598420
2233820,3,PROCESSED,1789018598455
2233821,1,INITIATED,1789018598437
2233821,2,VALIDATED,1789018598454
2233821,3,PROCESSED,1789018598464
2233822,1,INITIATED,1789018598456
2233822,2,VALIDATED,1789018598466
2233822,3,PROCESSED,1789018598472
2233823,1,INITIATED,1789018598476
2233823,2,VALIDATED,1789018598479
2233823,3,PROCESSED,1789018598484
2233824,1,INITIATED,1789018598497
2233824,2,VALIDATED,1789018598501
2233824,3,PROCESSED,1789018598507
2233825,1,INITIATED,1789018598517
2233825,2,VALIDATED,1789018598520
2233825,3,PROCESSED,1789018598524
2233826,1,INITIATED,1789018598536
2233826,2,VALIDATED,1789018598540
2233826,3,PROCESSED,1789018598545
2233827,1,INITIATED,1789018598556
2233827,2,VALIDATED,1789018598560
2233827,3,PROCESSED,1789018598564
2233828,1,INITIATED,1789018598576
2233828,2,VALIDATED,1789018598580
2233828,3,PROCESSED,1789018598584
2233829,1,INITIATED,1789018598597
2233829,2,VALIDATED,1789018598601
2233829,3,PROCESSED,1789018598606
2233830,1,INITIATED,1789018598617
2233830,2,VALIDATED,1789018598621
2233830,3,PROCESSED,1789018598625
2233831,1,INITIATED,1789018598636
2233831,2,VALIDATED,1789018598640
2233831,3,PROCESSED,1789018598645
2233832,1,INITIATED,1789018598657
2233832,2,VALIDATED,1789018598661
2233832,3,PROCESSED,1789018598666
2233833,1,INITIATED,1789018598676
2233833,2,VALIDATED,1789018598680
2233833,3,PROCESSED,1789018598686
2233834,1,INITIATED,1789018598696
2233834,2,VALIDATED,1789018598700
2233834,3,PROCESSED,1789018598705
2233835,1,INITIATED,1789018598717
2233835,2,VALIDATED,1789018598721
2233835,3,PROCESSED,1789018598726
2233836,1,INITIATED,1789018598737
2233836,2,VALIDATED,1789018598740
2233836,3,PROCESSED,1789018598746
2233837,1,INITIATED,1789018598757
2233837,2,VALIDATED,1789018598762
2233837,3,PROCESSED,1789018598767
2233838,1,INITIATED,1789018598776
2233838,2,VALIDATED,1789018598780
2233838,3,PROCESSED,1789018598785
2233839,1,INITIATED,1789018598797
2233839,2,VALIDATED,1789018598801
2233839,3,PROCESSED,1789018598810
2233840,1,INITIATED,1789018598817
2233840,2,VALIDATED,1789018598820
2233840,3,PROCESSED,1789018598824
2233841,1,INITIATED,1789018598836
2233841,2,VALIDATED,1789018598840
2233841,3,PROCESSED,1789018598845
2233842,1,INITIATED,1789018598857
2233842,2,VALIDATED,1789018598862
2233842,3,PROCESSED,1789018598866
2233843,1,INITIATED,1789018598877
2233843,2,VALIDATED,1789018598881
2233843,3,PROCESSED,1789018598886
2233844,1,INITIATED,1789018598897
2233844,2,VALIDATED,1789018598900
2233844,3,PROCESSED,1789018598905
2233845,1,INITIATED,1789018598917
2233845,2,VALIDATED,1789018598921
2233845,3,PROCESSED,1789018598925
2233846,1,INITIATED,1789018598937
2233846,2,VALIDATED,1789018598941
2233846,3,PROCESSED,1789018598945
2233847,1,INITIATED,1789018598957
2233847,2,VALIDATED,1789018598961
2233847,3,PROCESSED,1789018598965
2233848,1,INITIATED,1789018598976
2233848,2,VALIDATED,1789018598980
2233848,3,PROCESSED,1789018598984
2233849,1,INITIATED,1789018598997
2233849,2,VALIDATED,1789018599000
2233849,3,PROCESSED,1789018599005
2233850,1,INITIATED,1789018599017
2233850,2,VALIDATED,1789018599020
2233850,3,PROCESSED,1789018599025
2233851,1,INITIATED,1789018599036
2233851,2,VALIDATED,1789018599040
2233851,3,PROCESSED,1789018599050
2233852,1,INITIATED,1789018599057
2233852,2,VALIDATED,1789018599061
2233852,3,PROCESSED,1789018599065
2233853,1,INITIATED,1789018599076
2233853,2,VALIDATED,1789018599079
2233853,3,PROCESSED,1789018599083
2233854,1,INITIATED,1789018599097
2233854,2,VALIDATED,1789018599100
2233854,3,PROCESSED,1789018599104
2233855,1,INITIATED,1789018599116
2233855,2,VALIDATED,1789018599120
2233855,3,PROCESSED,1789018599126
2233856,1,INITIATED,1789018599137
2233856,2,VALIDATED,1789018599250
2233856,3,PROCESSED,1789018599260
2233857,1,INITIATED,1789018599250
2233857,2,VALIDATED,1789018599257
2233857,3,PROCESSED,1789018599265
2233858,1,INITIATED,1789018599249
2233858,2,VALIDATED,1789018599253
2233858,3,PROCESSED,1789018599263
2233859,1,INITIATED,1789018599249
2233859,2,VALIDATED,1789018599253
2233859,3,PROCESSED,1789018599263
2233860,1,INITIATED,1789018599249
2233860,2,VALIDATED,1789018599253
2233860,3,PROCESSED,1789018599263
2233861,1,INITIATED,1789018599250
2233861,2,VALIDATED,1789018599257
2233861,3,PROCESSED,1789018599265
2233862,1,INITIATED,1789018599257
2233862,2,VALIDATED,1789018599263
2233862,3,PROCESSED,1789018599301
2233863,1,INITIATED,1789018599285
2233863,2,VALIDATED,1789018599303
2233863,3,PROCESSED,1789018599314
2233864,1,INITIATED,1789018599298
2233864,2,VALIDATED,1789018599310
2233864,3,PROCESSED,1789018599314
2233865,1,INITIATED,1789018599316
2233865,2,VALIDATED,1789018599319
2233865,3,PROCESSED,1789018599323
2233866,1,INITIATED,1789018599337
2233866,2,VALIDATED,1789018599343
2233866,3,PROCESSED,1789018599347
2233867,1,INITIATED,1789018599356
2233867,2,VALIDATED,1789018599360
2233867,3,PROCESSED,1789018599367
2233868,1,INITIATED,1789018599377
2233868,2,VALIDATED,1789018599380
2233868,3,PROCESSED,1789018599384
2233869,1,INITIATED,1789018599397
2233869,2,VALIDATED,1789018599400
2233869,3,PROCESSED,1789018599406
2233870,1,INITIATED,1789018599417
2233870,2,VALIDATED,1789018599420
2233870,3,PROCESSED,1789018599426
2233871,1,INITIATED,1789018599490
2233871,2,VALIDATED,1789018599494
2233871,3,PROCESSED,1789018599499
2233872,1,INITIATED,1789018599490
2233872,2,VALIDATED,1789018599494
2233872,3,PROCESSED,1789018599499
2233873,1,INITIATED,1789018599490
2233873,2,VALIDATED,1789018599494
2233873,3,PROCESSED,1789018599499
2233874,1,INITIATED,1789018599496
2233874,2,VALIDATED,1789018599499
2233874,3,PROCESSED,1789018599504
2233875,1,INITIATED,1789018599517
2233875,2,VALIDATED,1789018599531
2233875,3,PROCESSED,1789018599536
2233876,1,INITIATED,1789018599536
2233876,2,VALIDATED,1789018599539
2233876,3,PROCESSED,1789018599543
2233877,1,INITIATED,1789018599557
2233877,2,VALIDATED,1789018599561
2233877,3,PROCESSED,1789018599565
2233878,1,INITIATED,1789018599577
2233878,2,VALIDATED,1789018599580
2233878,3,PROCESSED,1789018599584
2233879,1,INITIATED,1789018599596
2233879,2,VALIDATED,1789018599600
2233879,3,PROCESSED,1789018599604
2233880,1,INITIATED,1789018599617
2233880,2,VALIDATED,1789018599621
2233880,3,PROCESSED,1789018599625
2233881,1,INITIATED,1789018599636
2233881,2,VALIDATED,1789018599639
2233881,3,PROCESSED,1789018599643
2233882,1,INITIATED,1789018599656
2233882,2,VALIDATED,1789018599660
2233882,3,PROCESSED,1789018599663
2233883,1,INITIATED,1789018599676
2233883,2,VALIDATED,1789018599680
2233883,3,PROCESSED,1789018599683
2233884,1,INITIATED,1789018599696
2233884,2,VALIDATED,1789018599701
2233884,3,PROCESSED,1789018599704
2233885,1,INITIATED,1789018599717
2233885,2,VALIDATED,1789018599720
2233885,3,PROCESSED,1789018599724
2233886,1,INITIATED,1789018599737
2233886,2,VALIDATED,1789018599741
2233886,3,PROCESSED,1789018599746
2233887,1,INITIATED,1789018599756
2233887,2,VALIDATED,1789018599760
2233887,3,PROCESSED,1789018599764
2233888,1,INITIATED,1789018599776
2233888,2,VALIDATED,1789018599779
2233888,3,PROCESSED,1789018599782
2233889,1,INITIATED,1789018599797
2233889,2,VALIDATED,1789018599800
2233889,3,PROCESSED,1789018599803
2233890,1,INITIATED,1789018599817
2233890,2,VALIDATED,1789018599820
2233890,3,PROCESSED,1789018599832
2233891,1,INITIATED,1789018599836
2233891,2,VALIDATED,1789018599839
2233891,3,PROCESSED,1789018599843
2233892,1,INITIATED,1789018599857
2233892,2,VALIDATED,1789018599860
2233892,3,PROCESSED,1789018599864
2233893,1,INITIATED,1789018599877
2233893,2,VALIDATED,1789018599880
2233893,3,PROCESSED,1789018599883
2233894,1,INITIATED,1789018599896
2233894,2,VALIDATED,1789018599900
2233894,3,PROCESSED,1789018599903
2233895,1,INITIATED,1789018599917
2233895,2,VALIDATED,1789018599920
2233895,3,REJECTED,1789018599923
2233896,1,INITIATED,1789018599937
2233896,2,VALIDATED,1789018599940
2233896,3,REJECTED,1789018599943
2233897,1,INITIATED,1789018599956
2233897,2,VALIDATED,1789018599960
2233897,3,REJECTED,1789018599964
2233898,1,INITIATED,1789018599977
2233898,2,VALIDATED,1789018599980
2233898,3,REJECTED,1789018599982
2233899,1,INITIATED,1789018599996
2233899,2,VALIDATED,1789018599999
2233899,3,PROCESSED,1789018600003
2233900,1,INITIATED,1789018600017
2233900,2,VALIDATED,1789018600020
2233900,3,PROCESSED,1789018600024
2233901,1,INITIATED,1789018600037
2233901,2,VALIDATED,1789018600041
2233901,3,PROCESSED,1789018600046
2233902,1,INITIATED,1789018600056
2233902,2,VALIDATED,1789018600060
2233902,3,PROCESSED,1789018600065
2233903,1,INITIATED,1789018600077
2233903,2,VALIDATED,1789018600080
2233903,3,PROCESSED,1789018600083
2233904,1,INITIATED,1789018600096
2233904,2,VALIDATED,1789018600099
2233904,3,PROCESSED,1789018600103
2233905,1,INITIATED,1789018600116
2233905,2,VALIDATED,1789018600119
2233905,3,PROCESSED,1789018600123
2233906,1,INITIATED,1789018600136
2233906,2,VALIDATED,1789018600364
2233906,3,PROCESSED,1789018600421
2233907,1,INITIATED,1789018600365
2233907,2,VALIDATED,1789018600419
2233907,3,PROCESSED,1789018600443
2233908,1,INITIATED,1789018600365
2233908,2,VALIDATED,1789018600418
2233908,3,PROCESSED,1789018600444
2233909,1,INITIATED,1789018600365
2233909,2,VALIDATED,1789018600418
2233909,3,PROCESSED,1789018600443
2233910,1,INITIATED,1789018600365
2233910,2,VALIDATED,1789018600419
2233910,3,PROCESSED,1789018600444
2233911,1,INITIATED,1789018600365
2233911,2,VALIDATED,1789018600418
2233911,3,PROCESSED,1789018600444
2233912,1,INITIATED,1789018600365
2233912,2,VALIDATED,1789018600419
2233912,3,PROCESSED,1789018600444
2233913,1,INITIATED,1789018600365
2233913,2,VALIDATED,1789018600418
2233913,3,PROCESSED,1789018600443
2233914,1,INITIATED,1789018600366
2233914,2,VALIDATED,1789018600418
2233914,3,PROCESSED,1789018600445
2233915,1,INITIATED,1789018600366
2233915,2,VALIDATED,1789018600418
2233915,3,PROCESSED,1789018600444
2233916,1,INITIATED,1789018600366
2233916,2,VALIDATED,1789018600419
2233916,3,PROCESSED,1789018600443
2233917,1,INITIATED,1789018600366
2233917,2,VALIDATED,1789018600417
2233917,3,PROCESSED,1789018600443
2233918,1,INITIATED,1789018600415
2233918,2,VALIDATED,1789018600441
2233918,3,PROCESSED,1789018600456
2233919,1,INITIATED,1789018600415
2233919,2,VALIDATED,1789018600442
2233919,3,PROCESSED,1789018600456
2233920,1,INITIATED,1789018600416
2233920,2,VALIDATED,1789018600442
2233920,3,PROCESSED,1789018600456
2233921,1,INITIATED,1789018600439
2233921,2,VALIDATED,1789018600455
2233921,3,PROCESSED,1789018600459
2233922,1,INITIATED,1789018600456
2233922,2,VALIDATED,1789018600458
2233922,3,PROCESSED,1789018600462
2233923,1,INITIATED,1789018600476
2233923,2,VALIDATED,1789018600483
2233923,3,PROCESSED,1789018600487
2233924,1,INITIATED,1789018600496
2233924,2,VALIDATED,1789018600500
2233924,3,PROCESSED,1789018600508
2233925,1,INITIATED,1789018600516
2233925,2,VALIDATED,1789018600521
2233925,3,PROCESSED,1789018600527
2233926,1,INITIATED,1789018600537
2233926,2,VALIDATED,1789018600540
2233926,3,PROCESSED,1789018600545
2233927,1,INITIATED,1789018600556
2233927,2,VALIDATED,1789018600559
2233927,3,PROCESSED,1789018600565
2233928,1,INITIATED,1789018600576
2233928,2,VALIDATED,1789018600582
2233928,3,PROCESSED,1789018600586
2233929,1,INITIATED,1789018600597
2233929,2,VALIDATED,1789018600600
2233929,3,PROCESSED,1789018600605
2233930,1,INITIATED,1789018600617
2233930,2,VALIDATED,1789018600620
2233930,3,PROCESSED,1789018600624
2233931,1,INITIATED,1789018600637
2233931,2,VALIDATED,1789018600639
2233931,3,PROCESSED,1789018600644
2233932,1,INITIATED,1789018600656
2233932,2,VALIDATED,1789018600661
2233932,3,PROCESSED,1789018600665
2233933,1,INITIATED,1789018600676
2233933,2,VALIDATED,1789018600680
2233933,3,PROCESSED,1789018600683
2233934,1,INITIATED,1789018600696
2233934,2,VALIDATED,1789018600699
2233934,3,PROCESSED,1789018600702
2233935,1,INITIATED,1789018600716
2233935,2,VALIDATED,1789018600720
2233935,3,PROCESSED,1789018600723
2233936,1,INITIATED,1789018600736
2233936,2,VALIDATED,1789018600740
2233936,3,PROCESSED,1789018600744
2233937,1,INITIATED,1789018600756
2233937,2,VALIDATED,1789018600759
2233937,3,PROCESSED,1789018600763
2233938,1,INITIATED,1789018600777
2233938,2,VALIDATED,1789018600792
2233938,3,PROCESSED,1789018600797
2233939,1,INITIATED,1789018600796
2233939,2,VALIDATED,1789018600802
2233939,3,PROCESSED,1789018600854
2233940,1,INITIATED,1789018600817
2233940,2,VALIDATED,1789018600852
2233940,3,PROCESSED,1789018600857
2233941,1,INITIATED,1789018600837
2233941,2,VALIDATED,1789018600852
2233941,3,PROCESSED,1789018600859
2233942,1,INITIATED,1789018600856
2233942,2,VALIDATED,1789018600859
2233942,3,PROCESSED,1789018600867
2233943,1,INITIATED,1789018600876
2233943,2,VALIDATED,1789018600879
2233943,3,PROCESSED,1789018600882
2233944,1,INITIATED,1789018600896
2233944,2,VALIDATED,1789018600900
2233944,3,PROCESSED,1789018600904
2233945,1,INITIATED,1789018600917
2233945,2,VALIDATED,1789018600920
2233945,3,PROCESSED,1789018600924
2233946,1,INITIATED,1789018600937
2233946,2,VALIDATED,1789018600940
2233946,3,PROCESSED,1789018600945
2233947,1,INITIATED,1789018600957
2233947,2,VALIDATED,1789018600961
2233947,3,PROCESSED,1789018600965
2233948,1,INITIATED,1789018600977
2233948,2,VALIDATED,1789018600980
2233948,3,PROCESSED,1789018600983
2233949,1,INITIATED,1789018600997
2233949,2,VALIDATED,1789018601000
2233949,3,PROCESSED,1789018601004
2233950,1,INITIATED,1789018601016
2233950,2,VALIDATED,1789018601020
2233950,3,PROCESSED,1789018601023
2233951,1,INITIATED,1789018601037
2233951,2,VALIDATED,1789018601041
2233951,3,PROCESSED,1789018601045
2233952,1,INITIATED,1789018601056
2233952,2,VALIDATED,1789018601059
2233952,3,PROCESSED,1789018601062
2233953,1,INITIATED,1789018601077
2233953,2,VALIDATED,1789018601085
2233953,3,PROCESSED,1789018601089
2233954,1,INITIATED,1789018601097
2233954,2,VALIDATED,1789018601099
2233954,3,PROCESSED,1789018601103
2233955,1,INITIATED,1789018601117
2233955,2,VALIDATED,1789018601120
2233955,3,PROCESSED,1789018601123
2233956,1,INITIATED,1789018601141
2233956,2,VALIDATED,1789018601312
2233956,3,PROCESSED,1789018601317
2233957,1,INITIATED,1789018601156
2233957,2,VALIDATED,1789018601311
2233957,3,PROCESSED,1789018601317
2233958,1,INITIATED,1789018601310
2233958,2,VALIDATED,1789018601315
2233958,3,PROCESSED,1789018601412
2233959,1,INITIATED,1789018601311
2233959,2,VALIDATED,1789018601315
2233959,3,PROCESSED,1789018601412
2233960,1,INITIATED,1789018601311
2233960,2,VALIDATED,1789018601315
2233960,3,PROCESSED,1789018601412
2233961,1,INITIATED,1789018601310
2233961,2,VALIDATED,1789018601315
2233961,3,PROCESSED,1789018601412
2233962,1,INITIATED,1789018601310
2233962,2,VALIDATED,1789018601315
2233962,3,PROCESSED,1789018601412
2233963,1,INITIATED,1789018601312
2233963,2,VALIDATED,1789018601316
2233963,3,PROCESSED,1789018601412
2233964,1,INITIATED,1789018601311
2233964,2,VALIDATED,1789018601315
2233964,3,PROCESSED,1789018601412
2233965,1,INITIATED,1789018601316
2233965,2,VALIDATED,1789018601410
2233965,3,PROCESSED,1789018601456
2233966,1,INITIATED,1789018601409
2233966,2,VALIDATED,1789018601455
2233966,3,PROCESSED,1789018601460
2233967,1,INITIATED,1789018601409
2233967,2,VALIDATED,1789018601455
2233967,3,PROCESSED,1789018601460
2233968,1,INITIATED,1789018601409
2233968,2,VALIDATED,1789018601455
2233968,3,PROCESSED,1789018601460
2233969,1,INITIATED,1789018601409
2233969,2,VALIDATED,1789018601455
2233969,3,PROCESSED,1789018601460
2233970,1,INITIATED,1789018601423
2233970,2,VALIDATED,1789018601456
2233970,3,PROCESSED,1789018601460
2233971,1,INITIATED,1789018601437
2233971,2,VALIDATED,1789018601456
2233971,3,PROCESSED,1789018601460
2233972,1,INITIATED,1789018601456
2233972,2,VALIDATED,1789018601459
2233972,3,PROCESSED,1789018601463
2233973,1,INITIATED,1789018601476
2233973,2,VALIDATED,1789018601483
2233973,3,PROCESSED,1789018601488
2233974,1,INITIATED,1789018601497
2233974,2,VALIDATED,1789018601501
2233974,3,PROCESSED,1789018601505
2233975,1,INITIATED,1789018601517
2233975,2,VALIDATED,1789018601521
2233975,3,PROCESSED,1789018601525
2233976,1,INITIATED,1789018601537
2233976,2,VALIDATED,1789018601540
2233976,3,PROCESSED,1789018601545
2233977,1,INITIATED,1789018601556
2233977,2,VALIDATED,1789018601560
2233977,3,PROCESSED,1789018601564
2233978,1,INITIATED,1789018601576
2233978,2,VALIDATED,1789018601580
2233978,3,PROCESSED,1789018601584
2233979,1,INITIATED,1789018601596
2233979,2,VALIDATED,1789018601613
2233979,3,PROCESSED,1789018601618
2233980,1,INITIATED,1789018601617
2233980,2,VALIDATED,1789018601620
2233980,3,PROCESSED,1789018601624
2233981,1,INITIATED,1789018601637
2233981,2,VALIDATED,1789018601640
2233981,3,PROCESSED,1789018601645
2233982,1,INITIATED,1789018601657
2233982,2,VALIDATED,1789018601661
2233982,3,PROCESSED,1789018601665
2233983,1,INITIATED,1789018601677
2233983,2,VALIDATED,1789018601680
2233983,3,PROCESSED,1789018601684
2233984,1,INITIATED,1789018601696
2233984,2,VALIDATED,1789018601700
2233984,3,PROCESSED,1789018601703
2233985,1,INITIATED,1789018601716
2233985,2,VALIDATED,1789018601720
2233985,3,PROCESSED,1789018601724
2233986,1,INITIATED,1789018601737
2233986,2,VALIDATED,1789018601740
2233986,3,PROCESSED,1789018601744
2233987,1,INITIATED,1789018601757
2233987,2,VALIDATED,1789018601761
2233987,3,PROCESSED,1789018601764
2233988,1,INITIATED,1789018601776
2233988,2,VALIDATED,1789018601778
2233988,3,PROCESSED,1789018601795
2233989,1,INITIATED,1789018601796
2233989,2,VALIDATED,1789018601798
2233989,3,PROCESSED,1789018601801
2233990,1,INITIATED,1789018601816
2233990,2,VALIDATED,1789018601819
2233990,3,PROCESSED,1789018601823
2233991,1,INITIATED,1789018601836
2233991,2,VALIDATED,1789018601839
2233991,3,PROCESSED,1789018601843
2233992,1,INITIATED,1789018601856
2233992,2,VALIDATED,1789018601860
2233992,3,PROCESSED,1789018601863
2233993,1,INITIATED,1789018601876
2233993,2,VALIDATED,1789018601880
2233993,3,PROCESSED,1789018601883
2233994,1,INITIATED,1789018601897
2233994,2,VALIDATED,1789018601900
2233994,3,PROCESSED,1789018601903
2233995,1,INITIATED,1789018601916
2233995,2,VALIDATED,1789018601919
2233995,3,REJECTED,1789018601921
2233996,1,INITIATED,1789018601936
2233996,2,VALIDATED,1789018601939
2233996,3,REJECTED,1789018601942
2233997,1,INITIATED,1789018601956
2233997,2,VALIDATED,1789018601960
2233997,3,REJECTED,1789018601962
2233998,1,INITIATED,1789018601976
2233998,2,VALIDATED,1789018601979
2233998,3,REJECTED,1789018601981
2233999,1,INITIATED,1789018601996
2233999,2,VALIDATED,1789018601999
2233999,3,PROCESSED,1789018602002
2234000,1,INITIATED,1789018602017
2234000,2,VALIDATED,1789018602020
2234000,3,PROCESSED,1789018602023
2234001,1,INITIATED,1789018602037
2234001,2,VALIDATED,1789018602040
2234001,3,PROCESSED,1789018602044
2234002,1,INITIATED,1789018602056
2234002,2,VALIDATED,1789018602059
2234002,3,PROCESSED,1789018602063
2234003,1,INITIATED,1789018602076
2234003,2,VALIDATED,1789018602079
2234003,3,PROCESSED,1789018602082
2234004,1,INITIATED,1789018602096
2234004,2,VALIDATED,1789018602100
2234004,3,PROCESSED,1789018602103
2234005,1,INITIATED,1789018602116
2234005,2,VALIDATED,1789018602119
2234005,3,PROCESSED,1789018602123
2234006,1,INITIATED,1789018602399
2234006,2,VALIDATED,1789018602405
2234006,3,PROCESSED,1789018602533
2234007,1,INITIATED,1789018602399
2234007,2,VALIDATED,1789018602404
2234007,3,PROCESSED,1789018602534
2234008,1,INITIATED,1789018602400
2234008,2,VALIDATED,1789018602405
2234008,3,PROCESSED,1789018602533
2234009,1,INITIATED,1789018602400
2234009,2,VALIDATED,1789018602404
2234009,3,PROCESSED,1789018602533
2234010,1,INITIATED,1789018602400
2234010,2,VALIDATED,1789018602405
2234010,3,PROCESSED,1789018602534
2234011,1,INITIATED,1789018602400
2234011,2,VALIDATED,1789018602405
2234011,3,PROCESSED,1789018602534
2234012,1,INITIATED,1789018602400
2234012,2,VALIDATED,1789018602405
2234012,3,PROCESSED,1789018602534
2234013,1,INITIATED,1789018602400
2234013,2,VALIDATED,1789018602406
2234013,3,PROCESSED,1789018602534
2234014,1,INITIATED,1789018602399
2234014,2,VALIDATED,1789018602404
2234014,3,PROCESSED,1789018602534
2234015,1,INITIATED,1789018602399
2234015,2,VALIDATED,1789018602404
2234015,3,PROCESSED,1789018602534
2234016,1,INITIATED,1789018602400
2234016,2,VALIDATED,1789018602404
2234016,3,PROCESSED,1789018602534
2234017,1,INITIATED,1789018602399
2234017,2,VALIDATED,1789018602404
2234017,3,PROCESSED,1789018602533
2234018,1,INITIATED,1789018602400
2234018,2,VALIDATED,1789018602528
2234018,3,PROCESSED,1789018602817
2234019,1,INITIATED,1789018602400
2234019,2,VALIDATED,1789018602405
2234019,3,PROCESSED,1789018602533
2234020,1,INITIATED,1789018602417
2234020,2,VALIDATED,1789018602532
2234020,3,PROCESSED,1789018602817
2234021,1,INITIATED,1789018602528
2234021,2,VALIDATED,1789018602814
2234021,3,PROCESSED,1789018602946
2234022,1,INITIATED,1789018602528
2234022,2,VALIDATED,1789018602812
2234022,3,PROCESSED,1789018602820
2234023,1,INITIATED,1789018602528
2234023,2,VALIDATED,1789018602811
2234023,3,PROCESSED,1789018602819
2234024,1,INITIATED,1789018602528
2234024,2,VALIDATED,1789018602813
2234024,3,PROCESSED,1789018602943
2234025,1,INITIATED,1789018602528
2234025,2,VALIDATED,1789018602813
2234025,3,PROCESSED,1789018602820
2234026,1,INITIATED,1789018602536
2234026,2,VALIDATED,1789018602813
2234026,3,PROCESSED,1789018602820
2234027,1,INITIATED,1789018602813
2234027,2,VALIDATED,1789018602942
2234027,3,PROCESSED,1789018602962
2234028,1,INITIATED,1789018602812
2234028,2,VALIDATED,1789018602817
2234028,3,PROCESSED,1789018602946
2234029,1,INITIATED,1789018602812
2234029,2,VALIDATED,1789018602817
2234029,3,PROCESSED,1789018602946
2234030,1,INITIATED,1789018602815
2234030,2,VALIDATED,1789018602944
2234030,3,PROCESSED,1789018602993
2234031,1,INITIATED,1789018602811
2234031,2,VALIDATED,1789018602816
2234031,3,PROCESSED,1789018602946
2234032,1,INITIATED,1789018602814
2234032,2,VALIDATED,1789018602942
2234032,3,PROCESSED,1789018602962
2234033,1,INITIATED,1789018602815
2234033,2,VALIDATED,1789018602944
2234033,3,PROCESSED,1789018602993
2234034,1,INITIATED,1789018602811
2234034,2,VALIDATED,1789018602816
2234034,3,PROCESSED,1789018602946
2234035,1,INITIATED,1789018602812
2234035,2,VALIDATED,1789018602817
2234035,3,PROCESSED,1789018602946
2234036,1,INITIATED,1789018602813
2234036,2,VALIDATED,1789018602942
2234036,3,PROCESSED,1789018602962
2234037,1,INITIATED,1789018602814
2234037,2,VALIDATED,1789018602942
2234037,3,PROCESSED,1789018602962
2234038,1,INITIATED,1789018602812
2234038,2,VALIDATED,1789018602942
2234038,3,PROCESSED,1789018602962
2234039,1,INITIATED,1789018602813
2234039,2,VALIDATED,1789018602943
2234039,3,PROCESSED,1789018602962
2234040,1,INITIATED,1789018602817
2234040,2,VALIDATED,1789018602945
2234040,3,PROCESSED,1789018602993
2234041,1,INITIATED,1789018602942
2234041,2,VALIDATED,1789018602960
2234041,3,PROCESSED,1789018602993
2234042,1,INITIATED,1789018602943
2234042,2,VALIDATED,1789018602960
2234042,3,PROCESSED,1789018602994
2234043,1,INITIATED,1789018602942
2234043,2,VALIDATED,1789018602960
2234043,3,PROCESSED,1789018602993
2234044,1,INITIATED,1789018602943
2234044,2,VALIDATED,1789018602991
2234044,3,PROCESSED,1789018602996
2234045,1,INITIATED,1789018602944
2234045,2,VALIDATED,1789018602991
2234045,3,PROCESSED,1789018602996
2234046,1,INITIATED,1789018602942
2234046,2,VALIDATED,1789018602960
2234046,3,PROCESSED,1789018602993
2234047,1,INITIATED,1789018602957
2234047,2,VALIDATED,1789018602991
2234047,3,PROCESSED,1789018602996
2234048,1,INITIATED,1789018602977
2234048,2,VALIDATED,1789018602991
2234048,3,PROCESSED,1789018602996
2234049,1,INITIATED,1789018602996
2234049,2,VALIDATED,1789018602998
2234049,3,PROCESSED,1789018603003
2234050,1,INITIATED,1789018603016
2234050,2,VALIDATED,1789018603020
2234050,3,PROCESSED,1789018603024
2234051,1,INITIATED,1789018603037
2234051,2,VALIDATED,1789018603041
2234051,3,PROCESSED,1789018603045
2234052,1,INITIATED,1789018603057
2234052,2,VALIDATED,1789018603061
2234052,3,PROCESSED,1789018603065
2234053,1,INITIATED,1789018603076
2234053,2,VALIDATED,1789018603080
2234053,3,PROCESSED,1789018603084
2234054,1,INITIATED,1789018603096
2234054,2,VALIDATED,1789018603100
2234054,3,PROCESSED,1789018603117
2234055,1,INITIATED,1789018603116
2234055,2,VALIDATED,1789018603119
2234055,3,PROCESSED,1789018603353
2234056,1,INITIATED,1789018603351
2234056,2,VALIDATED,1789018603452
2234056,3,PROCESSED,1789018603717
2234057,1,INITIATED,1789018603351
2234057,2,VALIDATED,1789018603452
2234057,3,PROCESSED,1789018603716
2234058,1,INITIATED,1789018603352
2234058,2,VALIDATED,1789018603453
2234058,3,PROCESSED,1789018603717
2234059,1,INITIATED,1789018603351
2234059,2,VALIDATED,1789018603452
2234059,3,PROCESSED,1789018603717
2234060,1,INITIATED,1789018603351
2234060,2,VALIDATED,1789018603452
2234060,3,PROCESSED,1789018603716
2234061,1,INITIATED,1789018603352
2234061,2,VALIDATED,1789018603453
2234061,3,PROCESSED,1789018603717
2234062,1,INITIATED,1789018603351
2234062,2,VALIDATED,1789018603452
2234062,3,PROCESSED,1789018603716
2234063,1,INITIATED,1789018603351
2234063,2,VALIDATED,1789018603452
2234063,3,PROCESSED,1789018603716
2234064,1,INITIATED,1789018603352
2234064,2,VALIDATED,1789018603453
2234064,3,PROCESSED,1789018603716
2234065,1,INITIATED,1789018603352
2234065,2,VALIDATED,1789018603453
2234065,3,PROCESSED,1789018603717
2234066,1,INITIATED,1789018603351
2234066,2,VALIDATED,1789018603453
2234066,3,PROCESSED,1789018603715
2234067,1,INITIATED,1789018603357
2234067,2,VALIDATED,1789018603453
2234067,3,PROCESSED,1789018603717
2234068,1,INITIATED,1789018603451
2234068,2,VALIDATED,1789018603497
2234068,3,PROCESSED,1789018603717
2234069,1,INITIATED,1789018603451
2234069,2,VALIDATED,1789018603714
2234069,3,PROCESSED,1789018603830
2234070,1,INITIATED,1789018603451
2234070,2,VALIDATED,1789018603714
2234070,3,PROCESSED,1789018603831
2234071,1,INITIATED,1789018603452
2234071,2,VALIDATED,1789018603497
2234071,3,PROCESSED,1789018603827
2234072,1,INITIATED,1789018603456
2234072,2,VALIDATED,1789018603498
2234072,3,PROCESSED,1789018603718
2234073,1,INITIATED,1789018603495
2234073,2,VALIDATED,1789018603715
2234073,3,PROCESSED,1789018603830
2234074,1,INITIATED,1789018603497
2234074,2,VALIDATED,1789018603714
2234074,3,PROCESSED,1789018603830
2234075,1,INITIATED,1789018603714
2234075,2,VALIDATED,1789018603828
2234075,3,PROCESSED,1789018603848
2234076,1,INITIATED,1789018603713
2234076,2,VALIDATED,1789018603829
2234076,3,PROCESSED,1789018603848
2234077,1,INITIATED,1789018603712
2234077,2,VALIDATED,1789018603826
2234077,3,PROCESSED,1789018603833
2234078,1,INITIATED,1789018603714
2234078,2,VALIDATED,1789018603827
2234078,3,PROCESSED,1789018603848
2234079,1,INITIATED,1789018603712
2234079,2,VALIDATED,1789018603829
2234079,3,PROCESSED,1789018603848
2234080,1,INITIATED,1789018603712
2234080,2,VALIDATED,1789018603828
2234080,3,PROCESSED,1789018603848
2234081,1,INITIATED,1789018603712
2234081,2,VALIDATED,1789018603826
2234081,3,PROCESSED,1789018603833
2234082,1,INITIATED,1789018603713
2234082,2,VALIDATED,1789018603828
2234082,3,PROCESSED,1789018603848
2234083,1,INITIATED,1789018603713
2234083,2,VALIDATED,1789018603828
2234083,3,PROCESSED,1789018603848
2234084,1,INITIATED,1789018603713
2234084,2,VALIDATED,1789018603828
2234084,3,PROCESSED,1789018603848
2234085,1,INITIATED,1789018603718
2234085,2,VALIDATED,1789018603828
2234085,3,PROCESSED,1789018603848
2234086,1,INITIATED,1789018603825
2234086,2,VALIDATED,1789018603830
2234086,3,PROCESSED,1789018603878
2234087,1,INITIATED,1789018603825
2234087,2,VALIDATED,1789018603830
2234087,3,PROCESSED,1789018603877
2234088,1,INITIATED,1789018603826
2234088,2,VALIDATED,1789018603832
2234088,3,PROCESSED,1789018603877
2234089,1,INITIATED,1789018603826
2234089,2,VALIDATED,1789018603846
2234089,3,PROCESSED,1789018603879
2234090,1,INITIATED,1789018603827
2234090,2,VALIDATED,1789018603846
2234090,3,PROCESSED,1789018603878
2234091,1,INITIATED,1789018603837
2234091,2,VALIDATED,1789018603876
2234091,3,PROCESSED,1789018603882
2234092,1,INITIATED,1789018603857
2234092,2,VALIDATED,1789018603877
2234092,3,PROCESSED,1789018603882
2234093,1,INITIATED,1789018603876
2234093,2,VALIDATED,1789018603880
2234093,3,PROCESSED,1789018603885
2234094,1,INITIATED,1789018603896
2234094,2,VALIDATED,1789018603900
2234094,3,PROCESSED,1789018603904
2234095,1,INITIATED,1789018603916
2234095,2,VALIDATED,1789018603920
2234095,3,REJECTED,1789018603923
2234096,1,INITIATED,1789018603936
2234096,2,VALIDATED,1789018603939
2234096,3,REJECTED,1789018603942
2234097,1,INITIATED,1789018603956
2234097,2,VALIDATED,1789018603960
2234097,3,REJECTED,1789018603963
2234098,1,INITIATED,1789018603976
2234098,2,VALIDATED,1789018603980
2234098,3,REJECTED,1789018603983
2234099,1,INITIATED,1789018603996
2234099,2,VALIDATED,1789018604000
2234099,3,PROCESSED,1789018604005
2234100,1,INITIATED,1789018604016
2234100,2,VALIDATED,1789018604020
2234100,3,PROCESSED,1789018604023
2234101,1,INITIATED,1789018604036
2234101,2,VALIDATED,1789018604040
2234101,3,PROCESSED,1789018604045
2234102,1,INITIATED,1789018604057
2234102,2,VALIDATED,1789018604060
2234102,3,PROCESSED,1789018604064
2234103,1,INITIATED,1789018604076
2234103,2,VALIDATED,1789018604079
2234103,3,PROCESSED,1789018604082
2234104,1,INITIATED,1789018604096
2234104,2,VALIDATED,1789018604099
2234104,3,PROCESSED,1789018604103
2234105,1,INITIATED,1789018604117
2234105,2,VALIDATED,1789018604361
2234105,3,PROCESSED,1789018604367
2234106,1,INITIATED,1789018604361
2234106,2,VALIDATED,1789018604366
2234106,3,PROCESSED,1789018604479
2234107,1,INITIATED,1789018604361
2234107,2,VALIDATED,1789018604365
2234107,3,PROCESSED,1789018604480
2234108,1,INITIATED,1789018604361
2234108,2,VALIDATED,1789018604366
2234108,3,PROCESSED,1789018604479
2234109,1,INITIATED,1789018604361
2234109,2,VALIDATED,1789018604366
2234109,3,PROCESSED,1789018604479
2234110,1,INITIATED,1789018604361
2234110,2,VALIDATED,1789018604365
2234110,3,PROCESSED,1789018604480
2234111,1,INITIATED,1789018604361
2234111,2,VALIDATED,1789018604365
2234111,3,PROCESSED,1789018604480
2234112,1,INITIATED,1789018604360
2234112,2,VALIDATED,1789018604365
2234112,3,PROCESSED,1789018604479
2234113,1,INITIATED,1789018604361
2234113,2,VALIDATED,1789018604367
2234113,3,PROCESSED,1789018604478
2234114,1,INITIATED,1789018604361
2234114,2,VALIDATED,1789018604365
2234114,3,PROCESSED,1789018604479
2234115,1,INITIATED,1789018604361
2234115,2,VALIDATED,1789018604366
2234115,3,PROCESSED,1789018604478
2234116,1,INITIATED,1789018604361
2234116,2,VALIDATED,1789018604366
2234116,3,PROCESSED,1789018604479
2234117,1,INITIATED,1789018604360
2234117,2,VALIDATED,1789018604366
2234117,3,PROCESSED,1789018604480
2234118,1,INITIATED,1789018604377
2234118,2,VALIDATED,1789018604476
2234118,3,PROCESSED,1789018604679
2234119,1,INITIATED,1789018604473
2234119,2,VALIDATED,1789018604677
2234119,3,PROCESSED,1789018604806
2234120,1,INITIATED,1789018604473
2234120,2,VALIDATED,1789018604478
2234120,3,PROCESSED,1789018604679
2234121,1,INITIATED,1789018604473
2234121,2,VALIDATED,1789018604479
2234121,3,PROCESSED,1789018604679
2234122,1,INITIATED,1789018604473
2234122,2,VALIDATED,1789018604677
2234122,3,PROCESSED,1789018604806
2234123,1,INITIATED,1789018604477
2234123,2,VALIDATED,1789018604677
2234123,3,PROCESSED,1789018604806
2234124,1,INITIATED,1789018604676
2234124,2,VALIDATED,1789018604805
2234124,3,PROCESSED,1789018604859
2234125,1,INITIATED,1789018604675
2234125,2,VALIDATED,1789018604803
2234125,3,PROCESSED,1789018604858
2234126,1,INITIATED,1789018604677
2234126,2,VALIDATED,1789018604804
2234126,3,PROCESSED,1789018604859
2234127,1,INITIATED,1789018604677
2234127,2,VALIDATED,1789018604803
2234127,3,PROCESSED,1789018604824
2234128,1,INITIATED,1789018604675
2234128,2,VALIDATED,1789018604804
2234128,3,PROCESSED,1789018604859
2234129,1,INITIATED,1789018604675
2234129,2,VALIDATED,1789018604804
2234129,3,PROCESSED,1789018604859
2234130,1,INITIATED,1789018604677
2234130,2,VALIDATED,1789018604804
2234130,3,PROCESSED,1789018604859
2234131,1,INITIATED,1789018604677
2234131,2,VALIDATED,1789018604804
2234131,3,PROCESSED,1789018604859
2234132,1,INITIATED,1789018604678
2234132,2,VALIDATED,1789018604803
2234132,3,PROCESSED,1789018604859
2234133,1,INITIATED,1789018604678
2234133,2,VALIDATED,1789018604804
2234133,3,PROCESSED,1789018604859
2234134,1,INITIATED,1789018604801
2234134,2,VALIDATED,1789018604823
2234134,3,PROCESSED,1789018604875
2234135,1,INITIATED,1789018604801
2234135,2,VALIDATED,1789018604823
2234135,3,PROCESSED,1789018604875
2234136,1,INITIATED,1789018604801
2234136,2,VALIDATED,1789018604823
2234136,3,PROCESSED,1789018604875
2234137,1,INITIATED,1789018604802
2234137,2,VALIDATED,1789018604823
2234137,3,PROCESSED,1789018604875
2234138,1,INITIATED,1789018604802
2234138,2,VALIDATED,1789018604823
2234138,3,PROCESSED,1789018604875
2234139,1,INITIATED,1789018604802
2234139,2,VALIDATED,1789018604823
2234139,3,PROCESSED,1789018604875
2234140,1,INITIATED,1789018604821
2234140,2,VALIDATED,1789018604873
2234140,3,PROCESSED,1789018604878
2234141,1,INITIATED,1789018604836
2234141,2,VALIDATED,1789018604873
2234141,3,PROCESSED,1789018604878
2234142,1,INITIATED,1789018604856
2234142,2,VALIDATED,1789018604874
2234142,3,PROCESSED,1789018604879
2234143,1,INITIATED,1789018604876
2234143,2,VALIDATED,1789018604879
2234143,3,PROCESSED,1789018604898
2234144,1,INITIATED,1789018604897
2234144,2,VALIDATED,1789018604899
2234144,3,PROCESSED,1789018604917
2234145,1,INITIATED,1789018604916
2234145,2,VALIDATED,1789018604918
2234145,3,PROCESSED,1789018604922
2234146,1,INITIATED,1789018604936
2234146,2,VALIDATED,1789018604948
2234146,3,PROCESSED,1789018604952
2234147,1,INITIATED,1789018604956
2234147,2,VALIDATED,1789018604968
2234147,3,PROCESSED,1789018604971
2234148,1,INITIATED,1789018604976
2234148,2,VALIDATED,1789018604986
2234148,3,PROCESSED,1789018604990
2234149,1,INITIATED,1789018604996
2234149,2,VALIDATED,1789018605009
2234149,3,PROCESSED,1789018605013
2234150,1,INITIATED,1789018605017
2234150,2,VALIDATED,1789018605019
2234150,3,PROCESSED,1789018605038
2234151,1,INITIATED,1789018605037
2234151,2,VALIDATED,1789018605039
2234151,3,PROCESSED,1789018605043
2234152,1,INITIATED,1789018605056
2234152,2,VALIDATED,1789018605065
2234152,3,PROCESSED,1789018605084
2234153,1,INITIATED,1789018605077
2234153,2,VALIDATED,1789018605083
2234153,3,PROCESSED,1789018605102
2234154,1,INITIATED,1789018605097
2234154,2,VALIDATED,1789018605101
2234154,3,PROCESSED,1789018605105
2234155,1,INITIATED,1789018605117
2234155,2,VALIDATED,1789018605121
2234155,3,PROCESSED,1789018605183
2234156,1,INITIATED,1789018605182
2234156,2,VALIDATED,1789018605186
2234156,3,PROCESSED,1789018605314
2234157,1,INITIATED,1789018605182
2234157,2,VALIDATED,1789018605186
2234157,3,PROCESSED,1789018605313
2234158,1,INITIATED,1789018605182
2234158,2,VALIDATED,1789018605186
2234158,3,PROCESSED,1789018605314
2234159,1,INITIATED,1789018605199
2234159,2,VALIDATED,1789018605313
2234159,3,PROCESSED,1789018605629
2234160,1,INITIATED,1789018605310
2234160,2,VALIDATED,1789018605315
2234160,3,PROCESSED,1789018605630
2234161,1,INITIATED,1789018605310
2234161,2,VALIDATED,1789018605315
2234161,3,PROCESSED,1789018605630
2234162,1,INITIATED,1789018605310
2234162,2,VALIDATED,1789018605314
2234162,3,PROCESSED,1789018605630
2234163,1,INITIATED,1789018605310
2234163,2,VALIDATED,1789018605315
2234163,3,PROCESSED,1789018605630
2234164,1,INITIATED,1789018605310
2234164,2,VALIDATED,1789018605315
2234164,3,PROCESSED,1789018605630
2234165,1,INITIATED,1789018605316
2234165,2,VALIDATED,1789018605627
2234165,3,PROCESSED,1789018605636
2234166,1,INITIATED,1789018605626
2234166,2,VALIDATED,1789018605631
2234166,3,PROCESSED,1789018605637
2234167,1,INITIATED,1789018605627
2234167,2,VALIDATED,1789018605633
2234167,3,PROCESSED,1789018605764
2234168,1,INITIATED,1789018605627
2234168,2,VALIDATED,1789018605631
2234168,3,PROCESSED,1789018605762
2234169,1,INITIATED,1789018605626
2234169,2,VALIDATED,1789018605632
2234169,3,PROCESSED,1789018605764
2234170,1,INITIATED,1789018605626
2234170,2,VALIDATED,1789018605631
2234170,3,PROCESSED,1789018605637
2234171,1,INITIATED,1789018605628
2234171,2,VALIDATED,1789018605634
2234171,3,PROCESSED,1789018605763
2234172,1,INITIATED,1789018605628
2234172,2,VALIDATED,1789018605634
2234172,3,PROCESSED,1789018605763
2234173,1,INITIATED,1789018605628
2234173,2,VALIDATED,1789018605633
2234173,3,PROCESSED,1789018605763
2234174,1,INITIATED,1789018605628
2234174,2,VALIDATED,1789018605635
2234174,3,PROCESSED,1789018605764
2234175,1,INITIATED,1789018605626
2234175,2,VALIDATED,1789018605632
2234175,3,PROCESSED,1789018605761
2234176,1,INITIATED,1789018605628
2234176,2,VALIDATED,1789018605634
2234176,3,PROCESSED,1789018605764
2234177,1,INITIATED,1789018605626
2234177,2,VALIDATED,1789018605631
2234177,3,PROCESSED,1789018605762
2234178,1,INITIATED,1789018605627
2234178,2,VALIDATED,1789018605631
2234178,3,PROCESSED,1789018605762
2234179,1,INITIATED,1789018605627
2234179,2,VALIDATED,1789018605633
2234179,3,PROCESSED,1789018605764
2234180,1,INITIATED,1789018605627
2234180,2,VALIDATED,1789018605634
2234180,3,PROCESSED,1789018605764
2234181,1,INITIATED,1789018605636
2234181,2,VALIDATED,1789018605761
2234181,3,PROCESSED,1789018605784
2234182,1,INITIATED,1789018605759
2234182,2,VALIDATED,1789018605782
2234182,3,PROCESSED,1789018605787
2234183,1,INITIATED,1789018605759
2234183,2,VALIDATED,1789018605782
2234183,3,PROCESSED,1789018605787
2234184,1,INITIATED,1789018605759
2234184,2,VALIDATED,1789018605782
2234184,3,PROCESSED,1789018605787
2234185,1,INITIATED,1789018605759
2234185,2,VALIDATED,1789018605782
2234185,3,PROCESSED,1789018605787
2234186,1,INITIATED,1789018605759
2234186,2,VALIDATED,1789018605782
2234186,3,PROCESSED,1789018605787
2234187,1,INITIATED,1789018605759
2234187,2,VALIDATED,1789018605782
2234187,3,PROCESSED,1789018605787
2234188,1,INITIATED,1789018605776
2234188,2,VALIDATED,1789018605783
2234188,3,PROCESSED,1789018605787
2234189,1,INITIATED,1789018605797
2234189,2,VALIDATED,1789018605815
2234189,3,PROCESSED,1789018605819
2234190,1,INITIATED,1789018605816
2234190,2,VALIDATED,1789018605818
2234190,3,PROCESSED,1789018605822
2234191,1,INITIATED,1789018605837
2234191,2,VALIDATED,1789018605841
2234191,3,PROCESSED,1789018605845
2234192,1,INITIATED,1789018605857
2234192,2,VALIDATED,1789018605861
2234192,3,PROCESSED,1789018605866
2234193,1,INITIATED,1789018605877
2234193,2,VALIDATED,1789018605880
2234193,3,PROCESSED,1789018605884
2234194,1,INITIATED,1789018605897
2234194,2,VALIDATED,1789018605900
2234194,3,PROCESSED,1789018605904
2234195,1,INITIATED,1789018605917
2234195,2,VALIDATED,1789018605920
2234195,3,REJECTED,1789018605922
2234196,1,INITIATED,1789018605937
2234196,2,VALIDATED,1789018605940
2234196,3,REJECTED,1789018605943
2234197,1,INITIATED,1789018605957
2234197,2,VALIDATED,1789018605960
2234197,3,REJECTED,1789018605963
2234198,1,INITIATED,1789018605976
2234198,2,VALIDATED,1789018605996
2234198,3,REJECTED,1789018605999
2234199,1,INITIATED,1789018605996
2234199,2,VALIDATED,1789018605999
2234199,3,PROCESSED,1789018606003
2234200,1,INITIATED,1789018606017
2234200,2,VALIDATED,1789018606020
2234200,3,PROCESSED,1789018606024
2234201,1,INITIATED,1789018606036
2234201,2,VALIDATED,1789018606040
2234201,3,PROCESSED,1789018606044
2234202,1,INITIATED,1789018606057
2234202,2,VALIDATED,1789018606061
2234202,3,PROCESSED,1789018606065
2234203,1,INITIATED,1789018606076
2234203,2,VALIDATED,1789018606079
2234203,3,PROCESSED,1789018606083
2234204,1,INITIATED,1789018606097
2234204,2,VALIDATED,1789018606100
2234204,3,PROCESSED,1789018606104
2234205,1,INITIATED,1789018606117
2234205,2,VALIDATED,1789018606120
2234205,3,PROCESSED,1789018606124
2234206,1,INITIATED,1789018606376
2234206,2,VALIDATED,1789018606502
2234206,3,PROCESSED,1789018606914
2234207,1,INITIATED,1789018606377
2234207,2,VALIDATED,1789018606502
2234207,3,PROCESSED,1789018606915
2234208,1,INITIATED,1789018606376
2234208,2,VALIDATED,1789018606501
2234208,3,PROCESSED,1789018606508
2234209,1,INITIATED,1789018606377
2234209,2,VALIDATED,1789018606502
2234209,3,PROCESSED,1789018606916
2234210,1,INITIATED,1789018606377
2234210,2,VALIDATED,1789018606502
2234210,3,PROCESSED,1789018606915
2234211,1,INITIATED,1789018606377
2234211,2,VALIDATED,1789018606501
2234211,3,PROCESSED,1789018606916
2234212,1,INITIATED,1789018606376
2234212,2,VALIDATED,1789018606500
2234212,3,PROCESSED,1789018606508
2234213,1,INITIATED,1789018606377
2234213,2,VALIDATED,1789018606502
2234213,3,PROCESSED,1789018606914
2234214,1,INITIATED,1789018606376
2234214,2,VALIDATED,1789018606501
2234214,3,PROCESSED,1789018606916
2234215,1,INITIATED,1789018606377
2234215,2,VALIDATED,1789018606502
2234215,3,PROCESSED,1789018606915
2234216,1,INITIATED,1789018606377
2234216,2,VALIDATED,1789018606502
2234216,3,PROCESSED,1789018606913
2234217,1,INITIATED,1789018606376
2234217,2,VALIDATED,1789018606500
2234217,3,PROCESSED,1789018606508
2234218,1,INITIATED,1789018606377
2234218,2,VALIDATED,1789018606502
2234218,3,PROCESSED,1789018606914
2234219,1,INITIATED,1789018606500
2234219,2,VALIDATED,1789018606506
2234219,3,PROCESSED,1789018606915
2234220,1,INITIATED,1789018606500
2234220,2,VALIDATED,1789018606506
2234220,3,PROCESSED,1789018606916
2234221,1,INITIATED,1789018606499
2234221,2,VALIDATED,1789018606506
2234221,3,PROCESSED,1789018606915
2234222,1,INITIATED,1789018606500
2234222,2,VALIDATED,1789018606506
2234222,3,PROCESSED,1789018606915
2234223,1,INITIATED,1789018606500
2234223,2,VALIDATED,1789018606506
2234223,3,PROCESSED,1789018606915
2234224,1,INITIATED,1789018606499
2234224,2,VALIDATED,1789018606506
2234224,3,PROCESSED,1789018606915
2234225,1,INITIATED,1789018606520
2234225,2,VALIDATED,1789018607028
2234225,3,PROCESSED,1789018607088
2234226,1,INITIATED,1789018606911
2234226,2,VALIDATED,1789018607030
2234226,3,PROCESSED,1789018607085
2234227,1,INITIATED,1789018606912
2234227,2,VALIDATED,1789018607029
2234227,3,PROCESSED,1789018607086
2234228,1,INITIATED,1789018606912
2234228,2,VALIDATED,1789018607029
2234228,3,PROCESSED,1789018607087
2234229,1,INITIATED,1789018606912
2234229,2,VALIDATED,1789018607029
2234229,3,PROCESSED,1789018607086
2234230,1,INITIATED,1789018606910
2234230,2,VALIDATED,1789018607029
2234230,3,PROCESSED,1789018607087
2234231,1,INITIATED,1789018606910
2234231,2,VALIDATED,1789018607030
2234231,3,PROCESSED,1789018607085
2234232,1,INITIATED,1789018606912
2234232,2,VALIDATED,1789018607030
2234232,3,PROCESSED,1789018607087
2234233,1,INITIATED,1789018606912
2234233,2,VALIDATED,1789018607030
2234233,3,PROCESSED,1789018607087
2234234,1,INITIATED,1789018606907
2234234,2,VALIDATED,1789018607024
2234234,3,PROCESSED,1789018607086
2234235,1,INITIATED,1789018606912
2234235,2,VALIDATED,1789018607030
2234235,3,PROCESSED,1789018607088
2234236,1,INITIATED,1789018606911
2234236,2,VALIDATED,1789018607029
2234236,3,PROCESSED,1789018607088
2234237,1,INITIATED,1789018606913
2234237,2,VALIDATED,1789018607029
2234237,3,PROCESSED,1789018607086
2234238,1,INITIATED,1789018606909
2234238,2,VALIDATED,1789018607030
2234238,3,PROCESSED,1789018607088
2234239,1,INITIATED,1789018606912
2234239,2,VALIDATED,1789018607030
2234239,3,PROCESSED,1789018607085
2234240,1,INITIATED,1789018606910
2234240,2,VALIDATED,1789018607031
2234240,3,PROCESSED,1789018607087
2234241,1,INITIATED,1789018607023
2234241,2,VALIDATED,1789018607080
2234241,3,PROCESSED,1789018607134
2234242,1,INITIATED,1789018607025
2234242,2,VALIDATED,1789018607082
2234242,3,PROCESSED,1789018607134
2234243,1,INITIATED,1789018607025
2234243,2,VALIDATED,1789018607082
2234243,3,PROCESSED,1789018607134
2234244,1,INITIATED,1789018607024
2234244,2,VALIDATED,1789018607083
2234244,3,PROCESSED,1789018607134
2234245,1,INITIATED,1789018607024
2234245,2,VALIDATED,1789018607084
2234245,3,PROCESSED,1789018607429
2234246,1,INITIATED,1789018607025
2234246,2,VALIDATED,1789018607080
2234246,3,PROCESSED,1789018607429
2234247,1,INITIATED,1789018607027
2234247,2,VALIDATED,1789018607081
2234247,3,PROCESSED,1789018607134
2234248,1,INITIATED,1789018607026
2234248,2,VALIDATED,1789018607080
2234248,3,PROCESSED,1789018607134
2234249,1,INITIATED,1789018607026
2234249,2,VALIDATED,1789018607083
2234249,3,PROCESSED,1789018607134
2234250,1,INITIATED,1789018607027
2234250,2,VALIDATED,1789018607080
2234250,3,PROCESSED,1789018607134
2234251,1,INITIATED,1789018607038
2234251,2,VALIDATED,1789018607081
2234251,3,PROCESSED,1789018607429
2234252,1,INITIATED,1789018607058
2234252,2,VALIDATED,1789018607108
2234252,3,PROCESSED,1789018607431
2234253,1,INITIATED,1789018607079
2234253,2,VALIDATED,1789018607131
2234253,3,PROCESSED,1789018607433
2234254,1,INITIATED,1789018607097
2234254,2,VALIDATED,1789018607135
2234254,3,PROCESSED,1789018607435
2234255,1,INITIATED,1789018607117
2234255,2,VALIDATED,1789018607133
2234255,3,PROCESSED,1789018607434
2234256,1,INITIATED,1789018607431
2234256,2,VALIDATED,1789018607557
2234256,3,PROCESSED,1789018607878
2234257,1,INITIATED,1789018607431
2234257,2,VALIDATED,1789018607556
2234257,3,PROCESSED,1789018607878
2234258,1,INITIATED,1789018607431
2234258,2,VALIDATED,1789018607556
2234258,3,PROCESSED,1789018607877
2234259,1,INITIATED,1789018607429
2234259,2,VALIDATED,1789018607554
2234259,3,PROCESSED,1789018607877
2234260,1,INITIATED,1789018607430
2234260,2,VALIDATED,1789018607557
2234260,3,PROCESSED,1789018607879
2234261,1,INITIATED,1789018607430
2234261,2,VALIDATED,1789018607556
2234261,3,PROCESSED,1789018607878
2234262,1,INITIATED,1789018607430
2234262,2,VALIDATED,1789018607555
2234262,3,PROCESSED,1789018607878
2234263,1,INITIATED,1789018607429
2234263,2,VALIDATED,1789018607432
2234263,3,PROCESSED,1789018607558
2234264,1,INITIATED,1789018607429
2234264,2,VALIDATED,1789018607554
2234264,3,PROCESSED,1789018607878
2234265,1,INITIATED,1789018607431
2234265,2,VALIDATED,1789018607556
2234265,3,PROCESSED,1789018607879
2234266,1,INITIATED,1789018607430
2234266,2,VALIDATED,1789018607555
2234266,3,PROCESSED,1789018607877
2234267,1,INITIATED,1789018607430
2234267,2,VALIDATED,1789018607556
2234267,3,PROCESSED,1789018607877
2234268,1,INITIATED,1789018607430
2234268,2,VALIDATED,1789018607556
2234268,3,PROCESSED,1789018607876
2234269,1,INITIATED,1789018607431
2234269,2,VALIDATED,1789018607555
2234269,3,PROCESSED,1789018607878
2234270,1,INITIATED,1789018607429
2234270,2,VALIDATED,1789018607557
2234270,3,PROCESSED,1789018607879
2234271,1,INITIATED,1789018607437
2234271,2,VALIDATED,1789018607556
2234271,3,PROCESSED,1789018607879
2234272,1,INITIATED,1789018607553
2234272,2,VALIDATED,1789018607603
2234272,3,PROCESSED,1789018607878
2234273,1,INITIATED,1789018607553
2234273,2,VALIDATED,1789018607603
2234273,3,PROCESSED,1789018607878
2234274,1,INITIATED,1789018607553
2234274,2,VALIDATED,1789018607603
2234274,3,PROCESSED,1789018607879
2234275,1,INITIATED,1789018607553
2234275,2,VALIDATED,1789018607603
2234275,3,PROCESSED,1789018607878
2234276,1,INITIATED,1789018607553
2234276,2,VALIDATED,1789018607603
2234276,3,PROCESSED,1789018607878
2234277,1,INITIATED,1789018607557
2234277,2,VALIDATED,1789018607873
2234277,3,PROCESSED,1789018607988
2234278,1,INITIATED,1789018607603
2234278,2,VALIDATED,1789018607874
2234278,3,PROCESSED,1789018607992
2234279,1,INITIATED,1789018607603
2234279,2,VALIDATED,1789018607873
2234279,3,PROCESSED,1789018607992
2234280,1,INITIATED,1789018607874
2234280,2,VALIDATED,1789018607986
2234280,3,PROCESSED,1789018607993
2234281,1,INITIATED,1789018607874
2234281,2,VALIDATED,1789018607989
2234281,3,PROCESSED,1789018608024
2234282,1,INITIATED,1789018607875
2234282,2,VALIDATED,1789018607991
2234282,3,PROCESSED,1789018608024
2234283,1,INITIATED,1789018607874
2234283,2,VALIDATED,1789018607990
2234283,3,PROCESSED,1789018608024
2234284,1,INITIATED,1789018607873
2234284,2,VALIDATED,1789018607989
2234284,3,PROCESSED,1789018608025
2234285,1,INITIATED,1789018607874
2234285,2,VALIDATED,1789018607990
2234285,3,PROCESSED,1789018608024
2234286,1,INITIATED,1789018607873
2234286,2,VALIDATED,1789018607990
2234286,3,PROCESSED,1789018608024
2234287,1,INITIATED,1789018607874
2234287,2,VALIDATED,1789018607989
2234287,3,PROCESSED,1789018608023
2234288,1,INITIATED,1789018607872
2234288,2,VALIDATED,1789018607989
2234288,3,PROCESSED,1789018608026
2234289,1,INITIATED,1789018607985
2234289,2,VALIDATED,1789018607991
2234289,3,REJECTED,1789018608022
2234290,1,INITIATED,1789018607985
2234290,2,VALIDATED,1789018607992
2234290,3,PROCESSED,1789018608024
2234291,1,INITIATED,1789018607985
2234291,2,VALIDATED,1789018607990
2234291,3,REJECTED,1789018608021
2234292,1,INITIATED,1789018607985
2234292,2,VALIDATED,1789018607991
2234292,3,PROCESSED,1789018608025
2234293,1,INITIATED,1789018607985
2234293,2,VALIDATED,1789018607991
2234293,3,PROCESSED,1789018608025
2234294,1,INITIATED,1789018607986
2234294,2,VALIDATED,1789018607990
2234294,3,PROCESSED,1789018608026
2234295,1,INITIATED,1789018607985
2234295,2,VALIDATED,1789018607991
2234295,3,PROCESSED,1789018608023
2234296,1,INITIATED,1789018607986
2234296,2,VALIDATED,1789018607991
2234296,3,REJECTED,1789018608021
2234297,1,INITIATED,1789018607985
2234297,2,VALIDATED,1789018607991
2234297,3,REJECTED,1789018608022
2234298,1,INITIATED,1789018607986
2234298,2,VALIDATED,1789018607991
2234298,3,PROCESSED,1789018608023
2234299,1,INITIATED,1789018607996
2234299,2,VALIDATED,1789018608022
2234299,3,PROCESSED,1789018608028
2234300,1,INITIATED,1789018608017
2234300,2,VALIDATED,1789018608022
2234300,3,PROCESSED,1789018608028
2234301,1,INITIATED,1789018608036
2234301,2,VALIDATED,1789018608040
2234301,3,PROCESSED,1789018608045
2234302,1,INITIATED,1789018608057
2234302,2,VALIDATED,1789018608061
2234302,3,PROCESSED,1789018608066
2234303,1,INITIATED,1789018608077
2234303,2,VALIDATED,1789018608080
2234303,3,PROCESSED,1789018608085
2234304,1,INITIATED,1789018608097
2234304,2,VALIDATED,1789018608101
2234304,3,PROCESSED,1789018608106
2234305,1,INITIATED,1789018608117
2234305,2,VALIDATED,1789018608121
2234305,3,PROCESSED,1789018608126
2234306,1,INITIATED,1789018608376
2234306,2,VALIDATED,1789018608380
2234306,3,PROCESSED,1789018608481
2234307,1,INITIATED,1789018608377
2234307,2,VALIDATED,1789018608478
2234307,3,PROCESSED,1789018608754
2234308,1,INITIATED,1789018608377
2234308,2,VALIDATED,1789018608478
2234308,3,PROCESSED,1789018608754
2234309,1,INITIATED,1789018608376
2234309,2,VALIDATED,1789018608380
2234309,3,PROCESSED,1789018608481
2234310,1,INITIATED,1789018608377
2234310,2,VALIDATED,1789018608477
2234310,3,PROCESSED,1789018608755
2234311,1,INITIATED,1789018608377
2234311,2,VALIDATED,1789018608477
2234311,3,PROCESSED,1789018608755
2234312,1,INITIATED,1789018608376
2234312,2,VALIDATED,1789018608380
2234312,3,PROCESSED,1789018608491
2234313,1,INITIATED,1789018608377
2234313,2,VALIDATED,1789018608479
2234313,3,PROCESSED,1789018608754
2234314,1,INITIATED,1789018608376
2234314,2,VALIDATED,1789018608380
2234314,3,PROCESSED,1789018608480
2234315,1,INITIATED,1789018608377
2234315,2,VALIDATED,1789018608479
2234315,3,PROCESSED,1789018608755
2234316,1,INITIATED,1789018608376
2234316,2,VALIDATED,1789018608380
2234316,3,PROCESSED,1789018608480
2234317,1,INITIATED,1789018608377
2234317,2,VALIDATED,1789018608479
2234317,3,PROCESSED,1789018608754
2234318,1,INITIATED,1789018608377
2234318,2,VALIDATED,1789018608479
2234318,3,PROCESSED,1789018608755
2234319,1,INITIATED,1789018608476
2234319,2,VALIDATED,1789018608751
2234319,3,PROCESSED,1789018608867
2234320,1,INITIATED,1789018608476
2234320,2,VALIDATED,1789018608752
2234320,3,PROCESSED,1789018608868
2234321,1,INITIATED,1789018608476
2234321,2,VALIDATED,1789018608751
2234321,3,PROCESSED,1789018608867
2234322,1,INITIATED,1789018608476
2234322,2,VALIDATED,1789018608752
2234322,3,PROCESSED,1789018608868
2234323,1,INITIATED,1789018608477
2234323,2,VALIDATED,1789018608753
2234323,3,PROCESSED,1789018608868
2234324,1,INITIATED,1789018608521
2234324,2,VALIDATED,1789018608753
2234324,3,PROCESSED,1789018608867
2234325,1,INITIATED,1789018608521
2234325,2,VALIDATED,1789018608752
2234325,3,PROCESSED,1789018608867
2234326,1,INITIATED,1789018608753
2234326,2,VALIDATED,1789018608866
2234326,3,PROCESSED,1789018608900
2234327,1,INITIATED,1789018608752
2234327,2,VALIDATED,1789018608866
2234327,3,PROCESSED,1789018608901
2234328,1,INITIATED,1789018608753
2234328,2,VALIDATED,1789018608865
2234328,3,PROCESSED,1789018608901
2234329,1,INITIATED,1789018608753
2234329,2,VALIDATED,1789018608865
2234329,3,PROCESSED,1789018608900
2234330,1,INITIATED,1789018608753
2234330,2,VALIDATED,1789018608865
2234330,3,PROCESSED,1789018608899
2234331,1,INITIATED,1789018608751
2234331,2,VALIDATED,1789018608865
2234331,3,PROCESSED,1789018608901
2234332,1,INITIATED,1789018608754
2234332,2,VALIDATED,1789018608864
2234332,3,PROCESSED,1789018608884
2234333,1,INITIATED,1789018608752
2234333,2,VALIDATED,1789018608864
2234333,3,PROCESSED,1789018608884
2234334,1,INITIATED,1789018608752
2234334,2,VALIDATED,1789018608864
2234334,3,PROCESSED,1789018608884
2234335,1,INITIATED,1789018608753
2234335,2,VALIDATED,1789018608864
2234335,3,PROCESSED,1789018608884
2234336,1,INITIATED,1789018608753
2234336,2,VALIDATED,1789018608865
2234336,3,PROCESSED,1789018608884
2234337,1,INITIATED,1789018608757
2234337,2,VALIDATED,1789018608864
2234337,3,PROCESSED,1789018608884
2234338,1,INITIATED,1789018608862
2234338,2,VALIDATED,1789018608868
2234338,3,PROCESSED,1789018608901
2234339,1,INITIATED,1789018608862
2234339,2,VALIDATED,1789018608883
2234339,3,PROCESSED,1789018608900
2234340,1,INITIATED,1789018608862
2234340,2,VALIDATED,1789018608868
2234340,3,PROCESSED,1789018608900
2234341,1,INITIATED,1789018608862
2234341,2,VALIDATED,1789018608868
2234341,3,PROCESSED,1789018608900
2234342,1,INITIATED,1789018608862
2234342,2,VALIDATED,1789018608868
2234342,3,PROCESSED,1789018608900
2234343,1,INITIATED,1789018608876
2234343,2,VALIDATED,1789018608898
2234343,3,PROCESSED,1789018608904
2234344,1,INITIATED,1789018608896
2234344,2,VALIDATED,1789018608901
2234344,3,PROCESSED,1789018608906
2234345,1,INITIATED,1789018608917
2234345,2,VALIDATED,1789018608921
2234345,3,PROCESSED,1789018608925
2234346,1,INITIATED,1789018608937
2234346,2,VALIDATED,1789018608941
2234346,3,PROCESSED,1789018608945
2234347,1,INITIATED,1789018608956
2234347,2,VALIDATED,1789018608960
2234347,3,PROCESSED,1789018608964
2234348,1,INITIATED,1789018608977
2234348,2,VALIDATED,1789018608981
2234348,3,PROCESSED,1789018608985
2234349,1,INITIATED,1789018608997
2234349,2,VALIDATED,1789018609001
2234349,3,PROCESSED,1789018609006
2234350,1,INITIATED,1789018609017
2234350,2,VALIDATED,1789018609028
2234350,3,PROCESSED,1789018609033
2234351,1,INITIATED,1789018609036
2234351,2,VALIDATED,1789018609039
2234351,3,PROCESSED,1789018609044
2234352,1,INITIATED,1789018609056
2234352,2,VALIDATED,1789018609061
2234352,3,PROCESSED,1789018609066
2234353,1,INITIATED,1789018609076
2234353,2,VALIDATED,1789018609080
2234353,3,PROCESSED,1789018609085
2234354,1,INITIATED,1789018609096
2234354,2,VALIDATED,1789018609100
2234354,3,PROCESSED,1789018609104
2234355,1,INITIATED,1789018609117
2234355,2,VALIDATED,1789018609121
2234355,3,PROCESSED,1789018609382
2234356,1,INITIATED,1789018609379
2234356,2,VALIDATED,1789018609506
2234356,3,PROCESSED,1789018609795
2234357,1,INITIATED,1789018609381
2234357,2,VALIDATED,1789018609507
2234357,3,PROCESSED,1789018609793
2234358,1,INITIATED,1789018609378
2234358,2,VALIDATED,1789018609383
2234358,3,PROCESSED,1789018609510
2234359,1,INITIATED,1789018609380
2234359,2,VALIDATED,1789018609509
2234359,3,PROCESSED,1789018609795
2234360,1,INITIATED,1789018609380
2234360,2,VALIDATED,1789018609508
2234360,3,PROCESSED,1789018609791
2234361,1,INITIATED,1789018609381
2234361,2,VALIDATED,1789018609507
2234361,3,PROCESSED,1789018609791
2234362,1,INITIATED,1789018609380
2234362,2,VALIDATED,1789018609505
2234362,3,PROCESSED,1789018609792
2234363,1,INITIATED,1789018609379
2234363,2,VALIDATED,1789018609504
2234363,3,PROCESSED,1789018609794
2234364,1,INITIATED,1789018609379
2234364,2,VALIDATED,1789018609506
2234364,3,PROCESSED,1789018609793
2234365,1,INITIATED,1789018609378
2234365,2,VALIDATED,1789018609384
2234365,3,PROCESSED,1789018609510
2234366,1,INITIATED,1789018609381
2234366,2,VALIDATED,1789018609509
2234366,3,PROCESSED,1789018609795
2234367,1,INITIATED,1789018609378
2234367,2,VALIDATED,1789018609383
2234367,3,PROCESSED,1789018609510
2234368,1,INITIATED,1789018609380
2234368,2,VALIDATED,1789018609504
2234368,3,PROCESSED,1789018609794
2234369,1,INITIATED,1789018609504
2234369,2,VALIDATED,1789018609789
2234369,3,PROCESSED,1789018609907
2234370,1,INITIATED,1789018609508
2234370,2,VALIDATED,1789018609789
2234370,3,PROCESSED,1789018609906
2234371,1,INITIATED,1789018609508
2234371,2,VALIDATED,1789018609789
2234371,3,PROCESSED,1789018609908
2234372,1,INITIATED,1789018609508
2234372,2,VALIDATED,1789018609790
2234372,3,PROCESSED,1789018609907
2234373,1,INITIATED,1789018609506
2234373,2,VALIDATED,1789018609789
2234373,3,PROCESSED,1789018609907
2234374,1,INITIATED,1789018609507
2234374,2,VALIDATED,1789018609790
2234374,3,PROCESSED,1789018609907
2234375,1,INITIATED,1789018609519
2234375,2,VALIDATED,1789018609787
2234375,3,PROCESSED,1789018609907
2234376,1,INITIATED,1789018609793
2234376,2,VALIDATED,1789018609906
2234376,3,PROCESSED,1789018609925
2234377,1,INITIATED,1789018609795
2234377,2,VALIDATED,1789018609903
2234377,3,PROCESSED,1789018609927
2234378,1,INITIATED,1789018609795
2234378,2,VALIDATED,1789018609906
2234378,3,PROCESSED,1789018609924
2234379,1,INITIATED,1789018609788
2234379,2,VALIDATED,1789018609904
2234379,3,PROCESSED,1789018609926
2234380,1,INITIATED,1789018609790
2234380,2,VALIDATED,1789018609905
2234380,3,PROCESSED,1789018609927
2234381,1,INITIATED,1789018609794
2234381,2,VALIDATED,1789018609902
2234381,3,PROCESSED,1789018609926
2234382,1,INITIATED,1789018609790
2234382,2,VALIDATED,1789018609906
2234382,3,PROCESSED,1789018609926
2234383,1,INITIATED,1789018609794
2234383,2,VALIDATED,1789018609904
2234383,3,PROCESSED,1789018609925
2234384,1,INITIATED,1789018609792
2234384,2,VALIDATED,1789018609901
2234384,3,PROCESSED,1789018609925
2234385,1,INITIATED,1789018609794
2234385,2,VALIDATED,1789018609900
2234385,3,PROCESSED,1789018609926
2234386,1,INITIATED,1789018609795
2234386,2,VALIDATED,1789018609901
2234386,3,PROCESSED,1789018609924
2234387,1,INITIATED,1789018609789
2234387,2,VALIDATED,1789018609904
2234387,3,PROCESSED,1789018609927
2234388,1,INITIATED,1789018609789
2234388,2,VALIDATED,1789018609905
2234388,3,PROCESSED,1789018609926
2234389,1,INITIATED,1789018609796
2234389,2,VALIDATED,1789018609901
2234389,3,PROCESSED,1789018609926
2234390,1,INITIATED,1789018609898
2234390,2,VALIDATED,1789018609906
2234390,3,PROCESSED,1789018609924
2234391,1,INITIATED,1789018609899
2234391,2,VALIDATED,1789018609921
2234391,3,PROCESSED,1789018609928
2234392,1,INITIATED,1789018609900
2234392,2,VALIDATED,1789018609923
2234392,3,PROCESSED,1789018609929
2234393,1,INITIATED,1789018609900
2234393,2,VALIDATED,1789018609918
2234393,3,PROCESSED,1789018609927
2234394,1,INITIATED,1789018609901
2234394,2,VALIDATED,1789018609918
2234394,3,PROCESSED,1789018609927
2234395,1,INITIATED,1789018609916
2234395,2,VALIDATED,1789018609924
2234395,3,REJECTED,1789018609942
2234396,1,INITIATED,1789018609937
2234396,2,VALIDATED,1789018609942
2234396,3,REJECTED,1789018609944
2234397,1,INITIATED,1789018609956
2234397,2,VALIDATED,1789018609960
2234397,3,REJECTED,1789018609963
2234398,1,INITIATED,1789018609976
2234398,2,VALIDATED,1789018609980
2234398,3,REJECTED,1789018609983
2234399,1,INITIATED,1789018609997
2234399,2,VALIDATED,1789018610000
2234399,3,PROCESSED,1789018610005
2234400,1,INITIATED,1789018610016
2234400,2,VALIDATED,1789018610020
2234400,3,PROCESSED,1789018610024
2234401,1,INITIATED,1789018610037
2234401,2,VALIDATED,1789018610041
2234401,3,PROCESSED,1789018610045
2234402,1,INITIATED,1789018610056
2234402,2,VALIDATED,1789018610060
2234402,3,PROCESSED,1789018610065
2234403,1,INITIATED,1789018610077
2234403,2,VALIDATED,1789018610080
2234403,3,PROCESSED,1789018610084
2234404,1,INITIATED,1789018610097
2234404,2,VALIDATED,1789018610101
2234404,3,PROCESSED,1789018610105
2234405,1,INITIATED,1789018610116
2234405,2,VALIDATED,1789018610401
2234405,3,PROCESSED,1789018610535
2234406,1,INITIATED,1789018610399
2234406,2,VALIDATED,1789018610406
2234406,3,PROCESSED,1789018610535
2234407,1,INITIATED,1789018610399
2234407,2,VALIDATED,1789018610404
2234407,3,PROCESSED,1789018610535
2234408,1,INITIATED,1789018610400
2234408,2,VALIDATED,1789018610405
2234408,3,PROCESSED,1789018610536
2234409,1,INITIATED,1789018610401
2234409,2,VALIDATED,1789018610405
2234409,3,PROCESSED,1789018610535
2234410,1,INITIATED,1789018610400
2234410,2,VALIDATED,1789018610531
2234410,3,PROCESSED,1789018610852
2234411,1,INITIATED,1789018610401
2234411,2,VALIDATED,1789018610531
2234411,3,PROCESSED,1789018610851
2234412,1,INITIATED,1789018610400
2234412,2,VALIDATED,1789018610532
2234412,3,PROCESSED,1789018610854
2234413,1,INITIATED,1789018610401
2234413,2,VALIDATED,1789018610532
2234413,3,PROCESSED,1789018610854
2234414,1,INITIATED,1789018610401
2234414,2,VALIDATED,1789018610533
2234414,3,PROCESSED,1789018610854
2234415,1,INITIATED,1789018610402
2234415,2,VALIDATED,1789018610534
2234415,3,PROCESSED,1789018610854
2234416,1,INITIATED,1789018610401
2234416,2,VALIDATED,1789018610533
2234416,3,PROCESSED,1789018610851
2234417,1,INITIATED,1789018610402
2234417,2,VALIDATED,1789018610532
2234417,3,PROCESSED,1789018610854
2234418,1,INITIATED,1789018610402
2234418,2,VALIDATED,1789018610533
2234418,3,PROCESSED,1789018610852
2234419,1,INITIATED,1789018610402
2234419,2,VALIDATED,1789018610532
2234419,3,PROCESSED,1789018610854
2234420,1,INITIATED,1789018610495
2234420,2,VALIDATED,1789018610534
2234420,3,PROCESSED,1789018610853
2234421,1,INITIATED,1789018610495
2234421,2,VALIDATED,1789018610534
2234421,3,PROCESSED,1789018610853
2234422,1,INITIATED,1789018610495
2234422,2,VALIDATED,1789018610534
2234422,3,PROCESSED,1789018610851
2234423,1,INITIATED,1789018610495
2234423,2,VALIDATED,1789018610535
2234423,3,PROCESSED,1789018610853
2234424,1,INITIATED,1789018610531
2234424,2,VALIDATED,1789018610848
2234424,3,PROCESSED,1789018610986
2234425,1,INITIATED,1789018610531
2234425,2,VALIDATED,1789018610847
2234425,3,PROCESSED,1789018610986
2234426,1,INITIATED,1789018610536
2234426,2,VALIDATED,1789018610848
2234426,3,PROCESSED,1789018610986
2234427,1,INITIATED,1789018610850
2234427,2,VALIDATED,1789018610984
2234427,3,PROCESSED,1789018611007
2234428,1,INITIATED,1789018610844
2234428,2,VALIDATED,1789018610851
2234428,3,PROCESSED,1789018610986
2234429,1,INITIATED,1789018610850
2234429,2,VALIDATED,1789018610984
2234429,3,PROCESSED,1789018611008
2234430,1,INITIATED,1789018610846
2234430,2,VALIDATED,1789018610982
2234430,3,PROCESSED,1789018611006
2234431,1,INITIATED,1789018610849
2234431,2,VALIDATED,1789018610984
2234431,3,PROCESSED,1789018611008
2234432,1,INITIATED,1789018610847
2234432,2,VALIDATED,1789018610985
2234432,3,PROCESSED,1789018611007
2234433,1,INITIATED,1789018610846
2234433,2,VALIDATED,1789018610982
2234433,3,PROCESSED,1789018611007
2234434,1,INITIATED,1789018610845
2234434,2,VALIDATED,1789018610853
2234434,3,PROCESSED,1789018610986
2234435,1,INITIATED,1789018610848
2234435,2,VALIDATED,1789018610983
2234435,3,PROCESSED,1789018611008
2234436,1,INITIATED,1789018610849
2234436,2,VALIDATED,1789018610985
2234436,3,PROCESSED,1789018611007
2234437,1,INITIATED,1789018610850
2234437,2,VALIDATED,1789018610982
2234437,3,PROCESSED,1789018611009
2234438,1,INITIATED,1789018610845
2234438,2,VALIDATED,1789018610852
2234438,3,PROCESSED,1789018610985
2234439,1,INITIATED,1789018610848
2234439,2,VALIDATED,1789018610983
2234439,3,PROCESSED,1789018611008
2234440,1,INITIATED,1789018610848
2234440,2,VALIDATED,1789018610984
2234440,3,PROCESSED,1789018611008
2234441,1,INITIATED,1789018610847
2234441,2,VALIDATED,1789018610983
2234441,3,PROCESSED,1789018611008
2234442,1,INITIATED,1789018610979
2234442,2,VALIDATED,1789018610986
2234442,3,PROCESSED,1789018611008
2234443,1,INITIATED,1789018610981
2234443,2,VALIDATED,1789018611005
2234443,3,PROCESSED,1789018611012
2234444,1,INITIATED,1789018610984
2234444,2,VALIDATED,1789018611004
2234444,3,PROCESSED,1789018611011
2234445,1,INITIATED,1789018610982
2234445,2,VALIDATED,1789018611004
2234445,3,PROCESSED,1789018611011
2234446,1,INITIATED,1789018610981
2234446,2,VALIDATED,1789018611003
2234446,3,PROCESSED,1789018611011
2234447,1,INITIATED,1789018610984
2234447,2,VALIDATED,1789018611004
2234447,3,PROCESSED,1789018611011
2234448,1,INITIATED,1789018610982
2234448,2,VALIDATED,1789018611005
2234448,3,PROCESSED,1789018611012
2234449,1,INITIATED,1789018610996
2234449,2,VALIDATED,1789018611003
2234449,3,PROCESSED,1789018611011
2234450,1,INITIATED,1789018611016
2234450,2,VALIDATED,1789018611019
2234450,3,PROCESSED,1789018611022
2234451,1,INITIATED,1789018611036
2234451,2,VALIDATED,1789018611040
2234451,3,PROCESSED,1789018611044
2234452,1,INITIATED,1789018611056
2234452,2,VALIDATED,1789018611063
2234452,3,PROCESSED,1789018611067
2234453,1,INITIATED,1789018611076
2234453,2,VALIDATED,1789018611079
2234453,3,PROCESSED,1789018611083
2234454,1,INITIATED,1789018611097
2234454,2,VALIDATED,1789018611100
2234454,3,PROCESSED,1789018611104
2234455,1,INITIATED,1789018611117
2234455,2,VALIDATED,1789018611331
2234455,3,PROCESSED,1789018611391
2234456,1,INITIATED,1789018611329
2234456,2,VALIDATED,1789018611335
2234456,3,PROCESSED,1789018611393
2234457,1,INITIATED,1789018611329
2234457,2,VALIDATED,1789018611334
2234457,3,PROCESSED,1789018611393
2234458,1,INITIATED,1789018611330
2234458,2,VALIDATED,1789018611341
2234458,3,PROCESSED,1789018611557
2234459,1,INITIATED,1789018611330
2234459,2,VALIDATED,1789018611341
2234459,3,PROCESSED,1789018611556
2234460,1,INITIATED,1789018611330
2234460,2,VALIDATED,1789018611341
2234460,3,PROCESSED,1789018611556
2234461,1,INITIATED,1789018611330
2234461,2,VALIDATED,1789018611335
2234461,3,PROCESSED,1789018611393
2234462,1,INITIATED,1789018611329
2234462,2,VALIDATED,1789018611334
2234462,3,PROCESSED,1789018611393
2234463,1,INITIATED,1789018611330
2234463,2,VALIDATED,1789018611341
2234463,3,PROCESSED,1789018611556
2234464,1,INITIATED,1789018611329
2234464,2,VALIDATED,1789018611334
2234464,3,PROCESSED,1789018611393
2234465,1,INITIATED,1789018611330
2234465,2,VALIDATED,1789018611341
2234465,3,PROCESSED,1789018611557
2234466,1,INITIATED,1789018611336
2234466,2,VALIDATED,1789018611391
2234466,3,PROCESSED,1789018611556
2234467,1,INITIATED,1789018611388
2234467,2,VALIDATED,1789018611555
2234467,3,PROCESSED,1789018611569
2234468,1,INITIATED,1789018611388
2234468,2,VALIDATED,1789018611555
2234468,3,PROCESSED,1789018611565
2234469,1,INITIATED,1789018611397
2234469,2,VALIDATED,1789018611554
2234469,3,PROCESSED,1789018611565
2234470,1,INITIATED,1789018611554
2234470,2,VALIDATED,1789018611564
2234470,3,PROCESSED,1789018611604
2234471,1,INITIATED,1789018611555
2234471,2,VALIDATED,1789018611563
2234471,3,PROCESSED,1789018611605
2234472,1,INITIATED,1789018611554
2234472,2,VALIDATED,1789018611563
2234472,3,PROCESSED,1789018611604
2234473,1,INITIATED,1789018611555
2234473,2,VALIDATED,1789018611570
2234473,3,PROCESSED,1789018611610
2234474,1,INITIATED,1789018611553
2234474,2,VALIDATED,1789018611564
2234474,3,PROCESSED,1789018611605
2234475,1,INITIATED,1789018611555
2234475,2,VALIDATED,1789018611563
2234475,3,PROCESSED,1789018611605
2234476,1,INITIATED,1789018611553
2234476,2,VALIDATED,1789018611563
2234476,3,PROCESSED,1789018611605
2234477,1,INITIATED,1789018611556
2234477,2,VALIDATED,1789018611570
2234477,3,PROCESSED,1789018611610
2234478,1,INITIATED,1789018611577
2234478,2,VALIDATED,1789018611609
2234478,3,PROCESSED,1789018611614
2234479,1,INITIATED,1789018611596
2234479,2,VALIDATED,1789018611608
2234479,3,PROCESSED,1789018611613
2234480,1,INITIATED,1789018611616
2234480,2,VALIDATED,1789018611622
2234480,3,PROCESSED,1789018611625
2234481,1,INITIATED,1789018611636
2234481,2,VALIDATED,1789018611640
2234481,3,PROCESSED,1789018611643
2234482,1,INITIATED,1789018611656
2234482,2,VALIDATED,1789018611660
2234482,3,PROCESSED,1789018611664
2234483,1,INITIATED,1789018611677
2234483,2,VALIDATED,1789018611680
2234483,3,PROCESSED,1789018611683
2234484,1,INITIATED,1789018611696
2234484,2,VALIDATED,1789018611700
2234484,3,PROCESSED,1789018611706
2234485,1,INITIATED,1789018611717
2234485,2,VALIDATED,1789018611720
2234485,3,PROCESSED,1789018611724
2234486,1,INITIATED,1789018611736
2234486,2,VALIDATED,1789018611739
2234486,3,PROCESSED,1789018611743
2234487,1,INITIATED,1789018611756
2234487,2,VALIDATED,1789018611760
2234487,3,PROCESSED,1789018611765
2234488,1,INITIATED,1789018611776
2234488,2,VALIDATED,1789018611779
2234488,3,PROCESSED,1789018611782
2234489,1,INITIATED,1789018611796
2234489,2,VALIDATED,1789018611799
2234489,3,PROCESSED,1789018611802
2234490,1,INITIATED,1789018611816
2234490,2,VALIDATED,1789018611819
2234490,3,PROCESSED,1789018611822
2234491,1,INITIATED,1789018611836
2234491,2,VALIDATED,1789018611840
2234491,3,PROCESSED,1789018611843
2234492,1,INITIATED,1789018611856
2234492,2,VALIDATED,1789018611860
2234492,3,PROCESSED,1789018611863
2234493,1,INITIATED,1789018611877
2234493,2,VALIDATED,1789018611880
2234493,3,PROCESSED,1789018611884
2234494,1,INITIATED,1789018611896
2234494,2,VALIDATED,1789018611899
2234494,3,PROCESSED,1789018611902
2234495,1,INITIATED,1789018611916
2234495,2,VALIDATED,1789018611920
2234495,3,REJECTED,1789018611923
2234496,1,INITIATED,1789018611936
2234496,2,VALIDATED,1789018611939
2234496,3,REJECTED,1789018611941
2234497,1,INITIATED,1789018611956
2234497,2,VALIDATED,1789018611959
2234497,3,REJECTED,1789018611961
2234498,1,INITIATED,1789018611976
2234498,2,VALIDATED,1789018611980
2234498,3,REJECTED,1789018611982
2234499,1,INITIATED,1789018611996
2234499,2,VALIDATED,1789018612000
2234499,3,PROCESSED,1789018612003
2234500,1,INITIATED,1789018612017
2234500,2,VALIDATED,1789018612020
2234500,3,PROCESSED,1789018612023
2234501,1,INITIATED,1789018612036
2234501,2,VALIDATED,1789018612039
2234501,3,PROCESSED,1789018612043
2234502,1,INITIATED,1789018612056
2234502,2,VALIDATED,1789018612060
2234502,3,PROCESSED,1789018612064
2234503,1,INITIATED,1789018612076
2234503,2,VALIDATED,1789018612079
2234503,3,PROCESSED,1789018612083
2234504,1,INITIATED,1789018612097
2234504,2,VALIDATED,1789018612100
2234504,3,PROCESSED,1789018612103
2234505,1,INITIATED,1789018612116
2234505,2,VALIDATED,1789018612286
2234505,3,PROCESSED,1789018612300
2234506,1,INITIATED,1789018612286
2234506,2,VALIDATED,1789018612299
2234506,3,PROCESSED,1789018612551
2234507,1,INITIATED,1789018612286
2234507,2,VALIDATED,1789018612298
2234507,3,PROCESSED,1789018612551
2234508,1,INITIATED,1789018612286
2234508,2,VALIDATED,1789018612298
2234508,3,PROCESSED,1789018612552
2234509,1,INITIATED,1789018612286
2234509,2,VALIDATED,1789018612299
2234509,3,PROCESSED,1789018612551
2234510,1,INITIATED,1789018612286
2234510,2,VALIDATED,1789018612298
2234510,3,PROCESSED,1789018612550
2234511,1,INITIATED,1789018612286
2234511,2,VALIDATED,1789018612298
2234511,3,PROCESSED,1789018612550
2234512,1,INITIATED,1789018612286
2234512,2,VALIDATED,1789018612298
2234512,3,PROCESSED,1789018612551
2234513,1,INITIATED,1789018612287
2234513,2,VALIDATED,1789018612298
2234513,3,PROCESSED,1789018612550
2234514,1,INITIATED,1789018612299
2234514,2,VALIDATED,1789018612548
2234514,3,PROCESSED,1789018612559
2234515,1,INITIATED,1789018612342
2234515,2,VALIDATED,1789018612549
2234515,3,PROCESSED,1789018612631
2234516,1,INITIATED,1789018612342
2234516,2,VALIDATED,1789018612548
2234516,3,PROCESSED,1789018612559
2234517,1,INITIATED,1789018612548
2234517,2,VALIDATED,1789018612558
2234517,3,PROCESSED,1789018612641
2234518,1,INITIATED,1789018612550
2234518,2,VALIDATED,1789018612630
2234518,3,PROCESSED,1789018612643
2234519,1,INITIATED,1789018612548
2234519,2,VALIDATED,1789018612558
2234519,3,PROCESSED,1789018612641
2234520,1,INITIATED,1789018612547
2234520,2,VALIDATED,1789018612557
2234520,3,PROCESSED,1789018612641
2234521,1,INITIATED,1789018612548
2234521,2,VALIDATED,1789018612558
2234521,3,PROCESSED,1789018612641
2234522,1,INITIATED,1789018612549
2234522,2,VALIDATED,1789018612631
2234522,3,PROCESSED,1789018612643
2234523,1,INITIATED,1789018612550
2234523,2,VALIDATED,1789018612630
2234523,3,PROCESSED,1789018612642
2234524,1,INITIATED,1789018612549
2234524,2,VALIDATED,1789018612558
2234524,3,PROCESSED,1789018612641
2234525,1,INITIATED,1789018612550
2234525,2,VALIDATED,1789018612630
2234525,3,PROCESSED,1789018612643
2234526,1,INITIATED,1789018612547
2234526,2,VALIDATED,1789018612558
2234526,3,PROCESSED,1789018612640
2234527,1,INITIATED,1789018612557
2234527,2,VALIDATED,1789018612639
2234527,3,PROCESSED,1789018612645
2234528,1,INITIATED,1789018612628
2234528,2,VALIDATED,1789018612641
2234528,3,PROCESSED,1789018612647
2234529,1,INITIATED,1789018612628
2234529,2,VALIDATED,1789018612640
2234529,3,PROCESSED,1789018612645
2234530,1,INITIATED,1789018612629
2234530,2,VALIDATED,1789018612640
2234530,3,PROCESSED,1789018612645
2234531,1,INITIATED,1789018612637
2234531,2,VALIDATED,1789018612642
2234531,3,PROCESSED,1789018612648
2234532,1,INITIATED,1789018612656
2234532,2,VALIDATED,1789018612659
2234532,3,PROCESSED,1789018612664
2234533,1,INITIATED,1789018612676
2234533,2,VALIDATED,1789018612680
2234533,3,PROCESSED,1789018612684
2234534,1,INITIATED,1789018612696
2234534,2,VALIDATED,1789018612700
2234534,3,PROCESSED,1789018612703
2234535,1,INITIATED,1789018612716
2234535,2,VALIDATED,1789018612719
2234535,3,PROCESSED,1789018612726
2234536,1,INITIATED,1789018612736
2234536,2,VALIDATED,1789018612739
2234536,3,PROCESSED,1789018612742
2234537,1,INITIATED,1789018612756
2234537,2,VALIDATED,1789018612760
2234537,3,PROCESSED,1789018612764
2234538,1,INITIATED,1789018612777
2234538,2,VALIDATED,1789018612779
2234538,3,PROCESSED,1789018612782
2234539,1,INITIATED,1789018612796
2234539,2,VALIDATED,1789018612801
2234539,3,PROCESSED,1789018612804
2234540,1,INITIATED,1789018612816
2234540,2,VALIDATED,1789018612819
2234540,3,PROCESSED,1789018612822
2234541,1,INITIATED,1789018612836
2234541,2,VALIDATED,1789018612842
2234541,3,PROCESSED,1789018612847
2234542,1,INITIATED,1789018612856
2234542,2,VALIDATED,1789018612859
2234542,3,PROCESSED,1789018612863
2234543,1,INITIATED,1789018612876
2234543,2,VALIDATED,1789018612880
2234543,3,PROCESSED,1789018612885
2234544,1,INITIATED,1789018612896
2234544,2,VALIDATED,1789018612899
2234544,3,PROCESSED,1789018612902
2234545,1,INITIATED,1789018612916
2234545,2,VALIDATED,1789018612919
2234545,3,PROCESSED,1789018612923
2234546,1,INITIATED,1789018612937
2234546,2,VALIDATED,1789018612940
2234546,3,PROCESSED,1789018612944
2234547,1,INITIATED,1789018612956
2234547,2,VALIDATED,1789018612960
2234547,3,PROCESSED,1789018612964
2234548,1,INITIATED,1789018612976
2234548,2,VALIDATED,1789018612979
2234548,3,PROCESSED,1789018612983
2234549,1,INITIATED,1789018612997
2234549,2,VALIDATED,1789018613002
2234549,3,PROCESSED,1789018613006
2234550,1,INITIATED,1789018613016
2234550,2,VALIDATED,1789018613019
2234550,3,PROCESSED,1789018613023
2234551,1,INITIATED,1789018613037
2234551,2,VALIDATED,1789018613040
2234551,3,PROCESSED,1789018613043
2234552,1,INITIATED,1789018613056
2234552,2,VALIDATED,1789018613059
2234552,3,PROCESSED,1789018613062
2234553,1,INITIATED,1789018613077
2234553,2,VALIDATED,1789018613082
2234553,3,PROCESSED,1789018613086
2234554,1,INITIATED,1789018613097
2234554,2,VALIDATED,1789018613100
2234554,3,PROCESSED,1789018613103
2234555,1,INITIATED,1789018613219
2234555,2,VALIDATED,1789018613226
2234555,3,PROCESSED,1789018613286
2234556,1,INITIATED,1789018613219
2234556,2,VALIDATED,1789018613226
2234556,3,PROCESSED,1789018613286
2234557,1,INITIATED,1789018613220
2234557,2,VALIDATED,1789018613236
2234557,3,PROCESSED,1789018613465
2234558,1,INITIATED,1789018613219
2234558,2,VALIDATED,1789018613226
2234558,3,PROCESSED,1789018613286
2234559,1,INITIATED,1789018613220
2234559,2,VALIDATED,1789018613236
2234559,3,PROCESSED,1789018613464
2234560,1,INITIATED,1789018613219
2234560,2,VALIDATED,1789018613226
2234560,3,PROCESSED,1789018613286
2234561,1,INITIATED,1789018613237
2234561,2,VALIDATED,1789018613294
2234561,3,PROCESSED,1789018613468
2234562,1,INITIATED,1789018613283
2234562,2,VALIDATED,1789018613466
2234562,3,PROCESSED,1789018613518
2234563,1,INITIATED,1789018613283
2234563,2,VALIDATED,1789018613465
2234563,3,PROCESSED,1789018613519
2234564,1,INITIATED,1789018613464
2234564,2,VALIDATED,1789018613474
2234564,3,PROCESSED,1789018613532
2234565,1,INITIATED,1789018613464
2234565,2,VALIDATED,1789018613475
2234565,3,PROCESSED,1789018613532
2234566,1,INITIATED,1789018613465
2234566,2,VALIDATED,1789018613475
2234566,3,PROCESSED,1789018613532
2234567,1,INITIATED,1789018613464
2234567,2,VALIDATED,1789018613475
2234567,3,PROCESSED,1789018613532
2234568,1,INITIATED,1789018613466
2234568,2,VALIDATED,1789018613474
2234568,3,PROCESSED,1789018613533
2234569,1,INITIATED,1789018613465
2234569,2,VALIDATED,1789018613475
2234569,3,PROCESSED,1789018613533
2234570,1,INITIATED,1789018613464
2234570,2,VALIDATED,1789018613469
2234570,3,PROCESSED,1789018613521
2234571,1,INITIATED,1789018613465
2234571,2,VALIDATED,1789018613475
2234571,3,PROCESSED,1789018613532
2234572,1,INITIATED,1789018613465
2234572,2,VALIDATED,1789018613475
2234572,3,PROCESSED,1789018613532
2234573,1,INITIATED,1789018613518
2234573,2,VALIDATED,1789018613535
2234573,3,PROCESSED,1789018613539
2234574,1,INITIATED,1789018613518
2234574,2,VALIDATED,1789018613535
2234574,3,PROCESSED,1789018613543
2234575,1,INITIATED,1789018613518
2234575,2,VALIDATED,1789018613535
2234575,3,PROCESSED,1789018613543
2234576,1,INITIATED,1789018613536
2234576,2,VALIDATED,1789018613542
2234576,3,PROCESSED,1789018613546
2234577,1,INITIATED,1789018613556
2234577,2,VALIDATED,1789018613560
2234577,3,PROCESSED,1789018613564
2234578,1,INITIATED,1789018613576
2234578,2,VALIDATED,1789018613579
2234578,3,PROCESSED,1789018613583
2234579,1,INITIATED,1789018613597
2234579,2,VALIDATED,1789018613600
2234579,3,PROCESSED,1789018613604
2234580,1,INITIATED,1789018613618
2234580,2,VALIDATED,1789018613621
2234580,3,PROCESSED,1789018613625
2234581,1,INITIATED,1789018613637
2234581,2,VALIDATED,1789018613640
2234581,3,PROCESSED,1789018613644
2234582,1,INITIATED,1789018613656
2234582,2,VALIDATED,1789018613660
2234582,3,PROCESSED,1789018613663
2234583,1,INITIATED,1789018613676
2234583,2,VALIDATED,1789018613680
2234583,3,PROCESSED,1789018613683
2234584,1,INITIATED,1789018613696
2234584,2,VALIDATED,1789018613699
2234584,3,PROCESSED,1789018613704
2234585,1,INITIATED,1789018613716
2234585,2,VALIDATED,1789018613719
2234585,3,PROCESSED,1789018613722
2234586,1,INITIATED,1789018613736
2234586,2,VALIDATED,1789018613739
2234586,3,PROCESSED,1789018613743
2234587,1,INITIATED,1789018613756
2234587,2,VALIDATED,1789018613759
2234587,3,PROCESSED,1789018613762
2234588,1,INITIATED,1789018613776
2234588,2,VALIDATED,1789018613779
2234588,3,PROCESSED,1789018613784
2234589,1,INITIATED,1789018613796
2234589,2,VALIDATED,1789018613800
2234589,3,PROCESSED,1789018613804
2234590,1,INITIATED,1789018613817
2234590,2,VALIDATED,1789018613820
2234590,3,PROCESSED,1789018613824
2234591,1,INITIATED,1789018613836
2234591,2,VALIDATED,1789018613839
2234591,3,PROCESSED,1789018613842
2234592,1,INITIATED,1789018613856
2234592,2,VALIDATED,1789018613860
2234592,3,PROCESSED,1789018613864
2234593,1,INITIATED,1789018613876
2234593,2,VALIDATED,1789018613879
2234593,3,PROCESSED,1789018613883
2234594,1,INITIATED,1789018613896
2234594,2,VALIDATED,1789018613899
2234594,3,PROCESSED,1789018613902
2234595,1,INITIATED,1789018613916
2234595,2,VALIDATED,1789018613921
2234595,3,REJECTED,1789018613923
2234596,1,INITIATED,1789018613936
2234596,2,VALIDATED,1789018613939
2234596,3,REJECTED,1789018613941
2234597,1,INITIATED,1789018613956
2234597,2,VALIDATED,1789018613959
2234597,3,REJECTED,1789018613962
2234598,1,INITIATED,1789018613976
2234598,2,VALIDATED,1789018613980
2234598,3,REJECTED,1789018613982
2234599,1,INITIATED,1789018613996
2234599,2,VALIDATED,1789018613999
2234599,3,PROCESSED,1789018614003
2234600,1,INITIATED,1789018614017
2234600,2,VALIDATED,1789018614020
2234600,3,PROCESSED,1789018614023
2234601,1,INITIATED,1789018614037
2234601,2,VALIDATED,1789018614040
2234601,3,PROCESSED,1789018614046
2234602,1,INITIATED,1789018614057
2234602,2,VALIDATED,1789018614060
2234602,3,PROCESSED,1789018614063
2234603,1,INITIATED,1789018614076
2234603,2,VALIDATED,1789018614078
2234603,3,PROCESSED,1789018614081
2234604,1,INITIATED,1789018614097
2234604,2,VALIDATED,1789018614100
2234604,3,PROCESSED,1789018614106
2234605,1,INITIATED,1789018614288
2234605,2,VALIDATED,1789018614310
2234605,3,PROCESSED,1789018614594
2234606,1,INITIATED,1789018614289
2234606,2,VALIDATED,1789018614310
2234606,3,PROCESSED,1789018614591
2234607,1,INITIATED,1789018614289
2234607,2,VALIDATED,1789018614309
2234607,3,PROCESSED,1789018614594
2234608,1,INITIATED,1789018614288
2234608,2,VALIDATED,1789018614309
2234608,3,PROCESSED,1789018614594
2234609,1,INITIATED,1789018614289
2234609,2,VALIDATED,1789018614309
2234609,3,PROCESSED,1789018614595
2234610,1,INITIATED,1789018614288
2234610,2,VALIDATED,1789018614310
2234610,3,PROCESSED,1789018614593
2234611,1,INITIATED,1789018614288
2234611,2,VALIDATED,1789018614309
2234611,3,PROCESSED,1789018614594
2234612,1,INITIATED,1789018614289
2234612,2,VALIDATED,1789018614310
2234612,3,PROCESSED,1789018614593
2234613,1,INITIATED,1789018614289
2234613,2,VALIDATED,1789018614309
2234613,3,PROCESSED,1789018614593
2234614,1,INITIATED,1789018614307
2234614,2,VALIDATED,1789018614398
2234614,3,PROCESSED,1789018614598
2234615,1,INITIATED,1789018614386
2234615,2,VALIDATED,1789018614591
2234615,3,PROCESSED,1789018614660
2234616,1,INITIATED,1789018614386
2234616,2,VALIDATED,1789018614592
2234616,3,PROCESSED,1789018614660
2234617,1,INITIATED,1789018614386
2234617,2,VALIDATED,1789018614590
2234617,3,PROCESSED,1789018614660
2234618,1,INITIATED,1789018614386
2234618,2,VALIDATED,1789018614590
2234618,3,PROCESSED,1789018614598
2234619,1,INITIATED,1789018614397
2234619,2,VALIDATED,1789018614595
2234619,3,PROCESSED,1789018614662
2234620,1,INITIATED,1789018614592
2234620,2,VALIDATED,1789018614606
2234620,3,PROCESSED,1789018614669
2234621,1,INITIATED,1789018614589
2234621,2,VALIDATED,1789018614597
2234621,3,PROCESSED,1789018614662
2234622,1,INITIATED,1789018614592
2234622,2,VALIDATED,1789018614659
2234622,3,PROCESSED,1789018614669
2234623,1,INITIATED,1789018614591
2234623,2,VALIDATED,1789018614658
2234623,3,PROCESSED,1789018614669
2234624,1,INITIATED,1789018614590
2234624,2,VALIDATED,1789018614659
2234624,3,PROCESSED,1789018614669
2234625,1,INITIATED,1789018614591
2234625,2,VALIDATED,1789018614606
2234625,3,PROCESSED,1789018614669
2234626,1,INITIATED,1789018614592
2234626,2,VALIDATED,1789018614659
2234626,3,PROCESSED,1789018614669
2234627,1,INITIATED,1789018614592
2234627,2,VALIDATED,1789018614606
2234627,3,PROCESSED,1789018614669
2234628,1,INITIATED,1789018614592
2234628,2,VALIDATED,1789018614606
2234628,3,PROCESSED,1789018614670
2234629,1,INITIATED,1789018614597
2234629,2,VALIDATED,1789018614661
2234629,3,PROCESSED,1789018614670
2234630,1,INITIATED,1789018614659
2234630,2,VALIDATED,1789018614667
2234630,3,PROCESSED,1789018614672
2234631,1,INITIATED,1789018614659
2234631,2,VALIDATED,1789018614667
2234631,3,PROCESSED,1789018614673
2234632,1,INITIATED,1789018614659
2234632,2,VALIDATED,1789018614668
2234632,3,PROCESSED,1789018614673
2234633,1,INITIATED,1789018614676
2234633,2,VALIDATED,1789018614678
2234633,3,PROCESSED,1789018614682
2234634,1,INITIATED,1789018614696
2234634,2,VALIDATED,1789018614699
2234634,3,PROCESSED,1789018614703
2234635,1,INITIATED,1789018614716
2234635,2,VALIDATED,1789018614719
2234635,3,PROCESSED,1789018614722
2234636,1,INITIATED,1789018614736
2234636,2,VALIDATED,1789018614739
2234636,3,PROCESSED,1789018614742
2234637,1,INITIATED,1789018614756
2234637,2,VALIDATED,1789018614760
2234637,3,PROCESSED,1789018614764
2234638,1,INITIATED,1789018614776
2234638,2,VALIDATED,1789018614779
2234638,3,PROCESSED,1789018614782
2234639,1,INITIATED,1789018614796
2234639,2,VALIDATED,1789018614799
2234639,3,PROCESSED,1789018614802
2234640,1,INITIATED,1789018614816
2234640,2,VALIDATED,1789018614821
2234640,3,PROCESSED,1789018614825
2234641,1,INITIATED,1789018614836
2234641,2,VALIDATED,1789018614839
2234641,3,PROCESSED,1789018614842
2234642,1,INITIATED,1789018614856
2234642,2,VALIDATED,1789018614860
2234642,3,PROCESSED,1789018614863
2234643,1,INITIATED,1789018614876
2234643,2,VALIDATED,1789018614879
2234643,3,PROCESSED,1789018614883
2234644,1,INITIATED,1789018614897
2234644,2,VALIDATED,1789018614900
2234644,3,PROCESSED,1789018614903
2234645,1,INITIATED,1789018614916
2234645,2,VALIDATED,1789018614920
2234645,3,PROCESSED,1789018614923
2234646,1,INITIATED,1789018614936
2234646,2,VALIDATED,1789018614939
2234646,3,PROCESSED,1789018614943
2234647,1,INITIATED,1789018614956
2234647,2,VALIDATED,1789018614960
2234647,3,PROCESSED,1789018614963
2234648,1,INITIATED,1789018614976
2234648,2,VALIDATED,1789018614980
2234648,3,PROCESSED,1789018614983
2234649,1,INITIATED,1789018614996
2234649,2,VALIDATED,1789018615001
2234649,3,PROCESSED,1789018615005
2234650,1,INITIATED,1789018615016
2234650,2,VALIDATED,1789018615019
2234650,3,PROCESSED,1789018615023
2234651,1,INITIATED,1789018615036
2234651,2,VALIDATED,1789018615040
2234651,3,PROCESSED,1789018615043
2234652,1,INITIATED,1789018615056
2234652,2,VALIDATED,1789018615059
2234652,3,PROCESSED,1789018615063
2234653,1,INITIATED,1789018615077
2234653,2,VALIDATED,1789018615080
2234653,3,PROCESSED,1789018615083
2234654,1,INITIATED,1789018615096
2234654,2,VALIDATED,1789018615099
2234654,3,PROCESSED,1789018615103
2234655,1,INITIATED,1789018615116
2234655,2,VALIDATED,1789018615324
2234655,3,PROCESSED,1789018615623
2234656,1,INITIATED,1789018615324
2234656,2,VALIDATED,1789018615622
2234656,3,PROCESSED,1789018616199
2234657,1,INITIATED,1789018615324
2234657,2,VALIDATED,1789018615621
2234657,3,PROCESSED,1789018616199
2234658,1,INITIATED,1789018615323
2234658,2,VALIDATED,1789018615622
2234658,3,PROCESSED,1789018616200
2234659,1,INITIATED,1789018615323
2234659,2,VALIDATED,1789018615621
2234659,3,PROCESSED,1789018616199
2234660,1,INITIATED,1789018615323
2234660,2,VALIDATED,1789018615620
2234660,3,PROCESSED,1789018616199
2234661,1,INITIATED,1789018615323
2234661,2,VALIDATED,1789018615621
2234661,3,PROCESSED,1789018616199
2234662,1,INITIATED,1789018615323
2234662,2,VALIDATED,1789018615621
2234662,3,PROCESSED,1789018616199
2234663,1,INITIATED,1789018615323
2234663,2,VALIDATED,1789018615622
2234663,3,PROCESSED,1789018616200
2234664,1,INITIATED,1789018615323
2234664,2,VALIDATED,1789018615621
2234664,3,PROCESSED,1789018616199
2234665,1,INITIATED,1789018615323
2234665,2,VALIDATED,1789018615622
2234665,3,PROCESSED,1789018616200
2234666,1,INITIATED,1789018615340
2234666,2,VALIDATED,1789018615715
2234666,3,PROCESSED,1789018616200
2234667,1,INITIATED,1789018615619
2234667,2,VALIDATED,1789018615717
2234667,3,PROCESSED,1789018617220
2234668,1,INITIATED,1789018615618
2234668,2,VALIDATED,1789018615717
2234668,3,PROCESSED,1789018617220
2234669,1,INITIATED,1789018615618
2234669,2,VALIDATED,1789018615717
2234669,3,PROCESSED,1789018617220
2234670,1,INITIATED,1789018615619
2234670,2,VALIDATED,1789018616197
2234670,3,PROCESSED,1789018617219
2234671,1,INITIATED,1789018615620
2234671,2,VALIDATED,1789018616197
2234671,3,PROCESSED,1789018617221
2234672,1,INITIATED,1789018615619
2234672,2,VALIDATED,1789018616194
2234672,3,PROCESSED,1789018617219
2234673,1,INITIATED,1789018615619
2234673,2,VALIDATED,1789018616199
2234673,3,PROCESSED,1789018617221
2234674,1,INITIATED,1789018615619
2234674,2,VALIDATED,1789018616195
2234674,3,PROCESSED,1789018617219
2234675,1,INITIATED,1789018615618
2234675,2,VALIDATED,1789018616196
2234675,3,PROCESSED,1789018617220
2234676,1,INITIATED,1789018615619
2234676,2,VALIDATED,1789018616194
2234676,3,PROCESSED,1789018617221
2234677,1,INITIATED,1789018615620
2234677,2,VALIDATED,1789018615717
2234677,3,PROCESSED,1789018616517
2234678,1,INITIATED,1789018615617
2234678,2,VALIDATED,1789018616198
2234678,3,PROCESSED,1789018617221
2234679,1,INITIATED,1789018615618
2234679,2,VALIDATED,1789018616198
2234679,3,PROCESSED,1789018617219
2234680,1,INITIATED,1789018615621
2234680,2,VALIDATED,1789018616197
2234680,3,PROCESSED,1789018617220
2234681,1,INITIATED,1789018615714
2234681,2,VALIDATED,1789018616198
2234681,3,PROCESSED,1789018617221
2234682,1,INITIATED,1789018615715
2234682,2,VALIDATED,1789018616198
2234682,3,PROCESSED,1789018617221
2234683,1,INITIATED,1789018615715
2234683,2,VALIDATED,1789018616198
2234683,3,PROCESSED,1789018617693
2234684,1,INITIATED,1789018615715
2234684,2,VALIDATED,1789018616197
2234684,3,PROCESSED,1789018617219
2234685,1,INITIATED,1789018616197
2234685,2,VALIDATED,1789018617216
2234685,3,PROCESSED,1789018617693
2234686,1,INITIATED,1789018616195
2234686,2,VALIDATED,1789018617217
2234686,3,PROCESSED,1789018618772
2234687,1,INITIATED,1789018616196
2234687,2,VALIDATED,1789018617215
2234687,3,PROCESSED,1789018618770
2234688,1,INITIATED,1789018616500
2234688,2,VALIDATED,1789018617689
2234688,3,PROCESSED,1789018618772
2234689,1,INITIATED,1789018616502
2234689,2,VALIDATED,1789018617690
2234689,3,REJECTED,1789018618859
2234690,1,INITIATED,1789018616502
2234690,2,VALIDATED,1789018617217
2234690,3,PROCESSED,1789018617693
2234691,1,INITIATED,1789018616502
2234691,2,VALIDATED,1789018617692
2234691,3,PROCESSED,1789018620445
2234692,1,INITIATED,1789018616504
2234692,2,VALIDATED,1789018617216
2234692,3,PROCESSED,1789018617693
2234693,1,INITIATED,1789018616504
2234693,2,VALIDATED,1789018617690
2234693,3,PROCESSED,1789018619460
2234694,1,INITIATED,1789018616504
2234694,2,VALIDATED,1789018617690
2234694,3,PROCESSED,1789018619460
2234695,1,INITIATED,1789018616503
2234695,2,VALIDATED,1789018617688
2234695,3,PROCESSED,1789018619460
2234696,1,INITIATED,1789018616503
2234696,2,VALIDATED,1789018617217
2234696,3,PROCESSED,1789018618772
2234697,1,INITIATED,1789018616503
2234697,2,VALIDATED,1789018618769
2234697,3,PROCESSED,1789018620737
2234698,1,INITIATED,1789018616505
2234698,2,VALIDATED,1789018617689
2234698,3,PROCESSED,1789018622584
2234699,1,INITIATED,1789018616503
2234699,2,VALIDATED,1789018617692
2234699,3,PROCESSED,1789018621487
2234700,1,INITIATED,1789018616503
2234700,2,VALIDATED,1789018617685
2234700,3,PROCESSED,1789018619460
2234701,1,INITIATED,1789018616503
2234701,2,VALIDATED,1789018617691
2234701,3,REJECTED,1789018620441
2234702,1,INITIATED,1789018616503
2234702,2,VALIDATED,1789018617689
2234702,3,PROCESSED,1789018619461
2234703,1,INITIATED,1789018616504
2234703,2,VALIDATED,1789018617691
2234703,3,PROCESSED,1789018619461
2234704,1,INITIATED,1789018616504
2234704,2,VALIDATED,1789018617690
2234704,3,PROCESSED,1789018619460
2234705,1,INITIATED,1789018616504
2234705,2,VALIDATED,1789018618769
2234705,3,PROCESSED,1789018619461
2234706,1,INITIATED,1789018616505
2234706,2,VALIDATED,1789018617691
2234706,3,REJECTED,1789018621907
2234707,1,INITIATED,1789018616504
2234707,2,VALIDATED,1789018617218
2234707,3,PROCESSED,1789018617693
2234708,1,INITIATED,1789018616505
2234708,2,VALIDATED,1789018617688
2234708,3,PROCESSED,1789018619460
2234709,1,INITIATED,1789018616504
2234709,2,VALIDATED,1789018617218
2234709,3,PROCESSED,1789018618772
2234710,1,INITIATED,1789018616504
2234710,2,VALIDATED,1789018617690
2234710,3,REJECTED,1789018620734
2234711,1,INITIATED,1789018616505
2234711,2,VALIDATED,1789018617689
2234711,3,PROCESSED,1789018620444
2234712,1,INITIATED,1789018616505
2234712,2,VALIDATED,1789018617692
2234712,3,PROCESSED,1789018618772
2234713,1,INITIATED,1789018616505
2234713,2,VALIDATED,1789018617688
2234713,3,PROCESSED,1789018620444
2234714,1,INITIATED,1789018616505
2234714,2,VALIDATED,1789018617689
2234714,3,PROCESSED,1789018619459
2234715,1,INITIATED,1789018616506
2234715,2,VALIDATED,1789018618766
2234715,3,PROCESSED,1789018621489
2234716,1,INITIATED,1789018616506
2234716,2,VALIDATED,1789018617216
2234716,3,PROCESSED,1789018622586
2234717,1,INITIATED,1789018616506
2234717,2,VALIDATED,1789018617691
2234717,3,PROCESSED,1789018619461
2234718,1,INITIATED,1789018616506
2234718,2,VALIDATED,1789018617692
2234718,3,PROCESSED,1789018619461
2234719,1,INITIATED,1789018616546
2234719,2,VALIDATED,1789018618767
2234719,3,PROCESSED,1789018619459
2234720,1,INITIATED,1789018616558
2234720,2,VALIDATED,1789018618455
2234720,3,PROCESSED,1789018620736
2234721,1,INITIATED,1789018616546
2234721,2,VALIDATED,1789018617687
2234721,3,PROCESSED,1789018619459
2234722,1,INITIATED,1789018616546
2234722,2,VALIDATED,1789018618770
2234722,3,PROCESSED,1789018622278
2234723,1,INITIATED,1789018617214
2234723,2,VALIDATED,1789018617687
2234723,3,PROCESSED,1789018619461
2234724,1,INITIATED,1789018617217
2234724,2,VALIDATED,1789018618769
2234724,3,PROCESSED,1789018621489
2234725,1,INITIATED,1789018617215
2234725,2,VALIDATED,1789018618768
2234725,3,PROCESSED,1789018622223
2234726,1,INITIATED,1789018617215
2234726,2,VALIDATED,1789018617691
2234726,3,PROCESSED,1789018619461
2234727,1,INITIATED,1789018617215
2234727,2,VALIDATED,1789018618769
2234727,3,PROCESSED,1789018621488
2234728,1,INITIATED,1789018617214
2234728,2,VALIDATED,1789018618767
2234728,3,PROCESSED,1789018622281
2234729,1,INITIATED,1789018617682
2234729,2,VALIDATED,1789018618859
2234729,3,PROCESSED,1789018622263
2234730,1,INITIATED,1789018617692
2234730,2,VALIDATED,1789018620443
2234730,3,PROCESSED,1789018622228
2234731,1,INITIATED,1789018617799
2234731,2,VALIDATED,1789018619457
2234731,3,PROCESSED,1789018619769
2234732,1,INITIATED,1789018617805
2234732,2,VALIDATED,1789018619778
2234732,3,PROCESSED,1789018621968
2234733,1,INITIATED,1789018617802
2234733,2,VALIDATED,1789018619457
2234733,3,PROCESSED,1789018619769
2234734,1,INITIATED,1789018617803
2234734,2,VALIDATED,1789018619760
2234734,3,PROCESSED,1789018621913
2234735,1,INITIATED,1789018617800
2234735,2,VALIDATED,1789018619458
2234735,3,PROCESSED,1789018622439
2234736,1,INITIATED,1789018617800
2234736,2,VALIDATED,1789018619457
2234736,3,PROCESSED,1789018619769
2234737,1,INITIATED,1789018617800
2234737,2,VALIDATED,1789018618860
2234737,3,PROCESSED,1789018619768
2234738,1,INITIATED,1789018617800
2234738,2,VALIDATED,1789018620735
2234738,3,PROCESSED,1789018621489
2234739,1,INITIATED,1789018617801
2234739,2,VALIDATED,1789018619456
2234739,3,PROCESSED,1789018619769
2234740,1,INITIATED,1789018617801
2234740,2,VALIDATED,1789018619458
2234740,3,PROCESSED,1789018621914
2234741,1,INITIATED,1789018617801
2234741,2,VALIDATED,1789018620734
2234741,3,PROCESSED,1789018622564
2234742,1,INITIATED,1789018617805
2234742,2,VALIDATED,1789018618861
2234742,3,PROCESSED,1789018622427
2234743,1,INITIATED,1789018617803
2234743,2,VALIDATED,1789018619458
2234743,3,PROCESSED,1789018619767
2234744,1,INITIATED,1789018617804
2234744,2,VALIDATED,1789018618859
2234744,3,PROCESSED,1789018621488
2234745,1,INITIATED,1789018617804
2234745,2,VALIDATED,1789018619456
2234745,3,PROCESSED,1789018621915
2234746,1,INITIATED,1789018617806
2234746,2,VALIDATED,1789018620443
2234746,3,PROCESSED,1789018622226
2234747,1,INITIATED,1789018617805
2234747,2,VALIDATED,1789018622572
2234747,3,PROCESSED,1789018622645
2234748,1,INITIATED,1789018617805
2234748,2,VALIDATED,1789018620728
2234748,3,PROCESSED,1789018622282
2234749,1,INITIATED,1789018617806
2234749,2,VALIDATED,1789018618766
2234749,3,PROCESSED,1789018620736
2234750,1,INITIATED,1789018617805
2234750,2,VALIDATED,1789018619778
2234750,3,PROCESSED,1789018621960
2234751,1,INITIATED,1789018617806
2234751,2,VALIDATED,1789018622218
2234751,3,PROCESSED,1789018622433
2234752,1,INITIATED,1789018618453
2234752,2,VALIDATED,1789018622514
2234752,3,PROCESSED,1789018622601
2234753,1,INITIATED,1789018618453
2234753,2,VALIDATED,1789018618767
2234753,3,PROCESSED,1789018621489
2234754,1,INITIATED,1789018618454
2234754,2,VALIDATED,1789018621906
2234754,3,PROCESSED,1789018622224
2234755,1,INITIATED,1789018618455
2234755,2,VALIDATED,1789018618766
2234755,3,PROCESSED,1789018622228
2234756,1,INITIATED,1789018617805
2234756,2,VALIDATED,1789018619457
2234756,3,PROCESSED,1789018619768
2234757,1,INITIATED,1789018617805
2234757,2,VALIDATED,1789018620440
2234757,3,PROCESSED,1789018621489
2234758,1,INITIATED,1789018618454
2234758,2,VALIDATED,1789018621908
2234758,3,PROCESSED,1789018622600
2234759,1,INITIATED,1789018618454
2234759,2,VALIDATED,1789018620441
2234759,3,PROCESSED,1789018622228
2234760,1,INITIATED,1789018618456
2234760,2,VALIDATED,1789018622544
2234760,3,PROCESSED,1789018622620
2234761,1,INITIATED,1789018618456
2234761,2,VALIDATED,1789018620729
2234761,3,PROCESSED,1789018622280
2234762,1,INITIATED,1789018618454
2234762,2,VALIDATED,1789018620734
2234762,3,PROCESSED,1789018622661
2234763,1,INITIATED,1789018618456
2234763,2,VALIDATED,1789018620733
2234763,3,PROCESSED,1789018622564
2234764,1,INITIATED,1789018618456
2234764,2,VALIDATED,1789018618765
2234764,3,PROCESSED,1789018621485
2234765,1,INITIATED,1789018618456
2234765,2,VALIDATED,1789018622221
2234765,3,PROCESSED,1789018622628
2234766,1,INITIATED,1789018618456
2234766,2,VALIDATED,1789018622544
2234766,3,PROCESSED,1789018622625
2234767,1,INITIATED,1789018618458
2234767,2,VALIDATED,1789018618770
2234767,3,PROCESSED,1789018622228
2234768,1,INITIATED,1789018618454
2234768,2,VALIDATED,1789018620442
2234768,3,PROCESSED,1789018622555
2234769,1,INITIATED,1789018618458
2234769,2,VALIDATED,1789018618770
2234769,3,PROCESSED,1789018620737
2234770,1,INITIATED,1789018618457
2234770,2,VALIDATED,1789018622220
2234770,3,PROCESSED,1789018622433
2234771,1,INITIATED,1789018618457
2234771,2,VALIDATED,1789018618770
2234771,3,PROCESSED,1789018621488
2234772,1,INITIATED,1789018618457
2234772,2,VALIDATED,1789018618768
2234772,3,PROCESSED,1789018620737
2234773,1,INITIATED,1789018618456
2234773,2,VALIDATED,1789018618766
2234773,3,PROCESSED,1789018622270
2234774,1,INITIATED,1789018618457
2234774,2,VALIDATED,1789018622223
2234774,3,PROCESSED,1789018622572
2234775,1,INITIATED,1789018618457
2234775,2,VALIDATED,1789018620734
2234775,3,PROCESSED,1789018622564
2234776,1,INITIATED,1789018618456
2234776,2,VALIDATED,1789018620732
2234776,3,PROCESSED,1789018622659
2234777,1,INITIATED,1789018618458
2234777,2,VALIDATED,1789018620732
2234777,3,PROCESSED,1789018622282
2234778,1,INITIATED,1789018618458
2234778,2,VALIDATED,1789018621984
2234778,3,PROCESSED,1789018622565
2234779,1,INITIATED,1789018618457
2234779,2,VALIDATED,1789018620442
2234779,3,PROCESSED,1789018622225
2234780,1,INITIATED,1789018618457
2234780,2,VALIDATED,1789018622226
2234780,3,PROCESSED,1789018622439
2234781,1,INITIATED,1789018618769
2234781,2,VALIDATED,1789018621482
2234781,3,PROCESSED,1789018621915
2234782,1,INITIATED,1789018618765
2234782,2,VALIDATED,1789018622227
2234782,3,PROCESSED,1789018622631
2234783,1,INITIATED,1789018618765
2234783,2,VALIDATED,1789018621484
2234783,3,PROCESSED,1789018621915
2234784,1,INITIATED,1789018618769
2234784,2,VALIDATED,1789018622220
2234784,3,PROCESSED,1789018622630
2234785,1,INITIATED,1789018618769
2234785,2,VALIDATED,1789018621482
2234785,3,PROCESSED,1789018622529
2234786,1,INITIATED,1789018618771
2234786,2,VALIDATED,1789018619457
2234786,3,PROCESSED,1789018619768
2234787,1,INITIATED,1789018618769
2234787,2,VALIDATED,1789018619457
2234787,3,PROCESSED,1789018619768
2234788,1,INITIATED,1789018618770
2234788,2,VALIDATED,1789018622223
2234788,3,PROCESSED,1789018622577
2234789,1,INITIATED,1789018618861
2234789,2,VALIDATED,1789018621731
2234789,3,PROCESSED,1789018621982
2234790,1,INITIATED,1789018619456
2234790,2,VALIDATED,1789018619767
2234790,3,PROCESSED,1789018620445
2234791,1,INITIATED,1789018619759
2234791,2,VALIDATED,1789018621913
2234791,3,PROCESSED,1789018622554
2234792,1,INITIATED,1789018619762
2234792,2,VALIDATED,1789018622437
2234792,3,PROCESSED,1789018622600
2234793,1,INITIATED,1789018619763
2234793,2,VALIDATED,1789018621910
2234793,3,PROCESSED,1789018622608
2234794,1,INITIATED,1789018619767
2234794,2,VALIDATED,1789018622581
2234794,3,REJECTED,1789018622639
2234795,1,INITIATED,1789018619763
2234795,2,VALIDATED,1789018621911
2234795,3,PROCESSED,1789018622556
2234796,1,INITIATED,1789018619767
2234796,2,VALIDATED,1789018621911
2234796,3,REJECTED,1789018622546
2234797,1,INITIATED,1789018619767
2234797,2,VALIDATED,1789018621958
2234797,3,PROCESSED,1789018622560
2234798,1,INITIATED,1789018619765
2234798,2,VALIDATED,1789018621912
2234798,3,PROCESSED,1789018622615
2234799,1,INITIATED,1789018619763
2234799,2,VALIDATED,1789018621958
2234799,3,PROCESSED,1789018622279
2234800,1,INITIATED,1789018619763
2234800,2,VALIDATED,1789018622513
2234800,3,PROCESSED,1789018622558
2234801,1,INITIATED,1789018619764
2234801,2,VALIDATED,1789018620444
2234801,3,PROCESSED,1789018620736
2234802,1,INITIATED,1789018619764
2234802,2,VALIDATED,1789018621910
2234802,3,PROCESSED,1789018622559
2234803,1,INITIATED,1789018619766
2234803,2,VALIDATED,1789018621914
2234803,3,PROCESSED,1789018622562
2234804,1,INITIATED,1789018619764
2234804,2,VALIDATED,1789018620443
2234804,3,PROCESSED,1789018621488
2234805,1,INITIATED,1789018619764
2234805,2,VALIDATED,1789018620443
2234805,3,PROCESSED,1789018621486
2234806,1,INITIATED,1789018619765
2234806,2,VALIDATED,1789018622587
2234806,3,PROCESSED,1789018622649
2234807,1,INITIATED,1789018619767
2234807,2,VALIDATED,1789018620443
2234807,3,PROCESSED,1789018621489
2234808,1,INITIATED,1789018619765
2234808,2,VALIDATED,1789018620442
2234808,3,PROCESSED,1789018620736
2234809,1,INITIATED,1789018619766
2234809,2,VALIDATED,1789018620440
2234809,3,PROCESSED,1789018621488
2234810,1,INITIATED,1789018619767
2234810,2,VALIDATED,1789018622576
2234810,3,PROCESSED,1789018622646
2234811,1,INITIATED,1789018619767
2234811,2,VALIDATED,1789018621912
2234811,3,PROCESSED,1789018622559
2234812,1,INITIATED,1789018619778
2234812,2,VALIDATED,1789018621958
2234812,3,PROCESSED,1789018622280
2234813,1,INITIATED,1789018620442
2234813,2,VALIDATED,1789018622226
2234813,3,PROCESSED,1789018622514
2234814,1,INITIATED,1789018620442
2234814,2,VALIDATED,1789018621485
2234814,3,PROCESSED,1789018622588
2234815,1,INITIATED,1789018620439
2234815,2,VALIDATED,1789018622222
2234815,3,PROCESSED,1789018622515
2234816,1,INITIATED,1789018620442
2234816,2,VALIDATED,1789018620734
2234816,3,PROCESSED,1789018622561
2234817,1,INITIATED,1789018620443
2234817,2,VALIDATED,1789018621484
2234817,3,PROCESSED,1789018622578
2234818,1,INITIATED,1789018620444
2234818,2,VALIDATED,1789018622223
2234818,3,PROCESSED,1789018622579
2234819,1,INITIATED,1789018620444
2234819,2,VALIDATED,1789018622222
2234819,3,PROCESSED,1789018622581
2234820,1,INITIATED,1789018620444
2234820,2,VALIDATED,1789018622226
2234820,3,PROCESSED,1789018622579
2234821,1,INITIATED,1789018620444
2234821,2,VALIDATED,1789018621486
2234821,3,PROCESSED,1789018621914
2234822,1,INITIATED,1789018620439
2234822,2,VALIDATED,1789018621986
2234822,3,PROCESSED,1789018622577
2234823,1,INITIATED,1789018620444
2234823,2,VALIDATED,1789018620826
2234823,3,PROCESSED,1789018622525
2234824,1,INITIATED,1789018620444
2234824,2,VALIDATED,1789018622220
2234824,3,PROCESSED,1789018622576
2234825,1,INITIATED,1789018620439
2234825,2,VALIDATED,1789018622226
2234825,3,PROCESSED,1789018622579
2234826,1,INITIATED,1789018620439
2234826,2,VALIDATED,1789018622218
2234826,3,PROCESSED,1789018622439
2234827,1,INITIATED,1789018620444
2234827,2,VALIDATED,1789018622223
2234827,3,PROCESSED,1789018622637
2234828,1,INITIATED,1789018620729
2234828,2,VALIDATED,1789018622276
2234828,3,PROCESSED,1789018622515
2234829,1,INITIATED,1789018620731
2234829,2,VALIDATED,1789018622554
2234829,3,PROCESSED,1789018622632
2234830,1,INITIATED,1789018620731
2234830,2,VALIDATED,1789018622612
2234830,3,PROCESSED,1789018622626
2234831,1,INITIATED,1789018620731
2234831,2,VALIDATED,1789018622555
2234831,3,PROCESSED,1789018622579
2234832,1,INITIATED,1789018620733
2234832,2,VALIDATED,1789018621730
2234832,3,PROCESSED,1789018622593
2234833,1,INITIATED,1789018620731
2234833,2,VALIDATED,1789018622275
2234833,3,PROCESSED,1789018622532
2234834,1,INITIATED,1789018620731
2234834,2,VALIDATED,1789018622273
2234834,3,PROCESSED,1789018622515
2234835,1,INITIATED,1789018620733
2234835,2,VALIDATED,1789018622548
2234835,3,PROCESSED,1789018622624
2234836,1,INITIATED,1789018620734
2234836,2,VALIDATED,1789018622551
2234836,3,PROCESSED,1789018622578
2234837,1,INITIATED,1789018620733
2234837,2,VALIDATED,1789018622278
2234837,3,PROCESSED,1789018622535
2234838,1,INITIATED,1789018620732
2234838,2,VALIDATED,1789018622554
2234838,3,PROCESSED,1789018622630
2234839,1,INITIATED,1789018620732
2234839,2,VALIDATED,1789018622273
2234839,3,PROCESSED,1789018622514
2234840,1,INITIATED,1789018620733
2234840,2,VALIDATED,1789018622277
2234840,3,PROCESSED,1789018622589
2234841,1,INITIATED,1789018620733
2234841,2,VALIDATED,1789018622274
2234841,3,PROCESSED,1789018622536
2234842,1,INITIATED,1789018620825
2234842,2,VALIDATED,1789018622429
2234842,3,PROCESSED,1789018622537
2234843,1,INITIATED,1789018620827
2234843,2,VALIDATED,1789018621906
2234843,3,PROCESSED,1789018622548
2234844,1,INITIATED,1789018620826
2234844,2,VALIDATED,1789018621908
2234844,3,PROCESSED,1789018622612
2234845,1,INITIATED,1789018621483
2234845,2,VALIDATED,1789018621910
2234845,3,PROCESSED,1789018622601
2234846,1,INITIATED,1789018621488
2234846,2,VALIDATED,1789018621908
2234846,3,PROCESSED,1789018622225
2234847,1,INITIATED,1789018621486
2234847,2,VALIDATED,1789018622520
2234847,3,PROCESSED,1789018622610
2234848,1,INITIATED,1789018621487
2234848,2,VALIDATED,1789018622583
2234848,3,PROCESSED,1789018622644
2234849,1,INITIATED,1789018621485
2234849,2,VALIDATED,1789018622520
2234849,3,PROCESSED,1789018622610
2234850,1,INITIATED,1789018621487
2234850,2,VALIDATED,1789018621912
2234850,3,PROCESSED,1789018622557
2234851,1,INITIATED,1789018621485
2234851,2,VALIDATED,1789018621912
2234851,3,PROCESSED,1789018622560
2234852,1,INITIATED,1789018621482
2234852,2,VALIDATED,1789018621908
2234852,3,PROCESSED,1789018622555
2234853,1,INITIATED,1789018621486
2234853,2,VALIDATED,1789018622577
2234853,3,PROCESSED,1789018622591
2234854,1,INITIATED,1789018621487
2234854,2,VALIDATED,1789018622576
2234854,3,PROCESSED,1789018622640
2234855,1,INITIATED,1789018621488
2234855,2,VALIDATED,1789018621909
2234855,3,PROCESSED,1789018622550
2234856,1,INITIATED,1789018621727
2234856,2,VALIDATED,1789018622586
2234856,3,PROCESSED,1789018622648
2234857,1,INITIATED,1789018621725
2234857,2,VALIDATED,1789018622671
2234857,3,PROCESSED,1789018622688
2234858,1,INITIATED,1789018621725
2234858,2,VALIDATED,1789018622584
2234858,3,PROCESSED,1789018622644
2234859,1,INITIATED,1789018621728
2234859,2,VALIDATED,1789018622589
2234859,3,PROCESSED,1789018622650
2234860,1,INITIATED,1789018621728
2234860,2,VALIDATED,1789018622586
2234860,3,PROCESSED,1789018622644
2234861,1,INITIATED,1789018621731
2234861,2,VALIDATED,1789018622634
2234861,3,PROCESSED,1789018622681
2234862,1,INITIATED,1789018621731
2234862,2,VALIDATED,1789018621985
2234862,3,PROCESSED,1789018622565
2234863,1,INITIATED,1789018621731
2234863,2,VALIDATED,1789018621983
2234863,3,PROCESSED,1789018622432
2234864,1,INITIATED,1789018621732
2234864,2,VALIDATED,1789018622529
2234864,3,PROCESSED,1789018622611
2234865,1,INITIATED,1789018621732
2234865,2,VALIDATED,1789018622589
2234865,3,PROCESSED,1789018622647
2234866,1,INITIATED,1789018621732
2234866,2,VALIDATED,1789018621981
2234866,3,PROCESSED,1789018622565
2234867,1,INITIATED,1789018621733
2234867,2,VALIDATED,1789018621971
2234867,3,PROCESSED,1789018622562
2234868,1,INITIATED,1789018621733
2234868,2,VALIDATED,1789018622527
2234868,3,PROCESSED,1789018622616
2234869,1,INITIATED,1789018621734
2234869,2,VALIDATED,1789018621972
2234869,3,PROCESSED,1789018622281
2234870,1,INITIATED,1789018621733
2234870,2,VALIDATED,1789018621975
2234870,3,PROCESSED,1789018622565
2234871,1,INITIATED,1789018621733
2234871,2,VALIDATED,1789018622592
2234871,3,PROCESSED,1789018622651
2234872,1,INITIATED,1789018621732
2234872,2,VALIDATED,1789018621972
2234872,3,PROCESSED,1789018622430
2234873,1,INITIATED,1789018621733
2234873,2,VALIDATED,1789018622530
2234873,3,PROCESSED,1789018622611
2234874,1,INITIATED,1789018621734
2234874,2,VALIDATED,1789018622593
2234874,3,PROCESSED,1789018622653
2234875,1,INITIATED,1789018621734
2234875,2,VALIDATED,1789018622538
2234875,3,PROCESSED,1789018622616
2234876,1,INITIATED,1789018621734
2234876,2,VALIDATED,1789018622520
2234876,3,PROCESSED,1789018622562
2234877,1,INITIATED,1789018621734
2234877,2,VALIDATED,1789018622537
2234877,3,PROCESSED,1789018622562
2234878,1,INITIATED,1789018621736
2234878,2,VALIDATED,1789018622533
2234878,3,PROCESSED,1789018622613
2234879,1,INITIATED,1789018621735
2234879,2,VALIDATED,1789018622539
2234879,3,PROCESSED,1789018622563
2234880,1,INITIATED,1789018621735
2234880,2,VALIDATED,1789018622594
2234880,3,PROCESSED,1789018622652
2234881,1,INITIATED,1789018621735
2234881,2,VALIDATED,1789018622542
2234881,3,PROCESSED,1789018622620
2234882,1,INITIATED,1789018621735
2234882,2,VALIDATED,1789018621986
2234882,3,PROCESSED,1789018622569
2234883,1,INITIATED,1789018621736
2234883,2,VALIDATED,1789018621974
2234883,3,PROCESSED,1789018622564
2234884,1,INITIATED,1789018621735
2234884,2,VALIDATED,1789018622590
2234884,3,PROCESSED,1789018622653
2234885,1,INITIATED,1789018621735
2234885,2,VALIDATED,1789018622221
2234885,3,PROCESSED,1789018622628
2234886,1,INITIATED,1789018621737
2234886,2,VALIDATED,1789018622533
2234886,3,PROCESSED,1789018622616
2234887,1,INITIATED,1789018621737
2234887,2,VALIDATED,1789018622534
2234887,3,PROCESSED,1789018622557
2234888,1,INITIATED,1789018621737
2234888,2,VALIDATED,1789018622536
2234888,3,REJECTED,1789018622616
2234889,1,INITIATED,1789018621738
2234889,2,VALIDATED,1789018622540
2234889,3,PROCESSED,1789018622618
2234890,1,INITIATED,1789018621911
2234890,2,VALIDATED,1789018622276
2234890,3,PROCESSED,1789018622535
2234891,1,INITIATED,1789018621912
2234891,2,VALIDATED,1789018622545
2234891,3,PROCESSED,1789018622670
2234892,1,INITIATED,1789018621907
2234892,2,VALIDATED,1789018622604
2234892,3,PROCESSED,1789018622668
2234893,1,INITIATED,1789018621905
2234893,2,VALIDATED,1789018622543
2234893,3,PROCESSED,1789018622629
2234894,1,INITIATED,1789018621910
2234894,2,VALIDATED,1789018622543
2234894,3,PROCESSED,1789018622623
2234895,1,INITIATED,1789018621905
2234895,2,VALIDATED,1789018622222
2234895,3,PROCESSED,1789018622631
2234896,1,INITIATED,1789018621913
2234896,2,VALIDATED,1789018622548
2234896,3,PROCESSED,1789018622580
2234897,1,INITIATED,1789018621909
2234897,2,VALIDATED,1789018622545
2234897,3,PROCESSED,1789018622629
2234898,1,INITIATED,1789018621958
2234898,2,VALIDATED,1789018622550
2234898,3,PROCESSED,1789018622578
2234899,1,INITIATED,1789018621958
2234899,2,VALIDATED,1789018622272
2234899,3,PROCESSED,1789018622515
2234900,1,INITIATED,1789018621969
2234900,2,VALIDATED,1789018622276
2234900,3,PROCESSED,1789018622587
2234901,1,INITIATED,1789018621973
2234901,2,VALIDATED,1789018622551
2234901,3,PROCESSED,1789018622632
2234902,1,INITIATED,1789018621973
2234902,2,VALIDATED,1789018622552
2234902,3,PROCESSED,1789018622577
2234903,1,INITIATED,1789018621971
2234903,2,VALIDATED,1789018622551
2234903,3,REJECTED,1789018622573
2234904,1,INITIATED,1789018621974
2234904,2,VALIDATED,1789018622553
2234904,3,PROCESSED,1789018622627
2234905,1,INITIATED,1789018621975
2234905,2,VALIDATED,1789018622559
2234905,3,REJECTED,1789018622626
2234906,1,INITIATED,1789018621972
2234906,2,VALIDATED,1789018622605
2234906,3,REJECTED,1789018622658
2234907,1,INITIATED,1789018621972
2234907,2,VALIDATED,1789018622279
2234907,3,PROCESSED,1789018622532
2234908,1,INITIATED,1789018621974
2234908,2,VALIDATED,1789018622554
2234908,3,PROCESSED,1789018622637
2234909,1,INITIATED,1789018621982
2234909,2,VALIDATED,1789018622430
2234909,3,PROCESSED,1789018622600
2234910,1,INITIATED,1789018621985
2234910,2,VALIDATED,1789018622430
2234910,3,REJECTED,1789018622593
2234911,1,INITIATED,1789018621986
2234911,2,VALIDATED,1789018622436
2234911,3,PROCESSED,1789018622600
2234912,1,INITIATED,1789018621984
2234912,2,VALIDATED,1789018622610
2234912,3,PROCESSED,1789018622669
2234913,1,INITIATED,1789018621983
2234913,2,VALIDATED,1789018622277
2234913,3,PROCESSED,1789018622582
2234914,1,INITIATED,1789018621984
2234914,2,VALIDATED,1789018622277
2234914,3,PROCESSED,1789018622590
2234915,1,INITIATED,1789018621985
2234915,2,VALIDATED,1789018622554
2234915,3,PROCESSED,1789018622634
2234916,1,INITIATED,1789018621983
2234916,2,VALIDATED,1789018622555
2234916,3,PROCESSED,1789018622636
2234917,1,INITIATED,1789018622218
2234917,2,VALIDATED,1789018622571
2234917,3,PROCESSED,1789018622637
2234918,1,INITIATED,1789018622222
2234918,2,VALIDATED,1789018622619
2234918,3,PROCESSED,1789018622676
2234919,1,INITIATED,1789018622220
2234919,2,VALIDATED,1789018622571
2234919,3,PROCESSED,1789018622639
2234920,1,INITIATED,1789018622218
2234920,2,VALIDATED,1789018622567
2234920,3,PROCESSED,1789018622639
2234921,1,INITIATED,1789018622261
2234921,2,VALIDATED,1789018622513
2234921,3,PROCESSED,1789018622556
2234922,1,INITIATED,1789018622261
2234922,2,VALIDATED,1789018622512
2234922,3,PROCESSED,1789018622607
2234923,1,INITIATED,1789018622261
2234923,2,VALIDATED,1789018622511
2234923,3,PROCESSED,1789018622602
2234924,1,INITIATED,1789018622272
2234924,2,VALIDATED,1789018622511
2234924,3,PROCESSED,1789018622600
2234925,1,INITIATED,1789018622276
2234925,2,VALIDATED,1789018622587
2234925,3,PROCESSED,1789018622599
2234926,1,INITIATED,1789018622276
2234926,2,VALIDATED,1789018622513
2234926,3,PROCESSED,1789018622600
2234927,1,INITIATED,1789018622274
2234927,2,VALIDATED,1789018622510
2234927,3,PROCESSED,1789018622605
2234928,1,INITIATED,1789018622277
2234928,2,VALIDATED,1789018622574
2234928,3,PROCESSED,1789018622643
2234929,1,INITIATED,1789018622280
2234929,2,VALIDATED,1789018622585
2234929,3,PROCESSED,1789018622679
2234930,1,INITIATED,1789018622281
2234930,2,VALIDATED,1789018622521
2234930,3,PROCESSED,1789018622560
2234931,1,INITIATED,1789018622433
2234931,2,VALIDATED,1789018622596
2234931,3,PROCESSED,1789018622653
2234932,1,INITIATED,1789018622428
2234932,2,VALIDATED,1789018622532
2234932,3,PROCESSED,1789018622613
2234933,1,INITIATED,1789018622430
2234933,2,VALIDATED,1789018622590
2234933,3,PROCESSED,1789018622649
2234934,1,INITIATED,1789018622427
2234934,2,VALIDATED,1789018622536
2234934,3,PROCESSED,1789018622617
2234935,1,INITIATED,1789018622431
2234935,2,VALIDATED,1789018622597
2234935,3,PROCESSED,1789018622652
2234936,1,INITIATED,1789018622431
2234936,2,VALIDATED,1789018622598
2234936,3,PROCESSED,1789018622655
2234937,1,INITIATED,1789018622428
2234937,2,VALIDATED,1789018622525
2234937,3,PROCESSED,1789018622651
2234938,1,INITIATED,1789018622427
2234938,2,VALIDATED,1789018622533
2234938,3,PROCESSED,1789018622658
2234939,1,INITIATED,1789018622432
2234939,2,VALIDATED,1789018622598
2234939,3,PROCESSED,1789018622660
2234940,1,INITIATED,1789018622433
2234940,2,VALIDATED,1789018622599
2234940,3,PROCESSED,1789018622669
2234941,1,INITIATED,1789018622432
2234941,2,VALIDATED,1789018622638
2234941,3,PROCESSED,1789018622687
2234942,1,INITIATED,1789018622427
2234942,2,VALIDATED,1789018622531
2234942,3,PROCESSED,1789018622615
2234943,1,INITIATED,1789018622428
2234943,2,VALIDATED,1789018622530
2234943,3,PROCESSED,1789018622655
2234944,1,INITIATED,1789018622430
2234944,2,VALIDATED,1789018622595
2234944,3,REJECTED,1789018622647
2234945,1,INITIATED,1789018622433
2234945,2,VALIDATED,1789018622596
2234945,3,PROCESSED,1789018622607
2234946,1,INITIATED,1789018622430
2234946,2,VALIDATED,1789018622595
2234946,3,PROCESSED,1789018622656
2234947,1,INITIATED,1789018622432
2234947,2,VALIDATED,1789018622597
2234947,3,PROCESSED,1789018622653
2234948,1,INITIATED,1789018622428
2234948,2,VALIDATED,1789018622528
2234948,3,PROCESSED,1789018622615
2234949,1,INITIATED,1789018622433
2234949,2,VALIDATED,1789018622598
2234949,3,PROCESSED,1789018622654
2234950,1,INITIATED,1789018622431
2234950,2,VALIDATED,1789018622597
2234950,3,PROCESSED,1789018622610
2234951,1,INITIATED,1789018622431
2234951,2,VALIDATED,1789018622593
2234951,3,PROCESSED,1789018622650
2234952,1,INITIATED,1789018622427
2234952,2,VALIDATED,1789018622591
2234952,3,PROCESSED,1789018622680
2234953,1,INITIATED,1789018622432
2234953,2,VALIDATED,1789018622596
2234953,3,PROCESSED,1789018622653
2234954,1,INITIATED,1789018622435
2234954,2,VALIDATED,1789018622541
2234954,3,PROCESSED,1789018622621
2234955,1,INITIATED,1789018622435
2234955,2,VALIDATED,1789018622600
2234955,3,PROCESSED,1789018622663
2234956,1,INITIATED,1789018622436
2234956,2,VALIDATED,1789018622600
2234956,3,PROCESSED,1789018622659
2234957,1,INITIATED,1789018622436
2234957,2,VALIDATED,1789018622596
2234957,3,PROCESSED,1789018622659
2234958,1,INITIATED,1789018622437
2234958,2,VALIDATED,1789018622541
2234958,3,PROCESSED,1789018622624
2234959,1,INITIATED,1789018622437
2234959,2,VALIDATED,1789018622543
2234959,3,PROCESSED,1789018622628
2234960,1,INITIATED,1789018622438
2234960,2,VALIDATED,1789018622541
2234960,3,PROCESSED,1789018622620
2234961,1,INITIATED,1789018622510
2234961,2,VALIDATED,1789018622599
2234961,3,PROCESSED,1789018622665
2234962,1,INITIATED,1789018622509
2234962,2,VALIDATED,1789018622546
2234962,3,PROCESSED,1789018622631
2234963,1,INITIATED,1789018622514
2234963,2,VALIDATED,1789018622599
2234963,3,PROCESSED,1789018622659
2234964,1,INITIATED,1789018622514
2234964,2,VALIDATED,1789018622602
2234964,3,PROCESSED,1789018622662
2234965,1,INITIATED,1789018622520
2234965,2,VALIDATED,1789018622604
2234965,3,PROCESSED,1789018622670
2234966,1,INITIATED,1789018622520
2234966,2,VALIDATED,1789018622603
2234966,3,PROCESSED,1789018622658
2234967,1,INITIATED,1789018622522
2234967,2,VALIDATED,1789018622607
2234967,3,PROCESSED,1789018622671
2234968,1,INITIATED,1789018622536
2234968,2,VALIDATED,1789018622614
2234968,3,PROCESSED,1789018622671
2234969,1,INITIATED,1789018622528
2234969,2,VALIDATED,1789018622549
2234969,3,PROCESSED,1789018622634
2234970,1,INITIATED,1789018622530
2234970,2,VALIDATED,1789018622607
2234970,3,PROCESSED,1789018622661
2234971,1,INITIATED,1789018622531
2234971,2,VALIDATED,1789018622551
2234971,3,PROCESSED,1789018622577
2234972,1,INITIATED,1789018622537
2234972,2,VALIDATED,1789018622612
2234972,3,PROCESSED,1789018622668
2234973,1,INITIATED,1789018622538
2234973,2,VALIDATED,1789018622614
2234973,3,PROCESSED,1789018622671
2234974,1,INITIATED,1789018622538
2234974,2,VALIDATED,1789018622611
2234974,3,PROCESSED,1789018622668
2234975,1,INITIATED,1789018622534
2234975,2,VALIDATED,1789018622609
2234975,3,PROCESSED,1789018622664
2234976,1,INITIATED,1789018622535
2234976,2,VALIDATED,1789018622610
2234976,3,PROCESSED,1789018622665
2234977,1,INITIATED,1789018622542
2234977,2,VALIDATED,1789018622615
2234977,3,PROCESSED,1789018622675
2234978,1,INITIATED,1789018622544
2234978,2,VALIDATED,1789018622619
2234978,3,PROCESSED,1789018622675
2234979,1,INITIATED,1789018622540
2234979,2,VALIDATED,1789018622613
2234979,3,PROCESSED,1789018622670
2234980,1,INITIATED,1789018622541
2234980,2,VALIDATED,1789018622614
2234980,3,PROCESSED,1789018622673
2234981,1,INITIATED,1789018622542
2234981,2,VALIDATED,1789018622615
2234981,3,PROCESSED,1789018622676
2234982,1,INITIATED,1789018622544
2234982,2,VALIDATED,1789018622615
2234982,3,PROCESSED,1789018622672
2234983,1,INITIATED,1789018622543
2234983,2,VALIDATED,1789018622616
2234983,3,PROCESSED,1789018622674
2234984,1,INITIATED,1789018622543
2234984,2,VALIDATED,1789018622616
2234984,3,REJECTED,1789018622665
2234985,1,INITIATED,1789018622550
2234985,2,VALIDATED,1789018622621
2234985,3,REJECTED,1789018622670
2234986,1,INITIATED,1789018622557
2234986,2,VALIDATED,1789018622623
2234986,3,PROCESSED,1789018622639
2234987,1,INITIATED,1789018622558
2234987,2,VALIDATED,1789018622626
2234987,3,PROCESSED,1789018622677
2234988,1,INITIATED,1789018622559
2234988,2,VALIDATED,1789018622626
2234988,3,PROCESSED,1789018622678
2234989,1,INITIATED,1789018622559
2234989,2,VALIDATED,1789018622623
2234989,3,PROCESSED,1789018622677
2234990,1,INITIATED,1789018622563
2234990,2,VALIDATED,1789018622574
2234990,3,PROCESSED,1789018622641
2234991,1,INITIATED,1789018622562
2234991,2,VALIDATED,1789018622667
2234991,3,PROCESSED,1789018622687
2234992,1,INITIATED,1789018622563
2234992,2,VALIDATED,1789018622629
2234992,3,PROCESSED,1789018622677
2234993,1,INITIATED,1789018622563
2234993,2,VALIDATED,1789018622626
2234993,3,PROCESSED,1789018622676
2234994,1,INITIATED,1789018622563
2234994,2,VALIDATED,1789018622632
2234994,3,PROCESSED,1789018622681
2234995,1,INITIATED,1789018622562
2234995,2,VALIDATED,1789018622627
2234995,3,PROCESSED,1789018622679
2234996,1,INITIATED,1789018622563
2234996,2,VALIDATED,1789018622570
2234996,3,PROCESSED,1789018622640
2234997,1,INITIATED,1789018622566
2234997,2,VALIDATED,1789018622631
2234997,3,PROCESSED,1789018622679
2234998,1,INITIATED,1789018622565
2234998,2,VALIDATED,1789018622632
2234998,3,PROCESSED,1789018622645
2234999,1,INITIATED,1789018622567
2234999,2,VALIDATED,1789018622632
2234999,3,PROCESSED,1789018622679
2235000,1,INITIATED,1789018622567
2235000,2,VALIDATED,1789018622631
2235000,3,PROCESSED,1789018622682
2235001,1,INITIATED,1789018622573
2235001,2,VALIDATED,1789018622582
2235001,3,PROCESSED,1789018622648
2235002,1,INITIATED,1789018622569
2235002,2,VALIDATED,1789018622669
2235002,3,PROCESSED,1789018622681
2235003,1,INITIATED,1789018622573
2235003,2,VALIDATED,1789018622635
2235003,3,PROCESSED,1789018622680
2235004,1,INITIATED,1789018622571
2235004,2,VALIDATED,1789018622582
2235004,3,PROCESSED,1789018622641
2235005,1,INITIATED,1789018622574
2235005,2,VALIDATED,1789018622635
2235005,3,PROCESSED,1789018622680
2235006,1,INITIATED,1789018622573
2235006,2,VALIDATED,1789018622633
2235006,3,PROCESSED,1789018622690
2235007,1,INITIATED,1789018622576
2235007,2,VALIDATED,1789018622589
2235007,3,PROCESSED,1789018622653
2235008,1,INITIATED,1789018622584
2235008,2,VALIDATED,1789018622640
2235008,3,PROCESSED,1789018622687
2235009,1,INITIATED,1789018622585
2235009,2,VALIDATED,1789018622598
2235009,3,PROCESSED,1789018622656
2235010,1,INITIATED,1789018622586
2235010,2,VALIDATED,1789018622638
2235010,3,PROCESSED,1789018622651
2235011,1,INITIATED,1789018622586
2235011,2,VALIDATED,1789018622643
2235011,3,PROCESSED,1789018622686
2235012,1,INITIATED,1789018622589
2235012,2,VALIDATED,1789018622643
2235012,3,PROCESSED,1789018622688
2235013,1,INITIATED,1789018622588
2235013,2,VALIDATED,1789018622641
2235013,3,PROCESSED,1789018622685
2235014,1,INITIATED,1789018622591
2235014,2,VALIDATED,1789018622646
2235014,3,PROCESSED,1789018622689
2235015,1,INITIATED,1789018622588
2235015,2,VALIDATED,1789018622645
2235015,3,PROCESSED,1789018622691
2235016,1,INITIATED,1789018622591
2235016,2,VALIDATED,1789018622644
2235016,3,PROCESSED,1789018622690
2235017,1,INITIATED,1789018622594
2235017,2,VALIDATED,1789018622651
2235017,3,PROCESSED,1789018622687
2235018,1,INITIATED,1789018622599
2235018,2,VALIDATED,1789018622654
2235018,3,PROCESSED,1789018622691
2235019,1,INITIATED,1789018622598
2235019,2,VALIDATED,1789018622606
2235019,3,REJECTED,1789018622657
2235020,1,INITIATED,1789018622595
2235020,2,VALIDATED,1789018622607
2235020,3,REJECTED,1789018622667
2235021,1,INITIATED,1789018622603
2235021,2,VALIDATED,1789018622612
2235021,3,PROCESSED,1789018622670
2235022,1,INITIATED,1789018622621
2235022,2,VALIDATED,1789018622627
2235022,3,PROCESSED,1789018622642
2235023,1,INITIATED,1789018622625
2235023,2,VALIDATED,1789018622670
2235023,3,PROCESSED,1789018622689
2235024,1,INITIATED,1789018622629
2235024,2,VALIDATED,1789018622672
2235024,3,PROCESSED,1789018622690
2235025,1,INITIATED,1789018622635
2235025,2,VALIDATED,1789018622674
2235025,3,PROCESSED,1789018622692
2235026,1,INITIATED,1789018622633
2235026,2,VALIDATED,1789018622674
2235026,3,PROCESSED,1789018622689
2235027,1,INITIATED,1789018622635
2235027,2,VALIDATED,1789018622676
2235027,3,PROCESSED,1789018622691
2235028,1,INITIATED,1789018622643
2235028,2,VALIDATED,1789018622682
2235028,3,PROCESSED,1789018622690
2235029,1,INITIATED,1789018622645
2235029,2,VALIDATED,1789018622682
2235029,3,PROCESSED,1789018622691
2235030,1,INITIATED,1789018622663
2235030,2,VALIDATED,1789018622682
2235030,3,PROCESSED,1789018622691
2235031,1,INITIATED,1789018622673
2235031,2,VALIDATED,1789018622683
2235031,3,PROCESSED,1789018622691
2235032,1,INITIATED,1789018622681
2235032,2,VALIDATED,1789018622686
2235032,3,PROCESSED,1789018622692
2235033,1,INITIATED,1789018622683
2235033,2,VALIDATED,1789018622688
2235033,3,PROCESSED,1789018622693
2235034,1,INITIATED,1789018622696
2235034,2,VALIDATED,1789018622699
2235034,3,PROCESSED,1789018622703
2235035,1,INITIATED,1789018622716
2235035,2,VALIDATED,1789018622720
2235035,3,PROCESSED,1789018622724
2235036,1,INITIATED,1789018622736
2235036,2,VALIDATED,1789018622739
2235036,3,PROCESSED,1789018622743
2235037,1,INITIATED,1789018622756
2235037,2,VALIDATED,1789018622759
2235037,3,PROCESSED,1789018622763
2235038,1,INITIATED,1789018622776
2235038,2,VALIDATED,1789018622779
2235038,3,PROCESSED,1789018622782
2235039,1,INITIATED,1789018622796
2235039,2,VALIDATED,1789018622800
2235039,3,PROCESSED,1789018622802
2235040,1,INITIATED,1789018622817
2235040,2,VALIDATED,1789018622820
2235040,3,PROCESSED,1789018622822
2235041,1,INITIATED,1789018622836
2235041,2,VALIDATED,1789018622839
2235041,3,PROCESSED,1789018622842
2235042,1,INITIATED,1789018622855
2235042,2,VALIDATED,1789018622859
2235042,3,PROCESSED,1789018622862
2235043,1,INITIATED,1789018622877
2235043,2,VALIDATED,1789018622879
2235043,3,PROCESSED,1789018622884
2235044,1,INITIATED,1789018622897
2235044,2,VALIDATED,1789018622900
2235044,3,PROCESSED,1789018622903
2235045,1,INITIATED,1789018622917
2235045,2,VALIDATED,1789018622920
2235045,3,PROCESSED,1789018622923
2235046,1,INITIATED,1789018622937
2235046,2,VALIDATED,1789018622940
2235046,3,PROCESSED,1789018622943
2235047,1,INITIATED,1789018622956
2235047,2,VALIDATED,1789018623147
2235047,3,PROCESSED,1789018623156
2235048,1,INITIATED,1789018623146
2235048,2,VALIDATED,1789018623150
2235048,3,PROCESSED,1789018623158
2235049,1,INITIATED,1789018623146
2235049,2,VALIDATED,1789018623150
2235049,3,PROCESSED,1789018623157
2235050,1,INITIATED,1789018623147
2235050,2,VALIDATED,1789018623154
2235050,3,PROCESSED,1789018623220
2235051,1,INITIATED,1789018623146
2235051,2,VALIDATED,1789018623154
2235051,3,PROCESSED,1789018623217
2235052,1,INITIATED,1789018623147
2235052,2,VALIDATED,1789018623154
2235052,3,PROCESSED,1789018623218
2235053,1,INITIATED,1789018623146
2235053,2,VALIDATED,1789018623150
2235053,3,PROCESSED,1789018623158
2235054,1,INITIATED,1789018623146
2235054,2,VALIDATED,1789018623150
2235054,3,PROCESSED,1789018623158
2235055,1,INITIATED,1789018623147
2235055,2,VALIDATED,1789018623154
2235055,3,PROCESSED,1789018623220
2235056,1,INITIATED,1789018623146
2235056,2,VALIDATED,1789018623150
2235056,3,PROCESSED,1789018623157
2235057,1,INITIATED,1789018623157
2235057,2,VALIDATED,1789018623219
2235057,3,PROCESSED,1789018623417
2235058,1,INITIATED,1789018623216
2235058,2,VALIDATED,1789018623414
2235058,3,PROCESSED,1789018623424
2235059,1,INITIATED,1789018623216
2235059,2,VALIDATED,1789018623414
2235059,3,PROCESSED,1789018623423
2235060,1,INITIATED,1789018623218
2235060,2,VALIDATED,1789018623415
2235060,3,PROCESSED,1789018623423
2235061,1,INITIATED,1789018623415
2235061,2,VALIDATED,1789018623422
2235061,3,PROCESSED,1789018623458
2235062,1,INITIATED,1789018623415
2235062,2,VALIDATED,1789018623422
2235062,3,PROCESSED,1789018623458
2235063,1,INITIATED,1789018623416
2235063,2,VALIDATED,1789018623422
2235063,3,PROCESSED,1789018623457
2235064,1,INITIATED,1789018623416
2235064,2,VALIDATED,1789018623421
2235064,3,PROCESSED,1789018623457
2235065,1,INITIATED,1789018623414
2235065,2,VALIDATED,1789018623420
2235065,3,PROCESSED,1789018623457
2235066,1,INITIATED,1789018623414
2235066,2,VALIDATED,1789018623419
2235066,3,PROCESSED,1789018623458
2235067,1,INITIATED,1789018623415
2235067,2,VALIDATED,1789018623421
2235067,3,PROCESSED,1789018623457
2235068,1,INITIATED,1789018623414
2235068,2,VALIDATED,1789018623419
2235068,3,PROCESSED,1789018623457
2235069,1,INITIATED,1789018623413
2235069,2,VALIDATED,1789018623419
2235069,3,PROCESSED,1789018623457
2235070,1,INITIATED,1789018623416
2235070,2,VALIDATED,1789018623426
2235070,3,PROCESSED,1789018623465
2235071,1,INITIATED,1789018623436
2235071,2,VALIDATED,1789018623464
2235071,3,PROCESSED,1789018623469
2235072,1,INITIATED,1789018623457
2235072,2,VALIDATED,1789018623465
2235072,3,PROCESSED,1789018623470
2235073,1,INITIATED,1789018623476
2235073,2,VALIDATED,1789018623480
2235073,3,PROCESSED,1789018623488
2235074,1,INITIATED,1789018623497
2235074,2,VALIDATED,1789018623501
2235074,3,PROCESSED,1789018623505
2235075,1,INITIATED,1789018623517
2235075,2,VALIDATED,1789018623521
2235075,3,PROCESSED,1789018623525
2235076,1,INITIATED,1789018623536
2235076,2,VALIDATED,1789018623539
2235076,3,PROCESSED,1789018623545
2235077,1,INITIATED,1789018623556
2235077,2,VALIDATED,1789018623559
2235077,3,PROCESSED,1789018623563
2235078,1,INITIATED,1789018623577
2235078,2,VALIDATED,1789018623580
2235078,3,PROCESSED,1789018623584
2235079,1,INITIATED,1789018623597
2235079,2,VALIDATED,1789018623600
2235079,3,PROCESSED,1789018623604
2235080,1,INITIATED,1789018623617
2235080,2,VALIDATED,1789018623620
2235080,3,PROCESSED,1789018623624
2235081,1,INITIATED,1789018623636
2235081,2,VALIDATED,1789018623640
2235081,3,PROCESSED,1789018623644
2235082,1,INITIATED,1789018623656
2235082,2,VALIDATED,1789018623660
2235082,3,PROCESSED,1789018623665
2235083,1,INITIATED,1789018623677
2235083,2,VALIDATED,1789018623680
2235083,3,PROCESSED,1789018623684
2235084,1,INITIATED,1789018623698
2235084,2,VALIDATED,1789018623701
2235084,3,PROCESSED,1789018623704
2235085,1,INITIATED,1789018623716
2235085,2,VALIDATED,1789018623720
2235085,3,PROCESSED,1789018623724
2235086,1,INITIATED,1789018623737
2235086,2,VALIDATED,1789018623740
2235086,3,PROCESSED,1789018623744
2235087,1,INITIATED,1789018623756
2235087,2,VALIDATED,1789018623760
2235087,3,PROCESSED,1789018623764
2235088,1,INITIATED,1789018623777
2235088,2,VALIDATED,1789018623784
2235088,3,PROCESSED,1789018623789
2235089,1,INITIATED,1789018623797
2235089,2,VALIDATED,1789018623800
2235089,3,PROCESSED,1789018623804
2235090,1,INITIATED,1789018623817
2235090,2,VALIDATED,1789018623820
2235090,3,PROCESSED,1789018623825
2235091,1,INITIATED,1789018623837
2235091,2,VALIDATED,1789018623842
2235091,3,PROCESSED,1789018623847
2235092,1,INITIATED,1789018623856
2235092,2,VALIDATED,1789018623859
2235092,3,PROCESSED,1789018623863
2235093,1,INITIATED,1789018623877
2235093,2,VALIDATED,1789018623884
2235093,3,PROCESSED,1789018623894
2235094,1,INITIATED,1789018623896
2235094,2,VALIDATED,1789018623906
2235094,3,PROCESSED,1789018623910
2235095,1,INITIATED,1789018623917
2235095,2,VALIDATED,1789018623920
2235095,3,REJECTED,1789018623923
2235096,1,INITIATED,1789018623936
2235096,2,VALIDATED,1789018623940
2235096,3,REJECTED,1789018623943
2235097,1,INITIATED,1789018623956
2235097,2,VALIDATED,1789018623960
2235097,3,REJECTED,1789018624056
2235098,1,INITIATED,1789018624056
2235098,2,VALIDATED,1789018624062
2235098,3,REJECTED,1789018624068
2235099,1,INITIATED,1789018624056
2235099,2,VALIDATED,1789018624062
2235099,3,PROCESSED,1789018624099
2235100,1,INITIATED,1789018624056
2235100,2,VALIDATED,1789018624062
2235100,3,PROCESSED,1789018624099
2235101,1,INITIATED,1789018624056
2235101,2,VALIDATED,1789018624062
2235101,3,PROCESSED,1789018624069
2235102,1,INITIATED,1789018624057
2235102,2,VALIDATED,1789018624063
2235102,3,PROCESSED,1789018624099
2235103,1,INITIATED,1789018624096
2235103,2,VALIDATED,1789018624228
2235103,3,PROCESSED,1789018624235
2235104,1,INITIATED,1789018624096
2235104,2,VALIDATED,1789018624228
2235104,3,PROCESSED,1789018624235
2235105,1,INITIATED,1789018624227
2235105,2,VALIDATED,1789018624233
2235105,3,PROCESSED,1789018624274
2235106,1,INITIATED,1789018624227
2235106,2,VALIDATED,1789018624234
2235106,3,PROCESSED,1789018624274
2235107,1,INITIATED,1789018624227
2235107,2,VALIDATED,1789018624234
2235107,3,PROCESSED,1789018624274
2235108,1,INITIATED,1789018624227
2235108,2,VALIDATED,1789018624233
2235108,3,PROCESSED,1789018624274
2235109,1,INITIATED,1789018624227
2235109,2,VALIDATED,1789018624233
2235109,3,PROCESSED,1789018624274
2235110,1,INITIATED,1789018624227
2235110,2,VALIDATED,1789018624234
2235110,3,PROCESSED,1789018624274
2235111,1,INITIATED,1789018624236
2235111,2,VALIDATED,1789018624272
2235111,3,PROCESSED,1789018624277
2235112,1,INITIATED,1789018624257
2235112,2,VALIDATED,1789018624275
2235112,3,PROCESSED,1789018624280
2235113,1,INITIATED,1789018624276
2235113,2,VALIDATED,1789018624279
2235113,3,PROCESSED,1789018624286
2235114,1,INITIATED,1789018624296
2235114,2,VALIDATED,1789018624299
2235114,3,PROCESSED,1789018624304
2235115,1,INITIATED,1789018624317
2235115,2,VALIDATED,1789018624321
2235115,3,PROCESSED,1789018624326
2235116,1,INITIATED,1789018624336
2235116,2,VALIDATED,1789018624338
2235116,3,PROCESSED,1789018624342
2235117,1,INITIATED,1789018624356
2235117,2,VALIDATED,1789018624359
2235117,3,PROCESSED,1789018624362
2235118,1,INITIATED,1789018624377
2235118,2,VALIDATED,1789018624380
2235118,3,PROCESSED,1789018624387
2235119,1,INITIATED,1789018624396
2235119,2,VALIDATED,1789018624399
2235119,3,PROCESSED,1789018624402
2235120,1,INITIATED,1789018624416
2235120,2,VALIDATED,1789018624419
2235120,3,PROCESSED,1789018624423
2235121,1,INITIATED,1789018624436
2235121,2,VALIDATED,1789018624439
2235121,3,PROCESSED,1789018624443
2235122,1,INITIATED,1789018624457
2235122,2,VALIDATED,1789018624460
2235122,3,PROCESSED,1789018624463
2235123,1,INITIATED,1789018624476
2235123,2,VALIDATED,1789018624479
2235123,3,PROCESSED,1789018624484
2235124,1,INITIATED,1789018624497
2235124,2,VALIDATED,1789018624500
2235124,3,PROCESSED,1789018624503
2235125,1,INITIATED,1789018624516
2235125,2,VALIDATED,1789018624519
2235125,3,PROCESSED,1789018624522
2235126,1,INITIATED,1789018624536
2235126,2,VALIDATED,1789018624540
2235126,3,PROCESSED,1789018624543
2235127,1,INITIATED,1789018624557
2235127,2,VALIDATED,1789018624560
2235127,3,PROCESSED,1789018624562
2235128,1,INITIATED,1789018624576
2235128,2,VALIDATED,1789018624579
2235128,3,PROCESSED,1789018624581
2235129,1,INITIATED,1789018624596
2235129,2,VALIDATED,1789018624600
2235129,3,PROCESSED,1789018624602
2235130,1,INITIATED,1789018624616
2235130,2,VALIDATED,1789018624619
2235130,3,PROCESSED,1789018624622
2235131,1,INITIATED,1789018624636
2235131,2,VALIDATED,1789018624639
2235131,3,PROCESSED,1789018624643
2235132,1,INITIATED,1789018624657
2235132,2,VALIDATED,1789018624661
2235132,3,PROCESSED,1789018624665
2235133,1,INITIATED,1789018624677
2235133,2,VALIDATED,1789018624682
2235133,3,PROCESSED,1789018624687
2235134,1,INITIATED,1789018624696
2235134,2,VALIDATED,1789018624699
2235134,3,PROCESSED,1789018624702
2235135,1,INITIATED,1789018624717
2235135,2,VALIDATED,1789018624720
2235135,3,PROCESSED,1789018624723
2235136,1,INITIATED,1789018624737
2235136,2,VALIDATED,1789018624740
2235136,3,PROCESSED,1789018624744
2235137,1,INITIATED,1789018624756
2235137,2,VALIDATED,1789018624760
2235137,3,PROCESSED,1789018624763
2235138,1,INITIATED,1789018624776
2235138,2,VALIDATED,1789018624779
2235138,3,PROCESSED,1789018624782
2235139,1,INITIATED,1789018624797
2235139,2,VALIDATED,1789018624800
2235139,3,PROCESSED,1789018624803
2235140,1,INITIATED,1789018624817
2235140,2,VALIDATED,1789018624820
2235140,3,PROCESSED,1789018624823
2235141,1,INITIATED,1789018624837
2235141,2,VALIDATED,1789018624840
2235141,3,PROCESSED,1789018624842
2235142,1,INITIATED,1789018624856
2235142,2,VALIDATED,1789018624859
2235142,3,PROCESSED,1789018624862
2235143,1,INITIATED,1789018624876
2235143,2,VALIDATED,1789018624879
2235143,3,PROCESSED,1789018624882
2235144,1,INITIATED,1789018624896
2235144,2,VALIDATED,1789018624899
2235144,3,PROCESSED,1789018624902
2235145,1,INITIATED,1789018624916
2235145,2,VALIDATED,1789018624919
2235145,3,PROCESSED,1789018624922
2235146,1,INITIATED,1789018624936
2235146,2,VALIDATED,1789018624940
2235146,3,PROCESSED,1789018624943
2235147,1,INITIATED,1789018624956
2235147,2,VALIDATED,1789018624961
2235147,3,PROCESSED,1789018625071
2235148,1,INITIATED,1789018625069
2235148,2,VALIDATED,1789018625084
2235148,3,PROCESSED,1789018625244
2235149,1,INITIATED,1789018625070
2235149,2,VALIDATED,1789018625084
2235149,3,PROCESSED,1789018625243
2235150,1,INITIATED,1789018625069
2235150,2,VALIDATED,1789018625084
2235150,3,PROCESSED,1789018625243
2235151,1,INITIATED,1789018625070
2235151,2,VALIDATED,1789018625084
2235151,3,PROCESSED,1789018625244
2235152,1,INITIATED,1789018625069
2235152,2,VALIDATED,1789018625084
2235152,3,PROCESSED,1789018625244
2235153,1,INITIATED,1789018625076
2235153,2,VALIDATED,1789018625110
2235153,3,PROCESSED,1789018625246
2235154,1,INITIATED,1789018625108
2235154,2,VALIDATED,1789018625243
2235154,3,PROCESSED,1789018625252
2235155,1,INITIATED,1789018625118
2235155,2,VALIDATED,1789018625243
2235155,3,PROCESSED,1789018625252
2235156,1,INITIATED,1789018625244
2235156,2,VALIDATED,1789018625249
2235156,3,PROCESSED,1789018625261
2235157,1,INITIATED,1789018625244
2235157,2,VALIDATED,1789018625249
2235157,3,PROCESSED,1789018625263
2235158,1,INITIATED,1789018625242
2235158,2,VALIDATED,1789018625249
2235158,3,PROCESSED,1789018625261
2235159,1,INITIATED,1789018625243
2235159,2,VALIDATED,1789018625249
2235159,3,PROCESSED,1789018625263
2235160,1,INITIATED,1789018625242
2235160,2,VALIDATED,1789018625249
2235160,3,PROCESSED,1789018625261
2235161,1,INITIATED,1789018625242
2235161,2,VALIDATED,1789018625250
2235161,3,PROCESSED,1789018625261
2235162,1,INITIATED,1789018625256
2235162,2,VALIDATED,1789018625261
2235162,3,PROCESSED,1789018625267
2235163,1,INITIATED,1789018625277
2235163,2,VALIDATED,1789018625307
2235163,3,PROCESSED,1789018625313
2235164,1,INITIATED,1789018625297
2235164,2,VALIDATED,1789018625307
2235164,3,PROCESSED,1789018625313
2235165,1,INITIATED,1789018625316
2235165,2,VALIDATED,1789018625319
2235165,3,PROCESSED,1789018625325
2235166,1,INITIATED,1789018625336
2235166,2,VALIDATED,1789018625339
2235166,3,PROCESSED,1789018625342
2235167,1,INITIATED,1789018625357
2235167,2,VALIDATED,1789018625360
2235167,3,PROCESSED,1789018625363
2235168,1,INITIATED,1789018625377
2235168,2,VALIDATED,1789018625380
2235168,3,PROCESSED,1789018625383
2235169,1,INITIATED,1789018625396
2235169,2,VALIDATED,1789018625399
2235169,3,PROCESSED,1789018625404
2235170,1,INITIATED,1789018625417
2235170,2,VALIDATED,1789018625420
2235170,3,PROCESSED,1789018625423
2235171,1,INITIATED,1789018625437
2235171,2,VALIDATED,1789018625442
2235171,3,PROCESSED,1789018625445
2235172,1,INITIATED,1789018625457
2235172,2,VALIDATED,1789018625465
2235172,3,PROCESSED,1789018625468
2235173,1,INITIATED,1789018625476
2235173,2,VALIDATED,1789018625479
2235173,3,PROCESSED,1789018625482
2235174,1,INITIATED,1789018625496
2235174,2,VALIDATED,1789018625499
2235174,3,PROCESSED,1789018625503
2235175,1,INITIATED,1789018625516
2235175,2,VALIDATED,1789018625519
2235175,3,PROCESSED,1789018625522
2235176,1,INITIATED,1789018625537
2235176,2,VALIDATED,1789018625539
2235176,3,PROCESSED,1789018625543
2235177,1,INITIATED,1789018625556
2235177,2,VALIDATED,1789018625559
2235177,3,PROCESSED,1789018625563
2235178,1,INITIATED,1789018625576
2235178,2,VALIDATED,1789018625579
2235178,3,PROCESSED,1789018625583
2235179,1,INITIATED,1789018625596
2235179,2,VALIDATED,1789018625599
2235179,3,PROCESSED,1789018625602
2235180,1,INITIATED,1789018625616
2235180,2,VALIDATED,1789018625620
2235180,3,PROCESSED,1789018625622
2235181,1,INITIATED,1789018625637
2235181,2,VALIDATED,1789018625640
2235181,3,PROCESSED,1789018625642
2235182,1,INITIATED,1789018625656
2235182,2,VALIDATED,1789018625660
2235182,3,PROCESSED,1789018625663
2235183,1,INITIATED,1789018625676
2235183,2,VALIDATED,1789018625680
2235183,3,PROCESSED,1789018625683
2235184,1,INITIATED,1789018625696
2235184,2,VALIDATED,1789018625700
2235184,3,PROCESSED,1789018625704
2235185,1,INITIATED,1789018625717
2235185,2,VALIDATED,1789018625720
2235185,3,PROCESSED,1789018625725
2235186,1,INITIATED,1789018625736
2235186,2,VALIDATED,1789018625739
2235186,3,PROCESSED,1789018625742
2235187,1,INITIATED,1789018625757
2235187,2,VALIDATED,1789018625760
2235187,3,PROCESSED,1789018625765
2235188,1,INITIATED,1789018625776
2235188,2,VALIDATED,1789018625780
2235188,3,PROCESSED,1789018625784
2235189,1,INITIATED,1789018625797
2235189,2,VALIDATED,1789018625802
2235189,3,PROCESSED,1789018625805
2235190,1,INITIATED,1789018625816
2235190,2,VALIDATED,1789018625819
2235190,3,PROCESSED,1789018625823
2235191,1,INITIATED,1789018625836
2235191,2,VALIDATED,1789018625839
2235191,3,PROCESSED,1789018625842
2235192,1,INITIATED,1789018625856
2235192,2,VALIDATED,1789018625859
2235192,3,PROCESSED,1789018625862
2235193,1,INITIATED,1789018625877
2235193,2,VALIDATED,1789018625880
2235193,3,PROCESSED,1789018625884
2235194,1,INITIATED,1789018625897
2235194,2,VALIDATED,1789018625900
2235194,3,PROCESSED,1789018625902
2235195,1,INITIATED,1789018625916
2235195,2,VALIDATED,1789018625919
2235195,3,REJECTED,1789018625921
2235196,1,INITIATED,1789018625936
2235196,2,VALIDATED,1789018625939
2235196,3,REJECTED,1789018625942
2235197,1,INITIATED,1789018625957
2235197,2,VALIDATED,1789018626104
2235197,3,REJECTED,1789018626108
2235198,1,INITIATED,1789018626103
2235198,2,VALIDATED,1789018626109
2235198,3,REJECTED,1789018626169
2235199,1,INITIATED,1789018626103
2235199,2,VALIDATED,1789018626108
2235199,3,PROCESSED,1789018626171
2235200,1,INITIATED,1789018626103
2235200,2,VALIDATED,1789018626108
2235200,3,PROCESSED,1789018626171
2235201,1,INITIATED,1789018626104
2235201,2,VALIDATED,1789018626108
2235201,3,PROCESSED,1789018626171
2235202,1,INITIATED,1789018626103
2235202,2,VALIDATED,1789018626108
2235202,3,PROCESSED,1789018626171
2235203,1,INITIATED,1789018626103
2235203,2,VALIDATED,1789018626109
2235203,3,PROCESSED,1789018626171
2235204,1,INITIATED,1789018626103
2235204,2,VALIDATED,1789018626109
2235204,3,PROCESSED,1789018626171
2235205,1,INITIATED,1789018626153
2235205,2,VALIDATED,1789018626292
2235205,3,PROCESSED,1789018626301
2235206,1,INITIATED,1789018626153
2235206,2,VALIDATED,1789018626292
2235206,3,PROCESSED,1789018626302
2235207,1,INITIATED,1789018626167
2235207,2,VALIDATED,1789018626293
2235207,3,PROCESSED,1789018626302
2235208,1,INITIATED,1789018626293
2235208,2,VALIDATED,1789018626300
2235208,3,PROCESSED,1789018626334
2235209,1,INITIATED,1789018626292
2235209,2,VALIDATED,1789018626300
2235209,3,PROCESSED,1789018626334
2235210,1,INITIATED,1789018626292
2235210,2,VALIDATED,1789018626300
2235210,3,PROCESSED,1789018626334
2235211,1,INITIATED,1789018626292
2235211,2,VALIDATED,1789018626300
2235211,3,PROCESSED,1789018626334
2235212,1,INITIATED,1789018626292
2235212,2,VALIDATED,1789018626300
2235212,3,PROCESSED,1789018626334
2235213,1,INITIATED,1789018626292
2235213,2,VALIDATED,1789018626300
2235213,3,PROCESSED,1789018626334
2235214,1,INITIATED,1789018626297
2235214,2,VALIDATED,1789018626333
2235214,3,PROCESSED,1789018626337
2235215,1,INITIATED,1789018626322
2235215,2,VALIDATED,1789018626333
2235215,3,PROCESSED,1789018626337
2235216,1,INITIATED,1789018626336
2235216,2,VALIDATED,1789018626340
2235216,3,PROCESSED,1789018626344
2235217,1,INITIATED,1789018626356
2235217,2,VALIDATED,1789018626367
2235217,3,PROCESSED,1789018626370
2235218,1,INITIATED,1789018626376
2235218,2,VALIDATED,1789018626381
2235218,3,PROCESSED,1789018626385
2235219,1,INITIATED,1789018626396
2235219,2,VALIDATED,1789018626399
2235219,3,PROCESSED,1789018626403
2235220,1,INITIATED,1789018626417
2235220,2,VALIDATED,1789018626420
2235220,3,PROCESSED,1789018626424
2235221,1,INITIATED,1789018626436
2235221,2,VALIDATED,1789018626439
2235221,3,PROCESSED,1789018626442
2235222,1,INITIATED,1789018626456
2235222,2,VALIDATED,1789018626458
2235222,3,PROCESSED,1789018626461
2235223,1,INITIATED,1789018626476
2235223,2,VALIDATED,1789018626479
2235223,3,PROCESSED,1789018626484
2235224,1,INITIATED,1789018626497
2235224,2,VALIDATED,1789018626500
2235224,3,PROCESSED,1789018626504
2235225,1,INITIATED,1789018626516
2235225,2,VALIDATED,1789018626518
2235225,3,PROCESSED,1789018626522
2235226,1,INITIATED,1789018626536
2235226,2,VALIDATED,1789018626539
2235226,3,PROCESSED,1789018626543
2235227,1,INITIATED,1789018626556
2235227,2,VALIDATED,1789018626559
2235227,3,PROCESSED,1789018626561
2235228,1,INITIATED,1789018626576
2235228,2,VALIDATED,1789018626578
2235228,3,PROCESSED,1789018626582
2235229,1,INITIATED,1789018626596
2235229,2,VALIDATED,1789018626599
2235229,3,PROCESSED,1789018626602
2235230,1,INITIATED,1789018626616
2235230,2,VALIDATED,1789018626619
2235230,3,PROCESSED,1789018626622
2235231,1,INITIATED,1789018626636
2235231,2,VALIDATED,1789018626640
2235231,3,PROCESSED,1789018626657
2235232,1,INITIATED,1789018626656
2235232,2,VALIDATED,1789018626658
2235232,3,PROCESSED,1789018626662
2235233,1,INITIATED,1789018626677
2235233,2,VALIDATED,1789018626680
2235233,3,PROCESSED,1789018626683
2235234,1,INITIATED,1789018626696
2235234,2,VALIDATED,1789018626699
2235234,3,PROCESSED,1789018626702
2235235,1,INITIATED,1789018626716
2235235,2,VALIDATED,1789018626719
2235235,3,PROCESSED,1789018626722
2235236,1,INITIATED,1789018626736
2235236,2,VALIDATED,1789018626739
2235236,3,PROCESSED,1789018626742
2235237,1,INITIATED,1789018626756
2235237,2,VALIDATED,1789018626759
2235237,3,PROCESSED,1789018626762
2235238,1,INITIATED,1789018626777
2235238,2,VALIDATED,1789018626780
2235238,3,PROCESSED,1789018626783
2235239,1,INITIATED,1789018626796
2235239,2,VALIDATED,1789018626799
2235239,3,PROCESSED,1789018626802
2235240,1,INITIATED,1789018626816
2235240,2,VALIDATED,1789018626819
2235240,3,PROCESSED,1789018626822
2235241,1,INITIATED,1789018626836
2235241,2,VALIDATED,1789018626839
2235241,3,PROCESSED,1789018626843
2235242,1,INITIATED,1789018626856
2235242,2,VALIDATED,1789018626872
2235242,3,PROCESSED,1789018626875
2235243,1,INITIATED,1789018626875
2235243,2,VALIDATED,1789018626878
2235243,3,PROCESSED,1789018626880
2235244,1,INITIATED,1789018626896
2235244,2,VALIDATED,1789018626898
2235244,3,PROCESSED,1789018626901
2235245,1,INITIATED,1789018626916
2235245,2,VALIDATED,1789018626920
2235245,3,PROCESSED,1789018626922
2235246,1,INITIATED,1789018626936
2235246,2,VALIDATED,1789018626939
2235246,3,PROCESSED,1789018626943
2235247,1,INITIATED,1789018626956
2235247,2,VALIDATED,1789018627065
2235247,3,PROCESSED,1789018627193
2235248,1,INITIATED,1789018627064
2235248,2,VALIDATED,1789018627068
2235248,3,PROCESSED,1789018627197
2235249,1,INITIATED,1789018627064
2235249,2,VALIDATED,1789018627068
2235249,3,PROCESSED,1789018627196
2235250,1,INITIATED,1789018627064
2235250,2,VALIDATED,1789018627068
2235250,3,PROCESSED,1789018627197
2235251,1,INITIATED,1789018627064
2235251,2,VALIDATED,1789018627068
2235251,3,PROCESSED,1789018627196
2235252,1,INITIATED,1789018627064
2235252,2,VALIDATED,1789018627068
2235252,3,PROCESSED,1789018627197
2235253,1,INITIATED,1789018627080
2235253,2,VALIDATED,1789018627196
2235253,3,PROCESSED,1789018627522
2235254,1,INITIATED,1789018627192
2235254,2,VALIDATED,1789018627521
2235254,3,PROCESSED,1789018627540
2235255,1,INITIATED,1789018627192
2235255,2,VALIDATED,1789018627520
2235255,3,PROCESSED,1789018627539
2235256,1,INITIATED,1789018627192
2235256,2,VALIDATED,1789018627520
2235256,3,PROCESSED,1789018627526
2235257,1,INITIATED,1789018627192
2235257,2,VALIDATED,1789018627519
2235257,3,PROCESSED,1789018627526
2235258,1,INITIATED,1789018627192
2235258,2,VALIDATED,1789018627520
2235258,3,PROCESSED,1789018627527
2235259,1,INITIATED,1789018627197
2235259,2,VALIDATED,1789018627520
2235259,3,PROCESSED,1789018627539
2235260,1,INITIATED,1789018627522
2235260,2,VALIDATED,1789018627622
2235260,3,PROCESSED,1789018627643
2235261,1,INITIATED,1789018627521
2235261,2,VALIDATED,1789018627538
2235261,3,PROCESSED,1789018627627
2235262,1,INITIATED,1789018627521
2235262,2,VALIDATED,1789018627623
2235262,3,PROCESSED,1789018627643
2235263,1,INITIATED,1789018627521
2235263,2,VALIDATED,1789018627623
2235263,3,PROCESSED,1789018627642
2235264,1,INITIATED,1789018627522
2235264,2,VALIDATED,1789018627622
2235264,3,PROCESSED,1789018627642
2235265,1,INITIATED,1789018627519
2235265,2,VALIDATED,1789018627524
2235265,3,PROCESSED,1789018627626
2235266,1,INITIATED,1789018627522
2235266,2,VALIDATED,1789018627623
2235266,3,PROCESSED,1789018627642
2235267,1,INITIATED,1789018627521
2235267,2,VALIDATED,1789018627538
2235267,3,PROCESSED,1789018627626
2235268,1,INITIATED,1789018627520
2235268,2,VALIDATED,1789018627538
2235268,3,PROCESSED,1789018627627
2235269,1,INITIATED,1789018627520
2235269,2,VALIDATED,1789018627538
2235269,3,PROCESSED,1789018627626
2235270,1,INITIATED,1789018627521
2235270,2,VALIDATED,1789018627624
2235270,3,PROCESSED,1789018627644
2235271,1,INITIATED,1789018627521
2235271,2,VALIDATED,1789018627624
2235271,3,PROCESSED,1789018627643
2235272,1,INITIATED,1789018627520
2235272,2,VALIDATED,1789018627538
2235272,3,PROCESSED,1789018627627
2235273,1,INITIATED,1789018627521
2235273,2,VALIDATED,1789018627538
2235273,3,PROCESSED,1789018627626
2235274,1,INITIATED,1789018627520
2235274,2,VALIDATED,1789018627538
2235274,3,PROCESSED,1789018627625
2235275,1,INITIATED,1789018627522
2235275,2,VALIDATED,1789018627623
2235275,3,PROCESSED,1789018627643
2235276,1,INITIATED,1789018627537
2235276,2,VALIDATED,1789018627624
2235276,3,PROCESSED,1789018627642
2235277,1,INITIATED,1789018627556
2235277,2,VALIDATED,1789018627623
2235277,3,PROCESSED,1789018627642
2235278,1,INITIATED,1789018627577
2235278,2,VALIDATED,1789018627624
2235278,3,PROCESSED,1789018627643
2235279,1,INITIATED,1789018627597
2235279,2,VALIDATED,1789018627623
2235279,3,PROCESSED,1789018627644
2235280,1,INITIATED,1789018627616
2235280,2,VALIDATED,1789018627624
2235280,3,PROCESSED,1789018627644
2235281,1,INITIATED,1789018627636
2235281,2,VALIDATED,1789018627640
2235281,3,PROCESSED,1789018627646
2235282,1,INITIATED,1789018627656
2235282,2,VALIDATED,1789018627659
2235282,3,PROCESSED,1789018627663
2235283,1,INITIATED,1789018627677
2235283,2,VALIDATED,1789018627681
2235283,3,PROCESSED,1789018627685
2235284,1,INITIATED,1789018627697
2235284,2,VALIDATED,1789018627700
2235284,3,PROCESSED,1789018627704
2235285,1,INITIATED,1789018627716
2235285,2,VALIDATED,1789018627720
2235285,3,PROCESSED,1789018627723
2235286,1,INITIATED,1789018627736
2235286,2,VALIDATED,1789018627739
2235286,3,PROCESSED,1789018627743
2235287,1,INITIATED,1789018627756
2235287,2,VALIDATED,1789018627759
2235287,3,PROCESSED,1789018627767
2235288,1,INITIATED,1789018627776
2235288,2,VALIDATED,1789018627793
2235288,3,PROCESSED,1789018627797
2235289,1,INITIATED,1789018627796
2235289,2,VALIDATED,1789018627798
2235289,3,PROCESSED,1789018627802
2235290,1,INITIATED,1789018627817
2235290,2,VALIDATED,1789018627820
2235290,3,PROCESSED,1789018627823
2235291,1,INITIATED,1789018627837
2235291,2,VALIDATED,1789018627840
2235291,3,PROCESSED,1789018627843
2235292,1,INITIATED,1789018627856
2235292,2,VALIDATED,1789018627859
2235292,3,PROCESSED,1789018627862
2235293,1,INITIATED,1789018627876
2235293,2,VALIDATED,1789018627880
2235293,3,PROCESSED,1789018627883
2235294,1,INITIATED,1789018627896
2235294,2,VALIDATED,1789018627899
2235294,3,PROCESSED,1789018627903
2235295,1,INITIATED,1789018627916
2235295,2,VALIDATED,1789018627920
2235295,3,REJECTED,1789018627922
2235296,1,INITIATED,1789018627936
2235296,2,VALIDATED,1789018627940
2235296,3,REJECTED,1789018627943
2235297,1,INITIATED,1789018627964
2235297,2,VALIDATED,1789018628219
2235297,3,REJECTED,1789018628225
2235298,1,INITIATED,1789018628218
2235298,2,VALIDATED,1789018628224
2235298,3,REJECTED,1789018628323
2235299,1,INITIATED,1789018628218
2235299,2,VALIDATED,1789018628224
2235299,3,PROCESSED,1789018628327
2235300,1,INITIATED,1789018628219
2235300,2,VALIDATED,1789018628223
2235300,3,PROCESSED,1789018628327
2235301,1,INITIATED,1789018628218
2235301,2,VALIDATED,1789018628224
2235301,3,PROCESSED,1789018628326
2235302,1,INITIATED,1789018628218
2235302,2,VALIDATED,1789018628223
2235302,3,PROCESSED,1789018628327
2235303,1,INITIATED,1789018628218
2235303,2,VALIDATED,1789018628223
2235303,3,PROCESSED,1789018628326
2235304,1,INITIATED,1789018628219
2235304,2,VALIDATED,1789018628225
2235304,3,PROCESSED,1789018628327
2235305,1,INITIATED,1789018628218
2235305,2,VALIDATED,1789018628224
2235305,3,PROCESSED,1789018628327
2235306,1,INITIATED,1789018628218
2235306,2,VALIDATED,1789018628224
2235306,3,PROCESSED,1789018628326
2235307,1,INITIATED,1789018628218
2235307,2,VALIDATED,1789018628222
2235307,3,PROCESSED,1789018628326
2235308,1,INITIATED,1789018628219
2235308,2,VALIDATED,1789018628224
2235308,3,PROCESSED,1789018628327
2235309,1,INITIATED,1789018628219
2235309,2,VALIDATED,1789018628224
2235309,3,PROCESSED,1789018628328
2235310,1,INITIATED,1789018628219
2235310,2,VALIDATED,1789018628224
2235310,3,PROCESSED,1789018628326
2235311,1,INITIATED,1789018628320
2235311,2,VALIDATED,1789018628587
2235311,3,PROCESSED,1789018628693
2235312,1,INITIATED,1789018628320
2235312,2,VALIDATED,1789018628588
2235312,3,PROCESSED,1789018628693
2235313,1,INITIATED,1789018628320
2235313,2,VALIDATED,1789018628588
2235313,3,PROCESSED,1789018628693
2235314,1,INITIATED,1789018628319
2235314,2,VALIDATED,1789018628588
2235314,3,PROCESSED,1789018628693
2235315,1,INITIATED,1789018628319
2235315,2,VALIDATED,1789018628587
2235315,3,PROCESSED,1789018628692
2235316,1,INITIATED,1789018628363
2235316,2,VALIDATED,1789018628587
2235316,3,PROCESSED,1789018628693
2235317,1,INITIATED,1789018628363
2235317,2,VALIDATED,1789018628587
2235317,3,PROCESSED,1789018628693
2235318,1,INITIATED,1789018628586
2235318,2,VALIDATED,1789018628689
2235318,3,PROCESSED,1789018628706
2235319,1,INITIATED,1789018628588
2235319,2,VALIDATED,1789018628690
2235319,3,PROCESSED,1789018628704
2235320,1,INITIATED,1789018628588
2235320,2,VALIDATED,1789018628688
2235320,3,PROCESSED,1789018628705
2235321,1,INITIATED,1789018628588
2235321,2,VALIDATED,1789018628690
2235321,3,PROCESSED,1789018628705
2235322,1,INITIATED,1789018628586
2235322,2,VALIDATED,1789018628689
2235322,3,PROCESSED,1789018628704
2235323,1,INITIATED,1789018628586
2235323,2,VALIDATED,1789018628688
2235323,3,PROCESSED,1789018628704
2235324,1,INITIATED,1789018628586
2235324,2,VALIDATED,1789018628688
2235324,3,PROCESSED,1789018628705
2235325,1,INITIATED,1789018628585
2235325,2,VALIDATED,1789018628689
2235325,3,PROCESSED,1789018628704
2235326,1,INITIATED,1789018628588
2235326,2,VALIDATED,1789018628689
2235326,3,PROCESSED,1789018628705
2235327,1,INITIATED,1789018628586
2235327,2,VALIDATED,1789018628689
2235327,3,PROCESSED,1789018628705
2235328,1,INITIATED,1789018628588
2235328,2,VALIDATED,1789018628689
2235328,3,PROCESSED,1789018628704
2235329,1,INITIATED,1789018628602
2235329,2,VALIDATED,1789018628701
2235329,3,PROCESSED,1789018628709
2235330,1,INITIATED,1789018628617
2235330,2,VALIDATED,1789018628701
2235330,3,PROCESSED,1789018628709
2235331,1,INITIATED,1789018628636
2235331,2,VALIDATED,1789018628701
2235331,3,PROCESSED,1789018628709
2235332,1,INITIATED,1789018628657
2235332,2,VALIDATED,1789018628701
2235332,3,PROCESSED,1789018628708
2235333,1,INITIATED,1789018628677
2235333,2,VALIDATED,1789018628701
2235333,3,PROCESSED,1789018628709
2235334,1,INITIATED,1789018628696
2235334,2,VALIDATED,1789018628703
2235334,3,PROCESSED,1789018628709
2235335,1,INITIATED,1789018628716
2235335,2,VALIDATED,1789018628718
2235335,3,PROCESSED,1789018628722
2235336,1,INITIATED,1789018628736
2235336,2,VALIDATED,1789018628740
2235336,3,PROCESSED,1789018628743
2235337,1,INITIATED,1789018628757
2235337,2,VALIDATED,1789018628760
2235337,3,PROCESSED,1789018628764
2235338,1,INITIATED,1789018628776
2235338,2,VALIDATED,1789018628780
2235338,3,PROCESSED,1789018628783
2235339,1,INITIATED,1789018628796
2235339,2,VALIDATED,1789018628800
2235339,3,PROCESSED,1789018628804
2235340,1,INITIATED,1789018628817
2235340,2,VALIDATED,1789018628820
2235340,3,PROCESSED,1789018628825
2235341,1,INITIATED,1789018628836
2235341,2,VALIDATED,1789018628841
2235341,3,PROCESSED,1789018628844
2235342,1,INITIATED,1789018628855
2235342,2,VALIDATED,1789018628859
2235342,3,PROCESSED,1789018628862
2235343,1,INITIATED,1789018628877
2235343,2,VALIDATED,1789018628881
2235343,3,PROCESSED,1789018628885
2235344,1,INITIATED,1789018628896
2235344,2,VALIDATED,1789018628900
2235344,3,PROCESSED,1789018628903
2235345,1,INITIATED,1789018628917
2235345,2,VALIDATED,1789018628920
2235345,3,PROCESSED,1789018628923
2235346,1,INITIATED,1789018628936
2235346,2,VALIDATED,1789018628939
2235346,3,PROCESSED,1789018628942
2235347,1,INITIATED,1789018628956
2235347,2,VALIDATED,1789018629223
2235347,3,PROCESSED,1789018629231
2235348,1,INITIATED,1789018629223
2235348,2,VALIDATED,1789018629227
2235348,3,PROCESSED,1789018629360
2235349,1,INITIATED,1789018629224
2235349,2,VALIDATED,1789018629229
2235349,3,PROCESSED,1789018629359
2235350,1,INITIATED,1789018629224
2235350,2,VALIDATED,1789018629229
2235350,3,PROCESSED,1789018629358
2235351,1,INITIATED,1789018629224
2235351,2,VALIDATED,1789018629229
2235351,3,PROCESSED,1789018629358
2235352,1,INITIATED,1789018629224
2235352,2,VALIDATED,1789018629230
2235352,3,PROCESSED,1789018629359
2235353,1,INITIATED,1789018629223
2235353,2,VALIDATED,1789018629230
2235353,3,PROCESSED,1789018629358
2235354,1,INITIATED,1789018629224
2235354,2,VALIDATED,1789018629230
2235354,3,PROCESSED,1789018629358
2235355,1,INITIATED,1789018629223
2235355,2,VALIDATED,1789018629229
2235355,3,PROCESSED,1789018629359
2235356,1,INITIATED,1789018629223
2235356,2,VALIDATED,1789018629227
2235356,3,PROCESSED,1789018629359
2235357,1,INITIATED,1789018629223
2235357,2,VALIDATED,1789018629228
2235357,3,PROCESSED,1789018629359
2235358,1,INITIATED,1789018629224
2235358,2,VALIDATED,1789018629229
2235358,3,PROCESSED,1789018629360
2235359,1,INITIATED,1789018629223
2235359,2,VALIDATED,1789018629229
2235359,3,PROCESSED,1789018629357
2235360,1,INITIATED,1789018629223
2235360,2,VALIDATED,1789018629229
2235360,3,PROCESSED,1789018629358
2235361,1,INITIATED,1789018629240
2235361,2,VALIDATED,1789018629358
2235361,3,PROCESSED,1789018629543
2235362,1,INITIATED,1789018629350
2235362,2,VALIDATED,1789018629540
2235362,3,PROCESSED,1789018629559
2235363,1,INITIATED,1789018629350
2235363,2,VALIDATED,1789018629540
2235363,3,PROCESSED,1789018629559
2235364,1,INITIATED,1789018629350
2235364,2,VALIDATED,1789018629539
2235364,3,PROCESSED,1789018629559
2235365,1,INITIATED,1789018629350
2235365,2,VALIDATED,1789018629540
2235365,3,PROCESSED,1789018629559
2235366,1,INITIATED,1789018629350
2235366,2,VALIDATED,1789018629540
2235366,3,PROCESSED,1789018629559
2235367,1,INITIATED,1789018629359
2235367,2,VALIDATED,1789018629540
2235367,3,PROCESSED,1789018629559
2235368,1,INITIATED,1789018629540
2235368,2,VALIDATED,1789018629557
2235368,3,PROCESSED,1789018629647
2235369,1,INITIATED,1789018629540
2235369,2,VALIDATED,1789018629557
2235369,3,PROCESSED,1789018629646
2235370,1,INITIATED,1789018629539
2235370,2,VALIDATED,1789018629544
2235370,3,PROCESSED,1789018629646
2235371,1,INITIATED,1789018629539
2235371,2,VALIDATED,1789018629544
2235371,3,PROCESSED,1789018629645
2235372,1,INITIATED,1789018629540
2235372,2,VALIDATED,1789018629557
2235372,3,PROCESSED,1789018629647
2235373,1,INITIATED,1789018629540
2235373,2,VALIDATED,1789018629557
2235373,3,PROCESSED,1789018629647
2235374,1,INITIATED,1789018629539
2235374,2,VALIDATED,1789018629544
2235374,3,PROCESSED,1789018629646
2235375,1,INITIATED,1789018629539
2235375,2,VALIDATED,1789018629544
2235375,3,PROCESSED,1789018629646
2235376,1,INITIATED,1789018629538
2235376,2,VALIDATED,1789018629544
2235376,3,PROCESSED,1789018629647
2235377,1,INITIATED,1789018629557
2235377,2,VALIDATED,1789018629642
2235377,3,PROCESSED,1789018629659
2235378,1,INITIATED,1789018629577
2235378,2,VALIDATED,1789018629643
2235378,3,PROCESSED,1789018629659
2235379,1,INITIATED,1789018629596
2235379,2,VALIDATED,1789018629643
2235379,3,PROCESSED,1789018629659
2235380,1,INITIATED,1789018629616
2235380,2,VALIDATED,1789018629644
2235380,3,PROCESSED,1789018629660
2235381,1,INITIATED,1789018629637
2235381,2,VALIDATED,1789018629643
2235381,3,PROCESSED,1789018629659
2235382,1,INITIATED,1789018629656
2235382,2,VALIDATED,1789018629659
2235382,3,PROCESSED,1789018629678
2235383,1,INITIATED,1789018629676
2235383,2,VALIDATED,1789018629678
2235383,3,PROCESSED,1789018629697
2235384,1,INITIATED,1789018629696
2235384,2,VALIDATED,1789018629698
2235384,3,PROCESSED,1789018629716
2235385,1,INITIATED,1789018629716
2235385,2,VALIDATED,1789018629732
2235385,3,PROCESSED,1789018629735
2235386,1,INITIATED,1789018629736
2235386,2,VALIDATED,1789018629738
2235386,3,PROCESSED,1789018629741
2235387,1,INITIATED,1789018629756
2235387,2,VALIDATED,1789018629760
2235387,3,PROCESSED,1789018629764
2235388,1,INITIATED,1789018629776
2235388,2,VALIDATED,1789018629780
2235388,3,PROCESSED,1789018629786
2235389,1,INITIATED,1789018629796
2235389,2,VALIDATED,1789018629805
2235389,3,PROCESSED,1789018629809
2235390,1,INITIATED,1789018629816
2235390,2,VALIDATED,1789018629834
2235390,3,PROCESSED,1789018629840
2235391,1,INITIATED,1789018629839
2235391,2,VALIDATED,1789018629841
2235391,3,PROCESSED,1789018629845
2235392,1,INITIATED,1789018629856
2235392,2,VALIDATED,1789018629860
2235392,3,PROCESSED,1789018629864
2235393,1,INITIATED,1789018629877
2235393,2,VALIDATED,1789018629880
2235393,3,PROCESSED,1789018629884
2235394,1,INITIATED,1789018629897
2235394,2,VALIDATED,1789018629901
2235394,3,PROCESSED,1789018629904
2235395,1,INITIATED,1789018629916
2235395,2,VALIDATED,1789018629920
2235395,3,REJECTED,1789018629923
2235396,1,INITIATED,1789018629936
2235396,2,VALIDATED,1789018629940
2235396,3,REJECTED,1789018629942
2235397,1,INITIATED,1789018629957
2235397,2,VALIDATED,1789018630082
2235397,3,REJECTED,1789018630214
2235398,1,INITIATED,1789018630077
2235398,2,VALIDATED,1789018630083
2235398,3,REJECTED,1789018630214
2235399,1,INITIATED,1789018630078
2235399,2,VALIDATED,1789018630082
2235399,3,PROCESSED,1789018630216
2235400,1,INITIATED,1789018630077
2235400,2,VALIDATED,1789018630082
2235400,3,PROCESSED,1789018630216
2235401,1,INITIATED,1789018630077
2235401,2,VALIDATED,1789018630082
2235401,3,PROCESSED,1789018630216
2235402,1,INITIATED,1789018630078
2235402,2,VALIDATED,1789018630082
2235402,3,PROCESSED,1789018630216
2235403,1,INITIATED,1789018630077
2235403,2,VALIDATED,1789018630082
2235403,3,PROCESSED,1789018630216
2235404,1,INITIATED,1789018630176
2235404,2,VALIDATED,1789018630214
2235404,3,PROCESSED,1789018630512
2235405,1,INITIATED,1789018630176
2235405,2,VALIDATED,1789018630214
2235405,3,PROCESSED,1789018630512
2235406,1,INITIATED,1789018630176
2235406,2,VALIDATED,1789018630214
2235406,3,PROCESSED,1789018630512
2235407,1,INITIATED,1789018630176
2235407,2,VALIDATED,1789018630214
2235407,3,PROCESSED,1789018630512
2235408,1,INITIATED,1789018630177
2235408,2,VALIDATED,1789018630214
2235408,3,PROCESSED,1789018630512
2235409,1,INITIATED,1789018630210
2235409,2,VALIDATED,1789018630510
2235409,3,PROCESSED,1789018630642
2235410,1,INITIATED,1789018630217
2235410,2,VALIDATED,1789018630509
2235410,3,PROCESSED,1789018630642
2235411,1,INITIATED,1789018630507
2235411,2,VALIDATED,1789018630640
2235411,3,PROCESSED,1789018630661
2235412,1,INITIATED,1789018630510
2235412,2,VALIDATED,1789018630639
2235412,3,PROCESSED,1789018630660
2235413,1,INITIATED,1789018630509
2235413,2,VALIDATED,1789018630640
2235413,3,PROCESSED,1789018630660
2235414,1,INITIATED,1789018630508
2235414,2,VALIDATED,1789018630640
2235414,3,PROCESSED,1789018630660
2235415,1,INITIATED,1789018630509
2235415,2,VALIDATED,1789018630640
2235415,3,PROCESSED,1789018630660
2235416,1,INITIATED,1789018630509
2235416,2,VALIDATED,1789018630639
2235416,3,PROCESSED,1789018630659
2235417,1,INITIATED,1789018630507
2235417,2,VALIDATED,1789018630640
2235417,3,PROCESSED,1789018630660
2235418,1,INITIATED,1789018630510
2235418,2,VALIDATED,1789018630639
2235418,3,PROCESSED,1789018630661
2235419,1,INITIATED,1789018630509
2235419,2,VALIDATED,1789018630640
2235419,3,PROCESSED,1789018630660
2235420,1,INITIATED,1789018630508
2235420,2,VALIDATED,1789018630640
2235420,3,PROCESSED,1789018630661
2235421,1,INITIATED,1789018630508
2235421,2,VALIDATED,1789018630639
2235421,3,PROCESSED,1789018630660
2235422,1,INITIATED,1789018630508
2235422,2,VALIDATED,1789018630640
2235422,3,PROCESSED,1789018630659
2235423,1,INITIATED,1789018630507
2235423,2,VALIDATED,1789018630640
2235423,3,PROCESSED,1789018630660
2235424,1,INITIATED,1789018630508
2235424,2,VALIDATED,1789018630640
2235424,3,PROCESSED,1789018630659
2235425,1,INITIATED,1789018630516
2235425,2,VALIDATED,1789018630639
2235425,3,PROCESSED,1789018630659
2235426,1,INITIATED,1789018630637
2235426,2,VALIDATED,1789018630658
2235426,3,PROCESSED,1789018630677
2235427,1,INITIATED,1789018630637
2235427,2,VALIDATED,1789018630657
2235427,3,PROCESSED,1789018630677
2235428,1,INITIATED,1789018630637
2235428,2,VALIDATED,1789018630656
2235428,3,PROCESSED,1789018630676
2235429,1,INITIATED,1789018630637
2235429,2,VALIDATED,1789018630658
2235429,3,PROCESSED,1789018630677
2235430,1,INITIATED,1789018630637
2235430,2,VALIDATED,1789018630658
2235430,3,PROCESSED,1789018630677
2235431,1,INITIATED,1789018630637
2235431,2,VALIDATED,1789018630657
2235431,3,PROCESSED,1789018630677
2235432,1,INITIATED,1789018630657
2235432,2,VALIDATED,1789018630676
2235432,3,PROCESSED,1789018630695
2235433,1,INITIATED,1789018630676
2235433,2,VALIDATED,1789018630694
2235433,3,PROCESSED,1789018630698
2235434,1,INITIATED,1789018630696
2235434,2,VALIDATED,1789018630699
2235434,3,PROCESSED,1789018630716
2235435,1,INITIATED,1789018630716
2235435,2,VALIDATED,1789018630718
2235435,3,PROCESSED,1789018630737
2235436,1,INITIATED,1789018630736
2235436,2,VALIDATED,1789018630739
2235436,3,PROCESSED,1789018630743
2235437,1,INITIATED,1789018630757
2235437,2,VALIDATED,1789018630760
2235437,3,PROCESSED,1789018630764
2235438,1,INITIATED,1789018630776
2235438,2,VALIDATED,1789018630779
2235438,3,PROCESSED,1789018630782
2235439,1,INITIATED,1789018630796
2235439,2,VALIDATED,1789018630799
2235439,3,PROCESSED,1789018630818
2235440,1,INITIATED,1789018630817
2235440,2,VALIDATED,1789018630820
2235440,3,PROCESSED,1789018630824
2235441,1,INITIATED,1789018630836
2235441,2,VALIDATED,1789018630840
2235441,3,PROCESSED,1789018630845
2235442,1,INITIATED,1789018630856
2235442,2,VALIDATED,1789018630860
2235442,3,PROCESSED,1789018630862
2235443,1,INITIATED,1789018630876
2235443,2,VALIDATED,1789018630879
2235443,3,PROCESSED,1789018630882
2235444,1,INITIATED,1789018630896
2235444,2,VALIDATED,1789018630899
2235444,3,PROCESSED,1789018630902
2235445,1,INITIATED,1789018630916
2235445,2,VALIDATED,1789018630919
2235445,3,PROCESSED,1789018630922
2235446,1,INITIATED,1789018630936
2235446,2,VALIDATED,1789018630939
2235446,3,PROCESSED,1789018630942
2235447,1,INITIATED,1789018630956
2235447,2,VALIDATED,1789018631162
2235447,3,PROCESSED,1789018631171
2235448,1,INITIATED,1789018631160
2235448,2,VALIDATED,1789018631169
2235448,3,PROCESSED,1789018631294
2235449,1,INITIATED,1789018631161
2235449,2,VALIDATED,1789018631290
2235449,3,PROCESSED,1789018631298
2235450,1,INITIATED,1789018631160
2235450,2,VALIDATED,1789018631168
2235450,3,PROCESSED,1789018631294
2235451,1,INITIATED,1789018631160
2235451,2,VALIDATED,1789018631169
2235451,3,PROCESSED,1789018631295
2235452,1,INITIATED,1789018631161
2235452,2,VALIDATED,1789018631289
2235452,3,PROCESSED,1789018631297
2235453,1,INITIATED,1789018631161
2235453,2,VALIDATED,1789018631292
2235453,3,PROCESSED,1789018631299
2235454,1,INITIATED,1789018631161
2235454,2,VALIDATED,1789018631290
2235454,3,PROCESSED,1789018631297
2235455,1,INITIATED,1789018631160
2235455,2,VALIDATED,1789018631169
2235455,3,PROCESSED,1789018631295
2235456,1,INITIATED,1789018631160
2235456,2,VALIDATED,1789018631169
2235456,3,PROCESSED,1789018631296
2235457,1,INITIATED,1789018631160
2235457,2,VALIDATED,1789018631168
2235457,3,PROCESSED,1789018631294
2235458,1,INITIATED,1789018631181
2235458,2,VALIDATED,1789018631293
2235458,3,PROCESSED,1789018631506
2235459,1,INITIATED,1789018631290
2235459,2,VALIDATED,1789018631296
2235459,3,PROCESSED,1789018631507
2235460,1,INITIATED,1789018631290
2235460,2,VALIDATED,1789018631295
2235460,3,PROCESSED,1789018631507
2235461,1,INITIATED,1789018631290
2235461,2,VALIDATED,1789018631295
2235461,3,PROCESSED,1789018631506
2235462,1,INITIATED,1789018631290
2235462,2,VALIDATED,1789018631296
2235462,3,PROCESSED,1789018631506
2235463,1,INITIATED,1789018631290
2235463,2,VALIDATED,1789018631297
2235463,3,PROCESSED,1789018631507
2235464,1,INITIATED,1789018631297
2235464,2,VALIDATED,1789018631505
2235464,3,PROCESSED,1789018631600
2235465,1,INITIATED,1789018631504
2235465,2,VALIDATED,1789018631598
2235465,3,PROCESSED,1789018631631
2235466,1,INITIATED,1789018631503
2235466,2,VALIDATED,1789018631598
2235466,3,PROCESSED,1789018631630
2235467,1,INITIATED,1789018631504
2235467,2,VALIDATED,1789018631598
2235467,3,PROCESSED,1789018631631
2235468,1,INITIATED,1789018631505
2235468,2,VALIDATED,1789018631597
2235468,3,PROCESSED,1789018631632
2235469,1,INITIATED,1789018631504
2235469,2,VALIDATED,1789018631598
2235469,3,PROCESSED,1789018631631
2235470,1,INITIATED,1789018631505
2235470,2,VALIDATED,1789018631598
2235470,3,PROCESSED,1789018631630
2235471,1,INITIATED,1789018631505
2235471,2,VALIDATED,1789018631598
2235471,3,PROCESSED,1789018631631
2235472,1,INITIATED,1789018631504
2235472,2,VALIDATED,1789018631598
2235472,3,PROCESSED,1789018631630
2235473,1,INITIATED,1789018631504
2235473,2,VALIDATED,1789018631597
2235473,3,PROCESSED,1789018631631
2235474,1,INITIATED,1789018631505
2235474,2,VALIDATED,1789018631597
2235474,3,PROCESSED,1789018631631
2235475,1,INITIATED,1789018631517
2235475,2,VALIDATED,1789018631614
2235475,3,PROCESSED,1789018631631
2235476,1,INITIATED,1789018631537
2235476,2,VALIDATED,1789018631614
2235476,3,PROCESSED,1789018631631
2235477,1,INITIATED,1789018631556
2235477,2,VALIDATED,1789018631614
2235477,3,PROCESSED,1789018631631
2235478,1,INITIATED,1789018631576
2235478,2,VALIDATED,1789018631614
2235478,3,PROCESSED,1789018631631
2235479,1,INITIATED,1789018631597
2235479,2,VALIDATED,1789018631629
2235479,3,PROCESSED,1789018631647
2235480,1,INITIATED,1789018631617
2235480,2,VALIDATED,1789018631629
2235480,3,PROCESSED,1789018631647
2235481,1,INITIATED,1789018631636
2235481,2,VALIDATED,1789018631645
2235481,3,PROCESSED,1789018631650
2235482,1,INITIATED,1789018631656
2235482,2,VALIDATED,1789018631664
2235482,3,PROCESSED,1789018631681
2235483,1,INITIATED,1789018631677
2235483,2,VALIDATED,1789018631680
2235483,3,PROCESSED,1789018631684
2235484,1,INITIATED,1789018631696
2235484,2,VALIDATED,1789018631711
2235484,3,PROCESSED,1789018631715
2235485,1,INITIATED,1789018631716
2235485,2,VALIDATED,1789018631719
2235485,3,PROCESSED,1789018631735
2235486,1,INITIATED,1789018631736
2235486,2,VALIDATED,1789018631738
2235486,3,PROCESSED,1789018631742
2235487,1,INITIATED,1789018631757
2235487,2,VALIDATED,1789018631761
2235487,3,PROCESSED,1789018631765
2235488,1,INITIATED,1789018631777
2235488,2,VALIDATED,1789018631781
2235488,3,PROCESSED,1789018631785
2235489,1,INITIATED,1789018631796
2235489,2,VALIDATED,1789018631799
2235489,3,PROCESSED,1789018631804
2235490,1,INITIATED,1789018631817
2235490,2,VALIDATED,1789018631820
2235490,3,PROCESSED,1789018631824
2235491,1,INITIATED,1789018631836
2235491,2,VALIDATED,1789018631839
2235491,3,PROCESSED,1789018631844
2235492,1,INITIATED,1789018631857
2235492,2,VALIDATED,1789018631860
2235492,3,PROCESSED,1789018631864
2235493,1,INITIATED,1789018631876
2235493,2,VALIDATED,1789018631881
2235493,3,PROCESSED,1789018631886
2235494,1,INITIATED,1789018631896
2235494,2,VALIDATED,1789018631900
2235494,3,PROCESSED,1789018631904
2235495,1,INITIATED,1789018631916
2235495,2,VALIDATED,1789018631920
2235495,3,REJECTED,1789018631923
2235496,1,INITIATED,1789018631936
2235496,2,VALIDATED,1789018631940
2235496,3,REJECTED,1789018631942
2235497,1,INITIATED,1789018631956
2235497,2,VALIDATED,1789018632169
2235497,3,REJECTED,1789018632267
2235498,1,INITIATED,1789018631985
2235498,2,VALIDATED,1789018632268
2235498,3,REJECTED,1789018632312
2235499,1,INITIATED,1789018632168
2235499,2,VALIDATED,1789018632268
2235499,3,PROCESSED,1789018632553
2235500,1,INITIATED,1789018632169
2235500,2,VALIDATED,1789018632268
2235500,3,PROCESSED,1789018632551
2235501,1,INITIATED,1789018632168
2235501,2,VALIDATED,1789018632268
2235501,3,PROCESSED,1789018632553
2235502,1,INITIATED,1789018632169
2235502,2,VALIDATED,1789018632267
2235502,3,PROCESSED,1789018632552
2235503,1,INITIATED,1789018632168
2235503,2,VALIDATED,1789018632268
2235503,3,PROCESSED,1789018632553
2235504,1,INITIATED,1789018632168
2235504,2,VALIDATED,1789018632268
2235504,3,PROCESSED,1789018632553
2235505,1,INITIATED,1789018632168
2235505,2,VALIDATED,1789018632268
2235505,3,PROCESSED,1789018632554
2235506,1,INITIATED,1789018632169
2235506,2,VALIDATED,1789018632268
2235506,3,PROCESSED,1789018632552
2235507,1,INITIATED,1789018632169
2235507,2,VALIDATED,1789018632267
2235507,3,PROCESSED,1789018632552
2235508,1,INITIATED,1789018632176
2235508,2,VALIDATED,1789018632267
2235508,3,PROCESSED,1789018632554
2235509,1,INITIATED,1789018632265
2235509,2,VALIDATED,1789018632312
2235509,3,PROCESSED,1789018632558
2235510,1,INITIATED,1789018632265
2235510,2,VALIDATED,1789018632312
2235510,3,PROCESSED,1789018632557
2235511,1,INITIATED,1789018632265
2235511,2,VALIDATED,1789018632312
2235511,3,PROCESSED,1789018632557
2235512,1,INITIATED,1789018632265
2235512,2,VALIDATED,1789018632312
2235512,3,PROCESSED,1789018632559
2235513,1,INITIATED,1789018632280
2235513,2,VALIDATED,1789018632549
2235513,3,PROCESSED,1789018632639
2235514,1,INITIATED,1789018632310
2235514,2,VALIDATED,1789018632549
2235514,3,PROCESSED,1789018632640
2235515,1,INITIATED,1789018632549
2235515,2,VALIDATED,1789018632637
2235515,3,PROCESSED,1789018632658
2235516,1,INITIATED,1789018632549
2235516,2,VALIDATED,1789018632557
2235516,3,PROCESSED,1789018632655
2235517,1,INITIATED,1789018632548
2235517,2,VALIDATED,1789018632557
2235517,3,PROCESSED,1789018632656
2235518,1,INITIATED,1789018632550
2235518,2,VALIDATED,1789018632638
2235518,3,PROCESSED,1789018632657
2235519,1,INITIATED,1789018632548
2235519,2,VALIDATED,1789018632557
2235519,3,PROCESSED,1789018632657
2235520,1,INITIATED,1789018632548
2235520,2,VALIDATED,1789018632557
2235520,3,PROCESSED,1789018632656
2235521,1,INITIATED,1789018632550
2235521,2,VALIDATED,1789018632637
2235521,3,PROCESSED,1789018632659
2235522,1,INITIATED,1789018632550
2235522,2,VALIDATED,1789018632637
2235522,3,PROCESSED,1789018632657
2235523,1,INITIATED,1789018632549
2235523,2,VALIDATED,1789018632637
2235523,3,PROCESSED,1789018632657
2235524,1,INITIATED,1789018632550
2235524,2,VALIDATED,1789018632637
2235524,3,PROCESSED,1789018632658
2235525,1,INITIATED,1789018632550
2235525,2,VALIDATED,1789018632637
2235525,3,PROCESSED,1789018632657
2235526,1,INITIATED,1789018632549
2235526,2,VALIDATED,1789018632638
2235526,3,PROCESSED,1789018632658
2235527,1,INITIATED,1789018632558
2235527,2,VALIDATED,1789018632654
2235527,3,PROCESSED,1789018632661
2235528,1,INITIATED,1789018632577
2235528,2,VALIDATED,1789018632655
2235528,3,PROCESSED,1789018632661
2235529,1,INITIATED,1789018632597
2235529,2,VALIDATED,1789018632654
2235529,3,PROCESSED,1789018632661
2235530,1,INITIATED,1789018632617
2235530,2,VALIDATED,1789018632653
2235530,3,PROCESSED,1789018632660
2235531,1,INITIATED,1789018632637
2235531,2,VALIDATED,1789018632655
2235531,3,PROCESSED,1789018632662
2235532,1,INITIATED,1789018632657
2235532,2,VALIDATED,1789018632661
2235532,3,PROCESSED,1789018632665
2235533,1,INITIATED,1789018632676
2235533,2,VALIDATED,1789018632680
2235533,3,PROCESSED,1789018632684
2235534,1,INITIATED,1789018632696
2235534,2,VALIDATED,1789018632699
2235534,3,PROCESSED,1789018632703
2235535,1,INITIATED,1789018632716
2235535,2,VALIDATED,1789018632719
2235535,3,PROCESSED,1789018632737
2235536,1,INITIATED,1789018632736
2235536,2,VALIDATED,1789018632739
2235536,3,PROCESSED,1789018632742
2235537,1,INITIATED,1789018632756
2235537,2,VALIDATED,1789018632761
2235537,3,PROCESSED,1789018632765
2235538,1,INITIATED,1789018632776
2235538,2,VALIDATED,1789018632780
2235538,3,PROCESSED,1789018632787
2235539,1,INITIATED,1789018632797
2235539,2,VALIDATED,1789018632801
2235539,3,PROCESSED,1789018632806
2235540,1,INITIATED,1789018632817
2235540,2,VALIDATED,1789018632821
2235540,3,PROCESSED,1789018632825
2235541,1,INITIATED,1789018632836
2235541,2,VALIDATED,1789018632842
2235541,3,PROCESSED,1789018632845
2235542,1,INITIATED,1789018632857
2235542,2,VALIDATED,1789018632862
2235542,3,PROCESSED,1789018632866
2235543,1,INITIATED,1789018632877
2235543,2,VALIDATED,1789018632882
2235543,3,PROCESSED,1789018632888
2235544,1,INITIATED,1789018632897
2235544,2,VALIDATED,1789018632900
2235544,3,PROCESSED,1789018632904
2235545,1,INITIATED,1789018632916
2235545,2,VALIDATED,1789018632920
2235545,3,PROCESSED,1789018632925
2235546,1,INITIATED,1789018632936
2235546,2,VALIDATED,1789018632940
2235546,3,PROCESSED,1789018632944
2235547,1,INITIATED,1789018632956
2235547,2,VALIDATED,1789018633257
2235547,3,PROCESSED,1789018633385
2235548,1,INITIATED,1789018632995
2235548,2,VALIDATED,1789018633256
2235548,3,PROCESSED,1789018633262
2235549,1,INITIATED,1789018633256
2235549,2,VALIDATED,1789018633382
2235549,3,PROCESSED,1789018633429
2235550,1,INITIATED,1789018633256
2235550,2,VALIDATED,1789018633382
2235550,3,PROCESSED,1789018633429
2235551,1,INITIATED,1789018633256
2235551,2,VALIDATED,1789018633260
2235551,3,PROCESSED,1789018633386
2235552,1,INITIATED,1789018633256
2235552,2,VALIDATED,1789018633382
2235552,3,PROCESSED,1789018633429
2235553,1,INITIATED,1789018633255
2235553,2,VALIDATED,1789018633260
2235553,3,PROCESSED,1789018633387
2235554,1,INITIATED,1789018633256
2235554,2,VALIDATED,1789018633383
2235554,3,PROCESSED,1789018633660
2235555,1,INITIATED,1789018633257
2235555,2,VALIDATED,1789018633383
2235555,3,PROCESSED,1789018633429
2235556,1,INITIATED,1789018633255
2235556,2,VALIDATED,1789018633260
2235556,3,PROCESSED,1789018633387
2235557,1,INITIATED,1789018633256
2235557,2,VALIDATED,1789018633260
2235557,3,PROCESSED,1789018633386
2235558,1,INITIATED,1789018633256
2235558,2,VALIDATED,1789018633260
2235558,3,PROCESSED,1789018633386
2235559,1,INITIATED,1789018633255
2235559,2,VALIDATED,1789018633260
2235559,3,PROCESSED,1789018633387
2235560,1,INITIATED,1789018633255
2235560,2,VALIDATED,1789018633260
2235560,3,PROCESSED,1789018633387
2235561,1,INITIATED,1789018633255
2235561,2,VALIDATED,1789018633260
2235561,3,PROCESSED,1789018633386
2235562,1,INITIATED,1789018633257
2235562,2,VALIDATED,1789018633383
2235562,3,PROCESSED,1789018633659
2235563,1,INITIATED,1789018633382
2235563,2,VALIDATED,1789018633400
2235563,3,PROCESSED,1789018633663
2235564,1,INITIATED,1789018633383
2235564,2,VALIDATED,1789018633429
2235564,3,PROCESSED,1789018633663
2235565,1,INITIATED,1789018633382
2235565,2,VALIDATED,1789018633401
2235565,3,PROCESSED,1789018633662
2235566,1,INITIATED,1789018633382
2235566,2,VALIDATED,1789018633401
2235566,3,PROCESSED,1789018633663
2235567,1,INITIATED,1789018633382
2235567,2,VALIDATED,1789018633400
2235567,3,PROCESSED,1789018633663
2235568,1,INITIATED,1789018633383
2235568,2,VALIDATED,1789018633400
2235568,3,PROCESSED,1789018633663
2235569,1,INITIATED,1789018633398
2235569,2,VALIDATED,1789018633660
2235569,3,PROCESSED,1789018633762
2235570,1,INITIATED,1789018633429
2235570,2,VALIDATED,1789018633675
2235570,3,PROCESSED,1789018633763
2235571,1,INITIATED,1789018633661
2235571,2,VALIDATED,1789018633760
2235571,3,PROCESSED,1789018633780
2235572,1,INITIATED,1789018633661
2235572,2,VALIDATED,1789018633760
2235572,3,PROCESSED,1789018633781
2235573,1,INITIATED,1789018633663
2235573,2,VALIDATED,1789018633760
2235573,3,PROCESSED,1789018633781
2235574,1,INITIATED,1789018633662
2235574,2,VALIDATED,1789018633761
2235574,3,PROCESSED,1789018633780
2235575,1,INITIATED,1789018633662
2235575,2,VALIDATED,1789018633761
2235575,3,PROCESSED,1789018633782
2235576,1,INITIATED,1789018633661
2235576,2,VALIDATED,1789018633760
2235576,3,PROCESSED,1789018633780
2235577,1,INITIATED,1789018633661
2235577,2,VALIDATED,1789018633761
2235577,3,PROCESSED,1789018633781
2235578,1,INITIATED,1789018633663
2235578,2,VALIDATED,1789018633760
2235578,3,PROCESSED,1789018633779
2235579,1,INITIATED,1789018633662
2235579,2,VALIDATED,1789018633761
2235579,3,PROCESSED,1789018633780
2235580,1,INITIATED,1789018633662
2235580,2,VALIDATED,1789018633761
2235580,3,PROCESSED,1789018633781
2235581,1,INITIATED,1789018633662
2235581,2,VALIDATED,1789018633760
2235581,3,PROCESSED,1789018633781
2235582,1,INITIATED,1789018633662
2235582,2,VALIDATED,1789018633760
2235582,3,PROCESSED,1789018633782
2235583,1,INITIATED,1789018633676
2235583,2,VALIDATED,1789018633762
2235583,3,PROCESSED,1789018633782
2235584,1,INITIATED,1789018633697
2235584,2,VALIDATED,1789018633761
2235584,3,PROCESSED,1789018633780
2235585,1,INITIATED,1789018633717
2235585,2,VALIDATED,1789018633762
2235585,3,PROCESSED,1789018633782
2235586,1,INITIATED,1789018633736
2235586,2,VALIDATED,1789018633762
2235586,3,PROCESSED,1789018633781
2235587,1,INITIATED,1789018633757
2235587,2,VALIDATED,1789018633776
2235587,3,PROCESSED,1789018633785
2235588,1,INITIATED,1789018633776
2235588,2,VALIDATED,1789018633783
2235588,3,PROCESSED,1789018633787
2235589,1,INITIATED,1789018633796
2235589,2,VALIDATED,1789018633798
2235589,3,PROCESSED,1789018633802
2235590,1,INITIATED,1789018633817
2235590,2,VALIDATED,1789018633820
2235590,3,PROCESSED,1789018633824
2235591,1,INITIATED,1789018633836
2235591,2,VALIDATED,1789018633839
2235591,3,PROCESSED,1789018633844
2235592,1,INITIATED,1789018633856
2235592,2,VALIDATED,1789018633859
2235592,3,PROCESSED,1789018633863
2235593,1,INITIATED,1789018633877
2235593,2,VALIDATED,1789018633880
2235593,3,PROCESSED,1789018633883
2235594,1,INITIATED,1789018633897
2235594,2,VALIDATED,1789018633900
2235594,3,PROCESSED,1789018633904
2235595,1,INITIATED,1789018633916
2235595,2,VALIDATED,1789018633919
2235595,3,REJECTED,1789018633922
2235596,1,INITIATED,1789018633937
2235596,2,VALIDATED,1789018633940
2235596,3,REJECTED,1789018633942
2235597,1,INITIATED,1789018633963
2235597,2,VALIDATED,1789018634229
2235597,3,REJECTED,1789018634329
2235598,1,INITIATED,1789018633992
2235598,2,VALIDATED,1789018634229
2235598,3,REJECTED,1789018634327
2235599,1,INITIATED,1789018634229
2235599,2,VALIDATED,1789018634329
2235599,3,PROCESSED,1789018634605
2235600,1,INITIATED,1789018634229
2235600,2,VALIDATED,1789018634329
2235600,3,PROCESSED,1789018634606
2235601,1,INITIATED,1789018634229
2235601,2,VALIDATED,1789018634329
2235601,3,PROCESSED,1789018634606
2235602,1,INITIATED,1789018634229
2235602,2,VALIDATED,1789018634330
2235602,3,PROCESSED,1789018634607
2235603,1,INITIATED,1789018634228
2235603,2,VALIDATED,1789018634327
2235603,3,PROCESSED,1789018634606
2235604,1,INITIATED,1789018634228
2235604,2,VALIDATED,1789018634329
2235604,3,PROCESSED,1789018634607
2235605,1,INITIATED,1789018634228
2235605,2,VALIDATED,1789018634327
2235605,3,PROCESSED,1789018634606
2235606,1,INITIATED,1789018634228
2235606,2,VALIDATED,1789018634329
2235606,3,PROCESSED,1789018634608
2235607,1,INITIATED,1789018634228
2235607,2,VALIDATED,1789018634327
2235607,3,PROCESSED,1789018634607
2235608,1,INITIATED,1789018634229
2235608,2,VALIDATED,1789018634329
2235608,3,PROCESSED,1789018634608
2235609,1,INITIATED,1789018634230
2235609,2,VALIDATED,1789018634329
2235609,3,PROCESSED,1789018634607
2235610,1,INITIATED,1789018634229
2235610,2,VALIDATED,1789018634329
2235610,3,PROCESSED,1789018634608
2235611,1,INITIATED,1789018634243
2235611,2,VALIDATED,1789018634371
2235611,3,PROCESSED,1789018634608
2235612,1,INITIATED,1789018634327
2235612,2,VALIDATED,1789018634372
2235612,3,PROCESSED,1789018634608
2235613,1,INITIATED,1789018634327
2235613,2,VALIDATED,1789018634600
2235613,3,PROCESSED,1789018634728
2235614,1,INITIATED,1789018634327
2235614,2,VALIDATED,1789018634600
2235614,3,PROCESSED,1789018634608
2235615,1,INITIATED,1789018634327
2235615,2,VALIDATED,1789018634599
2235615,3,PROCESSED,1789018634619
2235616,1,INITIATED,1789018634340
2235616,2,VALIDATED,1789018634601
2235616,3,PROCESSED,1789018634619
2235617,1,INITIATED,1789018634370
2235617,2,VALIDATED,1789018634601
2235617,3,PROCESSED,1789018634619
2235618,1,INITIATED,1789018634602
2235618,2,VALIDATED,1789018634726
2235618,3,PROCESSED,1789018634734
2235619,1,INITIATED,1789018634605
2235619,2,VALIDATED,1789018634727
2235619,3,PROCESSED,1789018634735
2235620,1,INITIATED,1789018634603
2235620,2,VALIDATED,1789018634727
2235620,3,PROCESSED,1789018634736
2235621,1,INITIATED,1789018634605
2235621,2,VALIDATED,1789018634725
2235621,3,PROCESSED,1789018634734
2235622,1,INITIATED,1789018634603
2235622,2,VALIDATED,1789018634727
2235622,3,PROCESSED,1789018634735
2235623,1,INITIATED,1789018634601
2235623,2,VALIDATED,1789018634725
2235623,3,PROCESSED,1789018634733
2235624,1,INITIATED,1789018634601
2235624,2,VALIDATED,1789018634725
2235624,3,PROCESSED,1789018634734
2235625,1,INITIATED,1789018634599
2235625,2,VALIDATED,1789018634607
2235625,3,PROCESSED,1789018634729
2235626,1,INITIATED,1789018634599
2235626,2,VALIDATED,1789018634617
2235626,3,PROCESSED,1789018634730
2235627,1,INITIATED,1789018634602
2235627,2,VALIDATED,1789018634727
2235627,3,PROCESSED,1789018634736
2235628,1,INITIATED,1789018634602
2235628,2,VALIDATED,1789018634726
2235628,3,PROCESSED,1789018634733
2235629,1,INITIATED,1789018634603
2235629,2,VALIDATED,1789018634727
2235629,3,PROCESSED,1789018634736
2235630,1,INITIATED,1789018634616
2235630,2,VALIDATED,1789018634727
2235630,3,PROCESSED,1789018634735
2235631,1,INITIATED,1789018634724
2235631,2,VALIDATED,1789018634730
2235631,3,PROCESSED,1789018634737
2235632,1,INITIATED,1789018634724
2235632,2,VALIDATED,1789018634731
2235632,3,PROCESSED,1789018634738
2235633,1,INITIATED,1789018634724
2235633,2,VALIDATED,1789018634731
2235633,3,PROCESSED,1789018634737
2235634,1,INITIATED,1789018634725
2235634,2,VALIDATED,1789018634730
2235634,3,PROCESSED,1789018634738
2235635,1,INITIATED,1789018634724
2235635,2,VALIDATED,1789018634730
2235635,3,PROCESSED,1789018634737
2235636,1,INITIATED,1789018634737
2235636,2,VALIDATED,1789018634753
2235636,3,PROCESSED,1789018634758
2235637,1,INITIATED,1789018634756
2235637,2,VALIDATED,1789018634771
2235637,3,PROCESSED,1789018634775
2235638,1,INITIATED,1789018634776
2235638,2,VALIDATED,1789018634791
2235638,3,PROCESSED,1789018634808
2235639,1,INITIATED,1789018634796
2235639,2,VALIDATED,1789018634807
2235639,3,PROCESSED,1789018634812
2235640,1,INITIATED,1789018634816
2235640,2,VALIDATED,1789018634819
2235640,3,PROCESSED,1789018634822
2235641,1,INITIATED,1789018634837
2235641,2,VALIDATED,1789018634839
2235641,3,PROCESSED,1789018634842
2235642,1,INITIATED,1789018634856
2235642,2,VALIDATED,1789018634860
2235642,3,PROCESSED,1789018634863
2235643,1,INITIATED,1789018634876
2235643,2,VALIDATED,1789018634880
2235643,3,PROCESSED,1789018634884
2235644,1,INITIATED,1789018634897
2235644,2,VALIDATED,1789018634900
2235644,3,PROCESSED,1789018634904
2235645,1,INITIATED,1789018634916
2235645,2,VALIDATED,1789018634919
2235645,3,PROCESSED,1789018634923
2235646,1,INITIATED,1789018634937
2235646,2,VALIDATED,1789018634940
2235646,3,PROCESSED,1789018634943
2235647,1,INITIATED,1789018634956
2235647,2,VALIDATED,1789018635159
2235647,3,PROCESSED,1789018635165
2235648,1,INITIATED,1789018634994
2235648,2,VALIDATED,1789018635160
2235648,3,PROCESSED,1789018635276
2235649,1,INITIATED,1789018635160
2235649,2,VALIDATED,1789018635272
2235649,3,PROCESSED,1789018635589
2235650,1,INITIATED,1789018635160
2235650,2,VALIDATED,1789018635271
2235650,3,PROCESSED,1789018635278
2235651,1,INITIATED,1789018635159
2235651,2,VALIDATED,1789018635163
2235651,3,PROCESSED,1789018635277
2235652,1,INITIATED,1789018635158
2235652,2,VALIDATED,1789018635163
2235652,3,PROCESSED,1789018635276
2235653,1,INITIATED,1789018635160
2235653,2,VALIDATED,1789018635274
2235653,3,PROCESSED,1789018635586
2235654,1,INITIATED,1789018635159
2235654,2,VALIDATED,1789018635163
2235654,3,PROCESSED,1789018635276
2235655,1,INITIATED,1789018635159
2235655,2,VALIDATED,1789018635163
2235655,3,PROCESSED,1789018635277
2235656,1,INITIATED,1789018635159
2235656,2,VALIDATED,1789018635163
2235656,3,PROCESSED,1789018635278
2235657,1,INITIATED,1789018635158
2235657,2,VALIDATED,1789018635163
2235657,3,PROCESSED,1789018635278
2235658,1,INITIATED,1789018635272
2235658,2,VALIDATED,1789018635581
2235658,3,PROCESSED,1789018635592
2235659,1,INITIATED,1789018635274
2235659,2,VALIDATED,1789018635585
2235659,3,PROCESSED,1789018635592
2235660,1,INITIATED,1789018635273
2235660,2,VALIDATED,1789018635581
2235660,3,PROCESSED,1789018635591
2235661,1,INITIATED,1789018635273
2235661,2,VALIDATED,1789018635583
2235661,3,PROCESSED,1789018635592
2235662,1,INITIATED,1789018635272
2235662,2,VALIDATED,1789018635277
2235662,3,PROCESSED,1789018635585
2235663,1,INITIATED,1789018635276
2235663,2,VALIDATED,1789018635586
2235663,3,PROCESSED,1789018635684
2235664,1,INITIATED,1789018635584
2235664,2,VALIDATED,1789018635590
2235664,3,PROCESSED,1789018635686
2235665,1,INITIATED,1789018635582
2235665,2,VALIDATED,1789018635589
2235665,3,PROCESSED,1789018635684
2235666,1,INITIATED,1789018635582
2235666,2,VALIDATED,1789018635589
2235666,3,PROCESSED,1789018635685
2235667,1,INITIATED,1789018635583
2235667,2,VALIDATED,1789018635590
2235667,3,PROCESSED,1789018635685
2235668,1,INITIATED,1789018635580
2235668,2,VALIDATED,1789018635590
2235668,3,PROCESSED,1789018635685
2235669,1,INITIATED,1789018635580
2235669,2,VALIDATED,1789018635588
2235669,3,PROCESSED,1789018635685
2235670,1,INITIATED,1789018635584
2235670,2,VALIDATED,1789018635589
2235670,3,PROCESSED,1789018635685
2235671,1,INITIATED,1789018635585
2235671,2,VALIDATED,1789018635604
2235671,3,PROCESSED,1789018635686
2235672,1,INITIATED,1789018635580
2235672,2,VALIDATED,1789018635586
2235672,3,PROCESSED,1789018635605
2235673,1,INITIATED,1789018635582
2235673,2,VALIDATED,1789018635588
2235673,3,PROCESSED,1789018635685
2235674,1,INITIATED,1789018635579
2235674,2,VALIDATED,1789018635588
2235674,3,PROCESSED,1789018635684
2235675,1,INITIATED,1789018635582
2235675,2,VALIDATED,1789018635588
2235675,3,PROCESSED,1789018635685
2235676,1,INITIATED,1789018635579
2235676,2,VALIDATED,1789018635584
2235676,3,PROCESSED,1789018635592
2235677,1,INITIATED,1789018635579
2235677,2,VALIDATED,1789018635587
2235677,3,PROCESSED,1789018635685
2235678,1,INITIATED,1789018635581
2235678,2,VALIDATED,1789018635587
2235678,3,PROCESSED,1789018635686
2235679,1,INITIATED,1789018635597
2235679,2,VALIDATED,1789018635682
2235679,3,PROCESSED,1789018635702
2235680,1,INITIATED,1789018635616
2235680,2,VALIDATED,1789018635683
2235680,3,PROCESSED,1789018635702
2235681,1,INITIATED,1789018635636
2235681,2,VALIDATED,1789018635682
2235681,3,PROCESSED,1789018635701
2235682,1,INITIATED,1789018635657
2235682,2,VALIDATED,1789018635683
2235682,3,PROCESSED,1789018635701
2235683,1,INITIATED,1789018635677
2235683,2,VALIDATED,1789018635683
2235683,3,PROCESSED,1789018635701
2235684,1,INITIATED,1789018635696
2235684,2,VALIDATED,1789018635700
2235684,3,PROCESSED,1789018635705
2235685,1,INITIATED,1789018635716
2235685,2,VALIDATED,1789018635720
2235685,3,PROCESSED,1789018635723
2235686,1,INITIATED,1789018635737
2235686,2,VALIDATED,1789018635740
2235686,3,PROCESSED,1789018635744
2235687,1,INITIATED,1789018635757
2235687,2,VALIDATED,1789018635761
2235687,3,PROCESSED,1789018635765
2235688,1,INITIATED,1789018635777
2235688,2,VALIDATED,1789018635780
2235688,3,PROCESSED,1789018635784
2235689,1,INITIATED,1789018635797
2235689,2,VALIDATED,1789018635801
2235689,3,PROCESSED,1789018635809
2235690,1,INITIATED,1789018635816
2235690,2,VALIDATED,1789018635819
2235690,3,PROCESSED,1789018635824
2235691,1,INITIATED,1789018635836
2235691,2,VALIDATED,1789018635840
2235691,3,PROCESSED,1789018635844
2235692,1,INITIATED,1789018635856
2235692,2,VALIDATED,1789018635860
2235692,3,PROCESSED,1789018635863
2235693,1,INITIATED,1789018635876
2235693,2,VALIDATED,1789018635880
2235693,3,PROCESSED,1789018635898
2235694,1,INITIATED,1789018635896
2235694,2,VALIDATED,1789018635899
2235694,3,PROCESSED,1789018635902
2235695,1,INITIATED,1789018635916
2235695,2,VALIDATED,1789018635920
2235695,3,REJECTED,1789018635922
2235696,1,INITIATED,1789018635937
2235696,2,VALIDATED,1789018635940
2235696,3,REJECTED,1789018635943
2235697,1,INITIATED,1789018635957
2235697,2,VALIDATED,1789018636308
2235697,3,REJECTED,1789018636473
2235698,1,INITIATED,1789018635991
2235698,2,VALIDATED,1789018636311
2235698,3,REJECTED,1789018636473
2235699,1,INITIATED,1789018636308
2235699,2,VALIDATED,1789018636472
2235699,3,PROCESSED,1789018636642
2235700,1,INITIATED,1789018636309
2235700,2,VALIDATED,1789018636473
2235700,3,PROCESSED,1789018636646
2235701,1,INITIATED,1789018636307
2235701,2,VALIDATED,1789018636469
2235701,3,PROCESSED,1789018636476
2235702,1,INITIATED,1789018636309
2235702,2,VALIDATED,1789018636472
2235702,3,PROCESSED,1789018636645
2235703,1,INITIATED,1789018636307
2235703,2,VALIDATED,1789018636470
2235703,3,PROCESSED,1789018636478
2235704,1,INITIATED,1789018636308
2235704,2,VALIDATED,1789018636471
2235704,3,PROCESSED,1789018636642
2235705,1,INITIATED,1789018636308
2235705,2,VALIDATED,1789018636472
2235705,3,PROCESSED,1789018636645
2235706,1,INITIATED,1789018636307
2235706,2,VALIDATED,1789018636471
2235706,3,PROCESSED,1789018636644
2235707,1,INITIATED,1789018636308
2235707,2,VALIDATED,1789018636468
2235707,3,PROCESSED,1789018636476
2235708,1,INITIATED,1789018636306
2235708,2,VALIDATED,1789018636311
2235708,3,PROCESSED,1789018636474
2235709,1,INITIATED,1789018636307
2235709,2,VALIDATED,1789018636470
2235709,3,PROCESSED,1789018636478
2235710,1,INITIATED,1789018636308
2235710,2,VALIDATED,1789018636470
2235710,3,PROCESSED,1789018636478
2235711,1,INITIATED,1789018636308
2235711,2,VALIDATED,1789018636471
2235711,3,PROCESSED,1789018636643
2235712,1,INITIATED,1789018636307
2235712,2,VALIDATED,1789018636469
2235712,3,PROCESSED,1789018636477
2235713,1,INITIATED,1789018636306
2235713,2,VALIDATED,1789018636311
2235713,3,PROCESSED,1789018636476
2235714,1,INITIATED,1789018636309
2235714,2,VALIDATED,1789018636470
2235714,3,PROCESSED,1789018636478
2235715,1,INITIATED,1789018636316
2235715,2,VALIDATED,1789018636472
2235715,3,PROCESSED,1789018636645
2235716,1,INITIATED,1789018636453
2235716,2,VALIDATED,1789018636475
2235716,3,PROCESSED,1789018636645
2235717,1,INITIATED,1789018636453
2235717,2,VALIDATED,1789018636475
2235717,3,PROCESSED,1789018636646
2235718,1,INITIATED,1789018636453
2235718,2,VALIDATED,1789018636475
2235718,3,PROCESSED,1789018636645
2235719,1,INITIATED,1789018636453
2235719,2,VALIDATED,1789018636474
2235719,3,PROCESSED,1789018636645
2235720,1,INITIATED,1789018636453
2235720,2,VALIDATED,1789018636475
2235720,3,PROCESSED,1789018636644
2235721,1,INITIATED,1789018636453
2235721,2,VALIDATED,1789018636475
2235721,3,PROCESSED,1789018636645
2235722,1,INITIATED,1789018636468
2235722,2,VALIDATED,1789018636474
2235722,3,PROCESSED,1789018636646
2235723,1,INITIATED,1789018636477
2235723,2,VALIDATED,1789018636641
2235723,3,PROCESSED,1789018636651
2235724,1,INITIATED,1789018636643
2235724,2,VALIDATED,1789018636654
2235724,3,PROCESSED,1789018636697
2235725,1,INITIATED,1789018636642
2235725,2,VALIDATED,1789018636654
2235725,3,PROCESSED,1789018636696
2235726,1,INITIATED,1789018636639
2235726,2,VALIDATED,1789018636650
2235726,3,PROCESSED,1789018636661
2235727,1,INITIATED,1789018636641
2235727,2,VALIDATED,1789018636650
2235727,3,PROCESSED,1789018636661
2235728,1,INITIATED,1789018636640
2235728,2,VALIDATED,1789018636650
2235728,3,PROCESSED,1789018636661
2235729,1,INITIATED,1789018636640
2235729,2,VALIDATED,1789018636650
2235729,3,PROCESSED,1789018636661
2235730,1,INITIATED,1789018636640
2235730,2,VALIDATED,1789018636650
2235730,3,PROCESSED,1789018636661
2235731,1,INITIATED,1789018636642
2235731,2,VALIDATED,1789018636654
2235731,3,PROCESSED,1789018636696
2235732,1,INITIATED,1789018636656
2235732,2,VALIDATED,1789018636694
2235732,3,PROCESSED,1789018636699
2235733,1,INITIATED,1789018636677
2235733,2,VALIDATED,1789018636696
2235733,3,PROCESSED,1789018636700
2235734,1,INITIATED,1789018636696
2235734,2,VALIDATED,1789018636699
2235734,3,PROCESSED,1789018636704
2235735,1,INITIATED,1789018636717
2235735,2,VALIDATED,1789018636721
2235735,3,PROCESSED,1789018636725
2235736,1,INITIATED,1789018636737
2235736,2,VALIDATED,1789018636740
2235736,3,PROCESSED,1789018636744
2235737,1,INITIATED,1789018636756
2235737,2,VALIDATED,1789018636760
2235737,3,PROCESSED,1789018636764
2235738,1,INITIATED,1789018636777
2235738,2,VALIDATED,1789018636780
2235738,3,PROCESSED,1789018636784
2235739,1,INITIATED,1789018636797
2235739,2,VALIDATED,1789018636803
2235739,3,PROCESSED,1789018636806
2235740,1,INITIATED,1789018636817
2235740,2,VALIDATED,1789018636820
2235740,3,PROCESSED,1789018636824
2235741,1,INITIATED,1789018636836
2235741,2,VALIDATED,1789018636840
2235741,3,PROCESSED,1789018636844
2235742,1,INITIATED,1789018636857
2235742,2,VALIDATED,1789018636860
2235742,3,PROCESSED,1789018636864
2235743,1,INITIATED,1789018636876
2235743,2,VALIDATED,1789018636880
2235743,3,PROCESSED,1789018636883
2235744,1,INITIATED,1789018636896
2235744,2,VALIDATED,1789018636901
2235744,3,PROCESSED,1789018636904
2235745,1,INITIATED,1789018636917
2235745,2,VALIDATED,1789018636919
2235745,3,PROCESSED,1789018636924
2235746,1,INITIATED,1789018636936
2235746,2,VALIDATED,1789018636939
2235746,3,PROCESSED,1789018636943
2235747,1,INITIATED,1789018636956
2235747,2,VALIDATED,1789018636963
2235747,3,PROCESSED,1789018637114
2235748,1,INITIATED,1789018637112
2235748,2,VALIDATED,1789018637120
2235748,3,PROCESSED,1789018637175
2235749,1,INITIATED,1789018637111
2235749,2,VALIDATED,1789018637121
2235749,3,PROCESSED,1789018637168
2235750,1,INITIATED,1789018637111
2235750,2,VALIDATED,1789018637120
2235750,3,PROCESSED,1789018637168
2235751,1,INITIATED,1789018637112
2235751,2,VALIDATED,1789018637120
2235751,3,PROCESSED,1789018637167
2235752,1,INITIATED,1789018637111
2235752,2,VALIDATED,1789018637120
2235752,3,PROCESSED,1789018637168
2235753,1,INITIATED,1789018637112
2235753,2,VALIDATED,1789018637120
2235753,3,PROCESSED,1789018637167
2235754,1,INITIATED,1789018637112
2235754,2,VALIDATED,1789018637120
2235754,3,PROCESSED,1789018637168
2235755,1,INITIATED,1789018637116
2235755,2,VALIDATED,1789018637155
2235755,3,PROCESSED,1789018637356
2235756,1,INITIATED,1789018637154
2235756,2,VALIDATED,1789018637177
2235756,3,PROCESSED,1789018637371
2235757,1,INITIATED,1789018637156
2235757,2,VALIDATED,1789018637354
2235757,3,PROCESSED,1789018637371
2235758,1,INITIATED,1789018637177
2235758,2,VALIDATED,1789018637357
2235758,3,PROCESSED,1789018637371
2235759,1,INITIATED,1789018637353
2235759,2,VALIDATED,1789018637362
2235759,3,PROCESSED,1789018637417
2235760,1,INITIATED,1789018637354
2235760,2,VALIDATED,1789018637369
2235760,3,PROCESSED,1789018637424
2235761,1,INITIATED,1789018637353
2235761,2,VALIDATED,1789018637362
2235761,3,PROCESSED,1789018637417
2235762,1,INITIATED,1789018637354
2235762,2,VALIDATED,1789018637369
2235762,3,PROCESSED,1789018637424
2235763,1,INITIATED,1789018637353
2235763,2,VALIDATED,1789018637369
2235763,3,PROCESSED,1789018637424
2235764,1,INITIATED,1789018637353
2235764,2,VALIDATED,1789018637362
2235764,3,PROCESSED,1789018637417
2235765,1,INITIATED,1789018637353
2235765,2,VALIDATED,1789018637369
2235765,3,PROCESSED,1789018637424
2235766,1,INITIATED,1789018637354
2235766,2,VALIDATED,1789018637369
2235766,3,PROCESSED,1789018637424
2235767,1,INITIATED,1789018637356
2235767,2,VALIDATED,1789018637369
2235767,3,PROCESSED,1789018637424
2235768,1,INITIATED,1789018637376
2235768,2,VALIDATED,1789018637423
2235768,3,PROCESSED,1789018637429
2235769,1,INITIATED,1789018637397
2235769,2,VALIDATED,1789018637423
2235769,3,PROCESSED,1789018637430
2235770,1,INITIATED,1789018637416
2235770,2,VALIDATED,1789018637423
2235770,3,PROCESSED,1789018637430
2235771,1,INITIATED,1789018637436
2235771,2,VALIDATED,1789018637439
2235771,3,PROCESSED,1789018637442
2235772,1,INITIATED,1789018637456
2235772,2,VALIDATED,1789018637460
2235772,3,PROCESSED,1789018637463
2235773,1,INITIATED,1789018637476
2235773,2,VALIDATED,1789018637479
2235773,3,PROCESSED,1789018637482
2235774,1,INITIATED,1789018637496
2235774,2,VALIDATED,1789018637500
2235774,3,PROCESSED,1789018637503
2235775,1,INITIATED,1789018637517
2235775,2,VALIDATED,1789018637519
2235775,3,PROCESSED,1789018637523
2235776,1,INITIATED,1789018637537
2235776,2,VALIDATED,1789018637540
2235776,3,PROCESSED,1789018637543
2235777,1,INITIATED,1789018637556
2235777,2,VALIDATED,1789018637560
2235777,3,PROCESSED,1789018637563
2235778,1,INITIATED,1789018637576
2235778,2,VALIDATED,1789018637580
2235778,3,PROCESSED,1789018637584
2235779,1,INITIATED,1789018637596
2235779,2,VALIDATED,1789018637600
2235779,3,PROCESSED,1789018637605
2235780,1,INITIATED,1789018637616
2235780,2,VALIDATED,1789018637620
2235780,3,PROCESSED,1789018637623
2235781,1,INITIATED,1789018637637
2235781,2,VALIDATED,1789018637640
2235781,3,PROCESSED,1789018637643
2235782,1,INITIATED,1789018637655
2235782,2,VALIDATED,1789018637658
2235782,3,PROCESSED,1789018637662
2235783,1,INITIATED,1789018637676
2235783,2,VALIDATED,1789018637679
2235783,3,PROCESSED,1789018637682
2235784,1,INITIATED,1789018637697
2235784,2,VALIDATED,1789018637700
2235784,3,PROCESSED,1789018637704
2235785,1,INITIATED,1789018637716
2235785,2,VALIDATED,1789018637719
2235785,3,PROCESSED,1789018637722
2235786,1,INITIATED,1789018637736
2235786,2,VALIDATED,1789018637739
2235786,3,PROCESSED,1789018637742
2235787,1,INITIATED,1789018637758
2235787,2,VALIDATED,1789018637762
2235787,3,PROCESSED,1789018637765
2235788,1,INITIATED,1789018637776
2235788,2,VALIDATED,1789018637780
2235788,3,PROCESSED,1789018637783
2235789,1,INITIATED,1789018637796
2235789,2,VALIDATED,1789018637799
2235789,3,PROCESSED,1789018637802
2235790,1,INITIATED,1789018637816
2235790,2,VALIDATED,1789018637821
2235790,3,PROCESSED,1789018637824
2235791,1,INITIATED,1789018637836
2235791,2,VALIDATED,1789018637838
2235791,3,PROCESSED,1789018637841
2235792,1,INITIATED,1789018637857
2235792,2,VALIDATED,1789018637860
2235792,3,PROCESSED,1789018637863
2235793,1,INITIATED,1789018637876
2235793,2,VALIDATED,1789018637879
2235793,3,PROCESSED,1789018637882
2235794,1,INITIATED,1789018637897
2235794,2,VALIDATED,1789018637901
2235794,3,PROCESSED,1789018637905
2235795,1,INITIATED,1789018637917
2235795,2,VALIDATED,1789018637921
2235795,3,REJECTED,1789018637924
2235796,1,INITIATED,1789018637936
2235796,2,VALIDATED,1789018637940
2235796,3,REJECTED,1789018637942
2235797,1,INITIATED,1789018637956
2235797,2,VALIDATED,1789018637961
2235797,3,REJECTED,1789018637976
2235798,1,INITIATED,1789018637976
2235798,2,VALIDATED,1789018638072
2235798,3,REJECTED,1789018638087
2235799,1,INITIATED,1789018638072
2235799,2,VALIDATED,1789018638087
2235799,3,PROCESSED,1789018638311
2235800,1,INITIATED,1789018638072
2235800,2,VALIDATED,1789018638087
2235800,3,PROCESSED,1789018638311
2235801,1,INITIATED,1789018638072
2235801,2,VALIDATED,1789018638087
2235801,3,PROCESSED,1789018638312
2235802,1,INITIATED,1789018638072
2235802,2,VALIDATED,1789018638087
2235802,3,PROCESSED,1789018638312
2235803,1,INITIATED,1789018638077
2235803,2,VALIDATED,1789018638119
2235803,3,PROCESSED,1789018638315
2235804,1,INITIATED,1789018638118
2235804,2,VALIDATED,1789018638312
2235804,3,PROCESSED,1789018638322
2235805,1,INITIATED,1789018638118
2235805,2,VALIDATED,1789018638313
2235805,3,PROCESSED,1789018638322
2235806,1,INITIATED,1789018638313
2235806,2,VALIDATED,1789018638325
2235806,3,PROCESSED,1789018638378
2235807,1,INITIATED,1789018638313
2235807,2,VALIDATED,1789018638325
2235807,3,PROCESSED,1789018638379
2235808,1,INITIATED,1789018638311
2235808,2,VALIDATED,1789018638316
2235808,3,PROCESSED,1789018638327
2235809,1,INITIATED,1789018638312
2235809,2,VALIDATED,1789018638320
2235809,3,PROCESSED,1789018638377
2235810,1,INITIATED,1789018638312
2235810,2,VALIDATED,1789018638320
2235810,3,PROCESSED,1789018638378
2235811,1,INITIATED,1789018638312
2235811,2,VALIDATED,1789018638320
2235811,3,PROCESSED,1789018638378
2235812,1,INITIATED,1789018638313
2235812,2,VALIDATED,1789018638325
2235812,3,PROCESSED,1789018638379
2235813,1,INITIATED,1789018638312
2235813,2,VALIDATED,1789018638320
2235813,3,PROCESSED,1789018638378
2235814,1,INITIATED,1789018638313
2235814,2,VALIDATED,1789018638325
2235814,3,PROCESSED,1789018638379
2235815,1,INITIATED,1789018638316
2235815,2,VALIDATED,1789018638325
2235815,3,PROCESSED,1789018638379
2235816,1,INITIATED,1789018638336
2235816,2,VALIDATED,1789018638377
2235816,3,PROCESSED,1789018638384
2235817,1,INITIATED,1789018638357
2235817,2,VALIDATED,1789018638377
2235817,3,PROCESSED,1789018638384
2235818,1,INITIATED,1789018638376
2235818,2,VALIDATED,1789018638380
2235818,3,PROCESSED,1789018638384
2235819,1,INITIATED,1789018638396
2235819,2,VALIDATED,1789018638400
2235819,3,PROCESSED,1789018638403
2235820,1,INITIATED,1789018638416
2235820,2,VALIDATED,1789018638419
2235820,3,PROCESSED,1789018638422
2235821,1,INITIATED,1789018638437
2235821,2,VALIDATED,1789018638440
2235821,3,PROCESSED,1789018638443
2235822,1,INITIATED,1789018638456
2235822,2,VALIDATED,1789018638460
2235822,3,PROCESSED,1789018638467
2235823,1,INITIATED,1789018638476
2235823,2,VALIDATED,1789018638479
2235823,3,PROCESSED,1789018638482
2235824,1,INITIATED,1789018638496
2235824,2,VALIDATED,1789018638500
2235824,3,PROCESSED,1789018638504
2235825,1,INITIATED,1789018638517
2235825,2,VALIDATED,1789018638520
2235825,3,PROCESSED,1789018638524
2235826,1,INITIATED,1789018638536
2235826,2,VALIDATED,1789018638540
2235826,3,PROCESSED,1789018638545
2235827,1,INITIATED,1789018638557
2235827,2,VALIDATED,1789018638560
2235827,3,PROCESSED,1789018638564
2235828,1,INITIATED,1789018638576
2235828,2,VALIDATED,1789018638580
2235828,3,PROCESSED,1789018638584
2235829,1,INITIATED,1789018638597
2235829,2,VALIDATED,1789018638600
2235829,3,PROCESSED,1789018638603
2235830,1,INITIATED,1789018638616
2235830,2,VALIDATED,1789018638619
2235830,3,PROCESSED,1789018638626
2235831,1,INITIATED,1789018638636
2235831,2,VALIDATED,1789018638639
2235831,3,PROCESSED,1789018638642
2235832,1,INITIATED,1789018638656
2235832,2,VALIDATED,1789018638659
2235832,3,PROCESSED,1789018638663
2235833,1,INITIATED,1789018638677
2235833,2,VALIDATED,1789018638682
2235833,3,PROCESSED,1789018638685
2235834,1,INITIATED,1789018638697
2235834,2,VALIDATED,1789018638700
2235834,3,PROCESSED,1789018638703
2235835,1,INITIATED,1789018638716
2235835,2,VALIDATED,1789018638720
2235835,3,PROCESSED,1789018638723
2235836,1,INITIATED,1789018638737
2235836,2,VALIDATED,1789018638740
2235836,3,PROCESSED,1789018638744
2235837,1,INITIATED,1789018638757
2235837,2,VALIDATED,1789018638761
2235837,3,PROCESSED,1789018638764
2235838,1,INITIATED,1789018638776
2235838,2,VALIDATED,1789018638779
2235838,3,PROCESSED,1789018638783
2235839,1,INITIATED,1789018638796
2235839,2,VALIDATED,1789018638800
2235839,3,PROCESSED,1789018638804
2235840,1,INITIATED,1789018638816
2235840,2,VALIDATED,1789018638819
2235840,3,PROCESSED,1789018638823
2235841,1,INITIATED,1789018638836
2235841,2,VALIDATED,1789018638840
2235841,3,PROCESSED,1789018638844
2235842,1,INITIATED,1789018638857
2235842,2,VALIDATED,1789018638861
2235842,3,PROCESSED,1789018638865
2235843,1,INITIATED,1789018638877
2235843,2,VALIDATED,1789018638883
2235843,3,PROCESSED,1789018638886
2235844,1,INITIATED,1789018638897
2235844,2,VALIDATED,1789018638900
2235844,3,PROCESSED,1789018638905
2235845,1,INITIATED,1789018638916
2235845,2,VALIDATED,1789018638920
2235845,3,PROCESSED,1789018638924
2235846,1,INITIATED,1789018638936
2235846,2,VALIDATED,1789018638940
2235846,3,PROCESSED,1789018638943
2235847,1,INITIATED,1789018638956
2235847,2,VALIDATED,1789018638960
2235847,3,PROCESSED,1789018638995
2235848,1,INITIATED,1789018638992
2235848,2,VALIDATED,1789018639118
2235848,3,PROCESSED,1789018639178
2235849,1,INITIATED,1789018639118
2235849,2,VALIDATED,1789018639177
2235849,3,PROCESSED,1789018639445
2235850,1,INITIATED,1789018639117
2235850,2,VALIDATED,1789018639125
2235850,3,PROCESSED,1789018639184
2235851,1,INITIATED,1789018639117
2235851,2,VALIDATED,1789018639125
2235851,3,PROCESSED,1789018639184
2235852,1,INITIATED,1789018639117
2235852,2,VALIDATED,1789018639177
2235852,3,PROCESSED,1789018639445
2235853,1,INITIATED,1789018639118
2235853,2,VALIDATED,1789018639177
2235853,3,PROCESSED,1789018639442
2235854,1,INITIATED,1789018639118
2235854,2,VALIDATED,1789018639177
2235854,3,PROCESSED,1789018639445
2235855,1,INITIATED,1789018639118
2235855,2,VALIDATED,1789018639177
2235855,3,PROCESSED,1789018639442
2235856,1,INITIATED,1789018639174
2235856,2,VALIDATED,1789018639201
2235856,3,PROCESSED,1789018639446
2235857,1,INITIATED,1789018639174
2235857,2,VALIDATED,1789018639202
2235857,3,PROCESSED,1789018639446
2235858,1,INITIATED,1789018639177
2235858,2,VALIDATED,1789018639202
2235858,3,PROCESSED,1789018639447
2235859,1,INITIATED,1789018639199
2235859,2,VALIDATED,1789018639443
2235859,3,PROCESSED,1789018639517
2235860,1,INITIATED,1789018639442
2235860,2,VALIDATED,1789018639515
2235860,3,PROCESSED,1789018639523
2235861,1,INITIATED,1789018639444
2235861,2,VALIDATED,1789018639516
2235861,3,PROCESSED,1789018639523
2235862,1,INITIATED,1789018639443
2235862,2,VALIDATED,1789018639515
2235862,3,PROCESSED,1789018639523
2235863,1,INITIATED,1789018639445
2235863,2,VALIDATED,1789018639516
2235863,3,PROCESSED,1789018639523
2235864,1,INITIATED,1789018639444
2235864,2,VALIDATED,1789018639515
2235864,3,PROCESSED,1789018639522
2235865,1,INITIATED,1789018639444
2235865,2,VALIDATED,1789018639515
2235865,3,PROCESSED,1789018639522
2235866,1,INITIATED,1789018639444
2235866,2,VALIDATED,1789018639515
2235866,3,PROCESSED,1789018639523
2235867,1,INITIATED,1789018639443
2235867,2,VALIDATED,1789018639515
2235867,3,PROCESSED,1789018639524
2235868,1,INITIATED,1789018639442
2235868,2,VALIDATED,1789018639515
2235868,3,PROCESSED,1789018639523
2235869,1,INITIATED,1789018639444
2235869,2,VALIDATED,1789018639516
2235869,3,PROCESSED,1789018639523
2235870,1,INITIATED,1789018639443
2235870,2,VALIDATED,1789018639515
2235870,3,PROCESSED,1789018639525
2235871,1,INITIATED,1789018639443
2235871,2,VALIDATED,1789018639516
2235871,3,PROCESSED,1789018639522
2235872,1,INITIATED,1789018639456
2235872,2,VALIDATED,1789018639518
2235872,3,PROCESSED,1789018639525
2235873,1,INITIATED,1789018639477
2235873,2,VALIDATED,1789018639518
2235873,3,PROCESSED,1789018639525
2235874,1,INITIATED,1789018639497
2235874,2,VALIDATED,1789018639518
2235874,3,PROCESSED,1789018639525
2235875,1,INITIATED,1789018639517
2235875,2,VALIDATED,1789018639522
2235875,3,PROCESSED,1789018639529
2235876,1,INITIATED,1789018639536
2235876,2,VALIDATED,1789018639539
2235876,3,PROCESSED,1789018639543
2235877,1,INITIATED,1789018639556
2235877,2,VALIDATED,1789018639560
2235877,3,PROCESSED,1789018639564
2235878,1,INITIATED,1789018639576
2235878,2,VALIDATED,1789018639580
2235878,3,PROCESSED,1789018639584
2235879,1,INITIATED,1789018639597
2235879,2,VALIDATED,1789018639600
2235879,3,PROCESSED,1789018639608
2235880,1,INITIATED,1789018639616
2235880,2,VALIDATED,1789018639619
2235880,3,PROCESSED,1789018639623
2235881,1,INITIATED,1789018639636
2235881,2,VALIDATED,1789018639639
2235881,3,PROCESSED,1789018639643
2235882,1,INITIATED,1789018639657
2235882,2,VALIDATED,1789018639660
2235882,3,PROCESSED,1789018639664
2235883,1,INITIATED,1789018639676
2235883,2,VALIDATED,1789018639680
2235883,3,PROCESSED,1789018639684
2235884,1,INITIATED,1789018639697
2235884,2,VALIDATED,1789018639704
2235884,3,PROCESSED,1789018639709
2235885,1,INITIATED,1789018639717
2235885,2,VALIDATED,1789018639720
2235885,3,PROCESSED,1789018639724
2235886,1,INITIATED,1789018639737
2235886,2,VALIDATED,1789018639740
2235886,3,PROCESSED,1789018639745
2235887,1,INITIATED,1789018639756
2235887,2,VALIDATED,1789018639761
2235887,3,PROCESSED,1789018639765
2235888,1,INITIATED,1789018639776
2235888,2,VALIDATED,1789018639780
2235888,3,PROCESSED,1789018639785
2235889,1,INITIATED,1789018639797
2235889,2,VALIDATED,1789018639800
2235889,3,PROCESSED,1789018639804
2235890,1,INITIATED,1789018639816
2235890,2,VALIDATED,1789018639820
2235890,3,PROCESSED,1789018639824
2235891,1,INITIATED,1789018639836
2235891,2,VALIDATED,1789018639839
2235891,3,PROCESSED,1789018639845
2235892,1,INITIATED,1789018639857
2235892,2,VALIDATED,1789018639861
2235892,3,PROCESSED,1789018639866
2235893,1,INITIATED,1789018639877
2235893,2,VALIDATED,1789018639888
2235893,3,PROCESSED,1789018639894
2235894,1,INITIATED,1789018639896
2235894,2,VALIDATED,1789018639899
2235894,3,PROCESSED,1789018639903
2235895,1,INITIATED,1789018639916
2235895,2,VALIDATED,1789018639920
2235895,3,REJECTED,1789018639924
2235896,1,INITIATED,1789018639937
2235896,2,VALIDATED,1789018639943
2235896,3,REJECTED,1789018639947
2235897,1,INITIATED,1789018639956
2235897,2,VALIDATED,1789018639961
2235897,3,REJECTED,1789018639975
2235898,1,INITIATED,1789018639976
2235898,2,VALIDATED,1789018640190
2235898,3,REJECTED,1789018640251
2235899,1,INITIATED,1789018640189
2235899,2,VALIDATED,1789018640251
2235899,3,PROCESSED,1789018640795
2235900,1,INITIATED,1789018640190
2235900,2,VALIDATED,1789018640251
2235900,3,PROCESSED,1789018640794
2235901,1,INITIATED,1789018640190
2235901,2,VALIDATED,1789018640251
2235901,3,PROCESSED,1789018640792
2235902,1,INITIATED,1789018640189
2235902,2,VALIDATED,1789018640251
2235902,3,PROCESSED,1789018640792
2235903,1,INITIATED,1789018640189
2235903,2,VALIDATED,1789018640251
2235903,3,PROCESSED,1789018640795
2235904,1,INITIATED,1789018640190
2235904,2,VALIDATED,1789018640250
2235904,3,PROCESSED,1789018640792
2235905,1,INITIATED,1789018640189
2235905,2,VALIDATED,1789018640251
2235905,3,PROCESSED,1789018640795
2235906,1,INITIATED,1789018640189
2235906,2,VALIDATED,1789018640250
2235906,3,PROCESSED,1789018640793
2235907,1,INITIATED,1789018640189
2235907,2,VALIDATED,1789018640251
2235907,3,PROCESSED,1789018640791
2235908,1,INITIATED,1789018640190
2235908,2,VALIDATED,1789018640250
2235908,3,PROCESSED,1789018640793
2235909,1,INITIATED,1789018640197
2235909,2,VALIDATED,1789018640254
2235909,3,PROCESSED,1789018640795
2235910,1,INITIATED,1789018640249
2235910,2,VALIDATED,1789018640262
2235910,3,PROCESSED,1789018640795
2235911,1,INITIATED,1789018640248
2235911,2,VALIDATED,1789018640263
2235911,3,PROCESSED,1789018640795
2235912,1,INITIATED,1789018640256
2235912,2,VALIDATED,1789018640792
2235912,3,PROCESSED,1789018641099
2235913,1,INITIATED,1789018640793
2235913,2,VALIDATED,1789018641098
2235913,3,PROCESSED,1789018641784
2235914,1,INITIATED,1789018640791
2235914,2,VALIDATED,1789018641096
2235914,3,PROCESSED,1789018642075
2235915,1,INITIATED,1789018640792
2235915,2,VALIDATED,1789018641095
2235915,3,PROCESSED,1789018642074
2235916,1,INITIATED,1789018640792
2235916,2,VALIDATED,1789018641097
2235916,3,PROCESSED,1789018641785
2235917,1,INITIATED,1789018640788
2235917,2,VALIDATED,1789018641138
2235917,3,PROCESSED,1789018642768
2235918,1,INITIATED,1789018640792
2235918,2,VALIDATED,1789018641097
2235918,3,PROCESSED,1789018642074
2235919,1,INITIATED,1789018640792
2235919,2,VALIDATED,1789018641138
2235919,3,PROCESSED,1789018643181
2235920,1,INITIATED,1789018640790
2235920,2,VALIDATED,1789018641097
2235920,3,PROCESSED,1789018642068
2235921,1,INITIATED,1789018640788
2235921,2,VALIDATED,1789018641098
2235921,3,PROCESSED,1789018642073
2235922,1,INITIATED,1789018640793
2235922,2,VALIDATED,1789018641138
2235922,3,PROCESSED,1789018642769
2235923,1,INITIATED,1789018640792
2235923,2,VALIDATED,1789018641095
2235923,3,PROCESSED,1789018641785
2235924,1,INITIATED,1789018640793
2235924,2,VALIDATED,1789018641150
2235924,3,PROCESSED,1789018642769
2235925,1,INITIATED,1789018640790
2235925,2,VALIDATED,1789018641098
2235925,3,PROCESSED,1789018641785
2235926,1,INITIATED,1789018640789
2235926,2,VALIDATED,1789018641044
2235926,3,PROCESSED,1789018641785
2235927,1,INITIATED,1789018640793
2235927,2,VALIDATED,1789018641137
2235927,3,PROCESSED,1789018642075
2235928,1,INITIATED,1789018640789
2235928,2,VALIDATED,1789018641138
2235928,3,PROCESSED,1789018643178
2235929,1,INITIATED,1789018640790
2235929,2,VALIDATED,1789018641137
2235929,3,PROCESSED,1789018642075
2235930,1,INITIATED,1789018640789
2235930,2,VALIDATED,1789018641138
2235930,3,PROCESSED,1789018642769
2235931,1,INITIATED,1789018641041
2235931,2,VALIDATED,1789018641783
2235931,3,PROCESSED,1789018643176
2235932,1,INITIATED,1789018641041
2235932,2,VALIDATED,1789018641778
2235932,3,PROCESSED,1789018644809
2235933,1,INITIATED,1789018641044
2235933,2,VALIDATED,1789018642070
2235933,3,PROCESSED,1789018643851
2235934,1,INITIATED,1789018641044
2235934,2,VALIDATED,1789018642072
2235934,3,PROCESSED,1789018643851
2235935,1,INITIATED,1789018641041
2235935,2,VALIDATED,1789018641779
2235935,3,PROCESSED,1789018643180
2235936,1,INITIATED,1789018641042
2235936,2,VALIDATED,1789018641781
2235936,3,PROCESSED,1789018643180
2235937,1,INITIATED,1789018641041
2235937,2,VALIDATED,1789018641782
2235937,3,PROCESSED,1789018643176
2235938,1,INITIATED,1789018641042
2235938,2,VALIDATED,1789018641780
2235938,3,PROCESSED,1789018643180
2235939,1,INITIATED,1789018641042
2235939,2,VALIDATED,1789018641783
2235939,3,PROCESSED,1789018643180
2235940,1,INITIATED,1789018641042
2235940,2,VALIDATED,1789018641782
2235940,3,PROCESSED,1789018643180
2235941,1,INITIATED,1789018641043
2235941,2,VALIDATED,1789018641779
2235941,3,PROCESSED,1789018642769
2235942,1,INITIATED,1789018641045
2235942,2,VALIDATED,1789018641783
2235942,3,PROCESSED,1789018643179
2235943,1,INITIATED,1789018641045
2235943,2,VALIDATED,1789018641782
2235943,3,PROCESSED,1789018643178
2235944,1,INITIATED,1789018641044
2235944,2,VALIDATED,1789018641783
2235944,3,PROCESSED,1789018643178
2235945,1,INITIATED,1789018641096
2235945,2,VALIDATED,1789018641779
2235945,3,PROCESSED,1789018642769
2235946,1,INITIATED,1789018641097
2235946,2,VALIDATED,1789018642071
2235946,3,PROCESSED,1789018643851
2235947,1,INITIATED,1789018641096
2235947,2,VALIDATED,1789018641783
2235947,3,PROCESSED,1789018643179
2235948,1,INITIATED,1789018641098
2235948,2,VALIDATED,1789018641779
2235948,3,PROCESSED,1789018643181
2235949,1,INITIATED,1789018641098
2235949,2,VALIDATED,1789018642071
2235949,3,PROCESSED,1789018644811
2235950,1,INITIATED,1789018641097
2235950,2,VALIDATED,1789018641782
2235950,3,PROCESSED,1789018643179
2235951,1,INITIATED,1789018641097
2235951,2,VALIDATED,1789018641780
2235951,3,PROCESSED,1789018643180
2235952,1,INITIATED,1789018641138
2235952,2,VALIDATED,1789018642764
2235952,3,PROCESSED,1789018644810
2235953,1,INITIATED,1789018641777
2235953,2,VALIDATED,1789018643176
2235953,3,PROCESSED,1789018645105
2235954,1,INITIATED,1789018641778
2235954,2,VALIDATED,1789018643176
2235954,3,PROCESSED,1789018645104
2235955,1,INITIATED,1789018641781
2235955,2,VALIDATED,1789018643175
2235955,3,PROCESSED,1789018645104
2235956,1,INITIATED,1789018641780
2235956,2,VALIDATED,1789018642766
2235956,3,PROCESSED,1789018644811
2235957,1,INITIATED,1789018641778
2235957,2,VALIDATED,1789018642765
2235957,3,PROCESSED,1789018644811
2235958,1,INITIATED,1789018641783
2235958,2,VALIDATED,1789018642765
2235958,3,PROCESSED,1789018644811
2235959,1,INITIATED,1789018642070
2235959,2,VALIDATED,1789018643283
2235959,3,PROCESSED,1789018647082
2235960,1,INITIATED,1789018642070
2235960,2,VALIDATED,1789018643283
2235960,3,PROCESSED,1789018647082
2235961,1,INITIATED,1789018642070
2235961,2,VALIDATED,1789018643848
2235961,3,PROCESSED,1789018646066
2235962,1,INITIATED,1789018642071
2235962,2,VALIDATED,1789018644807
2235962,3,PROCESSED,1789018646769
2235963,1,INITIATED,1789018642072
2235963,2,VALIDATED,1789018643849
2235963,3,PROCESSED,1789018647083
2235964,1,INITIATED,1789018642071
2235964,2,VALIDATED,1789018643282
2235964,3,PROCESSED,1789018647080
2235965,1,INITIATED,1789018642073
2235965,2,VALIDATED,1789018643281
2235965,3,PROCESSED,1789018645762
2235966,1,INITIATED,1789018642072
2235966,2,VALIDATED,1789018643283
2235966,3,PROCESSED,1789018646066
2235967,1,INITIATED,1789018642074
2235967,2,VALIDATED,1789018643848
2235967,3,PROCESSED,1789018646065
2235968,1,INITIATED,1789018642073
2235968,2,VALIDATED,1789018642767
2235968,3,PROCESSED,1789018644812
2235969,1,INITIATED,1789018642073
2235969,2,VALIDATED,1789018643174
2235969,3,PROCESSED,1789018643851
2235970,1,INITIATED,1789018642074
2235970,2,VALIDATED,1789018643283
2235970,3,PROCESSED,1789018646066
2235971,1,INITIATED,1789018642073
2235971,2,VALIDATED,1789018643177
2235971,3,PROCESSED,1789018645105
2235972,1,INITIATED,1789018642073
2235972,2,VALIDATED,1789018643847
2235972,3,PROCESSED,1789018647138
2235973,1,INITIATED,1789018642074
2235973,2,VALIDATED,1789018643172
2235973,3,PROCESSED,1789018645104
2235974,1,INITIATED,1789018642074
2235974,2,VALIDATED,1789018643283
2235974,3,PROCESSED,1789018644151
2235975,1,INITIATED,1789018642074
2235975,2,VALIDATED,1789018643180
2235975,3,PROCESSED,1789018645103
2235976,1,INITIATED,1789018642074
2235976,2,VALIDATED,1789018643283
2235976,3,PROCESSED,1789018646065
2235977,1,INITIATED,1789018642081
2235977,2,VALIDATED,1789018643846
2235977,3,PROCESSED,1789018647082
2235978,1,INITIATED,1789018642081
2235978,2,VALIDATED,1789018643283
2235978,3,PROCESSED,1789018647155
2235979,1,INITIATED,1789018642081
2235979,2,VALIDATED,1789018643848
2235979,3,PROCESSED,1789018645766
2235980,1,INITIATED,1789018642164
2235980,2,VALIDATED,1789018644147
2235980,3,PROCESSED,1789018647157
2235981,1,INITIATED,1789018642166
2235981,2,VALIDATED,1789018644807
2235981,3,PROCESSED,1789018646769
2235982,1,INITIATED,1789018642165
2235982,2,VALIDATED,1789018644149
2235982,3,PROCESSED,1789018647520
2235983,1,INITIATED,1789018642165
2235983,2,VALIDATED,1789018644148
2235983,3,PROCESSED,1789018647155
2235984,1,INITIATED,1789018642165
2235984,2,VALIDATED,1789018643283
2235984,3,REJECTED,1789018647128
2235985,1,INITIATED,1789018642165
2235985,2,VALIDATED,1789018647140
2235985,3,PROCESSED,1789018647536
2235986,1,INITIATED,1789018642767
2235986,2,VALIDATED,1789018646065
2235986,3,PROCESSED,1789018646750
2235987,1,INITIATED,1789018642764
2235987,2,VALIDATED,1789018644806
2235987,3,PROCESSED,1789018646770
2235988,1,INITIATED,1789018642767
2235988,2,VALIDATED,1789018644243
2235988,3,REJECTED,1789018646746
2235989,1,INITIATED,1789018642766
2235989,2,VALIDATED,1789018643175
2235989,3,PROCESSED,1789018645104
2235990,1,INITIATED,1789018642764
2235990,2,VALIDATED,1789018643173
2235990,3,PROCESSED,1789018646762
2235991,1,INITIATED,1789018642768
2235991,2,VALIDATED,1789018643174
2235991,3,REJECTED,1789018645098
2235992,1,INITIATED,1789018642766
2235992,2,VALIDATED,1789018643175
2235992,3,PROCESSED,1789018645105
2235993,1,INITIATED,1789018642768
2235993,2,VALIDATED,1789018643172
2235993,3,PROCESSED,1789018645105
2235994,1,INITIATED,1789018642767
2235994,2,VALIDATED,1789018644810
2235994,3,PROCESSED,1789018645105
2235995,1,INITIATED,1789018642767
2235995,2,VALIDATED,1789018644242
2235995,3,PROCESSED,1789018646750
2235996,1,INITIATED,1789018642765
2235996,2,VALIDATED,1789018644805
2235996,3,PROCESSED,1789018646756
2235997,1,INITIATED,1789018642765
2235997,2,VALIDATED,1789018644243
2235997,3,PROCESSED,1789018646750
2235998,1,INITIATED,1789018642767
2235998,2,VALIDATED,1789018644806
2235998,3,PROCESSED,1789018647490
2235999,1,INITIATED,1789018642768
2235999,2,VALIDATED,1789018644808
2235999,3,PROCESSED,1789018647456
2236000,1,INITIATED,1789018642767
2236000,2,VALIDATED,1789018644244
2236000,3,PROCESSED,1789018646769
2236001,1,INITIATED,1789018642765
2236001,2,VALIDATED,1789018644809
2236001,3,REJECTED,1789018645101
2236002,1,INITIATED,1789018643173
2236002,2,VALIDATED,1789018645097
2236002,3,PROCESSED,1789018647075
2236003,1,INITIATED,1789018643177
2236003,2,VALIDATED,1789018647454
2236003,3,PROCESSED,1789018647554
2236004,1,INITIATED,1789018643178
2236004,2,VALIDATED,1789018643849
2236004,3,PROCESSED,1789018646063
2236005,1,INITIATED,1789018643177
2236005,2,VALIDATED,1789018645100
2236005,3,PROCESSED,1789018647487
2236006,1,INITIATED,1789018643282
2236006,2,VALIDATED,1789018645760
2236006,3,PROCESSED,1789018646066
2236007,1,INITIATED,1789018643281
2236007,2,VALIDATED,1789018645760
2236007,3,PROCESSED,1789018646066
2236008,1,INITIATED,1789018643282
2236008,2,VALIDATED,1789018644150
2236008,3,PROCESSED,1789018644807
2236009,1,INITIATED,1789018643283
2236009,2,VALIDATED,1789018645762
2236009,3,PROCESSED,1789018646747
2236010,1,INITIATED,1789018643283
2236010,2,VALIDATED,1789018645760
2236010,3,PROCESSED,1789018647081
2236011,1,INITIATED,1789018643282
2236011,2,VALIDATED,1789018647496
2236011,3,PROCESSED,1789018647574
2236012,1,INITIATED,1789018643849
2236012,2,VALIDATED,1789018647137
2236012,3,PROCESSED,1789018647537
2236013,1,INITIATED,1789018643848
2236013,2,VALIDATED,1789018646059
2236013,3,PROCESSED,1789018646755
2236014,1,INITIATED,1789018643849
2236014,2,VALIDATED,1789018645761
2236014,3,PROCESSED,1789018646748
2236015,1,INITIATED,1789018643848
2236015,2,VALIDATED,1789018644150
2236015,3,PROCESSED,1789018647156
2236016,1,INITIATED,1789018643847
2236016,2,VALIDATED,1789018644149
2236016,3,PROCESSED,1789018647157
2236017,1,INITIATED,1789018643851
2236017,2,VALIDATED,1789018646064
2236017,3,PROCESSED,1789018646756
2236018,1,INITIATED,1789018643862
2236018,2,VALIDATED,1789018647157
2236018,3,PROCESSED,1789018647482
2236019,1,INITIATED,1789018644144
2236019,2,VALIDATED,1789018647140
2236019,3,PROCESSED,1789018647534
2236020,1,INITIATED,1789018644149
2236020,2,VALIDATED,1789018644244
2236020,3,PROCESSED,1789018647450
2236021,1,INITIATED,1789018644146
2236021,2,VALIDATED,1789018647444
2236021,3,PROCESSED,1789018647546
2236022,1,INITIATED,1789018644146
2236022,2,VALIDATED,1789018646065
2236022,3,PROCESSED,1789018647454
2236023,1,INITIATED,1789018644146
2236023,2,VALIDATED,1789018646188
2236023,3,PROCESSED,1789018646767
2236024,1,INITIATED,1789018644146
2236024,2,VALIDATED,1789018646189
2236024,3,PROCESSED,1789018646764
2236025,1,INITIATED,1789018644146
2236025,2,VALIDATED,1789018646065
2236025,3,PROCESSED,1789018646748
2236026,1,INITIATED,1789018644148
2236026,2,VALIDATED,1789018647140
2236026,3,PROCESSED,1789018647484
2236027,1,INITIATED,1789018644149
2236027,2,VALIDATED,1789018647139
2236027,3,PROCESSED,1789018647539
2236028,1,INITIATED,1789018644147
2236028,2,VALIDATED,1789018647140
2236028,3,PROCESSED,1789018647534
2236029,1,INITIATED,1789018644147
2236029,2,VALIDATED,1789018646189
2236029,3,PROCESSED,1789018647491
2236030,1,INITIATED,1789018644147
2236030,2,VALIDATED,1789018647138
2236030,3,PROCESSED,1789018647536
2236031,1,INITIATED,1789018644147
2236031,2,VALIDATED,1789018646065
2236031,3,PROCESSED,1789018647454
2236032,1,INITIATED,1789018644147
2236032,2,VALIDATED,1789018647156
2236032,3,PROCESSED,1789018647486
2236033,1,INITIATED,1789018644148
2236033,2,VALIDATED,1789018647446
2236033,3,PROCESSED,1789018647639
2236034,1,INITIATED,1789018644148
2236034,2,VALIDATED,1789018647140
2236034,3,PROCESSED,1789018647456
2236035,1,INITIATED,1789018644150
2236035,2,VALIDATED,1789018646189
2236035,3,PROCESSED,1789018647542
2236036,1,INITIATED,1789018644149
2236036,2,VALIDATED,1789018647140
2236036,3,PROCESSED,1789018647483
2236037,1,INITIATED,1789018644150
2236037,2,VALIDATED,1789018646189
2236037,3,PROCESSED,1789018647539
2236038,1,INITIATED,1789018644149
2236038,2,VALIDATED,1789018647155
2236038,3,PROCESSED,1789018647541
2236039,1,INITIATED,1789018644150
2236039,2,VALIDATED,1789018644243
2236039,3,PROCESSED,1789018646749
2236040,1,INITIATED,1789018644150
2236040,2,VALIDATED,1789018646188
2236040,3,PROCESSED,1789018647456
2236041,1,INITIATED,1789018644149
2236041,2,VALIDATED,1789018646186
2236041,3,PROCESSED,1789018647456
2236042,1,INITIATED,1789018644150
2236042,2,VALIDATED,1789018644810
2236042,3,PROCESSED,1789018647483
2236043,1,INITIATED,1789018644242
2236043,2,VALIDATED,1789018647452
2236043,3,PROCESSED,1789018647562
2236044,1,INITIATED,1789018644242
2236044,2,VALIDATED,1789018647452
2236044,3,PROCESSED,1789018647559
2236045,1,INITIATED,1789018644244
2236045,2,VALIDATED,1789018647536
2236045,3,PROCESSED,1789018647604
2236046,1,INITIATED,1789018644244
2236046,2,VALIDATED,1789018646766
2236046,3,PROCESSED,1789018647507
2236047,1,INITIATED,1789018644244
2236047,2,VALIDATED,1789018646766
2236047,3,PROCESSED,1789018647510
2236048,1,INITIATED,1789018644244
2236048,2,VALIDATED,1789018646766
2236048,3,PROCESSED,1789018647155
2236049,1,INITIATED,1789018644805
2236049,2,VALIDATED,1789018647454
2236049,3,PROCESSED,1789018647554
2236050,1,INITIATED,1789018644808
2236050,2,VALIDATED,1789018647481
2236050,3,PROCESSED,1789018647570
2236051,1,INITIATED,1789018644809
2236051,2,VALIDATED,1789018647474
2236051,3,PROCESSED,1789018647562
2236052,1,INITIATED,1789018644808
2236052,2,VALIDATED,1789018646765
2236052,3,PROCESSED,1789018647513
2236053,1,INITIATED,1789018644808
2236053,2,VALIDATED,1789018647527
2236053,3,PROCESSED,1789018647597
2236054,1,INITIATED,1789018644809
2236054,2,VALIDATED,1789018646765
2236054,3,PROCESSED,1789018647504
2236055,1,INITIATED,1789018644808
2236055,2,VALIDATED,1789018647479
2236055,3,PROCESSED,1789018647570
2236056,1,INITIATED,1789018644810
2236056,2,VALIDATED,1789018646769
2236056,3,PROCESSED,1789018647504
2236057,1,INITIATED,1789018644822
2236057,2,VALIDATED,1789018647486
2236057,3,PROCESSED,1789018647567
2236058,1,INITIATED,1789018645097
2236058,2,VALIDATED,1789018646844
2236058,3,PROCESSED,1789018647527
2236059,1,INITIATED,1789018645099
2236059,2,VALIDATED,1789018646839
2236059,3,PROCESSED,1789018647512
2236060,1,INITIATED,1789018645099
2236060,2,VALIDATED,1789018646843
2236060,3,PROCESSED,1789018647518
2236061,1,INITIATED,1789018645099
2236061,2,VALIDATED,1789018647478
2236061,3,PROCESSED,1789018647500
2236062,1,INITIATED,1789018645102
2236062,2,VALIDATED,1789018646844
2236062,3,PROCESSED,1789018647526
2236063,1,INITIATED,1789018645100
2236063,2,VALIDATED,1789018647486
2236063,3,PROCESSED,1789018647575
2236064,1,INITIATED,1789018645101
2236064,2,VALIDATED,1789018646843
2236064,3,PROCESSED,1789018647515
2236065,1,INITIATED,1789018645100
2236065,2,VALIDATED,1789018646841
2236065,3,PROCESSED,1789018647440
2236066,1,INITIATED,1789018645101
2236066,2,VALIDATED,1789018646768
2236066,3,PROCESSED,1789018647505
2236067,1,INITIATED,1789018645101
2236067,2,VALIDATED,1789018646844
2236067,3,PROCESSED,1789018647522
2236068,1,INITIATED,1789018645100
2236068,2,VALIDATED,1789018646843
2236068,3,PROCESSED,1789018647512
2236069,1,INITIATED,1789018645103
2236069,2,VALIDATED,1789018647073
2236069,3,PROCESSED,1789018647525
2236070,1,INITIATED,1789018645102
2236070,2,VALIDATED,1789018646769
2236070,3,PROCESSED,1789018647513
2236071,1,INITIATED,1789018645102
2236071,2,VALIDATED,1789018646842
2236071,3,PROCESSED,1789018647512
2236072,1,INITIATED,1789018645103
2236072,2,VALIDATED,1789018647482
2236072,3,PROCESSED,1789018647506
2236073,1,INITIATED,1789018645102
2236073,2,VALIDATED,1789018646841
2236073,3,PROCESSED,1789018647514
2236074,1,INITIATED,1789018645103
2236074,2,VALIDATED,1789018646844
2236074,3,PROCESSED,1789018647450
2236075,1,INITIATED,1789018645196
2236075,2,VALIDATED,1789018647081
2236075,3,PROCESSED,1789018647587
2236076,1,INITIATED,1789018645196
2236076,2,VALIDATED,1789018646061
2236076,3,PROCESSED,1789018646750
2236077,1,INITIATED,1789018645196
2236077,2,VALIDATED,1789018647485
2236077,3,PROCESSED,1789018647619
2236078,1,INITIATED,1789018645764
2236078,2,VALIDATED,1789018647139
2236078,3,PROCESSED,1789018647532
2236079,1,INITIATED,1789018645197
2236079,2,VALIDATED,1789018646064
2236079,3,PROCESSED,1789018646750
2236080,1,INITIATED,1789018645198
2236080,2,VALIDATED,1789018647553
2236080,3,PROCESSED,1789018647641
2236081,1,INITIATED,1789018645764
2236081,2,VALIDATED,1789018646190
2236081,3,PROCESSED,1789018647494
2236082,1,INITIATED,1789018645761
2236082,2,VALIDATED,1789018647157
2236082,3,PROCESSED,1789018647487
2236083,1,INITIATED,1789018645763
2236083,2,VALIDATED,1789018646189
2236083,3,PROCESSED,1789018646766
2236084,1,INITIATED,1789018645764
2236084,2,VALIDATED,1789018646190
2236084,3,PROCESSED,1789018647080
2236085,1,INITIATED,1789018645763
2236085,2,VALIDATED,1789018647442
2236085,3,PROCESSED,1789018647543
2236086,1,INITIATED,1789018645764
2236086,2,VALIDATED,1789018646189
2236086,3,REJECTED,1789018647486
2236087,1,INITIATED,1789018645764
2236087,2,VALIDATED,1789018646188
2236087,3,PROCESSED,1789018647455
2236088,1,INITIATED,1789018645762
2236088,2,VALIDATED,1789018646188
2236088,3,PROCESSED,1789018646768
2236089,1,INITIATED,1789018645763
2236089,2,VALIDATED,1789018646189
2236089,3,REJECTED,1789018647478
2236090,1,INITIATED,1789018645762
2236090,2,VALIDATED,1789018647445
2236090,3,REJECTED,1789018647536
2236091,1,INITIATED,1789018645762
2236091,2,VALIDATED,1789018646190
2236091,3,PROCESSED,1789018647489
2236092,1,INITIATED,1789018645765
2236092,2,VALIDATED,1789018647446
2236092,3,PROCESSED,1789018647556
2236093,1,INITIATED,1789018645765
2236093,2,VALIDATED,1789018646189
2236093,3,PROCESSED,1789018647550
2236094,1,INITIATED,1789018645761
2236094,2,VALIDATED,1789018646189
2236094,3,REJECTED,1789018646761
2236095,1,INITIATED,1789018645762
2236095,2,VALIDATED,1789018646187
2236095,3,PROCESSED,1789018647455
2236096,1,INITIATED,1789018645765
2236096,2,VALIDATED,1789018647156
2236096,3,PROCESSED,1789018647532
2236097,1,INITIATED,1789018645764
2236097,2,VALIDATED,1789018647445
2236097,3,PROCESSED,1789018647552
2236098,1,INITIATED,1789018645764
2236098,2,VALIDATED,1789018646187
2236098,3,PROCESSED,1789018647533
2236099,1,INITIATED,1789018645762
2236099,2,VALIDATED,1789018647510
2236099,3,PROCESSED,1789018647590
2236100,1,INITIATED,1789018645764
2236100,2,VALIDATED,1789018646187
2236100,3,PROCESSED,1789018646766
2236101,1,INITIATED,1789018645764
2236101,2,VALIDATED,1789018646186
2236101,3,PROCESSED,1789018646766
2236102,1,INITIATED,1789018645762
2236102,2,VALIDATED,1789018647445
2236102,3,PROCESSED,1789018647547
2236103,1,INITIATED,1789018646058
2236103,2,VALIDATED,1789018646747
2236103,3,PROCESSED,1789018647502
2236104,1,INITIATED,1789018646060
2236104,2,VALIDATED,1789018646746
2236104,3,PROCESSED,1789018647491
2236105,1,INITIATED,1789018646060
2236105,2,VALIDATED,1789018646745
2236105,3,PROCESSED,1789018647080
2236106,1,INITIATED,1789018646063
2236106,2,VALIDATED,1789018647445
2236106,3,PROCESSED,1789018647554
2236107,1,INITIATED,1789018646061
2236107,2,VALIDATED,1789018646753
2236107,3,PROCESSED,1789018647504
2236108,1,INITIATED,1789018646061
2236108,2,VALIDATED,1789018647520
2236108,3,PROCESSED,1789018647593
2236109,1,INITIATED,1789018646061
2236109,2,VALIDATED,1789018646753
2236109,3,PROCESSED,1789018647501
2236110,1,INITIATED,1789018646062
2236110,2,VALIDATED,1789018646754
2236110,3,PROCESSED,1789018647501
2236111,1,INITIATED,1789018646062
2236111,2,VALIDATED,1789018647445
2236111,3,PROCESSED,1789018647487
2236112,1,INITIATED,1789018646062
2236112,2,VALIDATED,1789018646746
2236112,3,PROCESSED,1789018647076
2236113,1,INITIATED,1789018646063
2236113,2,VALIDATED,1789018647445
2236113,3,PROCESSED,1789018647552
2236114,1,INITIATED,1789018646063
2236114,2,VALIDATED,1789018647452
2236114,3,PROCESSED,1789018647555
2236115,1,INITIATED,1789018646064
2236115,2,VALIDATED,1789018646747
2236115,3,PROCESSED,1789018647073
2236116,1,INITIATED,1789018646064
2236116,2,VALIDATED,1789018646750
2236116,3,PROCESSED,1789018647073
2236117,1,INITIATED,1789018646064
2236117,2,VALIDATED,1789018647517
2236117,3,PROCESSED,1789018647592
2236118,1,INITIATED,1789018646064
2236118,2,VALIDATED,1789018646745
2236118,3,PROCESSED,1789018647080
2236119,1,INITIATED,1789018646187
2236119,2,VALIDATED,1789018647452
2236119,3,PROCESSED,1789018647561
2236120,1,INITIATED,1789018646187
2236120,2,VALIDATED,1789018647520
2236120,3,PROCESSED,1789018647595
2236121,1,INITIATED,1789018646187
2236121,2,VALIDATED,1789018646761
2236121,3,PROCESSED,1789018647499
2236122,1,INITIATED,1789018646747
2236122,2,VALIDATED,1789018646842
2236122,3,PROCESSED,1789018647514
2236123,1,INITIATED,1789018646744
2236123,2,VALIDATED,1789018647075
2236123,3,PROCESSED,1789018647450
2236124,1,INITIATED,1789018646748
2236124,2,VALIDATED,1789018646844
2236124,3,PROCESSED,1789018647523
2236125,1,INITIATED,1789018646746
2236125,2,VALIDATED,1789018647077
2236125,3,PROCESSED,1789018647523
2236126,1,INITIATED,1789018646746
2236126,2,VALIDATED,1789018647075
2236126,3,PROCESSED,1789018647522
2236127,1,INITIATED,1789018646747
2236127,2,VALIDATED,1789018646844
2236127,3,PROCESSED,1789018647522
2236128,1,INITIATED,1789018646748
2236128,2,VALIDATED,1789018646844
2236128,3,PROCESSED,1789018647526
2236129,1,INITIATED,1789018646748
2236129,2,VALIDATED,1789018647496
2236129,3,PROCESSED,1789018647571
2236130,1,INITIATED,1789018646749
2236130,2,VALIDATED,1789018647074
2236130,3,PROCESSED,1789018647523
2236131,1,INITIATED,1789018646749
2236131,2,VALIDATED,1789018646841
2236131,3,PROCESSED,1789018647446
2236132,1,INITIATED,1789018646753
2236132,2,VALIDATED,1789018647491
2236132,3,PROCESSED,1789018647575
2236133,1,INITIATED,1789018646753
2236133,2,VALIDATED,1789018647490
2236133,3,PROCESSED,1789018647579
2236134,1,INITIATED,1789018646754
2236134,2,VALIDATED,1789018647493
2236134,3,PROCESSED,1789018647573
2236135,1,INITIATED,1789018646753
2236135,2,VALIDATED,1789018647497
2236135,3,PROCESSED,1789018647520
2236136,1,INITIATED,1789018646753
2236136,2,VALIDATED,1789018647491
2236136,3,PROCESSED,1789018647566
2236137,1,INITIATED,1789018646754
2236137,2,VALIDATED,1789018647494
2236137,3,PROCESSED,1789018647574
2236138,1,INITIATED,1789018646754
2236138,2,VALIDATED,1789018647495
2236138,3,PROCESSED,1789018647572
2236139,1,INITIATED,1789018646755
2236139,2,VALIDATED,1789018647489
2236139,3,PROCESSED,1789018647573
2236140,1,INITIATED,1789018646759
2236140,2,VALIDATED,1789018647495
2236140,3,PROCESSED,1789018647574
2236141,1,INITIATED,1789018646761
2236141,2,VALIDATED,1789018647498
2236141,3,PROCESSED,1789018647580
2236142,1,INITIATED,1789018646763
2236142,2,VALIDATED,1789018647496
2236142,3,PROCESSED,1789018647578
2236143,1,INITIATED,1789018646760
2236143,2,VALIDATED,1789018647549
2236143,3,PROCESSED,1789018647574
2236144,1,INITIATED,1789018646761
2236144,2,VALIDATED,1789018647495
2236144,3,PROCESSED,1789018647577
2236145,1,INITIATED,1789018646762
2236145,2,VALIDATED,1789018647495
2236145,3,PROCESSED,1789018647576
2236146,1,INITIATED,1789018646764
2236146,2,VALIDATED,1789018647127
2236146,3,PROCESSED,1789018647530
2236147,1,INITIATED,1789018646766
2236147,2,VALIDATED,1789018647503
2236147,3,PROCESSED,1789018647582
2236148,1,INITIATED,1789018646764
2236148,2,VALIDATED,1789018647503
2236148,3,PROCESSED,1789018647529
2236149,1,INITIATED,1789018646765
2236149,2,VALIDATED,1789018647125
2236149,3,PROCESSED,1789018647534
2236150,1,INITIATED,1789018646765
2236150,2,VALIDATED,1789018647138
2236150,3,PROCESSED,1789018647528
2236151,1,INITIATED,1789018646765
2236151,2,VALIDATED,1789018647501
2236151,3,PROCESSED,1789018647575
2236152,1,INITIATED,1789018646766
2236152,2,VALIDATED,1789018647127
2236152,3,PROCESSED,1789018647586
2236153,1,INITIATED,1789018646767
2236153,2,VALIDATED,1789018647503
2236153,3,PROCESSED,1789018647579
2236154,1,INITIATED,1789018646768
2236154,2,VALIDATED,1789018647552
2236154,3,PROCESSED,1789018647615
2236155,1,INITIATED,1789018646768
2236155,2,VALIDATED,1789018647496
2236155,3,PROCESSED,1789018647574
2236156,1,INITIATED,1789018646767
2236156,2,VALIDATED,1789018647503
2236156,3,PROCESSED,1789018647581
2236157,1,INITIATED,1789018646769
2236157,2,VALIDATED,1789018647490
2236157,3,PROCESSED,1789018647576
2236158,1,INITIATED,1789018646769
2236158,2,VALIDATED,1789018647502
2236158,3,PROCESSED,1789018647577
2236159,1,INITIATED,1789018646842
2236159,2,VALIDATED,1789018647506
2236159,3,PROCESSED,1789018647583
2236160,1,INITIATED,1789018646842
2236160,2,VALIDATED,1789018647503
2236160,3,PROCESSED,1789018647581
2236161,1,INITIATED,1789018647074
2236161,2,VALIDATED,1789018647515
2236161,3,PROCESSED,1789018647587
2236162,1,INITIATED,1789018647077
2236162,2,VALIDATED,1789018647518
2236162,3,PROCESSED,1789018647589
2236163,1,INITIATED,1789018647075
2236163,2,VALIDATED,1789018647443
2236163,3,PROCESSED,1789018647542
2236164,1,INITIATED,1789018647074
2236164,2,VALIDATED,1789018647442
2236164,3,PROCESSED,1789018647484
2236165,1,INITIATED,1789018647079
2236165,2,VALIDATED,1789018647573
2236165,3,PROCESSED,1789018647589
2236166,1,INITIATED,1789018647079
2236166,2,VALIDATED,1789018647516
2236166,3,PROCESSED,1789018647629
2236167,1,INITIATED,1789018647078
2236167,2,VALIDATED,1789018647519
2236167,3,PROCESSED,1789018647590
2236168,1,INITIATED,1789018647078
2236168,2,VALIDATED,1789018647516
2236168,3,PROCESSED,1789018647590
2236169,1,INITIATED,1789018647081
2236169,2,VALIDATED,1789018647517
2236169,3,PROCESSED,1789018647585
2236170,1,INITIATED,1789018647125
2236170,2,VALIDATED,1789018647521
2236170,3,REJECTED,1789018647589
2236171,1,INITIATED,1789018647126
2236171,2,VALIDATED,1789018647522
2236171,3,REJECTED,1789018647592
2236172,1,INITIATED,1789018647126
2236172,2,VALIDATED,1789018647454
2236172,3,REJECTED,1789018647547
2236173,1,INITIATED,1789018647127
2236173,2,VALIDATED,1789018647529
2236173,3,PROCESSED,1789018647598
2236174,1,INITIATED,1789018647128
2236174,2,VALIDATED,1789018647529
2236174,3,PROCESSED,1789018647597
2236175,1,INITIATED,1789018647139
2236175,2,VALIDATED,1789018647528
2236175,3,PROCESSED,1789018647545
2236176,1,INITIATED,1789018647136
2236176,2,VALIDATED,1789018647522
2236176,3,REJECTED,1789018647588
2236177,1,INITIATED,1789018647139
2236177,2,VALIDATED,1789018647524
2236177,3,PROCESSED,1789018647597
2236178,1,INITIATED,1789018647157
2236178,2,VALIDATED,1789018647527
2236178,3,PROCESSED,1789018647602
2236179,1,INITIATED,1789018647441
2236179,2,VALIDATED,1789018647478
2236179,3,PROCESSED,1789018647570
2236180,1,INITIATED,1789018647447
2236180,2,VALIDATED,1789018647545
2236180,3,PROCESSED,1789018647612
2236181,1,INITIATED,1789018647448
2236181,2,VALIDATED,1789018647546
2236181,3,PROCESSED,1789018647605
2236182,1,INITIATED,1789018647451
2236182,2,VALIDATED,1789018647545
2236182,3,PROCESSED,1789018647609
2236183,1,INITIATED,1789018647450
2236183,2,VALIDATED,1789018647497
2236183,3,PROCESSED,1789018647575
2236184,1,INITIATED,1789018647440
2236184,2,VALIDATED,1789018647540
2236184,3,PROCESSED,1789018647604
2236185,1,INITIATED,1789018647444
2236185,2,VALIDATED,1789018647537
2236185,3,PROCESSED,1789018647601
2236186,1,INITIATED,1789018647440
2236186,2,VALIDATED,1789018647539
2236186,3,PROCESSED,1789018647558
2236187,1,INITIATED,1789018647444
2236187,2,VALIDATED,1789018647538
2236187,3,PROCESSED,1789018647602
2236188,1,INITIATED,1789018647448
2236188,2,VALIDATED,1789018647544
2236188,3,PROCESSED,1789018647609
2236189,1,INITIATED,1789018647447
2236189,2,VALIDATED,1789018647542
2236189,3,PROCESSED,1789018647606
2236190,1,INITIATED,1789018647447
2236190,2,VALIDATED,1789018647540
2236190,3,PROCESSED,1789018647611
2236191,1,INITIATED,1789018647448
2236191,2,VALIDATED,1789018647544
2236191,3,PROCESSED,1789018647601
2236192,1,INITIATED,1789018647446
2236192,2,VALIDATED,1789018647483
2236192,3,PROCESSED,1789018647567
2236193,1,INITIATED,1789018647454
2236193,2,VALIDATED,1789018647548
2236193,3,PROCESSED,1789018647618
2236194,1,INITIATED,1789018647443
2236194,2,VALIDATED,1789018647533
2236194,3,PROCESSED,1789018647601
2236195,1,INITIATED,1789018647447
2236195,2,VALIDATED,1789018647488
2236195,3,PROCESSED,1789018647565
2236196,1,INITIATED,1789018647453
2236196,2,VALIDATED,1789018647543
2236196,3,PROCESSED,1789018647607
2236197,1,INITIATED,1789018647452
2236197,2,VALIDATED,1789018647548
2236197,3,PROCESSED,1789018647611
2236198,1,INITIATED,1789018647451
2236198,2,VALIDATED,1789018647544
2236198,3,PROCESSED,1789018647563
2236199,1,INITIATED,1789018647453
2236199,2,VALIDATED,1789018647546
2236199,3,PROCESSED,1789018647614
2236200,1,INITIATED,1789018647454
2236200,2,VALIDATED,1789018647546
2236200,3,PROCESSED,1789018647608
2236201,1,INITIATED,1789018647478
2236201,2,VALIDATED,1789018647551
2236201,3,PROCESSED,1789018647618
2236202,1,INITIATED,1789018647476
2236202,2,VALIDATED,1789018647553
2236202,3,PROCESSED,1789018647621
2236203,1,INITIATED,1789018647476
2236203,2,VALIDATED,1789018647551
2236203,3,PROCESSED,1789018647618
2236204,1,INITIATED,1789018647477
2236204,2,VALIDATED,1789018647551
2236204,3,PROCESSED,1789018647620
2236205,1,INITIATED,1789018647475
2236205,2,VALIDATED,1789018647599
2236205,3,PROCESSED,1789018647647
2236206,1,INITIATED,1789018647475
2236206,2,VALIDATED,1789018647553
2236206,3,PROCESSED,1789018647580
2236207,1,INITIATED,1789018647475
2236207,2,VALIDATED,1789018647550
2236207,3,PROCESSED,1789018647639
2236208,1,INITIATED,1789018647477
2236208,2,VALIDATED,1789018647553
2236208,3,PROCESSED,1789018647620
2236209,1,INITIATED,1789018647476
2236209,2,VALIDATED,1789018647549
2236209,3,PROCESSED,1789018647616
2236210,1,INITIATED,1789018647476
2236210,2,VALIDATED,1789018647550
2236210,3,PROCESSED,1789018647616
2236211,1,INITIATED,1789018647477
2236211,2,VALIDATED,1789018647554
2236211,3,PROCESSED,1789018647572
2236212,1,INITIATED,1789018647480
2236212,2,VALIDATED,1789018647551
2236212,3,PROCESSED,1789018647621
2236213,1,INITIATED,1789018647477
2236213,2,VALIDATED,1789018647556
2236213,3,PROCESSED,1789018647625
2236214,1,INITIATED,1789018647479
2236214,2,VALIDATED,1789018647551
2236214,3,PROCESSED,1789018647623
2236215,1,INITIATED,1789018647480
2236215,2,VALIDATED,1789018647556
2236215,3,PROCESSED,1789018647625
2236216,1,INITIATED,1789018647480
2236216,2,VALIDATED,1789018647550
2236216,3,PROCESSED,1789018647619
2236217,1,INITIATED,1789018647479
2236217,2,VALIDATED,1789018647554
2236217,3,PROCESSED,1789018647627
2236218,1,INITIATED,1789018647479
2236218,2,VALIDATED,1789018647556
2236218,3,PROCESSED,1789018647624
2236219,1,INITIATED,1789018647485
2236219,2,VALIDATED,1789018647557
2236219,3,PROCESSED,1789018647620
2236220,1,INITIATED,1789018647487
2236220,2,VALIDATED,1789018647556
2236220,3,PROCESSED,1789018647627
2236221,1,INITIATED,1789018647489
2236221,2,VALIDATED,1789018647557
2236221,3,PROCESSED,1789018647623
2236222,1,INITIATED,1789018647489
2236222,2,VALIDATED,1789018647611
2236222,3,PROCESSED,1789018647647
2236223,1,INITIATED,1789018647492
2236223,2,VALIDATED,1789018647559
2236223,3,PROCESSED,1789018647626
2236224,1,INITIATED,1789018647490
2236224,2,VALIDATED,1789018647563
2236224,3,PROCESSED,1789018647629
2236225,1,INITIATED,1789018647492
2236225,2,VALIDATED,1789018647609
2236225,3,PROCESSED,1789018647648
2236226,1,INITIATED,1789018647493
2236226,2,VALIDATED,1789018647560
2236226,3,PROCESSED,1789018647622
2236227,1,INITIATED,1789018647491
2236227,2,VALIDATED,1789018647560
2236227,3,PROCESSED,1789018647628
2236228,1,INITIATED,1789018647495
2236228,2,VALIDATED,1789018647561
2236228,3,PROCESSED,1789018647623
2236229,1,INITIATED,1789018647497
2236229,2,VALIDATED,1789018647563
2236229,3,PROCESSED,1789018647627
2236230,1,INITIATED,1789018647497
2236230,2,VALIDATED,1789018647508
2236230,3,PROCESSED,1789018647579
2236231,1,INITIATED,1789018647498
2236231,2,VALIDATED,1789018647512
2236231,3,PROCESSED,1789018647587
2236232,1,INITIATED,1789018647499
2236232,2,VALIDATED,1789018647567
2236232,3,PROCESSED,1789018647627
2236233,1,INITIATED,1789018647498
2236233,2,VALIDATED,1789018647565
2236233,3,PROCESSED,1789018647628
2236234,1,INITIATED,1789018647501
2236234,2,VALIDATED,1789018647570
2236234,3,PROCESSED,1789018647633
2236235,1,INITIATED,1789018647503
2236235,2,VALIDATED,1789018647565
2236235,3,PROCESSED,1789018647625
2236236,1,INITIATED,1789018647508
2236236,2,VALIDATED,1789018647577
2236236,3,PROCESSED,1789018647632
2236237,1,INITIATED,1789018647507
2236237,2,VALIDATED,1789018647574
2236237,3,PROCESSED,1789018647635
2236238,1,INITIATED,1789018647508
2236238,2,VALIDATED,1789018647581
2236238,3,PROCESSED,1789018647633
2236239,1,INITIATED,1789018647509
2236239,2,VALIDATED,1789018647584
2236239,3,PROCESSED,1789018647603
2236240,1,INITIATED,1789018647510
2236240,2,VALIDATED,1789018647582
2236240,3,PROCESSED,1789018647637
2236241,1,INITIATED,1789018647510
2236241,2,VALIDATED,1789018647521
2236241,3,PROCESSED,1789018647589
2236242,1,INITIATED,1789018647513
2236242,2,VALIDATED,1789018647583
2236242,3,PROCESSED,1789018647638
2236243,1,INITIATED,1789018647514
2236243,2,VALIDATED,1789018647580
2236243,3,PROCESSED,1789018647637
2236244,1,INITIATED,1789018647513
2236244,2,VALIDATED,1789018647581
2236244,3,PROCESSED,1789018647594
2236245,1,INITIATED,1789018647513
2236245,2,VALIDATED,1789018647580
2236245,3,PROCESSED,1789018647592
2236246,1,INITIATED,1789018647521
2236246,2,VALIDATED,1789018647583
2236246,3,PROCESSED,1789018647635
2236247,1,INITIATED,1789018647520
2236247,2,VALIDATED,1789018647585
2236247,3,PROCESSED,1789018647633
2236248,1,INITIATED,1789018647519
2236248,2,VALIDATED,1789018647583
2236248,3,PROCESSED,1789018647638
2236249,1,INITIATED,1789018647520
2236249,2,VALIDATED,1789018647588
2236249,3,PROCESSED,1789018647637
2236250,1,INITIATED,1789018647523
2236250,2,VALIDATED,1789018647624
2236250,3,PROCESSED,1789018647648
2236251,1,INITIATED,1789018647528
2236251,2,VALIDATED,1789018647586
2236251,3,PROCESSED,1789018647641
2236252,1,INITIATED,1789018647528
2236252,2,VALIDATED,1789018647592
2236252,3,PROCESSED,1789018647645
2236253,1,INITIATED,1789018647529
2236253,2,VALIDATED,1789018647588
2236253,3,PROCESSED,1789018647640
2236254,1,INITIATED,1789018647533
2236254,2,VALIDATED,1789018647593
2236254,3,PROCESSED,1789018647641
2236255,1,INITIATED,1789018647530
2236255,2,VALIDATED,1789018647592
2236255,3,PROCESSED,1789018647639
2236256,1,INITIATED,1789018647534
2236256,2,VALIDATED,1789018647595
2236256,3,PROCESSED,1789018647643
2236257,1,INITIATED,1789018647532
2236257,2,VALIDATED,1789018647593
2236257,3,PROCESSED,1789018647642
2236258,1,INITIATED,1789018647532
2236258,2,VALIDATED,1789018647589
2236258,3,PROCESSED,1789018647636
2236259,1,INITIATED,1789018647533
2236259,2,VALIDATED,1789018647596
2236259,3,PROCESSED,1789018647641
2236260,1,INITIATED,1789018647534
2236260,2,VALIDATED,1789018647594
2236260,3,PROCESSED,1789018647645
2236261,1,INITIATED,1789018647536
2236261,2,VALIDATED,1789018647595
2236261,3,PROCESSED,1789018647642
2236262,1,INITIATED,1789018647535
2236262,2,VALIDATED,1789018647541
2236262,3,PROCESSED,1789018647605
2236263,1,INITIATED,1789018647536
2236263,2,VALIDATED,1789018647594
2236263,3,PROCESSED,1789018647642
2236264,1,INITIATED,1789018647537
2236264,2,VALIDATED,1789018647596
2236264,3,PROCESSED,1789018647640
2236265,1,INITIATED,1789018647537
2236265,2,VALIDATED,1789018647596
2236265,3,PROCESSED,1789018647612
2236266,1,INITIATED,1789018647537
2236266,2,VALIDATED,1789018647597
2236266,3,PROCESSED,1789018647647
2236267,1,INITIATED,1789018647541
2236267,2,VALIDATED,1789018647598
2236267,3,PROCESSED,1789018647644
2236268,1,INITIATED,1789018647543
2236268,2,VALIDATED,1789018647600
2236268,3,PROCESSED,1789018647649
2236269,1,INITIATED,1789018647544
2236269,2,VALIDATED,1789018647602
2236269,3,PROCESSED,1789018647645
2236270,1,INITIATED,1789018647548
2236270,2,VALIDATED,1789018647602
2236270,3,PROCESSED,1789018647624
2236271,1,INITIATED,1789018647562
2236271,2,VALIDATED,1789018647616
2236271,3,PROCESSED,1789018647646
2236272,1,INITIATED,1789018647562
2236272,2,VALIDATED,1789018647617
2236272,3,PROCESSED,1789018647648
2236273,1,INITIATED,1789018647565
2236273,2,VALIDATED,1789018647617
2236273,3,PROCESSED,1789018647648
2236274,1,INITIATED,1789018647570
2236274,2,VALIDATED,1789018647622
2236274,3,PROCESSED,1789018647650
2236275,1,INITIATED,1789018647591
2236275,2,VALIDATED,1789018647631
2236275,3,PROCESSED,1789018647649
2236276,1,INITIATED,1789018647610
2236276,2,VALIDATED,1789018647639
2236276,3,PROCESSED,1789018647651
2236277,1,INITIATED,1789018647619
2236277,2,VALIDATED,1789018647646
2236277,3,PROCESSED,1789018647653
2236278,1,INITIATED,1789018647625
2236278,2,VALIDATED,1789018647644
2236278,3,PROCESSED,1789018647652
2236279,1,INITIATED,1789018647630
2236279,2,VALIDATED,1789018647636
2236279,3,PROCESSED,1789018647649
2236280,1,INITIATED,1789018647640
2236280,2,VALIDATED,1789018647648
2236280,3,PROCESSED,1789018647654
2236281,1,INITIATED,1789018647644
2236281,2,VALIDATED,1789018647650
2236281,3,PROCESSED,1789018647656
2236282,1,INITIATED,1789018647657
2236282,2,VALIDATED,1789018647661
2236282,3,PROCESSED,1789018647665
2236283,1,INITIATED,1789018647676
2236283,2,VALIDATED,1789018647680
2236283,3,PROCESSED,1789018647684
2236284,1,INITIATED,1789018647696
2236284,2,VALIDATED,1789018647699
2236284,3,PROCESSED,1789018647703
2236285,1,INITIATED,1789018647717
2236285,2,VALIDATED,1789018647720
2236285,3,PROCESSED,1789018647724
2236286,1,INITIATED,1789018647736
2236286,2,VALIDATED,1789018647740
2236286,3,PROCESSED,1789018647743
2236287,1,INITIATED,1789018647757
2236287,2,VALIDATED,1789018647765
2236287,3,PROCESSED,1789018647897
2236288,1,INITIATED,1789018647895
2236288,2,VALIDATED,1789018647904
2236288,3,PROCESSED,1789018648112
2236289,1,INITIATED,1789018647895
2236289,2,VALIDATED,1789018647905
2236289,3,PROCESSED,1789018648112
2236290,1,INITIATED,1789018647894
2236290,2,VALIDATED,1789018647904
2236290,3,PROCESSED,1789018648112
2236291,1,INITIATED,1789018647894
2236291,2,VALIDATED,1789018647904
2236291,3,PROCESSED,1789018648111
2236292,1,INITIATED,1789018647894
2236292,2,VALIDATED,1789018647904
2236292,3,PROCESSED,1789018648108
2236293,1,INITIATED,1789018647895
2236293,2,VALIDATED,1789018647904
2236293,3,PROCESSED,1789018648108
2236294,1,INITIATED,1789018647897
2236294,2,VALIDATED,1789018647905
2236294,3,PROCESSED,1789018648109
2236295,1,INITIATED,1789018647929
2236295,2,VALIDATED,1789018648110
2236295,3,REJECTED,1789018648115
2236296,1,INITIATED,1789018647937
2236296,2,VALIDATED,1789018648112
2236296,3,REJECTED,1789018648117
2236297,1,INITIATED,1789018648111
2236297,2,VALIDATED,1789018648117
2236297,3,REJECTED,1789018648124
2236298,1,INITIATED,1789018648110
2236298,2,VALIDATED,1789018648116
2236298,3,REJECTED,1789018648122
2236299,1,INITIATED,1789018648109
2236299,2,VALIDATED,1789018648115
2236299,3,PROCESSED,1789018648123
2236300,1,INITIATED,1789018648109
2236300,2,VALIDATED,1789018648116
2236300,3,PROCESSED,1789018648123
2236301,1,INITIATED,1789018648108
2236301,2,VALIDATED,1789018648113
2236301,3,PROCESSED,1789018648121
2236302,1,INITIATED,1789018648110
2236302,2,VALIDATED,1789018648117
2236302,3,PROCESSED,1789018648126
2236303,1,INITIATED,1789018648110
2236303,2,VALIDATED,1789018648117
2236303,3,PROCESSED,1789018648126
2236304,1,INITIATED,1789018648111
2236304,2,VALIDATED,1789018648117
2236304,3,PROCESSED,1789018648126
2236305,1,INITIATED,1789018648117
2236305,2,VALIDATED,1789018648124
2236305,3,PROCESSED,1789018648153
2236306,1,INITIATED,1789018648136
2236306,2,VALIDATED,1789018648152
2236306,3,PROCESSED,1789018648155
2236307,1,INITIATED,1789018648155
2236307,2,VALIDATED,1789018648159
2236307,3,PROCESSED,1789018648164
2236308,1,INITIATED,1789018648176
2236308,2,VALIDATED,1789018648179
2236308,3,PROCESSED,1789018648182
2236309,1,INITIATED,1789018648196
2236309,2,VALIDATED,1789018648200
2236309,3,PROCESSED,1789018648204
2236310,1,INITIATED,1789018648216
2236310,2,VALIDATED,1789018648219
2236310,3,PROCESSED,1789018648222
2236311,1,INITIATED,1789018648236
2236311,2,VALIDATED,1789018648239
2236311,3,PROCESSED,1789018648242
2236312,1,INITIATED,1789018648256
2236312,2,VALIDATED,1789018648259
2236312,3,PROCESSED,1789018648262
2236313,1,INITIATED,1789018648276
2236313,2,VALIDATED,1789018648279
2236313,3,PROCESSED,1789018648282
2236314,1,INITIATED,1789018648297
2236314,2,VALIDATED,1789018648299
2236314,3,PROCESSED,1789018648302
2236315,1,INITIATED,1789018648316
2236315,2,VALIDATED,1789018648319
2236315,3,PROCESSED,1789018648322
2236316,1,INITIATED,1789018648336
2236316,2,VALIDATED,1789018648339
2236316,3,PROCESSED,1789018648342
2236317,1,INITIATED,1789018648356
2236317,2,VALIDATED,1789018648359
2236317,3,PROCESSED,1789018648362
2236318,1,INITIATED,1789018648376
2236318,2,VALIDATED,1789018648383
2236318,3,PROCESSED,1789018648387
2236319,1,INITIATED,1789018648396
2236319,2,VALIDATED,1789018648399
2236319,3,PROCESSED,1789018648403
2236320,1,INITIATED,1789018648416
2236320,2,VALIDATED,1789018648419
2236320,3,PROCESSED,1789018648423
2236321,1,INITIATED,1789018648436
2236321,2,VALIDATED,1789018648440
2236321,3,PROCESSED,1789018648443
2236322,1,INITIATED,1789018648456
2236322,2,VALIDATED,1789018648459
2236322,3,PROCESSED,1789018648463
2236323,1,INITIATED,1789018648476
2236323,2,VALIDATED,1789018648480
2236323,3,PROCESSED,1789018648483
2236324,1,INITIATED,1789018648497
2236324,2,VALIDATED,1789018648500
2236324,3,PROCESSED,1789018648504
2236325,1,INITIATED,1789018648516
2236325,2,VALIDATED,1789018648519
2236325,3,PROCESSED,1789018648522
2236326,1,INITIATED,1789018648536
2236326,2,VALIDATED,1789018648540
2236326,3,PROCESSED,1789018648544
2236327,1,INITIATED,1789018648556
2236327,2,VALIDATED,1789018648559
2236327,3,PROCESSED,1789018648562
2236328,1,INITIATED,1789018648576
2236328,2,VALIDATED,1789018648579
2236328,3,PROCESSED,1789018648582
2236329,1,INITIATED,1789018648596
2236329,2,VALIDATED,1789018648599
2236329,3,PROCESSED,1789018648603
2236330,1,INITIATED,1789018648616
2236330,2,VALIDATED,1789018648620
2236330,3,PROCESSED,1789018648623
2236331,1,INITIATED,1789018648636
2236331,2,VALIDATED,1789018648639
2236331,3,PROCESSED,1789018648642
2236332,1,INITIATED,1789018648656
2236332,2,VALIDATED,1789018648659
2236332,3,PROCESSED,1789018648662
2236333,1,INITIATED,1789018648676
2236333,2,VALIDATED,1789018648680
2236333,3,PROCESSED,1789018648684
2236334,1,INITIATED,1789018648697
2236334,2,VALIDATED,1789018648700
2236334,3,PROCESSED,1789018648703
2236335,1,INITIATED,1789018648717
2236335,2,VALIDATED,1789018648720
2236335,3,PROCESSED,1789018648726
2236336,1,INITIATED,1789018648736
2236336,2,VALIDATED,1789018648740
2236336,3,PROCESSED,1789018648743
2236337,1,INITIATED,1789018648757
2236337,2,VALIDATED,1789018648870
2236337,3,PROCESSED,1789018648930
2236338,1,INITIATED,1789018648870
2236338,2,VALIDATED,1789018648879
2236338,3,PROCESSED,1789018648935
2236339,1,INITIATED,1789018648869
2236339,2,VALIDATED,1789018648879
2236339,3,PROCESSED,1789018648935
2236340,1,INITIATED,1789018648869
2236340,2,VALIDATED,1789018648879
2236340,3,PROCESSED,1789018648939
2236341,1,INITIATED,1789018648870
2236341,2,VALIDATED,1789018648879
2236341,3,PROCESSED,1789018648935
2236342,1,INITIATED,1789018648869
2236342,2,VALIDATED,1789018648879
2236342,3,PROCESSED,1789018648935
2236343,1,INITIATED,1789018648878
2236343,2,VALIDATED,1789018648933
2236343,3,PROCESSED,1789018649112
2236344,1,INITIATED,1789018648926
2236344,2,VALIDATED,1789018649110
2236344,3,PROCESSED,1789018649118
2236345,1,INITIATED,1789018648926
2236345,2,VALIDATED,1789018649111
2236345,3,PROCESSED,1789018649118
2236346,1,INITIATED,1789018648939
2236346,2,VALIDATED,1789018649111
2236346,3,PROCESSED,1789018649119
2236347,1,INITIATED,1789018649111
2236347,2,VALIDATED,1789018649118
2236347,3,PROCESSED,1789018649144
2236348,1,INITIATED,1789018649110
2236348,2,VALIDATED,1789018649117
2236348,3,PROCESSED,1789018649144
2236349,1,INITIATED,1789018649109
2236349,2,VALIDATED,1789018649117
2236349,3,PROCESSED,1789018649144
2236350,1,INITIATED,1789018649109
2236350,2,VALIDATED,1789018649117
2236350,3,PROCESSED,1789018649153
2236351,1,INITIATED,1789018649109
2236351,2,VALIDATED,1789018649117
2236351,3,PROCESSED,1789018649144
2236352,1,INITIATED,1789018649110
2236352,2,VALIDATED,1789018649117
2236352,3,PROCESSED,1789018649121
2236353,1,INITIATED,1789018649110
2236353,2,VALIDATED,1789018649117
2236353,3,PROCESSED,1789018649144
2236354,1,INITIATED,1789018649109
2236354,2,VALIDATED,1789018649117
2236354,3,PROCESSED,1789018649144
2236355,1,INITIATED,1789018649117
2236355,2,VALIDATED,1789018649142
2236355,3,PROCESSED,1789018649148
2236356,1,INITIATED,1789018649136
2236356,2,VALIDATED,1789018649142
2236356,3,PROCESSED,1789018649147
2236357,1,INITIATED,1789018649156
2236357,2,VALIDATED,1789018649158
2236357,3,PROCESSED,1789018649162
2236358,1,INITIATED,1789018649176
2236358,2,VALIDATED,1789018649180
2236358,3,PROCESSED,1789018649184
2236359,1,INITIATED,1789018649196
2236359,2,VALIDATED,1789018649203
2236359,3,PROCESSED,1789018649206
2236360,1,INITIATED,1789018649217
2236360,2,VALIDATED,1789018649220
2236360,3,PROCESSED,1789018649223
2236361,1,INITIATED,1789018649236
2236361,2,VALIDATED,1789018649240
2236361,3,PROCESSED,1789018649243
2236362,1,INITIATED,1789018649256
2236362,2,VALIDATED,1789018649259
2236362,3,PROCESSED,1789018649262
2236363,1,INITIATED,1789018649276
2236363,2,VALIDATED,1789018649279
2236363,3,PROCESSED,1789018649283
2236364,1,INITIATED,1789018649296
2236364,2,VALIDATED,1789018649299
2236364,3,PROCESSED,1789018649303
2236365,1,INITIATED,1789018649316
2236365,2,VALIDATED,1789018649320
2236365,3,PROCESSED,1789018649324
2236366,1,INITIATED,1789018649336
2236366,2,VALIDATED,1789018649339
2236366,3,PROCESSED,1789018649342
2236367,1,INITIATED,1789018649356
2236367,2,VALIDATED,1789018649359
2236367,3,PROCESSED,1789018649363
2236368,1,INITIATED,1789018649377
2236368,2,VALIDATED,1789018649380
2236368,3,PROCESSED,1789018649383
2236369,1,INITIATED,1789018649396
2236369,2,VALIDATED,1789018649399
2236369,3,PROCESSED,1789018649402
2236370,1,INITIATED,1789018649417
2236370,2,VALIDATED,1789018649420
2236370,3,PROCESSED,1789018649423
2236371,1,INITIATED,1789018649438
2236371,2,VALIDATED,1789018649441
2236371,3,PROCESSED,1789018649444
2236372,1,INITIATED,1789018649456
2236372,2,VALIDATED,1789018649459
2236372,3,PROCESSED,1789018649463
2236373,1,INITIATED,1789018649476
2236373,2,VALIDATED,1789018649479
2236373,3,PROCESSED,1789018649482
2236374,1,INITIATED,1789018649496
2236374,2,VALIDATED,1789018649498
2236374,3,PROCESSED,1789018649502
2236375,1,INITIATED,1789018649517
2236375,2,VALIDATED,1789018649519
2236375,3,PROCESSED,1789018649522
2236376,1,INITIATED,1789018649535
2236376,2,VALIDATED,1789018649538
2236376,3,PROCESSED,1789018649540
2236377,1,INITIATED,1789018649556
2236377,2,VALIDATED,1789018649559
2236377,3,PROCESSED,1789018649566
2236378,1,INITIATED,1789018649576
2236378,2,VALIDATED,1789018649579
2236378,3,PROCESSED,1789018649582
2236379,1,INITIATED,1789018649596
2236379,2,VALIDATED,1789018649599
2236379,3,PROCESSED,1789018649602
2236380,1,INITIATED,1789018649617
2236380,2,VALIDATED,1789018649620
2236380,3,PROCESSED,1789018649623
2236381,1,INITIATED,1789018649636
2236381,2,VALIDATED,1789018649639
2236381,3,PROCESSED,1789018649643
2236382,1,INITIATED,1789018649656
2236382,2,VALIDATED,1789018649659
2236382,3,PROCESSED,1789018649662
2236383,1,INITIATED,1789018649676
2236383,2,VALIDATED,1789018649680
2236383,3,PROCESSED,1789018649683
2236384,1,INITIATED,1789018649695
2236384,2,VALIDATED,1789018649698
2236384,3,PROCESSED,1789018649701
2236385,1,INITIATED,1789018649716
2236385,2,VALIDATED,1789018649718
2236385,3,PROCESSED,1789018649721
2236386,1,INITIATED,1789018649736
2236386,2,VALIDATED,1789018649738
2236386,3,PROCESSED,1789018649741
2236387,1,INITIATED,1789018649757
2236387,2,VALIDATED,1789018649763
2236387,3,PROCESSED,1789018649878
2236388,1,INITIATED,1789018649875
2236388,2,VALIDATED,1789018649883
2236388,3,PROCESSED,1789018649933
2236389,1,INITIATED,1789018649875
2236389,2,VALIDATED,1789018649883
2236389,3,PROCESSED,1789018649934
2236390,1,INITIATED,1789018649875
2236390,2,VALIDATED,1789018649883
2236390,3,PROCESSED,1789018649933
2236391,1,INITIATED,1789018649875
2236391,2,VALIDATED,1789018649883
2236391,3,PROCESSED,1789018649933
2236392,1,INITIATED,1789018649875
2236392,2,VALIDATED,1789018649883
2236392,3,PROCESSED,1789018649930
2236393,1,INITIATED,1789018649877
2236393,2,VALIDATED,1789018649916
2236393,3,PROCESSED,1789018650102
2236394,1,INITIATED,1789018649913
2236394,2,VALIDATED,1789018650099
2236394,3,PROCESSED,1789018650106
2236395,1,INITIATED,1789018649917
2236395,2,VALIDATED,1789018650099
2236395,3,REJECTED,1789018650104
2236396,1,INITIATED,1789018650099
2236396,2,VALIDATED,1789018650104
2236396,3,REJECTED,1789018650109
2236397,1,INITIATED,1789018650100
2236397,2,VALIDATED,1789018650107
2236397,3,REJECTED,1789018650194
2236398,1,INITIATED,1789018650100
2236398,2,VALIDATED,1789018650107
2236398,3,REJECTED,1789018650193
2236399,1,INITIATED,1789018650100
2236399,2,VALIDATED,1789018650107
2236399,3,PROCESSED,1789018650195
2236400,1,INITIATED,1789018650100
2236400,2,VALIDATED,1789018650104
2236400,3,PROCESSED,1789018650111
2236401,1,INITIATED,1789018650099
2236401,2,VALIDATED,1789018650104
2236401,3,PROCESSED,1789018650111
2236402,1,INITIATED,1789018650100
2236402,2,VALIDATED,1789018650107
2236402,3,PROCESSED,1789018650194
2236403,1,INITIATED,1789018650100
2236403,2,VALIDATED,1789018650107
2236403,3,PROCESSED,1789018650196
2236404,1,INITIATED,1789018650100
2236404,2,VALIDATED,1789018650104
2236404,3,PROCESSED,1789018650111
2236405,1,INITIATED,1789018650117
2236405,2,VALIDATED,1789018650194
2236405,3,PROCESSED,1789018650203
2236406,1,INITIATED,1789018650137
2236406,2,VALIDATED,1789018650194
2236406,3,PROCESSED,1789018650203
2236407,1,INITIATED,1789018650156
2236407,2,VALIDATED,1789018650194
2236407,3,PROCESSED,1789018650203
2236408,1,INITIATED,1789018650177
2236408,2,VALIDATED,1789018650194
2236408,3,PROCESSED,1789018650204
2236409,1,INITIATED,1789018650197
2236409,2,VALIDATED,1789018650201
2236409,3,PROCESSED,1789018650207
2236410,1,INITIATED,1789018650216
2236410,2,VALIDATED,1789018650221
2236410,3,PROCESSED,1789018650225
2236411,1,INITIATED,1789018650236
2236411,2,VALIDATED,1789018650240
2236411,3,PROCESSED,1789018650244
2236412,1,INITIATED,1789018650257
2236412,2,VALIDATED,1789018650261
2236412,3,PROCESSED,1789018650265
2236413,1,INITIATED,1789018650277
2236413,2,VALIDATED,1789018650280
2236413,3,PROCESSED,1789018650284
2236414,1,INITIATED,1789018650296
2236414,2,VALIDATED,1789018650299
2236414,3,PROCESSED,1789018650303
2236415,1,INITIATED,1789018650316
2236415,2,VALIDATED,1789018650320
2236415,3,PROCESSED,1789018650324
2236416,1,INITIATED,1789018650337
2236416,2,VALIDATED,1789018650339
2236416,3,PROCESSED,1789018650343
2236417,1,INITIATED,1789018650356
2236417,2,VALIDATED,1789018650359
2236417,3,PROCESSED,1789018650363
2236418,1,INITIATED,1789018650377
2236418,2,VALIDATED,1789018650380
2236418,3,PROCESSED,1789018650383
2236419,1,INITIATED,1789018650396
2236419,2,VALIDATED,1789018650399
2236419,3,PROCESSED,1789018650403
2236420,1,INITIATED,1789018650416
2236420,2,VALIDATED,1789018650420
2236420,3,PROCESSED,1789018650423
2236421,1,INITIATED,1789018650436
2236421,2,VALIDATED,1789018650439
2236421,3,PROCESSED,1789018650443
2236422,1,INITIATED,1789018650456
2236422,2,VALIDATED,1789018650461
2236422,3,PROCESSED,1789018650464
2236423,1,INITIATED,1789018650476
2236423,2,VALIDATED,1789018650479
2236423,3,PROCESSED,1789018650482
2236424,1,INITIATED,1789018650496
2236424,2,VALIDATED,1789018650499
2236424,3,PROCESSED,1789018650503
2236425,1,INITIATED,1789018650516
2236425,2,VALIDATED,1789018650521
2236425,3,PROCESSED,1789018650525
2236426,1,INITIATED,1789018650535
2236426,2,VALIDATED,1789018650538
2236426,3,PROCESSED,1789018650542
2236427,1,INITIATED,1789018650556
2236427,2,VALIDATED,1789018650559
2236427,3,PROCESSED,1789018650562
2236428,1,INITIATED,1789018650576
2236428,2,VALIDATED,1789018650580
2236428,3,PROCESSED,1789018650584
2236429,1,INITIATED,1789018650597
2236429,2,VALIDATED,1789018650600
2236429,3,PROCESSED,1789018650605
2236430,1,INITIATED,1789018650616
2236430,2,VALIDATED,1789018650619
2236430,3,PROCESSED,1789018650623
2236431,1,INITIATED,1789018650636
2236431,2,VALIDATED,1789018650640
2236431,3,PROCESSED,1789018650643
2236432,1,INITIATED,1789018650656
2236432,2,VALIDATED,1789018650659
2236432,3,PROCESSED,1789018650662
2236433,1,INITIATED,1789018650676
2236433,2,VALIDATED,1789018650679
2236433,3,PROCESSED,1789018650682
2236434,1,INITIATED,1789018650696
2236434,2,VALIDATED,1789018650700
2236434,3,PROCESSED,1789018650702
2236435,1,INITIATED,1789018650716
2236435,2,VALIDATED,1789018650719
2236435,3,PROCESSED,1789018650723
2236436,1,INITIATED,1789018650736
2236436,2,VALIDATED,1789018650739
2236436,3,PROCESSED,1789018650743
2236437,1,INITIATED,1789018650757
2236437,2,VALIDATED,1789018650761
2236437,3,PROCESSED,1789018650781
2236438,1,INITIATED,1789018650778
2236438,2,VALIDATED,1789018650916
2236438,3,PROCESSED,1789018651041
2236439,1,INITIATED,1789018650915
2236439,2,VALIDATED,1789018650921
2236439,3,PROCESSED,1789018651043
2236440,1,INITIATED,1789018650916
2236440,2,VALIDATED,1789018651023
2236440,3,PROCESSED,1789018651254
2236441,1,INITIATED,1789018650915
2236441,2,VALIDATED,1789018651023
2236441,3,PROCESSED,1789018651254
2236442,1,INITIATED,1789018650916
2236442,2,VALIDATED,1789018651023
2236442,3,PROCESSED,1789018651253
2236443,1,INITIATED,1789018650916
2236443,2,VALIDATED,1789018651040
2236443,3,PROCESSED,1789018651254
2236444,1,INITIATED,1789018650915
2236444,2,VALIDATED,1789018650921
2236444,3,PROCESSED,1789018651043
2236445,1,INITIATED,1789018650916
2236445,2,VALIDATED,1789018651023
2236445,3,PROCESSED,1789018651254
2236446,1,INITIATED,1789018651021
2236446,2,VALIDATED,1789018651253
2236446,3,PROCESSED,1789018651266
2236447,1,INITIATED,1789018651021
2236447,2,VALIDATED,1789018651251
2236447,3,PROCESSED,1789018651266
2236448,1,INITIATED,1789018651021
2236448,2,VALIDATED,1789018651251
2236448,3,PROCESSED,1789018651266
2236449,1,INITIATED,1789018651021
2236449,2,VALIDATED,1789018651250
2236449,3,PROCESSED,1789018651266
2236450,1,INITIATED,1789018651021
2236450,2,VALIDATED,1789018651251
2236450,3,PROCESSED,1789018651265
2236451,1,INITIATED,1789018651040
2236451,2,VALIDATED,1789018651253
2236451,3,PROCESSED,1789018651265
2236452,1,INITIATED,1789018651250
2236452,2,VALIDATED,1789018651264
2236452,3,PROCESSED,1789018651310
2236453,1,INITIATED,1789018651252
2236453,2,VALIDATED,1789018651265
2236453,3,PROCESSED,1789018651310
2236454,1,INITIATED,1789018651252
2236454,2,VALIDATED,1789018651264
2236454,3,PROCESSED,1789018651310
2236455,1,INITIATED,1789018651252
2236455,2,VALIDATED,1789018651265
2236455,3,PROCESSED,1789018651311
2236456,1,INITIATED,1789018651252
2236456,2,VALIDATED,1789018651264
2236456,3,PROCESSED,1789018651310
2236457,1,INITIATED,1789018651253
2236457,2,VALIDATED,1789018651264
2236457,3,PROCESSED,1789018651310
2236458,1,INITIATED,1789018651250
2236458,2,VALIDATED,1789018651263
2236458,3,PROCESSED,1789018651307
2236459,1,INITIATED,1789018651253
2236459,2,VALIDATED,1789018651263
2236459,3,PROCESSED,1789018651268
2236460,1,INITIATED,1789018651250
2236460,2,VALIDATED,1789018651265
2236460,3,PROCESSED,1789018651310
2236461,1,INITIATED,1789018651252
2236461,2,VALIDATED,1789018651264
2236461,3,PROCESSED,1789018651310
2236462,1,INITIATED,1789018651257
2236462,2,VALIDATED,1789018651264
2236462,3,PROCESSED,1789018651307
2236463,1,INITIATED,1789018651276
2236463,2,VALIDATED,1789018651308
2236463,3,PROCESSED,1789018651313
2236464,1,INITIATED,1789018651296
2236464,2,VALIDATED,1789018651308
2236464,3,PROCESSED,1789018651313
2236465,1,INITIATED,1789018651316
2236465,2,VALIDATED,1789018651318
2236465,3,PROCESSED,1789018651321
2236466,1,INITIATED,1789018651337
2236466,2,VALIDATED,1789018651340
2236466,3,PROCESSED,1789018651344
2236467,1,INITIATED,1789018651357
2236467,2,VALIDATED,1789018651360
2236467,3,PROCESSED,1789018651364
2236468,1,INITIATED,1789018651376
2236468,2,VALIDATED,1789018651380
2236468,3,PROCESSED,1789018651384
2236469,1,INITIATED,1789018651396
2236469,2,VALIDATED,1789018651400
2236469,3,PROCESSED,1789018651403
2236470,1,INITIATED,1789018651416
2236470,2,VALIDATED,1789018651420
2236470,3,PROCESSED,1789018651423
2236471,1,INITIATED,1789018651436
2236471,2,VALIDATED,1789018651439
2236471,3,PROCESSED,1789018651443
2236472,1,INITIATED,1789018651456
2236472,2,VALIDATED,1789018651460
2236472,3,PROCESSED,1789018651463
2236473,1,INITIATED,1789018651477
2236473,2,VALIDATED,1789018651480
2236473,3,PROCESSED,1789018651483
2236474,1,INITIATED,1789018651496
2236474,2,VALIDATED,1789018651518
2236474,3,PROCESSED,1789018651523
2236475,1,INITIATED,1789018651517
2236475,2,VALIDATED,1789018651520
2236475,3,PROCESSED,1789018651524
2236476,1,INITIATED,1789018651536
2236476,2,VALIDATED,1789018651553
2236476,3,PROCESSED,1789018651556
2236477,1,INITIATED,1789018651556
2236477,2,VALIDATED,1789018651558
2236477,3,PROCESSED,1789018651562
2236478,1,INITIATED,1789018651577
2236478,2,VALIDATED,1789018651580
2236478,3,PROCESSED,1789018651584
2236479,1,INITIATED,1789018651597
2236479,2,VALIDATED,1789018651600
2236479,3,PROCESSED,1789018651604
2236480,1,INITIATED,1789018651616
2236480,2,VALIDATED,1789018651620
2236480,3,PROCESSED,1789018651624
2236481,1,INITIATED,1789018651636
2236481,2,VALIDATED,1789018651641
2236481,3,PROCESSED,1789018651644
2236482,1,INITIATED,1789018651656
2236482,2,VALIDATED,1789018651659
2236482,3,PROCESSED,1789018651663
2236483,1,INITIATED,1789018651676
2236483,2,VALIDATED,1789018651679
2236483,3,PROCESSED,1789018651682
2236484,1,INITIATED,1789018651696
2236484,2,VALIDATED,1789018651699
2236484,3,PROCESSED,1789018651702
2236485,1,INITIATED,1789018651717
2236485,2,VALIDATED,1789018651733
2236485,3,PROCESSED,1789018651737
2236486,1,INITIATED,1789018651736
2236486,2,VALIDATED,1789018651738
2236486,3,PROCESSED,1789018651741
2236487,1,INITIATED,1789018651757
2236487,2,VALIDATED,1789018651855
2236487,3,PROCESSED,1789018652383
2236488,1,INITIATED,1789018651853
2236488,2,VALIDATED,1789018652382
2236488,3,PROCESSED,1789018653507
2236489,1,INITIATED,1789018651853
2236489,2,VALIDATED,1789018652382
2236489,3,PROCESSED,1789018652704
2236490,1,INITIATED,1789018651853
2236490,2,VALIDATED,1789018652383
2236490,3,PROCESSED,1789018652704
2236491,1,INITIATED,1789018651853
2236491,2,VALIDATED,1789018652382
2236491,3,PROCESSED,1789018653506
2236492,1,INITIATED,1789018651856
2236492,2,VALIDATED,1789018652383
2236492,3,PROCESSED,1789018652704
2236493,1,INITIATED,1789018652380
2236493,2,VALIDATED,1789018652702
2236493,3,PROCESSED,1789018653846
2236494,1,INITIATED,1789018652380
2236494,2,VALIDATED,1789018653505
2236494,3,PROCESSED,1789018653845
2236495,1,INITIATED,1789018652383
2236495,2,VALIDATED,1789018652703
2236495,3,REJECTED,1789018653840
2236496,1,INITIATED,1789018652379
2236496,2,VALIDATED,1789018652703
2236496,3,REJECTED,1789018653505
2236497,1,INITIATED,1789018652380
2236497,2,VALIDATED,1789018652703
2236497,3,REJECTED,1789018653504
2236498,1,INITIATED,1789018652382
2236498,2,VALIDATED,1789018652701
2236498,3,REJECTED,1789018653843
2236499,1,INITIATED,1789018652381
2236499,2,VALIDATED,1789018653504
2236499,3,PROCESSED,1789018654966
2236500,1,INITIATED,1789018652381
2236500,2,VALIDATED,1789018652704
2236500,3,PROCESSED,1789018653509
2236501,1,INITIATED,1789018652382
2236501,2,VALIDATED,1789018652704
2236501,3,PROCESSED,1789018653844
2236502,1,INITIATED,1789018652381
2236502,2,VALIDATED,1789018652704
2236502,3,PROCESSED,1789018653506
2236503,1,INITIATED,1789018652380
2236503,2,VALIDATED,1789018653506
2236503,3,PROCESSED,1789018656663
2236504,1,INITIATED,1789018652381
2236504,2,VALIDATED,1789018653507
2236504,3,PROCESSED,1789018654968
2236505,1,INITIATED,1789018652381
2236505,2,VALIDATED,1789018652703
2236505,3,PROCESSED,1789018653506
2236506,1,INITIATED,1789018652381
2236506,2,VALIDATED,1789018652704
2236506,3,PROCESSED,1789018653508
2236507,1,INITIATED,1789018652383
2236507,2,VALIDATED,1789018653507
2236507,3,PROCESSED,1789018654967
2236508,1,INITIATED,1789018652380
2236508,2,VALIDATED,1789018652701
2236508,3,PROCESSED,1789018653846
2236509,1,INITIATED,1789018652383
2236509,2,VALIDATED,1789018652702
2236509,3,PROCESSED,1789018653846
2236510,1,INITIATED,1789018652379
2236510,2,VALIDATED,1789018652697
2236510,3,PROCESSED,1789018653508
2236511,1,INITIATED,1789018652382
2236511,2,VALIDATED,1789018653508
2236511,3,PROCESSED,1789018654966
2236512,1,INITIATED,1789018652379
2236512,2,VALIDATED,1789018653507
2236512,3,PROCESSED,1789018653846
2236513,1,INITIATED,1789018652380
2236513,2,VALIDATED,1789018653506
2236513,3,PROCESSED,1789018653845
2236514,1,INITIATED,1789018652382
2236514,2,VALIDATED,1789018653507
2236514,3,PROCESSED,1789018654968
2236515,1,INITIATED,1789018652381
2236515,2,VALIDATED,1789018652809
2236515,3,PROCESSED,1789018655681
2236516,1,INITIATED,1789018652380
2236516,2,VALIDATED,1789018652810
2236516,3,PROCESSED,1789018654967
2236517,1,INITIATED,1789018652382
2236517,2,VALIDATED,1789018652809
2236517,3,PROCESSED,1789018654966
2236518,1,INITIATED,1789018652381
2236518,2,VALIDATED,1789018653508
2236518,3,PROCESSED,1789018656665
2236519,1,INITIATED,1789018652698
2236519,2,VALIDATED,1789018653506
2236519,3,PROCESSED,1789018656666
2236520,1,INITIATED,1789018652698
2236520,2,VALIDATED,1789018653843
2236520,3,PROCESSED,1789018655680
2236521,1,INITIATED,1789018652700
2236521,2,VALIDATED,1789018653843
2236521,3,PROCESSED,1789018654577
2236522,1,INITIATED,1789018652698
2236522,2,VALIDATED,1789018653841
2236522,3,PROCESSED,1789018655680
2236523,1,INITIATED,1789018652700
2236523,2,VALIDATED,1789018653841
2236523,3,PROCESSED,1789018654576
2236524,1,INITIATED,1789018652700
2236524,2,VALIDATED,1789018653843
2236524,3,PROCESSED,1789018655678
2236525,1,INITIATED,1789018652701
2236525,2,VALIDATED,1789018653844
2236525,3,PROCESSED,1789018655679
2236526,1,INITIATED,1789018652701
2236526,2,VALIDATED,1789018653844
2236526,3,PROCESSED,1789018654576
2236527,1,INITIATED,1789018652702
2236527,2,VALIDATED,1789018653837
2236527,3,PROCESSED,1789018656664
2236528,1,INITIATED,1789018652700
2236528,2,VALIDATED,1789018653842
2236528,3,PROCESSED,1789018654576
2236529,1,INITIATED,1789018652702
2236529,2,VALIDATED,1789018653508
2236529,3,PROCESSED,1789018656664
2236530,1,INITIATED,1789018652703
2236530,2,VALIDATED,1789018653508
2236530,3,PROCESSED,1789018653846
2236531,1,INITIATED,1789018652701
2236531,2,VALIDATED,1789018653507
2236531,3,PROCESSED,1789018654968
2236532,1,INITIATED,1789018652702
2236532,2,VALIDATED,1789018654966
2236532,3,PROCESSED,1789018656666
2236533,1,INITIATED,1789018652702
2236533,2,VALIDATED,1789018653841
2236533,3,PROCESSED,1789018654576
2236534,1,INITIATED,1789018652703
2236534,2,VALIDATED,1789018653505
2236534,3,PROCESSED,1789018654968
2236535,1,INITIATED,1789018652809
2236535,2,VALIDATED,1789018654965
2236535,3,PROCESSED,1789018656980
2236536,1,INITIATED,1789018653505
2236536,2,VALIDATED,1789018654963
2236536,3,PROCESSED,1789018656980
2236537,1,INITIATED,1789018653507
2236537,2,VALIDATED,1789018653842
2236537,3,PROCESSED,1789018654576
2236538,1,INITIATED,1789018653507
2236538,2,VALIDATED,1789018653844
2236538,3,PROCESSED,1789018654577
2236539,1,INITIATED,1789018653506
2236539,2,VALIDATED,1789018654963
2236539,3,PROCESSED,1789018658265
2236540,1,INITIATED,1789018653841
2236540,2,VALIDATED,1789018655675
2236540,3,PROCESSED,1789018657990
2236541,1,INITIATED,1789018653840
2236541,2,VALIDATED,1789018654572
2236541,3,PROCESSED,1789018654968
2236542,1,INITIATED,1789018653840
2236542,2,VALIDATED,1789018654573
2236542,3,PROCESSED,1789018656665
2236543,1,INITIATED,1789018653843
2236543,2,VALIDATED,1789018655674
2236543,3,PROCESSED,1789018657988
2236544,1,INITIATED,1789018653840
2236544,2,VALIDATED,1789018654572
2236544,3,PROCESSED,1789018654968
2236545,1,INITIATED,1789018653841
2236545,2,VALIDATED,1789018655674
2236545,3,PROCESSED,1789018657990
2236546,1,INITIATED,1789018653841
2236546,2,VALIDATED,1789018654573
2236546,3,PROCESSED,1789018654968
2236547,1,INITIATED,1789018653842
2236547,2,VALIDATED,1789018655674
2236547,3,PROCESSED,1789018657678
2236548,1,INITIATED,1789018653844
2236548,2,VALIDATED,1789018655677
2236548,3,PROCESSED,1789018658410
2236549,1,INITIATED,1789018653844
2236549,2,VALIDATED,1789018655674
2236549,3,PROCESSED,1789018657989
2236550,1,INITIATED,1789018653857
2236550,2,VALIDATED,1789018655675
2236550,3,PROCESSED,1789018657990
2236551,1,INITIATED,1789018653951
2236551,2,VALIDATED,1789018656117
2236551,3,PROCESSED,1789018658263
2236552,1,INITIATED,1789018653951
2236552,2,VALIDATED,1789018654966
2236552,3,PROCESSED,1789018656980
2236553,1,INITIATED,1789018654572
2236553,2,VALIDATED,1789018656115
2236553,3,PROCESSED,1789018658215
2236554,1,INITIATED,1789018654575
2236554,2,VALIDATED,1789018654964
2236554,3,PROCESSED,1789018656979
2236555,1,INITIATED,1789018654577
2236555,2,VALIDATED,1789018656117
2236555,3,PROCESSED,1789018656979
2236556,1,INITIATED,1789018654576
2236556,2,VALIDATED,1789018656664
2236556,3,PROCESSED,1789018656979
2236557,1,INITIATED,1789018654574
2236557,2,VALIDATED,1789018656114
2236557,3,PROCESSED,1789018658215
2236558,1,INITIATED,1789018654573
2236558,2,VALIDATED,1789018656116
2236558,3,PROCESSED,1789018658258
2236559,1,INITIATED,1789018654573
2236559,2,VALIDATED,1789018656117
2236559,3,PROCESSED,1789018658460
2236560,1,INITIATED,1789018654577
2236560,2,VALIDATED,1789018656117
2236560,3,PROCESSED,1789018657678
2236561,1,INITIATED,1789018654574
2236561,2,VALIDATED,1789018656661
2236561,3,PROCESSED,1789018658504
2236562,1,INITIATED,1789018654575
2236562,2,VALIDATED,1789018654966
2236562,3,PROCESSED,1789018658452
2236563,1,INITIATED,1789018654577
2236563,2,VALIDATED,1789018657991
2236563,3,PROCESSED,1789018658263
2236564,1,INITIATED,1789018654575
2236564,2,VALIDATED,1789018656117
2236564,3,PROCESSED,1789018657676
2236565,1,INITIATED,1789018654575
2236565,2,VALIDATED,1789018656117
2236565,3,PROCESSED,1789018658398
2236566,1,INITIATED,1789018654576
2236566,2,VALIDATED,1789018654962
2236566,3,PROCESSED,1789018656665
2236567,1,INITIATED,1789018654575
2236567,2,VALIDATED,1789018656662
2236567,3,PROCESSED,1789018658398
2236568,1,INITIATED,1789018654572
2236568,2,VALIDATED,1789018656117
2236568,3,PROCESSED,1789018658462
2236569,1,INITIATED,1789018654573
2236569,2,VALIDATED,1789018656661
2236569,3,PROCESSED,1789018656978
2236570,1,INITIATED,1789018654575
2236570,2,VALIDATED,1789018654964
2236570,3,PROCESSED,1789018656980
2236571,1,INITIATED,1789018654575
2236571,2,VALIDATED,1789018656662
2236571,3,PROCESSED,1789018656981
2236572,1,INITIATED,1789018654962
2236572,2,VALIDATED,1789018656975
2236572,3,PROCESSED,1789018657678
2236573,1,INITIATED,1789018654962
2236573,2,VALIDATED,1789018658448
2236573,3,PROCESSED,1789018658505
2236574,1,INITIATED,1789018654962
2236574,2,VALIDATED,1789018656976
2236574,3,PROCESSED,1789018658408
2236575,1,INITIATED,1789018654962
2236575,2,VALIDATED,1789018656974
2236575,3,PROCESSED,1789018658470
2236576,1,INITIATED,1789018654963
2236576,2,VALIDATED,1789018656977
2236576,3,PROCESSED,1789018658468
2236577,1,INITIATED,1789018654963
2236577,2,VALIDATED,1789018656664
2236577,3,PROCESSED,1789018658396
2236578,1,INITIATED,1789018654963
2236578,2,VALIDATED,1789018656663
2236578,3,PROCESSED,1789018657679
2236579,1,INITIATED,1789018654963
2236579,2,VALIDATED,1789018658261
2236579,3,PROCESSED,1789018658476
2236580,1,INITIATED,1789018654965
2236580,2,VALIDATED,1789018655677
2236580,3,PROCESSED,1789018657990
2236581,1,INITIATED,1789018654964
2236581,2,VALIDATED,1789018658260
2236581,3,REJECTED,1789018658406
2236582,1,INITIATED,1789018654965
2236582,2,VALIDATED,1789018656976
2236582,3,PROCESSED,1789018658406
2236583,1,INITIATED,1789018655679
2236583,2,VALIDATED,1789018657694
2236583,3,PROCESSED,1789018658455
2236584,1,INITIATED,1789018655675
2236584,2,VALIDATED,1789018657985
2236584,3,PROCESSED,1789018658446
2236585,1,INITIATED,1789018655673
2236585,2,VALIDATED,1789018658396
2236585,3,PROCESSED,1789018658437
2236586,1,INITIATED,1789018655676
2236586,2,VALIDATED,1789018658469
2236586,3,PROCESSED,1789018658519
2236587,1,INITIATED,1789018655676
2236587,2,VALIDATED,1789018657986
2236587,3,PROCESSED,1789018658449
2236588,1,INITIATED,1789018655677
2236588,2,VALIDATED,1789018657987
2236588,3,PROCESSED,1789018658491
2236589,1,INITIATED,1789018655673
2236589,2,VALIDATED,1789018657983
2236589,3,PROCESSED,1789018658443
2236590,1,INITIATED,1789018655672
2236590,2,VALIDATED,1789018657673
2236590,3,PROCESSED,1789018658481
2236591,1,INITIATED,1789018655678
2236591,2,VALIDATED,1789018657694
2236591,3,PROCESSED,1789018658442
2236592,1,INITIATED,1789018655679
2236592,2,VALIDATED,1789018658469
2236592,3,PROCESSED,1789018658480
2236593,1,INITIATED,1789018655677
2236593,2,VALIDATED,1789018657986
2236593,3,PROCESSED,1789018658454
2236594,1,INITIATED,1789018655676
2236594,2,VALIDATED,1789018657694
2236594,3,PROCESSED,1789018658442
2236595,1,INITIATED,1789018655678
2236595,2,VALIDATED,1789018657986
2236595,3,PROCESSED,1789018658453
2236596,1,INITIATED,1789018655675
2236596,2,VALIDATED,1789018657694
2236596,3,PROCESSED,1789018658489
2236597,1,INITIATED,1789018655677
2236597,2,VALIDATED,1789018657988
2236597,3,PROCESSED,1789018658444
2236598,1,INITIATED,1789018655673
2236598,2,VALIDATED,1789018658396
2236598,3,PROCESSED,1789018658438
2236599,1,INITIATED,1789018655678
2236599,2,VALIDATED,1789018657988
2236599,3,REJECTED,1789018658521
2236600,1,INITIATED,1789018655679
2236600,2,VALIDATED,1789018657988
2236600,3,REJECTED,1789018658488
2236601,1,INITIATED,1789018655673
2236601,2,VALIDATED,1789018657674
2236601,3,PROCESSED,1789018658214
2236602,1,INITIATED,1789018655680
2236602,2,VALIDATED,1789018656007
2236602,3,PROCESSED,1789018658213
2236603,1,INITIATED,1789018655680
2236603,2,VALIDATED,1789018658410
2236603,3,PROCESSED,1789018658540
2236604,1,INITIATED,1789018655679
2236604,2,VALIDATED,1789018658410
2236604,3,PROCESSED,1789018658493
2236605,1,INITIATED,1789018656001
2236605,2,VALIDATED,1789018658215
2236605,3,PROCESSED,1789018658469
2236606,1,INITIATED,1789018656003
2236606,2,VALIDATED,1789018657998
2236606,3,PROCESSED,1789018658500
2236607,1,INITIATED,1789018656006
2236607,2,VALIDATED,1789018658211
2236607,3,PROCESSED,1789018658398
2236608,1,INITIATED,1789018656003
2236608,2,VALIDATED,1789018658209
2236608,3,PROCESSED,1789018658397
2236609,1,INITIATED,1789018656002
2236609,2,VALIDATED,1789018658212
2236609,3,PROCESSED,1789018658464
2236610,1,INITIATED,1789018656003
2236610,2,VALIDATED,1789018657999
2236610,3,PROCESSED,1789018658394
2236611,1,INITIATED,1789018656006
2236611,2,VALIDATED,1789018658211
2236611,3,PROCESSED,1789018658462
2236612,1,INITIATED,1789018656005
2236612,2,VALIDATED,1789018658215
2236612,3,PROCESSED,1789018658465
2236613,1,INITIATED,1789018656005
2236613,2,VALIDATED,1789018658437
2236613,3,PROCESSED,1789018658495
2236614,1,INITIATED,1789018656004
2236614,2,VALIDATED,1789018657998
2236614,3,PROCESSED,1789018658494
2236615,1,INITIATED,1789018656004
2236615,2,VALIDATED,1789018657999
2236615,3,PROCESSED,1789018658397
2236616,1,INITIATED,1789018656004
2236616,2,VALIDATED,1789018658213
2236616,3,PROCESSED,1789018658398
2236617,1,INITIATED,1789018656004
2236617,2,VALIDATED,1789018658436
2236617,3,PROCESSED,1789018658451
2236618,1,INITIATED,1789018656006
2236618,2,VALIDATED,1789018657990
2236618,3,PROCESSED,1789018658455
2236619,1,INITIATED,1789018656006
2236619,2,VALIDATED,1789018658436
2236619,3,PROCESSED,1789018658450
2236620,1,INITIATED,1789018656006
2236620,2,VALIDATED,1789018657998
2236620,3,PROCESSED,1789018658395
2236621,1,INITIATED,1789018656006
2236621,2,VALIDATED,1789018658210
2236621,3,PROCESSED,1789018658460
2236622,1,INITIATED,1789018656007
2236622,2,VALIDATED,1789018657998
2236622,3,PROCESSED,1789018658265
2236623,1,INITIATED,1789018656007
2236623,2,VALIDATED,1789018657999
2236623,3,PROCESSED,1789018658464
2236624,1,INITIATED,1789018656006
2236624,2,VALIDATED,1789018656116
2236624,3,PROCESSED,1789018658264
2236625,1,INITIATED,1789018656009
2236625,2,VALIDATED,1789018657999
2236625,3,PROCESSED,1789018658461
2236626,1,INITIATED,1789018656009
2236626,2,VALIDATED,1789018657990
2236626,3,PROCESSED,1789018658453
2236627,1,INITIATED,1789018656009
2236627,2,VALIDATED,1789018658214
2236627,3,PROCESSED,1789018658466
2236628,1,INITIATED,1789018656008
2236628,2,VALIDATED,1789018657998
2236628,3,PROCESSED,1789018658504
2236629,1,INITIATED,1789018656009
2236629,2,VALIDATED,1789018657999
2236629,3,PROCESSED,1789018658463
2236630,1,INITIATED,1789018656009
2236630,2,VALIDATED,1789018657998
2236630,3,PROCESSED,1789018658263
2236631,1,INITIATED,1789018656009
2236631,2,VALIDATED,1789018658437
2236631,3,PROCESSED,1789018658496
2236632,1,INITIATED,1789018656008
2236632,2,VALIDATED,1789018658212
2236632,3,PROCESSED,1789018658399
2236633,1,INITIATED,1789018656008
2236633,2,VALIDATED,1789018657991
2236633,3,PROCESSED,1789018658262
2236634,1,INITIATED,1789018656008
2236634,2,VALIDATED,1789018657998
2236634,3,PROCESSED,1789018658395
2236635,1,INITIATED,1789018656009
2236635,2,VALIDATED,1789018657997
2236635,3,PROCESSED,1789018658454
2236636,1,INITIATED,1789018656114
2236636,2,VALIDATED,1789018658214
2236636,3,PROCESSED,1789018658399
2236637,1,INITIATED,1789018656114
2236637,2,VALIDATED,1789018658479
2236637,3,PROCESSED,1789018658528
2236638,1,INITIATED,1789018656117
2236638,2,VALIDATED,1789018657085
2236638,3,PROCESSED,1789018658210
2236639,1,INITIATED,1789018656115
2236639,2,VALIDATED,1789018658261
2236639,3,PROCESSED,1789018658407
2236640,1,INITIATED,1789018656115
2236640,2,VALIDATED,1789018658215
2236640,3,REJECTED,1789018658506
2236641,1,INITIATED,1789018656115
2236641,2,VALIDATED,1789018658214
2236641,3,PROCESSED,1789018658405
2236642,1,INITIATED,1789018656117
2236642,2,VALIDATED,1789018658396
2236642,3,PROCESSED,1789018658479
2236643,1,INITIATED,1789018656116
2236643,2,VALIDATED,1789018658213
2236643,3,PROCESSED,1789018658399
2236644,1,INITIATED,1789018656116
2236644,2,VALIDATED,1789018657086
2236644,3,PROCESSED,1789018658216
2236645,1,INITIATED,1789018656117
2236645,2,VALIDATED,1789018656976
2236645,3,PROCESSED,1789018657678
2236646,1,INITIATED,1789018656662
2236646,2,VALIDATED,1789018658265
2236646,3,PROCESSED,1789018658478
2236647,1,INITIATED,1789018656662
2236647,2,VALIDATED,1789018658452
2236647,3,PROCESSED,1789018658506
2236648,1,INITIATED,1789018656664
2236648,2,VALIDATED,1789018658264
2236648,3,PROCESSED,1789018658479
2236649,1,INITIATED,1789018656663
2236649,2,VALIDATED,1789018657086
2236649,3,PROCESSED,1789018658431
2236650,1,INITIATED,1789018656664
2236650,2,VALIDATED,1789018658261
2236650,3,PROCESSED,1789018658477
2236651,1,INITIATED,1789018656974
2236651,2,VALIDATED,1789018658401
2236651,3,PROCESSED,1789018658440
2236652,1,INITIATED,1789018656977
2236652,2,VALIDATED,1789018658464
2236652,3,PROCESSED,1789018658514
2236653,1,INITIATED,1789018656977
2236653,2,VALIDATED,1789018658403
2236653,3,PROCESSED,1789018658481
2236654,1,INITIATED,1789018656975
2236654,2,VALIDATED,1789018658462
2236654,3,PROCESSED,1789018658537
2236655,1,INITIATED,1789018656976
2236655,2,VALIDATED,1789018658462
2236655,3,PROCESSED,1789018658512
2236656,1,INITIATED,1789018656977
2236656,2,VALIDATED,1789018658404
2236656,3,PROCESSED,1789018658483
2236657,1,INITIATED,1789018656978
2236657,2,VALIDATED,1789018658401
2236657,3,PROCESSED,1789018658481
2236658,1,INITIATED,1789018656977
2236658,2,VALIDATED,1789018658397
2236658,3,PROCESSED,1789018658439
2236659,1,INITIATED,1789018656978
2236659,2,VALIDATED,1789018658395
2236659,3,PROCESSED,1789018658479
2236660,1,INITIATED,1789018656979
2236660,2,VALIDATED,1789018658461
2236660,3,PROCESSED,1789018658511
2236661,1,INITIATED,1789018656979
2236661,2,VALIDATED,1789018658406
2236661,3,PROCESSED,1789018658525
2236662,1,INITIATED,1789018656978
2236662,2,VALIDATED,1789018658461
2236662,3,PROCESSED,1789018658513
2236663,1,INITIATED,1789018656980
2236663,2,VALIDATED,1789018658405
2236663,3,PROCESSED,1789018658483
2236664,1,INITIATED,1789018656979
2236664,2,VALIDATED,1789018658462
2236664,3,PROCESSED,1789018658513
2236665,1,INITIATED,1789018656979
2236665,2,VALIDATED,1789018657675
2236665,3,PROCESSED,1789018658490
2236666,1,INITIATED,1789018656980
2236666,2,VALIDATED,1789018657677
2236666,3,PROCESSED,1789018658437
2236667,1,INITIATED,1789018656980
2236667,2,VALIDATED,1789018658459
2236667,3,PROCESSED,1789018658511
2236668,1,INITIATED,1789018657085
2236668,2,VALIDATED,1789018658469
2236668,3,PROCESSED,1789018658517
2236669,1,INITIATED,1789018657085
2236669,2,VALIDATED,1789018658473
2236669,3,PROCESSED,1789018658522
2236670,1,INITIATED,1789018657085
2236670,2,VALIDATED,1789018658410
2236670,3,PROCESSED,1789018658524
2236671,1,INITIATED,1789018657675
2236671,2,VALIDATED,1789018658477
2236671,3,PROCESSED,1789018658493
2236672,1,INITIATED,1789018657677
2236672,2,VALIDATED,1789018658482
2236672,3,PROCESSED,1789018658492
2236673,1,INITIATED,1789018657676
2236673,2,VALIDATED,1789018658212
2236673,3,PROCESSED,1789018658463
2236674,1,INITIATED,1789018657677
2236674,2,VALIDATED,1789018658435
2236674,3,PROCESSED,1789018658452
2236675,1,INITIATED,1789018657677
2236675,2,VALIDATED,1789018658438
2236675,3,PROCESSED,1789018658455
2236676,1,INITIATED,1789018657675
2236676,2,VALIDATED,1789018658212
2236676,3,PROCESSED,1789018658464
2236677,1,INITIATED,1789018657675
2236677,2,VALIDATED,1789018658436
2236677,3,PROCESSED,1789018658494
2236678,1,INITIATED,1789018657673
2236678,2,VALIDATED,1789018658409
2236678,3,PROCESSED,1789018658492
2236679,1,INITIATED,1789018657674
2236679,2,VALIDATED,1789018658410
2236679,3,PROCESSED,1789018658493
2236680,1,INITIATED,1789018657677
2236680,2,VALIDATED,1789018658478
2236680,3,PROCESSED,1789018658490
2236681,1,INITIATED,1789018657675
2236681,2,VALIDATED,1789018658477
2236681,3,PROCESSED,1789018658493
2236682,1,INITIATED,1789018657676
2236682,2,VALIDATED,1789018658518
2236682,3,PROCESSED,1789018658527
2236683,1,INITIATED,1789018657676
2236683,2,VALIDATED,1789018658480
2236683,3,REJECTED,1789018658522
2236684,1,INITIATED,1789018657677
2236684,2,VALIDATED,1789018658437
2236684,3,PROCESSED,1789018658504
2236685,1,INITIATED,1789018657677
2236685,2,VALIDATED,1789018658436
2236685,3,PROCESSED,1789018658494
2236686,1,INITIATED,1789018657677
2236686,2,VALIDATED,1789018658480
2236686,3,PROCESSED,1789018658527
2236687,1,INITIATED,1789018657694
2236687,2,VALIDATED,1789018658441
2236687,3,PROCESSED,1789018658502
2236688,1,INITIATED,1789018657694
2236688,2,VALIDATED,1789018658440
2236688,3,PROCESSED,1789018658460
2236689,1,INITIATED,1789018657694
2236689,2,VALIDATED,1789018658441
2236689,3,REJECTED,1789018658498
2236690,1,INITIATED,1789018657694
2236690,2,VALIDATED,1789018658441
2236690,3,REJECTED,1789018658498
2236691,1,INITIATED,1789018657986
2236691,2,VALIDATED,1789018658446
2236691,3,PROCESSED,1789018658501
2236692,1,INITIATED,1789018657988
2236692,2,VALIDATED,1789018658444
2236692,3,PROCESSED,1789018658502
2236693,1,INITIATED,1789018657986
2236693,2,VALIDATED,1789018658443
2236693,3,PROCESSED,1789018658459
2236694,1,INITIATED,1789018657987
2236694,2,VALIDATED,1789018658443
2236694,3,PROCESSED,1789018658502
2236695,1,INITIATED,1789018657987
2236695,2,VALIDATED,1789018658445
2236695,3,PROCESSED,1789018658502
2236696,1,INITIATED,1789018657987
2236696,2,VALIDATED,1789018658445
2236696,3,PROCESSED,1789018658502
2236697,1,INITIATED,1789018657988
2236697,2,VALIDATED,1789018658453
2236697,3,PROCESSED,1789018658510
2236698,1,INITIATED,1789018657988
2236698,2,VALIDATED,1789018658486
2236698,3,PROCESSED,1789018658528
2236699,1,INITIATED,1789018657989
2236699,2,VALIDATED,1789018658261
2236699,3,PROCESSED,1789018658479
2236700,1,INITIATED,1789018657990
2236700,2,VALIDATED,1789018658445
2236700,3,PROCESSED,1789018658500
2236701,1,INITIATED,1789018657991
2236701,2,VALIDATED,1789018658445
2236701,3,PROCESSED,1789018658503
2236702,1,INITIATED,1789018657991
2236702,2,VALIDATED,1789018658446
2236702,3,PROCESSED,1789018658500
2236703,1,INITIATED,1789018657999
2236703,2,VALIDATED,1789018658395
2236703,3,PROCESSED,1789018658440
2236704,1,INITIATED,1789018658209
2236704,2,VALIDATED,1789018658454
2236704,3,PROCESSED,1789018658469
2236705,1,INITIATED,1789018658214
2236705,2,VALIDATED,1789018658396
2236705,3,PROCESSED,1789018658479
2236706,1,INITIATED,1789018658215
2236706,2,VALIDATED,1789018658466
2236706,3,PROCESSED,1789018658516
2236707,1,INITIATED,1789018658213
2236707,2,VALIDATED,1789018658459
2236707,3,PROCESSED,1789018658511
2236708,1,INITIATED,1789018658215
2236708,2,VALIDATED,1789018658465
2236708,3,PROCESSED,1789018658515
2236709,1,INITIATED,1789018658216
2236709,2,VALIDATED,1789018658465
2236709,3,PROCESSED,1789018658475
2236710,1,INITIATED,1789018658216
2236710,2,VALIDATED,1789018658404
2236710,3,PROCESSED,1789018658439
2236711,1,INITIATED,1789018658216
2236711,2,VALIDATED,1789018658462
2236711,3,PROCESSED,1789018658512
2236712,1,INITIATED,1789018658216
2236712,2,VALIDATED,1789018658465
2236712,3,PROCESSED,1789018658514
2236713,1,INITIATED,1789018658217
2236713,2,VALIDATED,1789018658463
2236713,3,PROCESSED,1789018658511
2236714,1,INITIATED,1789018658218
2236714,2,VALIDATED,1789018658394
2236714,3,PROCESSED,1789018658478
2236715,1,INITIATED,1789018658218
2236715,2,VALIDATED,1789018658405
2236715,3,PROCESSED,1789018658438
2236716,1,INITIATED,1789018658218
2236716,2,VALIDATED,1789018658461
2236716,3,PROCESSED,1789018658512
2236717,1,INITIATED,1789018658218
2236717,2,VALIDATED,1789018658396
2236717,3,PROCESSED,1789018658440
2236718,1,INITIATED,1789018658218
2236718,2,VALIDATED,1789018658463
2236718,3,PROCESSED,1789018658513
2236719,1,INITIATED,1789018658218
2236719,2,VALIDATED,1789018658397
2236719,3,PROCESSED,1789018658480
2236720,1,INITIATED,1789018658248
2236720,2,VALIDATED,1789018658409
2236720,3,PROCESSED,1789018658447
2236721,1,INITIATED,1789018658248
2236721,2,VALIDATED,1789018658468
2236721,3,PROCESSED,1789018658515
2236722,1,INITIATED,1789018658249
2236722,2,VALIDATED,1789018658473
2236722,3,PROCESSED,1789018658522
2236723,1,INITIATED,1789018658249
2236723,2,VALIDATED,1789018658506
2236723,3,PROCESSED,1789018658546
2236724,1,INITIATED,1789018658249
2236724,2,VALIDATED,1789018658409
2236724,3,PROCESSED,1789018658492
2236725,1,INITIATED,1789018658249
2236725,2,VALIDATED,1789018658409
2236725,3,PROCESSED,1789018658492
2236726,1,INITIATED,1789018658249
2236726,2,VALIDATED,1789018658466
2236726,3,PROCESSED,1789018658516
2236727,1,INITIATED,1789018658249
2236727,2,VALIDATED,1789018658407
2236727,3,PROCESSED,1789018658523
2236728,1,INITIATED,1789018658249
2236728,2,VALIDATED,1789018658405
2236728,3,PROCESSED,1789018658481
2236729,1,INITIATED,1789018658249
2236729,2,VALIDATED,1789018658409
2236729,3,PROCESSED,1789018658490
2236730,1,INITIATED,1789018658249
2236730,2,VALIDATED,1789018658409
2236730,3,PROCESSED,1789018658493
2236731,1,INITIATED,1789018658259
2236731,2,VALIDATED,1789018658407
2236731,3,PROCESSED,1789018658523
2236732,1,INITIATED,1789018658259
2236732,2,VALIDATED,1789018658469
2236732,3,PROCESSED,1789018658516
2236733,1,INITIATED,1789018658260
2236733,2,VALIDATED,1789018658470
2236733,3,PROCESSED,1789018658519
2236734,1,INITIATED,1789018658259
2236734,2,VALIDATED,1789018658469
2236734,3,PROCESSED,1789018658517
2236735,1,INITIATED,1789018658260
2236735,2,VALIDATED,1789018658467
2236735,3,PROCESSED,1789018658514
2236736,1,INITIATED,1789018658261
2236736,2,VALIDATED,1789018658407
2236736,3,PROCESSED,1789018658448
2236737,1,INITIATED,1789018658260
2236737,2,VALIDATED,1789018658467
2236737,3,PROCESSED,1789018658515
2236738,1,INITIATED,1789018658261
2236738,2,VALIDATED,1789018658511
2236738,3,PROCESSED,1789018658539
2236739,1,INITIATED,1789018658263
2236739,2,VALIDATED,1789018658469
2236739,3,PROCESSED,1789018658518
2236740,1,INITIATED,1789018658264
2236740,2,VALIDATED,1789018658471
2236740,3,PROCESSED,1789018658519
2236741,1,INITIATED,1789018658265
2236741,2,VALIDATED,1789018658472
2236741,3,PROCESSED,1789018658482
2236742,1,INITIATED,1789018658393
2236742,2,VALIDATED,1789018658478
2236742,3,PROCESSED,1789018658491
2236743,1,INITIATED,1789018658394
2236743,2,VALIDATED,1789018658474
2236743,3,PROCESSED,1789018658481
2236744,1,INITIATED,1789018658393
2236744,2,VALIDATED,1789018658477
2236744,3,PROCESSED,1789018658526
2236745,1,INITIATED,1789018658396
2236745,2,VALIDATED,1789018658435
2236745,3,PROCESSED,1789018658493
2236746,1,INITIATED,1789018658394
2236746,2,VALIDATED,1789018658437
2236746,3,PROCESSED,1789018658497
2236747,1,INITIATED,1789018658396
2236747,2,VALIDATED,1789018658440
2236747,3,PROCESSED,1789018658500
2236748,1,INITIATED,1789018658396
2236748,2,VALIDATED,1789018658511
2236748,3,PROCESSED,1789018658538
2236749,1,INITIATED,1789018658396
2236749,2,VALIDATED,1789018658434
2236749,3,PROCESSED,1789018658494
2236750,1,INITIATED,1789018658393
2236750,2,VALIDATED,1789018658438
2236750,3,PROCESSED,1789018658499
2236751,1,INITIATED,1789018658402
2236751,2,VALIDATED,1789018658478
2236751,3,PROCESSED,1789018658490
2236752,1,INITIATED,1789018658405
2236752,2,VALIDATED,1789018658436
2236752,3,PROCESSED,1789018658541
2236753,1,INITIATED,1789018658406
2236753,2,VALIDATED,1789018658485
2236753,3,PROCESSED,1789018658530
2236754,1,INITIATED,1789018658405
2236754,2,VALIDATED,1789018658479
2236754,3,PROCESSED,1789018658492
2236755,1,INITIATED,1789018658406
2236755,2,VALIDATED,1789018658441
2236755,3,PROCESSED,1789018658503
2236756,1,INITIATED,1789018658408
2236756,2,VALIDATED,1789018658443
2236756,3,PROCESSED,1789018658503
2236757,1,INITIATED,1789018658406
2236757,2,VALIDATED,1789018658485
2236757,3,REJECTED,1789018658490
2236758,1,INITIATED,1789018658408
2236758,2,VALIDATED,1789018658486
2236758,3,PROCESSED,1789018658494
2236759,1,INITIATED,1789018658408
2236759,2,VALIDATED,1789018658442
2236759,3,PROCESSED,1789018658504
2236760,1,INITIATED,1789018658410
2236760,2,VALIDATED,1789018658486
2236760,3,PROCESSED,1789018658528
2236761,1,INITIATED,1789018658409
2236761,2,VALIDATED,1789018658487
2236761,3,PROCESSED,1789018658528
2236762,1,INITIATED,1789018658410
2236762,2,VALIDATED,1789018658519
2236762,3,PROCESSED,1789018658546
2236763,1,INITIATED,1789018658410
2236763,2,VALIDATED,1789018658442
2236763,3,PROCESSED,1789018658502
2236764,1,INITIATED,1789018658410
2236764,2,VALIDATED,1789018658484
2236764,3,PROCESSED,1789018658540
2236765,1,INITIATED,1789018658410
2236765,2,VALIDATED,1789018658483
2236765,3,PROCESSED,1789018658526
2236766,1,INITIATED,1789018658410
2236766,2,VALIDATED,1789018658484
2236766,3,PROCESSED,1789018658546
2236767,1,INITIATED,1789018658430
2236767,2,VALIDATED,1789018658447
2236767,3,PROCESSED,1789018658504
2236768,1,INITIATED,1789018658430
2236768,2,VALIDATED,1789018658521
2236768,3,PROCESSED,1789018658546
2236769,1,INITIATED,1789018658430
2236769,2,VALIDATED,1789018658488
2236769,3,PROCESSED,1789018658530
2236770,1,INITIATED,1789018658430
2236770,2,VALIDATED,1789018658488
2236770,3,PROCESSED,1789018658529
2236771,1,INITIATED,1789018658434
2236771,2,VALIDATED,1789018658490
2236771,3,PROCESSED,1789018658532
2236772,1,INITIATED,1789018658437
2236772,2,VALIDATED,1789018658497
2236772,3,PROCESSED,1789018658538
2236773,1,INITIATED,1789018658437
2236773,2,VALIDATED,1789018658492
2236773,3,PROCESSED,1789018658530
2236774,1,INITIATED,1789018658436
2236774,2,VALIDATED,1789018658491
2236774,3,PROCESSED,1789018658532
2236775,1,INITIATED,1789018658437
2236775,2,VALIDATED,1789018658523
2236775,3,REJECTED,1789018658543
2236776,1,INITIATED,1789018658440
2236776,2,VALIDATED,1789018658497
2236776,3,PROCESSED,1789018658532
2236777,1,INITIATED,1789018658439
2236777,2,VALIDATED,1789018658497
2236777,3,REJECTED,1789018658530
2236778,1,INITIATED,1789018658441
2236778,2,VALIDATED,1789018658497
2236778,3,PROCESSED,1789018658534
2236779,1,INITIATED,1789018658447
2236779,2,VALIDATED,1789018658498
2236779,3,PROCESSED,1789018658537
2236780,1,INITIATED,1789018658447
2236780,2,VALIDATED,1789018658499
2236780,3,PROCESSED,1789018658534
2236781,1,INITIATED,1789018658448
2236781,2,VALIDATED,1789018658502
2236781,3,PROCESSED,1789018658510
2236782,1,INITIATED,1789018658450
2236782,2,VALIDATED,1789018658503
2236782,3,PROCESSED,1789018658539
2236783,1,INITIATED,1789018658450
2236783,2,VALIDATED,1789018658503
2236783,3,PROCESSED,1789018658534
2236784,1,INITIATED,1789018658450
2236784,2,VALIDATED,1789018658501
2236784,3,PROCESSED,1789018658539
2236785,1,INITIATED,1789018658449
2236785,2,VALIDATED,1789018658501
2236785,3,PROCESSED,1789018658509
2236786,1,INITIATED,1789018658450
2236786,2,VALIDATED,1789018658503
2236786,3,PROCESSED,1789018658533
2236787,1,INITIATED,1789018658451
2236787,2,VALIDATED,1789018658504
2236787,3,PROCESSED,1789018658539
2236788,1,INITIATED,1789018658450
2236788,2,VALIDATED,1789018658503
2236788,3,PROCESSED,1789018658538
2236789,1,INITIATED,1789018658452
2236789,2,VALIDATED,1789018658505
2236789,3,PROCESSED,1789018658538
2236790,1,INITIATED,1789018658453
2236790,2,VALIDATED,1789018658504
2236790,3,PROCESSED,1789018658538
2236791,1,INITIATED,1789018658454
2236791,2,VALIDATED,1789018658530
2236791,3,PROCESSED,1789018658546
2236792,1,INITIATED,1789018658454
2236792,2,VALIDATED,1789018658506
2236792,3,PROCESSED,1789018658540
2236793,1,INITIATED,1789018658458
2236793,2,VALIDATED,1789018658505
2236793,3,PROCESSED,1789018658538
2236794,1,INITIATED,1789018658460
2236794,2,VALIDATED,1789018658465
2236794,3,PROCESSED,1789018658514
2236795,1,INITIATED,1789018658461
2236795,2,VALIDATED,1789018658506
2236795,3,PROCESSED,1789018658538
2236796,1,INITIATED,1789018658465
2236796,2,VALIDATED,1789018658510
2236796,3,PROCESSED,1789018658539
2236797,1,INITIATED,1789018658468
2236797,2,VALIDATED,1789018658512
2236797,3,PROCESSED,1789018658539
2236798,1,INITIATED,1789018658466
2236798,2,VALIDATED,1789018658511
2236798,3,PROCESSED,1789018658540
2236799,1,INITIATED,1789018658469
2236799,2,VALIDATED,1789018658512
2236799,3,PROCESSED,1789018658538
2236800,1,INITIATED,1789018658468
2236800,2,VALIDATED,1789018658510
2236800,3,PROCESSED,1789018658540
2236801,1,INITIATED,1789018658468
2236801,2,VALIDATED,1789018658514
2236801,3,PROCESSED,1789018658540
2236802,1,INITIATED,1789018658469
2236802,2,VALIDATED,1789018658477
2236802,3,PROCESSED,1789018658526
2236803,1,INITIATED,1789018658469
2236803,2,VALIDATED,1789018658516
2236803,3,PROCESSED,1789018658527
2236804,1,INITIATED,1789018658471
2236804,2,VALIDATED,1789018658515
2236804,3,PROCESSED,1789018658526
2236805,1,INITIATED,1789018658472
2236805,2,VALIDATED,1789018658518
2236805,3,PROCESSED,1789018658543
2236806,1,INITIATED,1789018658472
2236806,2,VALIDATED,1789018658518
2236806,3,PROCESSED,1789018658541
2236807,1,INITIATED,1789018658472
2236807,2,VALIDATED,1789018658518
2236807,3,PROCESSED,1789018658544
2236808,1,INITIATED,1789018658474
2236808,2,VALIDATED,1789018658518
2236808,3,PROCESSED,1789018658542
2236809,1,INITIATED,1789018658472
2236809,2,VALIDATED,1789018658517
2236809,3,PROCESSED,1789018658539
2236810,1,INITIATED,1789018658472
2236810,2,VALIDATED,1789018658518
2236810,3,PROCESSED,1789018658541
2236811,1,INITIATED,1789018658475
2236811,2,VALIDATED,1789018658484
2236811,3,PROCESSED,1789018658527
2236812,1,INITIATED,1789018658475
2236812,2,VALIDATED,1789018658519
2236812,3,PROCESSED,1789018658546
2236813,1,INITIATED,1789018658474
2236813,2,VALIDATED,1789018658519
2236813,3,REJECTED,1789018658541
2236814,1,INITIATED,1789018658477
2236814,2,VALIDATED,1789018658522
2236814,3,PROCESSED,1789018658546
2236815,1,INITIATED,1789018658482
2236815,2,VALIDATED,1789018658523
2236815,3,REJECTED,1789018658543
2236816,1,INITIATED,1789018658485
2236816,2,VALIDATED,1789018658538
2236816,3,PROCESSED,1789018658546
2236817,1,INITIATED,1789018658489
2236817,2,VALIDATED,1789018658525
2236817,3,PROCESSED,1789018658547
2236818,1,INITIATED,1789018658489
2236818,2,VALIDATED,1789018658526
2236818,3,PROCESSED,1789018658537
2236819,1,INITIATED,1789018658491
2236819,2,VALIDATED,1789018658529
2236819,3,PROCESSED,1789018658547
2236820,1,INITIATED,1789018658502
2236820,2,VALIDATED,1789018658530
2236820,3,PROCESSED,1789018658547
2236821,1,INITIATED,1789018658510
2236821,2,VALIDATED,1789018658516
2236821,3,PROCESSED,1789018658528
2236822,1,INITIATED,1789018658516
2236822,2,VALIDATED,1789018658522
2236822,3,PROCESSED,1789018658546
2236823,1,INITIATED,1789018658527
2236823,2,VALIDATED,1789018658544
2236823,3,PROCESSED,1789018658550
2236824,1,INITIATED,1789018658533
2236824,2,VALIDATED,1789018658544
2236824,3,PROCESSED,1789018658551
2236825,1,INITIATED,1789018658534
2236825,2,VALIDATED,1789018658544
2236825,3,PROCESSED,1789018658550
2236826,1,INITIATED,1789018658536
2236826,2,VALIDATED,1789018658544
2236826,3,PROCESSED,1789018658551
2236827,1,INITIATED,1789018658557
2236827,2,VALIDATED,1789018658560
2236827,3,PROCESSED,1789018658564
2236828,1,INITIATED,1789018658576
2236828,2,VALIDATED,1789018658579
2236828,3,PROCESSED,1789018658583
2236829,1,INITIATED,1789018658596
2236829,2,VALIDATED,1789018658599
2236829,3,PROCESSED,1789018658603
2236830,1,INITIATED,1789018658616
2236830,2,VALIDATED,1789018658620
2236830,3,PROCESSED,1789018658624
2236831,1,INITIATED,1789018658636
2236831,2,VALIDATED,1789018658640
2236831,3,PROCESSED,1789018658644
2236832,1,INITIATED,1789018658656
2236832,2,VALIDATED,1789018658660
2236832,3,PROCESSED,1789018658665
2236833,1,INITIATED,1789018658676
2236833,2,VALIDATED,1789018658684
2236833,3,PROCESSED,1789018658859
2236834,1,INITIATED,1789018658857
2236834,2,VALIDATED,1789018658864
2236834,3,PROCESSED,1789018658908
2236835,1,INITIATED,1789018658856
2236835,2,VALIDATED,1789018658860
2236835,3,PROCESSED,1789018658898
2236836,1,INITIATED,1789018658857
2236836,2,VALIDATED,1789018658864
2236836,3,PROCESSED,1789018658908
2236837,1,INITIATED,1789018658857
2236837,2,VALIDATED,1789018658861
2236837,3,PROCESSED,1789018658905
2236838,1,INITIATED,1789018658857
2236838,2,VALIDATED,1789018658864
2236838,3,PROCESSED,1789018658908
2236839,1,INITIATED,1789018658856
2236839,2,VALIDATED,1789018658861
2236839,3,PROCESSED,1789018658905
2236840,1,INITIATED,1789018658857
2236840,2,VALIDATED,1789018658861
2236840,3,PROCESSED,1789018658905
2236841,1,INITIATED,1789018658856
2236841,2,VALIDATED,1789018658860
2236841,3,PROCESSED,1789018658898
2236842,1,INITIATED,1789018658857
2236842,2,VALIDATED,1789018658864
2236842,3,PROCESSED,1789018658908
2236843,1,INITIATED,1789018658895
2236843,2,VALIDATED,1789018658912
2236843,3,PROCESSED,1789018659094
2236844,1,INITIATED,1789018658896
2236844,2,VALIDATED,1789018658912
2236844,3,PROCESSED,1789018659094
2236845,1,INITIATED,1789018659089
2236845,2,VALIDATED,1789018659098
2236845,3,PROCESSED,1789018659126
2236846,1,INITIATED,1789018659088
2236846,2,VALIDATED,1789018659099
2236846,3,PROCESSED,1789018659127
2236847,1,INITIATED,1789018659088
2236847,2,VALIDATED,1789018659098
2236847,3,PROCESSED,1789018659126
2236848,1,INITIATED,1789018659088
2236848,2,VALIDATED,1789018659098
2236848,3,PROCESSED,1789018659126
2236849,1,INITIATED,1789018659088
2236849,2,VALIDATED,1789018659098
2236849,3,PROCESSED,1789018659126
2236850,1,INITIATED,1789018659088
2236850,2,VALIDATED,1789018659098
2236850,3,PROCESSED,1789018659126
2236851,1,INITIATED,1789018659088
2236851,2,VALIDATED,1789018659098
2236851,3,PROCESSED,1789018659126
2236852,1,INITIATED,1789018659088
2236852,2,VALIDATED,1789018659099
2236852,3,PROCESSED,1789018659126
2236853,1,INITIATED,1789018659088
2236853,2,VALIDATED,1789018659098
2236853,3,PROCESSED,1789018659126
2236854,1,INITIATED,1789018659097
2236854,2,VALIDATED,1789018659124
2236854,3,PROCESSED,1789018659131
2236855,1,INITIATED,1789018659116
2236855,2,VALIDATED,1789018659124
2236855,3,PROCESSED,1789018659132
2236856,1,INITIATED,1789018659137
2236856,2,VALIDATED,1789018659140
2236856,3,PROCESSED,1789018659146
2236857,1,INITIATED,1789018659156
2236857,2,VALIDATED,1789018659159
2236857,3,PROCESSED,1789018659172
2236858,1,INITIATED,1789018659176
2236858,2,VALIDATED,1789018659179
2236858,3,PROCESSED,1789018659183
2236859,1,INITIATED,1789018659197
2236859,2,VALIDATED,1789018659200
2236859,3,PROCESSED,1789018659204
2236860,1,INITIATED,1789018659216
2236860,2,VALIDATED,1789018659220
2236860,3,PROCESSED,1789018659224
2236861,1,INITIATED,1789018659236
2236861,2,VALIDATED,1789018659239
2236861,3,PROCESSED,1789018659243
2236862,1,INITIATED,1789018659256
2236862,2,VALIDATED,1789018659260
2236862,3,PROCESSED,1789018659263
2236863,1,INITIATED,1789018659276
2236863,2,VALIDATED,1789018659279
2236863,3,PROCESSED,1789018659282
2236864,1,INITIATED,1789018659296
2236864,2,VALIDATED,1789018659299
2236864,3,PROCESSED,1789018659302
2236865,1,INITIATED,1789018659315
2236865,2,VALIDATED,1789018659319
2236865,3,PROCESSED,1789018659322
2236866,1,INITIATED,1789018659336
2236866,2,VALIDATED,1789018659339
2236866,3,PROCESSED,1789018659343
2236867,1,INITIATED,1789018659356
2236867,2,VALIDATED,1789018659360
2236867,3,PROCESSED,1789018659363
2236868,1,INITIATED,1789018659376
2236868,2,VALIDATED,1789018659379
2236868,3,PROCESSED,1789018659382
2236869,1,INITIATED,1789018659396
2236869,2,VALIDATED,1789018659399
2236869,3,PROCESSED,1789018659402
2236870,1,INITIATED,1789018659416
2236870,2,VALIDATED,1789018659419
2236870,3,PROCESSED,1789018659423
2236871,1,INITIATED,1789018659437
2236871,2,VALIDATED,1789018659440
2236871,3,PROCESSED,1789018659444
2236872,1,INITIATED,1789018659456
2236872,2,VALIDATED,1789018659460
2236872,3,PROCESSED,1789018659463
2236873,1,INITIATED,1789018659476
2236873,2,VALIDATED,1789018659479
2236873,3,PROCESSED,1789018659482
2236874,1,INITIATED,1789018659496
2236874,2,VALIDATED,1789018659499
2236874,3,PROCESSED,1789018659503
2236875,1,INITIATED,1789018659516
2236875,2,VALIDATED,1789018659519
2236875,3,PROCESSED,1789018659525
2236876,1,INITIATED,1789018659536
2236876,2,VALIDATED,1789018659539
2236876,3,PROCESSED,1789018659542
2236877,1,INITIATED,1789018659556
2236877,2,VALIDATED,1789018659560
2236877,3,PROCESSED,1789018659563
2236878,1,INITIATED,1789018659576
2236878,2,VALIDATED,1789018659579
2236878,3,PROCESSED,1789018659582
2236879,1,INITIATED,1789018659596
2236879,2,VALIDATED,1789018659599
2236879,3,PROCESSED,1789018659602
2236880,1,INITIATED,1789018659616
2236880,2,VALIDATED,1789018659620
2236880,3,PROCESSED,1789018659623
2236881,1,INITIATED,1789018659636
2236881,2,VALIDATED,1789018659640
2236881,3,PROCESSED,1789018659644
2236882,1,INITIATED,1789018659657
2236882,2,VALIDATED,1789018659661
2236882,3,PROCESSED,1789018659665
2236883,1,INITIATED,1789018659677
2236883,2,VALIDATED,1789018659683
2236883,3,PROCESSED,1789018659791
2236884,1,INITIATED,1789018659789
2236884,2,VALIDATED,1789018659794
2236884,3,PROCESSED,1789018659877
2236885,1,INITIATED,1789018659789
2236885,2,VALIDATED,1789018659794
2236885,3,PROCESSED,1789018659877
2236886,1,INITIATED,1789018659789
2236886,2,VALIDATED,1789018659794
2236886,3,PROCESSED,1789018659878
2236887,1,INITIATED,1789018659789
2236887,2,VALIDATED,1789018659796
2236887,3,PROCESSED,1789018659877
2236888,1,INITIATED,1789018659789
2236888,2,VALIDATED,1789018659794
2236888,3,PROCESSED,1789018659877
2236889,1,INITIATED,1789018659796
2236889,2,VALIDATED,1789018659875
2236889,3,PROCESSED,1789018660011
2236890,1,INITIATED,1789018659857
2236890,2,VALIDATED,1789018660008
2236890,3,PROCESSED,1789018660014
2236891,1,INITIATED,1789018659857
2236891,2,VALIDATED,1789018660009
2236891,3,PROCESSED,1789018660015
2236892,1,INITIATED,1789018659857
2236892,2,VALIDATED,1789018660009
2236892,3,PROCESSED,1789018660017
2236893,1,INITIATED,1789018659877
2236893,2,VALIDATED,1789018660010
2236893,3,PROCESSED,1789018660017
2236894,1,INITIATED,1789018660008
2236894,2,VALIDATED,1789018660012
2236894,3,PROCESSED,1789018660017
2236895,1,INITIATED,1789018660008
2236895,2,VALIDATED,1789018660012
2236895,3,REJECTED,1789018660016
2236896,1,INITIATED,1789018660008
2236896,2,VALIDATED,1789018660012
2236896,3,REJECTED,1789018660016
2236897,1,INITIATED,1789018660008
2236897,2,VALIDATED,1789018660012
2236897,3,REJECTED,1789018660016
2236898,1,INITIATED,1789018660009
2236898,2,VALIDATED,1789018660013
2236898,3,REJECTED,1789018660017
2236899,1,INITIATED,1789018660008
2236899,2,VALIDATED,1789018660012
2236899,3,PROCESSED,1789018660018
2236900,1,INITIATED,1789018660016
2236900,2,VALIDATED,1789018660046
2236900,3,PROCESSED,1789018660050
2236901,1,INITIATED,1789018660036
2236901,2,VALIDATED,1789018660046
2236901,3,PROCESSED,1789018660050
2236902,1,INITIATED,1789018660056
2236902,2,VALIDATED,1789018660059
2236902,3,PROCESSED,1789018660063
2236903,1,INITIATED,1789018660077
2236903,2,VALIDATED,1789018660080
2236903,3,PROCESSED,1789018660086
2236904,1,INITIATED,1789018660096
2236904,2,VALIDATED,1789018660099
2236904,3,PROCESSED,1789018660103
2236905,1,INITIATED,1789018660116
2236905,2,VALIDATED,1789018660120
2236905,3,PROCESSED,1789018660125
2236906,1,INITIATED,1789018660136
2236906,2,VALIDATED,1789018660140
2236906,3,PROCESSED,1789018660145
2236907,1,INITIATED,1789018660156
2236907,2,VALIDATED,1789018660160
2236907,3,PROCESSED,1789018660164
2236908,1,INITIATED,1789018660176
2236908,2,VALIDATED,1789018660180
2236908,3,PROCESSED,1789018660183
2236909,1,INITIATED,1789018660196
2236909,2,VALIDATED,1789018660199
2236909,3,PROCESSED,1789018660202
2236910,1,INITIATED,1789018660216
2236910,2,VALIDATED,1789018660219
2236910,3,PROCESSED,1789018660223
2236911,1,INITIATED,1789018660237
2236911,2,VALIDATED,1789018660240
2236911,3,PROCESSED,1789018660243
2236912,1,INITIATED,1789018660255
2236912,2,VALIDATED,1789018660258
2236912,3,PROCESSED,1789018660262
2236913,1,INITIATED,1789018660276
2236913,2,VALIDATED,1789018660280
2236913,3,PROCESSED,1789018660283
2236914,1,INITIATED,1789018660296
2236914,2,VALIDATED,1789018660299
2236914,3,PROCESSED,1789018660303
2236915,1,INITIATED,1789018660316
2236915,2,VALIDATED,1789018660320
2236915,3,PROCESSED,1789018660323
2236916,1,INITIATED,1789018660336
2236916,2,VALIDATED,1789018660339
2236916,3,PROCESSED,1789018660343
2236917,1,INITIATED,1789018660356
2236917,2,VALIDATED,1789018660360
2236917,3,PROCESSED,1789018660364
2236918,1,INITIATED,1789018660376
2236918,2,VALIDATED,1789018660380
2236918,3,PROCESSED,1789018660386
2236919,1,INITIATED,1789018660396
2236919,2,VALIDATED,1789018660399
2236919,3,PROCESSED,1789018660402
2236920,1,INITIATED,1789018660416
2236920,2,VALIDATED,1789018660420
2236920,3,PROCESSED,1789018660424
2236921,1,INITIATED,1789018660436
2236921,2,VALIDATED,1789018660439
2236921,3,PROCESSED,1789018660442
2236922,1,INITIATED,1789018660456
2236922,2,VALIDATED,1789018660459
2236922,3,PROCESSED,1789018660464
2236923,1,INITIATED,1789018660476
2236923,2,VALIDATED,1789018660479
2236923,3,PROCESSED,1789018660482
2236924,1,INITIATED,1789018660496
2236924,2,VALIDATED,1789018660499
2236924,3,PROCESSED,1789018660502
2236925,1,INITIATED,1789018660515
2236925,2,VALIDATED,1789018660518
2236925,3,PROCESSED,1789018660521
2236926,1,INITIATED,1789018660536
2236926,2,VALIDATED,1789018660543
2236926,3,PROCESSED,1789018660546
2236927,1,INITIATED,1789018660557
2236927,2,VALIDATED,1789018660560
2236927,3,PROCESSED,1789018660563
2236928,1,INITIATED,1789018660576
2236928,2,VALIDATED,1789018660579
2236928,3,PROCESSED,1789018660582
2236929,1,INITIATED,1789018660596
2236929,2,VALIDATED,1789018660599
2236929,3,PROCESSED,1789018660602
2236930,1,INITIATED,1789018660617
2236930,2,VALIDATED,1789018660620
2236930,3,PROCESSED,1789018660623
2236931,1,INITIATED,1789018660636
2236931,2,VALIDATED,1789018660639
2236931,3,PROCESSED,1789018660645
2236932,1,INITIATED,1789018660656
2236932,2,VALIDATED,1789018660659
2236932,3,PROCESSED,1789018660663
2236933,1,INITIATED,1789018660677
2236933,2,VALIDATED,1789018660888
2236933,3,PROCESSED,1789018660901
2236934,1,INITIATED,1789018660703
2236934,2,VALIDATED,1789018660890
2236934,3,PROCESSED,1789018660901
2236935,1,INITIATED,1789018660888
2236935,2,VALIDATED,1789018660899
2236935,3,PROCESSED,1789018660941
2236936,1,INITIATED,1789018660890
2236936,2,VALIDATED,1789018660899
2236936,3,PROCESSED,1789018660941
2236937,1,INITIATED,1789018660890
2236937,2,VALIDATED,1789018660898
2236937,3,PROCESSED,1789018660942
2236938,1,INITIATED,1789018660889
2236938,2,VALIDATED,1789018660898
2236938,3,PROCESSED,1789018660941
2236939,1,INITIATED,1789018660890
2236939,2,VALIDATED,1789018660899
2236939,3,PROCESSED,1789018660941
2236940,1,INITIATED,1789018660890
2236940,2,VALIDATED,1789018660899
2236940,3,PROCESSED,1789018660941
2236941,1,INITIATED,1789018660888
2236941,2,VALIDATED,1789018660900
2236941,3,PROCESSED,1789018660941
2236942,1,INITIATED,1789018660888
2236942,2,VALIDATED,1789018660900
2236942,3,PROCESSED,1789018660941
2236943,1,INITIATED,1789018660889
2236943,2,VALIDATED,1789018660898
2236943,3,PROCESSED,1789018660940
2236944,1,INITIATED,1789018660897
2236944,2,VALIDATED,1789018660938
2236944,3,PROCESSED,1789018661120
2236945,1,INITIATED,1789018660928
2236945,2,VALIDATED,1789018661117
2236945,3,PROCESSED,1789018661126
2236946,1,INITIATED,1789018660937
2236946,2,VALIDATED,1789018661118
2236946,3,PROCESSED,1789018661129
2236947,1,INITIATED,1789018661118
2236947,2,VALIDATED,1789018661127
2236947,3,PROCESSED,1789018661154
2236948,1,INITIATED,1789018661117
2236948,2,VALIDATED,1789018661124
2236948,3,PROCESSED,1789018661129
2236949,1,INITIATED,1789018661117
2236949,2,VALIDATED,1789018661124
2236949,3,PROCESSED,1789018661130
2236950,1,INITIATED,1789018661117
2236950,2,VALIDATED,1789018661121
2236950,3,PROCESSED,1789018661130
2236951,1,INITIATED,1789018661117
2236951,2,VALIDATED,1789018661124
2236951,3,PROCESSED,1789018661130
2236952,1,INITIATED,1789018661117
2236952,2,VALIDATED,1789018661124
2236952,3,PROCESSED,1789018661130
2236953,1,INITIATED,1789018661117
2236953,2,VALIDATED,1789018661121
2236953,3,PROCESSED,1789018661130
2236954,1,INITIATED,1789018661117
2236954,2,VALIDATED,1789018661124
2236954,3,PROCESSED,1789018661129
2236955,1,INITIATED,1789018661118
2236955,2,VALIDATED,1789018661124
2236955,3,PROCESSED,1789018661129
2236956,1,INITIATED,1789018661136
2236956,2,VALIDATED,1789018661153
2236956,3,PROCESSED,1789018661157
2236957,1,INITIATED,1789018661156
2236957,2,VALIDATED,1789018661159
2236957,3,PROCESSED,1789018661164
2236958,1,INITIATED,1789018661176
2236958,2,VALIDATED,1789018661180
2236958,3,PROCESSED,1789018661184
2236959,1,INITIATED,1789018661197
2236959,2,VALIDATED,1789018661200
2236959,3,PROCESSED,1789018661204
2236960,1,INITIATED,1789018661216
2236960,2,VALIDATED,1789018661220
2236960,3,PROCESSED,1789018661224
2236961,1,INITIATED,1789018661236
2236961,2,VALIDATED,1789018661239
2236961,3,PROCESSED,1789018661243
2236962,1,INITIATED,1789018661256
2236962,2,VALIDATED,1789018661260
2236962,3,PROCESSED,1789018661264
2236963,1,INITIATED,1789018661276
2236963,2,VALIDATED,1789018661281
2236963,3,PROCESSED,1789018661285
2236964,1,INITIATED,1789018661297
2236964,2,VALIDATED,1789018661300
2236964,3,PROCESSED,1789018661304
2236965,1,INITIATED,1789018661317
2236965,2,VALIDATED,1789018661321
2236965,3,PROCESSED,1789018661325
2236966,1,INITIATED,1789018661336
2236966,2,VALIDATED,1789018661340
2236966,3,PROCESSED,1789018661343
2236967,1,INITIATED,1789018661357
2236967,2,VALIDATED,1789018661361
2236967,3,PROCESSED,1789018661368
2236968,1,INITIATED,1789018661377
2236968,2,VALIDATED,1789018661381
2236968,3,PROCESSED,1789018661385
2236969,1,INITIATED,1789018661396
2236969,2,VALIDATED,1789018661400
2236969,3,PROCESSED,1789018661403
2236970,1,INITIATED,1789018661417
2236970,2,VALIDATED,1789018661420
2236970,3,PROCESSED,1789018661424
2236971,1,INITIATED,1789018661436
2236971,2,VALIDATED,1789018661441
2236971,3,PROCESSED,1789018661445
2236972,1,INITIATED,1789018661456
2236972,2,VALIDATED,1789018661460
2236972,3,PROCESSED,1789018661463
2236973,1,INITIATED,1789018661476
2236973,2,VALIDATED,1789018661479
2236973,3,PROCESSED,1789018661482
2236974,1,INITIATED,1789018661496
2236974,2,VALIDATED,1789018661500
2236974,3,PROCESSED,1789018661503
2236975,1,INITIATED,1789018661517
2236975,2,VALIDATED,1789018661520
2236975,3,PROCESSED,1789018661523
2236976,1,INITIATED,1789018661536
2236976,2,VALIDATED,1789018661539
2236976,3,PROCESSED,1789018661543
2236977,1,INITIATED,1789018661557
2236977,2,VALIDATED,1789018661562
2236977,3,PROCESSED,1789018661567
2236978,1,INITIATED,1789018661577
2236978,2,VALIDATED,1789018661581
2236978,3,PROCESSED,1789018661585
2236979,1,INITIATED,1789018661597
2236979,2,VALIDATED,1789018661601
2236979,3,PROCESSED,1789018661605
2236980,1,INITIATED,1789018661616
2236980,2,VALIDATED,1789018661622
2236980,3,PROCESSED,1789018661626
2236981,1,INITIATED,1789018661636
2236981,2,VALIDATED,1789018661640
2236981,3,PROCESSED,1789018661643
2236982,1,INITIATED,1789018661657
2236982,2,VALIDATED,1789018661661
2236982,3,PROCESSED,1789018661664
2236983,1,INITIATED,1789018661676
2236983,2,VALIDATED,1789018661819
2236983,3,PROCESSED,1789018661873
2236984,1,INITIATED,1789018661821
2236984,2,VALIDATED,1789018661872
2236984,3,PROCESSED,1789018662119
2236985,1,INITIATED,1789018661820
2236985,2,VALIDATED,1789018661872
2236985,3,PROCESSED,1789018662118
2236986,1,INITIATED,1789018661820
2236986,2,VALIDATED,1789018661872
2236986,3,PROCESSED,1789018662119
2236987,1,INITIATED,1789018661819
2236987,2,VALIDATED,1789018661828
2236987,3,PROCESSED,1789018661883
2236988,1,INITIATED,1789018661820
2236988,2,VALIDATED,1789018661872
2236988,3,PROCESSED,1789018662118
2236989,1,INITIATED,1789018661819
2236989,2,VALIDATED,1789018661872
2236989,3,PROCESSED,1789018662119
2236990,1,INITIATED,1789018661819
2236990,2,VALIDATED,1789018661872
2236990,3,PROCESSED,1789018662119
2236991,1,INITIATED,1789018661870
2236991,2,VALIDATED,1789018662115
2236991,3,PROCESSED,1789018662124
2236992,1,INITIATED,1789018661870
2236992,2,VALIDATED,1789018662116
2236992,3,PROCESSED,1789018662129
2236993,1,INITIATED,1789018661880
2236993,2,VALIDATED,1789018662117
2236993,3,PROCESSED,1789018662129
2236994,1,INITIATED,1789018661900
2236994,2,VALIDATED,1789018662117
2236994,3,PROCESSED,1789018662129
2236995,1,INITIATED,1789018662117
2236995,2,VALIDATED,1789018662127
2236995,3,REJECTED,1789018662163
2236996,1,INITIATED,1789018662116
2236996,2,VALIDATED,1789018662127
2236996,3,REJECTED,1789018662163
2236997,1,INITIATED,1789018662115
2236997,2,VALIDATED,1789018662123
2236997,3,REJECTED,1789018662128
2236998,1,INITIATED,1789018662117
2236998,2,VALIDATED,1789018662127
2236998,3,REJECTED,1789018662163
2236999,1,INITIATED,1789018662115
2236999,2,VALIDATED,1789018662127
2236999,3,PROCESSED,1789018662166
2237000,1,INITIATED,1789018662118
2237000,2,VALIDATED,1789018662127
2237000,3,PROCESSED,1789018662165
2237001,1,INITIATED,1789018662117
2237001,2,VALIDATED,1789018662126
2237001,3,PROCESSED,1789018662165
2237002,1,INITIATED,1789018662117
2237002,2,VALIDATED,1789018662128
2237002,3,PROCESSED,1789018662165
2237003,1,INITIATED,1789018662118
2237003,2,VALIDATED,1789018662127
2237003,3,PROCESSED,1789018662165
2237004,1,INITIATED,1789018662116
2237004,2,VALIDATED,1789018662127
2237004,3,PROCESSED,1789018662166
2237005,1,INITIATED,1789018662118
2237005,2,VALIDATED,1789018662127
2237005,3,PROCESSED,1789018662166
2237006,1,INITIATED,1789018662136
2237006,2,VALIDATED,1789018662163
2237006,3,PROCESSED,1789018662168
2237007,1,INITIATED,1789018662156
2237007,2,VALIDATED,1789018662163
2237007,3,PROCESSED,1789018662169
2237008,1,INITIATED,1789018662176
2237008,2,VALIDATED,1789018662179
2237008,3,PROCESSED,1789018662182
2237009,1,INITIATED,1789018662196
2237009,2,VALIDATED,1789018662199
2237009,3,PROCESSED,1789018662202
2237010,1,INITIATED,1789018662216
2237010,2,VALIDATED,1789018662220
2237010,3,PROCESSED,1789018662224
2237011,1,INITIATED,1789018662236
2237011,2,VALIDATED,1789018662243
2237011,3,PROCESSED,1789018662247
2237012,1,INITIATED,1789018662256
2237012,2,VALIDATED,1789018662259
2237012,3,PROCESSED,1789018662263
2237013,1,INITIATED,1789018662276
2237013,2,VALIDATED,1789018662279
2237013,3,PROCESSED,1789018662282
2237014,1,INITIATED,1789018662296
2237014,2,VALIDATED,1789018662300
2237014,3,PROCESSED,1789018662303
2237015,1,INITIATED,1789018662317
2237015,2,VALIDATED,1789018662321
2237015,3,PROCESSED,1789018662324
2237016,1,INITIATED,1789018662336
2237016,2,VALIDATED,1789018662339
2237016,3,PROCESSED,1789018662343
2237017,1,INITIATED,1789018662356
2237017,2,VALIDATED,1789018662360
2237017,3,PROCESSED,1789018662363
2237018,1,INITIATED,1789018662376
2237018,2,VALIDATED,1789018662379
2237018,3,PROCESSED,1789018662382
2237019,1,INITIATED,1789018662397
2237019,2,VALIDATED,1789018662400
2237019,3,PROCESSED,1789018662406
2237020,1,INITIATED,1789018662416
2237020,2,VALIDATED,1789018662419
2237020,3,PROCESSED,1789018662422
2237021,1,INITIATED,1789018662436
2237021,2,VALIDATED,1789018662440
2237021,3,PROCESSED,1789018662444
2237022,1,INITIATED,1789018662456
2237022,2,VALIDATED,1789018662460
2237022,3,PROCESSED,1789018662465
2237023,1,INITIATED,1789018662476
2237023,2,VALIDATED,1789018662480
2237023,3,PROCESSED,1789018662483
2237024,1,INITIATED,1789018662496
2237024,2,VALIDATED,1789018662500
2237024,3,PROCESSED,1789018662505
2237025,1,INITIATED,1789018662516
2237025,2,VALIDATED,1789018662520
2237025,3,PROCESSED,1789018662524
2237026,1,INITIATED,1789018662536
2237026,2,VALIDATED,1789018662540
2237026,3,PROCESSED,1789018662544
2237027,1,INITIATED,1789018662557
2237027,2,VALIDATED,1789018662561
2237027,3,PROCESSED,1789018662565
2237028,1,INITIATED,1789018662577
2237028,2,VALIDATED,1789018662580
2237028,3,PROCESSED,1789018662584
2237029,1,INITIATED,1789018662597
2237029,2,VALIDATED,1789018662600
2237029,3,PROCESSED,1789018662603
2237030,1,INITIATED,1789018662616
2237030,2,VALIDATED,1789018662620
2237030,3,PROCESSED,1789018662625
2237031,1,INITIATED,1789018662637
2237031,2,VALIDATED,1789018662639
2237031,3,PROCESSED,1789018662645
2237032,1,INITIATED,1789018662656
2237032,2,VALIDATED,1789018662661
2237032,3,PROCESSED,1789018662665
2237033,1,INITIATED,1789018662677
2237033,2,VALIDATED,1789018662690
2237033,3,PROCESSED,1789018662795
2237034,1,INITIATED,1789018662788
2237034,2,VALIDATED,1789018662794
2237034,3,PROCESSED,1789018662830
2237035,1,INITIATED,1789018662788
2237035,2,VALIDATED,1789018662794
2237035,3,PROCESSED,1789018662830
2237036,1,INITIATED,1789018662788
2237036,2,VALIDATED,1789018662794
2237036,3,PROCESSED,1789018662830
2237037,1,INITIATED,1789018662789
2237037,2,VALIDATED,1789018662793
2237037,3,PROCESSED,1789018662830
2237038,1,INITIATED,1789018662788
2237038,2,VALIDATED,1789018662793
2237038,3,PROCESSED,1789018662830
2237039,1,INITIATED,1789018662797
2237039,2,VALIDATED,1789018662834
2237039,3,PROCESSED,1789018662979
2237040,1,INITIATED,1789018662827
2237040,2,VALIDATED,1789018662977
2237040,3,PROCESSED,1789018662985
2237041,1,INITIATED,1789018662836
2237041,2,VALIDATED,1789018662978
2237041,3,PROCESSED,1789018662984
2237042,1,INITIATED,1789018662977
2237042,2,VALIDATED,1789018662982
2237042,3,PROCESSED,1789018662987
2237043,1,INITIATED,1789018662977
2237043,2,VALIDATED,1789018662983
2237043,3,PROCESSED,1789018662988
2237044,1,INITIATED,1789018662976
2237044,2,VALIDATED,1789018662983
2237044,3,PROCESSED,1789018662988
2237045,1,INITIATED,1789018662976
2237045,2,VALIDATED,1789018662983
2237045,3,PROCESSED,1789018662988
2237046,1,INITIATED,1789018662976
2237046,2,VALIDATED,1789018662983
2237046,3,PROCESSED,1789018662988
2237047,1,INITIATED,1789018662976
2237047,2,VALIDATED,1789018662982
2237047,3,PROCESSED,1789018662988
2237048,1,INITIATED,1789018662977
2237048,2,VALIDATED,1789018662983
2237048,3,PROCESSED,1789018662988
2237049,1,INITIATED,1789018662996
2237049,2,VALIDATED,1789018663037
2237049,3,PROCESSED,1789018663056
2237050,1,INITIATED,1789018663017
2237050,2,VALIDATED,1789018663037
2237050,3,PROCESSED,1789018663056
2237051,1,INITIATED,1789018663037
2237051,2,VALIDATED,1789018663053
2237051,3,PROCESSED,1789018663058
2237052,1,INITIATED,1789018663056
2237052,2,VALIDATED,1789018663072
2237052,3,PROCESSED,1789018663089
2237053,1,INITIATED,1789018663076
2237053,2,VALIDATED,1789018663088
2237053,3,PROCESSED,1789018663091
2237054,1,INITIATED,1789018663096
2237054,2,VALIDATED,1789018663106
2237054,3,PROCESSED,1789018663111
2237055,1,INITIATED,1789018663116
2237055,2,VALIDATED,1789018663119
2237055,3,PROCESSED,1789018663123
2237056,1,INITIATED,1789018663136
2237056,2,VALIDATED,1789018663139
2237056,3,PROCESSED,1789018663143
2237057,1,INITIATED,1789018663156
2237057,2,VALIDATED,1789018663161
2237057,3,PROCESSED,1789018663164
2237058,1,INITIATED,1789018663176
2237058,2,VALIDATED,1789018663180
2237058,3,PROCESSED,1789018663184
2237059,1,INITIATED,1789018663197
2237059,2,VALIDATED,1789018663200
2237059,3,PROCESSED,1789018663204
2237060,1,INITIATED,1789018663216
2237060,2,VALIDATED,1789018663220
2237060,3,PROCESSED,1789018663223
2237061,1,INITIATED,1789018663237
2237061,2,VALIDATED,1789018663240
2237061,3,PROCESSED,1789018663244
2237062,1,INITIATED,1789018663256
2237062,2,VALIDATED,1789018663259
2237062,3,PROCESSED,1789018663263
2237063,1,INITIATED,1789018663276
2237063,2,VALIDATED,1789018663280
2237063,3,PROCESSED,1789018663283
2237064,1,INITIATED,1789018663296
2237064,2,VALIDATED,1789018663300
2237064,3,PROCESSED,1789018663303
2237065,1,INITIATED,1789018663316
2237065,2,VALIDATED,1789018663319
2237065,3,PROCESSED,1789018663322
2237066,1,INITIATED,1789018663336
2237066,2,VALIDATED,1789018663340
2237066,3,PROCESSED,1789018663343
2237067,1,INITIATED,1789018663356
2237067,2,VALIDATED,1789018663360
2237067,3,PROCESSED,1789018663363
2237068,1,INITIATED,1789018663376
2237068,2,VALIDATED,1789018663379
2237068,3,PROCESSED,1789018663382
2237069,1,INITIATED,1789018663397
2237069,2,VALIDATED,1789018663400
2237069,3,PROCESSED,1789018663403
2237070,1,INITIATED,1789018663416
2237070,2,VALIDATED,1789018663420
2237070,3,PROCESSED,1789018663424
2237071,1,INITIATED,1789018663436
2237071,2,VALIDATED,1789018663439
2237071,3,PROCESSED,1789018663442
2237072,1,INITIATED,1789018663457
2237072,2,VALIDATED,1789018663460
2237072,3,PROCESSED,1789018663464
2237073,1,INITIATED,1789018663476
2237073,2,VALIDATED,1789018663479
2237073,3,PROCESSED,1789018663483
2237074,1,INITIATED,1789018663496
2237074,2,VALIDATED,1789018663500
2237074,3,PROCESSED,1789018663503
2237075,1,INITIATED,1789018663516
2237075,2,VALIDATED,1789018663519
2237075,3,PROCESSED,1789018663522
2237076,1,INITIATED,1789018663536
2237076,2,VALIDATED,1789018663539
2237076,3,PROCESSED,1789018663542
2237077,1,INITIATED,1789018663556
2237077,2,VALIDATED,1789018663559
2237077,3,PROCESSED,1789018663577
2237078,1,INITIATED,1789018663576
2237078,2,VALIDATED,1789018663578
2237078,3,PROCESSED,1789018663582
2237079,1,INITIATED,1789018663596
2237079,2,VALIDATED,1789018663600
2237079,3,PROCESSED,1789018663603
2237080,1,INITIATED,1789018663616
2237080,2,VALIDATED,1789018663620
2237080,3,PROCESSED,1789018663623
2237081,1,INITIATED,1789018663636
2237081,2,VALIDATED,1789018663639
2237081,3,PROCESSED,1789018663642
2237082,1,INITIATED,1789018663656
2237082,2,VALIDATED,1789018663660
2237082,3,PROCESSED,1789018663663
2237083,1,INITIATED,1789018663676
2237083,2,VALIDATED,1789018663718
2237083,3,PROCESSED,1789018663952
2237084,1,INITIATED,1789018663716
2237084,2,VALIDATED,1789018663720
2237084,3,PROCESSED,1789018663954
2237085,1,INITIATED,1789018663717
2237085,2,VALIDATED,1789018663721
2237085,3,PROCESSED,1789018663955
2237086,1,INITIATED,1789018663952
2237086,2,VALIDATED,1789018664066
2237086,3,PROCESSED,1789018664074
2237087,1,INITIATED,1789018663951
2237087,2,VALIDATED,1789018663955
2237087,3,PROCESSED,1789018664072
2237088,1,INITIATED,1789018663952
2237088,2,VALIDATED,1789018664066
2237088,3,PROCESSED,1789018664074
2237089,1,INITIATED,1789018663952
2237089,2,VALIDATED,1789018664066
2237089,3,PROCESSED,1789018664074
2237090,1,INITIATED,1789018663951
2237090,2,VALIDATED,1789018664065
2237090,3,PROCESSED,1789018664072
2237091,1,INITIATED,1789018663952
2237091,2,VALIDATED,1789018664067
2237091,3,PROCESSED,1789018664075
2237092,1,INITIATED,1789018663951
2237092,2,VALIDATED,1789018664065
2237092,3,PROCESSED,1789018664073
2237093,1,INITIATED,1789018663950
2237093,2,VALIDATED,1789018663955
2237093,3,PROCESSED,1789018664071
2237094,1,INITIATED,1789018663951
2237094,2,VALIDATED,1789018664065
2237094,3,PROCESSED,1789018664073
2237095,1,INITIATED,1789018663952
2237095,2,VALIDATED,1789018664067
2237095,3,REJECTED,1789018664072
2237096,1,INITIATED,1789018663951
2237096,2,VALIDATED,1789018664066
2237096,3,REJECTED,1789018664073
2237097,1,INITIATED,1789018663957
2237097,2,VALIDATED,1789018664067
2237097,3,REJECTED,1789018664072
2237098,1,INITIATED,1789018664065
2237098,2,VALIDATED,1789018664070
2237098,3,REJECTED,1789018664359
2237099,1,INITIATED,1789018664065
2237099,2,VALIDATED,1789018664070
2237099,3,PROCESSED,1789018664363
2237100,1,INITIATED,1789018664067
2237100,2,VALIDATED,1789018664072
2237100,3,PROCESSED,1789018664362
2237101,1,INITIATED,1789018664066
2237101,2,VALIDATED,1789018664071
2237101,3,PROCESSED,1789018664362
2237102,1,INITIATED,1789018664065
2237102,2,VALIDATED,1789018664070
2237102,3,PROCESSED,1789018664363
2237103,1,INITIATED,1789018664077
2237103,2,VALIDATED,1789018664359
2237103,3,PROCESSED,1789018664367
2237104,1,INITIATED,1789018664115
2237104,2,VALIDATED,1789018664366
2237104,3,PROCESSED,1789018664450
2237105,1,INITIATED,1789018664360
2237105,2,VALIDATED,1789018664366
2237105,3,PROCESSED,1789018664451
2237106,1,INITIATED,1789018664360
2237106,2,VALIDATED,1789018664366
2237106,3,PROCESSED,1789018664450
2237107,1,INITIATED,1789018664358
2237107,2,VALIDATED,1789018664364
2237107,3,PROCESSED,1789018664370
2237108,1,INITIATED,1789018664359
2237108,2,VALIDATED,1789018664365
2237108,3,PROCESSED,1789018664370
2237109,1,INITIATED,1789018664359
2237109,2,VALIDATED,1789018664366
2237109,3,PROCESSED,1789018664449
2237110,1,INITIATED,1789018664361
2237110,2,VALIDATED,1789018664365
2237110,3,PROCESSED,1789018664449
2237111,1,INITIATED,1789018664360
2237111,2,VALIDATED,1789018664366
2237111,3,PROCESSED,1789018664450
2237112,1,INITIATED,1789018664358
2237112,2,VALIDATED,1789018664365
2237112,3,PROCESSED,1789018664370
2237113,1,INITIATED,1789018664359
2237113,2,VALIDATED,1789018664366
2237113,3,PROCESSED,1789018664449
2237114,1,INITIATED,1789018664360
2237114,2,VALIDATED,1789018664366
2237114,3,PROCESSED,1789018664450
2237115,1,INITIATED,1789018664361
2237115,2,VALIDATED,1789018664366
2237115,3,PROCESSED,1789018664449
2237116,1,INITIATED,1789018664360
2237116,2,VALIDATED,1789018664365
2237116,3,PROCESSED,1789018664370
2237117,1,INITIATED,1789018664358
2237117,2,VALIDATED,1789018664366
2237117,3,PROCESSED,1789018664450
2237118,1,INITIATED,1789018664376
2237118,2,VALIDATED,1789018664449
2237118,3,PROCESSED,1789018664466
2237119,1,INITIATED,1789018664397
2237119,2,VALIDATED,1789018664448
2237119,3,PROCESSED,1789018664466
2237120,1,INITIATED,1789018664417
2237120,2,VALIDATED,1789018664448
2237120,3,PROCESSED,1789018664466
2237121,1,INITIATED,1789018664436
2237121,2,VALIDATED,1789018664448
2237121,3,PROCESSED,1789018664466
2237122,1,INITIATED,1789018664456
2237122,2,VALIDATED,1789018664464
2237122,3,PROCESSED,1789018664468
2237123,1,INITIATED,1789018664477
2237123,2,VALIDATED,1789018664481
2237123,3,PROCESSED,1789018664485
2237124,1,INITIATED,1789018664497
2237124,2,VALIDATED,1789018664500
2237124,3,PROCESSED,1789018664505
2237125,1,INITIATED,1789018664516
2237125,2,VALIDATED,1789018664519
2237125,3,PROCESSED,1789018664524
2237126,1,INITIATED,1789018664537
2237126,2,VALIDATED,1789018664540
2237126,3,PROCESSED,1789018664545
2237127,1,INITIATED,1789018664556
2237127,2,VALIDATED,1789018664560
2237127,3,PROCESSED,1789018664566
2237128,1,INITIATED,1789018664578
2237128,2,VALIDATED,1789018664582
2237128,3,PROCESSED,1789018664587
2237129,1,INITIATED,1789018664597
2237129,2,VALIDATED,1789018664600
2237129,3,PROCESSED,1789018664605
2237130,1,INITIATED,1789018664617
2237130,2,VALIDATED,1789018664622
2237130,3,PROCESSED,1789018664627
2237131,1,INITIATED,1789018664636
2237131,2,VALIDATED,1789018664640
2237131,3,PROCESSED,1789018664644
2237132,1,INITIATED,1789018664656
2237132,2,VALIDATED,1789018664664
2237132,3,PROCESSED,1789018664671
2237133,1,INITIATED,1789018664676
2237133,2,VALIDATED,1789018664720
2237133,3,PROCESSED,1789018664919
2237134,1,INITIATED,1789018664718
2237134,2,VALIDATED,1789018664722
2237134,3,PROCESSED,1789018664918
2237135,1,INITIATED,1789018664718
2237135,2,VALIDATED,1789018664722
2237135,3,PROCESSED,1789018664918
2237136,1,INITIATED,1789018664915
2237136,2,VALIDATED,1789018665045
2237136,3,PROCESSED,1789018665387
2237137,1,INITIATED,1789018664915
2237137,2,VALIDATED,1789018665044
2237137,3,PROCESSED,1789018665386
2237138,1,INITIATED,1789018664915
2237138,2,VALIDATED,1789018665045
2237138,3,PROCESSED,1789018665387
2237139,1,INITIATED,1789018664915
2237139,2,VALIDATED,1789018665044
2237139,3,PROCESSED,1789018665386
2237140,1,INITIATED,1789018664916
2237140,2,VALIDATED,1789018665045
2237140,3,PROCESSED,1789018665387
2237141,1,INITIATED,1789018664916
2237141,2,VALIDATED,1789018665045
2237141,3,PROCESSED,1789018665388
2237142,1,INITIATED,1789018664915
2237142,2,VALIDATED,1789018665045
2237142,3,PROCESSED,1789018665386
2237143,1,INITIATED,1789018664915
2237143,2,VALIDATED,1789018665044
2237143,3,PROCESSED,1789018665091
2237144,1,INITIATED,1789018664915
2237144,2,VALIDATED,1789018665045
2237144,3,PROCESSED,1789018665387
2237145,1,INITIATED,1789018664917
2237145,2,VALIDATED,1789018665044
2237145,3,PROCESSED,1789018665387
2237146,1,INITIATED,1789018665042
2237146,2,VALIDATED,1789018665062
2237146,3,PROCESSED,1789018665388
2237147,1,INITIATED,1789018665042
2237147,2,VALIDATED,1789018665062
2237147,3,PROCESSED,1789018665388
2237148,1,INITIATED,1789018665042
2237148,2,VALIDATED,1789018665062
2237148,3,PROCESSED,1789018665387
2237149,1,INITIATED,1789018665042
2237149,2,VALIDATED,1789018665062
2237149,3,PROCESSED,1789018665386
2237150,1,INITIATED,1789018665042
2237150,2,VALIDATED,1789018665061
2237150,3,PROCESSED,1789018665387
2237151,1,INITIATED,1789018665042
2237151,2,VALIDATED,1789018665061
2237151,3,PROCESSED,1789018665388
2237152,1,INITIATED,1789018665059
2237152,2,VALIDATED,1789018665378
2237152,3,PROCESSED,1789018665398
2237153,1,INITIATED,1789018665090
2237153,2,VALIDATED,1789018665380
2237153,3,PROCESSED,1789018665398
2237154,1,INITIATED,1789018665378
2237154,2,VALIDATED,1789018665395
2237154,3,PROCESSED,1789018665401
2237155,1,INITIATED,1789018665380
2237155,2,VALIDATED,1789018665396
2237155,3,PROCESSED,1789018665402
2237156,1,INITIATED,1789018665380
2237156,2,VALIDATED,1789018665395
2237156,3,PROCESSED,1789018665401
2237157,1,INITIATED,1789018665380
2237157,2,VALIDATED,1789018665395
2237157,3,PROCESSED,1789018665401
2237158,1,INITIATED,1789018665379
2237158,2,VALIDATED,1789018665395
2237158,3,PROCESSED,1789018665401
2237159,1,INITIATED,1789018665380
2237159,2,VALIDATED,1789018665395
2237159,3,PROCESSED,1789018665402
2237160,1,INITIATED,1789018665381
2237160,2,VALIDATED,1789018665396
2237160,3,PROCESSED,1789018665401
2237161,1,INITIATED,1789018665380
2237161,2,VALIDATED,1789018665395
2237161,3,PROCESSED,1789018665401
2237162,1,INITIATED,1789018665380
2237162,2,VALIDATED,1789018665396
2237162,3,PROCESSED,1789018665470
2237163,1,INITIATED,1789018665376
2237163,2,VALIDATED,1789018665396
2237163,3,PROCESSED,1789018665402
2237164,1,INITIATED,1789018665379
2237164,2,VALIDATED,1789018665396
2237164,3,PROCESSED,1789018665471
2237165,1,INITIATED,1789018665379
2237165,2,VALIDATED,1789018665395
2237165,3,PROCESSED,1789018665402
2237166,1,INITIATED,1789018665380
2237166,2,VALIDATED,1789018665397
2237166,3,PROCESSED,1789018665470
2237167,1,INITIATED,1789018665376
2237167,2,VALIDATED,1789018665396
2237167,3,PROCESSED,1789018665402
2237168,1,INITIATED,1789018665393
2237168,2,VALIDATED,1789018665399
2237168,3,PROCESSED,1789018665471
2237169,1,INITIATED,1789018665397
2237169,2,VALIDATED,1789018665468
2237169,3,PROCESSED,1789018665473
2237170,1,INITIATED,1789018665416
2237170,2,VALIDATED,1789018665469
2237170,3,PROCESSED,1789018665474
2237171,1,INITIATED,1789018665437
2237171,2,VALIDATED,1789018665469
2237171,3,PROCESSED,1789018665474
2237172,1,INITIATED,1789018665457
2237172,2,VALIDATED,1789018665469
2237172,3,PROCESSED,1789018665474
2237173,1,INITIATED,1789018665476
2237173,2,VALIDATED,1789018665479
2237173,3,PROCESSED,1789018665483
2237174,1,INITIATED,1789018665497
2237174,2,VALIDATED,1789018665501
2237174,3,PROCESSED,1789018665505
2237175,1,INITIATED,1789018665517
2237175,2,VALIDATED,1789018665520
2237175,3,PROCESSED,1789018665525
2237176,1,INITIATED,1789018665536
2237176,2,VALIDATED,1789018665553
2237176,3,PROCESSED,1789018665557
2237177,1,INITIATED,1789018665556
2237177,2,VALIDATED,1789018665559
2237177,3,PROCESSED,1789018665563
2237178,1,INITIATED,1789018665576
2237178,2,VALIDATED,1789018665580
2237178,3,PROCESSED,1789018665585
2237179,1,INITIATED,1789018665597
2237179,2,VALIDATED,1789018665601
2237179,3,PROCESSED,1789018665604
2237180,1,INITIATED,1789018665616
2237180,2,VALIDATED,1789018665620
2237180,3,PROCESSED,1789018665624
2237181,1,INITIATED,1789018665637
2237181,2,VALIDATED,1789018665640
2237181,3,PROCESSED,1789018665645
2237182,1,INITIATED,1789018665657
2237182,2,VALIDATED,1789018665661
2237182,3,PROCESSED,1789018665665
2237183,1,INITIATED,1789018665683
2237183,2,VALIDATED,1789018665730
2237183,3,PROCESSED,1789018666138
2237184,1,INITIATED,1789018665699
2237184,2,VALIDATED,1789018666022
2237184,3,PROCESSED,1789018666139
2237185,1,INITIATED,1789018665730
2237185,2,VALIDATED,1789018666135
2237185,3,PROCESSED,1789018666142
2237186,1,INITIATED,1789018666024
2237186,2,VALIDATED,1789018666137
2237186,3,PROCESSED,1789018666406
2237187,1,INITIATED,1789018666024
2237187,2,VALIDATED,1789018666138
2237187,3,PROCESSED,1789018666407
2237188,1,INITIATED,1789018666022
2237188,2,VALIDATED,1789018666138
2237188,3,PROCESSED,1789018666409
2237189,1,INITIATED,1789018666023
2237189,2,VALIDATED,1789018666138
2237189,3,PROCESSED,1789018666406
2237190,1,INITIATED,1789018666023
2237190,2,VALIDATED,1789018666137
2237190,3,PROCESSED,1789018666408
2237191,1,INITIATED,1789018666023
2237191,2,VALIDATED,1789018666137
2237191,3,PROCESSED,1789018666409
2237192,1,INITIATED,1789018666022
2237192,2,VALIDATED,1789018666135
2237192,3,PROCESSED,1789018666143
2237193,1,INITIATED,1789018666022
2237193,2,VALIDATED,1789018666135
2237193,3,PROCESSED,1789018666142
2237194,1,INITIATED,1789018666023
2237194,2,VALIDATED,1789018666138
2237194,3,PROCESSED,1789018666407
2237195,1,INITIATED,1789018666022
2237195,2,VALIDATED,1789018666134
2237195,3,REJECTED,1789018666141
2237196,1,INITIATED,1789018666022
2237196,2,VALIDATED,1789018666135
2237196,3,REJECTED,1789018666140
2237197,1,INITIATED,1789018666024
2237197,2,VALIDATED,1789018666137
2237197,3,REJECTED,1789018666404
2237198,1,INITIATED,1789018666024
2237198,2,VALIDATED,1789018666138
2237198,3,REJECTED,1789018666404
2237199,1,INITIATED,1789018666024
2237199,2,VALIDATED,1789018666138
2237199,3,PROCESSED,1789018666408
2237200,1,INITIATED,1789018666024
2237200,2,VALIDATED,1789018666138
2237200,3,PROCESSED,1789018666408
2237201,1,INITIATED,1789018666037
2237201,2,VALIDATED,1789018666139
2237201,3,PROCESSED,1789018666408
2237202,1,INITIATED,1789018666135
2237202,2,VALIDATED,1789018666140
2237202,3,PROCESSED,1789018666407
2237203,1,INITIATED,1789018666135
2237203,2,VALIDATED,1789018666141
2237203,3,PROCESSED,1789018666410
2237204,1,INITIATED,1789018666134
2237204,2,VALIDATED,1789018666140
2237204,3,PROCESSED,1789018666407
2237205,1,INITIATED,1789018666134
2237205,2,VALIDATED,1789018666140
2237205,3,PROCESSED,1789018666409
2237206,1,INITIATED,1789018666136
2237206,2,VALIDATED,1789018666141
2237206,3,PROCESSED,1789018666407
2237207,1,INITIATED,1789018666402
2237207,2,VALIDATED,1789018666410
2237207,3,PROCESSED,1789018666494
2237208,1,INITIATED,1789018666403
2237208,2,VALIDATED,1789018666410
2237208,3,PROCESSED,1789018666493
2237209,1,INITIATED,1789018666404
2237209,2,VALIDATED,1789018666413
2237209,3,PROCESSED,1789018666494
2237210,1,INITIATED,1789018666404
2237210,2,VALIDATED,1789018666413
2237210,3,PROCESSED,1789018666494
2237211,1,INITIATED,1789018666404
2237211,2,VALIDATED,1789018666413
2237211,3,PROCESSED,1789018666495
2237212,1,INITIATED,1789018666403
2237212,2,VALIDATED,1789018666411
2237212,3,PROCESSED,1789018666493
2237213,1,INITIATED,1789018666402
2237213,2,VALIDATED,1789018666409
2237213,3,PROCESSED,1789018666493
2237214,1,INITIATED,1789018666405
2237214,2,VALIDATED,1789018666413
2237214,3,PROCESSED,1789018666494
2237215,1,INITIATED,1789018666402
2237215,2,VALIDATED,1789018666409
2237215,3,PROCESSED,1789018666493
2237216,1,INITIATED,1789018666403
2237216,2,VALIDATED,1789018666410
2237216,3,PROCESSED,1789018666494
2237217,1,INITIATED,1789018666404
2237217,2,VALIDATED,1789018666410
2237217,3,PROCESSED,1789018666493
2237218,1,INITIATED,1789018666404
2237218,2,VALIDATED,1789018666411
2237218,3,PROCESSED,1789018666494
2237219,1,INITIATED,1789018666402
2237219,2,VALIDATED,1789018666408
2237219,3,PROCESSED,1789018666493
2237220,1,INITIATED,1789018666416
2237220,2,VALIDATED,1789018666491
2237220,3,PROCESSED,1789018666497
2237221,1,INITIATED,1789018666437
2237221,2,VALIDATED,1789018666492
2237221,3,PROCESSED,1789018666497
2237222,1,INITIATED,1789018666457
2237222,2,VALIDATED,1789018666491
2237222,3,PROCESSED,1789018666497
2237223,1,INITIATED,1789018666478
2237223,2,VALIDATED,1789018666491
2237223,3,PROCESSED,1789018666497
2237224,1,INITIATED,1789018666497
2237224,2,VALIDATED,1789018666500
2237224,3,PROCESSED,1789018666505
2237225,1,INITIATED,1789018666517
2237225,2,VALIDATED,1789018666520
2237225,3,PROCESSED,1789018666524
2237226,1,INITIATED,1789018666536
2237226,2,VALIDATED,1789018666550
2237226,3,PROCESSED,1789018666555
2237227,1,INITIATED,1789018666556
2237227,2,VALIDATED,1789018666559
2237227,3,PROCESSED,1789018666563
2237228,1,INITIATED,1789018666577
2237228,2,VALIDATED,1789018666581
2237228,3,PROCESSED,1789018666585
2237229,1,INITIATED,1789018666597
2237229,2,VALIDATED,1789018666601
2237229,3,PROCESSED,1789018666605
2237230,1,INITIATED,1789018666617
2237230,2,VALIDATED,1789018666621
2237230,3,PROCESSED,1789018666625
2237231,1,INITIATED,1789018666636
2237231,2,VALIDATED,1789018666639
2237231,3,PROCESSED,1789018666643
2237232,1,INITIATED,1789018666657
2237232,2,VALIDATED,1789018666660
2237232,3,PROCESSED,1789018666663
2237233,1,INITIATED,1789018666676
2237233,2,VALIDATED,1789018666726
2237233,3,PROCESSED,1789018666950
2237234,1,INITIATED,1789018666724
2237234,2,VALIDATED,1789018666728
2237234,3,PROCESSED,1789018666950
2237235,1,INITIATED,1789018666724
2237235,2,VALIDATED,1789018666728
2237235,3,PROCESSED,1789018666950
2237236,1,INITIATED,1789018666948
2237236,2,VALIDATED,1789018666952
2237236,3,PROCESSED,1789018667082
2237237,1,INITIATED,1789018666947
2237237,2,VALIDATED,1789018666951
2237237,3,PROCESSED,1789018667082
2237238,1,INITIATED,1789018666947
2237238,2,VALIDATED,1789018666951
2237238,3,PROCESSED,1789018667082
2237239,1,INITIATED,1789018666948
2237239,2,VALIDATED,1789018667077
2237239,3,PROCESSED,1789018667085
2237240,1,INITIATED,1789018666947
2237240,2,VALIDATED,1789018666952
2237240,3,PROCESSED,1789018667082
2237241,1,INITIATED,1789018666948
2237241,2,VALIDATED,1789018667077
2237241,3,PROCESSED,1789018667085
2237242,1,INITIATED,1789018666947
2237242,2,VALIDATED,1789018666951
2237242,3,PROCESSED,1789018667083
2237243,1,INITIATED,1789018666948
2237243,2,VALIDATED,1789018667077
2237243,3,PROCESSED,1789018667085
2237244,1,INITIATED,1789018666948
2237244,2,VALIDATED,1789018667077
2237244,3,PROCESSED,1789018667084
2237245,1,INITIATED,1789018666947
2237245,2,VALIDATED,1789018666951
2237245,3,PROCESSED,1789018667081
2237246,1,INITIATED,1789018666947
2237246,2,VALIDATED,1789018666951
2237246,3,PROCESSED,1789018667083
2237247,1,INITIATED,1789018666957
2237247,2,VALIDATED,1789018667079
2237247,3,PROCESSED,1789018667100
2237248,1,INITIATED,1789018667078
2237248,2,VALIDATED,1789018667083
2237248,3,PROCESSED,1789018667119
2237249,1,INITIATED,1789018667078
2237249,2,VALIDATED,1789018667098
2237249,3,PROCESSED,1789018667120
2237250,1,INITIATED,1789018667078
2237250,2,VALIDATED,1789018667083
2237250,3,PROCESSED,1789018667119
2237251,1,INITIATED,1789018667078
2237251,2,VALIDATED,1789018667098
2237251,3,PROCESSED,1789018667120
2237252,1,INITIATED,1789018667078
2237252,2,VALIDATED,1789018667083
2237252,3,PROCESSED,1789018667119
2237253,1,INITIATED,1789018667078
2237253,2,VALIDATED,1789018667098
2237253,3,PROCESSED,1789018667120
2237254,1,INITIATED,1789018667096
2237254,2,VALIDATED,1789018667118
2237254,3,PROCESSED,1789018667124
2237255,1,INITIATED,1789018667117
2237255,2,VALIDATED,1789018667121
2237255,3,PROCESSED,1789018667125
2237256,1,INITIATED,1789018667136
2237256,2,VALIDATED,1789018667140
2237256,3,PROCESSED,1789018667144
2237257,1,INITIATED,1789018667157
2237257,2,VALIDATED,1789018667161
2237257,3,PROCESSED,1789018667166
2237258,1,INITIATED,1789018667176
2237258,2,VALIDATED,1789018667179
2237258,3,PROCESSED,1789018667184
2237259,1,INITIATED,1789018667196
2237259,2,VALIDATED,1789018667215
2237259,3,PROCESSED,1789018667219
2237260,1,INITIATED,1789018667216
2237260,2,VALIDATED,1789018667218
2237260,3,PROCESSED,1789018667222
2237261,1,INITIATED,1789018667236
2237261,2,VALIDATED,1789018667240
2237261,3,PROCESSED,1789018667244
2237262,1,INITIATED,1789018667256
2237262,2,VALIDATED,1789018667261
2237262,3,PROCESSED,1789018667265
2237263,1,INITIATED,1789018667276
2237263,2,VALIDATED,1789018667280
2237263,3,PROCESSED,1789018667284
2237264,1,INITIATED,1789018667296
2237264,2,VALIDATED,1789018667300
2237264,3,PROCESSED,1789018667305
2237265,1,INITIATED,1789018667317
2237265,2,VALIDATED,1789018667321
2237265,3,PROCESSED,1789018667326
2237266,1,INITIATED,1789018667337
2237266,2,VALIDATED,1789018667341
2237266,3,PROCESSED,1789018667345
2237267,1,INITIATED,1789018667356
2237267,2,VALIDATED,1789018667361
2237267,3,PROCESSED,1789018667365
2237268,1,INITIATED,1789018667376
2237268,2,VALIDATED,1789018668029
2237268,3,PROCESSED,1789018668156
2237269,1,INITIATED,1789018667397
2237269,2,VALIDATED,1789018668154
2237269,3,PROCESSED,1789018668510
2237270,1,INITIATED,1789018667418
2237270,2,VALIDATED,1789018668028
2237270,3,PROCESSED,1789018668157
2237271,1,INITIATED,1789018667438
2237271,2,VALIDATED,1789018668156
2237271,3,PROCESSED,1789018668509
2237272,1,INITIATED,1789018667458
2237272,2,VALIDATED,1789018668029
2237272,3,PROCESSED,1789018668157
2237273,1,INITIATED,1789018668026
2237273,2,VALIDATED,1789018668504
2237273,3,PROCESSED,1789018668657
2237274,1,INITIATED,1789018668024
2237274,2,VALIDATED,1789018668152
2237274,3,PROCESSED,1789018668508
2237275,1,INITIATED,1789018668026
2237275,2,VALIDATED,1789018668155
2237275,3,PROCESSED,1789018668509
2237276,1,INITIATED,1789018668024
2237276,2,VALIDATED,1789018668151
2237276,3,PROCESSED,1789018668510
2237277,1,INITIATED,1789018668023
2237277,2,VALIDATED,1789018668029
2237277,3,PROCESSED,1789018668158
2237278,1,INITIATED,1789018668027
2237278,2,VALIDATED,1789018668154
2237278,3,PROCESSED,1789018668509
2237279,1,INITIATED,1789018668025
2237279,2,VALIDATED,1789018668155
2237279,3,PROCESSED,1789018668508
2237280,1,INITIATED,1789018668022
2237280,2,VALIDATED,1789018668029
2237280,3,PROCESSED,1789018668158
2237281,1,INITIATED,1789018668027
2237281,2,VALIDATED,1789018668503
2237281,3,PROCESSED,1789018668624
2237282,1,INITIATED,1789018668025
2237282,2,VALIDATED,1789018668156
2237282,3,PROCESSED,1789018668509
2237283,1,INITIATED,1789018668023
2237283,2,VALIDATED,1789018668504
2237283,3,PROCESSED,1789018668624
2237284,1,INITIATED,1789018668028
2237284,2,VALIDATED,1789018668155
2237284,3,PROCESSED,1789018668508
2237285,1,INITIATED,1789018668021
2237285,2,VALIDATED,1789018668029
2237285,3,PROCESSED,1789018668509
2237286,1,INITIATED,1789018668025
2237286,2,VALIDATED,1789018668156
2237286,3,PROCESSED,1789018668509
2237287,1,INITIATED,1789018668023
2237287,2,VALIDATED,1789018668155
2237287,3,PROCESSED,1789018668509
2237288,1,INITIATED,1789018668026
2237288,2,VALIDATED,1789018668506
2237288,3,PROCESSED,1789018668635
2237289,1,INITIATED,1789018668025
2237289,2,VALIDATED,1789018668155
2237289,3,PROCESSED,1789018668510
2237290,1,INITIATED,1789018668026
2237290,2,VALIDATED,1789018668153
2237290,3,PROCESSED,1789018668509
2237291,1,INITIATED,1789018668023
2237291,2,VALIDATED,1789018668154
2237291,3,PROCESSED,1789018668510
2237292,1,INITIATED,1789018668027
2237292,2,VALIDATED,1789018668507
2237292,3,PROCESSED,1789018668624
2237293,1,INITIATED,1789018668022
2237293,2,VALIDATED,1789018668029
2237293,3,PROCESSED,1789018668157
2237294,1,INITIATED,1789018668022
2237294,2,VALIDATED,1789018668029
2237294,3,PROCESSED,1789018668158
2237295,1,INITIATED,1789018668023
2237295,2,VALIDATED,1789018668029
2237295,3,REJECTED,1789018668156
2237296,1,INITIATED,1789018668026
2237296,2,VALIDATED,1789018668156
2237296,3,REJECTED,1789018668507
2237297,1,INITIATED,1789018668023
2237297,2,VALIDATED,1789018668154
2237297,3,REJECTED,1789018668507
2237298,1,INITIATED,1789018668022
2237298,2,VALIDATED,1789018668151
2237298,3,REJECTED,1789018668506
2237299,1,INITIATED,1789018668022
2237299,2,VALIDATED,1789018668029
2237299,3,PROCESSED,1789018668158
2237300,1,INITIATED,1789018668028
2237300,2,VALIDATED,1789018668507
2237300,3,PROCESSED,1789018668658
2237301,1,INITIATED,1789018668150
2237301,2,VALIDATED,1789018668506
2237301,3,PROCESSED,1789018668658
2237302,1,INITIATED,1789018668156
2237302,2,VALIDATED,1789018668508
2237302,3,PROCESSED,1789018668658
2237303,1,INITIATED,1789018668152
2237303,2,VALIDATED,1789018668507
2237303,3,PROCESSED,1789018668635
2237304,1,INITIATED,1789018668155
2237304,2,VALIDATED,1789018668505
2237304,3,PROCESSED,1789018668624
2237305,1,INITIATED,1789018668153
2237305,2,VALIDATED,1789018668506
2237305,3,PROCESSED,1789018668635
2237306,1,INITIATED,1789018668154
2237306,2,VALIDATED,1789018668506
2237306,3,PROCESSED,1789018668658
2237307,1,INITIATED,1789018668502
2237307,2,VALIDATED,1789018668623
2237307,3,PROCESSED,1789018668658
2237308,1,INITIATED,1789018668502
2237308,2,VALIDATED,1789018668620
2237308,3,PROCESSED,1789018668658
2237309,1,INITIATED,1789018668616
2237309,2,VALIDATED,1789018668656
2237309,3,PROCESSED,1789018668674
2237310,1,INITIATED,1789018668622
2237310,2,VALIDATED,1789018668656
2237310,3,PROCESSED,1789018668673
2237311,1,INITIATED,1789018668622
2237311,2,VALIDATED,1789018668653
2237311,3,PROCESSED,1789018668674
2237312,1,INITIATED,1789018668617
2237312,2,VALIDATED,1789018668656
2237312,3,PROCESSED,1789018668901
2237313,1,INITIATED,1789018668617
2237313,2,VALIDATED,1789018668655
2237313,3,PROCESSED,1789018668674
2237314,1,INITIATED,1789018668617
2237314,2,VALIDATED,1789018668656
2237314,3,PROCESSED,1789018668673
2237315,1,INITIATED,1789018668617
2237315,2,VALIDATED,1789018668667
2237315,3,PROCESSED,1789018668904
2237316,1,INITIATED,1789018668617
2237316,2,VALIDATED,1789018668656
2237316,3,PROCESSED,1789018668672
2237317,1,INITIATED,1789018668618
2237317,2,VALIDATED,1789018668655
2237317,3,PROCESSED,1789018668673
2237318,1,INITIATED,1789018668618
2237318,2,VALIDATED,1789018668656
2237318,3,PROCESSED,1789018668673
2237319,1,INITIATED,1789018668618
2237319,2,VALIDATED,1789018668655
2237319,3,PROCESSED,1789018668674
2237320,1,INITIATED,1789018668619
2237320,2,VALIDATED,1789018668656
2237320,3,PROCESSED,1789018668673
2237321,1,INITIATED,1789018668619
2237321,2,VALIDATED,1789018668655
2237321,3,PROCESSED,1789018668674
2237322,1,INITIATED,1789018668619
2237322,2,VALIDATED,1789018668669
2237322,3,PROCESSED,1789018668905
2237323,1,INITIATED,1789018668621
2237323,2,VALIDATED,1789018668667
2237323,3,PROCESSED,1789018668903
2237324,1,INITIATED,1789018668619
2237324,2,VALIDATED,1789018668657
2237324,3,PROCESSED,1789018668904
2237325,1,INITIATED,1789018668620
2237325,2,VALIDATED,1789018668662
2237325,3,PROCESSED,1789018668675
2237326,1,INITIATED,1789018668623
2237326,2,VALIDATED,1789018668654
2237326,3,PROCESSED,1789018668674
2237327,1,INITIATED,1789018668620
2237327,2,VALIDATED,1789018668656
2237327,3,PROCESSED,1789018668674
2237328,1,INITIATED,1789018668621
2237328,2,VALIDATED,1789018668656
2237328,3,PROCESSED,1789018668903
2237329,1,INITIATED,1789018668622
2237329,2,VALIDATED,1789018668653
2237329,3,PROCESSED,1789018668674
2237330,1,INITIATED,1789018668622
2237330,2,VALIDATED,1789018668657
2237330,3,PROCESSED,1789018668674
2237331,1,INITIATED,1789018668655
2237331,2,VALIDATED,1789018668669
2237331,3,PROCESSED,1789018668904
2237332,1,INITIATED,1789018668667
2237332,2,VALIDATED,1789018668903
2237332,3,PROCESSED,1789018668909
2237333,1,INITIATED,1789018668677
2237333,2,VALIDATED,1789018668903
2237333,3,PROCESSED,1789018669014
2237334,1,INITIATED,1789018668901
2237334,2,VALIDATED,1789018668906
2237334,3,PROCESSED,1789018669019
2237335,1,INITIATED,1789018668903
2237335,2,VALIDATED,1789018668986
2237335,3,PROCESSED,1789018669020
2237336,1,INITIATED,1789018668901
2237336,2,VALIDATED,1789018668906
2237336,3,PROCESSED,1789018669019
2237337,1,INITIATED,1789018668902
2237337,2,VALIDATED,1789018668907
2237337,3,PROCESSED,1789018669019
2237338,1,INITIATED,1789018668902
2237338,2,VALIDATED,1789018668906
2237338,3,PROCESSED,1789018669018
2237339,1,INITIATED,1789018668902
2237339,2,VALIDATED,1789018668907
2237339,3,PROCESSED,1789018669019
2237340,1,INITIATED,1789018668902
2237340,2,VALIDATED,1789018668907
2237340,3,PROCESSED,1789018669019
2237341,1,INITIATED,1789018668900
2237341,2,VALIDATED,1789018668906
2237341,3,PROCESSED,1789018669018
2237342,1,INITIATED,1789018668903
2237342,2,VALIDATED,1789018668908
2237342,3,PROCESSED,1789018669019
2237343,1,INITIATED,1789018668901
2237343,2,VALIDATED,1789018668907
2237343,3,PROCESSED,1789018669019
2237344,1,INITIATED,1789018668900
2237344,2,VALIDATED,1789018668906
2237344,3,PROCESSED,1789018669019
2237345,1,INITIATED,1789018668985
2237345,2,VALIDATED,1789018669018
2237345,3,PROCESSED,1789018669333
2237346,1,INITIATED,1789018668985
2237346,2,VALIDATED,1789018669017
2237346,3,PROCESSED,1789018669332
2237347,1,INITIATED,1789018668985
2237347,2,VALIDATED,1789018669017
2237347,3,PROCESSED,1789018669332
2237348,1,INITIATED,1789018668985
2237348,2,VALIDATED,1789018669018
2237348,3,PROCESSED,1789018669332
2237349,1,INITIATED,1789018669014
2237349,2,VALIDATED,1789018669020
2237349,3,PROCESSED,1789018669332
2237350,1,INITIATED,1789018669017
2237350,2,VALIDATED,1789018669330
2237350,3,PROCESSED,1789018669450
2237351,1,INITIATED,1789018669329
2237351,2,VALIDATED,1789018669346
2237351,3,PROCESSED,1789018669455
2237352,1,INITIATED,1789018669330
2237352,2,VALIDATED,1789018669347
2237352,3,PROCESSED,1789018669455
2237353,1,INITIATED,1789018669331
2237353,2,VALIDATED,1789018669451
2237353,3,PROCESSED,1789018669458
2237354,1,INITIATED,1789018669329
2237354,2,VALIDATED,1789018669333
2237354,3,PROCESSED,1789018669453
2237355,1,INITIATED,1789018669330
2237355,2,VALIDATED,1789018669451
2237355,3,PROCESSED,1789018669457
2237356,1,INITIATED,1789018669330
2237356,2,VALIDATED,1789018669347
2237356,3,PROCESSED,1789018669455
2237357,1,INITIATED,1789018669330
2237357,2,VALIDATED,1789018669347
2237357,3,PROCESSED,1789018669456
2237358,1,INITIATED,1789018669328
2237358,2,VALIDATED,1789018669333
2237358,3,PROCESSED,1789018669453
2237359,1,INITIATED,1789018669329
2237359,2,VALIDATED,1789018669347
2237359,3,PROCESSED,1789018669455
2237360,1,INITIATED,1789018669330
2237360,2,VALIDATED,1789018669347
2237360,3,PROCESSED,1789018669456
2237361,1,INITIATED,1789018669328
2237361,2,VALIDATED,1789018669333
2237361,3,PROCESSED,1789018669453
2237362,1,INITIATED,1789018669330
2237362,2,VALIDATED,1789018669451
2237362,3,PROCESSED,1789018669470
2237363,1,INITIATED,1789018669329
2237363,2,VALIDATED,1789018669347
2237363,3,PROCESSED,1789018669456
2237364,1,INITIATED,1789018669330
2237364,2,VALIDATED,1789018669451
2237364,3,PROCESSED,1789018669470
2237365,1,INITIATED,1789018669329
2237365,2,VALIDATED,1789018669346
2237365,3,PROCESSED,1789018669455
2237366,1,INITIATED,1789018669336
2237366,2,VALIDATED,1789018669451
2237366,3,PROCESSED,1789018669457
2237367,1,INITIATED,1789018669449
2237367,2,VALIDATED,1789018669454
2237367,3,PROCESSED,1789018669505
2237368,1,INITIATED,1789018669449
2237368,2,VALIDATED,1789018669454
2237368,3,PROCESSED,1789018669504
2237369,1,INITIATED,1789018669449
2237369,2,VALIDATED,1789018669454
2237369,3,PROCESSED,1789018669498
2237370,1,INITIATED,1789018669449
2237370,2,VALIDATED,1789018669454
2237370,3,PROCESSED,1789018669495
2237371,1,INITIATED,1789018669449
2237371,2,VALIDATED,1789018669454
2237371,3,PROCESSED,1789018669497
2237372,1,INITIATED,1789018669456
2237372,2,VALIDATED,1789018669486
2237372,3,PROCESSED,1789018669503
2237373,1,INITIATED,1789018669476
2237373,2,VALIDATED,1789018669488
2237373,3,PROCESSED,1789018669503
2237374,1,INITIATED,1789018669501
2237374,2,VALIDATED,1789018669506
2237374,3,PROCESSED,1789018669510
2237375,1,INITIATED,1789018669516
2237375,2,VALIDATED,1789018669519
2237375,3,PROCESSED,1789018669523
2237376,1,INITIATED,1789018669536
2237376,2,VALIDATED,1789018669540
2237376,3,PROCESSED,1789018669544
2237377,1,INITIATED,1789018669556
2237377,2,VALIDATED,1789018669560
2237377,3,PROCESSED,1789018669563
2237378,1,INITIATED,1789018669576
2237378,2,VALIDATED,1789018669581
2237378,3,PROCESSED,1789018669585
2237379,1,INITIATED,1789018669597
2237379,2,VALIDATED,1789018669601
2237379,3,PROCESSED,1789018669605
2237380,1,INITIATED,1789018669616
2237380,2,VALIDATED,1789018669620
2237380,3,PROCESSED,1789018669624
2237381,1,INITIATED,1789018669636
2237381,2,VALIDATED,1789018669640
2237381,3,PROCESSED,1789018669644
2237382,1,INITIATED,1789018669656
2237382,2,VALIDATED,1789018669659
2237382,3,PROCESSED,1789018669662
2237383,1,INITIATED,1789018669676
2237383,2,VALIDATED,1789018669680
2237383,3,PROCESSED,1789018669904
2237384,1,INITIATED,1789018669902
2237384,2,VALIDATED,1789018669907
2237384,3,PROCESSED,1789018670019
2237385,1,INITIATED,1789018669903
2237385,2,VALIDATED,1789018670015
2237385,3,PROCESSED,1789018670023
2237386,1,INITIATED,1789018669902
2237386,2,VALIDATED,1789018669907
2237386,3,PROCESSED,1789018670020
2237387,1,INITIATED,1789018669902
2237387,2,VALIDATED,1789018669907
2237387,3,PROCESSED,1789018670018
2237388,1,INITIATED,1789018669902
2237388,2,VALIDATED,1789018670015
2237388,3,PROCESSED,1789018670021
2237389,1,INITIATED,1789018669902
2237389,2,VALIDATED,1789018669907
2237389,3,PROCESSED,1789018670018
2237390,1,INITIATED,1789018669902
2237390,2,VALIDATED,1789018670014
2237390,3,PROCESSED,1789018670022
2237391,1,INITIATED,1789018669902
2237391,2,VALIDATED,1789018669907
2237391,3,PROCESSED,1789018670019
2237392,1,INITIATED,1789018669902
2237392,2,VALIDATED,1789018669907
2237392,3,PROCESSED,1789018670018
2237393,1,INITIATED,1789018669903
2237393,2,VALIDATED,1789018670015
2237393,3,PROCESSED,1789018670021
2237394,1,INITIATED,1789018669902
2237394,2,VALIDATED,1789018669907
2237394,3,PROCESSED,1789018670019
2237395,1,INITIATED,1789018669918
2237395,2,VALIDATED,1789018670019
2237395,3,REJECTED,1789018670287
2237396,1,INITIATED,1789018670014
2237396,2,VALIDATED,1789018670018
2237396,3,REJECTED,1789018670287
2237397,1,INITIATED,1789018670014
2237397,2,VALIDATED,1789018670020
2237397,3,REJECTED,1789018670288
2237398,1,INITIATED,1789018670014
2237398,2,VALIDATED,1789018670020
2237398,3,REJECTED,1789018670288
2237399,1,INITIATED,1789018670014
2237399,2,VALIDATED,1789018670019
2237399,3,PROCESSED,1789018670290
2237400,1,INITIATED,1789018670017
2237400,2,VALIDATED,1789018670286
2237400,3,PROCESSED,1789018670415
2237401,1,INITIATED,1789018670287
2237401,2,VALIDATED,1789018670413
2237401,3,PROCESSED,1789018670463
2237402,1,INITIATED,1789018670286
2237402,2,VALIDATED,1789018670414
2237402,3,PROCESSED,1789018670463
2237403,1,INITIATED,1789018670288
2237403,2,VALIDATED,1789018670413
2237403,3,PROCESSED,1789018670464
2237404,1,INITIATED,1789018670285
2237404,2,VALIDATED,1789018670411
2237404,3,PROCESSED,1789018670430
2237405,1,INITIATED,1789018670287
2237405,2,VALIDATED,1789018670413
2237405,3,PROCESSED,1789018670464
2237406,1,INITIATED,1789018670288
2237406,2,VALIDATED,1789018670414
2237406,3,PROCESSED,1789018670464
2237407,1,INITIATED,1789018670288
2237407,2,VALIDATED,1789018670414
2237407,3,PROCESSED,1789018670464
2237408,1,INITIATED,1789018670286
2237408,2,VALIDATED,1789018670414
2237408,3,PROCESSED,1789018670463
2237409,1,INITIATED,1789018670285
2237409,2,VALIDATED,1789018670412
2237409,3,PROCESSED,1789018670463
2237410,1,INITIATED,1789018670287
2237410,2,VALIDATED,1789018670413
2237410,3,PROCESSED,1789018670462
2237411,1,INITIATED,1789018670286
2237411,2,VALIDATED,1789018670414
2237411,3,PROCESSED,1789018670462
2237412,1,INITIATED,1789018670288
2237412,2,VALIDATED,1789018670414
2237412,3,PROCESSED,1789018670464
2237413,1,INITIATED,1789018670286
2237413,2,VALIDATED,1789018670414
2237413,3,PROCESSED,1789018670463
2237414,1,INITIATED,1789018670300
2237414,2,VALIDATED,1789018670413
2237414,3,PROCESSED,1789018670462
2237415,1,INITIATED,1789018670411
2237415,2,VALIDATED,1789018670460
2237415,3,PROCESSED,1789018670467
2237416,1,INITIATED,1789018670411
2237416,2,VALIDATED,1789018670460
2237416,3,PROCESSED,1789018670467
2237417,1,INITIATED,1789018670411
2237417,2,VALIDATED,1789018670460
2237417,3,PROCESSED,1789018670467
2237418,1,INITIATED,1789018670412
2237418,2,VALIDATED,1789018670460
2237418,3,PROCESSED,1789018670467
2237419,1,INITIATED,1789018670412
2237419,2,VALIDATED,1789018670460
2237419,3,PROCESSED,1789018670466
2237420,1,INITIATED,1789018670417
2237420,2,VALIDATED,1789018670461
2237420,3,PROCESSED,1789018670467
2237421,1,INITIATED,1789018670436
2237421,2,VALIDATED,1789018670462
2237421,3,PROCESSED,1789018670468
2237422,1,INITIATED,1789018670457
2237422,2,VALIDATED,1789018670463
2237422,3,PROCESSED,1789018670468
2237423,1,INITIATED,1789018670476
2237423,2,VALIDATED,1789018670479
2237423,3,PROCESSED,1789018670483
2237424,1,INITIATED,1789018670496
2237424,2,VALIDATED,1789018670499
2237424,3,PROCESSED,1789018670503
2237425,1,INITIATED,1789018670517
2237425,2,VALIDATED,1789018670521
2237425,3,PROCESSED,1789018670537
2237426,1,INITIATED,1789018670536
2237426,2,VALIDATED,1789018670541
2237426,3,PROCESSED,1789018670546
2237427,1,INITIATED,1789018670557
2237427,2,VALIDATED,1789018670560
2237427,3,PROCESSED,1789018670565
2237428,1,INITIATED,1789018670577
2237428,2,VALIDATED,1789018670581
2237428,3,PROCESSED,1789018670587
2237429,1,INITIATED,1789018670596
2237429,2,VALIDATED,1789018670600
2237429,3,PROCESSED,1789018670605
2237430,1,INITIATED,1789018670616
2237430,2,VALIDATED,1789018670620
2237430,3,PROCESSED,1789018670625
2237431,1,INITIATED,1789018670637
2237431,2,VALIDATED,1789018670642
2237431,3,PROCESSED,1789018670648
2237432,1,INITIATED,1789018670657
2237432,2,VALIDATED,1789018670661
2237432,3,PROCESSED,1789018670665
2237433,1,INITIATED,1789018670677
2237433,2,VALIDATED,1789018670913
2237433,3,PROCESSED,1789018671028
2237434,1,INITIATED,1789018670913
2237434,2,VALIDATED,1789018671025
2237434,3,PROCESSED,1789018671032
2237435,1,INITIATED,1789018670912
2237435,2,VALIDATED,1789018670917
2237435,3,PROCESSED,1789018671030
2237436,1,INITIATED,1789018670912
2237436,2,VALIDATED,1789018670917
2237436,3,PROCESSED,1789018671029
2237437,1,INITIATED,1789018670913
2237437,2,VALIDATED,1789018670917
2237437,3,PROCESSED,1789018671031
2237438,1,INITIATED,1789018670913
2237438,2,VALIDATED,1789018670918
2237438,3,PROCESSED,1789018671029
2237439,1,INITIATED,1789018670912
2237439,2,VALIDATED,1789018670917
2237439,3,PROCESSED,1789018671029
2237440,1,INITIATED,1789018670913
2237440,2,VALIDATED,1789018670918
2237440,3,PROCESSED,1789018671030
2237441,1,INITIATED,1789018670913
2237441,2,VALIDATED,1789018670917
2237441,3,PROCESSED,1789018671030
2237442,1,INITIATED,1789018670912
2237442,2,VALIDATED,1789018670916
2237442,3,PROCESSED,1789018671031
2237443,1,INITIATED,1789018670913
2237443,2,VALIDATED,1789018670917
2237443,3,PROCESSED,1789018671029
2237444,1,INITIATED,1789018670912
2237444,2,VALIDATED,1789018670918
2237444,3,PROCESSED,1789018671031
2237445,1,INITIATED,1789018670916
2237445,2,VALIDATED,1789018671027
2237445,3,PROCESSED,1789018671033
2237446,1,INITIATED,1789018671024
2237446,2,VALIDATED,1789018671030
2237446,3,PROCESSED,1789018671243
2237447,1,INITIATED,1789018671024
2237447,2,VALIDATED,1789018671031
2237447,3,PROCESSED,1789018671242
2237448,1,INITIATED,1789018671024
2237448,2,VALIDATED,1789018671030
2237448,3,PROCESSED,1789018671243
2237449,1,INITIATED,1789018671024
2237449,2,VALIDATED,1789018671030
2237449,3,PROCESSED,1789018671242
2237450,1,INITIATED,1789018671024
2237450,2,VALIDATED,1789018671030
2237450,3,PROCESSED,1789018671243
2237451,1,INITIATED,1789018671036
2237451,2,VALIDATED,1789018671241
2237451,3,PROCESSED,1789018671251
2237452,1,INITIATED,1789018671240
2237452,2,VALIDATED,1789018671244
2237452,3,PROCESSED,1789018671334
2237453,1,INITIATED,1789018671240
2237453,2,VALIDATED,1789018671245
2237453,3,PROCESSED,1789018671334
2237454,1,INITIATED,1789018671240
2237454,2,VALIDATED,1789018671244
2237454,3,PROCESSED,1789018671334
2237455,1,INITIATED,1789018671241
2237455,2,VALIDATED,1789018671250
2237455,3,PROCESSED,1789018671364
2237456,1,INITIATED,1789018671241
2237456,2,VALIDATED,1789018671250
2237456,3,PROCESSED,1789018671363
2237457,1,INITIATED,1789018671240
2237457,2,VALIDATED,1789018671250
2237457,3,PROCESSED,1789018671363
2237458,1,INITIATED,1789018671240
2237458,2,VALIDATED,1789018671250
2237458,3,PROCESSED,1789018671362
2237459,1,INITIATED,1789018671240
2237459,2,VALIDATED,1789018671244
2237459,3,PROCESSED,1789018671334
2237460,1,INITIATED,1789018671241
2237460,2,VALIDATED,1789018671250
2237460,3,PROCESSED,1789018671363
2237461,1,INITIATED,1789018671240
2237461,2,VALIDATED,1789018671244
2237461,3,PROCESSED,1789018671334
2237462,1,INITIATED,1789018671330
2237462,2,VALIDATED,1789018671390
2237462,3,PROCESSED,1789018671407
2237463,1,INITIATED,1789018671330
2237463,2,VALIDATED,1789018671390
2237463,3,PROCESSED,1789018671407
2237464,1,INITIATED,1789018671330
2237464,2,VALIDATED,1789018671390
2237464,3,PROCESSED,1789018671408
2237465,1,INITIATED,1789018671330
2237465,2,VALIDATED,1789018671390
2237465,3,PROCESSED,1789018671407
2237466,1,INITIATED,1789018671336
2237466,2,VALIDATED,1789018671405
2237466,3,PROCESSED,1789018671423
2237467,1,INITIATED,1789018671359
2237467,2,VALIDATED,1789018671405
2237467,3,PROCESSED,1789018671423
2237468,1,INITIATED,1789018671377
2237468,2,VALIDATED,1789018671405
2237468,3,PROCESSED,1789018671409
2237469,1,INITIATED,1789018671397
2237469,2,VALIDATED,1789018671406
2237469,3,PROCESSED,1789018671423
2237470,1,INITIATED,1789018671417
2237470,2,VALIDATED,1789018671422
2237470,3,PROCESSED,1789018671439
2237471,1,INITIATED,1789018671437
2237471,2,VALIDATED,1789018671440
2237471,3,PROCESSED,1789018671444
2237472,1,INITIATED,1789018671456
2237472,2,VALIDATED,1789018671468
2237472,3,PROCESSED,1789018671471
2237473,1,INITIATED,1789018671477
2237473,2,VALIDATED,1789018671486
2237473,3,PROCESSED,1789018671489
2237474,1,INITIATED,1789018671496
2237474,2,VALIDATED,1789018671505
2237474,3,PROCESSED,1789018671509
2237475,1,INITIATED,1789018671516
2237475,2,VALIDATED,1789018671529
2237475,3,PROCESSED,1789018671534
2237476,1,INITIATED,1789018671537
2237476,2,VALIDATED,1789018671539
2237476,3,PROCESSED,1789018671544
2237477,1,INITIATED,1789018671557
2237477,2,VALIDATED,1789018671572
2237477,3,PROCESSED,1789018671589
2237478,1,INITIATED,1789018671576
2237478,2,VALIDATED,1789018671588
2237478,3,PROCESSED,1789018671592
2237479,1,INITIATED,1789018671596
2237479,2,VALIDATED,1789018671610
2237479,3,PROCESSED,1789018671614
2237480,1,INITIATED,1789018671616
2237480,2,VALIDATED,1789018671632
2237480,3,PROCESSED,1789018671636
2237481,1,INITIATED,1789018671636
2237481,2,VALIDATED,1789018671638
2237481,3,PROCESSED,1789018671642
2237482,1,INITIATED,1789018671657
2237482,2,VALIDATED,1789018671660
2237482,3,PROCESSED,1789018671664
2237483,1,INITIATED,1789018671698
2237483,2,VALIDATED,1789018671703
2237483,3,PROCESSED,1789018671819
2237484,1,INITIATED,1789018671698
2237484,2,VALIDATED,1789018671703
2237484,3,PROCESSED,1789018671819
2237485,1,INITIATED,1789018671717
2237485,2,VALIDATED,1789018671818
2237485,3,PROCESSED,1789018672087
2237486,1,INITIATED,1789018671815
2237486,2,VALIDATED,1789018672086
2237486,3,PROCESSED,1789018672231
2237487,1,INITIATED,1789018671815
2237487,2,VALIDATED,1789018672086
2237487,3,PROCESSED,1789018672231
2237488,1,INITIATED,1789018671815
2237488,2,VALIDATED,1789018672085
2237488,3,PROCESSED,1789018672230
2237489,1,INITIATED,1789018671815
2237489,2,VALIDATED,1789018672085
2237489,3,PROCESSED,1789018672230
2237490,1,INITIATED,1789018671817
2237490,2,VALIDATED,1789018672086
2237490,3,PROCESSED,1789018672232
2237491,1,INITIATED,1789018672086
2237491,2,VALIDATED,1789018672229
2237491,3,PROCESSED,1789018672270
2237492,1,INITIATED,1789018672085
2237492,2,VALIDATED,1789018672228
2237492,3,PROCESSED,1789018672250
2237493,1,INITIATED,1789018672085
2237493,2,VALIDATED,1789018672229
2237493,3,PROCESSED,1789018672269
2237494,1,INITIATED,1789018672084
2237494,2,VALIDATED,1789018672229
2237494,3,PROCESSED,1789018672270
2237495,1,INITIATED,1789018672084
2237495,2,VALIDATED,1789018672228
2237495,3,REJECTED,1789018672249
2237496,1,INITIATED,1789018672086
2237496,2,VALIDATED,1789018672229
2237496,3,REJECTED,1789018672268
2237497,1,INITIATED,1789018672085
2237497,2,VALIDATED,1789018672228
2237497,3,REJECTED,1789018672249
2237498,1,INITIATED,1789018672084
2237498,2,VALIDATED,1789018672229
2237498,3,REJECTED,1789018672268
2237499,1,INITIATED,1789018672084
2237499,2,VALIDATED,1789018672228
2237499,3,PROCESSED,1789018672250
2237500,1,INITIATED,1789018672084
2237500,2,VALIDATED,1789018672227
2237500,3,PROCESSED,1789018672251
2237501,1,INITIATED,1789018672085
2237501,2,VALIDATED,1789018672230
2237501,3,PROCESSED,1789018672270
2237502,1,INITIATED,1789018672084
2237502,2,VALIDATED,1789018672228
2237502,3,PROCESSED,1789018672250
2237503,1,INITIATED,1789018672085
2237503,2,VALIDATED,1789018672227
2237503,3,PROCESSED,1789018672251
2237504,1,INITIATED,1789018672100
2237504,2,VALIDATED,1789018672229
2237504,3,PROCESSED,1789018672270
2237505,1,INITIATED,1789018672225
2237505,2,VALIDATED,1789018672249
2237505,3,PROCESSED,1789018672270
2237506,1,INITIATED,1789018672225
2237506,2,VALIDATED,1789018672232
2237506,3,PROCESSED,1789018672269
2237507,1,INITIATED,1789018672225
2237507,2,VALIDATED,1789018672232
2237507,3,PROCESSED,1789018672270
2237508,1,INITIATED,1789018672225
2237508,2,VALIDATED,1789018672249
2237508,3,PROCESSED,1789018672270
2237509,1,INITIATED,1789018672225
2237509,2,VALIDATED,1789018672249
2237509,3,PROCESSED,1789018672270
2237510,1,INITIATED,1789018672225
2237510,2,VALIDATED,1789018672249
2237510,3,PROCESSED,1789018672269
2237511,1,INITIATED,1789018672236
2237511,2,VALIDATED,1789018672268
2237511,3,PROCESSED,1789018672274
2237512,1,INITIATED,1789018672256
2237512,2,VALIDATED,1789018672268
2237512,3,PROCESSED,1789018672274
2237513,1,INITIATED,1789018672276
2237513,2,VALIDATED,1789018672291
2237513,3,PROCESSED,1789018672295
2237514,1,INITIATED,1789018672296
2237514,2,VALIDATED,1789018672298
2237514,3,PROCESSED,1789018672302
2237515,1,INITIATED,1789018672316
2237515,2,VALIDATED,1789018672320
2237515,3,PROCESSED,1789018672323
2237516,1,INITIATED,1789018672336
2237516,2,VALIDATED,1789018672340
2237516,3,PROCESSED,1789018672343
2237517,1,INITIATED,1789018672356
2237517,2,VALIDATED,1789018672360
2237517,3,PROCESSED,1789018672363
2237518,1,INITIATED,1789018672376
2237518,2,VALIDATED,1789018672379
2237518,3,PROCESSED,1789018672382
2237519,1,INITIATED,1789018672396
2237519,2,VALIDATED,1789018672399
2237519,3,PROCESSED,1789018672402
2237520,1,INITIATED,1789018672417
2237520,2,VALIDATED,1789018672420
2237520,3,PROCESSED,1789018672425
2237521,1,INITIATED,1789018672437
2237521,2,VALIDATED,1789018672440
2237521,3,PROCESSED,1789018672445
2237522,1,INITIATED,1789018672456
2237522,2,VALIDATED,1789018672459
2237522,3,PROCESSED,1789018672463
2237523,1,INITIATED,1789018672476
2237523,2,VALIDATED,1789018672480
2237523,3,PROCESSED,1789018672500
2237524,1,INITIATED,1789018672496
2237524,2,VALIDATED,1789018672500
2237524,3,PROCESSED,1789018672505
2237525,1,INITIATED,1789018672517
2237525,2,VALIDATED,1789018672521
2237525,3,PROCESSED,1789018672525
2237526,1,INITIATED,1789018672536
2237526,2,VALIDATED,1789018672540
2237526,3,PROCESSED,1789018672544
2237527,1,INITIATED,1789018672557
2237527,2,VALIDATED,1789018672560
2237527,3,PROCESSED,1789018672565
2237528,1,INITIATED,1789018672577
2237528,2,VALIDATED,1789018672580
2237528,3,PROCESSED,1789018672584
2237529,1,INITIATED,1789018672597
2237529,2,VALIDATED,1789018672601
2237529,3,PROCESSED,1789018672605
2237530,1,INITIATED,1789018672616
2237530,2,VALIDATED,1789018672620
2237530,3,PROCESSED,1789018672625
2237531,1,INITIATED,1789018672637
2237531,2,VALIDATED,1789018672641
2237531,3,PROCESSED,1789018672646
2237532,1,INITIATED,1789018672656
2237532,2,VALIDATED,1789018672660
2237532,3,PROCESSED,1789018672664
2237533,1,INITIATED,1789018672962
2237533,2,VALIDATED,1789018673103
2237533,3,PROCESSED,1789018673331
2237534,1,INITIATED,1789018672963
2237534,2,VALIDATED,1789018673105
2237534,3,PROCESSED,1789018673336
2237535,1,INITIATED,1789018672962
2237535,2,VALIDATED,1789018673101
2237535,3,PROCESSED,1789018673340
2237536,1,INITIATED,1789018672959
2237536,2,VALIDATED,1789018673104
2237536,3,PROCESSED,1789018673333
2237537,1,INITIATED,1789018672962
2237537,2,VALIDATED,1789018673100
2237537,3,PROCESSED,1789018673334
2237538,1,INITIATED,1789018672959
2237538,2,VALIDATED,1789018673104
2237538,3,PROCESSED,1789018673337
2237539,1,INITIATED,1789018672960
2237539,2,VALIDATED,1789018673104
2237539,3,PROCESSED,1789018673340
2237540,1,INITIATED,1789018672961
2237540,2,VALIDATED,1789018673105
2237540,3,PROCESSED,1789018673331
2237541,1,INITIATED,1789018672961
2237541,2,VALIDATED,1789018673105
2237541,3,PROCESSED,1789018673326
2237542,1,INITIATED,1789018672963
2237542,2,VALIDATED,1789018673101
2237542,3,PROCESSED,1789018673333
2237543,1,INITIATED,1789018672962
2237543,2,VALIDATED,1789018673104
2237543,3,PROCESSED,1789018673330
2237544,1,INITIATED,1789018672961
2237544,2,VALIDATED,1789018673105
2237544,3,PROCESSED,1789018673338
2237545,1,INITIATED,1789018672962
2237545,2,VALIDATED,1789018673102
2237545,3,PROCESSED,1789018673338
2237546,1,INITIATED,1789018672959
2237546,2,VALIDATED,1789018673104
2237546,3,PROCESSED,1789018673337
2237547,1,INITIATED,1789018672961
2237547,2,VALIDATED,1789018673100
2237547,3,PROCESSED,1789018673330
2237548,1,INITIATED,1789018672977
2237548,2,VALIDATED,1789018673105
2237548,3,PROCESSED,1789018673340
2237549,1,INITIATED,1789018673097
2237549,2,VALIDATED,1789018673106
2237549,3,PROCESSED,1789018673336
2237550,1,INITIATED,1789018673098
2237550,2,VALIDATED,1789018673324
2237550,3,PROCESSED,1789018673340
2237551,1,INITIATED,1789018673098
2237551,2,VALIDATED,1789018673106
2237551,3,PROCESSED,1789018673340
2237552,1,INITIATED,1789018673097
2237552,2,VALIDATED,1789018673106
2237552,3,PROCESSED,1789018673331
2237553,1,INITIATED,1789018673098
2237553,2,VALIDATED,1789018673105
2237553,3,PROCESSED,1789018673334
2237554,1,INITIATED,1789018673102
2237554,2,VALIDATED,1789018673328
2237554,3,PROCESSED,1789018673343
2237555,1,INITIATED,1789018673143
2237555,2,VALIDATED,1789018673336
2237555,3,PROCESSED,1789018673394
2237556,1,INITIATED,1789018673143
2237556,2,VALIDATED,1789018673329
2237556,3,PROCESSED,1789018673343
2237557,1,INITIATED,1789018673321
2237557,2,VALIDATED,1789018673335
2237557,3,PROCESSED,1789018673377
2237558,1,INITIATED,1789018673323
2237558,2,VALIDATED,1789018673336
2237558,3,PROCESSED,1789018673394
2237559,1,INITIATED,1789018673325
2237559,2,VALIDATED,1789018673337
2237559,3,PROCESSED,1789018673394
2237560,1,INITIATED,1789018673323
2237560,2,VALIDATED,1789018673337
2237560,3,PROCESSED,1789018673395
2237561,1,INITIATED,1789018673327
2237561,2,VALIDATED,1789018673339
2237561,3,PROCESSED,1789018673394
2237562,1,INITIATED,1789018673322
2237562,2,VALIDATED,1789018673334
2237562,3,PROCESSED,1789018673377
2237563,1,INITIATED,1789018673323
2237563,2,VALIDATED,1789018673334
2237563,3,PROCESSED,1789018673377
2237564,1,INITIATED,1789018673322
2237564,2,VALIDATED,1789018673335
2237564,3,PROCESSED,1789018673394
2237565,1,INITIATED,1789018673336
2237565,2,VALIDATED,1789018673392
2237565,3,PROCESSED,1789018673397
2237566,1,INITIATED,1789018673340
2237566,2,VALIDATED,1789018673392
2237566,3,PROCESSED,1789018673397
2237567,1,INITIATED,1789018673373
2237567,2,VALIDATED,1789018673394
2237567,3,PROCESSED,1789018673398
2237568,1,INITIATED,1789018673376
2237568,2,VALIDATED,1789018673393
2237568,3,PROCESSED,1789018673398
2237569,1,INITIATED,1789018673396
2237569,2,VALIDATED,1789018673403
2237569,3,PROCESSED,1789018673408
2237570,1,INITIATED,1789018673417
2237570,2,VALIDATED,1789018673420
2237570,3,PROCESSED,1789018673425
2237571,1,INITIATED,1789018673437
2237571,2,VALIDATED,1789018673441
2237571,3,PROCESSED,1789018673445
2237572,1,INITIATED,1789018673457
2237572,2,VALIDATED,1789018673460
2237572,3,PROCESSED,1789018673466
2237573,1,INITIATED,1789018673477
2237573,2,VALIDATED,1789018673482
2237573,3,PROCESSED,1789018673486
2237574,1,INITIATED,1789018673497
2237574,2,VALIDATED,1789018673501
2237574,3,PROCESSED,1789018673505
2237575,1,INITIATED,1789018673517
2237575,2,VALIDATED,1789018673520
2237575,3,PROCESSED,1789018673530
2237576,1,INITIATED,1789018673536
2237576,2,VALIDATED,1789018673539
2237576,3,PROCESSED,1789018673545
2237577,1,INITIATED,1789018673557
2237577,2,VALIDATED,1789018673560
2237577,3,PROCESSED,1789018673567
2237578,1,INITIATED,1789018673576
2237578,2,VALIDATED,1789018673580
2237578,3,PROCESSED,1789018673586
2237579,1,INITIATED,1789018673596
2237579,2,VALIDATED,1789018673600
2237579,3,PROCESSED,1789018673605
2237580,1,INITIATED,1789018673617
2237580,2,VALIDATED,1789018673622
2237580,3,PROCESSED,1789018673628
2237581,1,INITIATED,1789018673636
2237581,2,VALIDATED,1789018673641
2237581,3,PROCESSED,1789018673646
2237582,1,INITIATED,1789018673657
2237582,2,VALIDATED,1789018673661
2237582,3,PROCESSED,1789018673666
2237583,1,INITIATED,1789018673677
2237583,2,VALIDATED,1789018673849
2237583,3,PROCESSED,1789018673935
2237584,1,INITIATED,1789018673849
2237584,2,VALIDATED,1789018673934
2237584,3,PROCESSED,1789018674136
2237585,1,INITIATED,1789018673848
2237585,2,VALIDATED,1789018673934
2237585,3,PROCESSED,1789018674138
2237586,1,INITIATED,1789018673848
2237586,2,VALIDATED,1789018673932
2237586,3,PROCESSED,1789018674139
2237587,1,INITIATED,1789018673848
2237587,2,VALIDATED,1789018673931
2237587,3,PROCESSED,1789018674138
2237588,1,INITIATED,1789018673848
2237588,2,VALIDATED,1789018673934
2237588,3,PROCESSED,1789018674135
2237589,1,INITIATED,1789018673848
2237589,2,VALIDATED,1789018673932
2237589,3,PROCESSED,1789018674137
2237590,1,INITIATED,1789018673848
2237590,2,VALIDATED,1789018673932
2237590,3,PROCESSED,1789018674138
2237591,1,INITIATED,1789018673848
2237591,2,VALIDATED,1789018673932
2237591,3,PROCESSED,1789018674138
2237592,1,INITIATED,1789018673857
2237592,2,VALIDATED,1789018673937
2237592,3,PROCESSED,1789018674138
2237593,1,INITIATED,1789018673932
2237593,2,VALIDATED,1789018674134
2237593,3,PROCESSED,1789018674144
2237594,1,INITIATED,1789018673932
2237594,2,VALIDATED,1789018673947
2237594,3,PROCESSED,1789018674140
2237595,1,INITIATED,1789018673932
2237595,2,VALIDATED,1789018673947
2237595,3,REJECTED,1789018674139
2237596,1,INITIATED,1789018673937
2237596,2,VALIDATED,1789018674135
2237596,3,REJECTED,1789018674142
2237597,1,INITIATED,1789018674136
2237597,2,VALIDATED,1789018674196
2237597,3,REJECTED,1789018674211
2237598,1,INITIATED,1789018674137
2237598,2,VALIDATED,1789018674196
2237598,3,REJECTED,1789018674212
2237599,1,INITIATED,1789018674133
2237599,2,VALIDATED,1789018674139
2237599,3,PROCESSED,1789018674197
2237600,1,INITIATED,1789018674133
2237600,2,VALIDATED,1789018674139
2237600,3,PROCESSED,1789018674198
2237601,1,INITIATED,1789018674136
2237601,2,VALIDATED,1789018674196
2237601,3,PROCESSED,1789018674213
2237602,1,INITIATED,1789018674133
2237602,2,VALIDATED,1789018674142
2237602,3,PROCESSED,1789018674206
2237603,1,INITIATED,1789018674133
2237603,2,VALIDATED,1789018674139
2237603,3,PROCESSED,1789018674198
2237604,1,INITIATED,1789018674134
2237604,2,VALIDATED,1789018674142
2237604,3,PROCESSED,1789018674206
2237605,1,INITIATED,1789018674135
2237605,2,VALIDATED,1789018674196
2237605,3,PROCESSED,1789018674213
2237606,1,INITIATED,1789018674138
2237606,2,VALIDATED,1789018674196
2237606,3,PROCESSED,1789018674213
2237607,1,INITIATED,1789018674193
2237607,2,VALIDATED,1789018674212
2237607,3,PROCESSED,1789018674227
2237608,1,INITIATED,1789018674193
2237608,2,VALIDATED,1789018674212
2237608,3,PROCESSED,1789018674227
2237609,1,INITIATED,1789018674196
2237609,2,VALIDATED,1789018674212
2237609,3,PROCESSED,1789018674226
2237610,1,INITIATED,1789018674217
2237610,2,VALIDATED,1789018674225
2237610,3,PROCESSED,1789018674231
2237611,1,INITIATED,1789018674236
2237611,2,VALIDATED,1789018674240
2237611,3,PROCESSED,1789018674246
2237612,1,INITIATED,1789018674256
2237612,2,VALIDATED,1789018674262
2237612,3,PROCESSED,1789018674267
2237613,1,INITIATED,1789018674277
2237613,2,VALIDATED,1789018674281
2237613,3,PROCESSED,1789018674286
2237614,1,INITIATED,1789018674297
2237614,2,VALIDATED,1789018674301
2237614,3,PROCESSED,1789018674309
2237615,1,INITIATED,1789018674317
2237615,2,VALIDATED,1789018674323
2237615,3,PROCESSED,1789018674329
2237616,1,INITIATED,1789018674336
2237616,2,VALIDATED,1789018674341
2237616,3,PROCESSED,1789018674346
2237617,1,INITIATED,1789018674357
2237617,2,VALIDATED,1789018674362
2237617,3,PROCESSED,1789018674367
2237618,1,INITIATED,1789018674377
2237618,2,VALIDATED,1789018674381
2237618,3,PROCESSED,1789018674387
2237619,1,INITIATED,1789018674396
2237619,2,VALIDATED,1789018674399
2237619,3,PROCESSED,1789018674405
2237620,1,INITIATED,1789018674416
2237620,2,VALIDATED,1789018674420
2237620,3,PROCESSED,1789018674426
2237621,1,INITIATED,1789018674437
2237621,2,VALIDATED,1789018674441
2237621,3,PROCESSED,1789018674447
2237622,1,INITIATED,1789018674457
2237622,2,VALIDATED,1789018674462
2237622,3,PROCESSED,1789018674469
2237623,1,INITIATED,1789018674477
2237623,2,VALIDATED,1789018674485
2237623,3,PROCESSED,1789018674491
2237624,1,INITIATED,1789018674497
2237624,2,VALIDATED,1789018674504
2237624,3,PROCESSED,1789018674510
2237625,1,INITIATED,1789018674517
2237625,2,VALIDATED,1789018674521
2237625,3,PROCESSED,1789018674530
2237626,1,INITIATED,1789018674538
2237626,2,VALIDATED,1789018674544
2237626,3,PROCESSED,1789018674554
2237627,1,INITIATED,1789018674557
2237627,2,VALIDATED,1789018674563
2237627,3,PROCESSED,1789018674570
2237628,1,INITIATED,1789018674578
2237628,2,VALIDATED,1789018674582
2237628,3,PROCESSED,1789018674591
2237629,1,INITIATED,1789018674597
2237629,2,VALIDATED,1789018674605
2237629,3,PROCESSED,1789018674612
2237630,1,INITIATED,1789018674617
2237630,2,VALIDATED,1789018674620
2237630,3,PROCESSED,1789018674630
2237631,1,INITIATED,1789018674637
2237631,2,VALIDATED,1789018674642
2237631,3,PROCESSED,1789018674648
2237632,1,INITIATED,1789018674657
2237632,2,VALIDATED,1789018674661
2237632,3,PROCESSED,1789018674668
2237633,1,INITIATED,1789018674677
2237633,2,VALIDATED,1789018675084
2237633,3,PROCESSED,1789018675148
2237634,1,INITIATED,1789018675085
2237634,2,VALIDATED,1789018675097
2237634,3,PROCESSED,1789018675166
2237635,1,INITIATED,1789018675082
2237635,2,VALIDATED,1789018675096
2237635,3,PROCESSED,1789018675168
2237636,1,INITIATED,1789018675086
2237636,2,VALIDATED,1789018675095
2237636,3,PROCESSED,1789018675166
2237637,1,INITIATED,1789018675085
2237637,2,VALIDATED,1789018675098
2237637,3,PROCESSED,1789018675166
2237638,1,INITIATED,1789018675086
2237638,2,VALIDATED,1789018675150
2237638,3,PROCESSED,1789018675340
2237639,1,INITIATED,1789018675082
2237639,2,VALIDATED,1789018675089
2237639,3,PROCESSED,1789018675153
2237640,1,INITIATED,1789018675084
2237640,2,VALIDATED,1789018675095
2237640,3,PROCESSED,1789018675167
2237641,1,INITIATED,1789018675084
2237641,2,VALIDATED,1789018675095
2237641,3,PROCESSED,1789018675168
2237642,1,INITIATED,1789018675086
2237642,2,VALIDATED,1789018675097
2237642,3,PROCESSED,1789018675168
2237643,1,INITIATED,1789018675083
2237643,2,VALIDATED,1789018675095
2237643,3,PROCESSED,1789018675168
2237644,1,INITIATED,1789018675085
2237644,2,VALIDATED,1789018675098
2237644,3,PROCESSED,1789018675168
2237645,1,INITIATED,1789018675083
2237645,2,VALIDATED,1789018675097
2237645,3,PROCESSED,1789018675166
2237646,1,INITIATED,1789018675084
2237646,2,VALIDATED,1789018675097
2237646,3,PROCESSED,1789018675167
2237647,1,INITIATED,1789018675086
2237647,2,VALIDATED,1789018675150
2237647,3,PROCESSED,1789018675340
2237648,1,INITIATED,1789018675083
2237648,2,VALIDATED,1789018675098
2237648,3,PROCESSED,1789018675167
2237649,1,INITIATED,1789018675085
2237649,2,VALIDATED,1789018675097
2237649,3,PROCESSED,1789018675166
2237650,1,INITIATED,1789018675084
2237650,2,VALIDATED,1789018675096
2237650,3,PROCESSED,1789018675169
2237651,1,INITIATED,1789018675086
2237651,2,VALIDATED,1789018675150
2237651,3,PROCESSED,1789018675340
2237652,1,INITIATED,1789018675085
2237652,2,VALIDATED,1789018675096
2237652,3,PROCESSED,1789018675169
2237653,1,INITIATED,1789018675083
2237653,2,VALIDATED,1789018675096
2237653,3,PROCESSED,1789018675168
2237654,1,INITIATED,1789018675098
2237654,2,VALIDATED,1789018675164
2237654,3,PROCESSED,1789018675341
2237655,1,INITIATED,1789018675148
2237655,2,VALIDATED,1789018675338
2237655,3,PROCESSED,1789018675349
2237656,1,INITIATED,1789018675148
2237656,2,VALIDATED,1789018675338
2237656,3,PROCESSED,1789018675349
2237657,1,INITIATED,1789018675160
2237657,2,VALIDATED,1789018675339
2237657,3,PROCESSED,1789018675349
2237658,1,INITIATED,1789018675336
2237658,2,VALIDATED,1789018675345
2237658,3,PROCESSED,1789018675431
2237659,1,INITIATED,1789018675337
2237659,2,VALIDATED,1789018675344
2237659,3,PROCESSED,1789018675428
2237660,1,INITIATED,1789018675336
2237660,2,VALIDATED,1789018675344
2237660,3,PROCESSED,1789018675428
2237661,1,INITIATED,1789018675337
2237661,2,VALIDATED,1789018675344
2237661,3,PROCESSED,1789018675431
2237662,1,INITIATED,1789018675337
2237662,2,VALIDATED,1789018675344
2237662,3,PROCESSED,1789018675428
2237663,1,INITIATED,1789018675336
2237663,2,VALIDATED,1789018675345
2237663,3,PROCESSED,1789018675430
2237664,1,INITIATED,1789018675336
2237664,2,VALIDATED,1789018675344
2237664,3,PROCESSED,1789018675427
2237665,1,INITIATED,1789018675338
2237665,2,VALIDATED,1789018675347
2237665,3,PROCESSED,1789018675430
2237666,1,INITIATED,1789018675340
2237666,2,VALIDATED,1789018675347
2237666,3,PROCESSED,1789018675431
2237667,1,INITIATED,1789018675395
2237667,2,VALIDATED,1789018675436
2237667,3,PROCESSED,1789018675448
2237668,1,INITIATED,1789018675395
2237668,2,VALIDATED,1789018675436
2237668,3,PROCESSED,1789018675448
2237669,1,INITIATED,1789018675426
2237669,2,VALIDATED,1789018675445
2237669,3,PROCESSED,1789018675451
2237670,1,INITIATED,1789018675427
2237670,2,VALIDATED,1789018675445
2237670,3,PROCESSED,1789018675452
2237671,1,INITIATED,1789018675436
2237671,2,VALIDATED,1789018675446
2237671,3,PROCESSED,1789018675452
2237672,1,INITIATED,1789018675457
2237672,2,VALIDATED,1789018675462
2237672,3,PROCESSED,1789018675469
2237673,1,INITIATED,1789018675477
2237673,2,VALIDATED,1789018675481
2237673,3,PROCESSED,1789018675487
2237674,1,INITIATED,1789018675497
2237674,2,VALIDATED,1789018675501
2237674,3,PROCESSED,1789018675507
2237675,1,INITIATED,1789018675518
2237675,2,VALIDATED,1789018675521
2237675,3,PROCESSED,1789018675529
2237676,1,INITIATED,1789018675536
2237676,2,VALIDATED,1789018675540
2237676,3,PROCESSED,1789018675546
2237677,1,INITIATED,1789018675557
2237677,2,VALIDATED,1789018675562
2237677,3,PROCESSED,1789018675568
2237678,1,INITIATED,1789018675576
2237678,2,VALIDATED,1789018675580
2237678,3,PROCESSED,1789018675586
2237679,1,INITIATED,1789018675597
2237679,2,VALIDATED,1789018675601
2237679,3,PROCESSED,1789018675607
2237680,1,INITIATED,1789018675616
2237680,2,VALIDATED,1789018675620
2237680,3,PROCESSED,1789018675626
2237681,1,INITIATED,1789018675637
2237681,2,VALIDATED,1789018675640
2237681,3,PROCESSED,1789018675646
2237682,1,INITIATED,1789018675657
2237682,2,VALIDATED,1789018675662
2237682,3,PROCESSED,1789018675668
2237683,1,INITIATED,1789018675833
2237683,2,VALIDATED,1789018675851
2237683,3,PROCESSED,1789018675920
2237684,1,INITIATED,1789018675833
2237684,2,VALIDATED,1789018675850
2237684,3,PROCESSED,1789018675920
2237685,1,INITIATED,1789018675833
2237685,2,VALIDATED,1789018675851
2237685,3,PROCESSED,1789018676199
2237686,1,INITIATED,1789018675834
2237686,2,VALIDATED,1789018675850
2237686,3,PROCESSED,1789018676199
2237687,1,INITIATED,1789018675834
2237687,2,VALIDATED,1789018675849
2237687,3,PROCESSED,1789018676197
2237688,1,INITIATED,1789018675833
2237688,2,VALIDATED,1789018675849
2237688,3,PROCESSED,1789018676196
2237689,1,INITIATED,1789018675833
2237689,2,VALIDATED,1789018675850
2237689,3,PROCESSED,1789018675920
2237690,1,INITIATED,1789018675833
2237690,2,VALIDATED,1789018675850
2237690,3,PROCESSED,1789018675920
2237691,1,INITIATED,1789018675836
2237691,2,VALIDATED,1789018675850
2237691,3,PROCESSED,1789018676199
2237692,1,INITIATED,1789018675900
2237692,2,VALIDATED,1789018676196
2237692,3,PROCESSED,1789018676502
2237693,1,INITIATED,1789018675900
2237693,2,VALIDATED,1789018676200
2237693,3,PROCESSED,1789018676502
2237694,1,INITIATED,1789018675900
2237694,2,VALIDATED,1789018676197
2237694,3,PROCESSED,1789018676503
2237695,1,INITIATED,1789018675918
2237695,2,VALIDATED,1789018676198
2237695,3,REJECTED,1789018676497
2237696,1,INITIATED,1789018676199
2237696,2,VALIDATED,1789018676500
2237696,3,REJECTED,1789018676586
2237697,1,INITIATED,1789018676196
2237697,2,VALIDATED,1789018676498
2237697,3,REJECTED,1789018676585
2237698,1,INITIATED,1789018676198
2237698,2,VALIDATED,1789018676500
2237698,3,REJECTED,1789018676585
2237699,1,INITIATED,1789018676196
2237699,2,VALIDATED,1789018676499
2237699,3,PROCESSED,1789018676590
2237700,1,INITIATED,1789018676198
2237700,2,VALIDATED,1789018676502
2237700,3,PROCESSED,1789018676588
2237701,1,INITIATED,1789018676198
2237701,2,VALIDATED,1789018676501
2237701,3,PROCESSED,1789018676589
2237702,1,INITIATED,1789018676199
2237702,2,VALIDATED,1789018676502
2237702,3,PROCESSED,1789018676590
2237703,1,INITIATED,1789018676197
2237703,2,VALIDATED,1789018676581
2237703,3,PROCESSED,1789018676591
2237704,1,INITIATED,1789018676196
2237704,2,VALIDATED,1789018676501
2237704,3,PROCESSED,1789018676587
2237705,1,INITIATED,1789018676199
2237705,2,VALIDATED,1789018676501
2237705,3,PROCESSED,1789018676586
2237706,1,INITIATED,1789018676199
2237706,2,VALIDATED,1789018676500
2237706,3,PROCESSED,1789018676587
2237707,1,INITIATED,1789018676197
2237707,2,VALIDATED,1789018676502
2237707,3,PROCESSED,1789018676589
2237708,1,INITIATED,1789018676197
2237708,2,VALIDATED,1789018676499
2237708,3,PROCESSED,1789018676588
2237709,1,INITIATED,1789018676200
2237709,2,VALIDATED,1789018676501
2237709,3,PROCESSED,1789018676588
2237710,1,INITIATED,1789018676495
2237710,2,VALIDATED,1789018676583
2237710,3,PROCESSED,1789018676591
2237711,1,INITIATED,1789018676494
2237711,2,VALIDATED,1789018676584
2237711,3,PROCESSED,1789018676592
2237712,1,INITIATED,1789018676494
2237712,2,VALIDATED,1789018676584
2237712,3,PROCESSED,1789018676591
2237713,1,INITIATED,1789018676495
2237713,2,VALIDATED,1789018676587
2237713,3,PROCESSED,1789018676607
2237714,1,INITIATED,1789018676494
2237714,2,VALIDATED,1789018676583
2237714,3,PROCESSED,1789018676591
2237715,1,INITIATED,1789018676496
2237715,2,VALIDATED,1789018676586
2237715,3,PROCESSED,1789018676605
2237716,1,INITIATED,1789018676497
2237716,2,VALIDATED,1789018676584
2237716,3,PROCESSED,1789018676591
2237717,1,INITIATED,1789018676497
2237717,2,VALIDATED,1789018676587
2237717,3,PROCESSED,1789018676607
2237718,1,INITIATED,1789018676501
2237718,2,VALIDATED,1789018676588
2237718,3,PROCESSED,1789018676606
2237719,1,INITIATED,1789018676499
2237719,2,VALIDATED,1789018676588
2237719,3,PROCESSED,1789018676606
2237720,1,INITIATED,1789018676497
2237720,2,VALIDATED,1789018676584
2237720,3,PROCESSED,1789018676591
2237721,1,INITIATED,1789018676498
2237721,2,VALIDATED,1789018676585
2237721,3,PROCESSED,1789018676606
2237722,1,INITIATED,1789018676500
2237722,2,VALIDATED,1789018676588
2237722,3,PROCESSED,1789018676606
2237723,1,INITIATED,1789018676501
2237723,2,VALIDATED,1789018676582
2237723,3,PROCESSED,1789018676591
2237724,1,INITIATED,1789018676501
2237724,2,VALIDATED,1789018676585
2237724,3,PROCESSED,1789018676606
2237725,1,INITIATED,1789018676581
2237725,2,VALIDATED,1789018676589
2237725,3,PROCESSED,1789018676607
2237726,1,INITIATED,1789018676581
2237726,2,VALIDATED,1789018676589
2237726,3,PROCESSED,1789018676605
2237727,1,INITIATED,1789018676581
2237727,2,VALIDATED,1789018676589
2237727,3,PROCESSED,1789018676606
2237728,1,INITIATED,1789018676581
2237728,2,VALIDATED,1789018676587
2237728,3,PROCESSED,1789018676607
2237729,1,INITIATED,1789018676602
2237729,2,VALIDATED,1789018676607
2237729,3,PROCESSED,1789018676612
2237730,1,INITIATED,1789018676617
2237730,2,VALIDATED,1789018676620
2237730,3,PROCESSED,1789018676623
2237731,1,INITIATED,1789018676637
2237731,2,VALIDATED,1789018676641
2237731,3,PROCESSED,1789018676646
2237732,1,INITIATED,1789018676656
2237732,2,VALIDATED,1789018676663
2237732,3,PROCESSED,1789018676667
2237733,1,INITIATED,1789018676676
2237733,2,VALIDATED,1789018677254
2237733,3,PROCESSED,1789018677607
2237734,1,INITIATED,1789018677254
2237734,2,VALIDATED,1789018678280
2237734,3,PROCESSED,1789018679719
2237735,1,INITIATED,1789018677254
2237735,2,VALIDATED,1789018677566
2237735,3,PROCESSED,1789018678285
2237736,1,INITIATED,1789018677256
2237736,2,VALIDATED,1789018677567
2237736,3,PROCESSED,1789018678639
2237737,1,INITIATED,1789018677253
2237737,2,VALIDATED,1789018678279
2237737,3,PROCESSED,1789018678650
2237738,1,INITIATED,1789018677253
2237738,2,VALIDATED,1789018678282
2237738,3,PROCESSED,1789018679717
2237739,1,INITIATED,1789018677252
2237739,2,VALIDATED,1789018678282
2237739,3,PROCESSED,1789018679717
2237740,1,INITIATED,1789018677254
2237740,2,VALIDATED,1789018677568
2237740,3,PROCESSED,1789018678284
2237741,1,INITIATED,1789018677254
2237741,2,VALIDATED,1789018677567
2237741,3,PROCESSED,1789018678285
2237742,1,INITIATED,1789018677256
2237742,2,VALIDATED,1789018677567
2237742,3,PROCESSED,1789018678284
2237743,1,INITIATED,1789018677258
2237743,2,VALIDATED,1789018677567
2237743,3,PROCESSED,1789018678649
2237744,1,INITIATED,1789018677256
2237744,2,VALIDATED,1789018678283
2237744,3,PROCESSED,1789018679718
2237745,1,INITIATED,1789018677257
2237745,2,VALIDATED,1789018677566
2237745,3,PROCESSED,1789018678650
2237746,1,INITIATED,1789018677257
2237746,2,VALIDATED,1789018677566
2237746,3,PROCESSED,1789018678637
2237747,1,INITIATED,1789018677253
2237747,2,VALIDATED,1789018677567
2237747,3,PROCESSED,1789018678283
2237748,1,INITIATED,1789018677257
2237748,2,VALIDATED,1789018677565
2237748,3,PROCESSED,1789018678649
2237749,1,INITIATED,1789018677257
2237749,2,VALIDATED,1789018678281
2237749,3,PROCESSED,1789018679716
2237750,1,INITIATED,1789018677257
2237750,2,VALIDATED,1789018678278
2237750,3,PROCESSED,1789018678649
2237751,1,INITIATED,1789018677257
2237751,2,VALIDATED,1789018677567
2237751,3,PROCESSED,1789018678650
2237752,1,INITIATED,1789018677252
2237752,2,VALIDATED,1789018677605
2237752,3,PROCESSED,1789018678639
2237753,1,INITIATED,1789018677256
2237753,2,VALIDATED,1789018677562
2237753,3,PROCESSED,1789018678285
2237754,1,INITIATED,1789018677254
2237754,2,VALIDATED,1789018677605
2237754,3,PROCESSED,1789018678648
2237755,1,INITIATED,1789018677255
2237755,2,VALIDATED,1789018677562
2237755,3,PROCESSED,1789018678284
2237756,1,INITIATED,1789018677257
2237756,2,VALIDATED,1789018677563
2237756,3,PROCESSED,1789018678649
2237757,1,INITIATED,1789018677254
2237757,2,VALIDATED,1789018677567
2237757,3,PROCESSED,1789018678286
2237758,1,INITIATED,1789018677253
2237758,2,VALIDATED,1789018678278
2237758,3,PROCESSED,1789018679717
2237759,1,INITIATED,1789018677253
2237759,2,VALIDATED,1789018677566
2237759,3,PROCESSED,1789018678639
2237760,1,INITIATED,1789018677255
2237760,2,VALIDATED,1789018677605
2237760,3,PROCESSED,1789018678648
2237761,1,INITIATED,1789018677257
2237761,2,VALIDATED,1789018677562
2237761,3,PROCESSED,1789018678286
2237762,1,INITIATED,1789018677259
2237762,2,VALIDATED,1789018678278
2237762,3,PROCESSED,1789018679718
2237763,1,INITIATED,1789018677560
2237763,2,VALIDATED,1789018678280
2237763,3,PROCESSED,1789018679718
2237764,1,INITIATED,1789018677559
2237764,2,VALIDATED,1789018678281
2237764,3,PROCESSED,1789018679719
2237765,1,INITIATED,1789018677565
2237765,2,VALIDATED,1789018678283
2237765,3,PROCESSED,1789018679718
2237766,1,INITIATED,1789018677565
2237766,2,VALIDATED,1789018678281
2237766,3,PROCESSED,1789018679719
2237767,1,INITIATED,1789018677563
2237767,2,VALIDATED,1789018678281
2237767,3,PROCESSED,1789018679719
2237768,1,INITIATED,1789018677567
2237768,2,VALIDATED,1789018678638
2237768,3,PROCESSED,1789018680384
2237769,1,INITIATED,1789018677567
2237769,2,VALIDATED,1789018678282
2237769,3,PROCESSED,1789018679717
2237770,1,INITIATED,1789018677566
2237770,2,VALIDATED,1789018678283
2237770,3,PROCESSED,1789018679718
2237771,1,INITIATED,1789018677566
2237771,2,VALIDATED,1789018678634
2237771,3,PROCESSED,1789018680385
2237772,1,INITIATED,1789018677564
2237772,2,VALIDATED,1789018678637
2237772,3,PROCESSED,1789018680384
2237773,1,INITIATED,1789018677564
2237773,2,VALIDATED,1789018678634
2237773,3,PROCESSED,1789018680384
2237774,1,INITIATED,1789018677564
2237774,2,VALIDATED,1789018678638
2237774,3,PROCESSED,1789018680384
2237775,1,INITIATED,1789018677566
2237775,2,VALIDATED,1789018678639
2237775,3,PROCESSED,1789018680384
2237776,1,INITIATED,1789018677564
2237776,2,VALIDATED,1789018678637
2237776,3,PROCESSED,1789018680384
2237777,1,INITIATED,1789018677565
2237777,2,VALIDATED,1789018678280
2237777,3,PROCESSED,1789018679714
2237778,1,INITIATED,1789018678280
2237778,2,VALIDATED,1789018679716
2237778,3,PROCESSED,1789018681353
2237779,1,INITIATED,1789018678279
2237779,2,VALIDATED,1789018679714
2237779,3,PROCESSED,1789018681710
2237780,1,INITIATED,1789018678277
2237780,2,VALIDATED,1789018679420
2237780,3,PROCESSED,1789018681348
2237781,1,INITIATED,1789018678278
2237781,2,VALIDATED,1789018679713
2237781,3,PROCESSED,1789018681711
2237782,1,INITIATED,1789018678277
2237782,2,VALIDATED,1789018679713
2237782,3,PROCESSED,1789018683226
2237783,1,INITIATED,1789018678633
2237783,2,VALIDATED,1789018680379
2237783,3,PROCESSED,1789018680683
2237784,1,INITIATED,1789018678635
2237784,2,VALIDATED,1789018679717
2237784,3,PROCESSED,1789018681705
2237785,1,INITIATED,1789018678639
2237785,2,VALIDATED,1789018680379
2237785,3,PROCESSED,1789018680682
2237786,1,INITIATED,1789018678638
2237786,2,VALIDATED,1789018680380
2237786,3,PROCESSED,1789018682660
2237787,1,INITIATED,1789018678635
2237787,2,VALIDATED,1789018681353
2237787,3,PROCESSED,1789018683322
2237788,1,INITIATED,1789018678635
2237788,2,VALIDATED,1789018680379
2237788,3,PROCESSED,1789018683299
2237789,1,INITIATED,1789018678636
2237789,2,VALIDATED,1789018679817
2237789,3,PROCESSED,1789018683232
2237790,1,INITIATED,1789018678640
2237790,2,VALIDATED,1789018680380
2237790,3,PROCESSED,1789018683249
2237791,1,INITIATED,1789018678638
2237791,2,VALIDATED,1789018679716
2237791,3,PROCESSED,1789018681353
2237792,1,INITIATED,1789018678636
2237792,2,VALIDATED,1789018680772
2237792,3,PROCESSED,1789018683306
2237793,1,INITIATED,1789018678640
2237793,2,VALIDATED,1789018680380
2237793,3,PROCESSED,1789018683250
2237794,1,INITIATED,1789018678638
2237794,2,VALIDATED,1789018679711
2237794,3,PROCESSED,1789018681710
2237795,1,INITIATED,1789018678744
2237795,2,VALIDATED,1789018680679
2237795,3,REJECTED,1789018682901
2237796,1,INITIATED,1789018678744
2237796,2,VALIDATED,1789018680677
2237796,3,PROCESSED,1789018682909
2237797,1,INITIATED,1789018678746
2237797,2,VALIDATED,1789018680776
2237797,3,PROCESSED,1789018682992
2237798,1,INITIATED,1789018678746
2237798,2,VALIDATED,1789018681349
2237798,3,PROCESSED,1789018683232
2237799,1,INITIATED,1789018678745
2237799,2,VALIDATED,1789018680679
2237799,3,PROCESSED,1789018681348
2237800,1,INITIATED,1789018679418
2237800,2,VALIDATED,1789018681349
2237800,3,PROCESSED,1789018683324
2237801,1,INITIATED,1789018678746
2237801,2,VALIDATED,1789018680778
2237801,3,PROCESSED,1789018683314
2237802,1,INITIATED,1789018678745
2237802,2,VALIDATED,1789018680676
2237802,3,PROCESSED,1789018682661
2237803,1,INITIATED,1789018678745
2237803,2,VALIDATED,1789018680679
2237803,3,PROCESSED,1789018683300
2237804,1,INITIATED,1789018678745
2237804,2,VALIDATED,1789018683294
2237804,3,PROCESSED,1789018683358
2237805,1,INITIATED,1789018678745
2237805,2,VALIDATED,1789018680777
2237805,3,REJECTED,1789018682974
2237806,1,INITIATED,1789018679421
2237806,2,VALIDATED,1789018683294
2237806,3,PROCESSED,1789018683362
2237807,1,INITIATED,1789018679422
2237807,2,VALIDATED,1789018679711
2237807,3,PROCESSED,1789018681702
2237808,1,INITIATED,1789018679421
2237808,2,VALIDATED,1789018683233
2237808,3,PROCESSED,1789018683343
2237809,1,INITIATED,1789018679422
2237809,2,VALIDATED,1789018680777
2237809,3,PROCESSED,1789018682991
2237810,1,INITIATED,1789018679421
2237810,2,VALIDATED,1789018682661
2237810,3,PROCESSED,1789018683365
2237811,1,INITIATED,1789018679423
2237811,2,VALIDATED,1789018680770
2237811,3,PROCESSED,1789018683301
2237812,1,INITIATED,1789018679422
2237812,2,VALIDATED,1789018680681
2237812,3,PROCESSED,1789018682661
2237813,1,INITIATED,1789018679422
2237813,2,VALIDATED,1789018682667
2237813,3,PROCESSED,1789018683323
2237814,1,INITIATED,1789018679419
2237814,2,VALIDATED,1789018681350
2237814,3,PROCESSED,1789018683233
2237815,1,INITIATED,1789018679419
2237815,2,VALIDATED,1789018680773
2237815,3,PROCESSED,1789018683303
2237816,1,INITIATED,1789018679420
2237816,2,VALIDATED,1789018683297
2237816,3,PROCESSED,1789018683364
2237817,1,INITIATED,1789018679421
2237817,2,VALIDATED,1789018680777
2237817,3,PROCESSED,1789018683310
2237818,1,INITIATED,1789018679422
2237818,2,VALIDATED,1789018681350
2237818,3,PROCESSED,1789018683324
2237819,1,INITIATED,1789018679419
2237819,2,VALIDATED,1789018682666
2237819,3,PROCESSED,1789018683320
2237820,1,INITIATED,1789018679419
2237820,2,VALIDATED,1789018680772
2237820,3,PROCESSED,1789018683303
2237821,1,INITIATED,1789018679420
2237821,2,VALIDATED,1789018683296
2237821,3,PROCESSED,1789018683317
2237822,1,INITIATED,1789018679424
2237822,2,VALIDATED,1789018680777
2237822,3,PROCESSED,1789018682990
2237823,1,INITIATED,1789018679422
2237823,2,VALIDATED,1789018681348
2237823,3,PROCESSED,1789018683323
2237824,1,INITIATED,1789018679421
2237824,2,VALIDATED,1789018681352
2237824,3,PROCESSED,1789018683321
2237825,1,INITIATED,1789018679421
2237825,2,VALIDATED,1789018680777
2237825,3,PROCESSED,1789018683317
2237826,1,INITIATED,1789018679423
2237826,2,VALIDATED,1789018681352
2237826,3,PROCESSED,1789018683325
2237827,1,INITIATED,1789018679423
2237827,2,VALIDATED,1789018680774
2237827,3,PROCESSED,1789018683346
2237828,1,INITIATED,1789018679423
2237828,2,VALIDATED,1789018679717
2237828,3,PROCESSED,1789018681355
2237829,1,INITIATED,1789018679706
2237829,2,VALIDATED,1789018681364
2237829,3,REJECTED,1789018683228
2237830,1,INITIATED,1789018679710
2237830,2,VALIDATED,1789018681355
2237830,3,PROCESSED,1789018683376
2237831,1,INITIATED,1789018679714
2237831,2,VALIDATED,1789018681364
2237831,3,PROCESSED,1789018683324
2237832,1,INITIATED,1789018679711
2237832,2,VALIDATED,1789018681364
2237832,3,REJECTED,1789018683320
2237833,1,INITIATED,1789018679716
2237833,2,VALIDATED,1789018681703
2237833,3,PROCESSED,1789018683244
2237834,1,INITIATED,1789018679716
2237834,2,VALIDATED,1789018681708
2237834,3,PROCESSED,1789018683236
2237835,1,INITIATED,1789018679715
2237835,2,VALIDATED,1789018681708
2237835,3,PROCESSED,1789018683334
2237836,1,INITIATED,1789018679715
2237836,2,VALIDATED,1789018681354
2237836,3,PROCESSED,1789018683232
2237837,1,INITIATED,1789018679819
2237837,2,VALIDATED,1789018680677
2237837,3,PROCESSED,1789018682909
2237838,1,INITIATED,1789018679819
2237838,2,VALIDATED,1789018682491
2237838,3,PROCESSED,1789018683301
2237839,1,INITIATED,1789018680381
2237839,2,VALIDATED,1789018682658
2237839,3,PROCESSED,1789018682992
2237840,1,INITIATED,1789018680382
2237840,2,VALIDATED,1789018682496
2237840,3,PROCESSED,1789018682910
2237841,1,INITIATED,1789018680382
2237841,2,VALIDATED,1789018682659
2237841,3,PROCESSED,1789018683360
2237842,1,INITIATED,1789018680378
2237842,2,VALIDATED,1789018683247
2237842,3,PROCESSED,1789018683360
2237843,1,INITIATED,1789018680380
2237843,2,VALIDATED,1789018683247
2237843,3,PROCESSED,1789018683359
2237844,1,INITIATED,1789018680378
2237844,2,VALIDATED,1789018683247
2237844,3,PROCESSED,1789018683360
2237845,1,INITIATED,1789018680380
2237845,2,VALIDATED,1789018682659
2237845,3,PROCESSED,1789018683320
2237846,1,INITIATED,1789018680379
2237846,2,VALIDATED,1789018682496
2237846,3,PROCESSED,1789018683303
2237847,1,INITIATED,1789018680383
2237847,2,VALIDATED,1789018683331
2237847,3,PROCESSED,1789018683387
2237848,1,INITIATED,1789018680378
2237848,2,VALIDATED,1789018683247
2237848,3,PROCESSED,1789018683354
2237849,1,INITIATED,1789018680381
2237849,2,VALIDATED,1789018683248
2237849,3,PROCESSED,1789018683361
2237850,1,INITIATED,1789018680382
2237850,2,VALIDATED,1789018683249
2237850,3,PROCESSED,1789018683359
2237851,1,INITIATED,1789018680382
2237851,2,VALIDATED,1789018680681
2237851,3,PROCESSED,1789018681347
2237852,1,INITIATED,1789018680383
2237852,2,VALIDATED,1789018683247
2237852,3,PROCESSED,1789018683313
2237853,1,INITIATED,1789018680381
2237853,2,VALIDATED,1789018682495
2237853,3,PROCESSED,1789018683309
2237854,1,INITIATED,1789018680384
2237854,2,VALIDATED,1789018682656
2237854,3,PROCESSED,1789018682992
2237855,1,INITIATED,1789018680385
2237855,2,VALIDATED,1789018682496
2237855,3,PROCESSED,1789018682910
2237856,1,INITIATED,1789018680673
2237856,2,VALIDATED,1789018682659
2237856,3,PROCESSED,1789018683319
2237857,1,INITIATED,1789018680674
2237857,2,VALIDATED,1789018681351
2237857,3,PROCESSED,1789018683328
2237858,1,INITIATED,1789018680674
2237858,2,VALIDATED,1789018682908
2237858,3,PROCESSED,1789018683374
2237859,1,INITIATED,1789018680676
2237859,2,VALIDATED,1789018683300
2237859,3,PROCESSED,1789018683397
2237860,1,INITIATED,1789018680679
2237860,2,VALIDATED,1789018681349
2237860,3,PROCESSED,1789018683231
2237861,1,INITIATED,1789018680675
2237861,2,VALIDATED,1789018682906
2237861,3,PROCESSED,1789018683326
2237862,1,INITIATED,1789018680681
2237862,2,VALIDATED,1789018682906
2237862,3,PROCESSED,1789018683327
2237863,1,INITIATED,1789018680676
2237863,2,VALIDATED,1789018682900
2237863,3,PROCESSED,1789018683233
2237864,1,INITIATED,1789018680676
2237864,2,VALIDATED,1789018682667
2237864,3,PROCESSED,1789018683323
2237865,1,INITIATED,1789018680680
2237865,2,VALIDATED,1789018682906
2237865,3,PROCESSED,1789018683325
2237866,1,INITIATED,1789018680677
2237866,2,VALIDATED,1789018682667
2237866,3,PROCESSED,1789018682993
2237867,1,INITIATED,1789018680681
2237867,2,VALIDATED,1789018681354
2237867,3,PROCESSED,1789018683321
2237868,1,INITIATED,1789018680678
2237868,2,VALIDATED,1789018682667
2237868,3,PROCESSED,1789018683325
2237869,1,INITIATED,1789018680681
2237869,2,VALIDATED,1789018683293
2237869,3,PROCESSED,1789018683363
2237870,1,INITIATED,1789018680680
2237870,2,VALIDATED,1789018681350
2237870,3,PROCESSED,1789018683232
2237871,1,INITIATED,1789018680682
2237871,2,VALIDATED,1789018683295
2237871,3,PROCESSED,1789018683313
2237872,1,INITIATED,1789018680682
2237872,2,VALIDATED,1789018681351
2237872,3,PROCESSED,1789018683233
2237873,1,INITIATED,1789018680682
2237873,2,VALIDATED,1789018683297
2237873,3,PROCESSED,1789018683365
2237874,1,INITIATED,1789018680682
2237874,2,VALIDATED,1789018681352
2237874,3,PROCESSED,1789018683233
2237875,1,INITIATED,1789018680682
2237875,2,VALIDATED,1789018680777
2237875,3,PROCESSED,1789018683310
2237876,1,INITIATED,1789018680682
2237876,2,VALIDATED,1789018681348
2237876,3,PROCESSED,1789018683233
2237877,1,INITIATED,1789018680682
2237877,2,VALIDATED,1789018681349
2237877,3,PROCESSED,1789018683322
2237878,1,INITIATED,1789018681354
2237878,2,VALIDATED,1789018683317
2237878,3,PROCESSED,1789018683404
2237879,1,INITIATED,1789018681354
2237879,2,VALIDATED,1789018681709
2237879,3,PROCESSED,1789018683334
2237880,1,INITIATED,1789018681706
2237880,2,VALIDATED,1789018683237
2237880,3,PROCESSED,1789018683346
2237881,1,INITIATED,1789018681703
2237881,2,VALIDATED,1789018683327
2237881,3,PROCESSED,1789018683382
2237882,1,INITIATED,1789018681703
2237882,2,VALIDATED,1789018682493
2237882,3,REJECTED,1789018682908
2237883,1,INITIATED,1789018681703
2237883,2,VALIDATED,1789018683238
2237883,3,PROCESSED,1789018683311
2237884,1,INITIATED,1789018681703
2237884,2,VALIDATED,1789018683244
2237884,3,PROCESSED,1789018683314
2237885,1,INITIATED,1789018681707
2237885,2,VALIDATED,1789018683325
2237885,3,PROCESSED,1789018683383
2237886,1,INITIATED,1789018681704
2237886,2,VALIDATED,1789018682494
2237886,3,PROCESSED,1789018682910
2237887,1,INITIATED,1789018681705
2237887,2,VALIDATED,1789018683237
2237887,3,PROCESSED,1789018683347
2237888,1,INITIATED,1789018681705
2237888,2,VALIDATED,1789018683243
2237888,3,PROCESSED,1789018683359
2237889,1,INITIATED,1789018681705
2237889,2,VALIDATED,1789018683328
2237889,3,PROCESSED,1789018683383
2237890,1,INITIATED,1789018681705
2237890,2,VALIDATED,1789018683242
2237890,3,PROCESSED,1789018683354
2237891,1,INITIATED,1789018681706
2237891,2,VALIDATED,1789018683329
2237891,3,PROCESSED,1789018683384
2237892,1,INITIATED,1789018681708
2237892,2,VALIDATED,1789018683236
2237892,3,PROCESSED,1789018683346
2237893,1,INITIATED,1789018681709
2237893,2,VALIDATED,1789018683326
2237893,3,REJECTED,1789018683376
2237894,1,INITIATED,1789018681708
2237894,2,VALIDATED,1789018683243
2237894,3,PROCESSED,1789018683348
2237895,1,INITIATED,1789018681708
2237895,2,VALIDATED,1789018683238
2237895,3,PROCESSED,1789018683303
2237896,1,INITIATED,1789018681710
2237896,2,VALIDATED,1789018683236
2237896,3,PROCESSED,1789018683346
2237897,1,INITIATED,1789018681710
2237897,2,VALIDATED,1789018683330
2237897,3,REJECTED,1789018683338
2237898,1,INITIATED,1789018681709
2237898,2,VALIDATED,1789018683237
2237898,3,PROCESSED,1789018683347
2237899,1,INITIATED,1789018681710
2237899,2,VALIDATED,1789018683329
2237899,3,PROCESSED,1789018683385
2237900,1,INITIATED,1789018681716
2237900,2,VALIDATED,1789018683328
2237900,3,PROCESSED,1789018683341
2237901,1,INITIATED,1789018681716
2237901,2,VALIDATED,1789018683333
2237901,3,PROCESSED,1789018683390
2237902,1,INITIATED,1789018681716
2237902,2,VALIDATED,1789018683242
2237902,3,PROCESSED,1789018683348
2237903,1,INITIATED,1789018681801
2237903,2,VALIDATED,1789018683296
2237903,3,PROCESSED,1789018683362
2237904,1,INITIATED,1789018681803
2237904,2,VALIDATED,1789018683304
2237904,3,PROCESSED,1789018683327
2237905,1,INITIATED,1789018682493
2237905,2,VALIDATED,1789018683304
2237905,3,PROCESSED,1789018683370
2237906,1,INITIATED,1789018682491
2237906,2,VALIDATED,1789018683308
2237906,3,PROCESSED,1789018683369
2237907,1,INITIATED,1789018682499
2237907,2,VALIDATED,1789018682909
2237907,3,PROCESSED,1789018683334
2237908,1,INITIATED,1789018682494
2237908,2,VALIDATED,1789018683309
2237908,3,PROCESSED,1789018683375
2237909,1,INITIATED,1789018682494
2237909,2,VALIDATED,1789018682901
2237909,3,PROCESSED,1789018683329
2237910,1,INITIATED,1789018682493
2237910,2,VALIDATED,1789018682909
2237910,3,PROCESSED,1789018683243
2237911,1,INITIATED,1789018682500
2237911,2,VALIDATED,1789018683349
2237911,3,PROCESSED,1789018683366
2237912,1,INITIATED,1789018682500
2237912,2,VALIDATED,1789018683300
2237912,3,PROCESSED,1789018683367
2237913,1,INITIATED,1789018682495
2237913,2,VALIDATED,1789018683350
2237913,3,PROCESSED,1789018683364
2237914,1,INITIATED,1789018682499
2237914,2,VALIDATED,1789018682903
2237914,3,PROCESSED,1789018683328
2237915,1,INITIATED,1789018682495
2237915,2,VALIDATED,1789018682904
2237915,3,PROCESSED,1789018683330
2237916,1,INITIATED,1789018682498
2237916,2,VALIDATED,1789018683302
2237916,3,PROCESSED,1789018683368
2237917,1,INITIATED,1789018682491
2237917,2,VALIDATED,1789018683307
2237917,3,PROCESSED,1789018683374
2237918,1,INITIATED,1789018682492
2237918,2,VALIDATED,1789018683299
2237918,3,PROCESSED,1789018683364
2237919,1,INITIATED,1789018682496
2237919,2,VALIDATED,1789018683300
2237919,3,PROCESSED,1789018683365
2237920,1,INITIATED,1789018682499
2237920,2,VALIDATED,1789018683350
2237920,3,PROCESSED,1789018683400
2237921,1,INITIATED,1789018682492
2237921,2,VALIDATED,1789018683301
2237921,3,PROCESSED,1789018683366
2237922,1,INITIATED,1789018682491
2237922,2,VALIDATED,1789018683305
2237922,3,PROCESSED,1789018683371
2237923,1,INITIATED,1789018682492
2237923,2,VALIDATED,1789018683305
2237923,3,PROCESSED,1789018683326
2237924,1,INITIATED,1789018682493
2237924,2,VALIDATED,1789018682906
2237924,3,PROCESSED,1789018683239
2237925,1,INITIATED,1789018682493
2237925,2,VALIDATED,1789018683299
2237925,3,PROCESSED,1789018683364
2237926,1,INITIATED,1789018682499
2237926,2,VALIDATED,1789018682902
2237926,3,PROCESSED,1789018683373
2237927,1,INITIATED,1789018682493
2237927,2,VALIDATED,1789018683308
2237927,3,PROCESSED,1789018683369
2237928,1,INITIATED,1789018682500
2237928,2,VALIDATED,1789018682905
2237928,3,PROCESSED,1789018683330
2237929,1,INITIATED,1789018682658
2237929,2,VALIDATED,1789018683313
2237929,3,PROCESSED,1789018683381
2237930,1,INITIATED,1789018682656
2237930,2,VALIDATED,1789018682975
2237930,3,PROCESSED,1789018683336
2237931,1,INITIATED,1789018682656
2237931,2,VALIDATED,1789018682975
2237931,3,PROCESSED,1789018683337
2237932,1,INITIATED,1789018682657
2237932,2,VALIDATED,1789018682975
2237932,3,PROCESSED,1789018683338
2237933,1,INITIATED,1789018682657
2237933,2,VALIDATED,1789018682974
2237933,3,PROCESSED,1789018683245
2237934,1,INITIATED,1789018682658
2237934,2,VALIDATED,1789018682975
2237934,3,PROCESSED,1789018683338
2237935,1,INITIATED,1789018682658
2237935,2,VALIDATED,1789018683312
2237935,3,PROCESSED,1789018683374
2237936,1,INITIATED,1789018682658
2237936,2,VALIDATED,1789018683312
2237936,3,PROCESSED,1789018683379
2237937,1,INITIATED,1789018682658
2237937,2,VALIDATED,1789018682988
2237937,3,REJECTED,1789018683330
2237938,1,INITIATED,1789018682659
2237938,2,VALIDATED,1789018682990
2237938,3,PROCESSED,1789018683246
2237939,1,INITIATED,1789018682659
2237939,2,VALIDATED,1789018683315
2237939,3,PROCESSED,1789018683382
2237940,1,INITIATED,1789018682659
2237940,2,VALIDATED,1789018683350
2237940,3,PROCESSED,1789018683398
2237941,1,INITIATED,1789018682660
2237941,2,VALIDATED,1789018683354
2237941,3,PROCESSED,1789018683401
2237942,1,INITIATED,1789018682660
2237942,2,VALIDATED,1789018683361
2237942,3,PROCESSED,1789018683402
2237943,1,INITIATED,1789018682660
2237943,2,VALIDATED,1789018683352
2237943,3,REJECTED,1789018683399
2237944,1,INITIATED,1789018682660
2237944,2,VALIDATED,1789018683315
2237944,3,REJECTED,1789018683375
2237945,1,INITIATED,1789018682661
2237945,2,VALIDATED,1789018682975
2237945,3,PROCESSED,1789018683336
2237946,1,INITIATED,1789018682661
2237946,2,VALIDATED,1789018683311
2237946,3,PROCESSED,1789018683375
2237947,1,INITIATED,1789018682661
2237947,2,VALIDATED,1789018683315
2237947,3,PROCESSED,1789018683376
2237948,1,INITIATED,1789018682661
2237948,2,VALIDATED,1789018683312
2237948,3,PROCESSED,1789018683326
2237949,1,INITIATED,1789018682661
2237949,2,VALIDATED,1789018683307
2237949,3,PROCESSED,1789018683324
2237950,1,INITIATED,1789018682661
2237950,2,VALIDATED,1789018683308
2237950,3,REJECTED,1789018683369
2237951,1,INITIATED,1789018682661
2237951,2,VALIDATED,1789018683308
2237951,3,PROCESSED,1789018683371
2237952,1,INITIATED,1789018682667
2237952,2,VALIDATED,1789018683359
2237952,3,PROCESSED,1789018683401
2237953,1,INITIATED,1789018682667
2237953,2,VALIDATED,1789018683316
2237953,3,PROCESSED,1789018683378
2237954,1,INITIATED,1789018682900
2237954,2,VALIDATED,1789018683229
2237954,3,PROCESSED,1789018683343
2237955,1,INITIATED,1789018682907
2237955,2,VALIDATED,1789018683324
2237955,3,PROCESSED,1789018683381
2237956,1,INITIATED,1789018682903
2237956,2,VALIDATED,1789018683368
2237956,3,PROCESSED,1789018683407
2237957,1,INITIATED,1789018682907
2237957,2,VALIDATED,1789018683320
2237957,3,PROCESSED,1789018683381
2237958,1,INITIATED,1789018682908
2237958,2,VALIDATED,1789018683327
2237958,3,PROCESSED,1789018683384
2237959,1,INITIATED,1789018682909
2237959,2,VALIDATED,1789018683330
2237959,3,PROCESSED,1789018683342
2237960,1,INITIATED,1789018682906
2237960,2,VALIDATED,1789018683238
2237960,3,PROCESSED,1789018683345
2237961,1,INITIATED,1789018682904
2237961,2,VALIDATED,1789018683324
2237961,3,PROCESSED,1789018683385
2237962,1,INITIATED,1789018682900
2237962,2,VALIDATED,1789018683229
2237962,3,PROCESSED,1789018683388
2237963,1,INITIATED,1789018682905
2237963,2,VALIDATED,1789018683229
2237963,3,PROCESSED,1789018683343
2237964,1,INITIATED,1789018682907
2237964,2,VALIDATED,1789018683367
2237964,3,PROCESSED,1789018683403
2237965,1,INITIATED,1789018682904
2237965,2,VALIDATED,1789018683322
2237965,3,PROCESSED,1789018683381
2237966,1,INITIATED,1789018682911
2237966,2,VALIDATED,1789018683237
2237966,3,PROCESSED,1789018683345
2237967,1,INITIATED,1789018682911
2237967,2,VALIDATED,1789018683237
2237967,3,PROCESSED,1789018683345
2237968,1,INITIATED,1789018682912
2237968,2,VALIDATED,1789018683327
2237968,3,PROCESSED,1789018683386
2237969,1,INITIATED,1789018682973
2237969,2,VALIDATED,1789018683244
2237969,3,PROCESSED,1789018683348
2237970,1,INITIATED,1789018682974
2237970,2,VALIDATED,1789018683336
2237970,3,PROCESSED,1789018683390
2237971,1,INITIATED,1789018682975
2237971,2,VALIDATED,1789018683241
2237971,3,PROCESSED,1789018683354
2237972,1,INITIATED,1789018682975
2237972,2,VALIDATED,1789018683333
2237972,3,PROCESSED,1789018683390
2237973,1,INITIATED,1789018682975
2237973,2,VALIDATED,1789018683335
2237973,3,PROCESSED,1789018683389
2237974,1,INITIATED,1789018682975
2237974,2,VALIDATED,1789018683330
2237974,3,PROCESSED,1789018683339
2237975,1,INITIATED,1789018682975
2237975,2,VALIDATED,1789018683243
2237975,3,PROCESSED,1789018683310
2237976,1,INITIATED,1789018682975
2237976,2,VALIDATED,1789018683330
2237976,3,PROCESSED,1789018683391
2237977,1,INITIATED,1789018682988
2237977,2,VALIDATED,1789018683241
2237977,3,PROCESSED,1789018683347
2237978,1,INITIATED,1789018682991
2237978,2,VALIDATED,1789018683243
2237978,3,PROCESSED,1789018683347
2237979,1,INITIATED,1789018682989
2237979,2,VALIDATED,1789018683331
2237979,3,PROCESSED,1789018683387
2237980,1,INITIATED,1789018682990
2237980,2,VALIDATED,1789018683331
2237980,3,PROCESSED,1789018683386
2237981,1,INITIATED,1789018682990
2237981,2,VALIDATED,1789018683241
2237981,3,PROCESSED,1789018683348
2237982,1,INITIATED,1789018682990
2237982,2,VALIDATED,1789018683244
2237982,3,PROCESSED,1789018683310
2237983,1,INITIATED,1789018682992
2237983,2,VALIDATED,1789018683247
2237983,3,PROCESSED,1789018683361
2237984,1,INITIATED,1789018682991
2237984,2,VALIDATED,1789018683338
2237984,3,PROCESSED,1789018683392
2237985,1,INITIATED,1789018682992
2237985,2,VALIDATED,1789018683244
2237985,3,PROCESSED,1789018683309
2237986,1,INITIATED,1789018682998
2237986,2,VALIDATED,1789018683333
2237986,3,REJECTED,1789018683383
2237987,1,INITIATED,1789018682998
2237987,2,VALIDATED,1789018683334
2237987,3,PROCESSED,1789018683409
2237988,1,INITIATED,1789018683227
2237988,2,VALIDATED,1789018683340
2237988,3,PROCESSED,1789018683395
2237989,1,INITIATED,1789018683225
2237989,2,VALIDATED,1789018683339
2237989,3,PROCESSED,1789018683393
2237990,1,INITIATED,1789018683231
2237990,2,VALIDATED,1789018683342
2237990,3,PROCESSED,1789018683398
2237991,1,INITIATED,1789018683227
2237991,2,VALIDATED,1789018683337
2237991,3,PROCESSED,1789018683390
2237992,1,INITIATED,1789018683228
2237992,2,VALIDATED,1789018683294
2237992,3,PROCESSED,1789018683362
2237993,1,INITIATED,1789018683226
2237993,2,VALIDATED,1789018683337
2237993,3,PROCESSED,1789018683392
2237994,1,INITIATED,1789018683230
2237994,2,VALIDATED,1789018683341
2237994,3,PROCESSED,1789018683395
2237995,1,INITIATED,1789018683231
2237995,2,VALIDATED,1789018683342
2237995,3,PROCESSED,1789018683396
2237996,1,INITIATED,1789018683228
2237996,2,VALIDATED,1789018683342
2237996,3,PROCESSED,1789018683398
2237997,1,INITIATED,1789018683228
2237997,2,VALIDATED,1789018683340
2237997,3,PROCESSED,1789018683390
2237998,1,INITIATED,1789018683225
2237998,2,VALIDATED,1789018683295
2237998,3,PROCESSED,1789018683317
2237999,1,INITIATED,1789018683232
2237999,2,VALIDATED,1789018683341
2237999,3,PROCESSED,1789018683400
2238000,1,INITIATED,1789018683225
2238000,2,VALIDATED,1789018683298
2238000,3,PROCESSED,1789018683368
2238001,1,INITIATED,1789018683230
2238001,2,VALIDATED,1789018683340
2238001,3,PROCESSED,1789018683394
2238002,1,INITIATED,1789018683232
2238002,2,VALIDATED,1789018683342
2238002,3,PROCESSED,1789018683399
2238003,1,INITIATED,1789018683227
2238003,2,VALIDATED,1789018683341
2238003,3,PROCESSED,1789018683395
2238004,1,INITIATED,1789018683231
2238004,2,VALIDATED,1789018683341
2238004,3,PROCESSED,1789018683395
2238005,1,INITIATED,1789018683243
2238005,2,VALIDATED,1789018683307
2238005,3,PROCESSED,1789018683372
2238006,1,INITIATED,1789018683242
2238006,2,VALIDATED,1789018683345
2238006,3,PROCESSED,1789018683399
2238007,1,INITIATED,1789018683244
2238007,2,VALIDATED,1789018683349
2238007,3,PROCESSED,1789018683400
2238008,1,INITIATED,1789018683295
2238008,2,VALIDATED,1789018683316
2238008,3,PROCESSED,1789018683381
2238009,1,INITIATED,1789018683293
2238009,2,VALIDATED,1789018683353
2238009,3,PROCESSED,1789018683368
2238010,1,INITIATED,1789018683295
2238010,2,VALIDATED,1789018683352
2238010,3,PROCESSED,1789018683401
2238011,1,INITIATED,1789018683297
2238011,2,VALIDATED,1789018683315
2238011,3,PROCESSED,1789018683380
2238012,1,INITIATED,1789018683295
2238012,2,VALIDATED,1789018683352
2238012,3,PROCESSED,1789018683399
2238013,1,INITIATED,1789018683297
2238013,2,VALIDATED,1789018683353
2238013,3,PROCESSED,1789018683402
2238014,1,INITIATED,1789018683297
2238014,2,VALIDATED,1789018683362
2238014,3,PROCESSED,1789018683416
2238015,1,INITIATED,1789018683299
2238015,2,VALIDATED,1789018683363
2238015,3,PROCESSED,1789018683416
2238016,1,INITIATED,1789018683298
2238016,2,VALIDATED,1789018683364
2238016,3,PROCESSED,1789018683402
2238017,1,INITIATED,1789018683297
2238017,2,VALIDATED,1789018683359
2238017,3,PROCESSED,1789018683401
2238018,1,INITIATED,1789018683297
2238018,2,VALIDATED,1789018683352
2238018,3,PROCESSED,1789018683400
2238019,1,INITIATED,1789018683297
2238019,2,VALIDATED,1789018683393
2238019,3,PROCESSED,1789018683402
2238020,1,INITIATED,1789018683296
2238020,2,VALIDATED,1789018683314
2238020,3,PROCESSED,1789018683380
2238021,1,INITIATED,1789018683298
2238021,2,VALIDATED,1789018683395
2238021,3,PROCESSED,1789018683416
2238022,1,INITIATED,1789018683297
2238022,2,VALIDATED,1789018683364
2238022,3,PROCESSED,1789018683403
2238023,1,INITIATED,1789018683301
2238023,2,VALIDATED,1789018683366
2238023,3,PROCESSED,1789018683408
2238024,1,INITIATED,1789018683300
2238024,2,VALIDATED,1789018683397
2238024,3,PROCESSED,1789018683412
2238025,1,INITIATED,1789018683301
2238025,2,VALIDATED,1789018683362
2238025,3,PROCESSED,1789018683372
2238026,1,INITIATED,1789018683302
2238026,2,VALIDATED,1789018683366
2238026,3,PROCESSED,1789018683416
2238027,1,INITIATED,1789018683305
2238027,2,VALIDATED,1789018683365
2238027,3,PROCESSED,1789018683402
2238028,1,INITIATED,1789018683307
2238028,2,VALIDATED,1789018683367
2238028,3,PROCESSED,1789018683379
2238029,1,INITIATED,1789018683306
2238029,2,VALIDATED,1789018683368
2238029,3,PROCESSED,1789018683408
2238030,1,INITIATED,1789018683309
2238030,2,VALIDATED,1789018683322
2238030,3,PROCESSED,1789018683381
2238031,1,INITIATED,1789018683313
2238031,2,VALIDATED,1789018683370
2238031,3,PROCESSED,1789018683417
2238032,1,INITIATED,1789018683315
2238032,2,VALIDATED,1789018683372
2238032,3,PROCESSED,1789018683412
2238033,1,INITIATED,1789018683313
2238033,2,VALIDATED,1789018683372
2238033,3,PROCESSED,1789018683410
2238034,1,INITIATED,1789018683316
2238034,2,VALIDATED,1789018683374
2238034,3,PROCESSED,1789018683412
2238035,1,INITIATED,1789018683316
2238035,2,VALIDATED,1789018683372
2238035,3,PROCESSED,1789018683412
2238036,1,INITIATED,1789018683316
2238036,2,VALIDATED,1789018683371
2238036,3,PROCESSED,1789018683407
2238037,1,INITIATED,1789018683321
2238037,2,VALIDATED,1789018683329
2238037,3,PROCESSED,1789018683388
2238038,1,INITIATED,1789018683321
2238038,2,VALIDATED,1789018683375
2238038,3,PROCESSED,1789018683410
2238039,1,INITIATED,1789018683327
2238039,2,VALIDATED,1789018683376
2238039,3,PROCESSED,1789018683389
2238040,1,INITIATED,1789018683332
2238040,2,VALIDATED,1789018683384
2238040,3,PROCESSED,1789018683410
2238041,1,INITIATED,1789018683332
2238041,2,VALIDATED,1789018683338
2238041,3,PROCESSED,1789018683394
2238042,1,INITIATED,1789018683331
2238042,2,VALIDATED,1789018683380
2238042,3,PROCESSED,1789018683411
2238043,1,INITIATED,1789018683337
2238043,2,VALIDATED,1789018683388
2238043,3,PROCESSED,1789018683414
2238044,1,INITIATED,1789018683336
2238044,2,VALIDATED,1789018683387
2238044,3,PROCESSED,1789018683413
2238045,1,INITIATED,1789018683336
2238045,2,VALIDATED,1789018683386
2238045,3,PROCESSED,1789018683415
2238046,1,INITIATED,1789018683338
2238046,2,VALIDATED,1789018683389
2238046,3,PROCESSED,1789018683415
2238047,1,INITIATED,1789018683337
2238047,2,VALIDATED,1789018683386
2238047,3,PROCESSED,1789018683411
2238048,1,INITIATED,1789018683336
2238048,2,VALIDATED,1789018683405
2238048,3,PROCESSED,1789018683418
2238049,1,INITIATED,1789018683337
2238049,2,VALIDATED,1789018683387
2238049,3,PROCESSED,1789018683414
2238050,1,INITIATED,1789018683336
2238050,2,VALIDATED,1789018683384
2238050,3,PROCESSED,1789018683411
2238051,1,INITIATED,1789018683337
2238051,2,VALIDATED,1789018683388
2238051,3,PROCESSED,1789018683413
2238052,1,INITIATED,1789018683340
2238052,2,VALIDATED,1789018683392
2238052,3,PROCESSED,1789018683403
2238053,1,INITIATED,1789018683341
2238053,2,VALIDATED,1789018683389
2238053,3,PROCESSED,1789018683410
2238054,1,INITIATED,1789018683339
2238054,2,VALIDATED,1789018683391
2238054,3,PROCESSED,1789018683415
2238055,1,INITIATED,1789018683344
2238055,2,VALIDATED,1789018683394
2238055,3,PROCESSED,1789018683403
2238056,1,INITIATED,1789018683345
2238056,2,VALIDATED,1789018683392
2238056,3,PROCESSED,1789018683415
2238057,1,INITIATED,1789018683346
2238057,2,VALIDATED,1789018683392
2238057,3,PROCESSED,1789018683414
2238058,1,INITIATED,1789018683351
2238058,2,VALIDATED,1789018683394
2238058,3,PROCESSED,1789018683416
2238059,1,INITIATED,1789018683351
2238059,2,VALIDATED,1789018683396
2238059,3,PROCESSED,1789018683409
2238060,1,INITIATED,1789018683353
2238060,2,VALIDATED,1789018683396
2238060,3,PROCESSED,1789018683417
2238061,1,INITIATED,1789018683359
2238061,2,VALIDATED,1789018683398
2238061,3,PROCESSED,1789018683417
2238062,1,INITIATED,1789018683370
2238062,2,VALIDATED,1789018683403
2238062,3,PROCESSED,1789018683417
2238063,1,INITIATED,1789018683378
2238063,2,VALIDATED,1789018683384
2238063,3,PROCESSED,1789018683411
2238064,1,INITIATED,1789018683378
2238064,2,VALIDATED,1789018683406
2238064,3,PROCESSED,1789018683417
2238065,1,INITIATED,1789018683381
2238065,2,VALIDATED,1789018683404
2238065,3,PROCESSED,1789018683418
2238066,1,INITIATED,1789018683381
2238066,2,VALIDATED,1789018683412
2238066,3,PROCESSED,1789018683418
2238067,1,INITIATED,1789018683406
2238067,2,VALIDATED,1789018683415
2238067,3,PROCESSED,1789018683421
2238068,1,INITIATED,1789018683405
2238068,2,VALIDATED,1789018683415
2238068,3,PROCESSED,1789018683421
2238069,1,INITIATED,1789018683409
2238069,2,VALIDATED,1789018683415
2238069,3,PROCESSED,1789018683421
2238070,1,INITIATED,1789018683417
2238070,2,VALIDATED,1789018683421
2238070,3,PROCESSED,1789018683425
2238071,1,INITIATED,1789018683436
2238071,2,VALIDATED,1789018683440
2238071,3,PROCESSED,1789018683443
2238072,1,INITIATED,1789018683456
2238072,2,VALIDATED,1789018683460
2238072,3,PROCESSED,1789018683464
2238073,1,INITIATED,1789018683475
2238073,2,VALIDATED,1789018683479
2238073,3,PROCESSED,1789018683483
2238074,1,INITIATED,1789018683496
2238074,2,VALIDATED,1789018683499
2238074,3,PROCESSED,1789018683503
2238075,1,INITIATED,1789018683516
2238075,2,VALIDATED,1789018683519
2238075,3,PROCESSED,1789018683522
2238076,1,INITIATED,1789018683536
2238076,2,VALIDATED,1789018683540
2238076,3,PROCESSED,1789018683544
2238077,1,INITIATED,1789018683556
2238077,2,VALIDATED,1789018683560
2238077,3,PROCESSED,1789018683563
2238078,1,INITIATED,1789018683576
2238078,2,VALIDATED,1789018683579
2238078,3,PROCESSED,1789018683583
2238079,1,INITIATED,1789018683596
2238079,2,VALIDATED,1789018683598
2238079,3,PROCESSED,1789018683601
2238080,1,INITIATED,1789018683616
2238080,2,VALIDATED,1789018683619
2238080,3,PROCESSED,1789018683624
2238081,1,INITIATED,1789018683637
2238081,2,VALIDATED,1789018683640
2238081,3,PROCESSED,1789018683645
2238082,1,INITIATED,1789018683656
2238082,2,VALIDATED,1789018683660
2238082,3,PROCESSED,1789018683663
2238083,1,INITIATED,1789018683794
2238083,2,VALIDATED,1789018683801
2238083,3,PROCESSED,1789018683833
2238084,1,INITIATED,1789018683794
2238084,2,VALIDATED,1789018683801
2238084,3,PROCESSED,1789018683837
2238085,1,INITIATED,1789018683794
2238085,2,VALIDATED,1789018683801
2238085,3,PROCESSED,1789018683837
2238086,1,INITIATED,1789018683794
2238086,2,VALIDATED,1789018683801
2238086,3,PROCESSED,1789018683837
2238087,1,INITIATED,1789018683794
2238087,2,VALIDATED,1789018683801
2238087,3,PROCESSED,1789018683828
2238088,1,INITIATED,1789018683794
2238088,2,VALIDATED,1789018683801
2238088,3,PROCESSED,1789018683994
2238089,1,INITIATED,1789018683796
2238089,2,VALIDATED,1789018683804
2238089,3,PROCESSED,1789018683837
2238090,1,INITIATED,1789018683825
2238090,2,VALIDATED,1789018683995
2238090,3,PROCESSED,1789018684006
2238091,1,INITIATED,1789018683836
2238091,2,VALIDATED,1789018683995
2238091,3,PROCESSED,1789018684006
2238092,1,INITIATED,1789018683995
2238092,2,VALIDATED,1789018684004
2238092,3,PROCESSED,1789018684037
2238093,1,INITIATED,1789018683995
2238093,2,VALIDATED,1789018684005
2238093,3,PROCESSED,1789018684037
2238094,1,INITIATED,1789018683994
2238094,2,VALIDATED,1789018684005
2238094,3,PROCESSED,1789018684037
2238095,1,INITIATED,1789018683995
2238095,2,VALIDATED,1789018684004
2238095,3,REJECTED,1789018684035
2238096,1,INITIATED,1789018683995
2238096,2,VALIDATED,1789018684005
2238096,3,REJECTED,1789018684035
2238097,1,INITIATED,1789018683994
2238097,2,VALIDATED,1789018684004
2238097,3,REJECTED,1789018684035
2238098,1,INITIATED,1789018683995
2238098,2,VALIDATED,1789018684004
2238098,3,REJECTED,1789018684035
2238099,1,INITIATED,1789018683997
2238099,2,VALIDATED,1789018684004
2238099,3,PROCESSED,1789018684037
2238100,1,INITIATED,1789018684024
2238100,2,VALIDATED,1789018684041
2238100,3,PROCESSED,1789018684046
2238101,1,INITIATED,1789018684036
2238101,2,VALIDATED,1789018684041
2238101,3,PROCESSED,1789018684047
2238102,1,INITIATED,1789018684056
2238102,2,VALIDATED,1789018684059
2238102,3,PROCESSED,1789018684064
2238103,1,INITIATED,1789018684076
2238103,2,VALIDATED,1789018684079
2238103,3,PROCESSED,1789018684084
2238104,1,INITIATED,1789018684096
2238104,2,VALIDATED,1789018684099
2238104,3,PROCESSED,1789018684102
2238105,1,INITIATED,1789018684117
2238105,2,VALIDATED,1789018684119
2238105,3,PROCESSED,1789018684123
2238106,1,INITIATED,1789018684137
2238106,2,VALIDATED,1789018684141
2238106,3,PROCESSED,1789018684146
2238107,1,INITIATED,1789018684156
2238107,2,VALIDATED,1789018684161
2238107,3,PROCESSED,1789018684165
2238108,1,INITIATED,1789018684176
2238108,2,VALIDATED,1789018684180
2238108,3,PROCESSED,1789018684184
2238109,1,INITIATED,1789018684197
2238109,2,VALIDATED,1789018684200
2238109,3,PROCESSED,1789018684204
2238110,1,INITIATED,1789018684217
2238110,2,VALIDATED,1789018684220
2238110,3,PROCESSED,1789018684223
2238111,1,INITIATED,1789018684236
2238111,2,VALIDATED,1789018684240
2238111,3,PROCESSED,1789018684243
2238112,1,INITIATED,1789018684257
2238112,2,VALIDATED,1789018684262
2238112,3,PROCESSED,1789018684269
2238113,1,INITIATED,1789018684276
2238113,2,VALIDATED,1789018684279
2238113,3,PROCESSED,1789018684282
2238114,1,INITIATED,1789018684296
2238114,2,VALIDATED,1789018684298
2238114,3,PROCESSED,1789018684301
2238115,1,INITIATED,1789018684316
2238115,2,VALIDATED,1789018684319
2238115,3,PROCESSED,1789018684322
2238116,1,INITIATED,1789018684336
2238116,2,VALIDATED,1789018684339
2238116,3,PROCESSED,1789018684342
2238117,1,INITIATED,1789018684356
2238117,2,VALIDATED,1789018684359
2238117,3,PROCESSED,1789018684362
2238118,1,INITIATED,1789018684376
2238118,2,VALIDATED,1789018684381
2238118,3,PROCESSED,1789018684384
2238119,1,INITIATED,1789018684396
2238119,2,VALIDATED,1789018684399
2238119,3,PROCESSED,1789018684402
2238120,1,INITIATED,1789018684416
2238120,2,VALIDATED,1789018684421
2238120,3,PROCESSED,1789018684429
2238121,1,INITIATED,1789018684437
2238121,2,VALIDATED,1789018684442
2238121,3,PROCESSED,1789018684448
2238122,1,INITIATED,1789018684457
2238122,2,VALIDATED,1789018684460
2238122,3,PROCESSED,1789018684465
2238123,1,INITIATED,1789018684476
2238123,2,VALIDATED,1789018684480
2238123,3,PROCESSED,1789018684486
2238124,1,INITIATED,1789018684497
2238124,2,VALIDATED,1789018684501
2238124,3,PROCESSED,1789018684506
2238125,1,INITIATED,1789018684517
2238125,2,VALIDATED,1789018684521
2238125,3,PROCESSED,1789018684526
2238126,1,INITIATED,1789018684536
2238126,2,VALIDATED,1789018684540
2238126,3,PROCESSED,1789018684544
2238127,1,INITIATED,1789018684557
2238127,2,VALIDATED,1789018684560
2238127,3,PROCESSED,1789018684565
2238128,1,INITIATED,1789018684577
2238128,2,VALIDATED,1789018684580
2238128,3,PROCESSED,1789018684584
2238129,1,INITIATED,1789018684597
2238129,2,VALIDATED,1789018684600
2238129,3,PROCESSED,1789018684606
2238130,1,INITIATED,1789018684617
2238130,2,VALIDATED,1789018684620
2238130,3,PROCESSED,1789018684625
2238131,1,INITIATED,1789018684637
2238131,2,VALIDATED,1789018684641
2238131,3,PROCESSED,1789018684645
2238132,1,INITIATED,1789018684657
2238132,2,VALIDATED,1789018684660
2238132,3,PROCESSED,1789018684664
2238133,1,INITIATED,1789018684784
2238133,2,VALIDATED,1789018684792
2238133,3,PROCESSED,1789018684866
2238134,1,INITIATED,1789018684784
2238134,2,VALIDATED,1789018684792
2238134,3,PROCESSED,1789018684866
2238135,1,INITIATED,1789018684784
2238135,2,VALIDATED,1789018684792
2238135,3,PROCESSED,1789018684866
2238136,1,INITIATED,1789018684784
2238136,2,VALIDATED,1789018684792
2238136,3,PROCESSED,1789018684866
2238137,1,INITIATED,1789018684784
2238137,2,VALIDATED,1789018684792
2238137,3,PROCESSED,1789018684866
2238138,1,INITIATED,1789018684784
2238138,2,VALIDATED,1789018684792
2238138,3,PROCESSED,1789018684866
2238139,1,INITIATED,1789018684801
2238139,2,VALIDATED,1789018685037
2238139,3,PROCESSED,1789018685045
2238140,1,INITIATED,1789018684862
2238140,2,VALIDATED,1789018685038
2238140,3,PROCESSED,1789018685045
2238141,1,INITIATED,1789018684862
2238141,2,VALIDATED,1789018685038
2238141,3,PROCESSED,1789018685046
2238142,1,INITIATED,1789018684862
2238142,2,VALIDATED,1789018685038
2238142,3,PROCESSED,1789018685046
2238143,1,INITIATED,1789018685037
2238143,2,VALIDATED,1789018685042
2238143,3,PROCESSED,1789018685082
2238144,1,INITIATED,1789018685037
2238144,2,VALIDATED,1789018685044
2238144,3,PROCESSED,1789018685088
2238145,1,INITIATED,1789018685037
2238145,2,VALIDATED,1789018685042
2238145,3,PROCESSED,1789018685082
2238146,1,INITIATED,1789018685038
2238146,2,VALIDATED,1789018685043
2238146,3,PROCESSED,1789018685081
2238147,1,INITIATED,1789018685037
2238147,2,VALIDATED,1789018685043
2238147,3,PROCESSED,1789018685082
2238148,1,INITIATED,1789018685038
2238148,2,VALIDATED,1789018685043
2238148,3,PROCESSED,1789018685082
2238149,1,INITIATED,1789018685037
2238149,2,VALIDATED,1789018685042
2238149,3,PROCESSED,1789018685082
2238150,1,INITIATED,1789018685037
2238150,2,VALIDATED,1789018685043
2238150,3,PROCESSED,1789018685082
2238151,1,INITIATED,1789018685038
2238151,2,VALIDATED,1789018685043
2238151,3,PROCESSED,1789018685082
2238152,1,INITIATED,1789018685078
2238152,2,VALIDATED,1789018685096
2238152,3,PROCESSED,1789018685100
2238153,1,INITIATED,1789018685078
2238153,2,VALIDATED,1789018685096
2238153,3,PROCESSED,1789018685100
2238154,1,INITIATED,1789018685096
2238154,2,VALIDATED,1789018685099
2238154,3,PROCESSED,1789018685102
2238155,1,INITIATED,1789018685116
2238155,2,VALIDATED,1789018685119
2238155,3,PROCESSED,1789018685122
2238156,1,INITIATED,1789018685136
2238156,2,VALIDATED,1789018685139
2238156,3,PROCESSED,1789018685142
2238157,1,INITIATED,1789018685156
2238157,2,VALIDATED,1789018685160
2238157,3,PROCESSED,1789018685165
2238158,1,INITIATED,1789018685176
2238158,2,VALIDATED,1789018685179
2238158,3,PROCESSED,1789018685182
2238159,1,INITIATED,1789018685197
2238159,2,VALIDATED,1789018685200
2238159,3,PROCESSED,1789018685204
2238160,1,INITIATED,1789018685216
2238160,2,VALIDATED,1789018685220
2238160,3,PROCESSED,1789018685222
2238161,1,INITIATED,1789018685236
2238161,2,VALIDATED,1789018685239
2238161,3,PROCESSED,1789018685242
2238162,1,INITIATED,1789018685256
2238162,2,VALIDATED,1789018685259
2238162,3,PROCESSED,1789018685263
2238163,1,INITIATED,1789018685276
2238163,2,VALIDATED,1789018685282
2238163,3,PROCESSED,1789018685286
2238164,1,INITIATED,1789018685297
2238164,2,VALIDATED,1789018685299
2238164,3,PROCESSED,1789018685302
2238165,1,INITIATED,1789018685316
2238165,2,VALIDATED,1789018685320
2238165,3,PROCESSED,1789018685322
2238166,1,INITIATED,1789018685336
2238166,2,VALIDATED,1789018685340
2238166,3,PROCESSED,1789018685344
2238167,1,INITIATED,1789018685357
2238167,2,VALIDATED,1789018685362
2238167,3,PROCESSED,1789018685366
2238168,1,INITIATED,1789018685376
2238168,2,VALIDATED,1789018685380
2238168,3,PROCESSED,1789018685383
2238169,1,INITIATED,1789018685396
2238169,2,VALIDATED,1789018685399
2238169,3,PROCESSED,1789018685402
2238170,1,INITIATED,1789018685416
2238170,2,VALIDATED,1789018685420
2238170,3,PROCESSED,1789018685423
2238171,1,INITIATED,1789018685436
2238171,2,VALIDATED,1789018685439
2238171,3,PROCESSED,1789018685442
2238172,1,INITIATED,1789018685457
2238172,2,VALIDATED,1789018685460
2238172,3,PROCESSED,1789018685463
2238173,1,INITIATED,1789018685476
2238173,2,VALIDATED,1789018685479
2238173,3,PROCESSED,1789018685482
2238174,1,INITIATED,1789018685496
2238174,2,VALIDATED,1789018685499
2238174,3,PROCESSED,1789018685502
2238175,1,INITIATED,1789018685516
2238175,2,VALIDATED,1789018685519
2238175,3,PROCESSED,1789018685522
2238176,1,INITIATED,1789018685536
2238176,2,VALIDATED,1789018685539
2238176,3,PROCESSED,1789018685542
2238177,1,INITIATED,1789018685556
2238177,2,VALIDATED,1789018685559
2238177,3,PROCESSED,1789018685562
2238178,1,INITIATED,1789018685576
2238178,2,VALIDATED,1789018685579
2238178,3,PROCESSED,1789018685583
2238179,1,INITIATED,1789018685596
2238179,2,VALIDATED,1789018685599
2238179,3,PROCESSED,1789018685603
2238180,1,INITIATED,1789018685616
2238180,2,VALIDATED,1789018685619
2238180,3,PROCESSED,1789018685622
2238181,1,INITIATED,1789018685637
2238181,2,VALIDATED,1789018685641
2238181,3,PROCESSED,1789018685645
2238182,1,INITIATED,1789018685656
2238182,2,VALIDATED,1789018685660
2238182,3,PROCESSED,1789018685664
2238183,1,INITIATED,1789018685787
2238183,2,VALIDATED,1789018685802
2238183,3,PROCESSED,1789018685989
2238184,1,INITIATED,1789018685788
2238184,2,VALIDATED,1789018685803
2238184,3,PROCESSED,1789018685991
2238185,1,INITIATED,1789018685787
2238185,2,VALIDATED,1789018685802
2238185,3,PROCESSED,1789018685988
2238186,1,INITIATED,1789018685787
2238186,2,VALIDATED,1789018685802
2238186,3,PROCESSED,1789018685987
2238187,1,INITIATED,1789018685787
2238187,2,VALIDATED,1789018685802
2238187,3,PROCESSED,1789018685989
2238188,1,INITIATED,1789018685788
2238188,2,VALIDATED,1789018685803
2238188,3,PROCESSED,1789018685990
2238189,1,INITIATED,1789018685800
2238189,2,VALIDATED,1789018685842
2238189,3,PROCESSED,1789018685990
2238190,1,INITIATED,1789018685836
2238190,2,VALIDATED,1789018685989
2238190,3,PROCESSED,1789018686009
2238191,1,INITIATED,1789018685837
2238191,2,VALIDATED,1789018685989
2238191,3,PROCESSED,1789018686026
2238192,1,INITIATED,1789018685988
2238192,2,VALIDATED,1789018686009
2238192,3,PROCESSED,1789018686037
2238193,1,INITIATED,1789018685987
2238193,2,VALIDATED,1789018686008
2238193,3,PROCESSED,1789018686036
2238194,1,INITIATED,1789018685990
2238194,2,VALIDATED,1789018686009
2238194,3,PROCESSED,1789018686037
2238195,1,INITIATED,1789018685988
2238195,2,VALIDATED,1789018686008
2238195,3,REJECTED,1789018686035
2238196,1,INITIATED,1789018685988
2238196,2,VALIDATED,1789018686007
2238196,3,REJECTED,1789018686035
2238197,1,INITIATED,1789018685988
2238197,2,VALIDATED,1789018686007
2238197,3,REJECTED,1789018686035
2238198,1,INITIATED,1789018685987
2238198,2,VALIDATED,1789018685995
2238198,3,REJECTED,1789018686028
2238199,1,INITIATED,1789018685996
2238199,2,VALIDATED,1789018686028
2238199,3,PROCESSED,1789018686037
2238200,1,INITIATED,1789018686026
2238200,2,VALIDATED,1789018686036
2238200,3,PROCESSED,1789018686042
2238201,1,INITIATED,1789018686036
2238201,2,VALIDATED,1789018686039
2238201,3,PROCESSED,1789018686044
2238202,1,INITIATED,1789018686056
2238202,2,VALIDATED,1789018686059
2238202,3,PROCESSED,1789018686062
2238203,1,INITIATED,1789018686076
2238203,2,VALIDATED,1789018686079
2238203,3,PROCESSED,1789018686082
2238204,1,INITIATED,1789018686096
2238204,2,VALIDATED,1789018686099
2238204,3,PROCESSED,1789018686102
2238205,1,INITIATED,1789018686116
2238205,2,VALIDATED,1789018686120
2238205,3,PROCESSED,1789018686123
2238206,1,INITIATED,1789018686136
2238206,2,VALIDATED,1789018686140
2238206,3,PROCESSED,1789018686144
2238207,1,INITIATED,1789018686157
2238207,2,VALIDATED,1789018686161
2238207,3,PROCESSED,1789018686164
2238208,1,INITIATED,1789018686177
2238208,2,VALIDATED,1789018686180
2238208,3,PROCESSED,1789018686183
2238209,1,INITIATED,1789018686196
2238209,2,VALIDATED,1789018686198
2238209,3,PROCESSED,1789018686204
2238210,1,INITIATED,1789018686216
2238210,2,VALIDATED,1789018686219
2238210,3,PROCESSED,1789018686222
2238211,1,INITIATED,1789018686236
2238211,2,VALIDATED,1789018686240
2238211,3,PROCESSED,1789018686244
2238212,1,INITIATED,1789018686256
2238212,2,VALIDATED,1789018686259
2238212,3,PROCESSED,1789018686262
2238213,1,INITIATED,1789018686276
2238213,2,VALIDATED,1789018686279
2238213,3,PROCESSED,1789018686282
2238214,1,INITIATED,1789018686296
2238214,2,VALIDATED,1789018686298
2238214,3,PROCESSED,1789018686301
2238215,1,INITIATED,1789018686316
2238215,2,VALIDATED,1789018686319
2238215,3,PROCESSED,1789018686323
2238216,1,INITIATED,1789018686336
2238216,2,VALIDATED,1789018686338
2238216,3,PROCESSED,1789018686341
2238217,1,INITIATED,1789018686356
2238217,2,VALIDATED,1789018686360
2238217,3,PROCESSED,1789018686363
2238218,1,INITIATED,1789018686376
2238218,2,VALIDATED,1789018686379
2238218,3,PROCESSED,1789018686382
2238219,1,INITIATED,1789018686397
2238219,2,VALIDATED,1789018686400
2238219,3,PROCESSED,1789018686402
2238220,1,INITIATED,1789018686417
2238220,2,VALIDATED,1789018686420
2238220,3,PROCESSED,1789018686425
2238221,1,INITIATED,1789018686436
2238221,2,VALIDATED,1789018686439
2238221,3,PROCESSED,1789018686442
2238222,1,INITIATED,1789018686456
2238222,2,VALIDATED,1789018686459
2238222,3,PROCESSED,1789018686462
2238223,1,INITIATED,1789018686476
2238223,2,VALIDATED,1789018686479
2238223,3,PROCESSED,1789018686482
2238224,1,INITIATED,1789018686496
2238224,2,VALIDATED,1789018686500
2238224,3,PROCESSED,1789018686502
2238225,1,INITIATED,1789018686517
2238225,2,VALIDATED,1789018686520
2238225,3,PROCESSED,1789018686523
2238226,1,INITIATED,1789018686536
2238226,2,VALIDATED,1789018686540
2238226,3,PROCESSED,1789018686544
2238227,1,INITIATED,1789018686556
2238227,2,VALIDATED,1789018686559
2238227,3,PROCESSED,1789018686562
2238228,1,INITIATED,1789018686576
2238228,2,VALIDATED,1789018686579
2238228,3,PROCESSED,1789018686582
2238229,1,INITIATED,1789018686595
2238229,2,VALIDATED,1789018686598
2238229,3,PROCESSED,1789018686602
2238230,1,INITIATED,1789018686617
2238230,2,VALIDATED,1789018686620
2238230,3,PROCESSED,1789018686623
2238231,1,INITIATED,1789018686636
2238231,2,VALIDATED,1789018686639
2238231,3,PROCESSED,1789018686642
2238232,1,INITIATED,1789018686657
2238232,2,VALIDATED,1789018686660
2238232,3,PROCESSED,1789018686664
2238233,1,INITIATED,1789018686785
2238233,2,VALIDATED,1789018686797
2238233,3,PROCESSED,1789018686949
2238234,1,INITIATED,1789018686786
2238234,2,VALIDATED,1789018686797
2238234,3,PROCESSED,1789018686950
2238235,1,INITIATED,1789018686786
2238235,2,VALIDATED,1789018686796
2238235,3,PROCESSED,1789018686951
2238236,1,INITIATED,1789018686785
2238236,2,VALIDATED,1789018686796
2238236,3,PROCESSED,1789018686950
2238237,1,INITIATED,1789018686785
2238237,2,VALIDATED,1789018686797
2238237,3,PROCESSED,1789018686950
2238238,1,INITIATED,1789018686785
2238238,2,VALIDATED,1789018686796
2238238,3,PROCESSED,1789018686949
2238239,1,INITIATED,1789018686796
2238239,2,VALIDATED,1789018686822
2238239,3,PROCESSED,1789018686953
2238240,1,INITIATED,1789018686816
2238240,2,VALIDATED,1789018686950
2238240,3,PROCESSED,1789018686956
2238241,1,INITIATED,1789018686951
2238241,2,VALIDATED,1789018686957
2238241,3,PROCESSED,1789018687007
2238242,1,INITIATED,1789018686950
2238242,2,VALIDATED,1789018686955
2238242,3,PROCESSED,1789018687007
2238243,1,INITIATED,1789018686950
2238243,2,VALIDATED,1789018686955
2238243,3,PROCESSED,1789018687007
2238244,1,INITIATED,1789018686949
2238244,2,VALIDATED,1789018686953
2238244,3,PROCESSED,1789018686997
2238245,1,INITIATED,1789018686950
2238245,2,VALIDATED,1789018686954
2238245,3,PROCESSED,1789018687008
2238246,1,INITIATED,1789018686949
2238246,2,VALIDATED,1789018686953
2238246,3,PROCESSED,1789018686997
2238247,1,INITIATED,1789018686956
2238247,2,VALIDATED,1789018687006
2238247,3,PROCESSED,1789018687010
2238248,1,INITIATED,1789018686993
2238248,2,VALIDATED,1789018687008
2238248,3,PROCESSED,1789018687015
2238249,1,INITIATED,1789018686996
2238249,2,VALIDATED,1789018687008
2238249,3,PROCESSED,1789018687015
2238250,1,INITIATED,1789018687016
2238250,2,VALIDATED,1789018687019
2238250,3,PROCESSED,1789018687024
2238251,1,INITIATED,1789018687036
2238251,2,VALIDATED,1789018687040
2238251,3,PROCESSED,1789018687044
2238252,1,INITIATED,1789018687056
2238252,2,VALIDATED,1789018687060
2238252,3,PROCESSED,1789018687064
2238253,1,INITIATED,1789018687076
2238253,2,VALIDATED,1789018687080
2238253,3,PROCESSED,1789018687084
2238254,1,INITIATED,1789018687097
2238254,2,VALIDATED,1789018687101
2238254,3,PROCESSED,1789018687104
2238255,1,INITIATED,1789018687117
2238255,2,VALIDATED,1789018687124
2238255,3,PROCESSED,1789018687129
2238256,1,INITIATED,1789018687137
2238256,2,VALIDATED,1789018687141
2238256,3,PROCESSED,1789018687146
2238257,1,INITIATED,1789018687157
2238257,2,VALIDATED,1789018687160
2238257,3,PROCESSED,1789018687165
2238258,1,INITIATED,1789018687176
2238258,2,VALIDATED,1789018687190
2238258,3,PROCESSED,1789018687197
2238259,1,INITIATED,1789018687197
2238259,2,VALIDATED,1789018687200
2238259,3,PROCESSED,1789018687204
2238260,1,INITIATED,1789018687217
2238260,2,VALIDATED,1789018687221
2238260,3,PROCESSED,1789018687225
2238261,1,INITIATED,1789018687237
2238261,2,VALIDATED,1789018687240
2238261,3,PROCESSED,1789018687245
2238262,1,INITIATED,1789018687257
2238262,2,VALIDATED,1789018687262
2238262,3,PROCESSED,1789018687269
2238263,1,INITIATED,1789018687276
2238263,2,VALIDATED,1789018687279
2238263,3,PROCESSED,1789018687283
2238264,1,INITIATED,1789018687297
2238264,2,VALIDATED,1789018687301
2238264,3,PROCESSED,1789018687305
2238265,1,INITIATED,1789018687317
2238265,2,VALIDATED,1789018687320
2238265,3,PROCESSED,1789018687326
2238266,1,INITIATED,1789018687336
2238266,2,VALIDATED,1789018687340
2238266,3,PROCESSED,1789018687348
2238267,1,INITIATED,1789018687357
2238267,2,VALIDATED,1789018687361
2238267,3,PROCESSED,1789018687366
2238268,1,INITIATED,1789018687377
2238268,2,VALIDATED,1789018687380
2238268,3,PROCESSED,1789018687384
2238269,1,INITIATED,1789018687397
2238269,2,VALIDATED,1789018687400
2238269,3,PROCESSED,1789018687405
2238270,1,INITIATED,1789018687416
2238270,2,VALIDATED,1789018687419
2238270,3,PROCESSED,1789018687423
2238271,1,INITIATED,1789018687437
2238271,2,VALIDATED,1789018687443
2238271,3,PROCESSED,1789018687449
2238272,1,INITIATED,1789018687456
2238272,2,VALIDATED,1789018687459
2238272,3,PROCESSED,1789018687464
2238273,1,INITIATED,1789018687477
2238273,2,VALIDATED,1789018687481
2238273,3,PROCESSED,1789018687485
2238274,1,INITIATED,1789018687497
2238274,2,VALIDATED,1789018687501
2238274,3,PROCESSED,1789018687505
2238275,1,INITIATED,1789018687517
2238275,2,VALIDATED,1789018687525
2238275,3,PROCESSED,1789018687530
2238276,1,INITIATED,1789018687536
2238276,2,VALIDATED,1789018687540
2238276,3,PROCESSED,1789018687545
2238277,1,INITIATED,1789018687557
2238277,2,VALIDATED,1789018687561
2238277,3,PROCESSED,1789018687565
2238278,1,INITIATED,1789018687577
2238278,2,VALIDATED,1789018687581
2238278,3,PROCESSED,1789018687585
2238279,1,INITIATED,1789018687596
2238279,2,VALIDATED,1789018687602
2238279,3,PROCESSED,1789018687606
2238280,1,INITIATED,1789018687617
2238280,2,VALIDATED,1789018687620
2238280,3,PROCESSED,1789018687625
2238281,1,INITIATED,1789018687636
2238281,2,VALIDATED,1789018687640
2238281,3,PROCESSED,1789018687644
2238282,1,INITIATED,1789018687656
2238282,2,VALIDATED,1789018687660
2238282,3,PROCESSED,1789018687664
2238283,1,INITIATED,1789018687784
2238283,2,VALIDATED,1789018687793
2238283,3,PROCESSED,1789018687852
2238284,1,INITIATED,1789018687784
2238284,2,VALIDATED,1789018687793
2238284,3,PROCESSED,1789018687851
2238285,1,INITIATED,1789018687784
2238285,2,VALIDATED,1789018687793
2238285,3,PROCESSED,1789018687851
2238286,1,INITIATED,1789018687784
2238286,2,VALIDATED,1789018687793
2238286,3,PROCESSED,1789018687851
2238287,1,INITIATED,1789018687784
2238287,2,VALIDATED,1789018687793
2238287,3,PROCESSED,1789018687851
2238288,1,INITIATED,1789018687784
2238288,2,VALIDATED,1789018687793
2238288,3,PROCESSED,1789018687851
2238289,1,INITIATED,1789018687796
2238289,2,VALIDATED,1789018687850
2238289,3,PROCESSED,1789018688031
2238290,1,INITIATED,1789018687836
2238290,2,VALIDATED,1789018687854
2238290,3,PROCESSED,1789018688031
2238291,1,INITIATED,1789018687838
2238291,2,VALIDATED,1789018687854
2238291,3,PROCESSED,1789018688031
2238292,1,INITIATED,1789018688027
2238292,2,VALIDATED,1789018688038
2238292,3,PROCESSED,1789018688109
2238293,1,INITIATED,1789018688028
2238293,2,VALIDATED,1789018688037
2238293,3,PROCESSED,1789018688109
2238294,1,INITIATED,1789018688028
2238294,2,VALIDATED,1789018688037
2238294,3,PROCESSED,1789018688109
2238295,1,INITIATED,1789018688028
2238295,2,VALIDATED,1789018688037
2238295,3,REJECTED,1789018688107
2238296,1,INITIATED,1789018688027
2238296,2,VALIDATED,1789018688039
2238296,3,REJECTED,1789018688107
2238297,1,INITIATED,1789018688028
2238297,2,VALIDATED,1789018688039
2238297,3,REJECTED,1789018688107
2238298,1,INITIATED,1789018688027
2238298,2,VALIDATED,1789018688039
2238298,3,REJECTED,1789018688107
2238299,1,INITIATED,1789018688027
2238299,2,VALIDATED,1789018688038
2238299,3,PROCESSED,1789018688109
2238300,1,INITIATED,1789018688028
2238300,2,VALIDATED,1789018688038
2238300,3,PROCESSED,1789018688109
2238301,1,INITIATED,1789018688037
2238301,2,VALIDATED,1789018688107
2238301,3,PROCESSED,1789018688113
2238302,1,INITIATED,1789018688056
2238302,2,VALIDATED,1789018688111
2238302,3,PROCESSED,1789018688115
2238303,1,INITIATED,1789018688077
2238303,2,VALIDATED,1789018688111
2238303,3,PROCESSED,1789018688118
2238304,1,INITIATED,1789018688096
2238304,2,VALIDATED,1789018688111
2238304,3,PROCESSED,1789018688118
2238305,1,INITIATED,1789018688116
2238305,2,VALIDATED,1789018688119
2238305,3,PROCESSED,1789018688123
2238306,1,INITIATED,1789018688136
2238306,2,VALIDATED,1789018688139
2238306,3,PROCESSED,1789018688143
2238307,1,INITIATED,1789018688156
2238307,2,VALIDATED,1789018688159
2238307,3,PROCESSED,1789018688165
2238308,1,INITIATED,1789018688176
2238308,2,VALIDATED,1789018688180
2238308,3,PROCESSED,1789018688184
2238309,1,INITIATED,1789018688197
2238309,2,VALIDATED,1789018688201
2238309,3,PROCESSED,1789018688206
2238310,1,INITIATED,1789018688216
2238310,2,VALIDATED,1789018688219
2238310,3,PROCESSED,1789018688224
2238311,1,INITIATED,1789018688236
2238311,2,VALIDATED,1789018688240
2238311,3,PROCESSED,1789018688243
2238312,1,INITIATED,1789018688256
2238312,2,VALIDATED,1789018688260
2238312,3,PROCESSED,1789018688264
2238313,1,INITIATED,1789018688277
2238313,2,VALIDATED,1789018688281
2238313,3,PROCESSED,1789018688285
2238314,1,INITIATED,1789018688296
2238314,2,VALIDATED,1789018688299
2238314,3,PROCESSED,1789018688303
2238315,1,INITIATED,1789018688317
2238315,2,VALIDATED,1789018688320
2238315,3,PROCESSED,1789018688324
2238316,1,INITIATED,1789018688336
2238316,2,VALIDATED,1789018688341
2238316,3,PROCESSED,1789018688346
2238317,1,INITIATED,1789018688356
2238317,2,VALIDATED,1789018688361
2238317,3,PROCESSED,1789018688365
2238318,1,INITIATED,1789018688376
2238318,2,VALIDATED,1789018688381
2238318,3,PROCESSED,1789018688385
2238319,1,INITIATED,1789018688396
2238319,2,VALIDATED,1789018688400
2238319,3,PROCESSED,1789018688404
2238320,1,INITIATED,1789018688416
2238320,2,VALIDATED,1789018688419
2238320,3,PROCESSED,1789018688423
2238321,1,INITIATED,1789018688436
2238321,2,VALIDATED,1789018688440
2238321,3,PROCESSED,1789018688444
2238322,1,INITIATED,1789018688456
2238322,2,VALIDATED,1789018688460
2238322,3,PROCESSED,1789018688465
2238323,1,INITIATED,1789018688477
2238323,2,VALIDATED,1789018688481
2238323,3,PROCESSED,1789018688485
2238324,1,INITIATED,1789018688497
2238324,2,VALIDATED,1789018688500
2238324,3,PROCESSED,1789018688505
2238325,1,INITIATED,1789018688516
2238325,2,VALIDATED,1789018688522
2238325,3,PROCESSED,1789018688528
2238326,1,INITIATED,1789018688537
2238326,2,VALIDATED,1789018688541
2238326,3,PROCESSED,1789018688546
2238327,1,INITIATED,1789018688557
2238327,2,VALIDATED,1789018688562
2238327,3,PROCESSED,1789018688566
2238328,1,INITIATED,1789018688577
2238328,2,VALIDATED,1789018688581
2238328,3,PROCESSED,1789018688585
2238329,1,INITIATED,1789018688597
2238329,2,VALIDATED,1789018688601
2238329,3,PROCESSED,1789018688605
2238330,1,INITIATED,1789018688617
2238330,2,VALIDATED,1789018688621
2238330,3,PROCESSED,1789018688626
2238331,1,INITIATED,1789018688637
2238331,2,VALIDATED,1789018688642
2238331,3,PROCESSED,1789018688648
2238332,1,INITIATED,1789018688656
2238332,2,VALIDATED,1789018688660
2238332,3,PROCESSED,1789018688665
2238333,1,INITIATED,1789018688819
2238333,2,VALIDATED,1789018688934
2238333,3,PROCESSED,1789018688942
2238334,1,INITIATED,1789018688820
2238334,2,VALIDATED,1789018688934
2238334,3,PROCESSED,1789018688942
2238335,1,INITIATED,1789018688819
2238335,2,VALIDATED,1789018688934
2238335,3,PROCESSED,1789018688942
2238336,1,INITIATED,1789018688819
2238336,2,VALIDATED,1789018688934
2238336,3,PROCESSED,1789018688943
2238337,1,INITIATED,1789018688819
2238337,2,VALIDATED,1789018688935
2238337,3,PROCESSED,1789018688941
2238338,1,INITIATED,1789018688819
2238338,2,VALIDATED,1789018688934
2238338,3,PROCESSED,1789018688942
2238339,1,INITIATED,1789018688819
2238339,2,VALIDATED,1789018688934
2238339,3,PROCESSED,1789018688942
2238340,1,INITIATED,1789018688819
2238340,2,VALIDATED,1789018688934
2238340,3,PROCESSED,1789018688942
2238341,1,INITIATED,1789018688932
2238341,2,VALIDATED,1789018688938
2238341,3,PROCESSED,1789018689240
2238342,1,INITIATED,1789018688932
2238342,2,VALIDATED,1789018688939
2238342,3,PROCESSED,1789018689239
2238343,1,INITIATED,1789018688932
2238343,2,VALIDATED,1789018688938
2238343,3,PROCESSED,1789018689240
2238344,1,INITIATED,1789018688932
2238344,2,VALIDATED,1789018688939
2238344,3,PROCESSED,1789018689239
2238345,1,INITIATED,1789018688932
2238345,2,VALIDATED,1789018688938
2238345,3,PROCESSED,1789018689239
2238346,1,INITIATED,1789018688937
2238346,2,VALIDATED,1789018689237
2238346,3,PROCESSED,1789018689343
2238347,1,INITIATED,1789018689237
2238347,2,VALIDATED,1789018689340
2238347,3,PROCESSED,1789018689360
2238348,1,INITIATED,1789018689239
2238348,2,VALIDATED,1789018689343
2238348,3,PROCESSED,1789018689359
2238349,1,INITIATED,1789018689236
2238349,2,VALIDATED,1789018689242
2238349,3,PROCESSED,1789018689345
2238350,1,INITIATED,1789018689237
2238350,2,VALIDATED,1789018689340
2238350,3,PROCESSED,1789018689360
2238351,1,INITIATED,1789018689238
2238351,2,VALIDATED,1789018689342
2238351,3,PROCESSED,1789018689359
2238352,1,INITIATED,1789018689237
2238352,2,VALIDATED,1789018689342
2238352,3,PROCESSED,1789018689359
2238353,1,INITIATED,1789018689236
2238353,2,VALIDATED,1789018689241
2238353,3,PROCESSED,1789018689344
2238354,1,INITIATED,1789018689238
2238354,2,VALIDATED,1789018689341
2238354,3,PROCESSED,1789018689360
2238355,1,INITIATED,1789018689236
2238355,2,VALIDATED,1789018689241
2238355,3,PROCESSED,1789018689344
2238356,1,INITIATED,1789018689235
2238356,2,VALIDATED,1789018689241
2238356,3,PROCESSED,1789018689344
2238357,1,INITIATED,1789018689237
2238357,2,VALIDATED,1789018689341
2238357,3,PROCESSED,1789018689360
2238358,1,INITIATED,1789018689235
2238358,2,VALIDATED,1789018689241
2238358,3,PROCESSED,1789018689344
2238359,1,INITIATED,1789018689237
2238359,2,VALIDATED,1789018689340
2238359,3,PROCESSED,1789018689361
2238360,1,INITIATED,1789018689236
2238360,2,VALIDATED,1789018689241
2238360,3,PROCESSED,1789018689345
2238361,1,INITIATED,1789018689239
2238361,2,VALIDATED,1789018689341
2238361,3,PROCESSED,1789018689360
2238362,1,INITIATED,1789018689338
2238362,2,VALIDATED,1789018689357
2238362,3,PROCESSED,1789018689364
2238363,1,INITIATED,1789018689338
2238363,2,VALIDATED,1789018689357
2238363,3,PROCESSED,1789018689363
2238364,1,INITIATED,1789018689339
2238364,2,VALIDATED,1789018689357
2238364,3,PROCESSED,1789018689364
2238365,1,INITIATED,1789018689339
2238365,2,VALIDATED,1789018689357
2238365,3,PROCESSED,1789018689363
2238366,1,INITIATED,1789018689339
2238366,2,VALIDATED,1789018689357
2238366,3,PROCESSED,1789018689364
2238367,1,INITIATED,1789018689356
2238367,2,VALIDATED,1789018689362
2238367,3,PROCESSED,1789018689381
2238368,1,INITIATED,1789018689377
2238368,2,VALIDATED,1789018689381
2238368,3,PROCESSED,1789018689386
2238369,1,INITIATED,1789018689397
2238369,2,VALIDATED,1789018689402
2238369,3,PROCESSED,1789018689408
2238370,1,INITIATED,1789018689417
2238370,2,VALIDATED,1789018689422
2238370,3,PROCESSED,1789018689427
2238371,1,INITIATED,1789018689436
2238371,2,VALIDATED,1789018689440
2238371,3,PROCESSED,1789018689445
2238372,1,INITIATED,1789018689457
2238372,2,VALIDATED,1789018689461
2238372,3,PROCESSED,1789018689466
2238373,1,INITIATED,1789018689477
2238373,2,VALIDATED,1789018689481
2238373,3,PROCESSED,1789018689486
2238374,1,INITIATED,1789018689496
2238374,2,VALIDATED,1789018689501
2238374,3,PROCESSED,1789018689505
2238375,1,INITIATED,1789018689516
2238375,2,VALIDATED,1789018689520
2238375,3,PROCESSED,1789018689525
2238376,1,INITIATED,1789018689537
2238376,2,VALIDATED,1789018689541
2238376,3,PROCESSED,1789018689546
2238377,1,INITIATED,1789018689556
2238377,2,VALIDATED,1789018689560
2238377,3,PROCESSED,1789018689564
2238378,1,INITIATED,1789018689577
2238378,2,VALIDATED,1789018689581
2238378,3,PROCESSED,1789018689585
2238379,1,INITIATED,1789018689596
2238379,2,VALIDATED,1789018689600
2238379,3,PROCESSED,1789018689605
2238380,1,INITIATED,1789018689617
2238380,2,VALIDATED,1789018689634
2238380,3,PROCESSED,1789018689639
2238381,1,INITIATED,1789018689636
2238381,2,VALIDATED,1789018689639
2238381,3,PROCESSED,1789018689643
2238382,1,INITIATED,1789018689656
2238382,2,VALIDATED,1789018689660
2238382,3,PROCESSED,1789018689664
2238383,1,INITIATED,1789018689887
2238383,2,VALIDATED,1789018689892
2238383,3,PROCESSED,1789018690009
2238384,1,INITIATED,1789018689887
2238384,2,VALIDATED,1789018689892
2238384,3,PROCESSED,1789018690007
2238385,1,INITIATED,1789018689888
2238385,2,VALIDATED,1789018690004
2238385,3,PROCESSED,1789018690013
2238386,1,INITIATED,1789018689887
2238386,2,VALIDATED,1789018689892
2238386,3,PROCESSED,1789018690006
2238387,1,INITIATED,1789018689888
2238387,2,VALIDATED,1789018689892
2238387,3,PROCESSED,1789018690006
2238388,1,INITIATED,1789018689888
2238388,2,VALIDATED,1789018690004
2238388,3,PROCESSED,1789018690013
2238389,1,INITIATED,1789018689888
2238389,2,VALIDATED,1789018690002
2238389,3,PROCESSED,1789018690011
2238390,1,INITIATED,1789018689887
2238390,2,VALIDATED,1789018689892
2238390,3,PROCESSED,1789018690007
2238391,1,INITIATED,1789018689888
2238391,2,VALIDATED,1789018690002
2238391,3,PROCESSED,1789018690010
2238392,1,INITIATED,1789018689888
2238392,2,VALIDATED,1789018690003
2238392,3,PROCESSED,1789018690011
2238393,1,INITIATED,1789018689888
2238393,2,VALIDATED,1789018690002
2238393,3,PROCESSED,1789018690010
2238394,1,INITIATED,1789018689896
2238394,2,VALIDATED,1789018690004
2238394,3,PROCESSED,1789018690013
2238395,1,INITIATED,1789018690003
2238395,2,VALIDATED,1789018690008
2238395,3,REJECTED,1789018690305
2238396,1,INITIATED,1789018690001
2238396,2,VALIDATED,1789018690006
2238396,3,REJECTED,1789018690012
2238397,1,INITIATED,1789018690002
2238397,2,VALIDATED,1789018690008
2238397,3,REJECTED,1789018690304
2238398,1,INITIATED,1789018690001
2238398,2,VALIDATED,1789018690006
2238398,3,REJECTED,1789018690012
2238399,1,INITIATED,1789018690003
2238399,2,VALIDATED,1789018690011
2238399,3,PROCESSED,1789018690307
2238400,1,INITIATED,1789018690017
2238400,2,VALIDATED,1789018690305
2238400,3,PROCESSED,1789018690422
2238401,1,INITIATED,1789018690305
2238401,2,VALIDATED,1789018690421
2238401,3,PROCESSED,1789018690446
2238402,1,INITIATED,1789018690302
2238402,2,VALIDATED,1789018690308
2238402,3,PROCESSED,1789018690422
2238403,1,INITIATED,1789018690303
2238403,2,VALIDATED,1789018690416
2238403,3,PROCESSED,1789018690444
2238404,1,INITIATED,1789018690304
2238404,2,VALIDATED,1789018690419
2238404,3,PROCESSED,1789018690446
2238405,1,INITIATED,1789018690303
2238405,2,VALIDATED,1789018690417
2238405,3,PROCESSED,1789018690424
2238406,1,INITIATED,1789018690303
2238406,2,VALIDATED,1789018690419
2238406,3,PROCESSED,1789018690445
2238407,1,INITIATED,1789018690305
2238407,2,VALIDATED,1789018690421
2238407,3,PROCESSED,1789018690446
2238408,1,INITIATED,1789018690302
2238408,2,VALIDATED,1789018690418
2238408,3,PROCESSED,1789018690439
2238409,1,INITIATED,1789018690302
2238409,2,VALIDATED,1789018690418
2238409,3,PROCESSED,1789018690445
2238410,1,INITIATED,1789018690304
2238410,2,VALIDATED,1789018690417
2238410,3,PROCESSED,1789018690440
2238411,1,INITIATED,1789018690304
2238411,2,VALIDATED,1789018690421
2238411,3,PROCESSED,1789018690445
2238412,1,INITIATED,1789018690304
2238412,2,VALIDATED,1789018690421
2238412,3,PROCESSED,1789018690445
2238413,1,INITIATED,1789018690305
2238413,2,VALIDATED,1789018690419
2238413,3,PROCESSED,1789018690445
2238414,1,INITIATED,1789018690305
2238414,2,VALIDATED,1789018690421
2238414,3,PROCESSED,1789018690444
2238415,1,INITIATED,1789018690318
2238415,2,VALIDATED,1789018690422
2238415,3,PROCESSED,1789018690445
2238416,1,INITIATED,1789018690419
2238416,2,VALIDATED,1789018690438
2238416,3,PROCESSED,1789018690458
2238417,1,INITIATED,1789018690419
2238417,2,VALIDATED,1789018690438
2238417,3,PROCESSED,1789018690458
2238418,1,INITIATED,1789018690419
2238418,2,VALIDATED,1789018690438
2238418,3,PROCESSED,1789018690457
2238419,1,INITIATED,1789018690420
2238419,2,VALIDATED,1789018690437
2238419,3,PROCESSED,1789018690457
2238420,1,INITIATED,1789018690418
2238420,2,VALIDATED,1789018690437
2238420,3,PROCESSED,1789018690457
2238421,1,INITIATED,1789018690436
2238421,2,VALIDATED,1789018690455
2238421,3,PROCESSED,1789018690462
2238422,1,INITIATED,1789018690457
2238422,2,VALIDATED,1789018690476
2238422,3,PROCESSED,1789018690491
2238423,1,INITIATED,1789018690478
2238423,2,VALIDATED,1789018690490
2238423,3,PROCESSED,1789018690495
2238424,1,INITIATED,1789018690497
2238424,2,VALIDATED,1789018690500
2238424,3,PROCESSED,1789018690517
2238425,1,INITIATED,1789018690516
2238425,2,VALIDATED,1789018690519
2238425,3,PROCESSED,1789018690537
2238426,1,INITIATED,1789018690538
2238426,2,VALIDATED,1789018690542
2238426,3,PROCESSED,1789018690558
2238427,1,INITIATED,1789018690557
2238427,2,VALIDATED,1789018690574
2238427,3,PROCESSED,1789018690579
2238428,1,INITIATED,1789018690576
2238428,2,VALIDATED,1789018690580
2238428,3,PROCESSED,1789018690584
2238429,1,INITIATED,1789018690596
2238429,2,VALIDATED,1789018690600
2238429,3,PROCESSED,1789018690604
2238430,1,INITIATED,1789018690617
2238430,2,VALIDATED,1789018690620
2238430,3,PROCESSED,1789018690625
2238431,1,INITIATED,1789018690636
2238431,2,VALIDATED,1789018690640
2238431,3,PROCESSED,1789018690645
2238432,1,INITIATED,1789018690657
2238432,2,VALIDATED,1789018690661
2238432,3,PROCESSED,1789018690665
2238433,1,INITIATED,1789018690784
2238433,2,VALIDATED,1789018690911
2238433,3,PROCESSED,1789018691254
2238434,1,INITIATED,1789018690784
2238434,2,VALIDATED,1789018690911
2238434,3,PROCESSED,1789018691254
2238435,1,INITIATED,1789018690784
2238435,2,VALIDATED,1789018690910
2238435,3,PROCESSED,1789018691251
2238436,1,INITIATED,1789018690784
2238436,2,VALIDATED,1789018690911
2238436,3,PROCESSED,1789018691251
2238437,1,INITIATED,1789018690784
2238437,2,VALIDATED,1789018690911
2238437,3,PROCESSED,1789018691253
2238438,1,INITIATED,1789018690784
2238438,2,VALIDATED,1789018690911
2238438,3,PROCESSED,1789018691252
2238439,1,INITIATED,1789018690799
2238439,2,VALIDATED,1789018690913
2238439,3,PROCESSED,1789018691254
2238440,1,INITIATED,1789018690911
2238440,2,VALIDATED,1789018691248
2238440,3,PROCESSED,1789018691357
2238441,1,INITIATED,1789018690910
2238441,2,VALIDATED,1789018690956
2238441,3,PROCESSED,1789018691255
2238442,1,INITIATED,1789018690910
2238442,2,VALIDATED,1789018690956
2238442,3,PROCESSED,1789018691255
2238443,1,INITIATED,1789018690910
2238443,2,VALIDATED,1789018690958
2238443,3,PROCESSED,1789018691357
2238444,1,INITIATED,1789018690910
2238444,2,VALIDATED,1789018690956
2238444,3,PROCESSED,1789018691255
2238445,1,INITIATED,1789018690917
2238445,2,VALIDATED,1789018691248
2238445,3,PROCESSED,1789018691357
2238446,1,INITIATED,1789018690956
2238446,2,VALIDATED,1789018691251
2238446,3,PROCESSED,1789018691356
2238447,1,INITIATED,1789018690957
2238447,2,VALIDATED,1789018691351
2238447,3,PROCESSED,1789018691387
2238448,1,INITIATED,1789018691253
2238448,2,VALIDATED,1789018691353
2238448,3,PROCESSED,1789018691388
2238449,1,INITIATED,1789018691252
2238449,2,VALIDATED,1789018691356
2238449,3,PROCESSED,1789018691388
2238450,1,INITIATED,1789018691252
2238450,2,VALIDATED,1789018691355
2238450,3,PROCESSED,1789018691387
2238451,1,INITIATED,1789018691252
2238451,2,VALIDATED,1789018691354
2238451,3,PROCESSED,1789018691389
2238452,1,INITIATED,1789018691252
2238452,2,VALIDATED,1789018691355
2238452,3,PROCESSED,1789018691387
2238453,1,INITIATED,1789018691253
2238453,2,VALIDATED,1789018691355
2238453,3,PROCESSED,1789018691389
2238454,1,INITIATED,1789018691250
2238454,2,VALIDATED,1789018691355
2238454,3,PROCESSED,1789018691389
2238455,1,INITIATED,1789018691252
2238455,2,VALIDATED,1789018691355
2238455,3,PROCESSED,1789018691389
2238456,1,INITIATED,1789018691253
2238456,2,VALIDATED,1789018691356
2238456,3,PROCESSED,1789018691388
2238457,1,INITIATED,1789018691250
2238457,2,VALIDATED,1789018691354
2238457,3,PROCESSED,1789018691388
2238458,1,INITIATED,1789018691253
2238458,2,VALIDATED,1789018691356
2238458,3,PROCESSED,1789018691388
2238459,1,INITIATED,1789018691249
2238459,2,VALIDATED,1789018691354
2238459,3,PROCESSED,1789018691389
2238460,1,INITIATED,1789018691250
2238460,2,VALIDATED,1789018691356
2238460,3,PROCESSED,1789018691389
2238461,1,INITIATED,1789018691253
2238461,2,VALIDATED,1789018691355
2238461,3,PROCESSED,1789018691389
2238462,1,INITIATED,1789018691257
2238462,2,VALIDATED,1789018691356
2238462,3,PROCESSED,1789018691389
2238463,1,INITIATED,1789018691350
2238463,2,VALIDATED,1789018691385
2238463,3,PROCESSED,1789018691392
2238464,1,INITIATED,1789018691351
2238464,2,VALIDATED,1789018691386
2238464,3,PROCESSED,1789018691392
2238465,1,INITIATED,1789018691352
2238465,2,VALIDATED,1789018691385
2238465,3,PROCESSED,1789018691392
2238466,1,INITIATED,1789018691355
2238466,2,VALIDATED,1789018691385
2238466,3,PROCESSED,1789018691393
2238467,1,INITIATED,1789018691357
2238467,2,VALIDATED,1789018691384
2238467,3,PROCESSED,1789018691392
2238468,1,INITIATED,1789018691376
2238468,2,VALIDATED,1789018691386
2238468,3,PROCESSED,1789018691392
2238469,1,INITIATED,1789018691396
2238469,2,VALIDATED,1789018691399
2238469,3,PROCESSED,1789018691402
2238470,1,INITIATED,1789018691416
2238470,2,VALIDATED,1789018691420
2238470,3,PROCESSED,1789018691424
2238471,1,INITIATED,1789018691436
2238471,2,VALIDATED,1789018691440
2238471,3,PROCESSED,1789018691444
2238472,1,INITIATED,1789018691457
2238472,2,VALIDATED,1789018691460
2238472,3,PROCESSED,1789018691464
2238473,1,INITIATED,1789018691476
2238473,2,VALIDATED,1789018691480
2238473,3,PROCESSED,1789018691484
2238474,1,INITIATED,1789018691497
2238474,2,VALIDATED,1789018691500
2238474,3,PROCESSED,1789018691504
2238475,1,INITIATED,1789018691516
2238475,2,VALIDATED,1789018691520
2238475,3,PROCESSED,1789018691523
2238476,1,INITIATED,1789018691536
2238476,2,VALIDATED,1789018691540
2238476,3,PROCESSED,1789018691544
2238477,1,INITIATED,1789018691556
2238477,2,VALIDATED,1789018691559
2238477,3,PROCESSED,1789018691563
2238478,1,INITIATED,1789018691577
2238478,2,VALIDATED,1789018691580
2238478,3,PROCESSED,1789018691584
2238479,1,INITIATED,1789018691597
2238479,2,VALIDATED,1789018691601
2238479,3,PROCESSED,1789018691605
2238480,1,INITIATED,1789018691616
2238480,2,VALIDATED,1789018691620
2238480,3,PROCESSED,1789018691623
2238481,1,INITIATED,1789018691636
2238481,2,VALIDATED,1789018691640
2238481,3,PROCESSED,1789018691644
2238482,1,INITIATED,1789018691656
2238482,2,VALIDATED,1789018691660
2238482,3,PROCESSED,1789018691664
2238483,1,INITIATED,1789018691941
2238483,2,VALIDATED,1789018691947
2238483,3,PROCESSED,1789018692078
2238484,1,INITIATED,1789018691942
2238484,2,VALIDATED,1789018691946
2238484,3,PROCESSED,1789018692078
2238485,1,INITIATED,1789018691941
2238485,2,VALIDATED,1789018691946
2238485,3,PROCESSED,1789018692079
2238486,1,INITIATED,1789018691942
2238486,2,VALIDATED,1789018691946
2238486,3,PROCESSED,1789018692079
2238487,1,INITIATED,1789018691941
2238487,2,VALIDATED,1789018691945
2238487,3,PROCESSED,1789018691952
2238488,1,INITIATED,1789018691941
2238488,2,VALIDATED,1789018691946
2238488,3,PROCESSED,1789018692078
2238489,1,INITIATED,1789018691941
2238489,2,VALIDATED,1789018691945
2238489,3,PROCESSED,1789018691952
2238490,1,INITIATED,1789018691941
2238490,2,VALIDATED,1789018691946
2238490,3,PROCESSED,1789018692078
2238491,1,INITIATED,1789018691941
2238491,2,VALIDATED,1789018691945
2238491,3,PROCESSED,1789018691952
2238492,1,INITIATED,1789018691941
2238492,2,VALIDATED,1789018691946
2238492,3,PROCESSED,1789018692079
2238493,1,INITIATED,1789018691941
2238493,2,VALIDATED,1789018691945
2238493,3,PROCESSED,1789018691952
2238494,1,INITIATED,1789018691942
2238494,2,VALIDATED,1789018691946
2238494,3,PROCESSED,1789018692080
2238495,1,INITIATED,1789018691942
2238495,2,VALIDATED,1789018691947
2238495,3,REJECTED,1789018692075
2238496,1,INITIATED,1789018691942
2238496,2,VALIDATED,1789018691947
2238496,3,REJECTED,1789018692076
2238497,1,INITIATED,1789018691964
2238497,2,VALIDATED,1789018692081
2238497,3,REJECTED,1789018692442
2238498,1,INITIATED,1789018692075
2238498,2,VALIDATED,1789018692081
2238498,3,REJECTED,1789018692441
2238499,1,INITIATED,1789018692075
2238499,2,VALIDATED,1789018692081
2238499,3,PROCESSED,1789018692445
2238500,1,INITIATED,1789018692075
2238500,2,VALIDATED,1789018692081
2238500,3,PROCESSED,1789018692445
2238501,1,INITIATED,1789018692075
2238501,2,VALIDATED,1789018692081
2238501,3,PROCESSED,1789018692444
2238502,1,INITIATED,1789018692075
2238502,2,VALIDATED,1789018692081
2238502,3,PROCESSED,1789018692444
2238503,1,INITIATED,1789018692076
2238503,2,VALIDATED,1789018692082
2238503,3,PROCESSED,1789018692445
2238504,1,INITIATED,1789018692441
2238504,2,VALIDATED,1789018692447
2238504,3,PROCESSED,1789018692561
2238505,1,INITIATED,1789018692442
2238505,2,VALIDATED,1789018692463
2238505,3,PROCESSED,1789018692577
2238506,1,INITIATED,1789018692441
2238506,2,VALIDATED,1789018692447
2238506,3,PROCESSED,1789018692561
2238507,1,INITIATED,1789018692440
2238507,2,VALIDATED,1789018692445
2238507,3,PROCESSED,1789018692561
2238508,1,INITIATED,1789018692443
2238508,2,VALIDATED,1789018692463
2238508,3,PROCESSED,1789018692578
2238509,1,INITIATED,1789018692442
2238509,2,VALIDATED,1789018692447
2238509,3,PROCESSED,1789018692561
2238510,1,INITIATED,1789018692443
2238510,2,VALIDATED,1789018692463
2238510,3,PROCESSED,1789018692576
2238511,1,INITIATED,1789018692442
2238511,2,VALIDATED,1789018692448
2238511,3,PROCESSED,1789018692561
2238512,1,INITIATED,1789018692442
2238512,2,VALIDATED,1789018692463
2238512,3,PROCESSED,1789018692578
2238513,1,INITIATED,1789018692440
2238513,2,VALIDATED,1789018692445
2238513,3,PROCESSED,1789018692561
2238514,1,INITIATED,1789018692444
2238514,2,VALIDATED,1789018692463
2238514,3,PROCESSED,1789018692576
2238515,1,INITIATED,1789018692443
2238515,2,VALIDATED,1789018692463
2238515,3,PROCESSED,1789018692577
2238516,1,INITIATED,1789018692440
2238516,2,VALIDATED,1789018692445
2238516,3,PROCESSED,1789018692560
2238517,1,INITIATED,1789018692443
2238517,2,VALIDATED,1789018692463
2238517,3,PROCESSED,1789018692577
2238518,1,INITIATED,1789018692443
2238518,2,VALIDATED,1789018692463
2238518,3,PROCESSED,1789018692578
2238519,1,INITIATED,1789018692441
2238519,2,VALIDATED,1789018692447
2238519,3,PROCESSED,1789018692561
2238520,1,INITIATED,1789018692442
2238520,2,VALIDATED,1789018692463
2238520,3,PROCESSED,1789018692576
2238521,1,INITIATED,1789018692441
2238521,2,VALIDATED,1789018692447
2238521,3,PROCESSED,1789018692561
2238522,1,INITIATED,1789018692461
2238522,2,VALIDATED,1789018692575
2238522,3,PROCESSED,1789018692582
2238523,1,INITIATED,1789018692476
2238523,2,VALIDATED,1789018692574
2238523,3,PROCESSED,1789018692582
2238524,1,INITIATED,1789018692497
2238524,2,VALIDATED,1789018692574
2238524,3,PROCESSED,1789018692582
2238525,1,INITIATED,1789018692516
2238525,2,VALIDATED,1789018692574
2238525,3,PROCESSED,1789018692580
2238526,1,INITIATED,1789018692536
2238526,2,VALIDATED,1789018692574
2238526,3,PROCESSED,1789018692581
2238527,1,INITIATED,1789018692557
2238527,2,VALIDATED,1789018692576
2238527,3,PROCESSED,1789018692582
2238528,1,INITIATED,1789018692577
2238528,2,VALIDATED,1789018692580
2238528,3,PROCESSED,1789018692585
2238529,1,INITIATED,1789018692597
2238529,2,VALIDATED,1789018692600
2238529,3,PROCESSED,1789018692604
2238530,1,INITIATED,1789018692616
2238530,2,VALIDATED,1789018692619
2238530,3,PROCESSED,1789018692623
2238531,1,INITIATED,1789018692636
2238531,2,VALIDATED,1789018692640
2238531,3,PROCESSED,1789018692643
2238532,1,INITIATED,1789018692656
2238532,2,VALIDATED,1789018692659
2238532,3,PROCESSED,1789018692964
2238533,1,INITIATED,1789018692961
2238533,2,VALIDATED,1789018693090
2238533,3,PROCESSED,1789018693373
2238534,1,INITIATED,1789018692962
2238534,2,VALIDATED,1789018693090
2238534,3,PROCESSED,1789018693373
2238535,1,INITIATED,1789018692961
2238535,2,VALIDATED,1789018693089
2238535,3,PROCESSED,1789018693097
2238536,1,INITIATED,1789018692962
2238536,2,VALIDATED,1789018693089
2238536,3,PROCESSED,1789018693097
2238537,1,INITIATED,1789018692962
2238537,2,VALIDATED,1789018693091
2238537,3,PROCESSED,1789018693373
2238538,1,INITIATED,1789018692962
2238538,2,VALIDATED,1789018693089
2238538,3,PROCESSED,1789018693097
2238539,1,INITIATED,1789018692961
2238539,2,VALIDATED,1789018693089
2238539,3,PROCESSED,1789018693374
2238540,1,INITIATED,1789018692962
2238540,2,VALIDATED,1789018693090
2238540,3,PROCESSED,1789018693372
2238541,1,INITIATED,1789018692962
2238541,2,VALIDATED,1789018693089
2238541,3,PROCESSED,1789018693374
2238542,1,INITIATED,1789018692961
2238542,2,VALIDATED,1789018693090
2238542,3,PROCESSED,1789018693373
2238543,1,INITIATED,1789018692962
2238543,2,VALIDATED,1789018693090
2238543,3,PROCESSED,1789018693374
2238544,1,INITIATED,1789018692962
2238544,2,VALIDATED,1789018693090
2238544,3,PROCESSED,1789018693375
2238545,1,INITIATED,1789018692963
2238545,2,VALIDATED,1789018693090
2238545,3,PROCESSED,1789018693373
2238546,1,INITIATED,1789018692961
2238546,2,VALIDATED,1789018693089
2238546,3,PROCESSED,1789018693372
2238547,1,INITIATED,1789018692962
2238547,2,VALIDATED,1789018693089
2238547,3,PROCESSED,1789018693375
2238548,1,INITIATED,1789018692977
2238548,2,VALIDATED,1789018693093
2238548,3,PROCESSED,1789018693375
2238549,1,INITIATED,1789018693086
2238549,2,VALIDATED,1789018693095
2238549,3,PROCESSED,1789018693374
2238550,1,INITIATED,1789018693086
2238550,2,VALIDATED,1789018693096
2238550,3,PROCESSED,1789018693375
2238551,1,INITIATED,1789018693086
2238551,2,VALIDATED,1789018693095
2238551,3,PROCESSED,1789018693374
2238552,1,INITIATED,1789018693086
2238552,2,VALIDATED,1789018693095
2238552,3,PROCESSED,1789018693373
2238553,1,INITIATED,1789018693086
2238553,2,VALIDATED,1789018693095
2238553,3,PROCESSED,1789018693375
2238554,1,INITIATED,1789018693097
2238554,2,VALIDATED,1789018693371
2238554,3,PROCESSED,1789018693477
2238555,1,INITIATED,1789018693371
2238555,2,VALIDATED,1789018693476
2238555,3,PROCESSED,1789018693491
2238556,1,INITIATED,1789018693369
2238556,2,VALIDATED,1789018693475
2238556,3,PROCESSED,1789018693492
2238557,1,INITIATED,1789018693369
2238557,2,VALIDATED,1789018693476
2238557,3,PROCESSED,1789018693491
2238558,1,INITIATED,1789018693371
2238558,2,VALIDATED,1789018693476
2238558,3,PROCESSED,1789018693492
2238559,1,INITIATED,1789018693370
2238559,2,VALIDATED,1789018693476
2238559,3,PROCESSED,1789018693491
2238560,1,INITIATED,1789018693368
2238560,2,VALIDATED,1789018693475
2238560,3,PROCESSED,1789018693492
2238561,1,INITIATED,1789018693370
2238561,2,VALIDATED,1789018693475
2238561,3,PROCESSED,1789018693492
2238562,1,INITIATED,1789018693371
2238562,2,VALIDATED,1789018693475
2238562,3,PROCESSED,1789018693492
2238563,1,INITIATED,1789018693370
2238563,2,VALIDATED,1789018693475
2238563,3,PROCESSED,1789018693492
2238564,1,INITIATED,1789018693367
2238564,2,VALIDATED,1789018693473
2238564,3,PROCESSED,1789018693491
2238565,1,INITIATED,1789018693369
2238565,2,VALIDATED,1789018693475
2238565,3,PROCESSED,1789018693492
2238566,1,INITIATED,1789018693371
2238566,2,VALIDATED,1789018693476
2238566,3,PROCESSED,1789018693491
2238567,1,INITIATED,1789018693371
2238567,2,VALIDATED,1789018693476
2238567,3,PROCESSED,1789018693491
2238568,1,INITIATED,1789018693472
2238568,2,VALIDATED,1789018693489
2238568,3,PROCESSED,1789018693496
2238569,1,INITIATED,1789018693473
2238569,2,VALIDATED,1789018693489
2238569,3,PROCESSED,1789018693496
2238570,1,INITIATED,1789018693473
2238570,2,VALIDATED,1789018693489
2238570,3,PROCESSED,1789018693495
2238571,1,INITIATED,1789018693474
2238571,2,VALIDATED,1789018693489
2238571,3,PROCESSED,1789018693495
2238572,1,INITIATED,1789018693473
2238572,2,VALIDATED,1789018693490
2238572,3,PROCESSED,1789018693496
2238573,1,INITIATED,1789018693476
2238573,2,VALIDATED,1789018693490
2238573,3,PROCESSED,1789018693495
2238574,1,INITIATED,1789018693496
2238574,2,VALIDATED,1789018693499
2238574,3,PROCESSED,1789018693502
2238575,1,INITIATED,1789018693516
2238575,2,VALIDATED,1789018693520
2238575,3,PROCESSED,1789018693538
2238576,1,INITIATED,1789018693536
2238576,2,VALIDATED,1789018693539
2238576,3,PROCESSED,1789018693542
2238577,1,INITIATED,1789018693556
2238577,2,VALIDATED,1789018693560
2238577,3,PROCESSED,1789018693564
2238578,1,INITIATED,1789018693577
2238578,2,VALIDATED,1789018693580
2238578,3,PROCESSED,1789018693585
2238579,1,INITIATED,1789018693596
2238579,2,VALIDATED,1789018693602
2238579,3,PROCESSED,1789018693606
2238580,1,INITIATED,1789018693616
2238580,2,VALIDATED,1789018693620
2238580,3,PROCESSED,1789018693624
2238581,1,INITIATED,1789018693636
2238581,2,VALIDATED,1789018693639
2238581,3,PROCESSED,1789018693643
2238582,1,INITIATED,1789018693656
2238582,2,VALIDATED,1789018693701
2238582,3,PROCESSED,1789018693883
2238583,1,INITIATED,1789018693701
2238583,2,VALIDATED,1789018693880
2238583,3,PROCESSED,1789018693886
2238584,1,INITIATED,1789018693701
2238584,2,VALIDATED,1789018693880
2238584,3,PROCESSED,1789018693886
2238585,1,INITIATED,1789018693880
2238585,2,VALIDATED,1789018693886
2238585,3,PROCESSED,1789018694011
2238586,1,INITIATED,1789018693879
2238586,2,VALIDATED,1789018693884
2238586,3,PROCESSED,1789018694012
2238587,1,INITIATED,1789018693880
2238587,2,VALIDATED,1789018693884
2238587,3,PROCESSED,1789018694011
2238588,1,INITIATED,1789018693880
2238588,2,VALIDATED,1789018693884
2238588,3,PROCESSED,1789018694012
2238589,1,INITIATED,1789018693880
2238589,2,VALIDATED,1789018693884
2238589,3,PROCESSED,1789018694010
2238590,1,INITIATED,1789018693880
2238590,2,VALIDATED,1789018693885
2238590,3,PROCESSED,1789018694011
2238591,1,INITIATED,1789018693879
2238591,2,VALIDATED,1789018693884
2238591,3,PROCESSED,1789018694011
2238592,1,INITIATED,1789018693881
2238592,2,VALIDATED,1789018693886
2238592,3,PROCESSED,1789018694011
2238593,1,INITIATED,1789018693879
2238593,2,VALIDATED,1789018693885
2238593,3,PROCESSED,1789018694011
2238594,1,INITIATED,1789018693898
2238594,2,VALIDATED,1789018694010
2238594,3,PROCESSED,1789018694211
2238595,1,INITIATED,1789018694006
2238595,2,VALIDATED,1789018694208
2238595,3,REJECTED,1789018694213
2238596,1,INITIATED,1789018694007
2238596,2,VALIDATED,1789018694209
2238596,3,REJECTED,1789018694215
2238597,1,INITIATED,1789018694006
2238597,2,VALIDATED,1789018694011
2238597,3,REJECTED,1789018694208
2238598,1,INITIATED,1789018694007
2238598,2,VALIDATED,1789018694208
2238598,3,REJECTED,1789018694213
2238599,1,INITIATED,1789018694006
2238599,2,VALIDATED,1789018694208
2238599,3,PROCESSED,1789018694215
2238600,1,INITIATED,1789018694207
2238600,2,VALIDATED,1789018694212
2238600,3,PROCESSED,1789018694331
2238601,1,INITIATED,1789018694209
2238601,2,VALIDATED,1789018694215
2238601,3,PROCESSED,1789018694331
2238602,1,INITIATED,1789018694208
2238602,2,VALIDATED,1789018694213
2238602,3,PROCESSED,1789018694331
2238603,1,INITIATED,1789018694207
2238603,2,VALIDATED,1789018694212
2238603,3,PROCESSED,1789018694330
2238604,1,INITIATED,1789018694209
2238604,2,VALIDATED,1789018694215
2238604,3,PROCESSED,1789018694332
2238605,1,INITIATED,1789018694208
2238605,2,VALIDATED,1789018694213
2238605,3,PROCESSED,1789018694331
2238606,1,INITIATED,1789018694209
2238606,2,VALIDATED,1789018694215
2238606,3,PROCESSED,1789018694331
2238607,1,INITIATED,1789018694207
2238607,2,VALIDATED,1789018694212
2238607,3,PROCESSED,1789018694331
2238608,1,INITIATED,1789018694208
2238608,2,VALIDATED,1789018694213
2238608,3,PROCESSED,1789018694331
2238609,1,INITIATED,1789018694209
2238609,2,VALIDATED,1789018694215
2238609,3,PROCESSED,1789018694332
2238610,1,INITIATED,1789018694217
2238610,2,VALIDATED,1789018694327
2238610,3,PROCESSED,1789018694333
2238611,1,INITIATED,1789018694236
2238611,2,VALIDATED,1789018694328
2238611,3,PROCESSED,1789018694347
2238612,1,INITIATED,1789018694294
2238612,2,VALIDATED,1789018694328
2238612,3,PROCESSED,1789018694347
2238613,1,INITIATED,1789018694294
2238613,2,VALIDATED,1789018694328
2238613,3,PROCESSED,1789018694347
2238614,1,INITIATED,1789018694296
2238614,2,VALIDATED,1789018694328
2238614,3,PROCESSED,1789018694347
2238615,1,INITIATED,1789018694316
2238615,2,VALIDATED,1789018694327
2238615,3,PROCESSED,1789018694347
2238616,1,INITIATED,1789018694336
2238616,2,VALIDATED,1789018694347
2238616,3,PROCESSED,1789018694364
2238617,1,INITIATED,1789018694357
2238617,2,VALIDATED,1789018694363
2238617,3,PROCESSED,1789018694368
2238618,1,INITIATED,1789018694377
2238618,2,VALIDATED,1789018694381
2238618,3,PROCESSED,1789018694385
2238619,1,INITIATED,1789018694396
2238619,2,VALIDATED,1789018694400
2238619,3,PROCESSED,1789018694416
2238620,1,INITIATED,1789018694416
2238620,2,VALIDATED,1789018694419
2238620,3,PROCESSED,1789018694423
2238621,1,INITIATED,1789018694436
2238621,2,VALIDATED,1789018694441
2238621,3,PROCESSED,1789018694445
2238622,1,INITIATED,1789018694456
2238622,2,VALIDATED,1789018694459
2238622,3,PROCESSED,1789018694464
2238623,1,INITIATED,1789018694476
2238623,2,VALIDATED,1789018694481
2238623,3,PROCESSED,1789018694485
2238624,1,INITIATED,1789018694496
2238624,2,VALIDATED,1789018694498
2238624,3,PROCESSED,1789018694502
2238625,1,INITIATED,1789018694516
2238625,2,VALIDATED,1789018694518
2238625,3,PROCESSED,1789018694521
2238626,1,INITIATED,1789018694536
2238626,2,VALIDATED,1789018694539
2238626,3,PROCESSED,1789018694542
2238627,1,INITIATED,1789018694556
2238627,2,VALIDATED,1789018694559
2238627,3,PROCESSED,1789018694563
2238628,1,INITIATED,1789018694576
2238628,2,VALIDATED,1789018694580
2238628,3,PROCESSED,1789018694583
2238629,1,INITIATED,1789018694597
2238629,2,VALIDATED,1789018694601
2238629,3,PROCESSED,1789018694604
2238630,1,INITIATED,1789018694617
2238630,2,VALIDATED,1789018694620
2238630,3,PROCESSED,1789018694624
2238631,1,INITIATED,1789018694637
2238631,2,VALIDATED,1789018694640
2238631,3,PROCESSED,1789018694644
