2216606,1,INITIATED,1789017837627
2216606,2,VALIDATED,1789017838165
2216606,3,PROCESSED,1789017838824
2216607,1,INITIATED,1789017837622
2216607,2,VALIDATED,1789017838156
2216607,3,PROCESSED,1789017838735
2216608,1,INITIATED,1789017837622
2216608,2,VALIDATED,1789017838306
2216608,3,REJECTED,1789017838831
2216609,1,INITIATED,1789017837627
2216609,2,VALIDATED,1789017838163
2216609,3,PROCESSED,1789017838824
2216610,1,INITIATED,1789017837622
2216610,2,VALIDATED,1789017838301
2216610,3,PROCESSED,1789017838836
2216611,1,INITIATED,1789017837622
2216611,2,VALIDATED,1789017838156
2216611,3,PROCESSED,1789017838736
2216612,1,INITIATED,1789017837622
2216612,2,VALIDATED,1789017838162
2216612,3,REJECTED,1789017838819
2216613,1,INITIATED,1789017837627
2216613,2,VALIDATED,1789017838156
2216613,3,PROCESSED,1789017838721
2216614,1,INITIATED,1789017837627
2216614,2,VALIDATED,1789017838156
2216614,3,REJECTED,1789017838729
2216615,1,INITIATED,1789017837717
2216615,2,VALIDATED,1789017838300
2216615,3,PROCESSED,1789017838833
2216616,1,INITIATED,1789017837715
2216616,2,VALIDATED,1789017838301
2216616,3,REJECTED,1789017838831
2216617,1,INITIATED,1789017837716
2216617,2,VALIDATED,1789017838155
2216617,3,PROCESSED,1789017838733
2216618,1,INITIATED,1789017837715
2216618,2,VALIDATED,1789017838166
2216618,3,PROCESSED,1789017838824
2216619,1,INITIATED,1789017837717
2216619,2,VALIDATED,1789017838164
2216619,3,PROCESSED,1789017838827
2216620,1,INITIATED,1789017837716
2216620,2,VALIDATED,1789017838157
2216620,3,PROCESSED,1789017838736
2216621,1,INITIATED,1789017837716
2216621,2,VALIDATED,1789017838164
2216621,3,PROCESSED,1789017838824
2216622,1,INITIATED,1789017837716
2216622,2,VALIDATED,1789017838164
2216622,3,PROCESSED,1789017838823
2216623,1,INITIATED,1789017837717
2216623,2,VALIDATED,1789017838164
2216623,3,PROCESSED,1789017838823
2216624,1,INITIATED,1789017837718
2216624,2,VALIDATED,1789017838299
2216624,3,PROCESSED,1789017838831
2216625,1,INITIATED,1789017837732
2216625,2,VALIDATED,1789017838165
2216625,3,PROCESSED,1789017838825
2216626,1,INITIATED,1789017837731
2216626,2,VALIDATED,1789017838157
2216626,3,PROCESSED,1789017838734
2216627,1,INITIATED,1789017837732
2216627,2,VALIDATED,1789017838156
2216627,3,PROCESSED,1789017838733
2216628,1,INITIATED,1789017837732
2216628,2,VALIDATED,1789017838299
2216628,3,PROCESSED,1789017838836
2216629,1,INITIATED,1789017837732
2216629,2,VALIDATED,1789017838165
2216629,3,PROCESSED,1789017838823
2216630,1,INITIATED,1789017837732
2216630,2,VALIDATED,1789017838294
2216630,3,PROCESSED,1789017838830
2216631,1,INITIATED,1789017837740
2216631,2,VALIDATED,1789017838163
2216631,3,PROCESSED,1789017838823
2216632,1,INITIATED,1789017837759
2216632,2,VALIDATED,1789017838299
2216632,3,PROCESSED,1789017838836
2216633,1,INITIATED,1789017837777
2216633,2,VALIDATED,1789017838156
2216633,3,PROCESSED,1789017838736
2216634,1,INITIATED,1789017837799
2216634,2,VALIDATED,1789017838299
2216634,3,PROCESSED,1789017838832
2216635,1,INITIATED,1789017837818
2216635,2,VALIDATED,1789017838155
2216635,3,PROCESSED,1789017838736
2216636,1,INITIATED,1789017837841
2216636,2,VALIDATED,1789017838157
2216636,3,PROCESSED,1789017838768
2216637,1,INITIATED,1789017837858
2216637,2,VALIDATED,1789017838301
2216637,3,PROCESSED,1789017838837
2216638,1,INITIATED,1789017837877
2216638,2,VALIDATED,1789017838299
2216638,3,PROCESSED,1789017838835
2216639,1,INITIATED,1789017838298
2216639,2,VALIDATED,1789017838826
2216639,3,PROCESSED,1789017838876
2216640,1,INITIATED,1789017838303
2216640,2,VALIDATED,1789017838831
2216640,3,PROCESSED,1789017838878
2216641,1,INITIATED,1789017838304
2216641,2,VALIDATED,1789017838832
2216641,3,PROCESSED,1789017838876
2216642,1,INITIATED,1789017838705
2216642,2,VALIDATED,1789017838845
2216642,3,PROCESSED,1789017838895
2216643,1,INITIATED,1789017838706
2216643,2,VALIDATED,1789017838846
2216643,3,PROCESSED,1789017838901
2216644,1,INITIATED,1789017838706
2216644,2,VALIDATED,1789017838846
2216644,3,PROCESSED,1789017839207
2216645,1,INITIATED,1789017838706
2216645,2,VALIDATED,1789017838848
2216645,3,PROCESSED,1789017839212
2216646,1,INITIATED,1789017838706
2216646,2,VALIDATED,1789017838848
2216646,3,PROCESSED,1789017838897
2216647,1,INITIATED,1789017838704
2216647,2,VALIDATED,1789017838849
2216647,3,PROCESSED,1789017838897
2216648,1,INITIATED,1789017838705
2216648,2,VALIDATED,1789017838845
2216648,3,PROCESSED,1789017838893
2216649,1,INITIATED,1789017838706
2216649,2,VALIDATED,1789017838846
2216649,3,PROCESSED,1789017838893
2216650,1,INITIATED,1789017838705
2216650,2,VALIDATED,1789017838847
2216650,3,PROCESSED,1789017838897
2216651,1,INITIATED,1789017838705
2216651,2,VALIDATED,1789017838846
2216651,3,PROCESSED,1789017838894
2216652,1,INITIATED,1789017838705
2216652,2,VALIDATED,1789017838846
2216652,3,PROCESSED,1789017838896
2216653,1,INITIATED,1789017838726
2216653,2,VALIDATED,1789017838872
2216653,3,PROCESSED,1789017838946
2216654,1,INITIATED,1789017838727
2216654,2,VALIDATED,1789017838871
2216654,3,PROCESSED,1789017838940
2216655,1,INITIATED,1789017838728
2216655,2,VALIDATED,1789017838872
2216655,3,PROCESSED,1789017838944
2216656,1,INITIATED,1789017838729
2216656,2,VALIDATED,1789017838872
2216656,3,PROCESSED,1789017838942
2216657,1,INITIATED,1789017838815
2216657,2,VALIDATED,1789017838872
2216657,3,PROCESSED,1789017838944
2216658,1,INITIATED,1789017838816
2216658,2,VALIDATED,1789017838871
2216658,3,PROCESSED,1789017838944
2216659,1,INITIATED,1789017838818
2216659,2,VALIDATED,1789017838871
2216659,3,PROCESSED,1789017838944
2216660,1,INITIATED,1789017838820
2216660,2,VALIDATED,1789017838871
2216660,3,PROCESSED,1789017838902
2216661,1,INITIATED,1789017838828
2216661,2,VALIDATED,1789017838870
2216661,3,PROCESSED,1789017838943
2216662,1,INITIATED,1789017838832
2216662,2,VALIDATED,1789017838872
2216662,3,PROCESSED,1789017838942
2216663,1,INITIATED,1789017838833
2216663,2,VALIDATED,1789017838847
2216663,3,PROCESSED,1789017838900
2216664,1,INITIATED,1789017838834
2216664,2,VALIDATED,1789017838881
2216664,3,PROCESSED,1789017839216
2216665,1,INITIATED,1789017838836
2216665,2,VALIDATED,1789017838878
2216665,3,PROCESSED,1789017838894
2216666,1,INITIATED,1789017838837
2216666,2,VALIDATED,1789017838880
2216666,3,PROCESSED,1789017839207
2216667,1,INITIATED,1789017838838
2216667,2,VALIDATED,1789017838887
2216667,3,PROCESSED,1789017839211
2216668,1,INITIATED,1789017838837
2216668,2,VALIDATED,1789017838881
2216668,3,PROCESSED,1789017838944
2216669,1,INITIATED,1789017838838
2216669,2,VALIDATED,1789017838879
2216669,3,PROCESSED,1789017838944
2216670,1,INITIATED,1789017838838
2216670,2,VALIDATED,1789017838882
2216670,3,PROCESSED,1789017839208
2216671,1,INITIATED,1789017838839
2216671,2,VALIDATED,1789017838878
2216671,3,PROCESSED,1789017838943
2216672,1,INITIATED,1789017838839
2216672,2,VALIDATED,1789017838885
2216672,3,PROCESSED,1789017839211
2216673,1,INITIATED,1789017838839
2216673,2,VALIDATED,1789017838879
2216673,3,PROCESSED,1789017838943
2216674,1,INITIATED,1789017838839
2216674,2,VALIDATED,1789017838878
2216674,3,PROCESSED,1789017838943
2216675,1,INITIATED,1789017838840
2216675,2,VALIDATED,1789017838884
2216675,3,PROCESSED,1789017838899
2216676,1,INITIATED,1789017838841
2216676,2,VALIDATED,1789017838882
2216676,3,PROCESSED,1789017839211
2216677,1,INITIATED,1789017838841
2216677,2,VALIDATED,1789017838881
2216677,3,PROCESSED,1789017838897
2216678,1,INITIATED,1789017838841
2216678,2,VALIDATED,1789017838881
2216678,3,PROCESSED,1789017839209
2216679,1,INITIATED,1789017838842
2216679,2,VALIDATED,1789017838881
2216679,3,PROCESSED,1789017839211
2216680,1,INITIATED,1789017838847
2216680,2,VALIDATED,1789017838889
2216680,3,PROCESSED,1789017839210
2216681,1,INITIATED,1789017838847
2216681,2,VALIDATED,1789017838895
2216681,3,PROCESSED,1789017839735
2216682,1,INITIATED,1789017838848
2216682,2,VALIDATED,1789017838887
2216682,3,PROCESSED,1789017839208
2216683,1,INITIATED,1789017838849
2216683,2,VALIDATED,1789017838889
2216683,3,PROCESSED,1789017839211
2216684,1,INITIATED,1789017838868
2216684,2,VALIDATED,1789017839199
2216684,3,PROCESSED,1789017839735
2216685,1,INITIATED,1789017838869
2216685,2,VALIDATED,1789017838938
2216685,3,PROCESSED,1789017839735
2216686,1,INITIATED,1789017838874
2216686,2,VALIDATED,1789017838937
2216686,3,PROCESSED,1789017839362
2216687,1,INITIATED,1789017838886
2216687,2,VALIDATED,1789017839199
2216687,3,PROCESSED,1789017839734
2216688,1,INITIATED,1789017838892
2216688,2,VALIDATED,1789017839209
2216688,3,PROCESSED,1789017839735
2216689,1,INITIATED,1789017839202
2216689,2,VALIDATED,1789017839363
2216689,3,PROCESSED,1789017839758
2216690,1,INITIATED,1789017839207
2216690,2,VALIDATED,1789017839363
2216690,3,PROCESSED,1789017839757
2216691,1,INITIATED,1789017839356
2216691,2,VALIDATED,1789017839753
2216691,3,PROCESSED,1789017839887
2216692,1,INITIATED,1789017839358
2216692,2,VALIDATED,1789017839753
2216692,3,PROCESSED,1789017839768
2216693,1,INITIATED,1789017839357
2216693,2,VALIDATED,1789017839730
2216693,3,PROCESSED,1789017839768
2216694,1,INITIATED,1789017839357
2216694,2,VALIDATED,1789017839749
2216694,3,PROCESSED,1789017839771
2216695,1,INITIATED,1789017839357
2216695,2,VALIDATED,1789017839753
2216695,3,PROCESSED,1789017839889
2216696,1,INITIATED,1789017839358
2216696,2,VALIDATED,1789017839750
2216696,3,PROCESSED,1789017839887
2216697,1,INITIATED,1789017839358
2216697,2,VALIDATED,1789017839750
2216697,3,PROCESSED,1789017839771
2216698,1,INITIATED,1789017839360
2216698,2,VALIDATED,1789017839753
2216698,3,PROCESSED,1789017839888
2216699,1,INITIATED,1789017839360
2216699,2,VALIDATED,1789017839753
2216699,3,PROCESSED,1789017839888
2216700,1,INITIATED,1789017839361
2216700,2,VALIDATED,1789017839752
2216700,3,PROCESSED,1789017839766
2216701,1,INITIATED,1789017839362
2216701,2,VALIDATED,1789017839750
2216701,3,PROCESSED,1789017839771
2216702,1,INITIATED,1789017839362
2216702,2,VALIDATED,1789017839730
2216702,3,PROCESSED,1789017839768
2216703,1,INITIATED,1789017839363
2216703,2,VALIDATED,1789017839750
2216703,3,PROCESSED,1789017839771
2216704,1,INITIATED,1789017839727
2216704,2,VALIDATED,1789017839764
2216704,3,REJECTED,1789017839951
2216705,1,INITIATED,1789017839731
2216705,2,VALIDATED,1789017839762
2216705,3,PROCESSED,1789017839954
2216706,1,INITIATED,1789017839726
2216706,2,VALIDATED,1789017839882
2216706,3,PROCESSED,1789017840208
2216707,1,INITIATED,1789017839729
2216707,2,VALIDATED,1789017839883
2216707,3,PROCESSED,1789017839955
2216708,1,INITIATED,1789017839727
2216708,2,VALIDATED,1789017839883
2216708,3,REJECTED,1789017840202
2216709,1,INITIATED,1789017839728
2216709,2,VALIDATED,1789017839762
2216709,3,REJECTED,1789017839950
2216710,1,INITIATED,1789017839726
2216710,2,VALIDATED,1789017839763
2216710,3,PROCESSED,1789017840208
2216711,1,INITIATED,1789017839730
2216711,2,VALIDATED,1789017839765
2216711,3,PROCESSED,1789017839956
2216712,1,INITIATED,1789017839727
2216712,2,VALIDATED,1789017839765
2216712,3,REJECTED,1789017839949
2216713,1,INITIATED,1789017839728
2216713,2,VALIDATED,1789017839765
2216713,3,PROCESSED,1789017839956
2216714,1,INITIATED,1789017839730
2216714,2,VALIDATED,1789017839764
2216714,3,PROCESSED,1789017839955
2216715,1,INITIATED,1789017839749
2216715,2,VALIDATED,1789017839883
2216715,3,PROCESSED,1789017840207
2216716,1,INITIATED,1789017839752
2216716,2,VALIDATED,1789017839882
2216716,3,PROCESSED,1789017840208
2216717,1,INITIATED,1789017839751
2216717,2,VALIDATED,1789017839881
2216717,3,PROCESSED,1789017840205
2216718,1,INITIATED,1789017839751
2216718,2,VALIDATED,1789017839846
2216718,3,PROCESSED,1789017840206
2216719,1,INITIATED,1789017839754
2216719,2,VALIDATED,1789017839881
2216719,3,PROCESSED,1789017840208
2216720,1,INITIATED,1789017839757
2216720,2,VALIDATED,1789017839884
2216720,3,PROCESSED,1789017840206
2216721,1,INITIATED,1789017839757
2216721,2,VALIDATED,1789017839952
2216721,3,PROCESSED,1789017840356
2216722,1,INITIATED,1789017839756
2216722,2,VALIDATED,1789017839894
2216722,3,PROCESSED,1789017840207
2216723,1,INITIATED,1789017839756
2216723,2,VALIDATED,1789017839951
2216723,3,PROCESSED,1789017840354
2216724,1,INITIATED,1789017839757
2216724,2,VALIDATED,1789017839884
2216724,3,PROCESSED,1789017840206
2216725,1,INITIATED,1789017839758
2216725,2,VALIDATED,1789017839882
2216725,3,PROCESSED,1789017840206
2216726,1,INITIATED,1789017839758
2216726,2,VALIDATED,1789017839884
2216726,3,PROCESSED,1789017840208
2216727,1,INITIATED,1789017839757
2216727,2,VALIDATED,1789017839880
2216727,3,PROCESSED,1789017840207
2216728,1,INITIATED,1789017839758
2216728,2,VALIDATED,1789017839882
2216728,3,PROCESSED,1789017840208
2216729,1,INITIATED,1789017839758
2216729,2,VALIDATED,1789017839884
2216729,3,PROCESSED,1789017840215
2216730,1,INITIATED,1789017839759
2216730,2,VALIDATED,1789017839952
2216730,3,PROCESSED,1789017840354
2216731,1,INITIATED,1789017839760
2216731,2,VALIDATED,1789017839950
2216731,3,PROCESSED,1789017840356
2216732,1,INITIATED,1789017839763
2216732,2,VALIDATED,1789017839952
2216732,3,PROCESSED,1789017840354
2216733,1,INITIATED,1789017839949
2216733,2,VALIDATED,1789017840203
2216733,3,PROCESSED,1789017840732
2216734,1,INITIATED,1789017839949
2216734,2,VALIDATED,1789017840351
2216734,3,PROCESSED,1789017840738
2216735,1,INITIATED,1789017839950
2216735,2,VALIDATED,1789017840349
2216735,3,PROCESSED,1789017840738
2216736,1,INITIATED,1789017839949
2216736,2,VALIDATED,1789017840348
2216736,3,PROCESSED,1789017840740
2216737,1,INITIATED,1789017839950
2216737,2,VALIDATED,1789017840350
2216737,3,PROCESSED,1789017840738
2216738,1,INITIATED,1789017839950
2216738,2,VALIDATED,1789017840346
2216738,3,PROCESSED,1789017840738
2216739,1,INITIATED,1789017839952
2216739,2,VALIDATED,1789017840350
2216739,3,PROCESSED,1789017840735
2216740,1,INITIATED,1789017840196
2216740,2,VALIDATED,1789017840382
2216740,3,PROCESSED,1789017840769
2216741,1,INITIATED,1789017840196
2216741,2,VALIDATED,1789017840382
2216741,3,PROCESSED,1789017840768
2216742,1,INITIATED,1789017840199
2216742,2,VALIDATED,1789017840384
2216742,3,PROCESSED,1789017840769
2216743,1,INITIATED,1789017840196
2216743,2,VALIDATED,1789017840348
2216743,3,PROCESSED,1789017840738
2216744,1,INITIATED,1789017840343
2216744,2,VALIDATED,1789017840732
2216744,3,PROCESSED,1789017840775
2216745,1,INITIATED,1789017840346
2216745,2,VALIDATED,1789017840731
2216745,3,PROCESSED,1789017840770
2216746,1,INITIATED,1789017840347
2216746,2,VALIDATED,1789017840732
2216746,3,PROCESSED,1789017840785
2216747,1,INITIATED,1789017840348
2216747,2,VALIDATED,1789017840734
2216747,3,PROCESSED,1789017840883
2216748,1,INITIATED,1789017840349
2216748,2,VALIDATED,1789017840731
2216748,3,PROCESSED,1789017840893
2216749,1,INITIATED,1789017840348
2216749,2,VALIDATED,1789017840736
2216749,3,PROCESSED,1789017840884
2216750,1,INITIATED,1789017840349
2216750,2,VALIDATED,1789017840731
2216750,3,PROCESSED,1789017840777
2216751,1,INITIATED,1789017840350
2216751,2,VALIDATED,1789017840735
2216751,3,PROCESSED,1789017840783
2216752,1,INITIATED,1789017840352
2216752,2,VALIDATED,1789017840735
2216752,3,PROCESSED,1789017840783
2216753,1,INITIATED,1789017840355
2216753,2,VALIDATED,1789017840731
2216753,3,PROCESSED,1789017840781
2216754,1,INITIATED,1789017840377
2216754,2,VALIDATED,1789017840730
2216754,3,PROCESSED,1789017840780
2216755,1,INITIATED,1789017840378
2216755,2,VALIDATED,1789017840758
2216755,3,PROCESSED,1789017840783
2216756,1,INITIATED,1789017840378
2216756,2,VALIDATED,1789017840758
2216756,3,PROCESSED,1789017840883
2216757,1,INITIATED,1789017840379
2216757,2,VALIDATED,1789017840777
2216757,3,PROCESSED,1789017840888
2216758,1,INITIATED,1789017840379
2216758,2,VALIDATED,1789017840739
2216758,3,PROCESSED,1789017840782
2216759,1,INITIATED,1789017840380
2216759,2,VALIDATED,1789017840758
2216759,3,PROCESSED,1789017840783
2216760,1,INITIATED,1789017840380
2216760,2,VALIDATED,1789017840732
2216760,3,PROCESSED,1789017840781
2216761,1,INITIATED,1789017840380
2216761,2,VALIDATED,1789017840759
2216761,3,PROCESSED,1789017840882
2216762,1,INITIATED,1789017840380
2216762,2,VALIDATED,1789017840767
2216762,3,PROCESSED,1789017840881
2216763,1,INITIATED,1789017840380
2216763,2,VALIDATED,1789017840758
2216763,3,PROCESSED,1789017840782
2216764,1,INITIATED,1789017840729
2216764,2,VALIDATED,1789017840775
2216764,3,PROCESSED,1789017840885
2216765,1,INITIATED,1789017840730
2216765,2,VALIDATED,1789017840765
2216765,3,PROCESSED,1789017840783
2216766,1,INITIATED,1789017840763
2216766,2,VALIDATED,1789017840776
2216766,3,PROCESSED,1789017840890
2216767,1,INITIATED,1789017840764
2216767,2,VALIDATED,1789017840779
2216767,3,PROCESSED,1789017840891
2216768,1,INITIATED,1789017840764
2216768,2,VALIDATED,1789017840778
2216768,3,PROCESSED,1789017840892
2216769,1,INITIATED,1789017840764
2216769,2,VALIDATED,1789017840775
2216769,3,PROCESSED,1789017840883
2216770,1,INITIATED,1789017840765
2216770,2,VALIDATED,1789017840879
2216770,3,PROCESSED,1789017840893
2216771,1,INITIATED,1789017840767
2216771,2,VALIDATED,1789017840880
2216771,3,PROCESSED,1789017840894
2216772,1,INITIATED,1789017840768
2216772,2,VALIDATED,1789017840780
2216772,3,PROCESSED,1789017840890
2216773,1,INITIATED,1789017840767
2216773,2,VALIDATED,1789017840879
2216773,3,PROCESSED,1789017840895
2216774,1,INITIATED,1789017840768
2216774,2,VALIDATED,1789017840878
2216774,3,PROCESSED,1789017840895
2216775,1,INITIATED,1789017840770
2216775,2,VALIDATED,1789017840880
2216775,3,PROCESSED,1789017840895
2216776,1,INITIATED,1789017840772
2216776,2,VALIDATED,1789017840880
2216776,3,PROCESSED,1789017840895
2216777,1,INITIATED,1789017840772
2216777,2,VALIDATED,1789017840879
2216777,3,PROCESSED,1789017840894
2216778,1,INITIATED,1789017840772
2216778,2,VALIDATED,1789017840879
2216778,3,PROCESSED,1789017840894
2216779,1,INITIATED,1789017840772
2216779,2,VALIDATED,1789017840880
2216779,3,PROCESSED,1789017840898
2216780,1,INITIATED,1789017840773
2216780,2,VALIDATED,1789017840881
2216780,3,PROCESSED,1789017840897
2216781,1,INITIATED,1789017840776
2216781,2,VALIDATED,1789017840881
2216781,3,PROCESSED,1789017840898
2216782,1,INITIATED,1789017840780
2216782,2,VALIDATED,1789017840885
2216782,3,PROCESSED,1789017840900
2216783,1,INITIATED,1789017840874
2216783,2,VALIDATED,1789017840887
2216783,3,PROCESSED,1789017840900
2216784,1,INITIATED,1789017840877
2216784,2,VALIDATED,1789017840889
2216784,3,PROCESSED,1789017840900
2216785,1,INITIATED,1789017840877
2216785,2,VALIDATED,1789017840886
2216785,3,PROCESSED,1789017840900
2216786,1,INITIATED,1789017840878
2216786,2,VALIDATED,1789017840886
2216786,3,PROCESSED,1789017840900
2216787,1,INITIATED,1789017840880
2216787,2,VALIDATED,1789017840891
2216787,3,PROCESSED,1789017840964
2216788,1,INITIATED,1789017840879
2216788,2,VALIDATED,1789017840888
2216788,3,PROCESSED,1789017840900
2216789,1,INITIATED,1789017840896
2216789,2,VALIDATED,1789017840961
2216789,3,PROCESSED,1789017841290
2216790,1,INITIATED,1789017840953
2216790,2,VALIDATED,1789017840962
2216790,3,PROCESSED,1789017841289
2216791,1,INITIATED,1789017840953
2216791,2,VALIDATED,1789017840963
2216791,3,PROCESSED,1789017841290
2216792,1,INITIATED,1789017840954
2216792,2,VALIDATED,1789017840963
2216792,3,PROCESSED,1789017841289
2216793,1,INITIATED,1789017841280
2216793,2,VALIDATED,1789017841291
2216793,3,PROCESSED,1789017841465
2216794,1,INITIATED,1789017841280
2216794,2,VALIDATED,1789017841292
2216794,3,PROCESSED,1789017841469
2216795,1,INITIATED,1789017841281
2216795,2,VALIDATED,1789017841295
2216795,3,PROCESSED,1789017841466
2216796,1,INITIATED,1789017841281
2216796,2,VALIDATED,1789017841295
2216796,3,PROCESSED,1789017841465
2216797,1,INITIATED,1789017841284
2216797,2,VALIDATED,1789017841459
2216797,3,PROCESSED,1789017841659
2216798,1,INITIATED,1789017841279
2216798,2,VALIDATED,1789017841294
2216798,3,PROCESSED,1789017841466
2216799,1,INITIATED,1789017841282
2216799,2,VALIDATED,1789017841297
2216799,3,PROCESSED,1789017841465
2216800,1,INITIATED,1789017841279
2216800,2,VALIDATED,1789017841291
2216800,3,PROCESSED,1789017841466
2216801,1,INITIATED,1789017841279
2216801,2,VALIDATED,1789017841291
2216801,3,PROCESSED,1789017841469
2216802,1,INITIATED,1789017841284
2216802,2,VALIDATED,1789017841454
2216802,3,PROCESSED,1789017841661
2216803,1,INITIATED,1789017841279
2216803,2,VALIDATED,1789017841291
2216803,3,PROCESSED,1789017841467
2216804,1,INITIATED,1789017841282
2216804,2,VALIDATED,1789017841296
2216804,3,PROCESSED,1789017841466
2216805,1,INITIATED,1789017841283
2216805,2,VALIDATED,1789017841295
2216805,3,PROCESSED,1789017841465
2216806,1,INITIATED,1789017841279
2216806,2,VALIDATED,1789017841292
2216806,3,REJECTED,1789017841462
2216807,1,INITIATED,1789017841281
2216807,2,VALIDATED,1789017841298
2216807,3,REJECTED,1789017841462
2216808,1,INITIATED,1789017841279
2216808,2,VALIDATED,1789017841291
2216808,3,REJECTED,1789017841460
2216809,1,INITIATED,1789017841295
2216809,2,VALIDATED,1789017841465
2216809,3,REJECTED,1789017841655
2216810,1,INITIATED,1789017841455
2216810,2,VALIDATED,1789017841655
2216810,3,PROCESSED,1789017841669
2216811,1,INITIATED,1789017841455
2216811,2,VALIDATED,1789017841654
2216811,3,PROCESSED,1789017841669
2216812,1,INITIATED,1789017841455
2216812,2,VALIDATED,1789017841656
2216812,3,PROCESSED,1789017841669
2216813,1,INITIATED,1789017841456
2216813,2,VALIDATED,1789017841656
2216813,3,PROCESSED,1789017841672
2216814,1,INITIATED,1789017841456
2216814,2,VALIDATED,1789017841656
2216814,3,PROCESSED,1789017841671
2216815,1,INITIATED,1789017841457
2216815,2,VALIDATED,1789017841656
2216815,3,PROCESSED,1789017841669
2216816,1,INITIATED,1789017841457
2216816,2,VALIDATED,1789017841655
2216816,3,PROCESSED,1789017841671
2216817,1,INITIATED,1789017841457
2216817,2,VALIDATED,1789017841655
2216817,3,PROCESSED,1789017841671
2216818,1,INITIATED,1789017841653
2216818,2,VALIDATED,1789017841665
2216818,3,PROCESSED,1789017841676
2216819,1,INITIATED,1789017841652
2216819,2,VALIDATED,1789017841666
2216819,3,PROCESSED,1789017841678
2216820,1,INITIATED,1789017841652
2216820,2,VALIDATED,1789017841665
2216820,3,PROCESSED,1789017841678
2216821,1,INITIATED,1789017841653
2216821,2,VALIDATED,1789017841664
2216821,3,PROCESSED,1789017841676
2216822,1,INITIATED,1789017841652
2216822,2,VALIDATED,1789017841664
2216822,3,PROCESSED,1789017841676
2216823,1,INITIATED,1789017841652
2216823,2,VALIDATED,1789017841666
2216823,3,PROCESSED,1789017841679
2216824,1,INITIATED,1789017841651
2216824,2,VALIDATED,1789017841666
2216824,3,PROCESSED,1789017841678
2216825,1,INITIATED,1789017841652
2216825,2,VALIDATED,1789017841664
2216825,3,PROCESSED,1789017841676
2216826,1,INITIATED,1789017841652
2216826,2,VALIDATED,1789017841666
2216826,3,PROCESSED,1789017841678
2216827,1,INITIATED,1789017841657
2216827,2,VALIDATED,1789017841664
2216827,3,PROCESSED,1789017841677
2216828,1,INITIATED,1789017841675
2216828,2,VALIDATED,1789017841696
2216828,3,PROCESSED,1789017841705
2216829,1,INITIATED,1789017841695
2216829,2,VALIDATED,1789017841701
2216829,3,PROCESSED,1789017841712
2216830,1,INITIATED,1789017841715
2216830,2,VALIDATED,1789017841720
2216830,3,PROCESSED,1789017841729
2216831,1,INITIATED,1789017841735
2216831,2,VALIDATED,1789017841743
2216831,3,PROCESSED,1789017841750
2216832,1,INITIATED,1789017841754
2216832,2,VALIDATED,1789017841760
2216832,3,PROCESSED,1789017841766
2216833,1,INITIATED,1789017841774
2216833,2,VALIDATED,1789017841778
2216833,3,PROCESSED,1789017841783
2216834,1,INITIATED,1789017841794
2216834,2,VALIDATED,1789017841799
2216834,3,PROCESSED,1789017841805
2216835,1,INITIATED,1789017841814
2216835,2,VALIDATED,1789017841820
2216835,3,PROCESSED,1789017841827
2216836,1,INITIATED,1789017841834
2216836,2,VALIDATED,1789017841839
2216836,3,PROCESSED,1789017841846
2216837,1,INITIATED,1789017841854
2216837,2,VALIDATED,1789017841860
2216837,3,PROCESSED,1789017841866
2216838,1,INITIATED,1789017841873
2216838,2,VALIDATED,1789017841877
2216838,3,PROCESSED,1789017841883
2216839,1,INITIATED,1789017841893
2216839,2,VALIDATED,1789017841905
2216839,3,PROCESSED,1789017842051
2216840,1,INITIATED,1789017842047
2216840,2,VALIDATED,1789017842056
2216840,3,PROCESSED,1789017842091
2216841,1,INITIATED,1789017842048
2216841,2,VALIDATED,1789017842060
2216841,3,PROCESSED,1789017842092
2216842,1,INITIATED,1789017842048
2216842,2,VALIDATED,1789017842059
2216842,3,PROCESSED,1789017842092
2216843,1,INITIATED,1789017842047
2216843,2,VALIDATED,1789017842059
2216843,3,PROCESSED,1789017842097
2216844,1,INITIATED,1789017842048
2216844,2,VALIDATED,1789017842056
2216844,3,PROCESSED,1789017842092
2216845,1,INITIATED,1789017842048
2216845,2,VALIDATED,1789017842059
2216845,3,PROCESSED,1789017842091
2216846,1,INITIATED,1789017842047
2216846,2,VALIDATED,1789017842056
2216846,3,PROCESSED,1789017842092
2216847,1,INITIATED,1789017842054
2216847,2,VALIDATED,1789017842089
2216847,3,PROCESSED,1789017842107
2216848,1,INITIATED,1789017842085
2216848,2,VALIDATED,1789017842104
2216848,3,PROCESSED,1789017842111
2216849,1,INITIATED,1789017842095
2216849,2,VALIDATED,1789017842104
2216849,3,PROCESSED,1789017842111
2216850,1,INITIATED,1789017842114
2216850,2,VALIDATED,1789017842120
2216850,3,PROCESSED,1789017842128
2216851,1,INITIATED,1789017842135
2216851,2,VALIDATED,1789017842141
2216851,3,PROCESSED,1789017842149
2216852,1,INITIATED,1789017842154
2216852,2,VALIDATED,1789017842159
2216852,3,PROCESSED,1789017842166
2216853,1,INITIATED,1789017842175
2216853,2,VALIDATED,1789017842181
2216853,3,PROCESSED,1789017842190
2216854,1,INITIATED,1789017842195
2216854,2,VALIDATED,1789017842200
2216854,3,PROCESSED,1789017842207
2216855,1,INITIATED,1789017842215
2216855,2,VALIDATED,1789017842220
2216855,3,PROCESSED,1789017842227
2216856,1,INITIATED,1789017842235
2216856,2,VALIDATED,1789017842241
2216856,3,PROCESSED,1789017842247
2216857,1,INITIATED,1789017842257
2216857,2,VALIDATED,1789017842263
2216857,3,PROCESSED,1789017842271
2216858,1,INITIATED,1789017842275
2216858,2,VALIDATED,1789017842279
2216858,3,PROCESSED,1789017842399
2216859,1,INITIATED,1789017842396
2216859,2,VALIDATED,1789017842405
2216859,3,PROCESSED,1789017842430
2216860,1,INITIATED,1789017842396
2216860,2,VALIDATED,1789017842405
2216860,3,PROCESSED,1789017842430
2216861,1,INITIATED,1789017842396
2216861,2,VALIDATED,1789017842405
2216861,3,PROCESSED,1789017842412
2216862,1,INITIATED,1789017842396
2216862,2,VALIDATED,1789017842405
2216862,3,PROCESSED,1789017842430
2216863,1,INITIATED,1789017842396
2216863,2,VALIDATED,1789017842405
2216863,3,PROCESSED,1789017842430
2216864,1,INITIATED,1789017842396
2216864,2,VALIDATED,1789017842405
2216864,3,PROCESSED,1789017842430
2216865,1,INITIATED,1789017842414
2216865,2,VALIDATED,1789017842428
2216865,3,PROCESSED,1789017842448
2216866,1,INITIATED,1789017842441
2216866,2,VALIDATED,1789017842449
2216866,3,PROCESSED,1789017842475
2216867,1,INITIATED,1789017842469
2216867,2,VALIDATED,1789017842478
2216867,3,PROCESSED,1789017842487
2216868,1,INITIATED,1789017842475
2216868,2,VALIDATED,1789017842483
2216868,3,PROCESSED,1789017842493
2216869,1,INITIATED,1789017842494
2216869,2,VALIDATED,1789017842503
2216869,3,PROCESSED,1789017842515
2216870,1,INITIATED,1789017842514
2216870,2,VALIDATED,1789017842523
2216870,3,PROCESSED,1789017842530
2216871,1,INITIATED,1789017842534
2216871,2,VALIDATED,1789017842541
2216871,3,PROCESSED,1789017842549
2216872,1,INITIATED,1789017842554
2216872,2,VALIDATED,1789017842560
2216872,3,PROCESSED,1789017842568
2216873,1,INITIATED,1789017842574
2216873,2,VALIDATED,1789017842579
2216873,3,PROCESSED,1789017842586
2216874,1,INITIATED,1789017842594
2216874,2,VALIDATED,1789017842599
2216874,3,PROCESSED,1789017842608
2216875,1,INITIATED,1789017842613
2216875,2,VALIDATED,1789017842618
2216875,3,PROCESSED,1789017842625
2216876,1,INITIATED,1789017842634
2216876,2,VALIDATED,1789017842639
2216876,3,PROCESSED,1789017842645
2216877,1,INITIATED,1789017842654
2216877,2,VALIDATED,1789017842660
2216877,3,PROCESSED,1789017842667
2216878,1,INITIATED,1789017842674
2216878,2,VALIDATED,1789017842680
2216878,3,PROCESSED,1789017842687
2216879,1,INITIATED,1789017842694
2216879,2,VALIDATED,1789017842699
2216879,3,PROCESSED,1789017842705
2216880,1,INITIATED,1789017842714
2216880,2,VALIDATED,1789017842719
2216880,3,PROCESSED,1789017842725
2216881,1,INITIATED,1789017842733
2216881,2,VALIDATED,1789017842738
2216881,3,PROCESSED,1789017842745
2216882,1,INITIATED,1789017842754
2216882,2,VALIDATED,1789017842759
2216882,3,PROCESSED,1789017842766
2216883,1,INITIATED,1789017842774
2216883,2,VALIDATED,1789017842779
2216883,3,PROCESSED,1789017842785
2216884,1,INITIATED,1789017842794
2216884,2,VALIDATED,1789017842799
2216884,3,PROCESSED,1789017842805
2216885,1,INITIATED,1789017842813
2216885,2,VALIDATED,1789017842817
2216885,3,PROCESSED,1789017842825
2216886,1,INITIATED,1789017842835
2216886,2,VALIDATED,1789017842840
2216886,3,PROCESSED,1789017842846
2216887,1,INITIATED,1789017842855
2216887,2,VALIDATED,1789017842860
2216887,3,PROCESSED,1789017842866
2216888,1,INITIATED,1789017842874
2216888,2,VALIDATED,1789017842878
2216888,3,PROCESSED,1789017842884
2216889,1,INITIATED,1789017842894
2216889,2,VALIDATED,1789017842906
2216889,3,PROCESSED,1789017843170
2216890,1,INITIATED,1789017842914
2216890,2,VALIDATED,1789017843169
2216890,3,PROCESSED,1789017843298
2216891,1,INITIATED,1789017843168
2216891,2,VALIDATED,1789017843295
2216891,3,PROCESSED,1789017843313
2216892,1,INITIATED,1789017843167
2216892,2,VALIDATED,1789017843291
2216892,3,PROCESSED,1789017843308
2216893,1,INITIATED,1789017843168
2216893,2,VALIDATED,1789017843294
2216893,3,PROCESSED,1789017843312
2216894,1,INITIATED,1789017843167
2216894,2,VALIDATED,1789017843290
2216894,3,PROCESSED,1789017843307
2216895,1,INITIATED,1789017843168
2216895,2,VALIDATED,1789017843295
2216895,3,PROCESSED,1789017843313
2216896,1,INITIATED,1789017843168
2216896,2,VALIDATED,1789017843295
2216896,3,PROCESSED,1789017843312
2216897,1,INITIATED,1789017843168
2216897,2,VALIDATED,1789017843305
2216897,3,PROCESSED,1789017843324
2216898,1,INITIATED,1789017843167
2216898,2,VALIDATED,1789017843287
2216898,3,PROCESSED,1789017843309
2216899,1,INITIATED,1789017843167
2216899,2,VALIDATED,1789017843294
2216899,3,PROCESSED,1789017843313
2216900,1,INITIATED,1789017843168
2216900,2,VALIDATED,1789017843294
2216900,3,PROCESSED,1789017843313
2216901,1,INITIATED,1789017843167
2216901,2,VALIDATED,1789017843290
2216901,3,PROCESSED,1789017843308
2216902,1,INITIATED,1789017843169
2216902,2,VALIDATED,1789017843294
2216902,3,PROCESSED,1789017843312
2216903,1,INITIATED,1789017843174
2216903,2,VALIDATED,1789017843294
2216903,3,PROCESSED,1789017843313
2216904,1,INITIATED,1789017843287
2216904,2,VALIDATED,1789017843302
2216904,3,PROCESSED,1789017843322
2216905,1,INITIATED,1789017843287
2216905,2,VALIDATED,1789017843302
2216905,3,PROCESSED,1789017843321
2216906,1,INITIATED,1789017843286
2216906,2,VALIDATED,1789017843302
2216906,3,REJECTED,1789017843318
2216907,1,INITIATED,1789017843287
2216907,2,VALIDATED,1789017843302
2216907,3,REJECTED,1789017843318
2216908,1,INITIATED,1789017843287
2216908,2,VALIDATED,1789017843303
2216908,3,REJECTED,1789017843318
2216909,1,INITIATED,1789017843296
2216909,2,VALIDATED,1789017843311
2216909,3,REJECTED,1789017843322
2216910,1,INITIATED,1789017843315
2216910,2,VALIDATED,1789017843322
2216910,3,PROCESSED,1789017843327
2216911,1,INITIATED,1789017843334
2216911,2,VALIDATED,1789017843341
2216911,3,PROCESSED,1789017843346
2216912,1,INITIATED,1789017843354
2216912,2,VALIDATED,1789017843360
2216912,3,PROCESSED,1789017843366
2216913,1,INITIATED,1789017843374
2216913,2,VALIDATED,1789017843378
2216913,3,PROCESSED,1789017843383
2216914,1,INITIATED,1789017843393
2216914,2,VALIDATED,1789017843398
2216914,3,PROCESSED,1789017843404
2216915,1,INITIATED,1789017843414
2216915,2,VALIDATED,1789017843418
2216915,3,PROCESSED,1789017843424
2216916,1,INITIATED,1789017843434
2216916,2,VALIDATED,1789017843439
2216916,3,PROCESSED,1789017843447
2216917,1,INITIATED,1789017843454
2216917,2,VALIDATED,1789017843458
2216917,3,PROCESSED,1789017843463
2216918,1,INITIATED,1789017843474
2216918,2,VALIDATED,1789017843479
2216918,3,PROCESSED,1789017843485
2216919,1,INITIATED,1789017843494
2216919,2,VALIDATED,1789017843498
2216919,3,PROCESSED,1789017843503
2216920,1,INITIATED,1789017843514
2216920,2,VALIDATED,1789017843519
2216920,3,PROCESSED,1789017843526
2216921,1,INITIATED,1789017843533
2216921,2,VALIDATED,1789017843537
2216921,3,PROCESSED,1789017843542
2216922,1,INITIATED,1789017843553
2216922,2,VALIDATED,1789017843558
2216922,3,PROCESSED,1789017843563
2216923,1,INITIATED,1789017843573
2216923,2,VALIDATED,1789017843578
2216923,3,PROCESSED,1789017843582
2216924,1,INITIATED,1789017843594
2216924,2,VALIDATED,1789017843597
2216924,3,PROCESSED,1789017843602
2216925,1,INITIATED,1789017843614
2216925,2,VALIDATED,1789017843618
2216925,3,PROCESSED,1789017843623
2216926,1,INITIATED,1789017843634
2216926,2,VALIDATED,1789017843638
2216926,3,PROCESSED,1789017843643
2216927,1,INITIATED,1789017843654
2216927,2,VALIDATED,1789017843659
2216927,3,PROCESSED,1789017843801
2216928,1,INITIATED,1789017843801
2216928,2,VALIDATED,1789017843808
2216928,3,PROCESSED,1789017843816
2216929,1,INITIATED,1789017843801
2216929,2,VALIDATED,1789017843808
2216929,3,PROCESSED,1789017843816
2216930,1,INITIATED,1789017843801
2216930,2,VALIDATED,1789017843808
2216930,3,PROCESSED,1789017843816
2216931,1,INITIATED,1789017843801
2216931,2,VALIDATED,1789017843808
2216931,3,PROCESSED,1789017843816
2216932,1,INITIATED,1789017843801
2216932,2,VALIDATED,1789017843808
2216932,3,PROCESSED,1789017843816
2216933,1,INITIATED,1789017843801
2216933,2,VALIDATED,1789017843808
2216933,3,PROCESSED,1789017843816
2216934,1,INITIATED,1789017843801
2216934,2,VALIDATED,1789017843808
2216934,3,PROCESSED,1789017843816
2216935,1,INITIATED,1789017843815
2216935,2,VALIDATED,1789017843835
2216935,3,PROCESSED,1789017843841
2216936,1,INITIATED,1789017843834
2216936,2,VALIDATED,1789017843839
2216936,3,PROCESSED,1789017843845
2216937,1,INITIATED,1789017843854
2216937,2,VALIDATED,1789017843860
2216937,3,PROCESSED,1789017843866
2216938,1,INITIATED,1789017843873
2216938,2,VALIDATED,1789017843877
2216938,3,PROCESSED,1789017843882
2216939,1,INITIATED,1789017843894
2216939,2,VALIDATED,1789017843912
2216939,3,PROCESSED,1789017844068
2216940,1,INITIATED,1789017843914
2216940,2,VALIDATED,1789017844066
2216940,3,PROCESSED,1789017844078
2216941,1,INITIATED,1789017844065
2216941,2,VALIDATED,1789017844074
2216941,3,PROCESSED,1789017844114
2216942,1,INITIATED,1789017844065
2216942,2,VALIDATED,1789017844074
2216942,3,PROCESSED,1789017844114
2216943,1,INITIATED,1789017844065
2216943,2,VALIDATED,1789017844074
2216943,3,PROCESSED,1789017844114
2216944,1,INITIATED,1789017844065
2216944,2,VALIDATED,1789017844075
2216944,3,PROCESSED,1789017844114
2216945,1,INITIATED,1789017844065
2216945,2,VALIDATED,1789017844074
2216945,3,PROCESSED,1789017844114
2216946,1,INITIATED,1789017844064
2216946,2,VALIDATED,1789017844075
2216946,3,PROCESSED,1789017844113
2216947,1,INITIATED,1789017844065
2216947,2,VALIDATED,1789017844074
2216947,3,PROCESSED,1789017844114
2216948,1,INITIATED,1789017844076
2216948,2,VALIDATED,1789017844111
2216948,3,PROCESSED,1789017844133
2216949,1,INITIATED,1789017844102
2216949,2,VALIDATED,1789017844130
2216949,3,PROCESSED,1789017844137
2216950,1,INITIATED,1789017844115
2216950,2,VALIDATED,1789017844130
2216950,3,PROCESSED,1789017844137
2216951,1,INITIATED,1789017844133
2216951,2,VALIDATED,1789017844138
2216951,3,PROCESSED,1789017844143
2216952,1,INITIATED,1789017844153
2216952,2,VALIDATED,1789017844157
2216952,3,PROCESSED,1789017844161
2216953,1,INITIATED,1789017844174
2216953,2,VALIDATED,1789017844178
2216953,3,PROCESSED,1789017844183
2216954,1,INITIATED,1789017844194
2216954,2,VALIDATED,1789017844198
2216954,3,PROCESSED,1789017844203
2216955,1,INITIATED,1789017844214
2216955,2,VALIDATED,1789017844218
2216955,3,PROCESSED,1789017844222
2216956,1,INITIATED,1789017844233
2216956,2,VALIDATED,1789017844237
2216956,3,PROCESSED,1789017844241
2216957,1,INITIATED,1789017844254
2216957,2,VALIDATED,1789017844259
2216957,3,PROCESSED,1789017844264
2216958,1,INITIATED,1789017844274
2216958,2,VALIDATED,1789017844278
2216958,3,PROCESSED,1789017844283
2216959,1,INITIATED,1789017844295
2216959,2,VALIDATED,1789017844299
2216959,3,PROCESSED,1789017844305
2216960,1,INITIATED,1789017844313
2216960,2,VALIDATED,1789017844318
2216960,3,PROCESSED,1789017844323
2216961,1,INITIATED,1789017844334
2216961,2,VALIDATED,1789017844338
2216961,3,PROCESSED,1789017844343
2216962,1,INITIATED,1789017844354
2216962,2,VALIDATED,1789017844360
2216962,3,PROCESSED,1789017844367
2216963,1,INITIATED,1789017844373
2216963,2,VALIDATED,1789017844377
2216963,3,PROCESSED,1789017844383
2216964,1,INITIATED,1789017844394
2216964,2,VALIDATED,1789017844397
2216964,3,PROCESSED,1789017844402
2216965,1,INITIATED,1789017844414
2216965,2,VALIDATED,1789017844418
2216965,3,PROCESSED,1789017844425
2216966,1,INITIATED,1789017844435
2216966,2,VALIDATED,1789017844441
2216966,3,PROCESSED,1789017844448
2216967,1,INITIATED,1789017844454
2216967,2,VALIDATED,1789017844460
2216967,3,PROCESSED,1789017844467
2216968,1,INITIATED,1789017844474
2216968,2,VALIDATED,1789017844479
2216968,3,PROCESSED,1789017844485
2216969,1,INITIATED,1789017844495
2216969,2,VALIDATED,1789017844502
2216969,3,PROCESSED,1789017844512
2216970,1,INITIATED,1789017844516
2216970,2,VALIDATED,1789017844522
2216970,3,PROCESSED,1789017844531
2216971,1,INITIATED,1789017844534
2216971,2,VALIDATED,1789017844541
2216971,3,PROCESSED,1789017844549
2216972,1,INITIATED,1789017844554
2216972,2,VALIDATED,1789017844560
2216972,3,PROCESSED,1789017844572
2216973,1,INITIATED,1789017844575
2216973,2,VALIDATED,1789017844581
2216973,3,PROCESSED,1789017844591
2216974,1,INITIATED,1789017844595
2216974,2,VALIDATED,1789017844602
2216974,3,PROCESSED,1789017844615
2216975,1,INITIATED,1789017844614
2216975,2,VALIDATED,1789017844621
2216975,3,PROCESSED,1789017844634
2216976,1,INITIATED,1789017844638
2216976,2,VALIDATED,1789017844646
2216976,3,PROCESSED,1789017844656
2216977,1,INITIATED,1789017844656
2216977,2,VALIDATED,1789017844662
2216977,3,PROCESSED,1789017844674
2216978,1,INITIATED,1789017844675
2216978,2,VALIDATED,1789017844684
2216978,3,PROCESSED,1789017844694
2216979,1,INITIATED,1789017844695
2216979,2,VALIDATED,1789017844701
2216979,3,PROCESSED,1789017844712
2216980,1,INITIATED,1789017844715
2216980,2,VALIDATED,1789017844721
2216980,3,PROCESSED,1789017844732
2216981,1,INITIATED,1789017844735
2216981,2,VALIDATED,1789017844743
2216981,3,PROCESSED,1789017844756
2216982,1,INITIATED,1789017844755
2216982,2,VALIDATED,1789017844762
2216982,3,PROCESSED,1789017844775
2216983,1,INITIATED,1789017844775
2216983,2,VALIDATED,1789017844781
2216983,3,PROCESSED,1789017844791
2216984,1,INITIATED,1789017844795
2216984,2,VALIDATED,1789017844802
2216984,3,PROCESSED,1789017844816
2216985,1,INITIATED,1789017844815
2216985,2,VALIDATED,1789017844821
2216985,3,PROCESSED,1789017844832
2216986,1,INITIATED,1789017844836
2216986,2,VALIDATED,1789017844842
2216986,3,PROCESSED,1789017844853
2216987,1,INITIATED,1789017844855
2216987,2,VALIDATED,1789017844863
2216987,3,PROCESSED,1789017844871
2216988,1,INITIATED,1789017844874
2216988,2,VALIDATED,1789017844879
2216988,3,PROCESSED,1789017844888
2216989,1,INITIATED,1789017844900
2216989,2,VALIDATED,1789017844906
2216989,3,PROCESSED,1789017844962
2216990,1,INITIATED,1789017844915
2216990,2,VALIDATED,1789017844963
2216990,3,PROCESSED,1789017845183
2216991,1,INITIATED,1789017844950
2216991,2,VALIDATED,1789017845179
2216991,3,PROCESSED,1789017845238
2216992,1,INITIATED,1789017844954
2216992,2,VALIDATED,1789017845181
2216992,3,PROCESSED,1789017845238
2216993,1,INITIATED,1789017845178
2216993,2,VALIDATED,1789017845200
2216993,3,PROCESSED,1789017845255
2216994,1,INITIATED,1789017845179
2216994,2,VALIDATED,1789017845200
2216994,3,PROCESSED,1789017845255
2216995,1,INITIATED,1789017845177
2216995,2,VALIDATED,1789017845199
2216995,3,PROCESSED,1789017845255
2216996,1,INITIATED,1789017845178
2216996,2,VALIDATED,1789017845200
2216996,3,PROCESSED,1789017845255
2216997,1,INITIATED,1789017845177
2216997,2,VALIDATED,1789017845200
2216997,3,PROCESSED,1789017845255
2216998,1,INITIATED,1789017845178
2216998,2,VALIDATED,1789017845200
2216998,3,PROCESSED,1789017845255
2216999,1,INITIATED,1789017845178
2216999,2,VALIDATED,1789017845200
2216999,3,PROCESSED,1789017845255
2217000,1,INITIATED,1789017845177
2217000,2,VALIDATED,1789017845199
2217000,3,PROCESSED,1789017845256
2217001,1,INITIATED,1789017845177
2217001,2,VALIDATED,1789017845199
2217001,3,PROCESSED,1789017845256
2217002,1,INITIATED,1789017845178
2217002,2,VALIDATED,1789017845199
2217002,3,PROCESSED,1789017845255
2217003,1,INITIATED,1789017845177
2217003,2,VALIDATED,1789017845188
2217003,3,PROCESSED,1789017845244
2217004,1,INITIATED,1789017845197
2217004,2,VALIDATED,1789017845252
2217004,3,PROCESSED,1789017845270
2217005,1,INITIATED,1789017845237
2217005,2,VALIDATED,1789017845260
2217005,3,PROCESSED,1789017845271
2217006,1,INITIATED,1789017845237
2217006,2,VALIDATED,1789017845261
2217006,3,REJECTED,1789017845268
2217007,1,INITIATED,1789017845256
2217007,2,VALIDATED,1789017845268
2217007,3,REJECTED,1789017845275
2217008,1,INITIATED,1789017845275
2217008,2,VALIDATED,1789017845283
2217008,3,REJECTED,1789017845290
2217009,1,INITIATED,1789017845296
2217009,2,VALIDATED,1789017845303
2217009,3,REJECTED,1789017845310
2217010,1,INITIATED,1789017845314
2217010,2,VALIDATED,1789017845321
2217010,3,PROCESSED,1789017845331
2217011,1,INITIATED,1789017845336
2217011,2,VALIDATED,1789017845342
2217011,3,PROCESSED,1789017845352
2217012,1,INITIATED,1789017845354
2217012,2,VALIDATED,1789017845360
2217012,3,PROCESSED,1789017845371
2217013,1,INITIATED,1789017845375
2217013,2,VALIDATED,1789017845381
2217013,3,PROCESSED,1789017845389
2217014,1,INITIATED,1789017845394
2217014,2,VALIDATED,1789017845400
2217014,3,PROCESSED,1789017845407
2217015,1,INITIATED,1789017845414
2217015,2,VALIDATED,1789017845419
2217015,3,PROCESSED,1789017845425
2217016,1,INITIATED,1789017845434
2217016,2,VALIDATED,1789017845439
2217016,3,PROCESSED,1789017845445
2217017,1,INITIATED,1789017845455
2217017,2,VALIDATED,1789017845461
2217017,3,PROCESSED,1789017845468
2217018,1,INITIATED,1789017845475
2217018,2,VALIDATED,1789017845481
2217018,3,PROCESSED,1789017845489
2217019,1,INITIATED,1789017845495
2217019,2,VALIDATED,1789017845501
2217019,3,PROCESSED,1789017845510
2217020,1,INITIATED,1789017845515
2217020,2,VALIDATED,1789017845520
2217020,3,PROCESSED,1789017845529
2217021,1,INITIATED,1789017845535
2217021,2,VALIDATED,1789017845541
2217021,3,PROCESSED,1789017845553
2217022,1,INITIATED,1789017845555
2217022,2,VALIDATED,1789017845562
2217022,3,PROCESSED,1789017845572
2217023,1,INITIATED,1789017845575
2217023,2,VALIDATED,1789017845581
2217023,3,PROCESSED,1789017845590
2217024,1,INITIATED,1789017845594
2217024,2,VALIDATED,1789017845601
2217024,3,PROCESSED,1789017845610
2217025,1,INITIATED,1789017845616
2217025,2,VALIDATED,1789017845624
2217025,3,PROCESSED,1789017845636
2217026,1,INITIATED,1789017845635
2217026,2,VALIDATED,1789017845644
2217026,3,PROCESSED,1789017845655
2217027,1,INITIATED,1789017845656
2217027,2,VALIDATED,1789017845663
2217027,3,PROCESSED,1789017845673
2217028,1,INITIATED,1789017845675
2217028,2,VALIDATED,1789017845681
2217028,3,PROCESSED,1789017845692
2217029,1,INITIATED,1789017845695
2217029,2,VALIDATED,1789017845702
2217029,3,PROCESSED,1789017845712
2217030,1,INITIATED,1789017845715
2217030,2,VALIDATED,1789017845721
2217030,3,PROCESSED,1789017845731
2217031,1,INITIATED,1789017845736
2217031,2,VALIDATED,1789017845743
2217031,3,PROCESSED,1789017845752
2217032,1,INITIATED,1789017845755
2217032,2,VALIDATED,1789017845762
2217032,3,PROCESSED,1789017845772
2217033,1,INITIATED,1789017845775
2217033,2,VALIDATED,1789017845782
2217033,3,PROCESSED,1789017845794
2217034,1,INITIATED,1789017845796
2217034,2,VALIDATED,1789017845802
2217034,3,PROCESSED,1789017845815
2217035,1,INITIATED,1789017845814
2217035,2,VALIDATED,1789017845822
2217035,3,PROCESSED,1789017845832
2217036,1,INITIATED,1789017845836
2217036,2,VALIDATED,1789017845841
2217036,3,PROCESSED,1789017845851
2217037,1,INITIATED,1789017845855
2217037,2,VALIDATED,1789017845861
2217037,3,PROCESSED,1789017845870
2217038,1,INITIATED,1789017845875
2217038,2,VALIDATED,1789017845901
2217038,3,PROCESSED,1789017845941
2217039,1,INITIATED,1789017845901
2217039,2,VALIDATED,1789017845939
2217039,3,PROCESSED,1789017846082
2217040,1,INITIATED,1789017845914
2217040,2,VALIDATED,1789017846079
2217040,3,PROCESSED,1789017846088
2217041,1,INITIATED,1789017845939
2217041,2,VALIDATED,1789017846078
2217041,3,PROCESSED,1789017846088
2217042,1,INITIATED,1789017846078
2217042,2,VALIDATED,1789017846086
2217042,3,PROCESSED,1789017846121
2217043,1,INITIATED,1789017846077
2217043,2,VALIDATED,1789017846084
2217043,3,PROCESSED,1789017846121
2217044,1,INITIATED,1789017846078
2217044,2,VALIDATED,1789017846083
2217044,3,PROCESSED,1789017846121
2217045,1,INITIATED,1789017846077
2217045,2,VALIDATED,1789017846084
2217045,3,PROCESSED,1789017846121
2217046,1,INITIATED,1789017846078
2217046,2,VALIDATED,1789017846086
2217046,3,PROCESSED,1789017846121
2217047,1,INITIATED,1789017846078
2217047,2,VALIDATED,1789017846086
2217047,3,PROCESSED,1789017846121
2217048,1,INITIATED,1789017846078
2217048,2,VALIDATED,1789017846084
2217048,3,PROCESSED,1789017846121
2217049,1,INITIATED,1789017846114
2217049,2,VALIDATED,1789017846124
2217049,3,PROCESSED,1789017846135
2217050,1,INITIATED,1789017846114
2217050,2,VALIDATED,1789017846124
2217050,3,PROCESSED,1789017846135
2217051,1,INITIATED,1789017846134
2217051,2,VALIDATED,1789017846139
2217051,3,PROCESSED,1789017846147
2217052,1,INITIATED,1789017846154
2217052,2,VALIDATED,1789017846158
2217052,3,PROCESSED,1789017846164
2217053,1,INITIATED,1789017846174
2217053,2,VALIDATED,1789017846179
2217053,3,PROCESSED,1789017846186
2217054,1,INITIATED,1789017846194
2217054,2,VALIDATED,1789017846199
2217054,3,PROCESSED,1789017846206
2217055,1,INITIATED,1789017846214
2217055,2,VALIDATED,1789017846220
2217055,3,PROCESSED,1789017846229
2217056,1,INITIATED,1789017846234
2217056,2,VALIDATED,1789017846241
2217056,3,PROCESSED,1789017846250
2217057,1,INITIATED,1789017846254
2217057,2,VALIDATED,1789017846259
2217057,3,PROCESSED,1789017846265
2217058,1,INITIATED,1789017846274
2217058,2,VALIDATED,1789017846279
2217058,3,PROCESSED,1789017846285
2217059,1,INITIATED,1789017846294
2217059,2,VALIDATED,1789017846300
2217059,3,PROCESSED,1789017846311
2217060,1,INITIATED,1789017846315
2217060,2,VALIDATED,1789017846321
2217060,3,PROCESSED,1789017846330
2217061,1,INITIATED,1789017846335
2217061,2,VALIDATED,1789017846341
2217061,3,PROCESSED,1789017846350
2217062,1,INITIATED,1789017846354
2217062,2,VALIDATED,1789017846360
2217062,3,PROCESSED,1789017846367
2217063,1,INITIATED,1789017846374
2217063,2,VALIDATED,1789017846379
2217063,3,PROCESSED,1789017846386
2217064,1,INITIATED,1789017846394
2217064,2,VALIDATED,1789017846399
2217064,3,PROCESSED,1789017846407
2217065,1,INITIATED,1789017846416
2217065,2,VALIDATED,1789017846421
2217065,3,PROCESSED,1789017846429
2217066,1,INITIATED,1789017846434
2217066,2,VALIDATED,1789017846438
2217066,3,PROCESSED,1789017846444
2217067,1,INITIATED,1789017846454
2217067,2,VALIDATED,1789017846459
2217067,3,PROCESSED,1789017846466
2217068,1,INITIATED,1789017846474
2217068,2,VALIDATED,1789017846478
2217068,3,PROCESSED,1789017846485
2217069,1,INITIATED,1789017846493
2217069,2,VALIDATED,1789017846498
2217069,3,PROCESSED,1789017846503
2217070,1,INITIATED,1789017846514
2217070,2,VALIDATED,1789017846518
2217070,3,PROCESSED,1789017846525
2217071,1,INITIATED,1789017846534
2217071,2,VALIDATED,1789017846541
2217071,3,PROCESSED,1789017846548
2217072,1,INITIATED,1789017846554
2217072,2,VALIDATED,1789017846559
2217072,3,PROCESSED,1789017846565
2217073,1,INITIATED,1789017846574
2217073,2,VALIDATED,1789017846581
2217073,3,PROCESSED,1789017846590
2217074,1,INITIATED,1789017846595
2217074,2,VALIDATED,1789017846601
2217074,3,PROCESSED,1789017846610
2217075,1,INITIATED,1789017846615
2217075,2,VALIDATED,1789017846621
2217075,3,PROCESSED,1789017846631
2217076,1,INITIATED,1789017846635
2217076,2,VALIDATED,1789017846642
2217076,3,PROCESSED,1789017846653
2217077,1,INITIATED,1789017846655
2217077,2,VALIDATED,1789017846661
2217077,3,PROCESSED,1789017846670
2217078,1,INITIATED,1789017846675
2217078,2,VALIDATED,1789017846681
2217078,3,PROCESSED,1789017846690
2217079,1,INITIATED,1789017846695
2217079,2,VALIDATED,1789017846701
2217079,3,PROCESSED,1789017846711
2217080,1,INITIATED,1789017846715
2217080,2,VALIDATED,1789017846720
2217080,3,PROCESSED,1789017846729
2217081,1,INITIATED,1789017846734
2217081,2,VALIDATED,1789017846740
2217081,3,PROCESSED,1789017846748
2217082,1,INITIATED,1789017846754
2217082,2,VALIDATED,1789017846760
2217082,3,PROCESSED,1789017846769
2217083,1,INITIATED,1789017846775
2217083,2,VALIDATED,1789017846781
2217083,3,PROCESSED,1789017846789
2217084,1,INITIATED,1789017846794
2217084,2,VALIDATED,1789017846798
2217084,3,PROCESSED,1789017846804
2217085,1,INITIATED,1789017846814
2217085,2,VALIDATED,1789017846818
2217085,3,PROCESSED,1789017846825
2217086,1,INITIATED,1789017846834
2217086,2,VALIDATED,1789017846840
2217086,3,PROCESSED,1789017846847
2217087,1,INITIATED,1789017846855
2217087,2,VALIDATED,1789017846860
2217087,3,PROCESSED,1789017846866
2217088,1,INITIATED,1789017846873
2217088,2,VALIDATED,1789017846878
2217088,3,PROCESSED,1789017846884
2217089,1,INITIATED,1789017846898
2217089,2,VALIDATED,1789017846904
2217089,3,PROCESSED,1789017846912
2217090,1,INITIATED,1789017846914
2217090,2,VALIDATED,1789017846952
2217090,3,PROCESSED,1789017847181
2217091,1,INITIATED,1789017846948
2217091,2,VALIDATED,1789017847174
2217091,3,PROCESSED,1789017847187
2217092,1,INITIATED,1789017846954
2217092,2,VALIDATED,1789017847177
2217092,3,PROCESSED,1789017847225
2217093,1,INITIATED,1789017847175
2217093,2,VALIDATED,1789017847185
2217093,3,PROCESSED,1789017847227
2217094,1,INITIATED,1789017847177
2217094,2,VALIDATED,1789017847221
2217094,3,PROCESSED,1789017847233
2217095,1,INITIATED,1789017847175
2217095,2,VALIDATED,1789017847185
2217095,3,PROCESSED,1789017847227
2217096,1,INITIATED,1789017847175
2217096,2,VALIDATED,1789017847222
2217096,3,PROCESSED,1789017847234
2217097,1,INITIATED,1789017847176
2217097,2,VALIDATED,1789017847185
2217097,3,PROCESSED,1789017847227
2217098,1,INITIATED,1789017847176
2217098,2,VALIDATED,1789017847219
2217098,3,PROCESSED,1789017847230
2217099,1,INITIATED,1789017847178
2217099,2,VALIDATED,1789017847222
2217099,3,PROCESSED,1789017847233
2217100,1,INITIATED,1789017847177
2217100,2,VALIDATED,1789017847221
2217100,3,PROCESSED,1789017847232
2217101,1,INITIATED,1789017847177
2217101,2,VALIDATED,1789017847220
2217101,3,PROCESSED,1789017847230
2217102,1,INITIATED,1789017847177
2217102,2,VALIDATED,1789017847220
2217102,3,PROCESSED,1789017847231
2217103,1,INITIATED,1789017847177
2217103,2,VALIDATED,1789017847221
2217103,3,PROCESSED,1789017847233
2217104,1,INITIATED,1789017847195
2217104,2,VALIDATED,1789017847223
2217104,3,PROCESSED,1789017847235
2217105,1,INITIATED,1789017847219
2217105,2,VALIDATED,1789017847230
2217105,3,PROCESSED,1789017847245
2217106,1,INITIATED,1789017847236
2217106,2,VALIDATED,1789017847248
2217106,3,REJECTED,1789017847255
2217107,1,INITIATED,1789017847255
2217107,2,VALIDATED,1789017847262
2217107,3,REJECTED,1789017847269
2217108,1,INITIATED,1789017847274
2217108,2,VALIDATED,1789017847281
2217108,3,REJECTED,1789017847287
2217109,1,INITIATED,1789017847294
2217109,2,VALIDATED,1789017847301
2217109,3,REJECTED,1789017847307
2217110,1,INITIATED,1789017847315
2217110,2,VALIDATED,1789017847321
2217110,3,PROCESSED,1789017847332
2217111,1,INITIATED,1789017847335
2217111,2,VALIDATED,1789017847341
2217111,3,PROCESSED,1789017847353
2217112,1,INITIATED,1789017847354
2217112,2,VALIDATED,1789017847360
2217112,3,PROCESSED,1789017847370
2217113,1,INITIATED,1789017847375
2217113,2,VALIDATED,1789017847381
2217113,3,PROCESSED,1789017847390
2217114,1,INITIATED,1789017847395
2217114,2,VALIDATED,1789017847403
2217114,3,PROCESSED,1789017847413
2217115,1,INITIATED,1789017847414
2217115,2,VALIDATED,1789017847420
2217115,3,PROCESSED,1789017847429
2217116,1,INITIATED,1789017847434
2217116,2,VALIDATED,1789017847440
2217116,3,PROCESSED,1789017847448
2217117,1,INITIATED,1789017847456
2217117,2,VALIDATED,1789017847463
2217117,3,PROCESSED,1789017847473
2217118,1,INITIATED,1789017847475
2217118,2,VALIDATED,1789017847483
2217118,3,PROCESSED,1789017847492
2217119,1,INITIATED,1789017847495
2217119,2,VALIDATED,1789017847502
2217119,3,PROCESSED,1789017847512
2217120,1,INITIATED,1789017847515
2217120,2,VALIDATED,1789017847521
2217120,3,PROCESSED,1789017847530
2217121,1,INITIATED,1789017847535
2217121,2,VALIDATED,1789017847542
2217121,3,PROCESSED,1789017847552
2217122,1,INITIATED,1789017847555
2217122,2,VALIDATED,1789017847562
2217122,3,PROCESSED,1789017847572
2217123,1,INITIATED,1789017847575
2217123,2,VALIDATED,1789017847582
2217123,3,PROCESSED,1789017847593
2217124,1,INITIATED,1789017847595
2217124,2,VALIDATED,1789017847603
2217124,3,PROCESSED,1789017847615
2217125,1,INITIATED,1789017847616
2217125,2,VALIDATED,1789017847622
2217125,3,PROCESSED,1789017847633
2217126,1,INITIATED,1789017847635
2217126,2,VALIDATED,1789017847642
2217126,3,PROCESSED,1789017847654
2217127,1,INITIATED,1789017847654
2217127,2,VALIDATED,1789017847662
2217127,3,PROCESSED,1789017847673
2217128,1,INITIATED,1789017847676
2217128,2,VALIDATED,1789017847685
2217128,3,PROCESSED,1789017847697
2217129,1,INITIATED,1789017847695
2217129,2,VALIDATED,1789017847704
2217129,3,PROCESSED,1789017847715
2217130,1,INITIATED,1789017847715
2217130,2,VALIDATED,1789017847722
2217130,3,PROCESSED,1789017847734
2217131,1,INITIATED,1789017847734
2217131,2,VALIDATED,1789017847742
2217131,3,PROCESSED,1789017847752
2217132,1,INITIATED,1789017847755
2217132,2,VALIDATED,1789017847762
2217132,3,PROCESSED,1789017847771
2217133,1,INITIATED,1789017847775
2217133,2,VALIDATED,1789017847781
2217133,3,PROCESSED,1789017847790
2217134,1,INITIATED,1789017847795
2217134,2,VALIDATED,1789017847801
2217134,3,PROCESSED,1789017847810
2217135,1,INITIATED,1789017847815
2217135,2,VALIDATED,1789017847823
2217135,3,PROCESSED,1789017847835
2217136,1,INITIATED,1789017847834
2217136,2,VALIDATED,1789017847841
2217136,3,PROCESSED,1789017847851
2217137,1,INITIATED,1789017847855
2217137,2,VALIDATED,1789017847863
2217137,3,PROCESSED,1789017847873
2217138,1,INITIATED,1789017847875
2217138,2,VALIDATED,1789017847881
2217138,3,PROCESSED,1789017847916
2217139,1,INITIATED,1789017847913
2217139,2,VALIDATED,1789017847923
2217139,3,PROCESSED,1789017847935
2217140,1,INITIATED,1789017847915
2217140,2,VALIDATED,1789017847923
2217140,3,PROCESSED,1789017847961
2217141,1,INITIATED,1789017847934
2217141,2,VALIDATED,1789017847962
2217141,3,PROCESSED,1789017848154
2217142,1,INITIATED,1789017847957
2217142,2,VALIDATED,1789017848141
2217142,3,PROCESSED,1789017848174
2217143,1,INITIATED,1789017848140
2217143,2,VALIDATED,1789017848150
2217143,3,PROCESSED,1789017848182
2217144,1,INITIATED,1789017848140
2217144,2,VALIDATED,1789017848158
2217144,3,PROCESSED,1789017848186
2217145,1,INITIATED,1789017848139
2217145,2,VALIDATED,1789017848150
2217145,3,PROCESSED,1789017848181
2217146,1,INITIATED,1789017848139
2217146,2,VALIDATED,1789017848151
2217146,3,PROCESSED,1789017848181
2217147,1,INITIATED,1789017848140
2217147,2,VALIDATED,1789017848158
2217147,3,PROCESSED,1789017848187
2217148,1,INITIATED,1789017848140
2217148,2,VALIDATED,1789017848158
2217148,3,PROCESSED,1789017848186
2217149,1,INITIATED,1789017848139
2217149,2,VALIDATED,1789017848151
2217149,3,PROCESSED,1789017848181
2217150,1,INITIATED,1789017848140
2217150,2,VALIDATED,1789017848158
2217150,3,PROCESSED,1789017848186
2217151,1,INITIATED,1789017848139
2217151,2,VALIDATED,1789017848150
2217151,3,PROCESSED,1789017848181
2217152,1,INITIATED,1789017848155
2217152,2,VALIDATED,1789017848184
2217152,3,PROCESSED,1789017848195
2217153,1,INITIATED,1789017848175
2217153,2,VALIDATED,1789017848185
2217153,3,PROCESSED,1789017848195
2217154,1,INITIATED,1789017848194
2217154,2,VALIDATED,1789017848200
2217154,3,PROCESSED,1789017848209
2217155,1,INITIATED,1789017848214
2217155,2,VALIDATED,1789017848219
2217155,3,PROCESSED,1789017848226
2217156,1,INITIATED,1789017848234
2217156,2,VALIDATED,1789017848239
2217156,3,PROCESSED,1789017848245
2217157,1,INITIATED,1789017848254
2217157,2,VALIDATED,1789017848259
2217157,3,PROCESSED,1789017848265
2217158,1,INITIATED,1789017848274
2217158,2,VALIDATED,1789017848280
2217158,3,PROCESSED,1789017848286
2217159,1,INITIATED,1789017848294
2217159,2,VALIDATED,1789017848299
2217159,3,PROCESSED,1789017848305
2217160,1,INITIATED,1789017848314
2217160,2,VALIDATED,1789017848319
2217160,3,PROCESSED,1789017848326
2217161,1,INITIATED,1789017848335
2217161,2,VALIDATED,1789017848343
2217161,3,PROCESSED,1789017848353
2217162,1,INITIATED,1789017848355
2217162,2,VALIDATED,1789017848362
2217162,3,PROCESSED,1789017848372
2217163,1,INITIATED,1789017848376
2217163,2,VALIDATED,1789017848382
2217163,3,PROCESSED,1789017848391
2217164,1,INITIATED,1789017848394
2217164,2,VALIDATED,1789017848402
2217164,3,PROCESSED,1789017848412
2217165,1,INITIATED,1789017848414
2217165,2,VALIDATED,1789017848423
2217165,3,PROCESSED,1789017848430
2217166,1,INITIATED,1789017848434
2217166,2,VALIDATED,1789017848440
2217166,3,PROCESSED,1789017848448
2217167,1,INITIATED,1789017848454
2217167,2,VALIDATED,1789017848461
2217167,3,PROCESSED,1789017848469
2217168,1,INITIATED,1789017848475
2217168,2,VALIDATED,1789017848482
2217168,3,PROCESSED,1789017848493
2217169,1,INITIATED,1789017848495
2217169,2,VALIDATED,1789017848501
2217169,3,PROCESSED,1789017848514
2217170,1,INITIATED,1789017848516
2217170,2,VALIDATED,1789017848522
2217170,3,PROCESSED,1789017848535
2217171,1,INITIATED,1789017848535
2217171,2,VALIDATED,1789017848543
2217171,3,PROCESSED,1789017848554
2217172,1,INITIATED,1789017848556
2217172,2,VALIDATED,1789017848566
2217172,3,PROCESSED,1789017848579
2217173,1,INITIATED,1789017848576
2217173,2,VALIDATED,1789017848586
2217173,3,PROCESSED,1789017848598
2217174,1,INITIATED,1789017848596
2217174,2,VALIDATED,1789017848605
2217174,3,PROCESSED,1789017848618
2217175,1,INITIATED,1789017848616
2217175,2,VALIDATED,1789017848625
2217175,3,PROCESSED,1789017848640
2217176,1,INITIATED,1789017848635
2217176,2,VALIDATED,1789017848645
2217176,3,PROCESSED,1789017848659
2217177,1,INITIATED,1789017848656
2217177,2,VALIDATED,1789017848665
2217177,3,PROCESSED,1789017848678
2217178,1,INITIATED,1789017848675
2217178,2,VALIDATED,1789017848684
2217178,3,PROCESSED,1789017848695
2217179,1,INITIATED,1789017848696
2217179,2,VALIDATED,1789017848704
2217179,3,PROCESSED,1789017848716
2217180,1,INITIATED,1789017848715
2217180,2,VALIDATED,1789017848724
2217180,3,PROCESSED,1789017848736
2217181,1,INITIATED,1789017848735
2217181,2,VALIDATED,1789017848745
2217181,3,PROCESSED,1789017848758
2217182,1,INITIATED,1789017848756
2217182,2,VALIDATED,1789017848765
2217182,3,PROCESSED,1789017848777
2217183,1,INITIATED,1789017848776
2217183,2,VALIDATED,1789017848784
2217183,3,PROCESSED,1789017848800
2217184,1,INITIATED,1789017848797
2217184,2,VALIDATED,1789017848806
2217184,3,PROCESSED,1789017848816
2217185,1,INITIATED,1789017848814
2217185,2,VALIDATED,1789017848821
2217185,3,PROCESSED,1789017848830
2217186,1,INITIATED,1789017848834
2217186,2,VALIDATED,1789017848841
2217186,3,PROCESSED,1789017848850
2217187,1,INITIATED,1789017848855
2217187,2,VALIDATED,1789017848861
2217187,3,PROCESSED,1789017848871
2217188,1,INITIATED,1789017848875
2217188,2,VALIDATED,1789017848881
2217188,3,PROCESSED,1789017849036
2217189,1,INITIATED,1789017849033
2217189,2,VALIDATED,1789017849040
2217189,3,PROCESSED,1789017849050
2217190,1,INITIATED,1789017849033
2217190,2,VALIDATED,1789017849040
2217190,3,PROCESSED,1789017849050
2217191,1,INITIATED,1789017849033
2217191,2,VALIDATED,1789017849040
2217191,3,PROCESSED,1789017849049
2217192,1,INITIATED,1789017849033
2217192,2,VALIDATED,1789017849040
2217192,3,PROCESSED,1789017849049
2217193,1,INITIATED,1789017849033
2217193,2,VALIDATED,1789017849040
2217193,3,PROCESSED,1789017849050
2217194,1,INITIATED,1789017849033
2217194,2,VALIDATED,1789017849040
2217194,3,PROCESSED,1789017849049
2217195,1,INITIATED,1789017849034
2217195,2,VALIDATED,1789017849041
2217195,3,PROCESSED,1789017849049
2217196,1,INITIATED,1789017849035
2217196,2,VALIDATED,1789017849041
2217196,3,PROCESSED,1789017849051
2217197,1,INITIATED,1789017849055
2217197,2,VALIDATED,1789017849182
2217197,3,PROCESSED,1789017849194
2217198,1,INITIATED,1789017849182
2217198,2,VALIDATED,1789017849189
2217198,3,PROCESSED,1789017849213
2217199,1,INITIATED,1789017849182
2217199,2,VALIDATED,1789017849190
2217199,3,PROCESSED,1789017849213
2217200,1,INITIATED,1789017849182
2217200,2,VALIDATED,1789017849190
2217200,3,PROCESSED,1789017849213
2217201,1,INITIATED,1789017849182
2217201,2,VALIDATED,1789017849189
2217201,3,PROCESSED,1789017849213
2217202,1,INITIATED,1789017849182
2217202,2,VALIDATED,1789017849190
2217202,3,PROCESSED,1789017849213
2217203,1,INITIATED,1789017849182
2217203,2,VALIDATED,1789017849189
2217203,3,PROCESSED,1789017849213
2217204,1,INITIATED,1789017849194
2217204,2,VALIDATED,1789017849209
2217204,3,PROCESSED,1789017849218
2217205,1,INITIATED,1789017849215
2217205,2,VALIDATED,1789017849220
2217205,3,PROCESSED,1789017849229
2217206,1,INITIATED,1789017849235
2217206,2,VALIDATED,1789017849240
2217206,3,REJECTED,1789017849245
2217207,1,INITIATED,1789017849254
2217207,2,VALIDATED,1789017849259
2217207,3,REJECTED,1789017849263
2217208,1,INITIATED,1789017849274
2217208,2,VALIDATED,1789017849278
2217208,3,REJECTED,1789017849282
2217209,1,INITIATED,1789017849293
2217209,2,VALIDATED,1789017849298
2217209,3,REJECTED,1789017849301
2217210,1,INITIATED,1789017849314
2217210,2,VALIDATED,1789017849319
2217210,3,PROCESSED,1789017849324
2217211,1,INITIATED,1789017849334
2217211,2,VALIDATED,1789017849339
2217211,3,PROCESSED,1789017849344
2217212,1,INITIATED,1789017849354
2217212,2,VALIDATED,1789017849359
2217212,3,PROCESSED,1789017849367
2217213,1,INITIATED,1789017849375
2217213,2,VALIDATED,1789017849381
2217213,3,PROCESSED,1789017849389
2217214,1,INITIATED,1789017849394
2217214,2,VALIDATED,1789017849399
2217214,3,PROCESSED,1789017849408
2217215,1,INITIATED,1789017849415
2217215,2,VALIDATED,1789017849421
2217215,3,PROCESSED,1789017849430
2217216,1,INITIATED,1789017849435
2217216,2,VALIDATED,1789017849441
2217216,3,PROCESSED,1789017849448
2217217,1,INITIATED,1789017849455
2217217,2,VALIDATED,1789017849460
2217217,3,PROCESSED,1789017849469
2217218,1,INITIATED,1789017849474
2217218,2,VALIDATED,1789017849484
2217218,3,PROCESSED,1789017849493
2217219,1,INITIATED,1789017849495
2217219,2,VALIDATED,1789017849502
2217219,3,PROCESSED,1789017849514
2217220,1,INITIATED,1789017849515
2217220,2,VALIDATED,1789017849521
2217220,3,PROCESSED,1789017849530
2217221,1,INITIATED,1789017849535
2217221,2,VALIDATED,1789017849542
2217221,3,PROCESSED,1789017849550
2217222,1,INITIATED,1789017849555
2217222,2,VALIDATED,1789017849562
2217222,3,PROCESSED,1789017849572
2217223,1,INITIATED,1789017849576
2217223,2,VALIDATED,1789017849581
2217223,3,PROCESSED,1789017849590
2217224,1,INITIATED,1789017849594
2217224,2,VALIDATED,1789017849600
2217224,3,PROCESSED,1789017849610
2217225,1,INITIATED,1789017849615
2217225,2,VALIDATED,1789017849621
2217225,3,PROCESSED,1789017849630
2217226,1,INITIATED,1789017849634
2217226,2,VALIDATED,1789017849639
2217226,3,PROCESSED,1789017849648
2217227,1,INITIATED,1789017849654
2217227,2,VALIDATED,1789017849661
2217227,3,PROCESSED,1789017849671
2217228,1,INITIATED,1789017849674
2217228,2,VALIDATED,1789017849680
2217228,3,PROCESSED,1789017849688
2217229,1,INITIATED,1789017849694
2217229,2,VALIDATED,1789017849700
2217229,3,PROCESSED,1789017849709
2217230,1,INITIATED,1789017849715
2217230,2,VALIDATED,1789017849721
2217230,3,PROCESSED,1789017849729
2217231,1,INITIATED,1789017849734
2217231,2,VALIDATED,1789017849739
2217231,3,PROCESSED,1789017849747
2217232,1,INITIATED,1789017849754
2217232,2,VALIDATED,1789017849759
2217232,3,PROCESSED,1789017849767
2217233,1,INITIATED,1789017849773
2217233,2,VALIDATED,1789017849778
2217233,3,PROCESSED,1789017849784
2217234,1,INITIATED,1789017849796
2217234,2,VALIDATED,1789017849802
2217234,3,PROCESSED,1789017849811
2217235,1,INITIATED,1789017849815
2217235,2,VALIDATED,1789017849821
2217235,3,PROCESSED,1789017849831
2217236,1,INITIATED,1789017849835
2217236,2,VALIDATED,1789017849842
2217236,3,PROCESSED,1789017849853
2217237,1,INITIATED,1789017849855
2217237,2,VALIDATED,1789017849861
2217237,3,PROCESSED,1789017849872
2217238,1,INITIATED,1789017849875
2217238,2,VALIDATED,1789017849883
2217238,3,PROCESSED,1789017849970
2217239,1,INITIATED,1789017849964
2217239,2,VALIDATED,1789017849972
2217239,3,PROCESSED,1789017849984
2217240,1,INITIATED,1789017849964
2217240,2,VALIDATED,1789017849972
2217240,3,PROCESSED,1789017849984
2217241,1,INITIATED,1789017849965
2217241,2,VALIDATED,1789017849974
2217241,3,PROCESSED,1789017849984
2217242,1,INITIATED,1789017849964
2217242,2,VALIDATED,1789017849972
2217242,3,PROCESSED,1789017849984
2217243,1,INITIATED,1789017849976
2217243,2,VALIDATED,1789017849984
2217243,3,PROCESSED,1789017849997
2217244,1,INITIATED,1789017849996
2217244,2,VALIDATED,1789017850003
2217244,3,PROCESSED,1789017850152
2217245,1,INITIATED,1789017850149
2217245,2,VALIDATED,1789017850158
2217245,3,PROCESSED,1789017850168
2217246,1,INITIATED,1789017850150
2217246,2,VALIDATED,1789017850158
2217246,3,PROCESSED,1789017850168
2217247,1,INITIATED,1789017850150
2217247,2,VALIDATED,1789017850157
2217247,3,PROCESSED,1789017850168
2217248,1,INITIATED,1789017850149
2217248,2,VALIDATED,1789017850157
2217248,3,PROCESSED,1789017850168
2217249,1,INITIATED,1789017850149
2217249,2,VALIDATED,1789017850157
2217249,3,PROCESSED,1789017850168
2217250,1,INITIATED,1789017850149
2217250,2,VALIDATED,1789017850158
2217250,3,PROCESSED,1789017850169
2217251,1,INITIATED,1789017850150
2217251,2,VALIDATED,1789017850158
2217251,3,PROCESSED,1789017850170
2217252,1,INITIATED,1789017850155
2217252,2,VALIDATED,1789017850164
2217252,3,PROCESSED,1789017850179
2217253,1,INITIATED,1789017850175
2217253,2,VALIDATED,1789017850182
2217253,3,PROCESSED,1789017850192
2217254,1,INITIATED,1789017850195
2217254,2,VALIDATED,1789017850201
2217254,3,PROCESSED,1789017850212
2217255,1,INITIATED,1789017850214
2217255,2,VALIDATED,1789017850220
2217255,3,PROCESSED,1789017850227
2217256,1,INITIATED,1789017850234
2217256,2,VALIDATED,1789017850239
2217256,3,PROCESSED,1789017850246
2217257,1,INITIATED,1789017850253
2217257,2,VALIDATED,1789017850258
2217257,3,PROCESSED,1789017850264
2217258,1,INITIATED,1789017850274
2217258,2,VALIDATED,1789017850279
2217258,3,PROCESSED,1789017850285
2217259,1,INITIATED,1789017850294
2217259,2,VALIDATED,1789017850301
2217259,3,PROCESSED,1789017850310
2217260,1,INITIATED,1789017850315
2217260,2,VALIDATED,1789017850322
2217260,3,PROCESSED,1789017850332
2217261,1,INITIATED,1789017850335
2217261,2,VALIDATED,1789017850341
2217261,3,PROCESSED,1789017850352
2217262,1,INITIATED,1789017850355
2217262,2,VALIDATED,1789017850365
2217262,3,PROCESSED,1789017850376
2217263,1,INITIATED,1789017850374
2217263,2,VALIDATED,1789017850380
2217263,3,PROCESSED,1789017850390
2217264,1,INITIATED,1789017850395
2217264,2,VALIDATED,1789017850402
2217264,3,PROCESSED,1789017850412
2217265,1,INITIATED,1789017850415
2217265,2,VALIDATED,1789017850422
2217265,3,PROCESSED,1789017850434
2217266,1,INITIATED,1789017850435
2217266,2,VALIDATED,1789017850441
2217266,3,PROCESSED,1789017850450
2217267,1,INITIATED,1789017850455
2217267,2,VALIDATED,1789017850462
2217267,3,PROCESSED,1789017850471
2217268,1,INITIATED,1789017850475
2217268,2,VALIDATED,1789017850480
2217268,3,PROCESSED,1789017850490
2217269,1,INITIATED,1789017850495
2217269,2,VALIDATED,1789017850502
2217269,3,PROCESSED,1789017850515
2217270,1,INITIATED,1789017850515
2217270,2,VALIDATED,1789017850521
2217270,3,PROCESSED,1789017850531
2217271,1,INITIATED,1789017850535
2217271,2,VALIDATED,1789017850541
2217271,3,PROCESSED,1789017850549
2217272,1,INITIATED,1789017850554
2217272,2,VALIDATED,1789017850559
2217272,3,PROCESSED,1789017850568
2217273,1,INITIATED,1789017850574
2217273,2,VALIDATED,1789017850579
2217273,3,PROCESSED,1789017850589
2217274,1,INITIATED,1789017850594
2217274,2,VALIDATED,1789017850600
2217274,3,PROCESSED,1789017850608
2217275,1,INITIATED,1789017850614
2217275,2,VALIDATED,1789017850620
2217275,3,PROCESSED,1789017850628
2217276,1,INITIATED,1789017850634
2217276,2,VALIDATED,1789017850640
2217276,3,PROCESSED,1789017850647
2217277,1,INITIATED,1789017850655
2217277,2,VALIDATED,1789017850661
2217277,3,PROCESSED,1789017850669
2217278,1,INITIATED,1789017850674
2217278,2,VALIDATED,1789017850679
2217278,3,PROCESSED,1789017850686
2217279,1,INITIATED,1789017850695
2217279,2,VALIDATED,1789017850699
2217279,3,PROCESSED,1789017850705
2217280,1,INITIATED,1789017850714
2217280,2,VALIDATED,1789017850718
2217280,3,PROCESSED,1789017850724
2217281,1,INITIATED,1789017850734
2217281,2,VALIDATED,1789017850739
2217281,3,PROCESSED,1789017850746
2217282,1,INITIATED,1789017850754
2217282,2,VALIDATED,1789017850760
2217282,3,PROCESSED,1789017850769
2217283,1,INITIATED,1789017850774
2217283,2,VALIDATED,1789017850780
2217283,3,PROCESSED,1789017850789
2217284,1,INITIATED,1789017850794
2217284,2,VALIDATED,1789017850800
2217284,3,PROCESSED,1789017850808
2217285,1,INITIATED,1789017850814
2217285,2,VALIDATED,1789017850819
2217285,3,PROCESSED,1789017850828
2217286,1,INITIATED,1789017850835
2217286,2,VALIDATED,1789017850841
2217286,3,PROCESSED,1789017850850
2217287,1,INITIATED,1789017850855
2217287,2,VALIDATED,1789017850861
2217287,3,PROCESSED,1789017850870
2217288,1,INITIATED,1789017850875
2217288,2,VALIDATED,1789017850884
2217288,3,PROCESSED,1789017850988
2217289,1,INITIATED,1789017850987
2217289,2,VALIDATED,1789017850993
2217289,3,PROCESSED,1789017851036
2217290,1,INITIATED,1789017850987
2217290,2,VALIDATED,1789017850994
2217290,3,PROCESSED,1789017851036
2217291,1,INITIATED,1789017850986
2217291,2,VALIDATED,1789017850993
2217291,3,PROCESSED,1789017851036
2217292,1,INITIATED,1789017850987
2217292,2,VALIDATED,1789017850993
2217292,3,PROCESSED,1789017851036
2217293,1,INITIATED,1789017850987
2217293,2,VALIDATED,1789017850993
2217293,3,PROCESSED,1789017851036
2217294,1,INITIATED,1789017850995
2217294,2,VALIDATED,1789017851033
2217294,3,PROCESSED,1789017858129
2217295,1,INITIATED,1789017851033
2217295,2,VALIDATED,1789017858124
2217295,3,PROCESSED,1789017858691
2217296,1,INITIATED,1789017851035
2217296,2,VALIDATED,1789017858124
2217296,3,PROCESSED,1789017858691
2217297,1,INITIATED,1789017858122
2217297,2,VALIDATED,1789017858836
2217297,3,PROCESSED,1789017858910
2217298,1,INITIATED,1789017858125
2217298,2,VALIDATED,1789017858698
2217298,3,PROCESSED,1789017858807
2217299,1,INITIATED,1789017858126
2217299,2,VALIDATED,1789017858697
2217299,3,PROCESSED,1789017858807
2217300,1,INITIATED,1789017858124
2217300,2,VALIDATED,1789017858689
2217300,3,PROCESSED,1789017858716
2217301,1,INITIATED,1789017858122
2217301,2,VALIDATED,1789017858688
2217301,3,PROCESSED,1789017858716
2217302,1,INITIATED,1789017858127
2217302,2,VALIDATED,1789017858694
2217302,3,PROCESSED,1789017858730
2217303,1,INITIATED,1789017858124
2217303,2,VALIDATED,1789017858179
2217303,3,PROCESSED,1789017858714
2217304,1,INITIATED,1789017858125
2217304,2,VALIDATED,1789017858693
2217304,3,PROCESSED,1789017858726
2217305,1,INITIATED,1789017858125
2217305,2,VALIDATED,1789017858697
2217305,3,PROCESSED,1789017858732
2217306,1,INITIATED,1789017858124
2217306,2,VALIDATED,1789017858179
2217306,3,REJECTED,1789017858784
2217307,1,INITIATED,1789017858122
2217307,2,VALIDATED,1789017858688
2217307,3,REJECTED,1789017858712
2217308,1,INITIATED,1789017858126
2217308,2,VALIDATED,1789017858698
2217308,3,REJECTED,1789017858805
2217309,1,INITIATED,1789017858127
2217309,2,VALIDATED,1789017858690
2217309,3,REJECTED,1789017858705
2217310,1,INITIATED,1789017858123
2217310,2,VALIDATED,1789017858692
2217310,3,PROCESSED,1789017858795
2217311,1,INITIATED,1789017858125
2217311,2,VALIDATED,1789017858374
2217311,3,PROCESSED,1789017858806
2217312,1,INITIATED,1789017858122
2217312,2,VALIDATED,1789017858687
2217312,3,PROCESSED,1789017858794
2217313,1,INITIATED,1789017858122
2217313,2,VALIDATED,1789017858693
2217313,3,PROCESSED,1789017858716
2217314,1,INITIATED,1789017858124
2217314,2,VALIDATED,1789017858693
2217314,3,PROCESSED,1789017858796
2217315,1,INITIATED,1789017858122
2217315,2,VALIDATED,1789017858690
2217315,3,PROCESSED,1789017858717
2217316,1,INITIATED,1789017858124
2217316,2,VALIDATED,1789017858696
2217316,3,PROCESSED,1789017858726
2217317,1,INITIATED,1789017858122
2217317,2,VALIDATED,1789017858839
2217317,3,PROCESSED,1789017858924
2217318,1,INITIATED,1789017858125
2217318,2,VALIDATED,1789017858688
2217318,3,PROCESSED,1789017858871
2217319,1,INITIATED,1789017858122
2217319,2,VALIDATED,1789017858178
2217319,3,PROCESSED,1789017858429
2217320,1,INITIATED,1789017858124
2217320,2,VALIDATED,1789017858771
2217320,3,PROCESSED,1789017858795
2217321,1,INITIATED,1789017858128
2217321,2,VALIDATED,1789017858694
2217321,3,PROCESSED,1789017858726
2217322,1,INITIATED,1789017858128
2217322,2,VALIDATED,1789017858902
2217322,3,PROCESSED,1789017858941
2217323,1,INITIATED,1789017858134
2217323,2,VALIDATED,1789017858699
2217323,3,PROCESSED,1789017858807
2217324,1,INITIATED,1789017858134
2217324,2,VALIDATED,1789017858697
2217324,3,PROCESSED,1789017858732
2217325,1,INITIATED,1789017858135
2217325,2,VALIDATED,1789017858699
2217325,3,PROCESSED,1789017858724
2217326,1,INITIATED,1789017858135
2217326,2,VALIDATED,1789017858699
2217326,3,PROCESSED,1789017858751
2217327,1,INITIATED,1789017858135
2217327,2,VALIDATED,1789017858700
2217327,3,PROCESSED,1789017858883
2217328,1,INITIATED,1789017858135
2217328,2,VALIDATED,1789017858699
2217328,3,PROCESSED,1789017858726
2217329,1,INITIATED,1789017858135
2217329,2,VALIDATED,1789017858698
2217329,3,PROCESSED,1789017858798
2217330,1,INITIATED,1789017858137
2217330,2,VALIDATED,1789017858698
2217330,3,REJECTED,1789017858720
2217331,1,INITIATED,1789017858137
2217331,2,VALIDATED,1789017858785
2217331,3,PROCESSED,1789017858885
2217332,1,INITIATED,1789017858137
2217332,2,VALIDATED,1789017858698
2217332,3,PROCESSED,1789017858880
2217333,1,INITIATED,1789017858135
2217333,2,VALIDATED,1789017858700
2217333,3,PROCESSED,1789017858887
2217334,1,INITIATED,1789017858136
2217334,2,VALIDATED,1789017858700
2217334,3,PROCESSED,1789017858806
2217335,1,INITIATED,1789017858137
2217335,2,VALIDATED,1789017858698
2217335,3,PROCESSED,1789017858730
2217336,1,INITIATED,1789017858140
2217336,2,VALIDATED,1789017858696
2217336,3,PROCESSED,1789017858797
2217337,1,INITIATED,1789017858140
2217337,2,VALIDATED,1789017858375
2217337,3,PROCESSED,1789017858726
2217338,1,INITIATED,1789017858163
2217338,2,VALIDATED,1789017858703
2217338,3,PROCESSED,1789017858829
2217339,1,INITIATED,1789017858163
2217339,2,VALIDATED,1789017858786
2217339,3,PROCESSED,1789017858882
2217340,1,INITIATED,1789017858163
2217340,2,VALIDATED,1789017858390
2217340,3,PROCESSED,1789017858637
2217341,1,INITIATED,1789017858163
2217341,2,VALIDATED,1789017858391
2217341,3,PROCESSED,1789017858643
2217342,1,INITIATED,1789017858164
2217342,2,VALIDATED,1789017858700
2217342,3,PROCESSED,1789017858807
2217343,1,INITIATED,1789017858163
2217343,2,VALIDATED,1789017858700
2217343,3,PROCESSED,1789017858808
2217344,1,INITIATED,1789017858164
2217344,2,VALIDATED,1789017858782
2217344,3,PROCESSED,1789017858928
2217345,1,INITIATED,1789017858164
2217345,2,VALIDATED,1789017858856
2217345,3,PROCESSED,1789017858931
2217346,1,INITIATED,1789017858164
2217346,2,VALIDATED,1789017858702
2217346,3,PROCESSED,1789017858825
2217347,1,INITIATED,1789017858165
2217347,2,VALIDATED,1789017858702
2217347,3,PROCESSED,1789017858836
2217348,1,INITIATED,1789017858166
2217348,2,VALIDATED,1789017858700
2217348,3,PROCESSED,1789017858807
2217349,1,INITIATED,1789017858166
2217349,2,VALIDATED,1789017858391
2217349,3,PROCESSED,1789017858642
2217350,1,INITIATED,1789017858177
2217350,2,VALIDATED,1789017858784
2217350,3,PROCESSED,1789017858886
2217351,1,INITIATED,1789017858177
2217351,2,VALIDATED,1789017858701
2217351,3,PROCESSED,1789017858885
2217352,1,INITIATED,1789017858178
2217352,2,VALIDATED,1789017858785
2217352,3,PROCESSED,1789017858892
2217353,1,INITIATED,1789017858177
2217353,2,VALIDATED,1789017858719
2217353,3,PROCESSED,1789017858756
2217354,1,INITIATED,1789017858177
2217354,2,VALIDATED,1789017858701
2217354,3,PROCESSED,1789017858823
2217355,1,INITIATED,1789017858177
2217355,2,VALIDATED,1789017858700
2217355,3,PROCESSED,1789017858808
2217356,1,INITIATED,1789017858178
2217356,2,VALIDATED,1789017858784
2217356,3,PROCESSED,1789017858888
2217357,1,INITIATED,1789017858178
2217357,2,VALIDATED,1789017858426
2217357,3,PROCESSED,1789017858643
2217358,1,INITIATED,1789017858178
2217358,2,VALIDATED,1789017858705
2217358,3,PROCESSED,1789017858755
2217359,1,INITIATED,1789017858178
2217359,2,VALIDATED,1789017858705
2217359,3,PROCESSED,1789017858826
2217360,1,INITIATED,1789017858178
2217360,2,VALIDATED,1789017858702
2217360,3,PROCESSED,1789017858825
2217361,1,INITIATED,1789017858178
2217361,2,VALIDATED,1789017858391
2217361,3,PROCESSED,1789017858644
2217362,1,INITIATED,1789017858185
2217362,2,VALIDATED,1789017858712
2217362,3,PROCESSED,1789017858835
2217363,1,INITIATED,1789017858185
2217363,2,VALIDATED,1789017858726
2217363,3,PROCESSED,1789017858842
2217364,1,INITIATED,1789017858185
2217364,2,VALIDATED,1789017858712
2217364,3,PROCESSED,1789017858845
2217365,1,INITIATED,1789017858185
2217365,2,VALIDATED,1789017858795
2217365,3,PROCESSED,1789017858886
2217366,1,INITIATED,1789017858185
2217366,2,VALIDATED,1789017858719
2217366,3,PROCESSED,1789017858827
2217367,1,INITIATED,1789017858185
2217367,2,VALIDATED,1789017858794
2217367,3,PROCESSED,1789017858807
2217368,1,INITIATED,1789017858185
2217368,2,VALIDATED,1789017858712
2217368,3,PROCESSED,1789017858828
2217369,1,INITIATED,1789017858186
2217369,2,VALIDATED,1789017858723
2217369,3,PROCESSED,1789017858770
2217370,1,INITIATED,1789017858376
2217370,2,VALIDATED,1789017858712
2217370,3,PROCESSED,1789017858828
2217371,1,INITIATED,1789017858375
2217371,2,VALIDATED,1789017858792
2217371,3,PROCESSED,1789017858890
2217372,1,INITIATED,1789017858376
2217372,2,VALIDATED,1789017858796
2217372,3,PROCESSED,1789017858891
2217373,1,INITIATED,1789017858375
2217373,2,VALIDATED,1789017858715
2217373,3,PROCESSED,1789017858832
2217374,1,INITIATED,1789017858374
2217374,2,VALIDATED,1789017858624
2217374,3,PROCESSED,1789017858773
2217375,1,INITIATED,1789017858375
2217375,2,VALIDATED,1789017858721
2217375,3,PROCESSED,1789017858832
2217376,1,INITIATED,1789017858374
2217376,2,VALIDATED,1789017858716
2217376,3,PROCESSED,1789017858748
2217377,1,INITIATED,1789017858374
2217377,2,VALIDATED,1789017858724
2217377,3,PROCESSED,1789017858768
2217378,1,INITIATED,1789017858375
2217378,2,VALIDATED,1789017858720
2217378,3,PROCESSED,1789017858835
2217379,1,INITIATED,1789017858374
2217379,2,VALIDATED,1789017858712
2217379,3,PROCESSED,1789017858889
2217380,1,INITIATED,1789017858377
2217380,2,VALIDATED,1789017858719
2217380,3,PROCESSED,1789017858828
2217381,1,INITIATED,1789017858377
2217381,2,VALIDATED,1789017858794
2217381,3,PROCESSED,1789017858808
2217382,1,INITIATED,1789017858376
2217382,2,VALIDATED,1789017858924
2217382,3,PROCESSED,1789017858943
2217383,1,INITIATED,1789017858376
2217383,2,VALIDATED,1789017858721
2217383,3,PROCESSED,1789017858760
2217384,1,INITIATED,1789017858376
2217384,2,VALIDATED,1789017858797
2217384,3,PROCESSED,1789017858827
2217385,1,INITIATED,1789017858375
2217385,2,VALIDATED,1789017858793
2217385,3,PROCESSED,1789017858808
2217386,1,INITIATED,1789017858377
2217386,2,VALIDATED,1789017858791
2217386,3,PROCESSED,1789017858807
2217387,1,INITIATED,1789017858377
2217387,2,VALIDATED,1789017858798
2217387,3,PROCESSED,1789017858912
2217388,1,INITIATED,1789017858377
2217388,2,VALIDATED,1789017858723
2217388,3,PROCESSED,1789017858769
2217389,1,INITIATED,1789017858381
2217389,2,VALIDATED,1789017858727
2217389,3,PROCESSED,1789017858833
2217390,1,INITIATED,1789017858381
2217390,2,VALIDATED,1789017858727
2217390,3,PROCESSED,1789017858835
2217391,1,INITIATED,1789017858381
2217391,2,VALIDATED,1789017858727
2217391,3,PROCESSED,1789017858771
2217392,1,INITIATED,1789017858382
2217392,2,VALIDATED,1789017858803
2217392,3,PROCESSED,1789017858905
2217393,1,INITIATED,1789017858387
2217393,2,VALIDATED,1789017858727
2217393,3,PROCESSED,1789017858769
2217394,1,INITIATED,1789017858387
2217394,2,VALIDATED,1789017858632
2217394,3,PROCESSED,1789017858773
2217395,1,INITIATED,1789017858387
2217395,2,VALIDATED,1789017858727
2217395,3,PROCESSED,1789017858773
2217396,1,INITIATED,1789017858388
2217396,2,VALIDATED,1789017858723
2217396,3,PROCESSED,1789017858833
2217397,1,INITIATED,1789017858389
2217397,2,VALIDATED,1789017858634
2217397,3,PROCESSED,1789017858796
2217398,1,INITIATED,1789017858389
2217398,2,VALIDATED,1789017858804
2217398,3,PROCESSED,1789017858931
2217399,1,INITIATED,1789017858426
2217399,2,VALIDATED,1789017858749
2217399,3,PROCESSED,1789017858771
2217400,1,INITIATED,1789017858389
2217400,2,VALIDATED,1789017858745
2217400,3,PROCESSED,1789017858770
2217401,1,INITIATED,1789017858390
2217401,2,VALIDATED,1789017858731
2217401,3,PROCESSED,1789017858770
2217402,1,INITIATED,1789017858389
2217402,2,VALIDATED,1789017858730
2217402,3,REJECTED,1789017858835
2217403,1,INITIATED,1789017858390
2217403,2,VALIDATED,1789017858732
2217403,3,PROCESSED,1789017858772
2217404,1,INITIATED,1789017858389
2217404,2,VALIDATED,1789017858727
2217404,3,PROCESSED,1789017858831
2217405,1,INITIATED,1789017858391
2217405,2,VALIDATED,1789017858640
2217405,3,PROCESSED,1789017858792
2217406,1,INITIATED,1789017858390
2217406,2,VALIDATED,1789017858749
2217406,3,REJECTED,1789017858836
2217407,1,INITIATED,1789017858390
2217407,2,VALIDATED,1789017858802
2217407,3,PROCESSED,1789017858910
2217408,1,INITIATED,1789017858426
2217408,2,VALIDATED,1789017858640
2217408,3,REJECTED,1789017858770
2217409,1,INITIATED,1789017858426
2217409,2,VALIDATED,1789017858752
2217409,3,PROCESSED,1789017858856
2217410,1,INITIATED,1789017858426
2217410,2,VALIDATED,1789017858749
2217410,3,PROCESSED,1789017858774
2217411,1,INITIATED,1789017858427
2217411,2,VALIDATED,1789017858816
2217411,3,PROCESSED,1789017858925
2217412,1,INITIATED,1789017858427
2217412,2,VALIDATED,1789017858747
2217412,3,PROCESSED,1789017858913
2217413,1,INITIATED,1789017858427
2217413,2,VALIDATED,1789017858639
2217413,3,PROCESSED,1789017858775
2217414,1,INITIATED,1789017858428
2217414,2,VALIDATED,1789017858639
2217414,3,PROCESSED,1789017858868
2217415,1,INITIATED,1789017858428
2217415,2,VALIDATED,1789017858639
2217415,3,PROCESSED,1789017858702
2217416,1,INITIATED,1789017858434
2217416,2,VALIDATED,1789017858749
2217416,3,PROCESSED,1789017858844
2217417,1,INITIATED,1789017858434
2217417,2,VALIDATED,1789017858749
2217417,3,PROCESSED,1789017858849
2217418,1,INITIATED,1789017858436
2217418,2,VALIDATED,1789017858825
2217418,3,PROCESSED,1789017858939
2217419,1,INITIATED,1789017858435
2217419,2,VALIDATED,1789017858752
2217419,3,PROCESSED,1789017858846
2217420,1,INITIATED,1789017858436
2217420,2,VALIDATED,1789017858816
2217420,3,PROCESSED,1789017858919
2217421,1,INITIATED,1789017858436
2217421,2,VALIDATED,1789017858753
2217421,3,PROCESSED,1789017858865
2217422,1,INITIATED,1789017858436
2217422,2,VALIDATED,1789017858641
2217422,3,PROCESSED,1789017858773
2217423,1,INITIATED,1789017858436
2217423,2,VALIDATED,1789017858753
2217423,3,PROCESSED,1789017858774
2217424,1,INITIATED,1789017858436
2217424,2,VALIDATED,1789017858753
2217424,3,PROCESSED,1789017858774
2217425,1,INITIATED,1789017858437
2217425,2,VALIDATED,1789017858752
2217425,3,PROCESSED,1789017858851
2217426,1,INITIATED,1789017858436
2217426,2,VALIDATED,1789017858753
2217426,3,PROCESSED,1789017858853
2217427,1,INITIATED,1789017858436
2217427,2,VALIDATED,1789017858816
2217427,3,PROCESSED,1789017858913
2217428,1,INITIATED,1789017858622
2217428,2,VALIDATED,1789017858834
2217428,3,PROCESSED,1789017858909
2217429,1,INITIATED,1789017858625
2217429,2,VALIDATED,1789017858837
2217429,3,PROCESSED,1789017858919
2217430,1,INITIATED,1789017858624
2217430,2,VALIDATED,1789017858760
2217430,3,PROCESSED,1789017858860
2217431,1,INITIATED,1789017858623
2217431,2,VALIDATED,1789017858842
2217431,3,PROCESSED,1789017858917
2217432,1,INITIATED,1789017858625
2217432,2,VALIDATED,1789017858833
2217432,3,PROCESSED,1789017858857
2217433,1,INITIATED,1789017858621
2217433,2,VALIDATED,1789017858836
2217433,3,PROCESSED,1789017858908
2217434,1,INITIATED,1789017858621
2217434,2,VALIDATED,1789017858757
2217434,3,PROCESSED,1789017858863
2217435,1,INITIATED,1789017858624
2217435,2,VALIDATED,1789017858762
2217435,3,PROCESSED,1789017858924
2217436,1,INITIATED,1789017858626
2217436,2,VALIDATED,1789017858760
2217436,3,PROCESSED,1789017858865
2217437,1,INITIATED,1789017858623
2217437,2,VALIDATED,1789017858834
2217437,3,PROCESSED,1789017858917
2217438,1,INITIATED,1789017858624
2217438,2,VALIDATED,1789017858764
2217438,3,PROCESSED,1789017858795
2217439,1,INITIATED,1789017858623
2217439,2,VALIDATED,1789017858761
2217439,3,PROCESSED,1789017858863
2217440,1,INITIATED,1789017858621
2217440,2,VALIDATED,1789017858762
2217440,3,PROCESSED,1789017858869
2217441,1,INITIATED,1789017858624
2217441,2,VALIDATED,1789017858830
2217441,3,PROCESSED,1789017858856
2217442,1,INITIATED,1789017858625
2217442,2,VALIDATED,1789017858761
2217442,3,PROCESSED,1789017858865
2217443,1,INITIATED,1789017858626
2217443,2,VALIDATED,1789017858839
2217443,3,PROCESSED,1789017858922
2217444,1,INITIATED,1789017858622
2217444,2,VALIDATED,1789017858893
2217444,3,PROCESSED,1789017858940
2217445,1,INITIATED,1789017858622
2217445,2,VALIDATED,1789017858759
2217445,3,PROCESSED,1789017858863
2217446,1,INITIATED,1789017858621
2217446,2,VALIDATED,1789017858757
2217446,3,PROCESSED,1789017858867
2217447,1,INITIATED,1789017858623
2217447,2,VALIDATED,1789017858765
2217447,3,PROCESSED,1789017858789
2217448,1,INITIATED,1789017858625
2217448,2,VALIDATED,1789017858694
2217448,3,PROCESSED,1789017858797
2217449,1,INITIATED,1789017858623
2217449,2,VALIDATED,1789017858833
2217449,3,PROCESSED,1789017858916
2217450,1,INITIATED,1789017858622
2217450,2,VALIDATED,1789017858763
2217450,3,PROCESSED,1789017858924
2217451,1,INITIATED,1789017858624
2217451,2,VALIDATED,1789017858765
2217451,3,PROCESSED,1789017858789
2217452,1,INITIATED,1789017858622
2217452,2,VALIDATED,1789017858759
2217452,3,PROCESSED,1789017858868
2217453,1,INITIATED,1789017858621
2217453,2,VALIDATED,1789017858761
2217453,3,PROCESSED,1789017858857
2217454,1,INITIATED,1789017858621
2217454,2,VALIDATED,1789017858731
2217454,3,PROCESSED,1789017858773
2217455,1,INITIATED,1789017858626
2217455,2,VALIDATED,1789017858696
2217455,3,PROCESSED,1789017858806
2217456,1,INITIATED,1789017858623
2217456,2,VALIDATED,1789017858839
2217456,3,PROCESSED,1789017858911
2217457,1,INITIATED,1789017858627
2217457,2,VALIDATED,1789017858769
2217457,3,PROCESSED,1789017858795
2217458,1,INITIATED,1789017858630
2217458,2,VALIDATED,1789017858770
2217458,3,PROCESSED,1789017858874
2217459,1,INITIATED,1789017858630
2217459,2,VALIDATED,1789017858770
2217459,3,PROCESSED,1789017858872
2217460,1,INITIATED,1789017858631
2217460,2,VALIDATED,1789017858770
2217460,3,PROCESSED,1789017858871
2217461,1,INITIATED,1789017858632
2217461,2,VALIDATED,1789017858850
2217461,3,PROCESSED,1789017858936
2217462,1,INITIATED,1789017858632
2217462,2,VALIDATED,1789017858699
2217462,3,PROCESSED,1789017858935
2217463,1,INITIATED,1789017858633
2217463,2,VALIDATED,1789017858693
2217463,3,PROCESSED,1789017858723
2217464,1,INITIATED,1789017858633
2217464,2,VALIDATED,1789017858769
2217464,3,PROCESSED,1789017858873
2217465,1,INITIATED,1789017858633
2217465,2,VALIDATED,1789017858782
2217465,3,PROCESSED,1789017858882
2217466,1,INITIATED,1789017858634
2217466,2,VALIDATED,1789017858771
2217466,3,PROCESSED,1789017858871
2217467,1,INITIATED,1789017858639
2217467,2,VALIDATED,1789017858779
2217467,3,PROCESSED,1789017858889
2217468,1,INITIATED,1789017858639
2217468,2,VALIDATED,1789017858773
2217468,3,PROCESSED,1789017858793
2217469,1,INITIATED,1789017858639
2217469,2,VALIDATED,1789017858850
2217469,3,PROCESSED,1789017858871
2217470,1,INITIATED,1789017858641
2217470,2,VALIDATED,1789017858772
2217470,3,PROCESSED,1789017858924
2217471,1,INITIATED,1789017858640
2217471,2,VALIDATED,1789017858773
2217471,3,PROCESSED,1789017858792
2217472,1,INITIATED,1789017858640
2217472,2,VALIDATED,1789017858774
2217472,3,PROCESSED,1789017858795
2217473,1,INITIATED,1789017858641
2217473,2,VALIDATED,1789017858773
2217473,3,PROCESSED,1789017858940
2217474,1,INITIATED,1789017858641
2217474,2,VALIDATED,1789017858781
2217474,3,PROCESSED,1789017858883
2217475,1,INITIATED,1789017858672
2217475,2,VALIDATED,1789017858782
2217475,3,PROCESSED,1789017858877
2217476,1,INITIATED,1789017858672
2217476,2,VALIDATED,1789017858703
2217476,3,PROCESSED,1789017858827
2217477,1,INITIATED,1789017858672
2217477,2,VALIDATED,1789017858917
2217477,3,PROCESSED,1789017858943
2217478,1,INITIATED,1789017858673
2217478,2,VALIDATED,1789017858781
2217478,3,REJECTED,1789017858872
2217479,1,INITIATED,1789017858672
2217479,2,VALIDATED,1789017858916
2217479,3,PROCESSED,1789017858944
2217480,1,INITIATED,1789017858672
2217480,2,VALIDATED,1789017858702
2217480,3,REJECTED,1789017858748
2217481,1,INITIATED,1789017858673
2217481,2,VALIDATED,1789017858859
2217481,3,REJECTED,1789017858869
2217482,1,INITIATED,1789017858672
2217482,2,VALIDATED,1789017858782
2217482,3,PROCESSED,1789017858798
2217483,1,INITIATED,1789017858672
2217483,2,VALIDATED,1789017858703
2217483,3,PROCESSED,1789017858828
2217484,1,INITIATED,1789017858687
2217484,2,VALIDATED,1789017858864
2217484,3,PROCESSED,1789017858933
2217485,1,INITIATED,1789017858686
2217485,2,VALIDATED,1789017858916
2217485,3,PROCESSED,1789017858943
2217486,1,INITIATED,1789017858686
2217486,2,VALIDATED,1789017858704
2217486,3,PROCESSED,1789017858754
2217487,1,INITIATED,1789017858690
2217487,2,VALIDATED,1789017858714
2217487,3,PROCESSED,1789017858908
2217488,1,INITIATED,1789017858687
2217488,2,VALIDATED,1789017858867
2217488,3,PROCESSED,1789017858886
2217489,1,INITIATED,1789017858686
2217489,2,VALIDATED,1789017858786
2217489,3,PROCESSED,1789017858892
2217490,1,INITIATED,1789017858686
2217490,2,VALIDATED,1789017858781
2217490,3,PROCESSED,1789017858878
2217491,1,INITIATED,1789017858686
2217491,2,VALIDATED,1789017858863
2217491,3,PROCESSED,1789017858936
2217492,1,INITIATED,1789017858689
2217492,2,VALIDATED,1789017858800
2217492,3,PROCESSED,1789017858913
2217493,1,INITIATED,1789017858698
2217493,2,VALIDATED,1789017858803
2217493,3,PROCESSED,1789017858908
2217494,1,INITIATED,1789017858693
2217494,2,VALIDATED,1789017858792
2217494,3,PROCESSED,1789017858895
2217495,1,INITIATED,1789017858694
2217495,2,VALIDATED,1789017858793
2217495,3,PROCESSED,1789017858808
2217496,1,INITIATED,1789017858694
2217496,2,VALIDATED,1789017858793
2217496,3,PROCESSED,1789017858934
2217497,1,INITIATED,1789017858694
2217497,2,VALIDATED,1789017858874
2217497,3,PROCESSED,1789017858933
2217498,1,INITIATED,1789017858697
2217498,2,VALIDATED,1789017858805
2217498,3,PROCESSED,1789017858936
2217499,1,INITIATED,1789017858690
2217499,2,VALIDATED,1789017858786
2217499,3,PROCESSED,1789017858884
2217500,1,INITIATED,1789017858690
2217500,2,VALIDATED,1789017858716
2217500,3,PROCESSED,1789017858827
2217501,1,INITIATED,1789017858697
2217501,2,VALIDATED,1789017858720
2217501,3,PROCESSED,1789017858832
2217502,1,INITIATED,1789017858697
2217502,2,VALIDATED,1789017858804
2217502,3,PROCESSED,1789017858906
2217503,1,INITIATED,1789017858699
2217503,2,VALIDATED,1789017858880
2217503,3,PROCESSED,1789017858942
2217504,1,INITIATED,1789017858702
2217504,2,VALIDATED,1789017858812
2217504,3,PROCESSED,1789017858911
2217505,1,INITIATED,1789017858702
2217505,2,VALIDATED,1789017858816
2217505,3,PROCESSED,1789017858917
2217506,1,INITIATED,1789017858704
2217506,2,VALIDATED,1789017858826
2217506,3,PROCESSED,1789017858924
2217507,1,INITIATED,1789017858703
2217507,2,VALIDATED,1789017858749
2217507,3,PROCESSED,1789017858846
2217508,1,INITIATED,1789017858705
2217508,2,VALIDATED,1789017858752
2217508,3,PROCESSED,1789017858854
2217509,1,INITIATED,1789017858704
2217509,2,VALIDATED,1789017858824
2217509,3,PROCESSED,1789017858838
2217510,1,INITIATED,1789017858711
2217510,2,VALIDATED,1789017858825
2217510,3,PROCESSED,1789017858841
2217511,1,INITIATED,1789017858719
2217511,2,VALIDATED,1789017858822
2217511,3,PROCESSED,1789017858937
2217512,1,INITIATED,1789017858726
2217512,2,VALIDATED,1789017858835
2217512,3,PROCESSED,1789017858927
2217513,1,INITIATED,1789017858730
2217513,2,VALIDATED,1789017858833
2217513,3,PROCESSED,1789017858905
2217514,1,INITIATED,1789017858732
2217514,2,VALIDATED,1789017858763
2217514,3,PROCESSED,1789017858861
2217515,1,INITIATED,1789017858747
2217515,2,VALIDATED,1789017858834
2217515,3,PROCESSED,1789017858863
2217516,1,INITIATED,1789017858749
2217516,2,VALIDATED,1789017858850
2217516,3,PROCESSED,1789017858923
2217517,1,INITIATED,1789017858749
2217517,2,VALIDATED,1789017858837
2217517,3,PROCESSED,1789017858863
2217518,1,INITIATED,1789017858749
2217518,2,VALIDATED,1789017858766
2217518,3,PROCESSED,1789017858869
2217519,1,INITIATED,1789017858751
2217519,2,VALIDATED,1789017858771
2217519,3,PROCESSED,1789017858873
2217520,1,INITIATED,1789017858752
2217520,2,VALIDATED,1789017858902
2217520,3,PROCESSED,1789017858940
2217521,1,INITIATED,1789017858751
2217521,2,VALIDATED,1789017858764
2217521,3,PROCESSED,1789017858790
2217522,1,INITIATED,1789017858751
2217522,2,VALIDATED,1789017858844
2217522,3,PROCESSED,1789017858875
2217523,1,INITIATED,1789017858750
2217523,2,VALIDATED,1789017858839
2217523,3,PROCESSED,1789017858864
2217524,1,INITIATED,1789017858752
2217524,2,VALIDATED,1789017858845
2217524,3,PROCESSED,1789017858868
2217525,1,INITIATED,1789017858753
2217525,2,VALIDATED,1789017858768
2217525,3,PROCESSED,1789017858790
2217526,1,INITIATED,1789017858758
2217526,2,VALIDATED,1789017858850
2217526,3,PROCESSED,1789017858942
2217527,1,INITIATED,1789017858785
2217527,2,VALIDATED,1789017858881
2217527,3,PROCESSED,1789017858937
2217528,1,INITIATED,1789017858789
2217528,2,VALIDATED,1789017858797
2217528,3,PROCESSED,1789017858886
2217529,1,INITIATED,1789017858790
2217529,2,VALIDATED,1789017858804
2217529,3,PROCESSED,1789017858905
2217530,1,INITIATED,1789017858796
2217530,2,VALIDATED,1789017858882
2217530,3,PROCESSED,1789017858917
2217531,1,INITIATED,1789017858801
2217531,2,VALIDATED,1789017858930
2217531,3,PROCESSED,1789017858944
2217532,1,INITIATED,1789017858805
2217532,2,VALIDATED,1789017858888
2217532,3,PROCESSED,1789017858937
2217533,1,INITIATED,1789017858811
2217533,2,VALIDATED,1789017858829
2217533,3,PROCESSED,1789017858914
2217534,1,INITIATED,1789017858823
2217534,2,VALIDATED,1789017858895
2217534,3,PROCESSED,1789017858941
2217535,1,INITIATED,1789017858832
2217535,2,VALIDATED,1789017858897
2217535,3,PROCESSED,1789017858940
2217536,1,INITIATED,1789017858834
2217536,2,VALIDATED,1789017858902
2217536,3,PROCESSED,1789017858942
2217537,1,INITIATED,1789017858844
2217537,2,VALIDATED,1789017858859
2217537,3,PROCESSED,1789017858877
2217538,1,INITIATED,1789017858857
2217538,2,VALIDATED,1789017858921
2217538,3,REJECTED,1789017858937
2217539,1,INITIATED,1789017858861
2217539,2,VALIDATED,1789017858883
2217539,3,PROCESSED,1789017858916
2217540,1,INITIATED,1789017858875
2217540,2,VALIDATED,1789017858929
2217540,3,PROCESSED,1789017858944
2217541,1,INITIATED,1789017858879
2217541,2,VALIDATED,1789017858893
2217541,3,PROCESSED,1789017858940
2217542,1,INITIATED,1789017858902
2217542,2,VALIDATED,1789017858935
2217542,3,PROCESSED,1789017858948
2217543,1,INITIATED,1789017858904
2217543,2,VALIDATED,1789017858932
2217543,3,PROCESSED,1789017858944
2217544,1,INITIATED,1789017858905
2217544,2,VALIDATED,1789017858915
2217544,3,PROCESSED,1789017858943
2217545,1,INITIATED,1789017858905
2217545,2,VALIDATED,1789017858939
2217545,3,PROCESSED,1789017858950
2217546,1,INITIATED,1789017858915
2217546,2,VALIDATED,1789017858926
2217546,3,PROCESSED,1789017858942
2217547,1,INITIATED,1789017858931
2217547,2,VALIDATED,1789017858941
2217547,3,PROCESSED,1789017858952
2217548,1,INITIATED,1789017858940
2217548,2,VALIDATED,1789017858947
2217548,3,PROCESSED,1789017858956
2217549,1,INITIATED,1789017858941
2217549,2,VALIDATED,1789017858947
2217549,3,PROCESSED,1789017858956
2217550,1,INITIATED,1789017858954
2217550,2,VALIDATED,1789017858973
2217550,3,PROCESSED,1789017858981
2217551,1,INITIATED,1789017858975
2217551,2,VALIDATED,1789017858980
2217551,3,PROCESSED,1789017858987
2217552,1,INITIATED,1789017858994
2217552,2,VALIDATED,1789017858999
2217552,3,PROCESSED,1789017859057
2217553,1,INITIATED,1789017859054
2217553,2,VALIDATED,1789017859060
2217553,3,PROCESSED,1789017859066
2217554,1,INITIATED,1789017859054
2217554,2,VALIDATED,1789017859060
2217554,3,PROCESSED,1789017859066
2217555,1,INITIATED,1789017859054
2217555,2,VALIDATED,1789017859060
2217555,3,PROCESSED,1789017859066
2217556,1,INITIATED,1789017859074
2217556,2,VALIDATED,1789017859133
2217556,3,PROCESSED,1789017859156
2217557,1,INITIATED,1789017859094
2217557,2,VALIDATED,1789017859133
2217557,3,PROCESSED,1789017859156
2217558,1,INITIATED,1789017859114
2217558,2,VALIDATED,1789017859133
2217558,3,PROCESSED,1789017859156
2217559,1,INITIATED,1789017859135
2217559,2,VALIDATED,1789017859154
2217559,3,PROCESSED,1789017859161
2217560,1,INITIATED,1789017859155
2217560,2,VALIDATED,1789017859160
2217560,3,PROCESSED,1789017859166
2217561,1,INITIATED,1789017859174
2217561,2,VALIDATED,1789017859179
2217561,3,PROCESSED,1789017859215
2217562,1,INITIATED,1789017859194
2217562,2,VALIDATED,1789017859256
2217562,3,PROCESSED,1789017859643
2217563,1,INITIATED,1789017859214
2217563,2,VALIDATED,1789017859636
2217563,3,PROCESSED,1789017859765
2217564,1,INITIATED,1789017859256
2217564,2,VALIDATED,1789017859637
2217564,3,PROCESSED,1789017859759
2217565,1,INITIATED,1789017859256
2217565,2,VALIDATED,1789017859644
2217565,3,PROCESSED,1789017859757
2217566,1,INITIATED,1789017859641
2217566,2,VALIDATED,1789017859763
2217566,3,PROCESSED,1789017859820
2217567,1,INITIATED,1789017859642
2217567,2,VALIDATED,1789017859759
2217567,3,PROCESSED,1789017859817
2217568,1,INITIATED,1789017859634
2217568,2,VALIDATED,1789017859752
2217568,3,PROCESSED,1789017859775
2217569,1,INITIATED,1789017859639
2217569,2,VALIDATED,1789017859762
2217569,3,PROCESSED,1789017859819
2217570,1,INITIATED,1789017859642
2217570,2,VALIDATED,1789017859762
2217570,3,PROCESSED,1789017859814
2217571,1,INITIATED,1789017859644
2217571,2,VALIDATED,1789017859765
2217571,3,PROCESSED,1789017859820
2217572,1,INITIATED,1789017859641
2217572,2,VALIDATED,1789017859767
2217572,3,PROCESSED,1789017859815
2217573,1,INITIATED,1789017859634
2217573,2,VALIDATED,1789017859763
2217573,3,PROCESSED,1789017860052
2217574,1,INITIATED,1789017859641
2217574,2,VALIDATED,1789017859765
2217574,3,PROCESSED,1789017860050
2217575,1,INITIATED,1789017859639
2217575,2,VALIDATED,1789017859766
2217575,3,PROCESSED,1789017859818
2217576,1,INITIATED,1789017859642
2217576,2,VALIDATED,1789017859766
2217576,3,PROCESSED,1789017859812
2217577,1,INITIATED,1789017859639
2217577,2,VALIDATED,1789017859765
2217577,3,PROCESSED,1789017859817
2217578,1,INITIATED,1789017859634
2217578,2,VALIDATED,1789017859760
2217578,3,PROCESSED,1789017860052
2217579,1,INITIATED,1789017859643
2217579,2,VALIDATED,1789017859763
2217579,3,PROCESSED,1789017859814
2217580,1,INITIATED,1789017859637
2217580,2,VALIDATED,1789017859762
2217580,3,PROCESSED,1789017859818
2217581,1,INITIATED,1789017859645
2217581,2,VALIDATED,1789017859759
2217581,3,PROCESSED,1789017859817
2217582,1,INITIATED,1789017859640
2217582,2,VALIDATED,1789017859760
2217582,3,PROCESSED,1789017859816
2217583,1,INITIATED,1789017859643
2217583,2,VALIDATED,1789017859763
2217583,3,PROCESSED,1789017859818
2217584,1,INITIATED,1789017859644
2217584,2,VALIDATED,1789017859766
2217584,3,PROCESSED,1789017859813
2217585,1,INITIATED,1789017859754
2217585,2,VALIDATED,1789017859809
2217585,3,PROCESSED,1789017860054
2217586,1,INITIATED,1789017859761
2217586,2,VALIDATED,1789017859810
2217586,3,PROCESSED,1789017860054
2217587,1,INITIATED,1789017859751
2217587,2,VALIDATED,1789017859811
2217587,3,PROCESSED,1789017860051
2217588,1,INITIATED,1789017859752
2217588,2,VALIDATED,1789017859807
2217588,3,PROCESSED,1789017860052
2217589,1,INITIATED,1789017859751
2217589,2,VALIDATED,1789017859763
2217589,3,PROCESSED,1789017859818
2217590,1,INITIATED,1789017859764
2217590,2,VALIDATED,1789017859812
2217590,3,PROCESSED,1789017860054
2217591,1,INITIATED,1789017859773
2217591,2,VALIDATED,1789017859811
2217591,3,PROCESSED,1789017860053
2217592,1,INITIATED,1789017859795
2217592,2,VALIDATED,1789017859812
2217592,3,PROCESSED,1789017860054
2217593,1,INITIATED,1789017859815
2217593,2,VALIDATED,1789017860052
2217593,3,PROCESSED,1789017860072
2217594,1,INITIATED,1789017860050
2217594,2,VALIDATED,1789017860070
2217594,3,PROCESSED,1789017860145
2217595,1,INITIATED,1789017860049
2217595,2,VALIDATED,1789017860070
2217595,3,PROCESSED,1789017860145
2217596,1,INITIATED,1789017860049
2217596,2,VALIDATED,1789017860069
2217596,3,PROCESSED,1789017860089
2217597,1,INITIATED,1789017860050
2217597,2,VALIDATED,1789017860071
2217597,3,PROCESSED,1789017860146
2217598,1,INITIATED,1789017860051
2217598,2,VALIDATED,1789017860071
2217598,3,PROCESSED,1789017860145
2217599,1,INITIATED,1789017860049
2217599,2,VALIDATED,1789017860068
2217599,3,PROCESSED,1789017860075
2217600,1,INITIATED,1789017860050
2217600,2,VALIDATED,1789017860071
2217600,3,PROCESSED,1789017860147
2217601,1,INITIATED,1789017860050
2217601,2,VALIDATED,1789017860071
2217601,3,PROCESSED,1789017860145
2217602,1,INITIATED,1789017860051
2217602,2,VALIDATED,1789017860070
2217602,3,PROCESSED,1789017860147
2217603,1,INITIATED,1789017860051
2217603,2,VALIDATED,1789017860069
2217603,3,PROCESSED,1789017860089
2217604,1,INITIATED,1789017860052
2217604,2,VALIDATED,1789017860069
2217604,3,PROCESSED,1789017860146
2217605,1,INITIATED,1789017860054
2217605,2,VALIDATED,1789017860070
2217605,3,PROCESSED,1789017860147
2217606,1,INITIATED,1789017860073
2217606,2,VALIDATED,1789017860144
2217606,3,REJECTED,1789017860148
2217607,1,INITIATED,1789017860093
2217607,2,VALIDATED,1789017860143
2217607,3,REJECTED,1789017860149
2217608,1,INITIATED,1789017860114
2217608,2,VALIDATED,1789017860142
2217608,3,REJECTED,1789017860147
2217609,1,INITIATED,1789017860134
2217609,2,VALIDATED,1789017860144
2217609,3,REJECTED,1789017860148
2217610,1,INITIATED,1789017860153
2217610,2,VALIDATED,1789017860158
2217610,3,PROCESSED,1789017860177
2217611,1,INITIATED,1789017860175
2217611,2,VALIDATED,1789017860209
2217611,3,PROCESSED,1789017860451
2217612,1,INITIATED,1789017860206
2217612,2,VALIDATED,1789017860448
2217612,3,PROCESSED,1789017860458
2217613,1,INITIATED,1789017860446
2217613,2,VALIDATED,1789017860454
2217613,3,PROCESSED,1789017860570
2217614,1,INITIATED,1789017860446
2217614,2,VALIDATED,1789017860455
2217614,3,PROCESSED,1789017860569
2217615,1,INITIATED,1789017860449
2217615,2,VALIDATED,1789017860565
2217615,3,PROCESSED,1789017860845
2217616,1,INITIATED,1789017860448
2217616,2,VALIDATED,1789017860565
2217616,3,PROCESSED,1789017860844
2217617,1,INITIATED,1789017860447
2217617,2,VALIDATED,1789017860454
2217617,3,PROCESSED,1789017860568
2217618,1,INITIATED,1789017860448
2217618,2,VALIDATED,1789017860454
2217618,3,PROCESSED,1789017860568
2217619,1,INITIATED,1789017860447
2217619,2,VALIDATED,1789017860453
2217619,3,PROCESSED,1789017860570
2217620,1,INITIATED,1789017860448
2217620,2,VALIDATED,1789017860455
2217620,3,PROCESSED,1789017860569
2217621,1,INITIATED,1789017860446
2217621,2,VALIDATED,1789017860455
2217621,3,PROCESSED,1789017860569
2217622,1,INITIATED,1789017860449
2217622,2,VALIDATED,1789017860564
2217622,3,PROCESSED,1789017860844
2217623,1,INITIATED,1789017860447
2217623,2,VALIDATED,1789017860457
2217623,3,PROCESSED,1789017860568
2217624,1,INITIATED,1789017860446
2217624,2,VALIDATED,1789017860456
2217624,3,PROCESSED,1789017860569
2217625,1,INITIATED,1789017860456
2217625,2,VALIDATED,1789017860567
2217625,3,PROCESSED,1789017860845
2217626,1,INITIATED,1789017860563
2217626,2,VALIDATED,1789017860838
2217626,3,PROCESSED,1789017860850
2217627,1,INITIATED,1789017860563
2217627,2,VALIDATED,1789017860840
2217627,3,PROCESSED,1789017860852
2217628,1,INITIATED,1789017860564
2217628,2,VALIDATED,1789017860840
2217628,3,PROCESSED,1789017860854
2217629,1,INITIATED,1789017860563
2217629,2,VALIDATED,1789017860838
2217629,3,PROCESSED,1789017860851
2217630,1,INITIATED,1789017860563
2217630,2,VALIDATED,1789017860838
2217630,3,PROCESSED,1789017860848
2217631,1,INITIATED,1789017860574
2217631,2,VALIDATED,1789017860844
2217631,3,PROCESSED,1789017860854
2217632,1,INITIATED,1789017860836
2217632,2,VALIDATED,1789017860845
2217632,3,PROCESSED,1789017860869
2217633,1,INITIATED,1789017860836
2217633,2,VALIDATED,1789017860844
2217633,3,PROCESSED,1789017860854
2217634,1,INITIATED,1789017860836
2217634,2,VALIDATED,1789017860844
2217634,3,PROCESSED,1789017860854
2217635,1,INITIATED,1789017860839
2217635,2,VALIDATED,1789017860849
2217635,3,PROCESSED,1789017860953
2217636,1,INITIATED,1789017860837
2217636,2,VALIDATED,1789017860845
2217636,3,PROCESSED,1789017860870
2217637,1,INITIATED,1789017860835
2217637,2,VALIDATED,1789017860846
2217637,3,PROCESSED,1789017860870
2217638,1,INITIATED,1789017860835
2217638,2,VALIDATED,1789017860846
2217638,3,PROCESSED,1789017860869
2217639,1,INITIATED,1789017860836
2217639,2,VALIDATED,1789017860845
2217639,3,PROCESSED,1789017860869
2217640,1,INITIATED,1789017860835
2217640,2,VALIDATED,1789017860845
2217640,3,PROCESSED,1789017860870
2217641,1,INITIATED,1789017860837
2217641,2,VALIDATED,1789017860845
2217641,3,PROCESSED,1789017860870
2217642,1,INITIATED,1789017860840
2217642,2,VALIDATED,1789017860850
2217642,3,PROCESSED,1789017860953
2217643,1,INITIATED,1789017860839
2217643,2,VALIDATED,1789017860850
2217643,3,PROCESSED,1789017860953
2217644,1,INITIATED,1789017860839
2217644,2,VALIDATED,1789017860849
2217644,3,PROCESSED,1789017860953
2217645,1,INITIATED,1789017860855
2217645,2,VALIDATED,1789017860951
2217645,3,PROCESSED,1789017860972
2217646,1,INITIATED,1789017860874
2217646,2,VALIDATED,1789017860952
2217646,3,PROCESSED,1789017860973
2217647,1,INITIATED,1789017860894
2217647,2,VALIDATED,1789017860952
2217647,3,PROCESSED,1789017860972
2217648,1,INITIATED,1789017860913
2217648,2,VALIDATED,1789017860952
2217648,3,PROCESSED,1789017860973
2217649,1,INITIATED,1789017860934
2217649,2,VALIDATED,1789017860951
2217649,3,PROCESSED,1789017860973
2217650,1,INITIATED,1789017860955
2217650,2,VALIDATED,1789017860969
2217650,3,PROCESSED,1789017860988
2217651,1,INITIATED,1789017860974
2217651,2,VALIDATED,1789017860986
2217651,3,PROCESSED,1789017861006
2217652,1,INITIATED,1789017860994
2217652,2,VALIDATED,1789017861004
2217652,3,PROCESSED,1789017861022
2217653,1,INITIATED,1789017861013
2217653,2,VALIDATED,1789017861020
2217653,3,PROCESSED,1789017861038
2217654,1,INITIATED,1789017861034
2217654,2,VALIDATED,1789017861038
2217654,3,PROCESSED,1789017861045
2217655,1,INITIATED,1789017861053
2217655,2,VALIDATED,1789017861058
2217655,3,PROCESSED,1789017861063
2217656,1,INITIATED,1789017861073
2217656,2,VALIDATED,1789017861078
2217656,3,PROCESSED,1789017861084
2217657,1,INITIATED,1789017861094
2217657,2,VALIDATED,1789017861100
2217657,3,PROCESSED,1789017861106
2217658,1,INITIATED,1789017861114
2217658,2,VALIDATED,1789017861118
2217658,3,PROCESSED,1789017861124
2217659,1,INITIATED,1789017861133
2217659,2,VALIDATED,1789017861138
2217659,3,PROCESSED,1789017861143
2217660,1,INITIATED,1789017861154
2217660,2,VALIDATED,1789017861173
2217660,3,PROCESSED,1789017861179
2217661,1,INITIATED,1789017861174
2217661,2,VALIDATED,1789017861178
2217661,3,PROCESSED,1789017861446
2217662,1,INITIATED,1789017861222
2217662,2,VALIDATED,1789017861444
2217662,3,PROCESSED,1789017861740
2217663,1,INITIATED,1789017861222
2217663,2,VALIDATED,1789017861444
2217663,3,PROCESSED,1789017861739
2217664,1,INITIATED,1789017861442
2217664,2,VALIDATED,1789017861733
2217664,3,PROCESSED,1789017862069
2217665,1,INITIATED,1789017861442
2217665,2,VALIDATED,1789017861738
2217665,3,PROCESSED,1789017862070
2217666,1,INITIATED,1789017861442
2217666,2,VALIDATED,1789017861738
2217666,3,PROCESSED,1789017862070
2217667,1,INITIATED,1789017861442
2217667,2,VALIDATED,1789017861738
2217667,3,PROCESSED,1789017862070
2217668,1,INITIATED,1789017861442
2217668,2,VALIDATED,1789017861737
2217668,3,PROCESSED,1789017862069
2217669,1,INITIATED,1789017861443
2217669,2,VALIDATED,1789017861738
2217669,3,PROCESSED,1789017862070
2217670,1,INITIATED,1789017861443
2217670,2,VALIDATED,1789017861738
2217670,3,PROCESSED,1789017862070
2217671,1,INITIATED,1789017861443
2217671,2,VALIDATED,1789017861738
2217671,3,PROCESSED,1789017862071
2217672,1,INITIATED,1789017861442
2217672,2,VALIDATED,1789017861737
2217672,3,PROCESSED,1789017862069
2217673,1,INITIATED,1789017861443
2217673,2,VALIDATED,1789017861738
2217673,3,PROCESSED,1789017862070
2217674,1,INITIATED,1789017861442
2217674,2,VALIDATED,1789017861737
2217674,3,PROCESSED,1789017862069
2217675,1,INITIATED,1789017861458
2217675,2,VALIDATED,1789017861740
2217675,3,PROCESSED,1789017862070
2217676,1,INITIATED,1789017861734
2217676,2,VALIDATED,1789017862067
2217676,3,PROCESSED,1789017862106
2217677,1,INITIATED,1789017861734
2217677,2,VALIDATED,1789017862068
2217677,3,PROCESSED,1789017862105
2217678,1,INITIATED,1789017861735
2217678,2,VALIDATED,1789017862070
2217678,3,PROCESSED,1789017862106
2217679,1,INITIATED,1789017861737
2217679,2,VALIDATED,1789017862068
2217679,3,PROCESSED,1789017862105
2217680,1,INITIATED,1789017861738
2217680,2,VALIDATED,1789017862065
2217680,3,PROCESSED,1789017862104
2217681,1,INITIATED,1789017861734
2217681,2,VALIDATED,1789017862067
2217681,3,PROCESSED,1789017862106
2217682,1,INITIATED,1789017861737
2217682,2,VALIDATED,1789017862068
2217682,3,PROCESSED,1789017862105
2217683,1,INITIATED,1789017861737
2217683,2,VALIDATED,1789017862065
2217683,3,PROCESSED,1789017862104
2217684,1,INITIATED,1789017861735
2217684,2,VALIDATED,1789017862066
2217684,3,PROCESSED,1789017862104
2217685,1,INITIATED,1789017861734
2217685,2,VALIDATED,1789017862067
2217685,3,PROCESSED,1789017862106
2217686,1,INITIATED,1789017861734
2217686,2,VALIDATED,1789017862068
2217686,3,PROCESSED,1789017862105
2217687,1,INITIATED,1789017861733
2217687,2,VALIDATED,1789017862063
2217687,3,PROCESSED,1789017862104
2217688,1,INITIATED,1789017861734
2217688,2,VALIDATED,1789017862066
2217688,3,PROCESSED,1789017862105
2217689,1,INITIATED,1789017861735
2217689,2,VALIDATED,1789017862066
2217689,3,PROCESSED,1789017862106
2217690,1,INITIATED,1789017861785
2217690,2,VALIDATED,1789017862100
2217690,3,PROCESSED,1789017862186
2217691,1,INITIATED,1789017861785
2217691,2,VALIDATED,1789017862102
2217691,3,PROCESSED,1789017862187
2217692,1,INITIATED,1789017862066
2217692,2,VALIDATED,1789017862101
2217692,3,PROCESSED,1789017862186
2217693,1,INITIATED,1789017862063
2217693,2,VALIDATED,1789017862101
2217693,3,PROCESSED,1789017862186
2217694,1,INITIATED,1789017862064
2217694,2,VALIDATED,1789017862103
2217694,3,PROCESSED,1789017862185
2217695,1,INITIATED,1789017862064
2217695,2,VALIDATED,1789017862102
2217695,3,PROCESSED,1789017862184
2217696,1,INITIATED,1789017862080
2217696,2,VALIDATED,1789017862179
2217696,3,PROCESSED,1789017862509
2217697,1,INITIATED,1789017862098
2217697,2,VALIDATED,1789017862183
2217697,3,REJECTED,1789017862232
2217698,1,INITIATED,1789017862097
2217698,2,VALIDATED,1789017862183
2217698,3,PROCESSED,1789017862507
2217699,1,INITIATED,1789017862098
2217699,2,VALIDATED,1789017862183
2217699,3,PROCESSED,1789017862507
2217700,1,INITIATED,1789017862098
2217700,2,VALIDATED,1789017862183
2217700,3,PROCESSED,1789017862507
2217701,1,INITIATED,1789017862097
2217701,2,VALIDATED,1789017862184
2217701,3,PROCESSED,1789017862509
2217702,1,INITIATED,1789017862098
2217702,2,VALIDATED,1789017862184
2217702,3,PROCESSED,1789017862507
2217703,1,INITIATED,1789017862098
2217703,2,VALIDATED,1789017862184
2217703,3,PROCESSED,1789017862508
2217704,1,INITIATED,1789017862098
2217704,2,VALIDATED,1789017862185
2217704,3,PROCESSED,1789017862504
2217705,1,INITIATED,1789017862100
2217705,2,VALIDATED,1789017862185
2217705,3,PROCESSED,1789017862506
2217706,1,INITIATED,1789017862100
2217706,2,VALIDATED,1789017862183
2217706,3,PROCESSED,1789017862507
2217707,1,INITIATED,1789017862108
2217707,2,VALIDATED,1789017862180
2217707,3,REJECTED,1789017862231
2217708,1,INITIATED,1789017862174
2217708,2,VALIDATED,1789017862232
2217708,3,REJECTED,1789017862639
2217709,1,INITIATED,1789017862178
2217709,2,VALIDATED,1789017862232
2217709,3,PROCESSED,1789017862642
2217710,1,INITIATED,1789017862178
2217710,2,VALIDATED,1789017862232
2217710,3,PROCESSED,1789017862604
2217711,1,INITIATED,1789017862180
2217711,2,VALIDATED,1789017862232
2217711,3,REJECTED,1789017862639
2217712,1,INITIATED,1789017862195
2217712,2,VALIDATED,1789017862504
2217712,3,PROCESSED,1789017862642
2217713,1,INITIATED,1789017862228
2217713,2,VALIDATED,1789017862505
2217713,3,PROCESSED,1789017862642
2217714,1,INITIATED,1789017862505
2217714,2,VALIDATED,1789017862638
2217714,3,PROCESSED,1789017862991
2217715,1,INITIATED,1789017862503
2217715,2,VALIDATED,1789017862639
2217715,3,PROCESSED,1789017862991
2217716,1,INITIATED,1789017862503
2217716,2,VALIDATED,1789017862636
2217716,3,PROCESSED,1789017862990
2217717,1,INITIATED,1789017862505
2217717,2,VALIDATED,1789017862640
2217717,3,PROCESSED,1789017862990
2217718,1,INITIATED,1789017862502
2217718,2,VALIDATED,1789017862639
2217718,3,PROCESSED,1789017862992
2217719,1,INITIATED,1789017862503
2217719,2,VALIDATED,1789017862637
2217719,3,PROCESSED,1789017862991
2217720,1,INITIATED,1789017862502
2217720,2,VALIDATED,1789017862637
2217720,3,PROCESSED,1789017862991
2217721,1,INITIATED,1789017862503
2217721,2,VALIDATED,1789017862638
2217721,3,PROCESSED,1789017862990
2217722,1,INITIATED,1789017862504
2217722,2,VALIDATED,1789017862638
2217722,3,PROCESSED,1789017862992
2217723,1,INITIATED,1789017862502
2217723,2,VALIDATED,1789017862637
2217723,3,PROCESSED,1789017862993
2217724,1,INITIATED,1789017862503
2217724,2,VALIDATED,1789017862639
2217724,3,PROCESSED,1789017862992
2217725,1,INITIATED,1789017862505
2217725,2,VALIDATED,1789017862640
2217725,3,PROCESSED,1789017862991
2217726,1,INITIATED,1789017862505
2217726,2,VALIDATED,1789017862639
2217726,3,PROCESSED,1789017862991
2217727,1,INITIATED,1789017862504
2217727,2,VALIDATED,1789017862637
2217727,3,PROCESSED,1789017862991
2217728,1,INITIATED,1789017862513
2217728,2,VALIDATED,1789017862642
2217728,3,PROCESSED,1789017862990
2217729,1,INITIATED,1789017862604
2217729,2,VALIDATED,1789017862642
2217729,3,PROCESSED,1789017862990
2217730,1,INITIATED,1789017862607
2217730,2,VALIDATED,1789017862988
2217730,3,PROCESSED,1789017863091
2217731,1,INITIATED,1789017862608
2217731,2,VALIDATED,1789017862983
2217731,3,PROCESSED,1789017863093
2217732,1,INITIATED,1789017862606
2217732,2,VALIDATED,1789017862982
2217732,3,PROCESSED,1789017863092
2217733,1,INITIATED,1789017862639
2217733,2,VALIDATED,1789017862986
2217733,3,PROCESSED,1789017863091
2217734,1,INITIATED,1789017862636
2217734,2,VALIDATED,1789017862987
2217734,3,PROCESSED,1789017863092
2217735,1,INITIATED,1789017862666
2217735,2,VALIDATED,1789017863086
2217735,3,PROCESSED,1789017863099
2217736,1,INITIATED,1789017862981
2217736,2,VALIDATED,1789017863089
2217736,3,PROCESSED,1789017863101
2217737,1,INITIATED,1789017862980
2217737,2,VALIDATED,1789017863089
2217737,3,PROCESSED,1789017863103
2217738,1,INITIATED,1789017862979
2217738,2,VALIDATED,1789017863086
2217738,3,PROCESSED,1789017863100
2217739,1,INITIATED,1789017862984
2217739,2,VALIDATED,1789017863087
2217739,3,PROCESSED,1789017863097
2217740,1,INITIATED,1789017862980
2217740,2,VALIDATED,1789017863084
2217740,3,PROCESSED,1789017863097
2217741,1,INITIATED,1789017862987
2217741,2,VALIDATED,1789017863087
2217741,3,PROCESSED,1789017863100
2217742,1,INITIATED,1789017862979
2217742,2,VALIDATED,1789017863083
2217742,3,PROCESSED,1789017863097
2217743,1,INITIATED,1789017862984
2217743,2,VALIDATED,1789017863089
2217743,3,PROCESSED,1789017863100
2217744,1,INITIATED,1789017862983
2217744,2,VALIDATED,1789017863090
2217744,3,PROCESSED,1789017863100
2217745,1,INITIATED,1789017862986
2217745,2,VALIDATED,1789017863087
2217745,3,PROCESSED,1789017863099
2217746,1,INITIATED,1789017862988
2217746,2,VALIDATED,1789017863089
2217746,3,PROCESSED,1789017863103
2217747,1,INITIATED,1789017862990
2217747,2,VALIDATED,1789017863089
2217747,3,PROCESSED,1789017863102
2217748,1,INITIATED,1789017863081
2217748,2,VALIDATED,1789017863092
2217748,3,PROCESSED,1789017863104
2217749,1,INITIATED,1789017863081
2217749,2,VALIDATED,1789017863091
2217749,3,PROCESSED,1789017863102
2217750,1,INITIATED,1789017863081
2217750,2,VALIDATED,1789017863090
2217750,3,PROCESSED,1789017863102
2217751,1,INITIATED,1789017863082
2217751,2,VALIDATED,1789017863092
2217751,3,PROCESSED,1789017863103
2217752,1,INITIATED,1789017863082
2217752,2,VALIDATED,1789017863092
2217752,3,PROCESSED,1789017863102
2217753,1,INITIATED,1789017863082
2217753,2,VALIDATED,1789017863092
2217753,3,PROCESSED,1789017863101
2217754,1,INITIATED,1789017863083
2217754,2,VALIDATED,1789017863094
2217754,3,PROCESSED,1789017863104
2217755,1,INITIATED,1789017863083
2217755,2,VALIDATED,1789017863091
2217755,3,PROCESSED,1789017863102
2217756,1,INITIATED,1789017863086
2217756,2,VALIDATED,1789017863094
2217756,3,PROCESSED,1789017863106
2217757,1,INITIATED,1789017863095
2217757,2,VALIDATED,1789017863103
2217757,3,PROCESSED,1789017863123
2217758,1,INITIATED,1789017863113
2217758,2,VALIDATED,1789017863121
2217758,3,PROCESSED,1789017863126
2217759,1,INITIATED,1789017863134
2217759,2,VALIDATED,1789017863137
2217759,3,PROCESSED,1789017863142
2217760,1,INITIATED,1789017863153
2217760,2,VALIDATED,1789017863157
2217760,3,PROCESSED,1789017863161
2217761,1,INITIATED,1789017863173
2217761,2,VALIDATED,1789017863206
2217761,3,PROCESSED,1789017863382
2217762,1,INITIATED,1789017863204
2217762,2,VALIDATED,1789017863380
2217762,3,PROCESSED,1789017863389
2217763,1,INITIATED,1789017863379
2217763,2,VALIDATED,1789017863386
2217763,3,PROCESSED,1789017863509
2217764,1,INITIATED,1789017863379
2217764,2,VALIDATED,1789017863386
2217764,3,PROCESSED,1789017863510
2217765,1,INITIATED,1789017863379
2217765,2,VALIDATED,1789017863386
2217765,3,PROCESSED,1789017863508
2217766,1,INITIATED,1789017863379
2217766,2,VALIDATED,1789017863385
2217766,3,PROCESSED,1789017863508
2217767,1,INITIATED,1789017863379
2217767,2,VALIDATED,1789017863386
2217767,3,PROCESSED,1789017863508
2217768,1,INITIATED,1789017863379
2217768,2,VALIDATED,1789017863386
2217768,3,PROCESSED,1789017863509
2217769,1,INITIATED,1789017863379
2217769,2,VALIDATED,1789017863386
2217769,3,PROCESSED,1789017863509
2217770,1,INITIATED,1789017863379
2217770,2,VALIDATED,1789017863386
2217770,3,PROCESSED,1789017863509
2217771,1,INITIATED,1789017863379
2217771,2,VALIDATED,1789017863386
2217771,3,PROCESSED,1789017863509
2217772,1,INITIATED,1789017863395
2217772,2,VALIDATED,1789017863507
2217772,3,PROCESSED,1789017863764
2217773,1,INITIATED,1789017863503
2217773,2,VALIDATED,1789017863509
2217773,3,PROCESSED,1789017863765
2217774,1,INITIATED,1789017863503
2217774,2,VALIDATED,1789017863509
2217774,3,PROCESSED,1789017863763
2217775,1,INITIATED,1789017863503
2217775,2,VALIDATED,1789017863509
2217775,3,PROCESSED,1789017863764
2217776,1,INITIATED,1789017863503
2217776,2,VALIDATED,1789017863509
2217776,3,PROCESSED,1789017863765
2217777,1,INITIATED,1789017863503
2217777,2,VALIDATED,1789017863510
2217777,3,PROCESSED,1789017863764
2217778,1,INITIATED,1789017863757
2217778,2,VALIDATED,1789017863768
2217778,3,PROCESSED,1789017863853
2217779,1,INITIATED,1789017863758
2217779,2,VALIDATED,1789017863769
2217779,3,PROCESSED,1789017863853
2217780,1,INITIATED,1789017863759
2217780,2,VALIDATED,1789017863769
2217780,3,PROCESSED,1789017863853
2217781,1,INITIATED,1789017863758
2217781,2,VALIDATED,1789017863768
2217781,3,PROCESSED,1789017863853
2217782,1,INITIATED,1789017863758
2217782,2,VALIDATED,1789017863768
2217782,3,PROCESSED,1789017863853
2217783,1,INITIATED,1789017863757
2217783,2,VALIDATED,1789017863768
2217783,3,PROCESSED,1789017863852
2217784,1,INITIATED,1789017863759
2217784,2,VALIDATED,1789017863846
2217784,3,PROCESSED,1789017863867
2217785,1,INITIATED,1789017863757
2217785,2,VALIDATED,1789017863768
2217785,3,PROCESSED,1789017863853
2217786,1,INITIATED,1789017863758
2217786,2,VALIDATED,1789017863769
2217786,3,PROCESSED,1789017863853
2217787,1,INITIATED,1789017863757
2217787,2,VALIDATED,1789017863768
2217787,3,PROCESSED,1789017863852
2217788,1,INITIATED,1789017863758
2217788,2,VALIDATED,1789017863768
2217788,3,PROCESSED,1789017863853
2217789,1,INITIATED,1789017863758
2217789,2,VALIDATED,1789017863768
2217789,3,PROCESSED,1789017863852
2217790,1,INITIATED,1789017863757
2217790,2,VALIDATED,1789017863768
2217790,3,PROCESSED,1789017863853
2217791,1,INITIATED,1789017863774
2217791,2,VALIDATED,1789017863849
2217791,3,PROCESSED,1789017863868
2217792,1,INITIATED,1789017863793
2217792,2,VALIDATED,1789017863849
2217792,3,PROCESSED,1789017863868
2217793,1,INITIATED,1789017863813
2217793,2,VALIDATED,1789017863848
2217793,3,PROCESSED,1789017863868
2217794,1,INITIATED,1789017863833
2217794,2,VALIDATED,1789017863849
2217794,3,PROCESSED,1789017863868
2217795,1,INITIATED,1789017863854
2217795,2,VALIDATED,1789017863866
2217795,3,PROCESSED,1789017863884
2217796,1,INITIATED,1789017863874
2217796,2,VALIDATED,1789017863884
2217796,3,PROCESSED,1789017863901
2217797,1,INITIATED,1789017863894
2217797,2,VALIDATED,1789017863900
2217797,3,PROCESSED,1789017863906
2217798,1,INITIATED,1789017863914
2217798,2,VALIDATED,1789017863917
2217798,3,PROCESSED,1789017863922
2217799,1,INITIATED,1789017863933
2217799,2,VALIDATED,1789017863937
2217799,3,PROCESSED,1789017863943
2217800,1,INITIATED,1789017863954
2217800,2,VALIDATED,1789017863958
2217800,3,PROCESSED,1789017863976
2217801,1,INITIATED,1789017863974
2217801,2,VALIDATED,1789017863977
2217801,3,PROCESSED,1789017863982
2217802,1,INITIATED,1789017863993
2217802,2,VALIDATED,1789017863998
2217802,3,PROCESSED,1789017864002
2217803,1,INITIATED,1789017864013
2217803,2,VALIDATED,1789017864017
2217803,3,PROCESSED,1789017864021
2217804,1,INITIATED,1789017864033
2217804,2,VALIDATED,1789017864037
2217804,3,PROCESSED,1789017864040
2217805,1,INITIATED,1789017864053
2217805,2,VALIDATED,1789017864057
2217805,3,PROCESSED,1789017864061
2217806,1,INITIATED,1789017864073
2217806,2,VALIDATED,1789017864075
2217806,3,REJECTED,1789017864078
2217807,1,INITIATED,1789017864093
2217807,2,VALIDATED,1789017864096
2217807,3,REJECTED,1789017864098
2217808,1,INITIATED,1789017864114
2217808,2,VALIDATED,1789017864119
2217808,3,REJECTED,1789017864122
2217809,1,INITIATED,1789017864134
2217809,2,VALIDATED,1789017864151
2217809,3,REJECTED,1789017864154
2217810,1,INITIATED,1789017864154
2217810,2,VALIDATED,1789017864157
2217810,3,PROCESSED,1789017864161
2217811,1,INITIATED,1789017864182
2217811,2,VALIDATED,1789017864394
2217811,3,PROCESSED,1789017864512
2217812,1,INITIATED,1789017864199
2217812,2,VALIDATED,1789017864394
2217812,3,PROCESSED,1789017864512
2217813,1,INITIATED,1789017864393
2217813,2,VALIDATED,1789017864505
2217813,3,PROCESSED,1789017864516
2217814,1,INITIATED,1789017864394
2217814,2,VALIDATED,1789017864510
2217814,3,PROCESSED,1789017864763
2217815,1,INITIATED,1789017864393
2217815,2,VALIDATED,1789017864398
2217815,3,PROCESSED,1789017864513
2217816,1,INITIATED,1789017864394
2217816,2,VALIDATED,1789017864507
2217816,3,PROCESSED,1789017864516
2217817,1,INITIATED,1789017864393
2217817,2,VALIDATED,1789017864398
2217817,3,PROCESSED,1789017864514
2217818,1,INITIATED,1789017864394
2217818,2,VALIDATED,1789017864510
2217818,3,PROCESSED,1789017864763
2217819,1,INITIATED,1789017864393
2217819,2,VALIDATED,1789017864398
2217819,3,PROCESSED,1789017864513
2217820,1,INITIATED,1789017864394
2217820,2,VALIDATED,1789017864510
2217820,3,PROCESSED,1789017864763
2217821,1,INITIATED,1789017864393
2217821,2,VALIDATED,1789017864398
2217821,3,PROCESSED,1789017864514
2217822,1,INITIATED,1789017864394
2217822,2,VALIDATED,1789017864510
2217822,3,PROCESSED,1789017864762
2217823,1,INITIATED,1789017864504
2217823,2,VALIDATED,1789017864515
2217823,3,PROCESSED,1789017864762
2217824,1,INITIATED,1789017864504
2217824,2,VALIDATED,1789017864514
2217824,3,PROCESSED,1789017864763
2217825,1,INITIATED,1789017864505
2217825,2,VALIDATED,1789017864515
2217825,3,PROCESSED,1789017864763
2217826,1,INITIATED,1789017864504
2217826,2,VALIDATED,1789017864514
2217826,3,PROCESSED,1789017864763
2217827,1,INITIATED,1789017864504
2217827,2,VALIDATED,1789017864514
2217827,3,PROCESSED,1789017864762
2217828,1,INITIATED,1789017864514
2217828,2,VALIDATED,1789017864761
2217828,3,PROCESSED,1789017864777
2217829,1,INITIATED,1789017864758
2217829,2,VALIDATED,1789017864773
2217829,3,PROCESSED,1789017864854
2217830,1,INITIATED,1789017864757
2217830,2,VALIDATED,1789017864773
2217830,3,PROCESSED,1789017864853
2217831,1,INITIATED,1789017864757
2217831,2,VALIDATED,1789017864774
2217831,3,PROCESSED,1789017864854
2217832,1,INITIATED,1789017864755
2217832,2,VALIDATED,1789017864775
2217832,3,PROCESSED,1789017864854
2217833,1,INITIATED,1789017864760
2217833,2,VALIDATED,1789017864775
2217833,3,PROCESSED,1789017864854
2217834,1,INITIATED,1789017864756
2217834,2,VALIDATED,1789017864773
2217834,3,PROCESSED,1789017864854
2217835,1,INITIATED,1789017864759
2217835,2,VALIDATED,1789017864773
2217835,3,PROCESSED,1789017864854
2217836,1,INITIATED,1789017864758
2217836,2,VALIDATED,1789017864775
2217836,3,PROCESSED,1789017864853
2217837,1,INITIATED,1789017864757
2217837,2,VALIDATED,1789017864775
2217837,3,PROCESSED,1789017864854
2217838,1,INITIATED,1789017864759
2217838,2,VALIDATED,1789017864775
2217838,3,PROCESSED,1789017864853
2217839,1,INITIATED,1789017864756
2217839,2,VALIDATED,1789017864775
2217839,3,PROCESSED,1789017864853
2217840,1,INITIATED,1789017864756
2217840,2,VALIDATED,1789017864775
2217840,3,PROCESSED,1789017864854
2217841,1,INITIATED,1789017864775
2217841,2,VALIDATED,1789017864851
2217841,3,PROCESSED,1789017864874
2217842,1,INITIATED,1789017864793
2217842,2,VALIDATED,1789017864851
2217842,3,PROCESSED,1789017864874
2217843,1,INITIATED,1789017864814
2217843,2,VALIDATED,1789017864850
2217843,3,PROCESSED,1789017864861
2217844,1,INITIATED,1789017864833
2217844,2,VALIDATED,1789017864851
2217844,3,PROCESSED,1789017864874
2217845,1,INITIATED,1789017864855
2217845,2,VALIDATED,1789017864872
2217845,3,PROCESSED,1789017864877
2217846,1,INITIATED,1789017864873
2217846,2,VALIDATED,1789017864877
2217846,3,PROCESSED,1789017864895
2217847,1,INITIATED,1789017864893
2217847,2,VALIDATED,1789017864909
2217847,3,PROCESSED,1789017864913
2217848,1,INITIATED,1789017864913
2217848,2,VALIDATED,1789017864916
2217848,3,PROCESSED,1789017864920
2217849,1,INITIATED,1789017864933
2217849,2,VALIDATED,1789017864937
2217849,3,PROCESSED,1789017864941
2217850,1,INITIATED,1789017864953
2217850,2,VALIDATED,1789017864957
2217850,3,PROCESSED,1789017864961
2217851,1,INITIATED,1789017864973
2217851,2,VALIDATED,1789017864977
2217851,3,PROCESSED,1789017864981
2217852,1,INITIATED,1789017864992
2217852,2,VALIDATED,1789017864996
2217852,3,PROCESSED,1789017865000
2217853,1,INITIATED,1789017865014
2217853,2,VALIDATED,1789017865018
2217853,3,PROCESSED,1789017865022
2217854,1,INITIATED,1789017865033
2217854,2,VALIDATED,1789017865039
2217854,3,PROCESSED,1789017865043
2217855,1,INITIATED,1789017865054
2217855,2,VALIDATED,1789017865057
2217855,3,PROCESSED,1789017865060
2217856,1,INITIATED,1789017865073
2217856,2,VALIDATED,1789017865077
2217856,3,PROCESSED,1789017865080
2217857,1,INITIATED,1789017865094
2217857,2,VALIDATED,1789017865099
2217857,3,PROCESSED,1789017865105
2217858,1,INITIATED,1789017865114
2217858,2,VALIDATED,1789017865118
2217858,3,PROCESSED,1789017865122
2217859,1,INITIATED,1789017865134
2217859,2,VALIDATED,1789017865138
2217859,3,PROCESSED,1789017865142
2217860,1,INITIATED,1789017865153
2217860,2,VALIDATED,1789017865158
2217860,3,PROCESSED,1789017865163
2217861,1,INITIATED,1789017865173
2217861,2,VALIDATED,1789017865203
2217861,3,PROCESSED,1789017865476
2217862,1,INITIATED,1789017865201
2217862,2,VALIDATED,1789017865472
2217862,3,PROCESSED,1789017865480
2217863,1,INITIATED,1789017865215
2217863,2,VALIDATED,1789017865476
2217863,3,PROCESSED,1789017865582
2217864,1,INITIATED,1789017865471
2217864,2,VALIDATED,1789017865476
2217864,3,PROCESSED,1789017865583
2217865,1,INITIATED,1789017865472
2217865,2,VALIDATED,1789017865476
2217865,3,PROCESSED,1789017865582
2217866,1,INITIATED,1789017865472
2217866,2,VALIDATED,1789017865477
2217866,3,PROCESSED,1789017865582
2217867,1,INITIATED,1789017865471
2217867,2,VALIDATED,1789017865476
2217867,3,PROCESSED,1789017865583
2217868,1,INITIATED,1789017865472
2217868,2,VALIDATED,1789017865477
2217868,3,PROCESSED,1789017865582
2217869,1,INITIATED,1789017865472
2217869,2,VALIDATED,1789017865477
2217869,3,PROCESSED,1789017865583
2217870,1,INITIATED,1789017865472
2217870,2,VALIDATED,1789017865477
2217870,3,PROCESSED,1789017865582
2217871,1,INITIATED,1789017865471
2217871,2,VALIDATED,1789017865476
2217871,3,PROCESSED,1789017865582
2217872,1,INITIATED,1789017865472
2217872,2,VALIDATED,1789017865477
2217872,3,PROCESSED,1789017865582
2217873,1,INITIATED,1789017865472
2217873,2,VALIDATED,1789017865477
2217873,3,PROCESSED,1789017865582
2217874,1,INITIATED,1789017865471
2217874,2,VALIDATED,1789017865476
2217874,3,PROCESSED,1789017865582
2217875,1,INITIATED,1789017865472
2217875,2,VALIDATED,1789017865574
2217875,3,PROCESSED,1789017865837
2217876,1,INITIATED,1789017865474
2217876,2,VALIDATED,1789017865580
2217876,3,PROCESSED,1789017865835
2217877,1,INITIATED,1789017865574
2217877,2,VALIDATED,1789017865833
2217877,3,PROCESSED,1789017865853
2217878,1,INITIATED,1789017865574
2217878,2,VALIDATED,1789017865833
2217878,3,PROCESSED,1789017865854
2217879,1,INITIATED,1789017865575
2217879,2,VALIDATED,1789017865831
2217879,3,PROCESSED,1789017865854
2217880,1,INITIATED,1789017865574
2217880,2,VALIDATED,1789017865832
2217880,3,PROCESSED,1789017865853
2217881,1,INITIATED,1789017865574
2217881,2,VALIDATED,1789017865833
2217881,3,PROCESSED,1789017865852
2217882,1,INITIATED,1789017865618
2217882,2,VALIDATED,1789017865832
2217882,3,PROCESSED,1789017865853
2217883,1,INITIATED,1789017865618
2217883,2,VALIDATED,1789017865834
2217883,3,PROCESSED,1789017865853
2217884,1,INITIATED,1789017865831
2217884,2,VALIDATED,1789017865850
2217884,3,PROCESSED,1789017865925
2217885,1,INITIATED,1789017865831
2217885,2,VALIDATED,1789017865851
2217885,3,PROCESSED,1789017865924
2217886,1,INITIATED,1789017865832
2217886,2,VALIDATED,1789017865851
2217886,3,PROCESSED,1789017865926
2217887,1,INITIATED,1789017865831
2217887,2,VALIDATED,1789017865850
2217887,3,PROCESSED,1789017865856
2217888,1,INITIATED,1789017865830
2217888,2,VALIDATED,1789017865851
2217888,3,PROCESSED,1789017865925
2217889,1,INITIATED,1789017865833
2217889,2,VALIDATED,1789017865851
2217889,3,PROCESSED,1789017865925
2217890,1,INITIATED,1789017865832
2217890,2,VALIDATED,1789017865852
2217890,3,PROCESSED,1789017865926
2217891,1,INITIATED,1789017865830
2217891,2,VALIDATED,1789017865851
2217891,3,PROCESSED,1789017865926
2217892,1,INITIATED,1789017865831
2217892,2,VALIDATED,1789017865850
2217892,3,PROCESSED,1789017865924
2217893,1,INITIATED,1789017865831
2217893,2,VALIDATED,1789017865851
2217893,3,PROCESSED,1789017865926
2217894,1,INITIATED,1789017865835
2217894,2,VALIDATED,1789017865851
2217894,3,PROCESSED,1789017865925
2217895,1,INITIATED,1789017865854
2217895,2,VALIDATED,1789017865922
2217895,3,PROCESSED,1789017865929
2217896,1,INITIATED,1789017865873
2217896,2,VALIDATED,1789017865923
2217896,3,PROCESSED,1789017865930
2217897,1,INITIATED,1789017865894
2217897,2,VALIDATED,1789017865922
2217897,3,PROCESSED,1789017865930
2217898,1,INITIATED,1789017865914
2217898,2,VALIDATED,1789017865922
2217898,3,PROCESSED,1789017865929
2217899,1,INITIATED,1789017865933
2217899,2,VALIDATED,1789017865936
2217899,3,PROCESSED,1789017865941
2217900,1,INITIATED,1789017865954
2217900,2,VALIDATED,1789017865958
2217900,3,PROCESSED,1789017865962
2217901,1,INITIATED,1789017865974
2217901,2,VALIDATED,1789017865978
2217901,3,PROCESSED,1789017865982
2217902,1,INITIATED,1789017865993
2217902,2,VALIDATED,1789017865997
2217902,3,PROCESSED,1789017866001
2217903,1,INITIATED,1789017866013
2217903,2,VALIDATED,1789017866017
2217903,3,PROCESSED,1789017866022
2217904,1,INITIATED,1789017866033
2217904,2,VALIDATED,1789017866038
2217904,3,PROCESSED,1789017866044
2217905,1,INITIATED,1789017866054
2217905,2,VALIDATED,1789017866059
2217905,3,PROCESSED,1789017866065
2217906,1,INITIATED,1789017866074
2217906,2,VALIDATED,1789017866078
2217906,3,REJECTED,1789017866081
2217907,1,INITIATED,1789017866094
2217907,2,VALIDATED,1789017866098
2217907,3,REJECTED,1789017866101
2217908,1,INITIATED,1789017866113
2217908,2,VALIDATED,1789017866117
2217908,3,REJECTED,1789017866120
2217909,1,INITIATED,1789017866133
2217909,2,VALIDATED,1789017866137
2217909,3,REJECTED,1789017866139
2217910,1,INITIATED,1789017866154
2217910,2,VALIDATED,1789017866158
2217910,3,PROCESSED,1789017866164
2217911,1,INITIATED,1789017866173
2217911,2,VALIDATED,1789017866180
2217911,3,PROCESSED,1789017866224
2217912,1,INITIATED,1789017866193
2217912,2,VALIDATED,1789017866396
2217912,3,PROCESSED,1789017866513
2217913,1,INITIATED,1789017866220
2217913,2,VALIDATED,1789017866395
2217913,3,PROCESSED,1789017866514
2217914,1,INITIATED,1789017866395
2217914,2,VALIDATED,1789017866509
2217914,3,PROCESSED,1789017867042
2217915,1,INITIATED,1789017866394
2217915,2,VALIDATED,1789017866511
2217915,3,PROCESSED,1789017867041
2217916,1,INITIATED,1789017866395
2217916,2,VALIDATED,1789017866510
2217916,3,PROCESSED,1789017867042
2217917,1,INITIATED,1789017866395
2217917,2,VALIDATED,1789017866510
2217917,3,PROCESSED,1789017867042
2217918,1,INITIATED,1789017866394
2217918,2,VALIDATED,1789017866507
2217918,3,PROCESSED,1789017866515
2217919,1,INITIATED,1789017866394
2217919,2,VALIDATED,1789017866507
2217919,3,PROCESSED,1789017867041
2217920,1,INITIATED,1789017866394
2217920,2,VALIDATED,1789017866509
2217920,3,PROCESSED,1789017867042
2217921,1,INITIATED,1789017866394
2217921,2,VALIDATED,1789017866509
2217921,3,PROCESSED,1789017867041
2217922,1,INITIATED,1789017866394
2217922,2,VALIDATED,1789017866507
2217922,3,PROCESSED,1789017867043
2217923,1,INITIATED,1789017866506
2217923,2,VALIDATED,1789017866512
2217923,3,PROCESSED,1789017867042
2217924,1,INITIATED,1789017866506
2217924,2,VALIDATED,1789017866512
2217924,3,PROCESSED,1789017867041
2217925,1,INITIATED,1789017866506
2217925,2,VALIDATED,1789017866512
2217925,3,PROCESSED,1789017867042
2217926,1,INITIATED,1789017866507
2217926,2,VALIDATED,1789017866514
2217926,3,PROCESSED,1789017867042
2217927,1,INITIATED,1789017866506
2217927,2,VALIDATED,1789017866514
2217927,3,PROCESSED,1789017867042
2217928,1,INITIATED,1789017866514
2217928,2,VALIDATED,1789017867038
2217928,3,PROCESSED,1789017867065
2217929,1,INITIATED,1789017867038
2217929,2,VALIDATED,1789017867061
2217929,3,PROCESSED,1789017867071
2217930,1,INITIATED,1789017867038
2217930,2,VALIDATED,1789017867062
2217930,3,PROCESSED,1789017867072
2217931,1,INITIATED,1789017867038
2217931,2,VALIDATED,1789017867061
2217931,3,PROCESSED,1789017867071
2217932,1,INITIATED,1789017867036
2217932,2,VALIDATED,1789017867062
2217932,3,PROCESSED,1789017867071
2217933,1,INITIATED,1789017867039
2217933,2,VALIDATED,1789017867062
2217933,3,PROCESSED,1789017867071
2217934,1,INITIATED,1789017867039
2217934,2,VALIDATED,1789017867061
2217934,3,PROCESSED,1789017867072
2217935,1,INITIATED,1789017867038
2217935,2,VALIDATED,1789017867061
2217935,3,PROCESSED,1789017867072
2217936,1,INITIATED,1789017867037
2217936,2,VALIDATED,1789017867062
2217936,3,PROCESSED,1789017867072
2217937,1,INITIATED,1789017867036
2217937,2,VALIDATED,1789017867065
2217937,3,PROCESSED,1789017867220
2217938,1,INITIATED,1789017867038
2217938,2,VALIDATED,1789017867062
2217938,3,PROCESSED,1789017867071
2217939,1,INITIATED,1789017867038
2217939,2,VALIDATED,1789017867063
2217939,3,PROCESSED,1789017867072
2217940,1,INITIATED,1789017867036
2217940,2,VALIDATED,1789017867065
2217940,3,PROCESSED,1789017867220
2217941,1,INITIATED,1789017867036
2217941,2,VALIDATED,1789017867065
2217941,3,PROCESSED,1789017867220
2217942,1,INITIATED,1789017867039
2217942,2,VALIDATED,1789017867061
2217942,3,PROCESSED,1789017867072
2217943,1,INITIATED,1789017867036
2217943,2,VALIDATED,1789017867065
2217943,3,PROCESSED,1789017867218
2217944,1,INITIATED,1789017867038
2217944,2,VALIDATED,1789017867062
2217944,3,PROCESSED,1789017867072
2217945,1,INITIATED,1789017867038
2217945,2,VALIDATED,1789017867062
2217945,3,PROCESSED,1789017867072
2217946,1,INITIATED,1789017867038
2217946,2,VALIDATED,1789017867065
2217946,3,PROCESSED,1789017867219
2217947,1,INITIATED,1789017867059
2217947,2,VALIDATED,1789017867065
2217947,3,PROCESSED,1789017867218
2217948,1,INITIATED,1789017867059
2217948,2,VALIDATED,1789017867068
2217948,3,PROCESSED,1789017867220
2217949,1,INITIATED,1789017867059
2217949,2,VALIDATED,1789017867067
2217949,3,PROCESSED,1789017867219
2217950,1,INITIATED,1789017867060
2217950,2,VALIDATED,1789017867069
2217950,3,PROCESSED,1789017867220
2217951,1,INITIATED,1789017867059
2217951,2,VALIDATED,1789017867066
2217951,3,PROCESSED,1789017867220
2217952,1,INITIATED,1789017867059
2217952,2,VALIDATED,1789017867066
2217952,3,PROCESSED,1789017867219
2217953,1,INITIATED,1789017867059
2217953,2,VALIDATED,1789017867065
2217953,3,PROCESSED,1789017867220
2217954,1,INITIATED,1789017867060
2217954,2,VALIDATED,1789017867067
2217954,3,PROCESSED,1789017867220
2217955,1,INITIATED,1789017867060
2217955,2,VALIDATED,1789017867066
2217955,3,PROCESSED,1789017867220
2217956,1,INITIATED,1789017867074
2217956,2,VALIDATED,1789017867217
2217956,3,PROCESSED,1789017868012
2217957,1,INITIATED,1789017867095
2217957,2,VALIDATED,1789017867217
2217957,3,PROCESSED,1789017868014
2217958,1,INITIATED,1789017867114
2217958,2,VALIDATED,1789017867219
2217958,3,PROCESSED,1789017868014
2217959,1,INITIATED,1789017867134
2217959,2,VALIDATED,1789017867217
2217959,3,PROCESSED,1789017868012
2217960,1,INITIATED,1789017867174
2217960,2,VALIDATED,1789017867247
2217960,3,PROCESSED,1789017868015
2217961,1,INITIATED,1789017867215
2217961,2,VALIDATED,1789017868010
2217961,3,PROCESSED,1789017868117
2217962,1,INITIATED,1789017867214
2217962,2,VALIDATED,1789017868008
2217962,3,PROCESSED,1789017868116
2217963,1,INITIATED,1789017867215
2217963,2,VALIDATED,1789017868009
2217963,3,PROCESSED,1789017868117
2217964,1,INITIATED,1789017867243
2217964,2,VALIDATED,1789017868015
2217964,3,PROCESSED,1789017868122
2217965,1,INITIATED,1789017867318
2217965,2,VALIDATED,1789017868116
2217965,3,PROCESSED,1789017868391
2217966,1,INITIATED,1789017867294
2217966,2,VALIDATED,1789017868015
2217966,3,PROCESSED,1789017868122
2217967,1,INITIATED,1789017867318
2217967,2,VALIDATED,1789017868115
2217967,3,PROCESSED,1789017868391
2217968,1,INITIATED,1789017868009
2217968,2,VALIDATED,1789017868117
2217968,3,PROCESSED,1789017868392
2217969,1,INITIATED,1789017868009
2217969,2,VALIDATED,1789017868115
2217969,3,PROCESSED,1789017868394
2217970,1,INITIATED,1789017868008
2217970,2,VALIDATED,1789017868115
2217970,3,PROCESSED,1789017868392
2217971,1,INITIATED,1789017868008
2217971,2,VALIDATED,1789017868115
2217971,3,PROCESSED,1789017868392
2217972,1,INITIATED,1789017868011
2217972,2,VALIDATED,1789017868120
2217972,3,PROCESSED,1789017868392
2217973,1,INITIATED,1789017868013
2217973,2,VALIDATED,1789017868121
2217973,3,PROCESSED,1789017868391
2217974,1,INITIATED,1789017868012
2217974,2,VALIDATED,1789017868120
2217974,3,PROCESSED,1789017868391
2217975,1,INITIATED,1789017868008
2217975,2,VALIDATED,1789017868117
2217975,3,PROCESSED,1789017868400
2217976,1,INITIATED,1789017868010
2217976,2,VALIDATED,1789017868117
2217976,3,PROCESSED,1789017868400
2217977,1,INITIATED,1789017868010
2217977,2,VALIDATED,1789017868115
2217977,3,PROCESSED,1789017868391
2217978,1,INITIATED,1789017868010
2217978,2,VALIDATED,1789017868116
2217978,3,PROCESSED,1789017868400
2217979,1,INITIATED,1789017868013
2217979,2,VALIDATED,1789017868121
2217979,3,PROCESSED,1789017868393
2217980,1,INITIATED,1789017868008
2217980,2,VALIDATED,1789017868116
2217980,3,PROCESSED,1789017868394
2217981,1,INITIATED,1789017868011
2217981,2,VALIDATED,1789017868139
2217981,3,PROCESSED,1789017868486
2217982,1,INITIATED,1789017868011
2217982,2,VALIDATED,1789017868121
2217982,3,PROCESSED,1789017868394
2217983,1,INITIATED,1789017868015
2217983,2,VALIDATED,1789017868121
2217983,3,PROCESSED,1789017868394
2217984,1,INITIATED,1789017868013
2217984,2,VALIDATED,1789017868120
2217984,3,PROCESSED,1789017868394
2217985,1,INITIATED,1789017868010
2217985,2,VALIDATED,1789017868119
2217985,3,PROCESSED,1789017868399
2217986,1,INITIATED,1789017868014
2217986,2,VALIDATED,1789017868121
2217986,3,PROCESSED,1789017868391
2217987,1,INITIATED,1789017868008
2217987,2,VALIDATED,1789017868139
2217987,3,PROCESSED,1789017868488
2217988,1,INITIATED,1789017868027
2217988,2,VALIDATED,1789017868139
2217988,3,PROCESSED,1789017868410
2217989,1,INITIATED,1789017868027
2217989,2,VALIDATED,1789017868139
2217989,3,PROCESSED,1789017868488
2217990,1,INITIATED,1789017868028
2217990,2,VALIDATED,1789017868139
2217990,3,PROCESSED,1789017868488
2217991,1,INITIATED,1789017868028
2217991,2,VALIDATED,1789017868140
2217991,3,PROCESSED,1789017868488
2217992,1,INITIATED,1789017868028
2217992,2,VALIDATED,1789017868139
2217992,3,PROCESSED,1789017868488
2217993,1,INITIATED,1789017868028
2217993,2,VALIDATED,1789017868139
2217993,3,PROCESSED,1789017868488
2217994,1,INITIATED,1789017868028
2217994,2,VALIDATED,1789017868140
2217994,3,PROCESSED,1789017868487
2217995,1,INITIATED,1789017868029
2217995,2,VALIDATED,1789017868140
2217995,3,PROCESSED,1789017868487
2217996,1,INITIATED,1789017868028
2217996,2,VALIDATED,1789017868389
2217996,3,PROCESSED,1789017868487
2217997,1,INITIATED,1789017868028
2217997,2,VALIDATED,1789017868389
2217997,3,PROCESSED,1789017868490
2217998,1,INITIATED,1789017868029
2217998,2,VALIDATED,1789017868140
2217998,3,PROCESSED,1789017868488
2217999,1,INITIATED,1789017868029
2217999,2,VALIDATED,1789017868388
2217999,3,PROCESSED,1789017868490
2218000,1,INITIATED,1789017868029
2218000,2,VALIDATED,1789017868386
2218000,3,PROCESSED,1789017868488
2218001,1,INITIATED,1789017868030
2218001,2,VALIDATED,1789017868140
2218001,3,PROCESSED,1789017868485
2218002,1,INITIATED,1789017868115
2218002,2,VALIDATED,1789017868387
2218002,3,PROCESSED,1789017868490
2218003,1,INITIATED,1789017868115
2218003,2,VALIDATED,1789017868387
2218003,3,PROCESSED,1789017868491
2218004,1,INITIATED,1789017868116
2218004,2,VALIDATED,1789017868387
2218004,3,PROCESSED,1789017868490
2218005,1,INITIATED,1789017868119
2218005,2,VALIDATED,1789017868388
2218005,3,REJECTED,1789017868500
2218006,1,INITIATED,1789017868120
2218006,2,VALIDATED,1789017868393
2218006,3,REJECTED,1789017868500
2218007,1,INITIATED,1789017868120
2218007,2,VALIDATED,1789017868389
2218007,3,REJECTED,1789017868501
2218008,1,INITIATED,1789017868120
2218008,2,VALIDATED,1789017868387
2218008,3,PROCESSED,1789017868792
2218009,1,INITIATED,1789017868386
2218009,2,VALIDATED,1789017868410
2218009,3,REJECTED,1789017868788
2218010,1,INITIATED,1789017868398
2218010,2,VALIDATED,1789017868501
2218010,3,PROCESSED,1789017868792
2218011,1,INITIATED,1789017868407
2218011,2,VALIDATED,1789017868789
2218011,3,PROCESSED,1789017868871
2218012,1,INITIATED,1789017868408
2218012,2,VALIDATED,1789017868789
2218012,3,PROCESSED,1789017868871
2218013,1,INITIATED,1789017868409
2218013,2,VALIDATED,1789017868791
2218013,3,PROCESSED,1789017868872
2218014,1,INITIATED,1789017868407
2218014,2,VALIDATED,1789017868500
2218014,3,PROCESSED,1789017868795
2218015,1,INITIATED,1789017868407
2218015,2,VALIDATED,1789017868788
2218015,3,PROCESSED,1789017868873
2218016,1,INITIATED,1789017868409
2218016,2,VALIDATED,1789017868789
2218016,3,PROCESSED,1789017868871
2218017,1,INITIATED,1789017868409
2218017,2,VALIDATED,1789017868789
2218017,3,PROCESSED,1789017868872
2218018,1,INITIATED,1789017868410
2218018,2,VALIDATED,1789017868790
2218018,3,PROCESSED,1789017868873
2218019,1,INITIATED,1789017868408
2218019,2,VALIDATED,1789017868790
2218019,3,PROCESSED,1789017868872
2218020,1,INITIATED,1789017868409
2218020,2,VALIDATED,1789017868790
2218020,3,PROCESSED,1789017868872
2218021,1,INITIATED,1789017868409
2218021,2,VALIDATED,1789017868791
2218021,3,PROCESSED,1789017868869
2218022,1,INITIATED,1789017868409
2218022,2,VALIDATED,1789017868791
2218022,3,PROCESSED,1789017868872
2218023,1,INITIATED,1789017868499
2218023,2,VALIDATED,1789017868789
2218023,3,PROCESSED,1789017868873
2218024,1,INITIATED,1789017868499
2218024,2,VALIDATED,1789017868792
2218024,3,PROCESSED,1789017868871
2218025,1,INITIATED,1789017868499
2218025,2,VALIDATED,1789017868791
2218025,3,PROCESSED,1789017868872
2218026,1,INITIATED,1789017868500
2218026,2,VALIDATED,1789017868791
2218026,3,PROCESSED,1789017868871
2218027,1,INITIATED,1789017868500
2218027,2,VALIDATED,1789017868791
2218027,3,PROCESSED,1789017868871
2218028,1,INITIATED,1789017868791
2218028,2,VALIDATED,1789017868866
2218028,3,PROCESSED,1789017869137
2218029,1,INITIATED,1789017868787
2218029,2,VALIDATED,1789017868868
2218029,3,PROCESSED,1789017869136
2218030,1,INITIATED,1789017868790
2218030,2,VALIDATED,1789017868866
2218030,3,PROCESSED,1789017869137
2218031,1,INITIATED,1789017868784
2218031,2,VALIDATED,1789017868798
2218031,3,PROCESSED,1789017868873
2218032,1,INITIATED,1789017868784
2218032,2,VALIDATED,1789017868865
2218032,3,PROCESSED,1789017869138
2218033,1,INITIATED,1789017868786
2218033,2,VALIDATED,1789017868798
2218033,3,PROCESSED,1789017868873
2218034,1,INITIATED,1789017868784
2218034,2,VALIDATED,1789017868865
2218034,3,PROCESSED,1789017869136
2218035,1,INITIATED,1789017868791
2218035,2,VALIDATED,1789017868868
2218035,3,PROCESSED,1789017869138
2218036,1,INITIATED,1789017868785
2218036,2,VALIDATED,1789017868865
2218036,3,PROCESSED,1789017869137
2218037,1,INITIATED,1789017868784
2218037,2,VALIDATED,1789017868798
2218037,3,PROCESSED,1789017869138
2218038,1,INITIATED,1789017868786
2218038,2,VALIDATED,1789017868798
2218038,3,PROCESSED,1789017868872
2218039,1,INITIATED,1789017868788
2218039,2,VALIDATED,1789017868867
2218039,3,PROCESSED,1789017869138
2218040,1,INITIATED,1789017868796
2218040,2,VALIDATED,1789017868869
2218040,3,PROCESSED,1789017869136
2218041,1,INITIATED,1789017868796
2218041,2,VALIDATED,1789017869133
2218041,3,PROCESSED,1789017869142
2218042,1,INITIATED,1789017868796
2218042,2,VALIDATED,1789017868868
2218042,3,PROCESSED,1789017869138
2218043,1,INITIATED,1789017868867
2218043,2,VALIDATED,1789017869133
2218043,3,PROCESSED,1789017869146
2218044,1,INITIATED,1789017868868
2218044,2,VALIDATED,1789017869134
2218044,3,PROCESSED,1789017869146
2218045,1,INITIATED,1789017868868
2218045,2,VALIDATED,1789017869134
2218045,3,PROCESSED,1789017869148
2218046,1,INITIATED,1789017869132
2218046,2,VALIDATED,1789017869139
2218046,3,PROCESSED,1789017869150
2218047,1,INITIATED,1789017869134
2218047,2,VALIDATED,1789017869146
2218047,3,PROCESSED,1789017869155
2218048,1,INITIATED,1789017869137
2218048,2,VALIDATED,1789017869145
2218048,3,PROCESSED,1789017869154
2218049,1,INITIATED,1789017869134
2218049,2,VALIDATED,1789017869144
2218049,3,PROCESSED,1789017869155
2218050,1,INITIATED,1789017869136
2218050,2,VALIDATED,1789017869144
2218050,3,PROCESSED,1789017869154
2218051,1,INITIATED,1789017869134
2218051,2,VALIDATED,1789017869144
2218051,3,PROCESSED,1789017869155
2218052,1,INITIATED,1789017869135
2218052,2,VALIDATED,1789017869145
2218052,3,PROCESSED,1789017869154
2218053,1,INITIATED,1789017869134
2218053,2,VALIDATED,1789017869144
2218053,3,PROCESSED,1789017869155
2218054,1,INITIATED,1789017869136
2218054,2,VALIDATED,1789017869145
2218054,3,PROCESSED,1789017869154
2218055,1,INITIATED,1789017869132
2218055,2,VALIDATED,1789017869139
2218055,3,PROCESSED,1789017869149
2218056,1,INITIATED,1789017869137
2218056,2,VALIDATED,1789017869143
2218056,3,PROCESSED,1789017869155
2218057,1,INITIATED,1789017869136
2218057,2,VALIDATED,1789017869144
2218057,3,PROCESSED,1789017869154
2218058,1,INITIATED,1789017869137
2218058,2,VALIDATED,1789017869145
2218058,3,PROCESSED,1789017869154
2218059,1,INITIATED,1789017869135
2218059,2,VALIDATED,1789017869143
2218059,3,PROCESSED,1789017869155
2218060,1,INITIATED,1789017869154
2218060,2,VALIDATED,1789017869195
2218060,3,PROCESSED,1789017869204
2218061,1,INITIATED,1789017869174
2218061,2,VALIDATED,1789017869195
2218061,3,PROCESSED,1789017869204
2218062,1,INITIATED,1789017869194
2218062,2,VALIDATED,1789017869200
2218062,3,PROCESSED,1789017869209
2218063,1,INITIATED,1789017869214
2218063,2,VALIDATED,1789017869221
2218063,3,PROCESSED,1789017869231
2218064,1,INITIATED,1789017869235
2218064,2,VALIDATED,1789017869241
2218064,3,PROCESSED,1789017869250
2218065,1,INITIATED,1789017869255
2218065,2,VALIDATED,1789017869261
2218065,3,PROCESSED,1789017869269
2218066,1,INITIATED,1789017869274
2218066,2,VALIDATED,1789017869281
2218066,3,PROCESSED,1789017869296
2218067,1,INITIATED,1789017869294
2218067,2,VALIDATED,1789017869307
2218067,3,PROCESSED,1789017869315
2218068,1,INITIATED,1789017869314
2218068,2,VALIDATED,1789017869319
2218068,3,PROCESSED,1789017869328
2218069,1,INITIATED,1789017869334
2218069,2,VALIDATED,1789017869339
2218069,3,PROCESSED,1789017869347
2218070,1,INITIATED,1789017869355
2218070,2,VALIDATED,1789017869360
2218070,3,PROCESSED,1789017869368
2218071,1,INITIATED,1789017869374
2218071,2,VALIDATED,1789017869378
2218071,3,PROCESSED,1789017869385
2218072,1,INITIATED,1789017869394
2218072,2,VALIDATED,1789017869405
2218072,3,PROCESSED,1789017869629
2218073,1,INITIATED,1789017869416
2218073,2,VALIDATED,1789017869630
2218073,3,PROCESSED,1789017869686
2218074,1,INITIATED,1789017869629
2218074,2,VALIDATED,1789017869640
2218074,3,PROCESSED,1789017869690
2218075,1,INITIATED,1789017869630
2218075,2,VALIDATED,1789017869641
2218075,3,PROCESSED,1789017869693
2218076,1,INITIATED,1789017869630
2218076,2,VALIDATED,1789017869642
2218076,3,PROCESSED,1789017869689
2218077,1,INITIATED,1789017869629
2218077,2,VALIDATED,1789017869640
2218077,3,PROCESSED,1789017869689
2218078,1,INITIATED,1789017869630
2218078,2,VALIDATED,1789017869640
2218078,3,PROCESSED,1789017869690
2218079,1,INITIATED,1789017869629
2218079,2,VALIDATED,1789017869641
2218079,3,PROCESSED,1789017869690
2218080,1,INITIATED,1789017869630
2218080,2,VALIDATED,1789017869640
2218080,3,PROCESSED,1789017869691
2218081,1,INITIATED,1789017869629
2218081,2,VALIDATED,1789017869640
2218081,3,PROCESSED,1789017869689
2218082,1,INITIATED,1789017869629
2218082,2,VALIDATED,1789017869640
2218082,3,PROCESSED,1789017869689
2218083,1,INITIATED,1789017869629
2218083,2,VALIDATED,1789017869640
2218083,3,PROCESSED,1789017869690
2218084,1,INITIATED,1789017869635
2218084,2,VALIDATED,1789017869687
2218084,3,PROCESSED,1789017869707
2218085,1,INITIATED,1789017869683
2218085,2,VALIDATED,1789017869704
2218085,3,PROCESSED,1789017869717
2218086,1,INITIATED,1789017869684
2218086,2,VALIDATED,1789017869705
2218086,3,PROCESSED,1789017869717
2218087,1,INITIATED,1789017869695
2218087,2,VALIDATED,1789017869712
2218087,3,PROCESSED,1789017869721
2218088,1,INITIATED,1789017869714
2218088,2,VALIDATED,1789017869725
2218088,3,PROCESSED,1789017869734
2218089,1,INITIATED,1789017869735
2218089,2,VALIDATED,1789017869740
2218089,3,PROCESSED,1789017869749
2218090,1,INITIATED,1789017869754
2218090,2,VALIDATED,1789017869763
2218090,3,PROCESSED,1789017869773
2218091,1,INITIATED,1789017869774
2218091,2,VALIDATED,1789017869782
2218091,3,PROCESSED,1789017869791
2218092,1,INITIATED,1789017869794
2218092,2,VALIDATED,1789017869800
2218092,3,PROCESSED,1789017869809
2218093,1,INITIATED,1789017869814
2218093,2,VALIDATED,1789017869822
2218093,3,PROCESSED,1789017869829
2218094,1,INITIATED,1789017869835
2218094,2,VALIDATED,1789017869842
2218094,3,PROCESSED,1789017869852
2218095,1,INITIATED,1789017869855
2218095,2,VALIDATED,1789017869860
2218095,3,PROCESSED,1789017869871
2218096,1,INITIATED,1789017869876
2218096,2,VALIDATED,1789017869883
2218096,3,PROCESSED,1789017869891
2218097,1,INITIATED,1789017869895
2218097,2,VALIDATED,1789017869900
2218097,3,PROCESSED,1789017869908
2218098,1,INITIATED,1789017869914
2218098,2,VALIDATED,1789017869919
2218098,3,PROCESSED,1789017869927
2218099,1,INITIATED,1789017869934
2218099,2,VALIDATED,1789017869940
2218099,3,PROCESSED,1789017869947
2218100,1,INITIATED,1789017869954
2218100,2,VALIDATED,1789017869961
2218100,3,PROCESSED,1789017869986
2218101,1,INITIATED,1789017869986
2218101,2,VALIDATED,1789017869991
2218101,3,PROCESSED,1789017869998
2218102,1,INITIATED,1789017869994
2218102,2,VALIDATED,1789017870018
2218102,3,PROCESSED,1789017870024
2218103,1,INITIATED,1789017870014
2218103,2,VALIDATED,1789017870019
2218103,3,PROCESSED,1789017870024
2218104,1,INITIATED,1789017870034
2218104,2,VALIDATED,1789017870039
2218104,3,PROCESSED,1789017870044
2218105,1,INITIATED,1789017870053
2218105,2,VALIDATED,1789017870058
2218105,3,PROCESSED,1789017870063
2218106,1,INITIATED,1789017870074
2218106,2,VALIDATED,1789017870078
2218106,3,REJECTED,1789017870081
2218107,1,INITIATED,1789017870094
2218107,2,VALIDATED,1789017870098
2218107,3,REJECTED,1789017870101
2218108,1,INITIATED,1789017870114
2218108,2,VALIDATED,1789017870118
2218108,3,REJECTED,1789017870121
2218109,1,INITIATED,1789017870133
2218109,2,VALIDATED,1789017870137
2218109,3,REJECTED,1789017870140
2218110,1,INITIATED,1789017870153
2218110,2,VALIDATED,1789017870157
2218110,3,PROCESSED,1789017870161
2218111,1,INITIATED,1789017870173
2218111,2,VALIDATED,1789017870176
2218111,3,PROCESSED,1789017870179
2218112,1,INITIATED,1789017870193
2218112,2,VALIDATED,1789017870198
2218112,3,PROCESSED,1789017870201
2218113,1,INITIATED,1789017870213
2218113,2,VALIDATED,1789017870218
2218113,3,PROCESSED,1789017870222
2218114,1,INITIATED,1789017870233
2218114,2,VALIDATED,1789017870237
2218114,3,PROCESSED,1789017870241
2218115,1,INITIATED,1789017870254
2218115,2,VALIDATED,1789017870258
2218115,3,PROCESSED,1789017870263
2218116,1,INITIATED,1789017870274
2218116,2,VALIDATED,1789017870280
2218116,3,PROCESSED,1789017870285
2218117,1,INITIATED,1789017870294
2218117,2,VALIDATED,1789017870297
2218117,3,PROCESSED,1789017870301
2218118,1,INITIATED,1789017870313
2218118,2,VALIDATED,1789017870317
2218118,3,PROCESSED,1789017870320
2218119,1,INITIATED,1789017870333
2218119,2,VALIDATED,1789017870336
2218119,3,PROCESSED,1789017870339
2218120,1,INITIATED,1789017870354
2218120,2,VALIDATED,1789017870358
2218120,3,PROCESSED,1789017870362
2218121,1,INITIATED,1789017870373
2218121,2,VALIDATED,1789017870376
2218121,3,PROCESSED,1789017870380
2218122,1,INITIATED,1789017870393
2218122,2,VALIDATED,1789017870401
2218122,3,PROCESSED,1789017870415
2218123,1,INITIATED,1789017870415
2218123,2,VALIDATED,1789017870548
2218123,3,PROCESSED,1789017870585
2218124,1,INITIATED,1789017870547
2218124,2,VALIDATED,1789017870558
2218124,3,PROCESSED,1789017870606
2218125,1,INITIATED,1789017870546
2218125,2,VALIDATED,1789017870558
2218125,3,PROCESSED,1789017870647
2218126,1,INITIATED,1789017870547
2218126,2,VALIDATED,1789017870558
2218126,3,PROCESSED,1789017870647
2218127,1,INITIATED,1789017870547
2218127,2,VALIDATED,1789017870558
2218127,3,PROCESSED,1789017870606
2218128,1,INITIATED,1789017870547
2218128,2,VALIDATED,1789017870558
2218128,3,PROCESSED,1789017870606
2218129,1,INITIATED,1789017870547
2218129,2,VALIDATED,1789017870558
2218129,3,PROCESSED,1789017870647
2218130,1,INITIATED,1789017870554
2218130,2,VALIDATED,1789017870605
2218130,3,PROCESSED,1789017870666
2218131,1,INITIATED,1789017870584
2218131,2,VALIDATED,1789017870646
2218131,3,PROCESSED,1789017870666
2218132,1,INITIATED,1789017870602
2218132,2,VALIDATED,1789017870663
2218132,3,PROCESSED,1789017870670
2218133,1,INITIATED,1789017870614
2218133,2,VALIDATED,1789017870663
2218133,3,PROCESSED,1789017870670
2218134,1,INITIATED,1789017870633
2218134,2,VALIDATED,1789017870663
2218134,3,PROCESSED,1789017870670
2218135,1,INITIATED,1789017870654
2218135,2,VALIDATED,1789017870663
2218135,3,PROCESSED,1789017870670
2218136,1,INITIATED,1789017870673
2218136,2,VALIDATED,1789017870685
2218136,3,PROCESSED,1789017870690
2218137,1,INITIATED,1789017870694
2218137,2,VALIDATED,1789017870710
2218137,3,PROCESSED,1789017870729
2218138,1,INITIATED,1789017870714
2218138,2,VALIDATED,1789017870727
2218138,3,PROCESSED,1789017870732
2218139,1,INITIATED,1789017870733
2218139,2,VALIDATED,1789017870747
2218139,3,PROCESSED,1789017870752
2218140,1,INITIATED,1789017870753
2218140,2,VALIDATED,1789017870757
2218140,3,PROCESSED,1789017870773
2218141,1,INITIATED,1789017870773
2218141,2,VALIDATED,1789017870788
2218141,3,PROCESSED,1789017870806
2218142,1,INITIATED,1789017870794
2218142,2,VALIDATED,1789017870805
2218142,3,PROCESSED,1789017870810
2218143,1,INITIATED,1789017870813
2218143,2,VALIDATED,1789017870830
2218143,3,PROCESSED,1789017870836
2218144,1,INITIATED,1789017870833
2218144,2,VALIDATED,1789017870837
2218144,3,PROCESSED,1789017870843
2218145,1,INITIATED,1789017870854
2218145,2,VALIDATED,1789017870859
2218145,3,PROCESSED,1789017870865
2218146,1,INITIATED,1789017870874
2218146,2,VALIDATED,1789017870877
2218146,3,PROCESSED,1789017870883
2218147,1,INITIATED,1789017870894
2218147,2,VALIDATED,1789017870898
2218147,3,PROCESSED,1789017870904
2218148,1,INITIATED,1789017870914
2218148,2,VALIDATED,1789017870919
2218148,3,PROCESSED,1789017870924
2218149,1,INITIATED,1789017870934
2218149,2,VALIDATED,1789017870938
2218149,3,PROCESSED,1789017870943
2218150,1,INITIATED,1789017870954
2218150,2,VALIDATED,1789017870973
2218150,3,PROCESSED,1789017870978
2218151,1,INITIATED,1789017870973
2218151,2,VALIDATED,1789017870977
2218151,3,PROCESSED,1789017870982
2218152,1,INITIATED,1789017870994
2218152,2,VALIDATED,1789017870998
2218152,3,PROCESSED,1789017871003
2218153,1,INITIATED,1789017871013
2218153,2,VALIDATED,1789017871018
2218153,3,PROCESSED,1789017871023
2218154,1,INITIATED,1789017871033
2218154,2,VALIDATED,1789017871038
2218154,3,PROCESSED,1789017871046
2218155,1,INITIATED,1789017871054
2218155,2,VALIDATED,1789017871059
2218155,3,PROCESSED,1789017871066
2218156,1,INITIATED,1789017871075
2218156,2,VALIDATED,1789017871081
2218156,3,PROCESSED,1789017871088
2218157,1,INITIATED,1789017871094
2218157,2,VALIDATED,1789017871100
2218157,3,PROCESSED,1789017871107
2218158,1,INITIATED,1789017871116
2218158,2,VALIDATED,1789017871124
2218158,3,PROCESSED,1789017871133
2218159,1,INITIATED,1789017871135
2218159,2,VALIDATED,1789017871140
2218159,3,PROCESSED,1789017871149
2218160,1,INITIATED,1789017871154
2218160,2,VALIDATED,1789017871160
2218160,3,PROCESSED,1789017871168
2218161,1,INITIATED,1789017871174
2218161,2,VALIDATED,1789017871181
2218161,3,PROCESSED,1789017871192
2218162,1,INITIATED,1789017871195
2218162,2,VALIDATED,1789017871201
2218162,3,PROCESSED,1789017871210
2218163,1,INITIATED,1789017871214
2218163,2,VALIDATED,1789017871220
2218163,3,PROCESSED,1789017871229
2218164,1,INITIATED,1789017871234
2218164,2,VALIDATED,1789017871240
2218164,3,PROCESSED,1789017871247
2218165,1,INITIATED,1789017871254
2218165,2,VALIDATED,1789017871259
2218165,3,PROCESSED,1789017871268
2218166,1,INITIATED,1789017871275
2218166,2,VALIDATED,1789017871281
2218166,3,PROCESSED,1789017871298
2218167,1,INITIATED,1789017871294
2218167,2,VALIDATED,1789017871299
2218167,3,PROCESSED,1789017871305
2218168,1,INITIATED,1789017871314
2218168,2,VALIDATED,1789017871319
2218168,3,PROCESSED,1789017871337
2218169,1,INITIATED,1789017871337
2218169,2,VALIDATED,1789017871341
2218169,3,PROCESSED,1789017871347
2218170,1,INITIATED,1789017871353
2218170,2,VALIDATED,1789017871460
2218170,3,PROCESSED,1789017875175
2218171,1,INITIATED,1789017871374
2218171,2,VALIDATED,1789017871460
2218171,3,PROCESSED,1789017875170
2218172,1,INITIATED,1789017871394
2218172,2,VALIDATED,1789017871460
2218172,3,PROCESSED,1789017875172
2218173,1,INITIATED,1789017871457
2218173,2,VALIDATED,1789017871507
2218173,3,PROCESSED,1789017875179
2218174,1,INITIATED,1789017871458
2218174,2,VALIDATED,1789017871507
2218174,3,PROCESSED,1789017875179
2218175,1,INITIATED,1789017871458
2218175,2,VALIDATED,1789017871507
2218175,3,PROCESSED,1789017875179
2218176,1,INITIATED,1789017871506
2218176,2,VALIDATED,1789017875174
2218176,3,PROCESSED,1789017878549
2218177,1,INITIATED,1789017871506
2218177,2,VALIDATED,1789017875175
2218177,3,PROCESSED,1789017876631
2218178,1,INITIATED,1789017875174
2218178,2,VALIDATED,1789017876303
2218178,3,PROCESSED,1789017878487
2218179,1,INITIATED,1789017875175
2218179,2,VALIDATED,1789017876627
2218179,3,PROCESSED,1789017878492
2218180,1,INITIATED,1789017875176
2218180,2,VALIDATED,1789017877979
2218180,3,PROCESSED,1789017878592
2218181,1,INITIATED,1789017875173
2218181,2,VALIDATED,1789017876301
2218181,3,PROCESSED,1789017878483
2218182,1,INITIATED,1789017875172
2218182,2,VALIDATED,1789017877970
2218182,3,PROCESSED,1789017878672
2218183,1,INITIATED,1789017875175
2218183,2,VALIDATED,1789017878159
2218183,3,PROCESSED,1789017878601
2218184,1,INITIATED,1789017875177
2218184,2,VALIDATED,1789017876299
2218184,3,PROCESSED,1789017878581
2218185,1,INITIATED,1789017875177
2218185,2,VALIDATED,1789017876298
2218185,3,PROCESSED,1789017878479
2218186,1,INITIATED,1789017875175
2218186,2,VALIDATED,1789017878159
2218186,3,PROCESSED,1789017878645
2218187,1,INITIATED,1789017875176
2218187,2,VALIDATED,1789017878157
2218187,3,PROCESSED,1789017878679
2218188,1,INITIATED,1789017875170
2218188,2,VALIDATED,1789017877939
2218188,3,PROCESSED,1789017878586
2218189,1,INITIATED,1789017875174
2218189,2,VALIDATED,1789017876303
2218189,3,PROCESSED,1789017877923
2218190,1,INITIATED,1789017875172
2218190,2,VALIDATED,1789017876298
2218190,3,PROCESSED,1789017878215
2218191,1,INITIATED,1789017875170
2218191,2,VALIDATED,1789017876269
2218191,3,PROCESSED,1789017878217
2218192,1,INITIATED,1789017875170
2218192,2,VALIDATED,1789017876271
2218192,3,PROCESSED,1789017878575
2218193,1,INITIATED,1789017875175
2218193,2,VALIDATED,1789017878160
2218193,3,PROCESSED,1789017878601
2218194,1,INITIATED,1789017875170
2218194,2,VALIDATED,1789017877935
2218194,3,PROCESSED,1789017878575
2218195,1,INITIATED,1789017875174
2218195,2,VALIDATED,1789017876303
2218195,3,PROCESSED,1789017878481
2218196,1,INITIATED,1789017875172
2218196,2,VALIDATED,1789017877971
2218196,3,PROCESSED,1789017878670
2218197,1,INITIATED,1789017875178
2218197,2,VALIDATED,1789017878156
2218197,3,PROCESSED,1789017878597
2218198,1,INITIATED,1789017875172
2218198,2,VALIDATED,1789017876303
2218198,3,PROCESSED,1789017878488
2218199,1,INITIATED,1789017875176
2218199,2,VALIDATED,1789017876301
2218199,3,PROCESSED,1789017878477
2218200,1,INITIATED,1789017875172
2218200,2,VALIDATED,1789017878160
2218200,3,PROCESSED,1789017878602
2218201,1,INITIATED,1789017875177
2218201,2,VALIDATED,1789017876300
2218201,3,PROCESSED,1789017876756
2218202,1,INITIATED,1789017875177
2218202,2,VALIDATED,1789017877971
2218202,3,PROCESSED,1789017878672
2218203,1,INITIATED,1789017875177
2218203,2,VALIDATED,1789017876302
2218203,3,PROCESSED,1789017878480
2218204,1,INITIATED,1789017875176
2218204,2,VALIDATED,1789017876302
2218204,3,PROCESSED,1789017878491
2218205,1,INITIATED,1789017875178
2218205,2,VALIDATED,1789017875291
2218205,3,REJECTED,1789017876630
2218206,1,INITIATED,1789017875178
2218206,2,VALIDATED,1789017875292
2218206,3,PROCESSED,1789017876753
2218207,1,INITIATED,1789017875293
2218207,2,VALIDATED,1789017876751
2218207,3,REJECTED,1789017878532
2218208,1,INITIATED,1789017875289
2218208,2,VALIDATED,1789017876628
2218208,3,PROCESSED,1789017878495
2218209,1,INITIATED,1789017875291
2218209,2,VALIDATED,1789017876630
2218209,3,PROCESSED,1789017878594
2218210,1,INITIATED,1789017875290
2218210,2,VALIDATED,1789017876629
2218210,3,REJECTED,1789017877918
2218211,1,INITIATED,1789017875290
2218211,2,VALIDATED,1789017876629
2218211,3,PROCESSED,1789017878593
2218212,1,INITIATED,1789017875292
2218212,2,VALIDATED,1789017876629
2218212,3,PROCESSED,1789017878491
2218213,1,INITIATED,1789017875292
2218213,2,VALIDATED,1789017876750
2218213,3,PROCESSED,1789017878608
2218214,1,INITIATED,1789017875294
2218214,2,VALIDATED,1789017878213
2218214,3,PROCESSED,1789017878558
2218215,1,INITIATED,1789017875293
2218215,2,VALIDATED,1789017876630
2218215,3,PROCESSED,1789017878494
2218216,1,INITIATED,1789017875293
2218216,2,VALIDATED,1789017876752
2218216,3,PROCESSED,1789017878546
2218217,1,INITIATED,1789017875294
2218217,2,VALIDATED,1789017876633
2218217,3,PROCESSED,1789017878482
2218218,1,INITIATED,1789017875294
2218218,2,VALIDATED,1789017878570
2218218,3,PROCESSED,1789017878992
2218219,1,INITIATED,1789017875296
2218219,2,VALIDATED,1789017876630
2218219,3,PROCESSED,1789017878492
2218220,1,INITIATED,1789017875295
2218220,2,VALIDATED,1789017876631
2218220,3,PROCESSED,1789017878487
2218221,1,INITIATED,1789017875296
2218221,2,VALIDATED,1789017878214
2218221,3,PROCESSED,1789017878546
2218222,1,INITIATED,1789017875295
2218222,2,VALIDATED,1789017876754
2218222,3,PROCESSED,1789017878609
2218223,1,INITIATED,1789017875295
2218223,2,VALIDATED,1789017876631
2218223,3,PROCESSED,1789017877925
2218224,1,INITIATED,1789017875293
2218224,2,VALIDATED,1789017876749
2218224,3,PROCESSED,1789017878558
2218225,1,INITIATED,1789017875295
2218225,2,VALIDATED,1789017876754
2218225,3,REJECTED,1789017877939
2218226,1,INITIATED,1789017875295
2218226,2,VALIDATED,1789017876747
2218226,3,PROCESSED,1789017878601
2218227,1,INITIATED,1789017875295
2218227,2,VALIDATED,1789017876740
2218227,3,PROCESSED,1789017878495
2218228,1,INITIATED,1789017875296
2218228,2,VALIDATED,1789017876631
2218228,3,PROCESSED,1789017878488
2218229,1,INITIATED,1789017875296
2218229,2,VALIDATED,1789017876629
2218229,3,PROCESSED,1789017877924
2218230,1,INITIATED,1789017875297
2218230,2,VALIDATED,1789017878570
2218230,3,PROCESSED,1789017878593
2218231,1,INITIATED,1789017875297
2218231,2,VALIDATED,1789017876631
2218231,3,PROCESSED,1789017878481
2218232,1,INITIATED,1789017875297
2218232,2,VALIDATED,1789017878218
2218232,3,PROCESSED,1789017878546
2218233,1,INITIATED,1789017875297
2218233,2,VALIDATED,1789017876741
2218233,3,PROCESSED,1789017878494
2218234,1,INITIATED,1789017875297
2218234,2,VALIDATED,1789017878638
2218234,3,PROCESSED,1789017878660
2218235,1,INITIATED,1789017875293
2218235,2,VALIDATED,1789017876743
2218235,3,PROCESSED,1789017877933
2218236,1,INITIATED,1789017875298
2218236,2,VALIDATED,1789017876741
2218236,3,PROCESSED,1789017878601
2218237,1,INITIATED,1789017875297
2218237,2,VALIDATED,1789017876739
2218237,3,PROCESSED,1789017878495
2218238,1,INITIATED,1789017875662
2218238,2,VALIDATED,1789017878478
2218238,3,PROCESSED,1789017878629
2218239,1,INITIATED,1789017875659
2218239,2,VALIDATED,1789017878483
2218239,3,PROCESSED,1789017878632
2218240,1,INITIATED,1789017875664
2218240,2,VALIDATED,1789017876138
2218240,3,PROCESSED,1789017878157
2218241,1,INITIATED,1789017875661
2218241,2,VALIDATED,1789017876139
2218241,3,PROCESSED,1789017878170
2218242,1,INITIATED,1789017875662
2218242,2,VALIDATED,1789017876138
2218242,3,PROCESSED,1789017878161
2218243,1,INITIATED,1789017875659
2218243,2,VALIDATED,1789017876750
2218243,3,PROCESSED,1789017878609
2218244,1,INITIATED,1789017875663
2218244,2,VALIDATED,1789017876138
2218244,3,PROCESSED,1789017876630
2218245,1,INITIATED,1789017875661
2218245,2,VALIDATED,1789017877918
2218245,3,PROCESSED,1789017878570
2218246,1,INITIATED,1789017875660
2218246,2,VALIDATED,1789017877923
2218246,3,PROCESSED,1789017878216
2218247,1,INITIATED,1789017875662
2218247,2,VALIDATED,1789017877922
2218247,3,PROCESSED,1789017878643
2218248,1,INITIATED,1789017875663
2218248,2,VALIDATED,1789017877926
2218248,3,PROCESSED,1789017878572
2218249,1,INITIATED,1789017875663
2218249,2,VALIDATED,1789017877923
2218249,3,PROCESSED,1789017878216
2218250,1,INITIATED,1789017875667
2218250,2,VALIDATED,1789017877920
2218250,3,PROCESSED,1789017878570
2218251,1,INITIATED,1789017875659
2218251,2,VALIDATED,1789017877917
2218251,3,PROCESSED,1789017878564
2218252,1,INITIATED,1789017875662
2218252,2,VALIDATED,1789017877920
2218252,3,PROCESSED,1789017878573
2218253,1,INITIATED,1789017875663
2218253,2,VALIDATED,1789017877921
2218253,3,PROCESSED,1789017878572
2218254,1,INITIATED,1789017875658
2218254,2,VALIDATED,1789017875779
2218254,3,PROCESSED,1789017877933
2218255,1,INITIATED,1789017875661
2218255,2,VALIDATED,1789017877924
2218255,3,PROCESSED,1789017878218
2218256,1,INITIATED,1789017875664
2218256,2,VALIDATED,1789017877925
2218256,3,PROCESSED,1789017878218
2218257,1,INITIATED,1789017875665
2218257,2,VALIDATED,1789017876140
2218257,3,PROCESSED,1789017878162
2218258,1,INITIATED,1789017875661
2218258,2,VALIDATED,1789017877926
2218258,3,PROCESSED,1789017878218
2218259,1,INITIATED,1789017875662
2218259,2,VALIDATED,1789017877919
2218259,3,PROCESSED,1789017878570
2218260,1,INITIATED,1789017875661
2218260,2,VALIDATED,1789017877920
2218260,3,PROCESSED,1789017878567
2218261,1,INITIATED,1789017875660
2218261,2,VALIDATED,1789017877924
2218261,3,PROCESSED,1789017878574
2218262,1,INITIATED,1789017875659
2218262,2,VALIDATED,1789017878478
2218262,3,PROCESSED,1789017878630
2218263,1,INITIATED,1789017875665
2218263,2,VALIDATED,1789017878479
2218263,3,PROCESSED,1789017878636
2218264,1,INITIATED,1789017875659
2218264,2,VALIDATED,1789017876756
2218264,3,PROCESSED,1789017878540
2218265,1,INITIATED,1789017875660
2218265,2,VALIDATED,1789017876756
2218265,3,PROCESSED,1789017878530
2218266,1,INITIATED,1789017875667
2218266,2,VALIDATED,1789017878483
2218266,3,PROCESSED,1789017878634
2218267,1,INITIATED,1789017875660
2218267,2,VALIDATED,1789017876139
2218267,3,PROCESSED,1789017876628
2218268,1,INITIATED,1789017875664
2218268,2,VALIDATED,1789017877922
2218268,3,PROCESSED,1789017878216
2218269,1,INITIATED,1789017875661
2218269,2,VALIDATED,1789017878480
2218269,3,PROCESSED,1789017878567
2218270,1,INITIATED,1789017875773
2218270,2,VALIDATED,1789017876140
2218270,3,PROCESSED,1789017876630
2218271,1,INITIATED,1789017875774
2218271,2,VALIDATED,1789017876268
2218271,3,PROCESSED,1789017878216
2218272,1,INITIATED,1789017875774
2218272,2,VALIDATED,1789017876263
2218272,3,PROCESSED,1789017876756
2218273,1,INITIATED,1789017875774
2218273,2,VALIDATED,1789017877934
2218273,3,PROCESSED,1789017878584
2218274,1,INITIATED,1789017875774
2218274,2,VALIDATED,1789017877928
2218274,3,PROCESSED,1789017878570
2218275,1,INITIATED,1789017875774
2218275,2,VALIDATED,1789017876139
2218275,3,PROCESSED,1789017878161
2218276,1,INITIATED,1789017875775
2218276,2,VALIDATED,1789017877928
2218276,3,PROCESSED,1789017878572
2218277,1,INITIATED,1789017875775
2218277,2,VALIDATED,1789017876138
2218277,3,PROCESSED,1789017876303
2218278,1,INITIATED,1789017875776
2218278,2,VALIDATED,1789017876269
2218278,3,PROCESSED,1789017878216
2218279,1,INITIATED,1789017875776
2218279,2,VALIDATED,1789017876271
2218279,3,PROCESSED,1789017878170
2218280,1,INITIATED,1789017875776
2218280,2,VALIDATED,1789017876270
2218280,3,PROCESSED,1789017876757
2218281,1,INITIATED,1789017875783
2218281,2,VALIDATED,1789017877929
2218281,3,PROCESSED,1789017878576
2218282,1,INITIATED,1789017875777
2218282,2,VALIDATED,1789017876261
2218282,3,PROCESSED,1789017878576
2218283,1,INITIATED,1789017875777
2218283,2,VALIDATED,1789017876139
2218283,3,PROCESSED,1789017878162
2218284,1,INITIATED,1789017875778
2218284,2,VALIDATED,1789017876270
2218284,3,PROCESSED,1789017876757
2218285,1,INITIATED,1789017875778
2218285,2,VALIDATED,1789017876268
2218285,3,PROCESSED,1789017878214
2218286,1,INITIATED,1789017875778
2218286,2,VALIDATED,1789017876262
2218286,3,PROCESSED,1789017878221
2218287,1,INITIATED,1789017875779
2218287,2,VALIDATED,1789017877929
2218287,3,PROCESSED,1789017878585
2218288,1,INITIATED,1789017875779
2218288,2,VALIDATED,1789017878596
2218288,3,PROCESSED,1789017878686
2218289,1,INITIATED,1789017875780
2218289,2,VALIDATED,1789017876270
2218289,3,PROCESSED,1789017878217
2218290,1,INITIATED,1789017875782
2218290,2,VALIDATED,1789017877934
2218290,3,PROCESSED,1789017878657
2218291,1,INITIATED,1789017875782
2218291,2,VALIDATED,1789017876270
2218291,3,PROCESSED,1789017878170
2218292,1,INITIATED,1789017875780
2218292,2,VALIDATED,1789017876271
2218292,3,PROCESSED,1789017878170
2218293,1,INITIATED,1789017875783
2218293,2,VALIDATED,1789017876271
2218293,3,PROCESSED,1789017878576
2218294,1,INITIATED,1789017875781
2218294,2,VALIDATED,1789017877930
2218294,3,PROCESSED,1789017878583
2218295,1,INITIATED,1789017875781
2218295,2,VALIDATED,1789017877930
2218295,3,PROCESSED,1789017878586
2218296,1,INITIATED,1789017875782
2218296,2,VALIDATED,1789017876268
2218296,3,PROCESSED,1789017878170
2218297,1,INITIATED,1789017875783
2218297,2,VALIDATED,1789017877930
2218297,3,PROCESSED,1789017878221
2218298,1,INITIATED,1789017875783
2218298,2,VALIDATED,1789017877934
2218298,3,PROCESSED,1789017878583
2218299,1,INITIATED,1789017875784
2218299,2,VALIDATED,1789017877927
2218299,3,PROCESSED,1789017878215
2218300,1,INITIATED,1789017876141
2218300,2,VALIDATED,1789017876300
2218300,3,PROCESSED,1789017878480
2218301,1,INITIATED,1789017876137
2218301,2,VALIDATED,1789017876302
2218301,3,PROCESSED,1789017878481
2218302,1,INITIATED,1789017876144
2218302,2,VALIDATED,1789017878163
2218302,3,PROCESSED,1789017878604
2218303,1,INITIATED,1789017876142
2218303,2,VALIDATED,1789017878160
2218303,3,PROCESSED,1789017878600
2218304,1,INITIATED,1789017876136
2218304,2,VALIDATED,1789017876628
2218304,3,PROCESSED,1789017877921
2218305,1,INITIATED,1789017876143
2218305,2,VALIDATED,1789017878163
2218305,3,PROCESSED,1789017878600
2218306,1,INITIATED,1789017876144
2218306,2,VALIDATED,1789017878160
2218306,3,PROCESSED,1789017878530
2218307,1,INITIATED,1789017876142
2218307,2,VALIDATED,1789017878161
2218307,3,REJECTED,1789017878492
2218308,1,INITIATED,1789017876141
2218308,2,VALIDATED,1789017877971
2218308,3,PROCESSED,1789017878590
2218309,1,INITIATED,1789017876140
2218309,2,VALIDATED,1789017878158
2218309,3,REJECTED,1789017878665
2218310,1,INITIATED,1789017876142
2218310,2,VALIDATED,1789017878168
2218310,3,PROCESSED,1789017878603
2218311,1,INITIATED,1789017876143
2218311,2,VALIDATED,1789017878163
2218311,3,REJECTED,1789017879000
2218312,1,INITIATED,1789017876141
2218312,2,VALIDATED,1789017878158
2218312,3,REJECTED,1789017878492
2218313,1,INITIATED,1789017876142
2218313,2,VALIDATED,1789017876299
2218313,3,PROCESSED,1789017878481
2218314,1,INITIATED,1789017876144
2218314,2,VALIDATED,1789017876627
2218314,3,PROCESSED,1789017878481
2218315,1,INITIATED,1789017876143
2218315,2,VALIDATED,1789017876303
2218315,3,PROCESSED,1789017878491
2218316,1,INITIATED,1789017876144
2218316,2,VALIDATED,1789017878169
2218316,3,PROCESSED,1789017878606
2218317,1,INITIATED,1789017876143
2218317,2,VALIDATED,1789017878163
2218317,3,PROCESSED,1789017878602
2218318,1,INITIATED,1789017876141
2218318,2,VALIDATED,1789017877971
2218318,3,PROCESSED,1789017878592
2218319,1,INITIATED,1789017876141
2218319,2,VALIDATED,1789017878156
2218319,3,PROCESSED,1789017878595
2218320,1,INITIATED,1789017876142
2218320,2,VALIDATED,1789017878160
2218320,3,PROCESSED,1789017878606
2218321,1,INITIATED,1789017876140
2218321,2,VALIDATED,1789017878162
2218321,3,PROCESSED,1789017878495
2218322,1,INITIATED,1789017876260
2218322,2,VALIDATED,1789017878571
2218322,3,PROCESSED,1789017878669
2218323,1,INITIATED,1789017876262
2218323,2,VALIDATED,1789017878213
2218323,3,PROCESSED,1789017878610
2218324,1,INITIATED,1789017876263
2218324,2,VALIDATED,1789017876752
2218324,3,PROCESSED,1789017878557
2218325,1,INITIATED,1789017876263
2218325,2,VALIDATED,1789017878211
2218325,3,PROCESSED,1789017878606
2218326,1,INITIATED,1789017876263
2218326,2,VALIDATED,1789017878212
2218326,3,PROCESSED,1789017878546
2218327,1,INITIATED,1789017876263
2218327,2,VALIDATED,1789017876755
2218327,3,PROCESSED,1789017878557
2218328,1,INITIATED,1789017876262
2218328,2,VALIDATED,1789017878214
2218328,3,PROCESSED,1789017878606
2218329,1,INITIATED,1789017876269
2218329,2,VALIDATED,1789017878213
2218329,3,PROCESSED,1789017878608
2218330,1,INITIATED,1789017876268
2218330,2,VALIDATED,1789017878212
2218330,3,PROCESSED,1789017878547
2218331,1,INITIATED,1789017876271
2218331,2,VALIDATED,1789017878213
2218331,3,PROCESSED,1789017878608
2218332,1,INITIATED,1789017876267
2218332,2,VALIDATED,1789017876753
2218332,3,PROCESSED,1789017878556
2218333,1,INITIATED,1789017876268
2218333,2,VALIDATED,1789017876747
2218333,3,PROCESSED,1789017878530
2218334,1,INITIATED,1789017876269
2218334,2,VALIDATED,1789017876746
2218334,3,PROCESSED,1789017878490
2218335,1,INITIATED,1789017876271
2218335,2,VALIDATED,1789017878219
2218335,3,PROCESSED,1789017878609
2218336,1,INITIATED,1789017876271
2218336,2,VALIDATED,1789017878575
2218336,3,PROCESSED,1789017878994
2218337,1,INITIATED,1789017876272
2218337,2,VALIDATED,1789017878211
2218337,3,PROCESSED,1789017878608
2218338,1,INITIATED,1789017876297
2218338,2,VALIDATED,1789017878476
2218338,3,PROCESSED,1789017878549
2218339,1,INITIATED,1789017876297
2218339,2,VALIDATED,1789017878219
2218339,3,PROCESSED,1789017878610
2218340,1,INITIATED,1789017876301
2218340,2,VALIDATED,1789017878478
2218340,3,PROCESSED,1789017878628
2218341,1,INITIATED,1789017876298
2218341,2,VALIDATED,1789017878479
2218341,3,PROCESSED,1789017878564
2218342,1,INITIATED,1789017876302
2218342,2,VALIDATED,1789017877921
2218342,3,PROCESSED,1789017878641
2218343,1,INITIATED,1789017876302
2218343,2,VALIDATED,1789017877917
2218343,3,PROCESSED,1789017878632
2218344,1,INITIATED,1789017876302
2218344,2,VALIDATED,1789017877921
2218344,3,PROCESSED,1789017878571
2218345,1,INITIATED,1789017876303
2218345,2,VALIDATED,1789017878488
2218345,3,PROCESSED,1789017878641
2218346,1,INITIATED,1789017876627
2218346,2,VALIDATED,1789017878478
2218346,3,PROCESSED,1789017878633
2218347,1,INITIATED,1789017876627
2218347,2,VALIDATED,1789017878476
2218347,3,PROCESSED,1789017878630
2218348,1,INITIATED,1789017876746
2218348,2,VALIDATED,1789017878493
2218348,3,PROCESSED,1789017878642
2218349,1,INITIATED,1789017876749
2218349,2,VALIDATED,1789017878494
2218349,3,PROCESSED,1789017879012
2218350,1,INITIATED,1789017876747
2218350,2,VALIDATED,1789017878492
2218350,3,PROCESSED,1789017878637
2218351,1,INITIATED,1789017876754
2218351,2,VALIDATED,1789017878494
2218351,3,PROCESSED,1789017878693
2218352,1,INITIATED,1789017876749
2218352,2,VALIDATED,1789017878543
2218352,3,PROCESSED,1789017878697
2218353,1,INITIATED,1789017876754
2218353,2,VALIDATED,1789017878532
2218353,3,PROCESSED,1789017878639
2218354,1,INITIATED,1789017876750
2218354,2,VALIDATED,1789017878532
2218354,3,PROCESSED,1789017878642
2218355,1,INITIATED,1789017876751
2218355,2,VALIDATED,1789017878163
2218355,3,PROCESSED,1789017878497
2218356,1,INITIATED,1789017876750
2218356,2,VALIDATED,1789017878547
2218356,3,PROCESSED,1789017878575
2218357,1,INITIATED,1789017876751
2218357,2,VALIDATED,1789017878595
2218357,3,PROCESSED,1789017878686
2218358,1,INITIATED,1789017876755
2218358,2,VALIDATED,1789017878495
2218358,3,PROCESSED,1789017878642
2218359,1,INITIATED,1789017876755
2218359,2,VALIDATED,1789017878598
2218359,3,PROCESSED,1789017878692
2218360,1,INITIATED,1789017876755
2218360,2,VALIDATED,1789017878547
2218360,3,PROCESSED,1789017878633
2218361,1,INITIATED,1789017876755
2218361,2,VALIDATED,1789017878543
2218361,3,PROCESSED,1789017878641
2218362,1,INITIATED,1789017876757
2218362,2,VALIDATED,1789017878543
2218362,3,PROCESSED,1789017878580
2218363,1,INITIATED,1789017877919
2218363,2,VALIDATED,1789017878564
2218363,3,PROCESSED,1789017878584
2218364,1,INITIATED,1789017877920
2218364,2,VALIDATED,1789017878691
2218364,3,PROCESSED,1789017879064
2218365,1,INITIATED,1789017877918
2218365,2,VALIDATED,1789017878562
2218365,3,PROCESSED,1789017878660
2218366,1,INITIATED,1789017877918
2218366,2,VALIDATED,1789017878561
2218366,3,PROCESSED,1789017878659
2218367,1,INITIATED,1789017877922
2218367,2,VALIDATED,1789017878635
2218367,3,PROCESSED,1789017878703
2218368,1,INITIATED,1789017877920
2218368,2,VALIDATED,1789017878567
2218368,3,PROCESSED,1789017878672
2218369,1,INITIATED,1789017877919
2218369,2,VALIDATED,1789017878625
2218369,3,PROCESSED,1789017878693
2218370,1,INITIATED,1789017877918
2218370,2,VALIDATED,1789017878689
2218370,3,PROCESSED,1789017879063
2218371,1,INITIATED,1789017877929
2218371,2,VALIDATED,1789017878582
2218371,3,PROCESSED,1789017878598
2218372,1,INITIATED,1789017877928
2218372,2,VALIDATED,1789017878567
2218372,3,PROCESSED,1789017878670
2218373,1,INITIATED,1789017877928
2218373,2,VALIDATED,1789017878574
2218373,3,PROCESSED,1789017878674
2218374,1,INITIATED,1789017877927
2218374,2,VALIDATED,1789017878568
2218374,3,PROCESSED,1789017878587
2218375,1,INITIATED,1789017877927
2218375,2,VALIDATED,1789017878568
2218375,3,PROCESSED,1789017878992
2218376,1,INITIATED,1789017877930
2218376,2,VALIDATED,1789017878638
2218376,3,PROCESSED,1789017878989
2218377,1,INITIATED,1789017877929
2218377,2,VALIDATED,1789017878577
2218377,3,PROCESSED,1789017878597
2218378,1,INITIATED,1789017877933
2218378,2,VALIDATED,1789017878575
2218378,3,PROCESSED,1789017878675
2218379,1,INITIATED,1789017877933
2218379,2,VALIDATED,1789017878579
2218379,3,PROCESSED,1789017878596
2218380,1,INITIATED,1789017877933
2218380,2,VALIDATED,1789017878220
2218380,3,PROCESSED,1789017878556
2218381,1,INITIATED,1789017877933
2218381,2,VALIDATED,1789017878573
2218381,3,PROCESSED,1789017878674
2218382,1,INITIATED,1789017877934
2218382,2,VALIDATED,1789017878582
2218382,3,PROCESSED,1789017878680
2218383,1,INITIATED,1789017877934
2218383,2,VALIDATED,1789017878571
2218383,3,PROCESSED,1789017878589
2218384,1,INITIATED,1789017877937
2218384,2,VALIDATED,1789017878650
2218384,3,PROCESSED,1789017878680
2218385,1,INITIATED,1789017877938
2218385,2,VALIDATED,1789017878586
2218385,3,PROCESSED,1789017878995
2218386,1,INITIATED,1789017877938
2218386,2,VALIDATED,1789017878478
2218386,3,PROCESSED,1789017878634
2218387,1,INITIATED,1789017877938
2218387,2,VALIDATED,1789017878477
2218387,3,PROCESSED,1789017878630
2218388,1,INITIATED,1789017877938
2218388,2,VALIDATED,1789017878649
2218388,3,PROCESSED,1789017878995
2218389,1,INITIATED,1789017877938
2218389,2,VALIDATED,1789017878579
2218389,3,PROCESSED,1789017878679
2218390,1,INITIATED,1789017877938
2218390,2,VALIDATED,1789017878477
2218390,3,PROCESSED,1789017878628
2218391,1,INITIATED,1789017877939
2218391,2,VALIDATED,1789017878585
2218391,3,PROCESSED,1789017878681
2218392,1,INITIATED,1789017877940
2218392,2,VALIDATED,1789017878579
2218392,3,PROCESSED,1789017878994
2218393,1,INITIATED,1789017877940
2218393,2,VALIDATED,1789017878647
2218393,3,PROCESSED,1789017878994
2218394,1,INITIATED,1789017877970
2218394,2,VALIDATED,1789017878648
2218394,3,PROCESSED,1789017878995
2218395,1,INITIATED,1789017877970
2218395,2,VALIDATED,1789017878587
2218395,3,PROCESSED,1789017878679
2218396,1,INITIATED,1789017877981
2218396,2,VALIDATED,1789017878588
2218396,3,PROCESSED,1789017878677
2218397,1,INITIATED,1789017877970
2218397,2,VALIDATED,1789017878651
2218397,3,PROCESSED,1789017879002
2218398,1,INITIATED,1789017877971
2218398,2,VALIDATED,1789017878582
2218398,3,PROCESSED,1789017878994
2218399,1,INITIATED,1789017877971
2218399,2,VALIDATED,1789017878650
2218399,3,PROCESSED,1789017878680
2218400,1,INITIATED,1789017877971
2218400,2,VALIDATED,1789017878584
2218400,3,REJECTED,1789017878666
2218401,1,INITIATED,1789017877980
2218401,2,VALIDATED,1789017878590
2218401,3,REJECTED,1789017879001
2218402,1,INITIATED,1789017877980
2218402,2,VALIDATED,1789017878659
2218402,3,PROCESSED,1789017878995
2218403,1,INITIATED,1789017877981
2218403,2,VALIDATED,1789017878666
2218403,3,PROCESSED,1789017879059
2218404,1,INITIATED,1789017877981
2218404,2,VALIDATED,1789017878593
2218404,3,PROCESSED,1789017878608
2218405,1,INITIATED,1789017877981
2218405,2,VALIDATED,1789017878589
2218405,3,PROCESSED,1789017878602
2218406,1,INITIATED,1789017878163
2218406,2,VALIDATED,1789017878493
2218406,3,REJECTED,1789017878633
2218407,1,INITIATED,1789017878161
2218407,2,VALIDATED,1789017878592
2218407,3,PROCESSED,1789017878606
2218408,1,INITIATED,1789017878163
2218408,2,VALIDATED,1789017878597
2218408,3,PROCESSED,1789017878687
2218409,1,INITIATED,1789017878159
2218409,2,VALIDATED,1789017878592
2218409,3,REJECTED,1789017878677
2218410,1,INITIATED,1789017878168
2218410,2,VALIDATED,1789017878599
2218410,3,PROCESSED,1789017878692
2218411,1,INITIATED,1789017878168
2218411,2,VALIDATED,1789017878676
2218411,3,PROCESSED,1789017879012
2218412,1,INITIATED,1789017878218
2218412,2,VALIDATED,1789017879000
2218412,3,PROCESSED,1789017879405
2218413,1,INITIATED,1789017878219
2218413,2,VALIDATED,1789017878603
2218413,3,PROCESSED,1789017878693
2218414,1,INITIATED,1789017878220
2218414,2,VALIDATED,1789017878604
2218414,3,PROCESSED,1789017878693
2218415,1,INITIATED,1789017878473
2218415,2,VALIDATED,1789017878623
2218415,3,PROCESSED,1789017878642
2218416,1,INITIATED,1789017878476
2218416,2,VALIDATED,1789017878624
2218416,3,PROCESSED,1789017878643
2218417,1,INITIATED,1789017878476
2218417,2,VALIDATED,1789017878558
2218417,3,PROCESSED,1789017879062
2218418,1,INITIATED,1789017878477
2218418,2,VALIDATED,1789017878560
2218418,3,PROCESSED,1789017878658
2218419,1,INITIATED,1789017878473
2218419,2,VALIDATED,1789017878622
2218419,3,PROCESSED,1789017878692
2218420,1,INITIATED,1789017878475
2218420,2,VALIDATED,1789017878624
2218420,3,PROCESSED,1789017878646
2218421,1,INITIATED,1789017878474
2218421,2,VALIDATED,1789017878624
2218421,3,PROCESSED,1789017878693
2218422,1,INITIATED,1789017878475
2218422,2,VALIDATED,1789017878624
2218422,3,PROCESSED,1789017878695
2218423,1,INITIATED,1789017878479
2218423,2,VALIDATED,1789017878627
2218423,3,PROCESSED,1789017878700
2218424,1,INITIATED,1789017878477
2218424,2,VALIDATED,1789017878624
2218424,3,PROCESSED,1789017878642
2218425,1,INITIATED,1789017878483
2218425,2,VALIDATED,1789017878565
2218425,3,PROCESSED,1789017878669
2218426,1,INITIATED,1789017878483
2218426,2,VALIDATED,1789017878626
2218426,3,PROCESSED,1789017878697
2218427,1,INITIATED,1789017878495
2218427,2,VALIDATED,1789017878635
2218427,3,PROCESSED,1789017878989
2218428,1,INITIATED,1789017878495
2218428,2,VALIDATED,1789017878566
2218428,3,PROCESSED,1789017878595
2218429,1,INITIATED,1789017878543
2218429,2,VALIDATED,1789017878635
2218429,3,PROCESSED,1789017879014
2218430,1,INITIATED,1789017878543
2218430,2,VALIDATED,1789017878690
2218430,3,PROCESSED,1789017879013
2218431,1,INITIATED,1789017878544
2218431,2,VALIDATED,1789017878639
2218431,3,PROCESSED,1789017879014
2218432,1,INITIATED,1789017878544
2218432,2,VALIDATED,1789017878636
2218432,3,PROCESSED,1789017878989
2218433,1,INITIATED,1789017878544
2218433,2,VALIDATED,1789017878634
2218433,3,PROCESSED,1789017879059
2218434,1,INITIATED,1789017878546
2218434,2,VALIDATED,1789017878639
2218434,3,PROCESSED,1789017878989
2218435,1,INITIATED,1789017878546
2218435,2,VALIDATED,1789017878571
2218435,3,PROCESSED,1789017878592
2218436,1,INITIATED,1789017878547
2218436,2,VALIDATED,1789017878639
2218436,3,PROCESSED,1789017878994
2218437,1,INITIATED,1789017878553
2218437,2,VALIDATED,1789017878573
2218437,3,PROCESSED,1789017878672
2218438,1,INITIATED,1789017878553
2218438,2,VALIDATED,1789017878642
2218438,3,PROCESSED,1789017878992
2218439,1,INITIATED,1789017878553
2218439,2,VALIDATED,1789017878640
2218439,3,PROCESSED,1789017878991
2218440,1,INITIATED,1789017878553
2218440,2,VALIDATED,1789017878640
2218440,3,PROCESSED,1789017878660
2218441,1,INITIATED,1789017878553
2218441,2,VALIDATED,1789017878641
2218441,3,PROCESSED,1789017878671
2218442,1,INITIATED,1789017878556
2218442,2,VALIDATED,1789017878697
2218442,3,PROCESSED,1789017879403
2218443,1,INITIATED,1789017878556
2218443,2,VALIDATED,1789017878585
2218443,3,PROCESSED,1789017878679
2218444,1,INITIATED,1789017878558
2218444,2,VALIDATED,1789017878645
2218444,3,PROCESSED,1789017878994
2218445,1,INITIATED,1789017878557
2218445,2,VALIDATED,1789017878645
2218445,3,PROCESSED,1789017878674
2218446,1,INITIATED,1789017878557
2218446,2,VALIDATED,1789017878641
2218446,3,PROCESSED,1789017878992
2218447,1,INITIATED,1789017878559
2218447,2,VALIDATED,1789017878646
2218447,3,PROCESSED,1789017878676
2218448,1,INITIATED,1789017878559
2218448,2,VALIDATED,1789017878580
2218448,3,PROCESSED,1789017878995
2218449,1,INITIATED,1789017878559
2218449,2,VALIDATED,1789017878642
2218449,3,PROCESSED,1789017878993
2218450,1,INITIATED,1789017878559
2218450,2,VALIDATED,1789017878648
2218450,3,PROCESSED,1789017878995
2218451,1,INITIATED,1789017878561
2218451,2,VALIDATED,1789017878583
2218451,3,PROCESSED,1789017878679
2218452,1,INITIATED,1789017878561
2218452,2,VALIDATED,1789017878698
2218452,3,PROCESSED,1789017879402
2218453,1,INITIATED,1789017878561
2218453,2,VALIDATED,1789017878646
2218453,3,PROCESSED,1789017878995
2218454,1,INITIATED,1789017878560
2218454,2,VALIDATED,1789017878578
2218454,3,PROCESSED,1789017878675
2218455,1,INITIATED,1789017878561
2218455,2,VALIDATED,1789017878578
2218455,3,PROCESSED,1789017878590
2218456,1,INITIATED,1789017878561
2218456,2,VALIDATED,1789017878698
2218456,3,PROCESSED,1789017879401
2218457,1,INITIATED,1789017878570
2218457,2,VALIDATED,1789017878702
2218457,3,PROCESSED,1789017879404
2218458,1,INITIATED,1789017878570
2218458,2,VALIDATED,1789017878651
2218458,3,PROCESSED,1789017878996
2218459,1,INITIATED,1789017878573
2218459,2,VALIDATED,1789017878651
2218459,3,PROCESSED,1789017879002
2218460,1,INITIATED,1789017878579
2218460,2,VALIDATED,1789017878664
2218460,3,PROCESSED,1789017878679
2218461,1,INITIATED,1789017878581
2218461,2,VALIDATED,1789017878665
2218461,3,PROCESSED,1789017879006
2218462,1,INITIATED,1789017878582
2218462,2,VALIDATED,1789017878666
2218462,3,PROCESSED,1789017879014
2218463,1,INITIATED,1789017878581
2218463,2,VALIDATED,1789017878590
2218463,3,PROCESSED,1789017878679
2218464,1,INITIATED,1789017878587
2218464,2,VALIDATED,1789017878675
2218464,3,PROCESSED,1789017879012
2218465,1,INITIATED,1789017878586
2218465,2,VALIDATED,1789017878669
2218465,3,PROCESSED,1789017878680
2218466,1,INITIATED,1789017878588
2218466,2,VALIDATED,1789017878673
2218466,3,PROCESSED,1789017878692
2218467,1,INITIATED,1789017878593
2218467,2,VALIDATED,1789017879007
2218467,3,PROCESSED,1789017879406
2218468,1,INITIATED,1789017878598
2218468,2,VALIDATED,1789017878687
2218468,3,PROCESSED,1789017878990
2218469,1,INITIATED,1789017878598
2218469,2,VALIDATED,1789017878688
2218469,3,PROCESSED,1789017879062
2218470,1,INITIATED,1789017878604
2218470,2,VALIDATED,1789017878691
2218470,3,PROCESSED,1789017879405
2218471,1,INITIATED,1789017878604
2218471,2,VALIDATED,1789017878687
2218471,3,PROCESSED,1789017879063
2218472,1,INITIATED,1789017878604
2218472,2,VALIDATED,1789017878628
2218472,3,PROCESSED,1789017878700
2218473,1,INITIATED,1789017878604
2218473,2,VALIDATED,1789017878690
2218473,3,PROCESSED,1789017879063
2218474,1,INITIATED,1789017878607
2218474,2,VALIDATED,1789017878627
2218474,3,PROCESSED,1789017878702
2218475,1,INITIATED,1789017878607
2218475,2,VALIDATED,1789017878688
2218475,3,PROCESSED,1789017879064
2218476,1,INITIATED,1789017878611
2218476,2,VALIDATED,1789017879009
2218476,3,PROCESSED,1789017879405
2218477,1,INITIATED,1789017878611
2218477,2,VALIDATED,1789017878687
2218477,3,PROCESSED,1789017878701
2218478,1,INITIATED,1789017878611
2218478,2,VALIDATED,1789017878688
2218478,3,PROCESSED,1789017879013
2218479,1,INITIATED,1789017878611
2218479,2,VALIDATED,1789017878690
2218479,3,PROCESSED,1789017878990
2218480,1,INITIATED,1789017878622
2218480,2,VALIDATED,1789017878689
2218480,3,PROCESSED,1789017879013
2218481,1,INITIATED,1789017878622
2218481,2,VALIDATED,1789017878634
2218481,3,PROCESSED,1789017878659
2218482,1,INITIATED,1789017878625
2218482,2,VALIDATED,1789017878691
2218482,3,PROCESSED,1789017879064
2218483,1,INITIATED,1789017878627
2218483,2,VALIDATED,1789017878695
2218483,3,PROCESSED,1789017879063
2218484,1,INITIATED,1789017878627
2218484,2,VALIDATED,1789017878694
2218484,3,PROCESSED,1789017879402
2218485,1,INITIATED,1789017878628
2218485,2,VALIDATED,1789017878697
2218485,3,PROCESSED,1789017879064
2218486,1,INITIATED,1789017878630
2218486,2,VALIDATED,1789017878641
2218486,3,PROCESSED,1789017878672
2218487,1,INITIATED,1789017878626
2218487,2,VALIDATED,1789017878689
2218487,3,PROCESSED,1789017879013
2218488,1,INITIATED,1789017878631
2218488,2,VALIDATED,1789017878697
2218488,3,PROCESSED,1789017879401
2218489,1,INITIATED,1789017878637
2218489,2,VALIDATED,1789017878647
2218489,3,PROCESSED,1789017878993
2218490,1,INITIATED,1789017878646
2218490,2,VALIDATED,1789017878659
2218490,3,PROCESSED,1789017878995
2218491,1,INITIATED,1789017878659
2218491,2,VALIDATED,1789017879000
2218491,3,PROCESSED,1789017879405
2218492,1,INITIATED,1789017878669
2218492,2,VALIDATED,1789017878677
2218492,3,PROCESSED,1789017879061
2218493,1,INITIATED,1789017878677
2218493,2,VALIDATED,1789017879012
2218493,3,PROCESSED,1789017879405
2218494,1,INITIATED,1789017878677
2218494,2,VALIDATED,1789017879009
2218494,3,PROCESSED,1789017879405
2218495,1,INITIATED,1789017878690
2218495,2,VALIDATED,1789017879011
2218495,3,PROCESSED,1789017879405
2218496,1,INITIATED,1789017878688
2218496,2,VALIDATED,1789017878699
2218496,3,PROCESSED,1789017879401
2218497,1,INITIATED,1789017878694
2218497,2,VALIDATED,1789017879061
2218497,3,PROCESSED,1789017879411
2218498,1,INITIATED,1789017878991
2218498,2,VALIDATED,1789017879010
2218498,3,PROCESSED,1789017879404
2218499,1,INITIATED,1789017879009
2218499,2,VALIDATED,1789017879403
2218499,3,PROCESSED,1789017879417
2218500,1,INITIATED,1789017879071
2218500,2,VALIDATED,1789017879407
2218500,3,PROCESSED,1789017879495
2218501,1,INITIATED,1789017879071
2218501,2,VALIDATED,1789017879408
2218501,3,PROCESSED,1789017879493
2218502,1,INITIATED,1789017879071
2218502,2,VALIDATED,1789017879407
2218502,3,PROCESSED,1789017879493
2218503,1,INITIATED,1789017879071
2218503,2,VALIDATED,1789017879408
2218503,3,PROCESSED,1789017879494
2218504,1,INITIATED,1789017879401
2218504,2,VALIDATED,1789017879414
2218504,3,PROCESSED,1789017879494
2218505,1,INITIATED,1789017879400
2218505,2,VALIDATED,1789017879413
2218505,3,REJECTED,1789017879498
2218506,1,INITIATED,1789017879399
2218506,2,VALIDATED,1789017879468
2218506,3,REJECTED,1789017879514
2218507,1,INITIATED,1789017879399
2218507,2,VALIDATED,1789017879415
2218507,3,REJECTED,1789017879492
2218508,1,INITIATED,1789017879400
2218508,2,VALIDATED,1789017879415
2218508,3,REJECTED,1789017879493
2218509,1,INITIATED,1789017879399
2218509,2,VALIDATED,1789017879415
2218509,3,PROCESSED,1789017879500
2218510,1,INITIATED,1789017879399
2218510,2,VALIDATED,1789017879414
2218510,3,PROCESSED,1789017879495
2218511,1,INITIATED,1789017879399
2218511,2,VALIDATED,1789017879468
2218511,3,PROCESSED,1789017879517
2218512,1,INITIATED,1789017879400
2218512,2,VALIDATED,1789017879415
2218512,3,PROCESSED,1789017879495
2218513,1,INITIATED,1789017879400
2218513,2,VALIDATED,1789017879467
2218513,3,PROCESSED,1789017879520
2218514,1,INITIATED,1789017879402
2218514,2,VALIDATED,1789017879467
2218514,3,PROCESSED,1789017879520
2218515,1,INITIATED,1789017879401
2218515,2,VALIDATED,1789017879468
2218515,3,PROCESSED,1789017879518
2218516,1,INITIATED,1789017879401
2218516,2,VALIDATED,1789017879468
2218516,3,PROCESSED,1789017879517
2218517,1,INITIATED,1789017879400
2218517,2,VALIDATED,1789017879416
2218517,3,PROCESSED,1789017879495
2218518,1,INITIATED,1789017879399
2218518,2,VALIDATED,1789017879468
2218518,3,PROCESSED,1789017879518
2218519,1,INITIATED,1789017879407
2218519,2,VALIDATED,1789017879490
2218519,3,PROCESSED,1789017879520
2218520,1,INITIATED,1789017879408
2218520,2,VALIDATED,1789017879491
2218520,3,PROCESSED,1789017879520
2218521,1,INITIATED,1789017879412
2218521,2,VALIDATED,1789017879491
2218521,3,PROCESSED,1789017879521
2218522,1,INITIATED,1789017879415
2218522,2,VALIDATED,1789017879492
2218522,3,PROCESSED,1789017879516
2218523,1,INITIATED,1789017879414
2218523,2,VALIDATED,1789017879493
2218523,3,PROCESSED,1789017879518
2218524,1,INITIATED,1789017879413
2218524,2,VALIDATED,1789017879491
2218524,3,PROCESSED,1789017879518
2218525,1,INITIATED,1789017879414
2218525,2,VALIDATED,1789017879491
2218525,3,PROCESSED,1789017879520
2218526,1,INITIATED,1789017879413
2218526,2,VALIDATED,1789017879494
2218526,3,PROCESSED,1789017879519
2218527,1,INITIATED,1789017879414
2218527,2,VALIDATED,1789017879498
2218527,3,PROCESSED,1789017879521
2218528,1,INITIATED,1789017879415
2218528,2,VALIDATED,1789017879497
2218528,3,PROCESSED,1789017879521
2218529,1,INITIATED,1789017879415
2218529,2,VALIDATED,1789017879497
2218529,3,PROCESSED,1789017879518
2218530,1,INITIATED,1789017879415
2218530,2,VALIDATED,1789017879497
2218530,3,PROCESSED,1789017879521
2218531,1,INITIATED,1789017879414
2218531,2,VALIDATED,1789017879494
2218531,3,PROCESSED,1789017879521
2218532,1,INITIATED,1789017879416
2218532,2,VALIDATED,1789017879493
2218532,3,PROCESSED,1789017879520
2218533,1,INITIATED,1789017879416
2218533,2,VALIDATED,1789017879497
2218533,3,PROCESSED,1789017879521
2218534,1,INITIATED,1789017879416
2218534,2,VALIDATED,1789017879493
2218534,3,PROCESSED,1789017879520
2218535,1,INITIATED,1789017879467
2218535,2,VALIDATED,1789017879512
2218535,3,PROCESSED,1789017879523
2218536,1,INITIATED,1789017879489
2218536,2,VALIDATED,1789017879514
2218536,3,PROCESSED,1789017879525
2218537,1,INITIATED,1789017879489
2218537,2,VALIDATED,1789017879514
2218537,3,PROCESSED,1789017879526
2218538,1,INITIATED,1789017879489
2218538,2,VALIDATED,1789017879515
2218538,3,PROCESSED,1789017879525
2218539,1,INITIATED,1789017879497
2218539,2,VALIDATED,1789017879517
2218539,3,PROCESSED,1789017879526
2218540,1,INITIATED,1789017879515
2218540,2,VALIDATED,1789017879522
2218540,3,PROCESSED,1789017879530
2218541,1,INITIATED,1789017879533
2218541,2,VALIDATED,1789017879538
2218541,3,PROCESSED,1789017879544
2218542,1,INITIATED,1789017879554
2218542,2,VALIDATED,1789017879560
2218542,3,PROCESSED,1789017879568
2218543,1,INITIATED,1789017879574
2218543,2,VALIDATED,1789017879792
2218543,3,PROCESSED,1789017879799
2218544,1,INITIATED,1789017879783
2218544,2,VALIDATED,1789017879792
2218544,3,PROCESSED,1789017879799
2218545,1,INITIATED,1789017879782
2218545,2,VALIDATED,1789017879792
2218545,3,PROCESSED,1789017879799
2218546,1,INITIATED,1789017879783
2218546,2,VALIDATED,1789017879792
2218546,3,PROCESSED,1789017879798
2218547,1,INITIATED,1789017879783
2218547,2,VALIDATED,1789017879793
2218547,3,PROCESSED,1789017879799
2218548,1,INITIATED,1789017879782
2218548,2,VALIDATED,1789017879792
2218548,3,PROCESSED,1789017879799
2218549,1,INITIATED,1789017879782
2218549,2,VALIDATED,1789017879793
2218549,3,PROCESSED,1789017879799
2218550,1,INITIATED,1789017879783
2218550,2,VALIDATED,1789017879792
2218550,3,PROCESSED,1789017879799
2218551,1,INITIATED,1789017879783
2218551,2,VALIDATED,1789017879792
2218551,3,PROCESSED,1789017879799
2218552,1,INITIATED,1789017879783
2218552,2,VALIDATED,1789017879793
2218552,3,PROCESSED,1789017879800
2218553,1,INITIATED,1789017879783
2218553,2,VALIDATED,1789017879792
2218553,3,PROCESSED,1789017879799
2218554,1,INITIATED,1789017879794
2218554,2,VALIDATED,1789017879836
2218554,3,PROCESSED,1789017879843
2218555,1,INITIATED,1789017879814
2218555,2,VALIDATED,1789017879836
2218555,3,PROCESSED,1789017879843
2218556,1,INITIATED,1789017879835
2218556,2,VALIDATED,1789017879840
2218556,3,PROCESSED,1789017879845
2218557,1,INITIATED,1789017879853
2218557,2,VALIDATED,1789017879856
2218557,3,PROCESSED,1789017879861
2218558,1,INITIATED,1789017879874
2218558,2,VALIDATED,1789017879881
2218558,3,PROCESSED,1789017879887
2218559,1,INITIATED,1789017879894
2218559,2,VALIDATED,1789017879898
2218559,3,PROCESSED,1789017879905
2218560,1,INITIATED,1789017879914
2218560,2,VALIDATED,1789017879919
2218560,3,PROCESSED,1789017879926
2218561,1,INITIATED,1789017879933
2218561,2,VALIDATED,1789017879937
2218561,3,PROCESSED,1789017879944
2218562,1,INITIATED,1789017879954
2218562,2,VALIDATED,1789017879959
2218562,3,PROCESSED,1789017879966
2218563,1,INITIATED,1789017879974
2218563,2,VALIDATED,1789017879980
2218563,3,PROCESSED,1789017879999
2218564,1,INITIATED,1789017879999
2218564,2,VALIDATED,1789017880240
2218564,3,PROCESSED,1789017880620
2218565,1,INITIATED,1789017880239
2218565,2,VALIDATED,1789017880618
2218565,3,PROCESSED,1789017880776
2218566,1,INITIATED,1789017880240
2218566,2,VALIDATED,1789017880617
2218566,3,PROCESSED,1789017880776
2218567,1,INITIATED,1789017880239
2218567,2,VALIDATED,1789017880617
2218567,3,PROCESSED,1789017880776
2218568,1,INITIATED,1789017880240
2218568,2,VALIDATED,1789017880618
2218568,3,PROCESSED,1789017880776
2218569,1,INITIATED,1789017880241
2218569,2,VALIDATED,1789017880619
2218569,3,PROCESSED,1789017880775
2218570,1,INITIATED,1789017880240
2218570,2,VALIDATED,1789017880618
2218570,3,PROCESSED,1789017880774
2218571,1,INITIATED,1789017880240
2218571,2,VALIDATED,1789017880617
2218571,3,PROCESSED,1789017880776
2218572,1,INITIATED,1789017880239
2218572,2,VALIDATED,1789017880618
2218572,3,PROCESSED,1789017880829
2218573,1,INITIATED,1789017880241
2218573,2,VALIDATED,1789017880617
2218573,3,PROCESSED,1789017880775
2218574,1,INITIATED,1789017880239
2218574,2,VALIDATED,1789017880618
2218574,3,PROCESSED,1789017880776
2218575,1,INITIATED,1789017880241
2218575,2,VALIDATED,1789017880619
2218575,3,PROCESSED,1789017880826
2218576,1,INITIATED,1789017880241
2218576,2,VALIDATED,1789017880618
2218576,3,PROCESSED,1789017880775
2218577,1,INITIATED,1789017880615
2218577,2,VALIDATED,1789017880772
2218577,3,PROCESSED,1789017880831
2218578,1,INITIATED,1789017880616
2218578,2,VALIDATED,1789017880823
2218578,3,PROCESSED,1789017880842
2218579,1,INITIATED,1789017880617
2218579,2,VALIDATED,1789017880824
2218579,3,PROCESSED,1789017880857
2218580,1,INITIATED,1789017880615
2218580,2,VALIDATED,1789017880823
2218580,3,PROCESSED,1789017880857
2218581,1,INITIATED,1789017880615
2218581,2,VALIDATED,1789017880773
2218581,3,PROCESSED,1789017880828
2218582,1,INITIATED,1789017880614
2218582,2,VALIDATED,1789017880769
2218582,3,PROCESSED,1789017880831
2218583,1,INITIATED,1789017880612
2218583,2,VALIDATED,1789017880773
2218583,3,PROCESSED,1789017880828
2218584,1,INITIATED,1789017880616
2218584,2,VALIDATED,1789017880774
2218584,3,PROCESSED,1789017880830
2218585,1,INITIATED,1789017880617
2218585,2,VALIDATED,1789017880773
2218585,3,PROCESSED,1789017880829
2218586,1,INITIATED,1789017880616
2218586,2,VALIDATED,1789017880774
2218586,3,PROCESSED,1789017880830
2218587,1,INITIATED,1789017880614
2218587,2,VALIDATED,1789017880771
2218587,3,PROCESSED,1789017880829
2218588,1,INITIATED,1789017880612
2218588,2,VALIDATED,1789017880823
2218588,3,PROCESSED,1789017880857
2218589,1,INITIATED,1789017880614
2218589,2,VALIDATED,1789017880773
2218589,3,PROCESSED,1789017880829
2218590,1,INITIATED,1789017880613
2218590,2,VALIDATED,1789017880771
2218590,3,PROCESSED,1789017880829
2218591,1,INITIATED,1789017880613
2218591,2,VALIDATED,1789017880773
2218591,3,PROCESSED,1789017880828
2218592,1,INITIATED,1789017880613
2218592,2,VALIDATED,1789017880773
2218592,3,PROCESSED,1789017880828
2218593,1,INITIATED,1789017880612
2218593,2,VALIDATED,1789017880773
2218593,3,PROCESSED,1789017880828
2218594,1,INITIATED,1789017880612
2218594,2,VALIDATED,1789017880770
2218594,3,PROCESSED,1789017880828
2218595,1,INITIATED,1789017880616
2218595,2,VALIDATED,1789017880774
2218595,3,PROCESSED,1789017880830
2218596,1,INITIATED,1789017880770
2218596,2,VALIDATED,1789017880827
2218596,3,PROCESSED,1789017880857
2218597,1,INITIATED,1789017880768
2218597,2,VALIDATED,1789017880827
2218597,3,PROCESSED,1789017880857
2218598,1,INITIATED,1789017880769
2218598,2,VALIDATED,1789017880826
2218598,3,PROCESSED,1789017880857
2218599,1,INITIATED,1789017880771
2218599,2,VALIDATED,1789017880826
2218599,3,PROCESSED,1789017880856
2218600,1,INITIATED,1789017880772
2218600,2,VALIDATED,1789017880826
2218600,3,PROCESSED,1789017880856
2218601,1,INITIATED,1789017880770
2218601,2,VALIDATED,1789017880828
2218601,3,PROCESSED,1789017880857
2218602,1,INITIATED,1789017880771
2218602,2,VALIDATED,1789017880826
2218602,3,PROCESSED,1789017880857
2218603,1,INITIATED,1789017880823
2218603,2,VALIDATED,1789017880854
2218603,3,PROCESSED,1789017880872
2218604,1,INITIATED,1789017880823
2218604,2,VALIDATED,1789017880839
2218604,3,PROCESSED,1789017880872
2218605,1,INITIATED,1789017880823
2218605,2,VALIDATED,1789017880854
2218605,3,PROCESSED,1789017880872
2218606,1,INITIATED,1789017880835
2218606,2,VALIDATED,1789017880869
2218606,3,REJECTED,1789017880884
2218607,1,INITIATED,1789017880855
2218607,2,VALIDATED,1789017880870
2218607,3,REJECTED,1789017880897
2218608,1,INITIATED,1789017880874
2218608,2,VALIDATED,1789017880897
2218608,3,REJECTED,1789017880913
2218609,1,INITIATED,1789017880895
2218609,2,VALIDATED,1789017880914
2218609,3,REJECTED,1789017880919
2218610,1,INITIATED,1789017880914
2218610,2,VALIDATED,1789017880920
2218610,3,PROCESSED,1789017880941
2218611,1,INITIATED,1789017880935
2218611,2,VALIDATED,1789017880940
2218611,3,PROCESSED,1789017880947
2218612,1,INITIATED,1789017880955
2218612,2,VALIDATED,1789017880961
2218612,3,PROCESSED,1789017880980
2218613,1,INITIATED,1789017880974
2218613,2,VALIDATED,1789017880980
2218613,3,PROCESSED,1789017886628
2218614,1,INITIATED,1789017881324
2218614,2,VALIDATED,1789017895788
2218614,3,PROCESSED,1789017901683
2218615,1,INITIATED,1789017881324
2218615,2,VALIDATED,1789017895613
2218615,3,PROCESSED,1789017900560
2218616,1,INITIATED,1789017881324
2218616,2,VALIDATED,1789017894416
2218616,3,PROCESSED,1789017901654
2218617,1,INITIATED,1789017881324
2218617,2,VALIDATED,1789017895627
2218617,3,PROCESSED,1789017910048
2218618,1,INITIATED,1789017881324
2218618,2,VALIDATED,1789017894411
2218618,3,PROCESSED,1789017899315
2218619,1,INITIATED,1789017881323
2218619,2,VALIDATED,1789017894410
2218619,3,PROCESSED,1789017900558
2218620,1,INITIATED,1789017881324
2218620,2,VALIDATED,1789017894417
2218620,3,PROCESSED,1789017901654
2218621,1,INITIATED,1789017881324
2218621,2,VALIDATED,1789017894418
2218621,3,PROCESSED,1789017900557
2218622,1,INITIATED,1789017881324
2218622,2,VALIDATED,1789017894417
2218622,3,PROCESSED,1789017900559
2218623,1,INITIATED,1789017881324
2218623,2,VALIDATED,1789017895627
2218623,3,PROCESSED,1789017900746
2218624,1,INITIATED,1789017881324
2218624,2,VALIDATED,1789017895627
2218624,3,PROCESSED,1789017901683
2218625,1,INITIATED,1789017881324
2218625,2,VALIDATED,1789017894410
2218625,3,PROCESSED,1789017900558
2218626,1,INITIATED,1789017881324
2218626,2,VALIDATED,1789017895614
2218626,3,PROCESSED,1789017901642
2218627,1,INITIATED,1789017881323
2218627,2,VALIDATED,1789017899309
2218627,3,PROCESSED,1789017901724
2218628,1,INITIATED,1789017881324
2218628,2,VALIDATED,1789017895785
2218628,3,PROCESSED,1789017901683
2218629,1,INITIATED,1789017881324
2218629,2,VALIDATED,1789017894415
2218629,3,PROCESSED,1789017901644
2218630,1,INITIATED,1789017881324
2218630,2,VALIDATED,1789017894417
2218630,3,PROCESSED,1789017899314
2218631,1,INITIATED,1789017881338
2218631,2,VALIDATED,1789017895775
2218631,3,PROCESSED,1789017901738
2218632,1,INITIATED,1789017886496
2218632,2,VALIDATED,1789017896293
2218632,3,PROCESSED,1789017901721
2218633,1,INITIATED,1789017886497
2218633,2,VALIDATED,1789017894559
2218633,3,PROCESSED,1789017900746
2218634,1,INITIATED,1789017886498
2218634,2,VALIDATED,1789017895785
2218634,3,PROCESSED,1789017900741
2218635,1,INITIATED,1789017886494
2218635,2,VALIDATED,1789017896289
2218635,3,PROCESSED,1789017901147
2218636,1,INITIATED,1789017886496
2218636,2,VALIDATED,1789017894413
2218636,3,PROCESSED,1789017899316
2218637,1,INITIATED,1789017886496
2218637,2,VALIDATED,1789017896292
2218637,3,PROCESSED,1789017901147
2218638,1,INITIATED,1789017886495
2218638,2,VALIDATED,1789017894559
2218638,3,PROCESSED,1789017900740
2218639,1,INITIATED,1789017886497
2218639,2,VALIDATED,1789017895777
2218639,3,PROCESSED,1789017912925
2218640,1,INITIATED,1789017886496
2218640,2,VALIDATED,1789017894416
2218640,3,PROCESSED,1789017900556
2218641,1,INITIATED,1789017886498
2218641,2,VALIDATED,1789017894558
2218641,3,PROCESSED,1789017901683
2218642,1,INITIATED,1789017886496
2218642,2,VALIDATED,1789017896289
2218642,3,PROCESSED,1789017901700
2218643,1,INITIATED,1789017886497
2218643,2,VALIDATED,1789017896291
2218643,3,PROCESSED,1789017901720
2218644,1,INITIATED,1789017886493
2218644,2,VALIDATED,1789017896291
2218644,3,PROCESSED,1789017901146
2218645,1,INITIATED,1789017886498
2218645,2,VALIDATED,1789017899308
2218645,3,PROCESSED,1789017910219
2218646,1,INITIATED,1789017886497
2218646,2,VALIDATED,1789017894554
2218646,3,PROCESSED,1789017901683
2218647,1,INITIATED,1789017886499
2218647,2,VALIDATED,1789017896290
2218647,3,PROCESSED,1789017901722
2218648,1,INITIATED,1789017886502
2218648,2,VALIDATED,1789017894555
2218648,3,PROCESSED,1789017901694
2218649,1,INITIATED,1789017886499
2218649,2,VALIDATED,1789017894607
2218649,3,PROCESSED,1789017899462
2218650,1,INITIATED,1789017886500
2218650,2,VALIDATED,1789017894418
2218650,3,PROCESSED,1789017901654
2218651,1,INITIATED,1789017886502
2218651,2,VALIDATED,1789017894568
2218651,3,PROCESSED,1789017900745
2218652,1,INITIATED,1789017886502
2218652,2,VALIDATED,1789017896463
2218652,3,PROCESSED,1789017901331
2218653,1,INITIATED,1789017886501
2218653,2,VALIDATED,1789017896289
2218653,3,PROCESSED,1789017910058
2218654,1,INITIATED,1789017886501
2218654,2,VALIDATED,1789017896291
2218654,3,PROCESSED,1789017901720
2218655,1,INITIATED,1789017886502
2218655,2,VALIDATED,1789017896459
2218655,3,PROCESSED,1789017901727
2218656,1,INITIATED,1789017886502
2218656,2,VALIDATED,1789017894559
2218656,3,PROCESSED,1789017901693
2218657,1,INITIATED,1789017886627
2218657,2,VALIDATED,1789017896292
2218657,3,PROCESSED,1789017910056
2218658,1,INITIATED,1789017886628
2218658,2,VALIDATED,1789017894569
2218658,3,PROCESSED,1789017900746
2218659,1,INITIATED,1789017886628
2218659,2,VALIDATED,1789017896290
2218659,3,PROCESSED,1789017901147
2218660,1,INITIATED,1789017886628
2218660,2,VALIDATED,1789017894569
2218660,3,PROCESSED,1789017912925
2218661,1,INITIATED,1789017886628
2218661,2,VALIDATED,1789017894560
2218661,3,PROCESSED,1789017900745
2218662,1,INITIATED,1789017886840
2218662,2,VALIDATED,1789017896292
2218662,3,PROCESSED,1789017901147
2218663,1,INITIATED,1789017886842
2218663,2,VALIDATED,1789017899974
2218663,3,PROCESSED,1789017911262
2218664,1,INITIATED,1789017886844
2218664,2,VALIDATED,1789017899975
2218664,3,PROCESSED,1789017911270
2218665,1,INITIATED,1789017886844
2218665,2,VALIDATED,1789017896467
2218665,3,PROCESSED,1789017901337
2218666,1,INITIATED,1789017886843
2218666,2,VALIDATED,1789017898660
2218666,3,PROCESSED,1789017901695
2218667,1,INITIATED,1789017886843
2218667,2,VALIDATED,1789017899979
2218667,3,PROCESSED,1789017911263
2218668,1,INITIATED,1789017886843
2218668,2,VALIDATED,1789017899972
2218668,3,PROCESSED,1789017915464
2218669,1,INITIATED,1789017886844
2218669,2,VALIDATED,1789017899974
2218669,3,PROCESSED,1789017912922
2218670,1,INITIATED,1789017886843
2218670,2,VALIDATED,1789017896467
2218670,3,PROCESSED,1789017901723
2218671,1,INITIATED,1789017893754
2218671,2,VALIDATED,1789017901328
2218671,3,PROCESSED,1789017911268
2218672,1,INITIATED,1789017886844
2218672,2,VALIDATED,1789017899456
2218672,3,PROCESSED,1789017910855
2218673,1,INITIATED,1789017893754
2218673,2,VALIDATED,1789017896466
2218673,3,PROCESSED,1789017901330
2218674,1,INITIATED,1789017893752
2218674,2,VALIDATED,1789017901138
2218674,3,PROCESSED,1789017912058
2218675,1,INITIATED,1789017893758
2218675,2,VALIDATED,1789017896463
2218675,3,PROCESSED,1789017900127
2218676,1,INITIATED,1789017893759
2218676,2,VALIDATED,1789017899973
2218676,3,PROCESSED,1789017910856
2218677,1,INITIATED,1789017893755
2218677,2,VALIDATED,1789017899973
2218677,3,PROCESSED,1789017913050
2218678,1,INITIATED,1789017893756
2218678,2,VALIDATED,1789017899976
2218678,3,PROCESSED,1789017910892
2218679,1,INITIATED,1789017893758
2218679,2,VALIDATED,1789017896465
2218679,3,PROCESSED,1789017901726
2218680,1,INITIATED,1789017893753
2218680,2,VALIDATED,1789017901141
2218680,3,PROCESSED,1789017910854
2218681,1,INITIATED,1789017893759
2218681,2,VALIDATED,1789017910211
2218681,3,PROCESSED,1789017915470
2218682,1,INITIATED,1789017893758
2218682,2,VALIDATED,1789017899976
2218682,3,PROCESSED,1789017911264
2218683,1,INITIATED,1789017893754
2218683,2,VALIDATED,1789017899459
2218683,3,PROCESSED,1789017910853
2218684,1,INITIATED,1789017893755
2218684,2,VALIDATED,1789017899459
2218684,3,PROCESSED,1789017910860
2218685,1,INITIATED,1789017893753
2218685,2,VALIDATED,1789017899980
2218685,3,PROCESSED,1789017912925
2218686,1,INITIATED,1789017893755
2218686,2,VALIDATED,1789017899979
2218686,3,PROCESSED,1789017913050
2218687,1,INITIATED,1789017893757
2218687,2,VALIDATED,1789017899978
2218687,3,PROCESSED,1789017913048
2218688,1,INITIATED,1789017893754
2218688,2,VALIDATED,1789017899977
2218688,3,PROCESSED,1789017911270
2218689,1,INITIATED,1789017893757
2218689,2,VALIDATED,1789017901698
2218689,3,PROCESSED,1789017913903
2218690,1,INITIATED,1789017893754
2218690,2,VALIDATED,1789017901327
2218690,3,PROCESSED,1789017912924
2218691,1,INITIATED,1789017893755
2218691,2,VALIDATED,1789017898661
2218691,3,PROCESSED,1789017901746
2218692,1,INITIATED,1789017893758
2218692,2,VALIDATED,1789017899979
2218692,3,PROCESSED,1789017910860
2218693,1,INITIATED,1789017893753
2218693,2,VALIDATED,1789017896467
2218693,3,PROCESSED,1789017901337
2218694,1,INITIATED,1789017893758
2218694,2,VALIDATED,1789017899976
2218694,3,PROCESSED,1789017911258
2218695,1,INITIATED,1789017893892
2218695,2,VALIDATED,1789017899977
2218695,3,PROCESSED,1789017913050
2218696,1,INITIATED,1789017893892
2218696,2,VALIDATED,1789017900005
2218696,3,PROCESSED,1789017911270
2218697,1,INITIATED,1789017893899
2218697,2,VALIDATED,1789017900127
2218697,3,PROCESSED,1789017911272
2218698,1,INITIATED,1789017893893
2218698,2,VALIDATED,1789017900007
2218698,3,REJECTED,1789017911269
2218699,1,INITIATED,1789017893894
2218699,2,VALIDATED,1789017900006
2218699,3,PROCESSED,1789017911426
2218700,1,INITIATED,1789017893895
2218700,2,VALIDATED,1789017900006
2218700,3,PROCESSED,1789017913420
2218701,1,INITIATED,1789017893895
2218701,2,VALIDATED,1789017900128
2218701,3,PROCESSED,1789017911424
2218702,1,INITIATED,1789017893895
2218702,2,VALIDATED,1789017898659
2218702,3,PROCESSED,1789017901694
2218703,1,INITIATED,1789017893896
2218703,2,VALIDATED,1789017900125
2218703,3,PROCESSED,1789017911429
2218704,1,INITIATED,1789017893896
2218704,2,VALIDATED,1789017898662
2218704,3,PROCESSED,1789017901694
2218705,1,INITIATED,1789017893897
2218705,2,VALIDATED,1789017898657
2218705,3,REJECTED,1789017901741
2218706,1,INITIATED,1789017893897
2218706,2,VALIDATED,1789017898657
2218706,3,PROCESSED,1789017910051
2218707,1,INITIATED,1789017893903
2218707,2,VALIDATED,1789017898658
2218707,3,PROCESSED,1789017910050
2218708,1,INITIATED,1789017893903
2218708,2,VALIDATED,1789017894418
2218708,3,PROCESSED,1789017901645
2218709,1,INITIATED,1789017893898
2218709,2,VALIDATED,1789017900007
2218709,3,PROCESSED,1789017911263
2218710,1,INITIATED,1789017893904
2218710,2,VALIDATED,1789017900006
2218710,3,PROCESSED,1789017911270
2218711,1,INITIATED,1789017893898
2218711,2,VALIDATED,1789017900005
2218711,3,PROCESSED,1789017911271
2218712,1,INITIATED,1789017893898
2218712,2,VALIDATED,1789017898658
2218712,3,PROCESSED,1789017901744
2218713,1,INITIATED,1789017893904
2218713,2,VALIDATED,1789017901329
2218713,3,PROCESSED,1789017913051
2218714,1,INITIATED,1789017893899
2218714,2,VALIDATED,1789017898656
2218714,3,PROCESSED,1789017901740
2218715,1,INITIATED,1789017893899
2218715,2,VALIDATED,1789017899976
2218715,3,PROCESSED,1789017911258
2218716,1,INITIATED,1789017893903
2218716,2,VALIDATED,1789017898656
2218716,3,PROCESSED,1789017901740
2218717,1,INITIATED,1789017893900
2218717,2,VALIDATED,1789017901346
2218717,3,PROCESSED,1789017914589
2218718,1,INITIATED,1789017893900
2218718,2,VALIDATED,1789017900007
2218718,3,PROCESSED,1789017911271
2218719,1,INITIATED,1789017893901
2218719,2,VALIDATED,1789017901637
2218719,3,PROCESSED,1789017914593
2218720,1,INITIATED,1789017893901
2218720,2,VALIDATED,1789017899975
2218720,3,PROCESSED,1789017913046
2218721,1,INITIATED,1789017893903
2218721,2,VALIDATED,1789017899975
2218721,3,PROCESSED,1789017911256
2218722,1,INITIATED,1789017893902
2218722,2,VALIDATED,1789017900007
2218722,3,PROCESSED,1789017911419
2218723,1,INITIATED,1789017893902
2218723,2,VALIDATED,1789017898660
2218723,3,REJECTED,1789017910895
2218724,1,INITIATED,1789017893904
2218724,2,VALIDATED,1789017901328
2218724,3,REJECTED,1789017914443
2218725,1,INITIATED,1789017893902
2218725,2,VALIDATED,1789017900007
2218725,3,PROCESSED,1789017911425
2218726,1,INITIATED,1789017893948
2218726,2,VALIDATED,1789017900006
2218726,3,PROCESSED,1789017911273
2218727,1,INITIATED,1789017894413
2218727,2,VALIDATED,1789017900553
2218727,3,PROCESSED,1789017913551
2218728,1,INITIATED,1789017894412
2218728,2,VALIDATED,1789017900548
2218728,3,PROCESSED,1789017913423
2218729,1,INITIATED,1789017894414
2218729,2,VALIDATED,1789017900553
2218729,3,PROCESSED,1789017911426
2218730,1,INITIATED,1789017894414
2218730,2,VALIDATED,1789017900549
2218730,3,PROCESSED,1789017911426
2218731,1,INITIATED,1789017894411
2218731,2,VALIDATED,1789017900553
2218731,3,PROCESSED,1789017911909
2218732,1,INITIATED,1789017894412
2218732,2,VALIDATED,1789017899307
2218732,3,PROCESSED,1789017910272
2218733,1,INITIATED,1789017894410
2218733,2,VALIDATED,1789017900549
2218733,3,PROCESSED,1789017910060
2218734,1,INITIATED,1789017894418
2218734,2,VALIDATED,1789017900737
2218734,3,PROCESSED,1789017911914
2218735,1,INITIATED,1789017894415
2218735,2,VALIDATED,1789017899308
2218735,3,PROCESSED,1789017901722
2218736,1,INITIATED,1789017894410
2218736,2,VALIDATED,1789017900553
2218736,3,PROCESSED,1789017910226
2218737,1,INITIATED,1789017894410
2218737,2,VALIDATED,1789017900146
2218737,3,PROCESSED,1789017911423
2218738,1,INITIATED,1789017894413
2218738,2,VALIDATED,1789017900547
2218738,3,PROCESSED,1789017911426
2218739,1,INITIATED,1789017894416
2218739,2,VALIDATED,1789017901650
2218739,3,PROCESSED,1789017911914
2218740,1,INITIATED,1789017894416
2218740,2,VALIDATED,1789017900556
2218740,3,PROCESSED,1789017911914
2218741,1,INITIATED,1789017894413
2218741,2,VALIDATED,1789017898821
2218741,3,PROCESSED,1789017910056
2218742,1,INITIATED,1789017894410
2218742,2,VALIDATED,1789017900146
2218742,3,PROCESSED,1789017913421
2218743,1,INITIATED,1789017894412
2218743,2,VALIDATED,1789017900556
2218743,3,PROCESSED,1789017910275
2218744,1,INITIATED,1789017894415
2218744,2,VALIDATED,1789017900555
2218744,3,PROCESSED,1789017910217
2218745,1,INITIATED,1789017894411
2218745,2,VALIDATED,1789017901652
2218745,3,PROCESSED,1789017914950
2218746,1,INITIATED,1789017894418
2218746,2,VALIDATED,1789017901652
2218746,3,PROCESSED,1789017911915
2218747,1,INITIATED,1789017894419
2218747,2,VALIDATED,1789017901650
2218747,3,PROCESSED,1789017914947
2218748,1,INITIATED,1789017894417
2218748,2,VALIDATED,1789017899311
2218748,3,PROCESSED,1789017910715
2218749,1,INITIATED,1789017894428
2218749,2,VALIDATED,1789017900681
2218749,3,PROCESSED,1789017911910
2218750,1,INITIATED,1789017894428
2218750,2,VALIDATED,1789017899315
2218750,3,PROCESSED,1789017910274
2218751,1,INITIATED,1789017894552
2218751,2,VALIDATED,1789017901690
2218751,3,PROCESSED,1789017914949
2218752,1,INITIATED,1789017894551
2218752,2,VALIDATED,1789017899313
2218752,3,PROCESSED,1789017910716
2218753,1,INITIATED,1789017894552
2218753,2,VALIDATED,1789017900737
2218753,3,PROCESSED,1789017911914
2218754,1,INITIATED,1789017894553
2218754,2,VALIDATED,1789017900742
2218754,3,PROCESSED,1789017910713
2218755,1,INITIATED,1789017894558
2218755,2,VALIDATED,1789017900560
2218755,3,PROCESSED,1789017914948
2218756,1,INITIATED,1789017894554
2218756,2,VALIDATED,1789017901690
2218756,3,PROCESSED,1789017913901
2218757,1,INITIATED,1789017894555
2218757,2,VALIDATED,1789017900743
2218757,3,PROCESSED,1789017915081
2218758,1,INITIATED,1789017894555
2218758,2,VALIDATED,1789017900744
2218758,3,PROCESSED,1789017912058
2218759,1,INITIATED,1789017894556
2218759,2,VALIDATED,1789017900744
2218759,3,PROCESSED,1789017916554
2218760,1,INITIATED,1789017894556
2218760,2,VALIDATED,1789017901690
2218760,3,PROCESSED,1789017912059
2218761,1,INITIATED,1789017894556
2218761,2,VALIDATED,1789017900559
2218761,3,PROCESSED,1789017911915
2218762,1,INITIATED,1789017894557
2218762,2,VALIDATED,1789017901691
2218762,3,PROCESSED,1789017912057
2218763,1,INITIATED,1789017894557
2218763,2,VALIDATED,1789017901681
2218763,3,PROCESSED,1789017916156
2218764,1,INITIATED,1789017894559
2218764,2,VALIDATED,1789017900740
2218764,3,PROCESSED,1789017913903
2218765,1,INITIATED,1789017894558
2218765,2,VALIDATED,1789017900679
2218765,3,PROCESSED,1789017913560
2218766,1,INITIATED,1789017894559
2218766,2,VALIDATED,1789017900742
2218766,3,PROCESSED,1789017913904
2218767,1,INITIATED,1789017894559
2218767,2,VALIDATED,1789017899317
2218767,3,PROCESSED,1789017910714
2218768,1,INITIATED,1789017894569
2218768,2,VALIDATED,1789017900743
2218768,3,PROCESSED,1789017912061
2218769,1,INITIATED,1789017894569
2218769,2,VALIDATED,1789017900744
2218769,3,PROCESSED,1789017912060
2218770,1,INITIATED,1789017894608
2218770,2,VALIDATED,1789017899974
2218770,3,PROCESSED,1789017901743
2218771,1,INITIATED,1789017894960
2218771,2,VALIDATED,1789017901323
2218771,3,PROCESSED,1789017912925
2218772,1,INITIATED,1789017894958
2218772,2,VALIDATED,1789017901140
2218772,3,PROCESSED,1789017914055
2218773,1,INITIATED,1789017894963
2218773,2,VALIDATED,1789017901697
2218773,3,PROCESSED,1789017913901
2218774,1,INITIATED,1789017894962
2218774,2,VALIDATED,1789017901698
2218774,3,PROCESSED,1789017913900
2218775,1,INITIATED,1789017894960
2218775,2,VALIDATED,1789017901138
2218775,3,PROCESSED,1789017912060
2218776,1,INITIATED,1789017894957
2218776,2,VALIDATED,1789017901323
2218776,3,REJECTED,1789017911255
2218777,1,INITIATED,1789017894961
2218777,2,VALIDATED,1789017898822
2218777,3,PROCESSED,1789017910059
2218778,1,INITIATED,1789017894957
2218778,2,VALIDATED,1789017901718
2218778,3,PROCESSED,1789017914059
2218779,1,INITIATED,1789017894963
2218779,2,VALIDATED,1789017901142
2218779,3,PROCESSED,1789017914057
2218780,1,INITIATED,1789017894962
2218780,2,VALIDATED,1789017899979
2218780,3,PROCESSED,1789017911257
2218781,1,INITIATED,1789017894962
2218781,2,VALIDATED,1789017901145
2218781,3,PROCESSED,1789017912922
2218782,1,INITIATED,1789017894959
2218782,2,VALIDATED,1789017901698
2218782,3,PROCESSED,1789017914061
2218783,1,INITIATED,1789017894959
2218783,2,VALIDATED,1789017899979
2218783,3,REJECTED,1789017910897
2218784,1,INITIATED,1789017894962
2218784,2,VALIDATED,1789017901145
2218784,3,PROCESSED,1789017910855
2218785,1,INITIATED,1789017894958
2218785,2,VALIDATED,1789017901714
2218785,3,PROCESSED,1789017914061
2218786,1,INITIATED,1789017894958
2218786,2,VALIDATED,1789017901320
2218786,3,REJECTED,1789017910897
2218787,1,INITIATED,1789017894959
2218787,2,VALIDATED,1789017901698
2218787,3,PROCESSED,1789017913903
2218788,1,INITIATED,1789017894963
2218788,2,VALIDATED,1789017901142
2218788,3,PROCESSED,1789017914061
2218789,1,INITIATED,1789017894957
2218789,2,VALIDATED,1789017901323
2218789,3,PROCESSED,1789017915468
2218790,1,INITIATED,1789017894957
2218790,2,VALIDATED,1789017901716
2218790,3,PROCESSED,1789017912922
2218791,1,INITIATED,1789017894960
2218791,2,VALIDATED,1789017901143
2218791,3,PROCESSED,1789017912924
2218792,1,INITIATED,1789017894960
2218792,2,VALIDATED,1789017901144
2218792,3,PROCESSED,1789017910855
2218793,1,INITIATED,1789017894959
2218793,2,VALIDATED,1789017901698
2218793,3,PROCESSED,1789017913903
2218794,1,INITIATED,1789017894961
2218794,2,VALIDATED,1789017899977
2218794,3,PROCESSED,1789017901745
2218795,1,INITIATED,1789017894963
2218795,2,VALIDATED,1789017901146
2218795,3,PROCESSED,1789017910861
2218796,1,INITIATED,1789017894956
2218796,2,VALIDATED,1789017901144
2218796,3,PROCESSED,1789017912924
2218797,1,INITIATED,1789017894956
2218797,2,VALIDATED,1789017899454
2218797,3,PROCESSED,1789017912925
2218798,1,INITIATED,1789017894961
2218798,2,VALIDATED,1789017901143
2218798,3,PROCESSED,1789017912920
2218799,1,INITIATED,1789017894958
2218799,2,VALIDATED,1789017895106
2218799,3,PROCESSED,1789017901338
2218800,1,INITIATED,1789017894962
2218800,2,VALIDATED,1789017901698
2218800,3,PROCESSED,1789017913902
2218801,1,INITIATED,1789017894962
2218801,2,VALIDATED,1789017901698
2218801,3,PROCESSED,1789017912060
2218802,1,INITIATED,1789017894976
2218802,2,VALIDATED,1789017910209
2218802,3,PROCESSED,1789017915469
2218803,1,INITIATED,1789017895103
2218803,2,VALIDATED,1789017899977
2218803,3,PROCESSED,1789017911267
2218804,1,INITIATED,1789017895108
2218804,2,VALIDATED,1789017911908
2218804,3,PROCESSED,1789017916664
2218805,1,INITIATED,1789017895113
2218805,2,VALIDATED,1789017901724
2218805,3,PROCESSED,1789017914450
2218806,1,INITIATED,1789017895107
2218806,2,VALIDATED,1789017901723
2218806,3,PROCESSED,1789017914446
2218807,1,INITIATED,1789017895106
2218807,2,VALIDATED,1789017900125
2218807,3,PROCESSED,1789017911269
2218808,1,INITIATED,1789017895109
2218808,2,VALIDATED,1789017910274
2218808,3,PROCESSED,1789017914448
2218809,1,INITIATED,1789017895109
2218809,2,VALIDATED,1789017901328
2218809,3,PROCESSED,1789017913051
2218810,1,INITIATED,1789017895109
2218810,2,VALIDATED,1789017910225
2218810,3,PROCESSED,1789017914449
2218811,1,INITIATED,1789017895111
2218811,2,VALIDATED,1789017901327
2218811,3,PROCESSED,1789017911256
2218812,1,INITIATED,1789017895110
2218812,2,VALIDATED,1789017901718
2218812,3,PROCESSED,1789017914059
2218813,1,INITIATED,1789017895110
2218813,2,VALIDATED,1789017901330
2218813,3,PROCESSED,1789017911268
2218814,1,INITIATED,1789017895106
2218814,2,VALIDATED,1789017901346
2218814,3,PROCESSED,1789017914451
2218815,1,INITIATED,1789017895108
2218815,2,VALIDATED,1789017901347
2218815,3,PROCESSED,1789017911426
2218816,1,INITIATED,1789017895108
2218816,2,VALIDATED,1789017901721
2218816,3,PROCESSED,1789017914450
2218817,1,INITIATED,1789017895106
2218817,2,VALIDATED,1789017910273
2218817,3,PROCESSED,1789017915607
2218818,1,INITIATED,1789017895108
2218818,2,VALIDATED,1789017901329
2218818,3,PROCESSED,1789017914451
2218819,1,INITIATED,1789017895110
2218819,2,VALIDATED,1789017901330
2218819,3,PROCESSED,1789017913049
2218820,1,INITIATED,1789017895110
2218820,2,VALIDATED,1789017910213
2218820,3,PROCESSED,1789017915644
2218821,1,INITIATED,1789017895110
2218821,2,VALIDATED,1789017899978
2218821,3,PROCESSED,1789017901743
2218822,1,INITIATED,1789017895111
2218822,2,VALIDATED,1789017901346
2218822,3,PROCESSED,1789017914591
2218823,1,INITIATED,1789017895111
2218823,2,VALIDATED,1789017900126
2218823,3,PROCESSED,1789017913051
2218824,1,INITIATED,1789017895111
2218824,2,VALIDATED,1789017900007
2218824,3,PROCESSED,1789017916672
2218825,1,INITIATED,1789017895112
2218825,2,VALIDATED,1789017901723
2218825,3,PROCESSED,1789017915607
2218826,1,INITIATED,1789017895112
2218826,2,VALIDATED,1789017901638
2218826,3,PROCESSED,1789017914589
2218827,1,INITIATED,1789017895113
2218827,2,VALIDATED,1789017901639
2218827,3,PROCESSED,1789017911425
2218828,1,INITIATED,1789017895112
2218828,2,VALIDATED,1789017901637
2218828,3,PROCESSED,1789017913422
2218829,1,INITIATED,1789017895113
2218829,2,VALIDATED,1789017901330
2218829,3,PROCESSED,1789017913054
2218830,1,INITIATED,1789017895113
2218830,2,VALIDATED,1789017901329
2218830,3,PROCESSED,1789017915645
2218831,1,INITIATED,1789017895109
2218831,2,VALIDATED,1789017899975
2218831,3,PROCESSED,1789017901744
2218832,1,INITIATED,1789017895605
2218832,2,VALIDATED,1789017901638
2218832,3,PROCESSED,1789017913423
2218833,1,INITIATED,1789017895609
2218833,2,VALIDATED,1789017901638
2218833,3,PROCESSED,1789017911424
2218834,1,INITIATED,1789017895608
2218834,2,VALIDATED,1789017901642
2218834,3,PROCESSED,1789017913420
2218835,1,INITIATED,1789017895608
2218835,2,VALIDATED,1789017901639
2218835,3,PROCESSED,1789017911424
2218836,1,INITIATED,1789017895608
2218836,2,VALIDATED,1789017900548
2218836,3,PROCESSED,1789017915990
2218837,1,INITIATED,1789017895616
2218837,2,VALIDATED,1789017901733
2218837,3,PROCESSED,1789017913421
2218838,1,INITIATED,1789017895607
2218838,2,VALIDATED,1789017901639
2218838,3,PROCESSED,1789017914589
2218839,1,INITIATED,1789017895607
2218839,2,VALIDATED,1789017900555
2218839,3,PROCESSED,1789017911912
2218840,1,INITIATED,1789017895616
2218840,2,VALIDATED,1789017901643
2218840,3,PROCESSED,1789017913548
2218841,1,INITIATED,1789017895609
2218841,2,VALIDATED,1789017901651
2218841,3,PROCESSED,1789017913550
2218842,1,INITIATED,1789017895606
2218842,2,VALIDATED,1789017901729
2218842,3,PROCESSED,1789017913050
2218843,1,INITIATED,1789017895610
2218843,2,VALIDATED,1789017900551
2218843,3,PROCESSED,1789017914592
2218844,1,INITIATED,1789017895610
2218844,2,VALIDATED,1789017900554
2218844,3,PROCESSED,1789017911912
2218845,1,INITIATED,1789017895607
2218845,2,VALIDATED,1789017900553
2218845,3,PROCESSED,1789017913553
2218846,1,INITIATED,1789017895607
2218846,2,VALIDATED,1789017901639
2218846,3,PROCESSED,1789017915990
2218847,1,INITIATED,1789017895616
2218847,2,VALIDATED,1789017901640
2218847,3,PROCESSED,1789017914592
2218848,1,INITIATED,1789017895616
2218848,2,VALIDATED,1789017900555
2218848,3,PROCESSED,1789017911913
2218849,1,INITIATED,1789017895613
2218849,2,VALIDATED,1789017900552
2218849,3,PROCESSED,1789017911425
2218850,1,INITIATED,1789017895613
2218850,2,VALIDATED,1789017910855
2218850,3,PROCESSED,1789017914950
2218851,1,INITIATED,1789017895605
2218851,2,VALIDATED,1789017901639
2218851,3,PROCESSED,1789017911429
2218852,1,INITIATED,1789017895615
2218852,2,VALIDATED,1789017900552
2218852,3,PROCESSED,1789017911910
2218853,1,INITIATED,1789017895614
2218853,2,VALIDATED,1789017900552
2218853,3,PROCESSED,1789017911429
2218854,1,INITIATED,1789017895612
2218854,2,VALIDATED,1789017901650
2218854,3,PROCESSED,1789017911913
2218855,1,INITIATED,1789017895606
2218855,2,VALIDATED,1789017901638
2218855,3,PROCESSED,1789017914591
2218856,1,INITIATED,1789017895615
2218856,2,VALIDATED,1789017901639
2218856,3,PROCESSED,1789017911429
2218857,1,INITIATED,1789017895607
2218857,2,VALIDATED,1789017901642
2218857,3,PROCESSED,1789017911425
2218858,1,INITIATED,1789017895614
2218858,2,VALIDATED,1789017901734
2218858,3,PROCESSED,1789017914593
2218859,1,INITIATED,1789017895614
2218859,2,VALIDATED,1789017901643
2218859,3,PROCESSED,1789017913424
2218860,1,INITIATED,1789017895610
2218860,2,VALIDATED,1789017901638
2218860,3,PROCESSED,1789017914591
2218861,1,INITIATED,1789017895608
2218861,2,VALIDATED,1789017901734
2218861,3,PROCESSED,1789017913423
2218862,1,INITIATED,1789017895611
2218862,2,VALIDATED,1789017901652
2218862,3,PROCESSED,1789017913552
2218863,1,INITIATED,1789017895614
2218863,2,VALIDATED,1789017901639
2218863,3,PROCESSED,1789017914591
2218864,1,INITIATED,1789017895616
2218864,2,VALIDATED,1789017910709
2218864,3,PROCESSED,1789017914592
2218865,1,INITIATED,1789017895774
2218865,2,VALIDATED,1789017901689
2218865,3,PROCESSED,1789017916157
2218866,1,INITIATED,1789017895783
2218866,2,VALIDATED,1789017901681
2218866,3,PROCESSED,1789017930148
2218867,1,INITIATED,1789017895776
2218867,2,VALIDATED,1789017901692
2218867,3,PROCESSED,1789017913903
2218868,1,INITIATED,1789017895777
2218868,2,VALIDATED,1789017900742
2218868,3,PROCESSED,1789017912059
2218869,1,INITIATED,1789017895780
2218869,2,VALIDATED,1789017900737
2218869,3,PROCESSED,1789017912051
2218870,1,INITIATED,1789017895780
2218870,2,VALIDATED,1789017900559
2218870,3,PROCESSED,1789017911910
2218871,1,INITIATED,1789017895781
2218871,2,VALIDATED,1789017900742
2218871,3,PROCESSED,1789017913903
2218872,1,INITIATED,1789017895784
2218872,2,VALIDATED,1789017901692
2218872,3,PROCESSED,1789017912060
2218873,1,INITIATED,1789017895782
2218873,2,VALIDATED,1789017901742
2218873,3,PROCESSED,1789017913549
2218874,1,INITIATED,1789017895782
2218874,2,VALIDATED,1789017901653
2218874,3,PROCESSED,1789017913550
2218875,1,INITIATED,1789017895784
2218875,2,VALIDATED,1789017900559
2218875,3,PROCESSED,1789017913551
2218876,1,INITIATED,1789017895787
2218876,2,VALIDATED,1789017901681
2218876,3,PROCESSED,1789017914950
2218877,1,INITIATED,1789017895786
2218877,2,VALIDATED,1789017901653
2218877,3,PROCESSED,1789017911913
2218878,1,INITIATED,1789017895788
2218878,2,VALIDATED,1789017900741
2218878,3,PROCESSED,1789017912060
2218879,1,INITIATED,1789017895788
2218879,2,VALIDATED,1789017901691
2218879,3,PROCESSED,1789017913552
2218880,1,INITIATED,1789017895787
2218880,2,VALIDATED,1789017901691
2218880,3,PROCESSED,1789017913904
2218881,1,INITIATED,1789017895788
2218881,2,VALIDATED,1789017901690
2218881,3,PROCESSED,1789017913904
2218882,1,INITIATED,1789017895787
2218882,2,VALIDATED,1789017901653
2218882,3,PROCESSED,1789017913549
2218883,1,INITIATED,1789017895788
2218883,2,VALIDATED,1789017901683
2218883,3,PROCESSED,1789017914949
2218884,1,INITIATED,1789017895789
2218884,2,VALIDATED,1789017900680
2218884,3,PROCESSED,1789017911915
2218885,1,INITIATED,1789017895789
2218885,2,VALIDATED,1789017901690
2218885,3,PROCESSED,1789017916157
2218886,1,INITIATED,1789017895790
2218886,2,VALIDATED,1789017900560
2218886,3,PROCESSED,1789017911913
2218887,1,INITIATED,1789017895785
2218887,2,VALIDATED,1789017900738
2218887,3,PROCESSED,1789017911910
2218888,1,INITIATED,1789017895790
2218888,2,VALIDATED,1789017901652
2218888,3,PROCESSED,1789017913547
2218889,1,INITIATED,1789017895787
2218889,2,VALIDATED,1789017901744
2218889,3,PROCESSED,1789017915076
2218890,1,INITIATED,1789017896294
2218890,2,VALIDATED,1789017901718
2218890,3,PROCESSED,1789017915466
2218891,1,INITIATED,1789017896292
2218891,2,VALIDATED,1789017901719
2218891,3,PROCESSED,1789017912925
2218892,1,INITIATED,1789017896294
2218892,2,VALIDATED,1789017901140
2218892,3,PROCESSED,1789017912924
2218893,1,INITIATED,1789017896293
2218893,2,VALIDATED,1789017901145
2218893,3,PROCESSED,1789017910856
2218894,1,INITIATED,1789017896294
2218894,2,VALIDATED,1789017901718
2218894,3,PROCESSED,1789017914061
2218895,1,INITIATED,1789017896289
2218895,2,VALIDATED,1789017901697
2218895,3,PROCESSED,1789017912055
2218896,1,INITIATED,1789017896294
2218896,2,VALIDATED,1789017901698
2218896,3,PROCESSED,1789017914058
2218897,1,INITIATED,1789017896292
2218897,2,VALIDATED,1789017901145
2218897,3,PROCESSED,1789017910854
2218898,1,INITIATED,1789017896292
2218898,2,VALIDATED,1789017901145
2218898,3,PROCESSED,1789017914058
2218899,1,INITIATED,1789017896292
2218899,2,VALIDATED,1789017901714
2218899,3,PROCESSED,1789017915465
2218900,1,INITIATED,1789017896290
2218900,2,VALIDATED,1789017901717
2218900,3,REJECTED,1789017915123
2218901,1,INITIATED,1789017896289
2218901,2,VALIDATED,1789017901695
2218901,3,PROCESSED,1789017915081
2218902,1,INITIATED,1789017896291
2218902,2,VALIDATED,1789017901145
2218902,3,PROCESSED,1789017912922
2218903,1,INITIATED,1789017896288
2218903,2,VALIDATED,1789017901697
2218903,3,PROCESSED,1789017912926
2218904,1,INITIATED,1789017896289
2218904,2,VALIDATED,1789017901696
2218904,3,PROCESSED,1789017913905
2218905,1,INITIATED,1789017896293
2218905,2,VALIDATED,1789017901718
2218905,3,PROCESSED,1789017916566
2218906,1,INITIATED,1789017896287
2218906,2,VALIDATED,1789017901694
2218906,3,PROCESSED,1789017914058
2218907,1,INITIATED,1789017896288
2218907,2,VALIDATED,1789017901697
2218907,3,PROCESSED,1789017913903
2218908,1,INITIATED,1789017896291
2218908,2,VALIDATED,1789017901144
2218908,3,PROCESSED,1789017910856
2218909,1,INITIATED,1789017896291
2218909,2,VALIDATED,1789017901142
2218909,3,REJECTED,1789017910852
2218910,1,INITIATED,1789017896294
2218910,2,VALIDATED,1789017901718
2218910,3,PROCESSED,1789017916565
2218911,1,INITIATED,1789017896461
2218911,2,VALIDATED,1789017901326
2218911,3,PROCESSED,1789017913050
2218912,1,INITIATED,1789017896460
2218912,2,VALIDATED,1789017901716
2218912,3,PROCESSED,1789017912920
2218913,1,INITIATED,1789017896459
2218913,2,VALIDATED,1789017910703
2218913,3,PROCESSED,1789017916672
2218914,1,INITIATED,1789017896463
2218914,2,VALIDATED,1789017901324
2218914,3,PROCESSED,1789017913050
2218915,1,INITIATED,1789017896461
2218915,2,VALIDATED,1789017901328
2218915,3,PROCESSED,1789017912921
2218916,1,INITIATED,1789017896462
2218916,2,VALIDATED,1789017910210
2218916,3,PROCESSED,1789017915470
2218917,1,INITIATED,1789017896462
2218917,2,VALIDATED,1789017901330
2218917,3,PROCESSED,1789017911261
2218918,1,INITIATED,1789017896462
2218918,2,VALIDATED,1789017901330
2218918,3,PROCESSED,1789017914450
2218919,1,INITIATED,1789017896467
2218919,2,VALIDATED,1789017901324
2218919,3,PROCESSED,1789017914062
2218920,1,INITIATED,1789017896463
2218920,2,VALIDATED,1789017901330
2218920,3,PROCESSED,1789017914450
2218921,1,INITIATED,1789017896464
2218921,2,VALIDATED,1789017910715
2218921,3,PROCESSED,1789017914591
2218922,1,INITIATED,1789017896464
2218922,2,VALIDATED,1789017910225
2218922,3,PROCESSED,1789017914450
2218923,1,INITIATED,1789017896465
2218923,2,VALIDATED,1789017901328
2218923,3,PROCESSED,1789017913049
2218924,1,INITIATED,1789017896466
2218924,2,VALIDATED,1789017901724
2218924,3,PROCESSED,1789017913051
2218925,1,INITIATED,1789017896467
2218925,2,VALIDATED,1789017901724
2218925,3,PROCESSED,1789017915606
2218926,1,INITIATED,1789017896466
2218926,2,VALIDATED,1789017901723
2218926,3,PROCESSED,1789017914449
2218927,1,INITIATED,1789017896467
2218927,2,VALIDATED,1789017910273
2218927,3,PROCESSED,1789017916933
2218928,1,INITIATED,1789017896468
2218928,2,VALIDATED,1789017901723
2218928,3,PROCESSED,1789017913049
2218929,1,INITIATED,1789017896467
2218929,2,VALIDATED,1789017910211
2218929,3,PROCESSED,1789017914451
2218930,1,INITIATED,1789017896468
2218930,2,VALIDATED,1789017901331
2218930,3,PROCESSED,1789017911263
2218931,1,INITIATED,1789017896468
2218931,2,VALIDATED,1789017901324
2218931,3,REJECTED,1789017911254
2218932,1,INITIATED,1789017896468
2218932,2,VALIDATED,1789017901718
2218932,3,PROCESSED,1789017914062
2218933,1,INITIATED,1789017896468
2218933,2,VALIDATED,1789017901721
2218933,3,PROCESSED,1789017914441
2218934,1,INITIATED,1789017896468
2218934,2,VALIDATED,1789017910220
2218934,3,PROCESSED,1789017914451
2218935,1,INITIATED,1789017898659
2218935,2,VALIDATED,1789017911255
2218935,3,PROCESSED,1789017930146
2218936,1,INITIATED,1789017898657
2218936,2,VALIDATED,1789017901739
2218936,3,PROCESSED,1789017913552
2218937,1,INITIATED,1789017898655
2218937,2,VALIDATED,1789017901739
2218937,3,PROCESSED,1789017914949
2218938,1,INITIATED,1789017898663
2218938,2,VALIDATED,1789017901689
2218938,3,PROCESSED,1789017913901
2218939,1,INITIATED,1789017898663
2218939,2,VALIDATED,1789017901740
2218939,3,PROCESSED,1789017913551
2218940,1,INITIATED,1789017898661
2218940,2,VALIDATED,1789017901690
2218940,3,PROCESSED,1789017912059
2218941,1,INITIATED,1789017898655
2218941,2,VALIDATED,1789017901743
2218941,3,PROCESSED,1789017916154
2218942,1,INITIATED,1789017898663
2218942,2,VALIDATED,1789017901738
2218942,3,PROCESSED,1789017913560
2218943,1,INITIATED,1789017898655
2218943,2,VALIDATED,1789017901694
2218943,3,PROCESSED,1789017912924
2218944,1,INITIATED,1789017898660
2218944,2,VALIDATED,1789017901739
2218944,3,PROCESSED,1789017913552
2218945,1,INITIATED,1789017898655
2218945,2,VALIDATED,1789017901737
2218945,3,PROCESSED,1789017913560
2218946,1,INITIATED,1789017898656
2218946,2,VALIDATED,1789017901737
2218946,3,PROCESSED,1789017913550
2218947,1,INITIATED,1789017898660
2218947,2,VALIDATED,1789017901739
2218947,3,PROCESSED,1789017913552
2218948,1,INITIATED,1789017898658
2218948,2,VALIDATED,1789017901692
2218948,3,PROCESSED,1789017913904
2218949,1,INITIATED,1789017898663
2218949,2,VALIDATED,1789017901690
2218949,3,PROCESSED,1789017913903
2218950,1,INITIATED,1789017898660
2218950,2,VALIDATED,1789017911266
2218950,3,PROCESSED,1789017930058
2218951,1,INITIATED,1789017898662
2218951,2,VALIDATED,1789017901743
2218951,3,PROCESSED,1789017930147
2218952,1,INITIATED,1789017898664
2218952,2,VALIDATED,1789017901739
2218952,3,PROCESSED,1789017914947
2218953,1,INITIATED,1789017898664
2218953,2,VALIDATED,1789017901690
2218953,3,PROCESSED,1789017913552
2218954,1,INITIATED,1789017898664
2218954,2,VALIDATED,1789017901692
2218954,3,PROCESSED,1789017913904
2218955,1,INITIATED,1789017898664
2218955,2,VALIDATED,1789017910897
2218955,3,PROCESSED,1789017935240
2218956,1,INITIATED,1789017898664
2218956,2,VALIDATED,1789017901741
2218956,3,PROCESSED,1789017913552
2218957,1,INITIATED,1789017898675
2218957,2,VALIDATED,1789017901746
2218957,3,PROCESSED,1789017916562
2218958,1,INITIATED,1789017898675
2218958,2,VALIDATED,1789017901743
2218958,3,PROCESSED,1789017913552
2218959,1,INITIATED,1789017898676
2218959,2,VALIDATED,1789017901744
2218959,3,PROCESSED,1789017914949
2218960,1,INITIATED,1789017898676
2218960,2,VALIDATED,1789017901744
2218960,3,PROCESSED,1789017935237
2218961,1,INITIATED,1789017898817
2218961,2,VALIDATED,1789017901693
2218961,3,PROCESSED,1789017912060
2218962,1,INITIATED,1789017898822
2218962,2,VALIDATED,1789017910051
2218962,3,PROCESSED,1789017914060
2218963,1,INITIATED,1789017898817
2218963,2,VALIDATED,1789017910053
2218963,3,PROCESSED,1789017915469
2218964,1,INITIATED,1789017898818
2218964,2,VALIDATED,1789017910049
2218964,3,PROCESSED,1789017914059
2218965,1,INITIATED,1789017898818
2218965,2,VALIDATED,1789017910055
2218965,3,PROCESSED,1789017930785
2218966,1,INITIATED,1789017898820
2218966,2,VALIDATED,1789017910054
2218966,3,PROCESSED,1789017916564
2218967,1,INITIATED,1789017898819
2218967,2,VALIDATED,1789017910049
2218967,3,PROCESSED,1789017915121
2218968,1,INITIATED,1789017898819
2218968,2,VALIDATED,1789017901692
2218968,3,PROCESSED,1789017913903
2218969,1,INITIATED,1789017898822
2218969,2,VALIDATED,1789017910055
2218969,3,PROCESSED,1789017916567
2218970,1,INITIATED,1789017898819
2218970,2,VALIDATED,1789017910056
2218970,3,PROCESSED,1789017915467
2218971,1,INITIATED,1789017898822
2218971,2,VALIDATED,1789017910057
2218971,3,PROCESSED,1789017914060
2218972,1,INITIATED,1789017898821
2218972,2,VALIDATED,1789017910053
2218972,3,PROCESSED,1789017914058
2218973,1,INITIATED,1789017898822
2218973,2,VALIDATED,1789017910056
2218973,3,PROCESSED,1789017916571
2218974,1,INITIATED,1789017898822
2218974,2,VALIDATED,1789017910055
2218974,3,PROCESSED,1789017930780
2218975,1,INITIATED,1789017898822
2218975,2,VALIDATED,1789017910050
2218975,3,PROCESSED,1789017916564
2218976,1,INITIATED,1789017898823
2218976,2,VALIDATED,1789017910053
2218976,3,PROCESSED,1789017916563
2218977,1,INITIATED,1789017898824
2218977,2,VALIDATED,1789017910052
2218977,3,PROCESSED,1789017914059
2218978,1,INITIATED,1789017898824
2218978,2,VALIDATED,1789017910054
2218978,3,PROCESSED,1789017914060
2218979,1,INITIATED,1789017898823
2218979,2,VALIDATED,1789017914586
2218979,3,PROCESSED,1789017917068
2218980,1,INITIATED,1789017898824
2218980,2,VALIDATED,1789017901745
2218980,3,PROCESSED,1789017913551
2218981,1,INITIATED,1789017898824
2218981,2,VALIDATED,1789017911423
2218981,3,PROCESSED,1789017916555
2218982,1,INITIATED,1789017898825
2218982,2,VALIDATED,1789017901698
2218982,3,PROCESSED,1789017913902
2218983,1,INITIATED,1789017898821
2218983,2,VALIDATED,1789017910051
2218983,3,PROCESSED,1789017915468
2218984,1,INITIATED,1789017898825
2218984,2,VALIDATED,1789017901746
2218984,3,PROCESSED,1789017916558
2218985,1,INITIATED,1789017898825
2218985,2,VALIDATED,1789017911418
2218985,3,PROCESSED,1789017916553
2218986,1,INITIATED,1789017898825
2218986,2,VALIDATED,1789017910052
2218986,3,PROCESSED,1789017915469
2218987,1,INITIATED,1789017898826
2218987,2,VALIDATED,1789017910052
2218987,3,PROCESSED,1789017914059
2218988,1,INITIATED,1789017898825
2218988,2,VALIDATED,1789017901697
2218988,3,PROCESSED,1789017912924
2218989,1,INITIATED,1789017898826
2218989,2,VALIDATED,1789017910053
2218989,3,PROCESSED,1789017914059
2218990,1,INITIATED,1789017898826
2218990,2,VALIDATED,1789017910050
2218990,3,PROCESSED,1789017914060
2218991,1,INITIATED,1789017899305
2218991,2,VALIDATED,1789017901717
2218991,3,REJECTED,1789017916563
2218992,1,INITIATED,1789017899307
2218992,2,VALIDATED,1789017901720
2218992,3,REJECTED,1789017914073
2218993,1,INITIATED,1789017899315
2218993,2,VALIDATED,1789017910272
2218993,3,REJECTED,1789017914445
2218994,1,INITIATED,1789017899308
2218994,2,VALIDATED,1789017910220
2218994,3,PROCESSED,1789017914450
2218995,1,INITIATED,1789017899313
2218995,2,VALIDATED,1789017910717
2218995,3,PROCESSED,1789017915987
2218996,1,INITIATED,1789017899310
2218996,2,VALIDATED,1789017910710
2218996,3,PROCESSED,1789017914592
2218997,1,INITIATED,1789017899311
2218997,2,VALIDATED,1789017910706
2218997,3,PROCESSED,1789017914591
2218998,1,INITIATED,1789017899315
2218998,2,VALIDATED,1789017910716
2218998,3,PROCESSED,1789017915645
2218999,1,INITIATED,1789017899308
2218999,2,VALIDATED,1789017911903
2218999,3,PROCESSED,1789017916933
2219000,1,INITIATED,1789017899306
2219000,2,VALIDATED,1789017901720
2219000,3,PROCESSED,1789017914444
2219001,1,INITIATED,1789017899309
2219001,2,VALIDATED,1789017901723
2219001,3,PROCESSED,1789017913051
2219002,1,INITIATED,1789017899311
2219002,2,VALIDATED,1789017910717
2219002,3,PROCESSED,1789017914593
2219003,1,INITIATED,1789017899312
2219003,2,VALIDATED,1789017912055
2219003,3,PROCESSED,1789017916930
2219004,1,INITIATED,1789017899306
2219004,2,VALIDATED,1789017901719
2219004,3,PROCESSED,1789017914444
2219005,1,INITIATED,1789017899316
2219005,2,VALIDATED,1789017901723
2219005,3,PROCESSED,1789017914450
2219006,1,INITIATED,1789017899307
2219006,2,VALIDATED,1789017910225
2219006,3,PROCESSED,1789017915606
2219007,1,INITIATED,1789017899316
2219007,2,VALIDATED,1789017901726
2219007,3,REJECTED,1789017915469
2219008,1,INITIATED,1789017899307
2219008,2,VALIDATED,1789017901721
2219008,3,PROCESSED,1789017914446
2219009,1,INITIATED,1789017899309
2219009,2,VALIDATED,1789017911905
2219009,3,PROCESSED,1789017916672
2219010,1,INITIATED,1789017899310
2219010,2,VALIDATED,1789017910715
2219010,3,PROCESSED,1789017914593
2219011,1,INITIATED,1789017899307
2219011,2,VALIDATED,1789017901716
2219011,3,PROCESSED,1789017912922
2219012,1,INITIATED,1789017899310
2219012,2,VALIDATED,1789017910709
2219012,3,PROCESSED,1789017914592
2219013,1,INITIATED,1789017899310
2219013,2,VALIDATED,1789017910712
2219013,3,PROCESSED,1789017914592
2219014,1,INITIATED,1789017899315
2219014,2,VALIDATED,1789017910714
2219014,3,PROCESSED,1789017915993
2219015,1,INITIATED,1789017899316
2219015,2,VALIDATED,1789017901726
2219015,3,PROCESSED,1789017914451
2219016,1,INITIATED,1789017899316
2219016,2,VALIDATED,1789017910226
2219016,3,PROCESSED,1789017914448
2219017,1,INITIATED,1789017899317
2219017,2,VALIDATED,1789017910219
2219017,3,PROCESSED,1789017932359
2219018,1,INITIATED,1789017899317
2219018,2,VALIDATED,1789017910273
2219018,3,PROCESSED,1789017915647
2219019,1,INITIATED,1789017899317
2219019,2,VALIDATED,1789017912049
2219019,3,PROCESSED,1789017915646
2219020,1,INITIATED,1789017899317
2219020,2,VALIDATED,1789017910226
2219020,3,PROCESSED,1789017914451
2219021,1,INITIATED,1789017899317
2219021,2,VALIDATED,1789017910714
2219021,3,PROCESSED,1789017916934
2219022,1,INITIATED,1789017899319
2219022,2,VALIDATED,1789017910220
2219022,3,REJECTED,1789017914442
2219023,1,INITIATED,1789017899450
2219023,2,VALIDATED,1789017910717
2219023,3,PROCESSED,1789017915992
2219024,1,INITIATED,1789017899451
2219024,2,VALIDATED,1789017910717
2219024,3,PROCESSED,1789017916935
2219025,1,INITIATED,1789017899450
2219025,2,VALIDATED,1789017901731
2219025,3,PROCESSED,1789017913421
2219026,1,INITIATED,1789017899453
2219026,2,VALIDATED,1789017910717
2219026,3,PROCESSED,1789017916935
2219027,1,INITIATED,1789017899454
2219027,2,VALIDATED,1789017910846
2219027,3,PROCESSED,1789017915990
2219028,1,INITIATED,1789017899454
2219028,2,VALIDATED,1789017910852
2219028,3,PROCESSED,1789017914946
2219029,1,INITIATED,1789017899458
2219029,2,VALIDATED,1789017910716
2219029,3,PROCESSED,1789017914451
2219030,1,INITIATED,1789017899455
2219030,2,VALIDATED,1789017910850
2219030,3,PROCESSED,1789017914950
2219031,1,INITIATED,1789017899459
2219031,2,VALIDATED,1789017912919
2219031,3,PROCESSED,1789017916158
2219032,1,INITIATED,1789017899456
2219032,2,VALIDATED,1789017901735
2219032,3,PROCESSED,1789017915991
2219033,1,INITIATED,1789017899457
2219033,2,VALIDATED,1789017910708
2219033,3,PROCESSED,1789017915992
2219034,1,INITIATED,1789017899457
2219034,2,VALIDATED,1789017910850
2219034,3,PROCESSED,1789017915992
2219035,1,INITIATED,1789017899459
2219035,2,VALIDATED,1789017910846
2219035,3,PROCESSED,1789017914950
2219036,1,INITIATED,1789017899457
2219036,2,VALIDATED,1789017910714
2219036,3,PROCESSED,1789017915989
2219037,1,INITIATED,1789017899458
2219037,2,VALIDATED,1789017910850
2219037,3,PROCESSED,1789017915992
2219038,1,INITIATED,1789017899458
2219038,2,VALIDATED,1789017910848
2219038,3,PROCESSED,1789017915991
2219039,1,INITIATED,1789017899458
2219039,2,VALIDATED,1789017910851
2219039,3,PROCESSED,1789017915992
2219040,1,INITIATED,1789017899460
2219040,2,VALIDATED,1789017910852
2219040,3,PROCESSED,1789017915993
2219041,1,INITIATED,1789017899458
2219041,2,VALIDATED,1789017910855
2219041,3,PROCESSED,1789017914948
2219042,1,INITIATED,1789017899459
2219042,2,VALIDATED,1789017910849
2219042,3,PROCESSED,1789017914949
2219043,1,INITIATED,1789017899460
2219043,2,VALIDATED,1789017901734
2219043,3,PROCESSED,1789017915992
2219044,1,INITIATED,1789017899460
2219044,2,VALIDATED,1789017901729
2219044,3,PROCESSED,1789017915990
2219045,1,INITIATED,1789017899460
2219045,2,VALIDATED,1789017910712
2219045,3,PROCESSED,1789017915993
2219046,1,INITIATED,1789017899467
2219046,2,VALIDATED,1789017901733
2219046,3,REJECTED,1789017913417
2219047,1,INITIATED,1789017899467
2219047,2,VALIDATED,1789017912918
2219047,3,PROCESSED,1789017916157
2219048,1,INITIATED,1789017899467
2219048,2,VALIDATED,1789017901736
2219048,3,PROCESSED,1789017914948
2219049,1,INITIATED,1789017899467
2219049,2,VALIDATED,1789017912919
2219049,3,PROCESSED,1789017916158
2219050,1,INITIATED,1789017899977
2219050,2,VALIDATED,1789017911257
2219050,3,PROCESSED,1789017916551
2219051,1,INITIATED,1789017899972
2219051,2,VALIDATED,1789017901737
2219051,3,PROCESSED,1789017914592
2219052,1,INITIATED,1789017899974
2219052,2,VALIDATED,1789017911262
2219052,3,PROCESSED,1789017930058
2219053,1,INITIATED,1789017899978
2219053,2,VALIDATED,1789017901743
2219053,3,PROCESSED,1789017913552
2219054,1,INITIATED,1789017899971
2219054,2,VALIDATED,1789017910854
2219054,3,PROCESSED,1789017916153
2219055,1,INITIATED,1789017899971
2219055,2,VALIDATED,1789017912918
2219055,3,PROCESSED,1789017934259
2219056,1,INITIATED,1789017899978
2219056,2,VALIDATED,1789017901739
2219056,3,PROCESSED,1789017913560
2219057,1,INITIATED,1789017899984
2219057,2,VALIDATED,1789017913050
2219057,3,PROCESSED,1789017916156
2219058,1,INITIATED,1789017899984
2219058,2,VALIDATED,1789017913046
2219058,3,PROCESSED,1789017935236
2219059,1,INITIATED,1789017899985
2219059,2,VALIDATED,1789017911267
2219059,3,PROCESSED,1789017930204
2219060,1,INITIATED,1789017899985
2219060,2,VALIDATED,1789017911256
2219060,3,PROCESSED,1789017916551
2219061,1,INITIATED,1789017899984
2219061,2,VALIDATED,1789017910894
2219061,3,PROCESSED,1789017930058
2219062,1,INITIATED,1789017900004
2219062,2,VALIDATED,1789017901650
2219062,3,PROCESSED,1789017911913
2219063,1,INITIATED,1789017900004
2219063,2,VALIDATED,1789017911418
2219063,3,PROCESSED,1789017916555
2219064,1,INITIATED,1789017900007
2219064,2,VALIDATED,1789017911268
2219064,3,PROCESSED,1789017916555
2219065,1,INITIATED,1789017900005
2219065,2,VALIDATED,1789017911413
2219065,3,PROCESSED,1789017915081
2219066,1,INITIATED,1789017900005
2219066,2,VALIDATED,1789017911259
2219066,3,PROCESSED,1789017915081
2219067,1,INITIATED,1789017900007
2219067,2,VALIDATED,1789017913419
2219067,3,PROCESSED,1789017937690
2219068,1,INITIATED,1789017900125
2219068,2,VALIDATED,1789017910050
2219068,3,REJECTED,1789017915123
2219069,1,INITIATED,1789017900126
2219069,2,VALIDATED,1789017911267
2219069,3,PROCESSED,1789017915081
2219070,1,INITIATED,1789017900127
2219070,2,VALIDATED,1789017911421
2219070,3,PROCESSED,1789017916557
2219071,1,INITIATED,1789017900127
2219071,2,VALIDATED,1789017911270
2219071,3,PROCESSED,1789017915081
2219072,1,INITIATED,1789017900128
2219072,2,VALIDATED,1789017910051
2219072,3,PROCESSED,1789017915468
2219073,1,INITIATED,1789017900128
2219073,2,VALIDATED,1789017911418
2219073,3,PROCESSED,1789017916557
2219074,1,INITIATED,1789017900128
2219074,2,VALIDATED,1789017911417
2219074,3,PROCESSED,1789017930204
2219075,1,INITIATED,1789017900128
2219075,2,VALIDATED,1789017911413
2219075,3,PROCESSED,1789017916562
2219076,1,INITIATED,1789017900550
2219076,2,VALIDATED,1789017910058
2219076,3,PROCESSED,1789017914056
2219077,1,INITIATED,1789017900546
2219077,2,VALIDATED,1789017911421
2219077,3,PROCESSED,1789017916561
2219078,1,INITIATED,1789017900546
2219078,2,VALIDATED,1789017911420
2219078,3,PROCESSED,1789017930146
2219079,1,INITIATED,1789017900546
2219079,2,VALIDATED,1789017913423
2219079,3,PROCESSED,1789017930778
2219080,1,INITIATED,1789017900546
2219080,2,VALIDATED,1789017910049
2219080,3,PROCESSED,1789017915463
2219081,1,INITIATED,1789017900554
2219081,2,VALIDATED,1789017913548
2219081,3,PROCESSED,1789017931266
2219082,1,INITIATED,1789017900551
2219082,2,VALIDATED,1789017911902
2219082,3,PROCESSED,1789017915467
2219083,1,INITIATED,1789017900556
2219083,2,VALIDATED,1789017911907
2219083,3,PROCESSED,1789017916671
2219084,1,INITIATED,1789017900557
2219084,2,VALIDATED,1789017911905
2219084,3,PROCESSED,1789017916671
2219085,1,INITIATED,1789017900557
2219085,2,VALIDATED,1789017916149
2219085,3,PROCESSED,1789017937451
2219086,1,INITIATED,1789017900559
2219086,2,VALIDATED,1789017913545
2219086,3,PROCESSED,1789017931264
2219087,1,INITIATED,1789017900559
2219087,2,VALIDATED,1789017910226
2219087,3,PROCESSED,1789017916930
2219088,1,INITIATED,1789017900679
2219088,2,VALIDATED,1789017914945
2219088,3,PROCESSED,1789017935241
2219089,1,INITIATED,1789017900740
2219089,2,VALIDATED,1789017912057
2219089,3,PROCESSED,1789017916930
2219090,1,INITIATED,1789017900739
2219090,2,VALIDATED,1789017911905
2219090,3,PROCESSED,1789017916929
2219091,1,INITIATED,1789017900744
2219091,2,VALIDATED,1789017930181
2219091,3,PROCESSED,1789017938085
2219092,1,INITIATED,1789017900743
2219092,2,VALIDATED,1789017912051
2219092,3,PROCESSED,1789017915645
2219093,1,INITIATED,1789017900745
2219093,2,VALIDATED,1789017912052
2219093,3,PROCESSED,1789017915607
2219094,1,INITIATED,1789017900745
2219094,2,VALIDATED,1789017910715
2219094,3,PROCESSED,1789017916671
2219095,1,INITIATED,1789017900745
2219095,2,VALIDATED,1789017913897
2219095,3,PROCESSED,1789017937354
2219096,1,INITIATED,1789017900745
2219096,2,VALIDATED,1789017912052
2219096,3,PROCESSED,1789017915645
2219097,1,INITIATED,1789017900745
2219097,2,VALIDATED,1789017912053
2219097,3,REJECTED,1789017916931
2219098,1,INITIATED,1789017901144
2219098,2,VALIDATED,1789017915122
2219098,3,PROCESSED,1789017936772
2219099,1,INITIATED,1789017901136
2219099,2,VALIDATED,1789017910850
2219099,3,PROCESSED,1789017914950
2219100,1,INITIATED,1789017901136
2219100,2,VALIDATED,1789017912052
2219100,3,PROCESSED,1789017915646
2219101,1,INITIATED,1789017901144
2219101,2,VALIDATED,1789017912918
2219101,3,PROCESSED,1789017934259
2219102,1,INITIATED,1789017901144
2219102,2,VALIDATED,1789017910853
2219102,3,PROCESSED,1789017914950
2219103,1,INITIATED,1789017901144
2219103,2,VALIDATED,1789017914054
2219103,3,PROCESSED,1789017916935
2219104,1,INITIATED,1789017901143
2219104,2,VALIDATED,1789017910854
2219104,3,PROCESSED,1789017914948
2219105,1,INITIATED,1789017901328
2219105,2,VALIDATED,1789017912917
2219105,3,REJECTED,1789017917081
2219106,1,INITIATED,1789017901329
2219106,2,VALIDATED,1789017913045
2219106,3,PROCESSED,1789017916158
2219107,1,INITIATED,1789017901346
2219107,2,VALIDATED,1789017913090
2219107,3,PROCESSED,1789017937690
2219108,1,INITIATED,1789017901346
2219108,2,VALIDATED,1789017913420
2219108,3,PROCESSED,1789017916565
2219109,1,INITIATED,1789017901346
2219109,2,VALIDATED,1789017913421
2219109,3,PROCESSED,1789017937689
2219110,1,INITIATED,1789017901346
2219110,2,VALIDATED,1789017911267
2219110,3,PROCESSED,1789017916561
2219111,1,INITIATED,1789017901347
2219111,2,VALIDATED,1789017911418
2219111,3,PROCESSED,1789017930053
2219112,1,INITIATED,1789017901347
2219112,2,VALIDATED,1789017914585
2219112,3,PROCESSED,1789017934259
2219113,1,INITIATED,1789017901636
2219113,2,VALIDATED,1789017913422
2219113,3,PROCESSED,1789017930202
2219114,1,INITIATED,1789017901636
2219114,2,VALIDATED,1789017913423
2219114,3,PROCESSED,1789017937690
2219115,1,INITIATED,1789017901636
2219115,2,VALIDATED,1789017914446
2219115,3,PROCESSED,1789017934282
2219116,1,INITIATED,1789017901635
2219116,2,VALIDATED,1789017911418
2219116,3,PROCESSED,1789017916561
2219117,1,INITIATED,1789017901637
2219117,2,VALIDATED,1789017914588
2219117,3,PROCESSED,1789017930056
2219118,1,INITIATED,1789017901637
2219118,2,VALIDATED,1789017913423
2219118,3,PROCESSED,1789017930767
2219119,1,INITIATED,1789017901637
2219119,2,VALIDATED,1789017913422
2219119,3,PROCESSED,1789017930786
2219120,1,INITIATED,1789017901635
2219120,2,VALIDATED,1789017913417
2219120,3,PROCESSED,1789017930178
2219121,1,INITIATED,1789017901642
2219121,2,VALIDATED,1789017915990
2219121,3,PROCESSED,1789017937455
2219122,1,INITIATED,1789017901653
2219122,2,VALIDATED,1789017930051
2219122,3,PROCESSED,1789017942310
2219123,1,INITIATED,1789017901650
2219123,2,VALIDATED,1789017911905
2219123,3,PROCESSED,1789017931278
2219124,1,INITIATED,1789017901650
2219124,2,VALIDATED,1789017911908
2219124,3,PROCESSED,1789017931276
2219125,1,INITIATED,1789017901650
2219125,2,VALIDATED,1789017914945
2219125,3,PROCESSED,1789017935241
2219126,1,INITIATED,1789017901651
2219126,2,VALIDATED,1789017913546
2219126,3,PROCESSED,1789017931270
2219127,1,INITIATED,1789017901651
2219127,2,VALIDATED,1789017914946
2219127,3,PROCESSED,1789017935241
2219128,1,INITIATED,1789017901652
2219128,2,VALIDATED,1789017911906
2219128,3,PROCESSED,1789017931276
2219129,1,INITIATED,1789017901652
2219129,2,VALIDATED,1789017911906
2219129,3,PROCESSED,1789017916930
2219130,1,INITIATED,1789017901689
2219130,2,VALIDATED,1789017913561
2219130,3,PROCESSED,1789017931272
2219131,1,INITIATED,1789017901692
2219131,2,VALIDATED,1789017915078
2219131,3,PROCESSED,1789017938109
2219132,1,INITIATED,1789017901692
2219132,2,VALIDATED,1789017912053
2219132,3,PROCESSED,1789017915645
2219133,1,INITIATED,1789017901693
2219133,2,VALIDATED,1789017914049
2219133,3,PROCESSED,1789017932362
2219134,1,INITIATED,1789017901693
2219134,2,VALIDATED,1789017912052
2219134,3,PROCESSED,1789017916934
2219135,1,INITIATED,1789017901696
2219135,2,VALIDATED,1789017915121
2219135,3,PROCESSED,1789017937690
2219136,1,INITIATED,1789017901696
2219136,2,VALIDATED,1789017914054
2219136,3,PROCESSED,1789017932362
2219137,1,INITIATED,1789017901696
2219137,2,VALIDATED,1789017914049
2219137,3,PROCESSED,1789017932360
2219138,1,INITIATED,1789017901697
2219138,2,VALIDATED,1789017916550
2219138,3,PROCESSED,1789017937688
2219139,1,INITIATED,1789017901699
2219139,2,VALIDATED,1789017915079
2219139,3,PROCESSED,1789017935663
2219140,1,INITIATED,1789017901715
2219140,2,VALIDATED,1789017912917
2219140,3,PROCESSED,1789017916158
2219141,1,INITIATED,1789017901715
2219141,2,VALIDATED,1789017914051
2219141,3,PROCESSED,1789017932361
2219142,1,INITIATED,1789017901717
2219142,2,VALIDATED,1789017916561
2219142,3,PROCESSED,1789017937818
2219143,1,INITIATED,1789017901716
2219143,2,VALIDATED,1789017915122
2219143,3,REJECTED,1789017936768
2219144,1,INITIATED,1789017901717
2219144,2,VALIDATED,1789017915466
2219144,3,REJECTED,1789017932357
2219145,1,INITIATED,1789017901717
2219145,2,VALIDATED,1789017912916
2219145,3,REJECTED,1789017937778
2219146,1,INITIATED,1789017901720
2219146,2,VALIDATED,1789017914057
2219146,3,REJECTED,1789017937117
2219147,1,INITIATED,1789017901723
2219147,2,VALIDATED,1789017914445
2219147,3,PROCESSED,1789017937355
2219148,1,INITIATED,1789017901724
2219148,2,VALIDATED,1789017914442
2219148,3,PROCESSED,1789017917066
2219149,1,INITIATED,1789017901724
2219149,2,VALIDATED,1789017913046
2219149,3,PROCESSED,1789017935240
2219150,1,INITIATED,1789017901724
2219150,2,VALIDATED,1789017913044
2219150,3,PROCESSED,1789017916155
2219151,1,INITIATED,1789017901724
2219151,2,VALIDATED,1789017914444
2219151,3,PROCESSED,1789017934259
2219152,1,INITIATED,1789017901726
2219152,2,VALIDATED,1789017913047
2219152,3,PROCESSED,1789017935240
2219153,1,INITIATED,1789017901726
2219153,2,VALIDATED,1789017915595
2219153,3,PROCESSED,1789017937765
2219154,1,INITIATED,1789017901726
2219154,2,VALIDATED,1789017914444
2219154,3,PROCESSED,1789017917067
2219155,1,INITIATED,1789017901728
2219155,2,VALIDATED,1789017913045
2219155,3,PROCESSED,1789017915993
2219156,1,INITIATED,1789017901727
2219156,2,VALIDATED,1789017913045
2219156,3,PROCESSED,1789017937453
2219157,1,INITIATED,1789017901728
2219157,2,VALIDATED,1789017913044
2219157,3,PROCESSED,1789017916155
2219158,1,INITIATED,1789017901727
2219158,2,VALIDATED,1789017913047
2219158,3,PROCESSED,1789017935239
2219159,1,INITIATED,1789017901727
2219159,2,VALIDATED,1789017913044
2219159,3,PROCESSED,1789017916158
2219160,1,INITIATED,1789017901727
2219160,2,VALIDATED,1789017914443
2219160,3,PROCESSED,1789017917067
2219161,1,INITIATED,1789017901728
2219161,2,VALIDATED,1789017914443
2219161,3,PROCESSED,1789017917068
2219162,1,INITIATED,1789017901728
2219162,2,VALIDATED,1789017913049
2219162,3,PROCESSED,1789017916157
2219163,1,INITIATED,1789017901728
2219163,2,VALIDATED,1789017913046
2219163,3,PROCESSED,1789017937457
2219164,1,INITIATED,1789017901728
2219164,2,VALIDATED,1789017914447
2219164,3,PROCESSED,1789017934259
2219165,1,INITIATED,1789017901732
2219165,2,VALIDATED,1789017913423
2219165,3,PROCESSED,1789017930200
2219166,1,INITIATED,1789017901728
2219166,2,VALIDATED,1789017913421
2219166,3,PROCESSED,1789017931268
2219167,1,INITIATED,1789017901731
2219167,2,VALIDATED,1789017913422
2219167,3,PROCESSED,1789017930782
2219168,1,INITIATED,1789017901730
2219168,2,VALIDATED,1789017913421
2219168,3,PROCESSED,1789017930781
2219169,1,INITIATED,1789017901733
2219169,2,VALIDATED,1789017913090
2219169,3,PROCESSED,1789017930774
2219170,1,INITIATED,1789017901731
2219170,2,VALIDATED,1789017915985
2219170,3,PROCESSED,1789017937442
2219171,1,INITIATED,1789017901730
2219171,2,VALIDATED,1789017914582
2219171,3,PROCESSED,1789017917068
2219172,1,INITIATED,1789017901731
2219172,2,VALIDATED,1789017914582
2219172,3,PROCESSED,1789017935240
2219173,1,INITIATED,1789017901733
2219173,2,VALIDATED,1789017915989
2219173,3,PROCESSED,1789017938103
2219174,1,INITIATED,1789017901731
2219174,2,VALIDATED,1789017913088
2219174,3,PROCESSED,1789017935241
2219175,1,INITIATED,1789017901731
2219175,2,VALIDATED,1789017913420
2219175,3,PROCESSED,1789017930782
2219176,1,INITIATED,1789017901732
2219176,2,VALIDATED,1789017914586
2219176,3,PROCESSED,1789017937786
2219177,1,INITIATED,1789017901733
2219177,2,VALIDATED,1789017914582
2219177,3,PROCESSED,1789017937789
2219178,1,INITIATED,1789017901732
2219178,2,VALIDATED,1789017913418
2219178,3,PROCESSED,1789017937688
2219179,1,INITIATED,1789017901734
2219179,2,VALIDATED,1789017913421
2219179,3,PROCESSED,1789017937689
2219180,1,INITIATED,1789017901734
2219180,2,VALIDATED,1789017915986
2219180,3,PROCESSED,1789017941280
2219181,1,INITIATED,1789017901733
2219181,2,VALIDATED,1789017913422
2219181,3,PROCESSED,1789017916566
2219182,1,INITIATED,1789017901735
2219182,2,VALIDATED,1789017913418
2219182,3,PROCESSED,1789017930771
2219183,1,INITIATED,1789017901736
2219183,2,VALIDATED,1789017914589
2219183,3,PROCESSED,1789017917068
2219184,1,INITIATED,1789017901736
2219184,2,VALIDATED,1789017915988
2219184,3,PROCESSED,1789017937794
2219185,1,INITIATED,1789017901735
2219185,2,VALIDATED,1789017914588
2219185,3,PROCESSED,1789017930056
2219186,1,INITIATED,1789017901736
2219186,2,VALIDATED,1789017914945
2219186,3,PROCESSED,1789017935241
2219187,1,INITIATED,1789017901737
2219187,2,VALIDATED,1789017913423
2219187,3,PROCESSED,1789017930785
2219188,1,INITIATED,1789017901739
2219188,2,VALIDATED,1789017914944
2219188,3,PROCESSED,1789017930771
2219189,1,INITIATED,1789017901738
2219189,2,VALIDATED,1789017913544
2219189,3,PROCESSED,1789017931271
2219190,1,INITIATED,1789017901741
2219190,2,VALIDATED,1789017913544
2219190,3,PROCESSED,1789017931269
2219191,1,INITIATED,1789017901745
2219191,2,VALIDATED,1789017916151
2219191,3,PROCESSED,1789017937797
2219192,1,INITIATED,1789017901742
2219192,2,VALIDATED,1789017916154
2219192,3,PROCESSED,1789017937456
2219193,1,INITIATED,1789017901742
2219193,2,VALIDATED,1789017913545
2219193,3,PROCESSED,1789017931273
2219194,1,INITIATED,1789017901745
2219194,2,VALIDATED,1789017915118
2219194,3,PROCESSED,1789017935814
2219195,1,INITIATED,1789017901746
2219195,2,VALIDATED,1789017914052
2219195,3,PROCESSED,1789017937125
2219196,1,INITIATED,1789017901746
2219196,2,VALIDATED,1789017915120
2219196,3,PROCESSED,1789017937689
2219197,1,INITIATED,1789017910048
2219197,2,VALIDATED,1789017915121
2219197,3,PROCESSED,1789017937690
2219198,1,INITIATED,1789017910208
2219198,2,VALIDATED,1789017915468
2219198,3,PROCESSED,1789017932360
2219199,1,INITIATED,1789017910208
2219199,2,VALIDATED,1789017915468
2219199,3,REJECTED,1789017937752
2219200,1,INITIATED,1789017910216
2219200,2,VALIDATED,1789017915468
2219200,3,PROCESSED,1789017932361
2219201,1,INITIATED,1789017910215
2219201,2,VALIDATED,1789017915467
2219201,3,PROCESSED,1789017937758
2219202,1,INITIATED,1789017910217
2219202,2,VALIDATED,1789017914445
2219202,3,PROCESSED,1789017937442
2219203,1,INITIATED,1789017910706
2219203,2,VALIDATED,1789017915595
2219203,3,PROCESSED,1789017932361
2219204,1,INITIATED,1789017910705
2219204,2,VALIDATED,1789017915988
2219204,3,PROCESSED,1789017937794
2219205,1,INITIATED,1789017910712
2219205,2,VALIDATED,1789017915986
2219205,3,PROCESSED,1789017942435
2219206,1,INITIATED,1789017910707
2219206,2,VALIDATED,1789017914585
2219206,3,PROCESSED,1789017917067
2219207,1,INITIATED,1789017910711
2219207,2,VALIDATED,1789017914586
2219207,3,PROCESSED,1789017934283
2219208,1,INITIATED,1789017910716
2219208,2,VALIDATED,1789017915987
2219208,3,PROCESSED,1789017937443
2219209,1,INITIATED,1789017910849
2219209,2,VALIDATED,1789017915991
2219209,3,PROCESSED,1789017937792
2219210,1,INITIATED,1789017910851
2219210,2,VALIDATED,1789017914945
2219210,3,PROCESSED,1789017930778
2219211,1,INITIATED,1789017911253
2219211,2,VALIDATED,1789017937452
2219211,3,PROCESSED,1789017942312
2219212,1,INITIATED,1789017911254
2219212,2,VALIDATED,1789017914945
2219212,3,PROCESSED,1789017935241
2219213,1,INITIATED,1789017911417
2219213,2,VALIDATED,1789017930181
2219213,3,PROCESSED,1789017938086
2219214,1,INITIATED,1789017911421
2219214,2,VALIDATED,1789017930181
2219214,3,PROCESSED,1789017938089
2219215,1,INITIATED,1789017911909
2219215,2,VALIDATED,1789017916669
2219215,3,PROCESSED,1789017939594
2219216,1,INITIATED,1789017911902
2219216,2,VALIDATED,1789017916667
2219216,3,PROCESSED,1789017937765
2219217,1,INITIATED,1789017912051
2219217,2,VALIDATED,1789017915595
2219217,3,PROCESSED,1789017937757
2219218,1,INITIATED,1789017912054
2219218,2,VALIDATED,1789017916932
2219218,3,PROCESSED,1789017937124
2219219,1,INITIATED,1789017912057
2219219,2,VALIDATED,1789017915594
2219219,3,PROCESSED,1789017932360
2219220,1,INITIATED,1789017912053
2219220,2,VALIDATED,1789017915595
2219220,3,PROCESSED,1789017937124
2219221,1,INITIATED,1789017912056
2219221,2,VALIDATED,1789017915595
2219221,3,PROCESSED,1789017932360
2219222,1,INITIATED,1789017912058
2219222,2,VALIDATED,1789017931271
2219222,3,PROCESSED,1789017938105
2219223,1,INITIATED,1789017912056
2219223,2,VALIDATED,1789017915595
2219223,3,PROCESSED,1789017937353
2219224,1,INITIATED,1789017912112
2219224,2,VALIDATED,1789017917064
2219224,3,PROCESSED,1789017937444
2219225,1,INITIATED,1789017912112
2219225,2,VALIDATED,1789017915596
2219225,3,PROCESSED,1789017932362
2219226,1,INITIATED,1789017912112
2219226,2,VALIDATED,1789017916156
2219226,3,PROCESSED,1789017937458
2219227,1,INITIATED,1789017912113
2219227,2,VALIDATED,1789017934257
2219227,3,PROCESSED,1789017938122
2219228,1,INITIATED,1789017912113
2219228,2,VALIDATED,1789017937359
2219228,3,PROCESSED,1789017940727
2219229,1,INITIATED,1789017912114
2219229,2,VALIDATED,1789017917081
2219229,3,PROCESSED,1789017937443
2219230,1,INITIATED,1789017912921
2219230,2,VALIDATED,1789017916155
2219230,3,PROCESSED,1789017935239
2219231,1,INITIATED,1789017913042
2219231,2,VALIDATED,1789017916157
2219231,3,PROCESSED,1789017937455
2219232,1,INITIATED,1789017913046
2219232,2,VALIDATED,1789017934406
2219232,3,PROCESSED,1789017939598
2219233,1,INITIATED,1789017913544
2219233,2,VALIDATED,1789017916563
2219233,3,PROCESSED,1789017936772
2219234,1,INITIATED,1789017913895
2219234,2,VALIDATED,1789017931272
2219234,3,PROCESSED,1789017938103
2219235,1,INITIATED,1789017913897
2219235,2,VALIDATED,1789017931410
2219235,3,PROCESSED,1789017938120
2219236,1,INITIATED,1789017913895
2219236,2,VALIDATED,1789017916669
2219236,3,PROCESSED,1789017937766
2219237,1,INITIATED,1789017913900
2219237,2,VALIDATED,1789017931270
2219237,3,PROCESSED,1789017938108
2219238,1,INITIATED,1789017913895
2219238,2,VALIDATED,1789017916670
2219238,3,PROCESSED,1789017938079
2219239,1,INITIATED,1789017913897
2219239,2,VALIDATED,1789017932357
2219239,3,PROCESSED,1789017938115
2219240,1,INITIATED,1789017913898
2219240,2,VALIDATED,1789017931408
2219240,3,PROCESSED,1789017940289
2219241,1,INITIATED,1789017913899
2219241,2,VALIDATED,1789017931411
2219241,3,PROCESSED,1789017938118
2219242,1,INITIATED,1789017913896
2219242,2,VALIDATED,1789017931410
2219242,3,PROCESSED,1789017938115
2219243,1,INITIATED,1789017913900
2219243,2,VALIDATED,1789017931271
2219243,3,PROCESSED,1789017938102
2219244,1,INITIATED,1789017914051
2219244,2,VALIDATED,1789017937115
2219244,3,PROCESSED,1789017940288
2219245,1,INITIATED,1789017914056
2219245,2,VALIDATED,1789017916933
2219245,3,PROCESSED,1789017937767
2219246,1,INITIATED,1789017914444
2219246,2,VALIDATED,1789017934256
2219246,3,PROCESSED,1789017935239
2219247,1,INITIATED,1789017914588
2219247,2,VALIDATED,1789017934403
2219247,3,PROCESSED,1789017938078
2219248,1,INITIATED,1789017914946
2219248,2,VALIDATED,1789017935237
2219248,3,PROCESSED,1789017939597
2219249,1,INITIATED,1789017914947
2219249,2,VALIDATED,1789017935238
2219249,3,REJECTED,1789017939594
2219250,1,INITIATED,1789017914945
2219250,2,VALIDATED,1789017930147
2219250,3,PROCESSED,1789017938083
2219251,1,INITIATED,1789017914943
2219251,2,VALIDATED,1789017935237
2219251,3,PROCESSED,1789017939599
2219252,1,INITIATED,1789017914946
2219252,2,VALIDATED,1789017935239
2219252,3,PROCESSED,1789017939599
2219253,1,INITIATED,1789017914942
2219253,2,VALIDATED,1789017934406
2219253,3,PROCESSED,1789017939599
2219254,1,INITIATED,1789017915076
2219254,2,VALIDATED,1789017937806
2219254,3,PROCESSED,1789017942311
2219255,1,INITIATED,1789017915076
2219255,2,VALIDATED,1789017935662
2219255,3,PROCESSED,1789017939741
2219256,1,INITIATED,1789017915076
2219256,2,VALIDATED,1789017935664
2219256,3,PROCESSED,1789017938094
2219257,1,INITIATED,1789017915078
2219257,2,VALIDATED,1789017937799
2219257,3,PROCESSED,1789017942312
2219258,1,INITIATED,1789017915077
2219258,2,VALIDATED,1789017930201
2219258,3,PROCESSED,1789017938095
2219259,1,INITIATED,1789017915079
2219259,2,VALIDATED,1789017937685
2219259,3,PROCESSED,1789017941281
2219260,1,INITIATED,1789017915077
2219260,2,VALIDATED,1789017937800
2219260,3,PROCESSED,1789017942312
2219261,1,INITIATED,1789017915079
2219261,2,VALIDATED,1789017937811
2219261,3,PROCESSED,1789017947822
2219262,1,INITIATED,1789017915078
2219262,2,VALIDATED,1789017935661
2219262,3,PROCESSED,1789017938100
2219263,1,INITIATED,1789017915079
2219263,2,VALIDATED,1789017930203
2219263,3,PROCESSED,1789017938096
2219264,1,INITIATED,1789017915079
2219264,2,VALIDATED,1789017937682
2219264,3,PROCESSED,1789017939741
2219265,1,INITIATED,1789017915079
2219265,2,VALIDATED,1789017935665
2219265,3,PROCESSED,1789017938095
2219266,1,INITIATED,1789017915079
2219266,2,VALIDATED,1789017935812
2219266,3,PROCESSED,1789017939741
2219267,1,INITIATED,1789017915079
2219267,2,VALIDATED,1789017930180
2219267,3,PROCESSED,1789017937772
2219268,1,INITIATED,1789017915079
2219268,2,VALIDATED,1789017937807
2219268,3,PROCESSED,1789017955859
2219269,1,INITIATED,1789017915080
2219269,2,VALIDATED,1789017930180
2219269,3,PROCESSED,1789017937768
2219270,1,INITIATED,1789017915080
2219270,2,VALIDATED,1789017935663
2219270,3,PROCESSED,1789017939741
2219271,1,INITIATED,1789017915080
2219271,2,VALIDATED,1789017937688
2219271,3,PROCESSED,1789017939740
2219272,1,INITIATED,1789017915118
2219272,2,VALIDATED,1789017930777
2219272,3,PROCESSED,1789017937794
2219273,1,INITIATED,1789017915118
2219273,2,VALIDATED,1789017937687
2219273,3,PROCESSED,1789017946818
2219274,1,INITIATED,1789017915123
2219274,2,VALIDATED,1789017937886
2219274,3,PROCESSED,1789017942812
2219275,1,INITIATED,1789017915122
2219275,2,VALIDATED,1789017937116
2219275,3,PROCESSED,1789017941810
2219276,1,INITIATED,1789017915123
2219276,2,VALIDATED,1789017931269
2219276,3,PROCESSED,1789017937801
2219277,1,INITIATED,1789017915123
2219277,2,VALIDATED,1789017936767
2219277,3,PROCESSED,1789017941426
2219278,1,INITIATED,1789017915122
2219278,2,VALIDATED,1789017936769
2219278,3,PROCESSED,1789017938107
2219279,1,INITIATED,1789017915123
2219279,2,VALIDATED,1789017937112
2219279,3,PROCESSED,1789017938112
2219280,1,INITIATED,1789017915123
2219280,2,VALIDATED,1789017936769
2219280,3,PROCESSED,1789017941429
2219281,1,INITIATED,1789017915464
2219281,2,VALIDATED,1789017932358
2219281,3,PROCESSED,1789017938111
2219282,1,INITIATED,1789017915462
2219282,2,VALIDATED,1789017936768
2219282,3,PROCESSED,1789017940161
2219283,1,INITIATED,1789017915463
2219283,2,VALIDATED,1789017932354
2219283,3,PROCESSED,1789017937815
2219284,1,INITIATED,1789017915462
2219284,2,VALIDATED,1789017936767
2219284,3,PROCESSED,1789017942812
2219285,1,INITIATED,1789017915465
2219285,2,VALIDATED,1789017916933
2219285,3,PROCESSED,1789017938086
2219286,1,INITIATED,1789017915464
2219286,2,VALIDATED,1789017937762
2219286,3,PROCESSED,1789017940289
2219287,1,INITIATED,1789017915466
2219287,2,VALIDATED,1789017937111
2219287,3,PROCESSED,1789017940162
2219288,1,INITIATED,1789017915464
2219288,2,VALIDATED,1789017937751
2219288,3,PROCESSED,1789017941429
2219289,1,INITIATED,1789017915463
2219289,2,VALIDATED,1789017937116
2219289,3,PROCESSED,1789017941807
2219290,1,INITIATED,1789017915467
2219290,2,VALIDATED,1789017937744
2219290,3,PROCESSED,1789017940161
2219291,1,INITIATED,1789017915590
2219291,2,VALIDATED,1789017932355
2219291,3,PROCESSED,1789017938120
2219292,1,INITIATED,1789017915590
2219292,2,VALIDATED,1789017932359
2219292,3,PROCESSED,1789017937445
2219293,1,INITIATED,1789017915592
2219293,2,VALIDATED,1789017937121
2219293,3,PROCESSED,1789017940289
2219294,1,INITIATED,1789017915594
2219294,2,VALIDATED,1789017932358
2219294,3,PROCESSED,1789017938121
2219295,1,INITIATED,1789017915594
2219295,2,VALIDATED,1789017932354
2219295,3,PROCESSED,1789017938121
2219296,1,INITIATED,1789017915595
2219296,2,VALIDATED,1789017939592
2219296,3,PROCESSED,1789017957110
2219297,1,INITIATED,1789017915604
2219297,2,VALIDATED,1789017937121
2219297,3,PROCESSED,1789017940289
2219298,1,INITIATED,1789017915605
2219298,2,VALIDATED,1789017937349
2219298,3,PROCESSED,1789017940726
2219299,1,INITIATED,1789017915604
2219299,2,VALIDATED,1789017937351
2219299,3,PROCESSED,1789017940727
2219300,1,INITIATED,1789017915604
2219300,2,VALIDATED,1789017937758
2219300,3,PROCESSED,1789017941429
2219301,1,INITIATED,1789017915986
2219301,2,VALIDATED,1789017937779
2219301,3,PROCESSED,1789017940726
2219302,1,INITIATED,1789017916148
2219302,2,VALIDATED,1789017937446
2219302,3,PROCESSED,1789017942310
2219303,1,INITIATED,1789017916152
2219303,2,VALIDATED,1789017934405
2219303,3,PROCESSED,1789017938083
2219304,1,INITIATED,1789017916152
2219304,2,VALIDATED,1789017934405
2219304,3,PROCESSED,1789017939593
2219305,1,INITIATED,1789017916156
2219305,2,VALIDATED,1789017935234
2219305,3,PROCESSED,1789017939599
2219306,1,INITIATED,1789017916154
2219306,2,VALIDATED,1789017935234
2219306,3,PROCESSED,1789017939599
2219307,1,INITIATED,1789017916155
2219307,2,VALIDATED,1789017938097
2219307,3,PROCESSED,1789017941960
2219308,1,INITIATED,1789017916155
2219308,2,VALIDATED,1789017935235
2219308,3,PROCESSED,1789017938084
2219309,1,INITIATED,1789017916156
2219309,2,VALIDATED,1789017937790
2219309,3,PROCESSED,1789017940727
2219310,1,INITIATED,1789017916157
2219310,2,VALIDATED,1789017938102
2219310,3,PROCESSED,1789017957501
2219311,1,INITIATED,1789017916156
2219311,2,VALIDATED,1789017934407
2219311,3,REJECTED,1789017939594
2219312,1,INITIATED,1789017916154
2219312,2,VALIDATED,1789017934403
2219312,3,PROCESSED,1789017939594
2219313,1,INITIATED,1789017916173
2219313,2,VALIDATED,1789017937460
2219313,3,PROCESSED,1789017942312
2219314,1,INITIATED,1789017916553
2219314,2,VALIDATED,1789017935677
2219314,3,PROCESSED,1789017938099
2219315,1,INITIATED,1789017916552
2219315,2,VALIDATED,1789017938108
2219315,3,PROCESSED,1789017942312
2219316,1,INITIATED,1789017916552
2219316,2,VALIDATED,1789017935666
2219316,3,PROCESSED,1789017939738
2219317,1,INITIATED,1789017916553
2219317,2,VALIDATED,1789017935663
2219317,3,PROCESSED,1789017939740
2219318,1,INITIATED,1789017916555
2219318,2,VALIDATED,1789017935677
2219318,3,PROCESSED,1789017941282
2219319,1,INITIATED,1789017916557
2219319,2,VALIDATED,1789017937688
2219319,3,REJECTED,1789017939733
2219320,1,INITIATED,1789017916554
2219320,2,VALIDATED,1789017935665
2219320,3,PROCESSED,1789017939739
2219321,1,INITIATED,1789017916556
2219321,2,VALIDATED,1789017935815
2219321,3,PROCESSED,1789017940162
2219322,1,INITIATED,1789017916554
2219322,2,VALIDATED,1789017935677
2219322,3,REJECTED,1789017938091
2219323,1,INITIATED,1789017916551
2219323,2,VALIDATED,1789017935677
2219323,3,PROCESSED,1789017940161
2219324,1,INITIATED,1789017916551
2219324,2,VALIDATED,1789017935664
2219324,3,PROCESSED,1789017939739
2219325,1,INITIATED,1789017916550
2219325,2,VALIDATED,1789017935815
2219325,3,PROCESSED,1789017947821
2219326,1,INITIATED,1789017916554
2219326,2,VALIDATED,1789017937800
2219326,3,REJECTED,1789017942306
2219327,1,INITIATED,1789017916552
2219327,2,VALIDATED,1789017935814
2219327,3,REJECTED,1789017940153
2219328,1,INITIATED,1789017916549
2219328,2,VALIDATED,1789017935663
2219328,3,PROCESSED,1789017939732
2219329,1,INITIATED,1789017916553
2219329,2,VALIDATED,1789017937802
2219329,3,PROCESSED,1789017940874
2219330,1,INITIATED,1789017916550
2219330,2,VALIDATED,1789017935661
2219330,3,PROCESSED,1789017939731
2219331,1,INITIATED,1789017916560
2219331,2,VALIDATED,1789017935812
2219331,3,PROCESSED,1789017939741
2219332,1,INITIATED,1789017916559
2219332,2,VALIDATED,1789017937693
2219332,3,PROCESSED,1789017955858
2219333,1,INITIATED,1789017916561
2219333,2,VALIDATED,1789017937693
2219333,3,PROCESSED,1789017941281
2219334,1,INITIATED,1789017916563
2219334,2,VALIDATED,1789017937741
2219334,3,PROCESSED,1789017940155
2219335,1,INITIATED,1789017916562
2219335,2,VALIDATED,1789017937694
2219335,3,PROCESSED,1789017941281
2219336,1,INITIATED,1789017916563
2219336,2,VALIDATED,1789017937693
2219336,3,PROCESSED,1789017942436
2219337,1,INITIATED,1789017916564
2219337,2,VALIDATED,1789017937743
2219337,3,PROCESSED,1789017941428
2219338,1,INITIATED,1789017916565
2219338,2,VALIDATED,1789017936768
2219338,3,PROCESSED,1789017940161
2219339,1,INITIATED,1789017916565
2219339,2,VALIDATED,1789017937694
2219339,3,PROCESSED,1789017939741
2219340,1,INITIATED,1789017916565
2219340,2,VALIDATED,1789017937746
2219340,3,PROCESSED,1789017942479
2219341,1,INITIATED,1789017916566
2219341,2,VALIDATED,1789017937741
2219341,3,PROCESSED,1789017941426
2219342,1,INITIATED,1789017916566
2219342,2,VALIDATED,1789017937746
2219342,3,PROCESSED,1789017941428
2219343,1,INITIATED,1789017916566
2219343,2,VALIDATED,1789017937693
2219343,3,PROCESSED,1789017946818
2219344,1,INITIATED,1789017916598
2219344,2,VALIDATED,1789017937694
2219344,3,PROCESSED,1789017942434
2219345,1,INITIATED,1789017916609
2219345,2,VALIDATED,1789017937886
2219345,3,PROCESSED,1789017942812
2219346,1,INITIATED,1789017916609
2219346,2,VALIDATED,1789017937741
2219346,3,PROCESSED,1789017941429
2219347,1,INITIATED,1789017916609
2219347,2,VALIDATED,1789017938127
2219347,3,PROCESSED,1789017942436
2219348,1,INITIATED,1789017916666
2219348,2,VALIDATED,1789017938126
2219348,3,PROCESSED,1789017942436
2219349,1,INITIATED,1789017916668
2219349,2,VALIDATED,1789017937886
2219349,3,PROCESSED,1789017942478
2219350,1,INITIATED,1789017916667
2219350,2,VALIDATED,1789017937816
2219350,3,PROCESSED,1789017941282
2219351,1,INITIATED,1789017916667
2219351,2,VALIDATED,1789017938072
2219351,3,PROCESSED,1789017947822
2219352,1,INITIATED,1789017916668
2219352,2,VALIDATED,1789017937763
2219352,3,PROCESSED,1789017957111
2219353,1,INITIATED,1789017916667
2219353,2,VALIDATED,1789017937749
2219353,3,PROCESSED,1789017940161
2219354,1,INITIATED,1789017916668
2219354,2,VALIDATED,1789017937742
2219354,3,PROCESSED,1789017942816
2219355,1,INITIATED,1789017916669
2219355,2,VALIDATED,1789017937764
2219355,3,PROCESSED,1789017942814
2219356,1,INITIATED,1789017916669
2219356,2,VALIDATED,1789017938074
2219356,3,PROCESSED,1789017947821
2219357,1,INITIATED,1789017916670
2219357,2,VALIDATED,1789017937758
2219357,3,PROCESSED,1789017940289
2219358,1,INITIATED,1789017916671
2219358,2,VALIDATED,1789017937765
2219358,3,PROCESSED,1789017942816
2219359,1,INITIATED,1789017916932
2219359,2,VALIDATED,1789017938078
2219359,3,PROCESSED,1789017947821
2219360,1,INITIATED,1789017916931
2219360,2,VALIDATED,1789017937117
2219360,3,PROCESSED,1789017940288
2219361,1,INITIATED,1789017916932
2219361,2,VALIDATED,1789017938081
2219361,3,PROCESSED,1789017941809
2219362,1,INITIATED,1789017916931
2219362,2,VALIDATED,1789017937764
2219362,3,PROCESSED,1789017941809
2219363,1,INITIATED,1789017916932
2219363,2,VALIDATED,1789017937763
2219363,3,PROCESSED,1789017941808
2219364,1,INITIATED,1789017916931
2219364,2,VALIDATED,1789017937760
2219364,3,PROCESSED,1789017941809
2219365,1,INITIATED,1789017916933
2219365,2,VALIDATED,1789017937117
2219365,3,PROCESSED,1789017940288
2219366,1,INITIATED,1789017916933
2219366,2,VALIDATED,1789017937766
2219366,3,PROCESSED,1789017942820
2219367,1,INITIATED,1789017916935
2219367,2,VALIDATED,1789017938083
2219367,3,PROCESSED,1789017941809
2219368,1,INITIATED,1789017916935
2219368,2,VALIDATED,1789017938082
2219368,3,PROCESSED,1789017968039
2219369,1,INITIATED,1789017917030
2219369,2,VALIDATED,1789017937358
2219369,3,PROCESSED,1789017940726
2219370,1,INITIATED,1789017917030
2219370,2,VALIDATED,1789017937351
2219370,3,PROCESSED,1789017940726
2219371,1,INITIATED,1789017917030
2219371,2,VALIDATED,1789017938082
2219371,3,PROCESSED,1789017941809
2219372,1,INITIATED,1789017917032
2219372,2,VALIDATED,1789017937357
2219372,3,PROCESSED,1789017940731
2219373,1,INITIATED,1789017917031
2219373,2,VALIDATED,1789017937771
2219373,3,PROCESSED,1789017941808
2219374,1,INITIATED,1789017917031
2219374,2,VALIDATED,1789017937765
2219374,3,PROCESSED,1789017945439
2219375,1,INITIATED,1789017917031
2219375,2,VALIDATED,1789017937775
2219375,3,PROCESSED,1789017945432
2219376,1,INITIATED,1789017917031
2219376,2,VALIDATED,1789017937768
2219376,3,PROCESSED,1789017945433
2219377,1,INITIATED,1789017917031
2219377,2,VALIDATED,1789017937360
2219377,3,PROCESSED,1789017940726
2219378,1,INITIATED,1789017917065
2219378,2,VALIDATED,1789017937777
2219378,3,PROCESSED,1789017938103
2219379,1,INITIATED,1789017917065
2219379,2,VALIDATED,1789017937769
2219379,3,PROCESSED,1789017942828
2219380,1,INITIATED,1789017917065
2219380,2,VALIDATED,1789017937360
2219380,3,PROCESSED,1789017941938
2219381,1,INITIATED,1789017917064
2219381,2,VALIDATED,1789017937351
2219381,3,PROCESSED,1789017938124
2219382,1,INITIATED,1789017917064
2219382,2,VALIDATED,1789017937360
2219382,3,PROCESSED,1789017941963
2219383,1,INITIATED,1789017917065
2219383,2,VALIDATED,1789017937775
2219383,3,PROCESSED,1789017940726
2219384,1,INITIATED,1789017917065
2219384,2,VALIDATED,1789017938090
2219384,3,PROCESSED,1789017941809
2219385,1,INITIATED,1789017917063
2219385,2,VALIDATED,1789017937351
2219385,3,PROCESSED,1789017941938
2219386,1,INITIATED,1789017917064
2219386,2,VALIDATED,1789017937771
2219386,3,PROCESSED,1789017941841
2219387,1,INITIATED,1789017917065
2219387,2,VALIDATED,1789017937769
2219387,3,PROCESSED,1789017957111
2219388,1,INITIATED,1789017917066
2219388,2,VALIDATED,1789017937348
2219388,3,PROCESSED,1789017940721
2219389,1,INITIATED,1789017917066
2219389,2,VALIDATED,1789017937773
2219389,3,PROCESSED,1789017941804
2219390,1,INITIATED,1789017917066
2219390,2,VALIDATED,1789017938088
2219390,3,PROCESSED,1789017952192
2219391,1,INITIATED,1789017917066
2219391,2,VALIDATED,1789017938073
2219391,3,PROCESSED,1789017956252
2219392,1,INITIATED,1789017917080
2219392,2,VALIDATED,1789017937360
2219392,3,PROCESSED,1789017945439
2219393,1,INITIATED,1789017930057
2219393,2,VALIDATED,1789017939598
2219393,3,PROCESSED,1789017942820
2219394,1,INITIATED,1789017930055
2219394,2,VALIDATED,1789017940873
2219394,3,PROCESSED,1789017957110
2219395,1,INITIATED,1789017930052
2219395,2,VALIDATED,1789017937767
2219395,3,REJECTED,1789017941805
2219396,1,INITIATED,1789017930051
2219396,2,VALIDATED,1789017937762
2219396,3,PROCESSED,1789017941809
2219397,1,INITIATED,1789017930049
2219397,2,VALIDATED,1789017938073
2219397,3,REJECTED,1789017941427
2219398,1,INITIATED,1789017930051
2219398,2,VALIDATED,1789017938077
2219398,3,PROCESSED,1789017942817
2219399,1,INITIATED,1789017930050
2219399,2,VALIDATED,1789017938073
2219399,3,PROCESSED,1789017941430
2219400,1,INITIATED,1789017930047
2219400,2,VALIDATED,1789017938128
2219400,3,PROCESSED,1789017957111
2219401,1,INITIATED,1789017930056
2219401,2,VALIDATED,1789017937763
2219401,3,PROCESSED,1789017941806
2219402,1,INITIATED,1789017930052
2219402,2,VALIDATED,1789017937764
2219402,3,PROCESSED,1789017945438
2219403,1,INITIATED,1789017930054
2219403,2,VALIDATED,1789017938081
2219403,3,PROCESSED,1789017941809
2219404,1,INITIATED,1789017930047
2219404,2,VALIDATED,1789017939594
2219404,3,PROCESSED,1789017957111
2219405,1,INITIATED,1789017930048
2219405,2,VALIDATED,1789017938127
2219405,3,PROCESSED,1789017942434
2219406,1,INITIATED,1789017930049
2219406,2,VALIDATED,1789017938071
2219406,3,PROCESSED,1789017942811
2219407,1,INITIATED,1789017930057
2219407,2,VALIDATED,1789017937759
2219407,3,PROCESSED,1789017942813
2219408,1,INITIATED,1789017930052
2219408,2,VALIDATED,1789017938083
2219408,3,PROCESSED,1789017941808
2219409,1,INITIATED,1789017930049
2219409,2,VALIDATED,1789017938081
2219409,3,PROCESSED,1789017941807
2219410,1,INITIATED,1789017930052
2219410,2,VALIDATED,1789017938080
2219410,3,PROCESSED,1789017941809
2219411,1,INITIATED,1789017930047
2219411,2,VALIDATED,1789017938077
2219411,3,PROCESSED,1789017942816
2219412,1,INITIATED,1789017930056
2219412,2,VALIDATED,1789017938076
2219412,3,PROCESSED,1789017967901
2219413,1,INITIATED,1789017930145
2219413,2,VALIDATED,1789017938081
2219413,3,PROCESSED,1789017941808
2219414,1,INITIATED,1789017930147
2219414,2,VALIDATED,1789017937764
2219414,3,PROCESSED,1789017942818
2219415,1,INITIATED,1789017930148
2219415,2,VALIDATED,1789017938078
2219415,3,PROCESSED,1789017942812
2219416,1,INITIATED,1789017930181
2219416,2,VALIDATED,1789017938083
2219416,3,PROCESSED,1789017941807
2219417,1,INITIATED,1789017930182
2219417,2,VALIDATED,1789017938085
2219417,3,PROCESSED,1789017942820
2219418,1,INITIATED,1789017930181
2219418,2,VALIDATED,1789017937767
2219418,3,PROCESSED,1789017941809
2219419,1,INITIATED,1789017930201
2219419,2,VALIDATED,1789017938088
2219419,3,PROCESSED,1789017957112
2219420,1,INITIATED,1789017930203
2219420,2,VALIDATED,1789017938091
2219420,3,PROCESSED,1789017941807
2219421,1,INITIATED,1789017930773
2219421,2,VALIDATED,1789017937778
2219421,3,PROCESSED,1789017941841
2219422,1,INITIATED,1789017930770
2219422,2,VALIDATED,1789017939737
2219422,3,PROCESSED,1789017969063
2219423,1,INITIATED,1789017930776
2219423,2,VALIDATED,1789017937777
2219423,3,PROCESSED,1789017941841
2219424,1,INITIATED,1789017930773
2219424,2,VALIDATED,1789017938097
2219424,3,PROCESSED,1789017945439
2219425,1,INITIATED,1789017930767
2219425,2,VALIDATED,1789017938091
2219425,3,PROCESSED,1789017945438
2219426,1,INITIATED,1789017930775
2219426,2,VALIDATED,1789017937779
2219426,3,PROCESSED,1789017940726
2219427,1,INITIATED,1789017930775
2219427,2,VALIDATED,1789017939739
2219427,3,PROCESSED,1789017945439
2219428,1,INITIATED,1789017931270
2219428,2,VALIDATED,1789017938100
2219428,3,PROCESSED,1789017941938
2219429,1,INITIATED,1789017931265
2219429,2,VALIDATED,1789017937790
2219429,3,PROCESSED,1789017953048
2219430,1,INITIATED,1789017931268
2219430,2,VALIDATED,1789017938098
2219430,3,PROCESSED,1789017941961
2219431,1,INITIATED,1789017931265
2219431,2,VALIDATED,1789017937792
2219431,3,PROCESSED,1789017945569
2219432,1,INITIATED,1789017931275
2219432,2,VALIDATED,1789017938101
2219433,1,INITIATED,1789017931274
2219433,2,VALIDATED,1789017938103
2219433,3,PROCESSED,1789017945448
2219434,1,INITIATED,1789017931272
2219434,2,VALIDATED,1789017938096
2219434,3,PROCESSED,1789017957503
2219435,1,INITIATED,1789017931274
2219435,2,VALIDATED,1789017938101
2219435,3,PROCESSED,1789017953050
2219436,1,INITIATED,1789017931274
2219436,2,VALIDATED,1789017938099
2219436,3,PROCESSED,1789017941960
2219437,1,INITIATED,1789017931273
2219437,2,VALIDATED,1789017938098
2219437,3,PROCESSED,1789017941960
2219438,1,INITIATED,1789017931273
2219438,2,VALIDATED,1789017938098
2219438,3,PROCESSED,1789017945568
2219439,1,INITIATED,1789017931274
2219439,2,VALIDATED,1789017937792
2219439,3,PROCESSED,1789017941938
2219440,1,INITIATED,1789017931408
2219440,2,VALIDATED,1789017938110
2219440,3,PROCESSED,1789017953567
2219441,1,INITIATED,1789017931411
2219441,2,VALIDATED,1789017938107
2219441,3,PROCESSED,1789017942313
2219442,1,INITIATED,1789017931411
2219442,2,VALIDATED,1789017938108
2219442,3,PROCESSED,1789017946425
2219443,1,INITIATED,1789017931411
2219443,2,VALIDATED,1789017938106
2219444,1,INITIATED,1789017932357
2219444,2,VALIDATED,1789017938109
2219444,3,PROCESSED,1789017942312
2219445,1,INITIATED,1789017932355
2219445,2,VALIDATED,1789017938111
2219445,3,PROCESSED,1789017946425
2219446,1,INITIATED,1789017932356
2219446,2,VALIDATED,1789017938111
2219446,3,PROCESSED,1789017946423
2219447,1,INITIATED,1789017932353
2219447,2,VALIDATED,1789017937809
2219447,3,PROCESSED,1789017941281
2219448,1,INITIATED,1789017932355
2219448,2,VALIDATED,1789017937805
2219448,3,PROCESSED,1789017940875
2219449,1,INITIATED,1789017932359
2219449,2,VALIDATED,1789017938106
2219449,3,PROCESSED,1789017946425
2219450,1,INITIATED,1789017932374
2219450,2,VALIDATED,1789017940725
2219450,3,PROCESSED,1789017956250
2219451,1,INITIATED,1789017934252
2219451,2,VALIDATED,1789017938121
2219451,3,PROCESSED,1789017942434
2219452,1,INITIATED,1789017934255
2219452,2,VALIDATED,1789017938073
2219452,3,PROCESSED,1789017941429
2219453,1,INITIATED,1789017934256
2219453,2,VALIDATED,1789017938121
2219453,3,PROCESSED,1789017946808
2219454,1,INITIATED,1789017934258
2219454,2,VALIDATED,1789017938119
2219454,3,PROCESSED,1789017946816
2219455,1,INITIATED,1789017934253
2219455,2,VALIDATED,1789017938069
2219455,3,PROCESSED,1789017942813
2219456,1,INITIATED,1789017934254
2219456,2,VALIDATED,1789017937792
2219456,3,PROCESSED,1789017940731
2219457,1,INITIATED,1789017934257
2219457,2,VALIDATED,1789017938123
2219457,3,PROCESSED,1789017942435
2219458,1,INITIATED,1789017934256
2219458,2,VALIDATED,1789017938118
2219458,3,PROCESSED,1789017942312
2219459,1,INITIATED,1789017934254
2219459,2,VALIDATED,1789017938122
2219459,3,PROCESSED,1789017942435
2219460,1,INITIATED,1789017934254
2219460,2,VALIDATED,1789017938123
2219460,3,PROCESSED,1789017942433
2219461,1,INITIATED,1789017934256
2219461,2,VALIDATED,1789017937779
2219461,3,PROCESSED,1789017941938
2219462,1,INITIATED,1789017934258
2219462,2,VALIDATED,1789017938117
2219462,3,PROCESSED,1789017946426
2219463,1,INITIATED,1789017934255
2219463,2,VALIDATED,1789017953045
2219463,3,PROCESSED,1789017973526
2219464,1,INITIATED,1789017934256
2219464,2,VALIDATED,1789017938120
2219464,3,PROCESSED,1789017946810
2219465,1,INITIATED,1789017934257
2219465,2,VALIDATED,1789017941937
2219465,3,PROCESSED,1789017956259
2219466,1,INITIATED,1789017934255
2219466,2,VALIDATED,1789017938117
2219466,3,PROCESSED,1789017946809
2219467,1,INITIATED,1789017934255
2219467,2,VALIDATED,1789017938070
2219467,3,PROCESSED,1789017941429
2219468,1,INITIATED,1789017934258
2219468,2,VALIDATED,1789017938119
2219468,3,PROCESSED,1789017946809
2219469,1,INITIATED,1789017934259
2219469,2,VALIDATED,1789017938072
2219469,3,PROCESSED,1789017942816
2219470,1,INITIATED,1789017934257
2219470,2,VALIDATED,1789017938118
2219470,3,PROCESSED,1789017942312
2219471,1,INITIATED,1789017934257
2219471,2,VALIDATED,1789017937453
2219471,3,PROCESSED,1789017940730
2219472,1,INITIATED,1789017934258
2219472,2,VALIDATED,1789017938120
2219472,3,PROCESSED,1789017942436
2219473,1,INITIATED,1789017934406
2219473,2,VALIDATED,1789017938071
2219473,3,PROCESSED,1789017941425
2219474,1,INITIATED,1789017934405
2219474,2,VALIDATED,1789017938128
2219474,3,PROCESSED,1789017952192
2219475,1,INITIATED,1789017934403
2219475,2,VALIDATED,1789017939596
2219475,3,PROCESSED,1789017942821
2219476,1,INITIATED,1789017934405
2219476,2,VALIDATED,1789017939597
2219476,3,PROCESSED,1789017967900
2219477,1,INITIATED,1789017934406
2219477,2,VALIDATED,1789017938073
2219477,3,PROCESSED,1789017941429
2219478,1,INITIATED,1789017934404
2219478,2,VALIDATED,1789017938124
2219478,3,PROCESSED,1789017942436
2219479,1,INITIATED,1789017934404
2219479,2,VALIDATED,1789017938126
2219479,3,PROCESSED,1789017946957
2219480,1,INITIATED,1789017935234
2219480,2,VALIDATED,1789017939597
2219480,3,PROCESSED,1789017972473
2219481,1,INITIATED,1789017935238
2219481,2,VALIDATED,1789017939596
2219481,3,PROCESSED,1789017952191
2219482,1,INITIATED,1789017935659
2219482,2,VALIDATED,1789017939733
2219482,3,PROCESSED,1789017952210
2219483,1,INITIATED,1789017935666
2219483,2,VALIDATED,1789017955852
2219483,3,PROCESSED,1789017980377
2219484,1,INITIATED,1789017935661
2219484,2,VALIDATED,1789017939598
2219484,3,PROCESSED,1789017957106
2219485,1,INITIATED,1789017935661
2219485,2,VALIDATED,1789017939735
2219485,3,PROCESSED,1789017953048
2219486,1,INITIATED,1789017935665
2219486,2,VALIDATED,1789017941278
2219486,3,PROCESSED,1789017953050
2219487,1,INITIATED,1789017935663
2219487,2,VALIDATED,1789017939733
2219487,3,PROCESSED,1789017953049
2219488,1,INITIATED,1789017935666
2219488,2,VALIDATED,1789017941280
2219488,3,PROCESSED,1789017963187
2219489,1,INITIATED,1789017935664
2219489,2,VALIDATED,1789017939731
2219489,3,PROCESSED,1789017957503
2219490,1,INITIATED,1789017935677
2219490,2,VALIDATED,1789017939735
2219490,3,PROCESSED,1789017952210
2219491,1,INITIATED,1789017935815
2219491,2,VALIDATED,1789017940156
2219491,3,PROCESSED,1789017969553
2219492,1,INITIATED,1789017935813
2219492,2,VALIDATED,1789017940150
2219492,3,PROCESSED,1789017963187
2219493,1,INITIATED,1789017935813
2219493,2,VALIDATED,1789017942429
2219493,3,PROCESSED,1789017969065
2219494,1,INITIATED,1789017936771
2219494,2,VALIDATED,1789017940151
2219494,3,PROCESSED,1789017963189
2219495,1,INITIATED,1789017936769
2219495,2,VALIDATED,1789017941424
2219495,3,PROCESSED,1789017955855
2219496,1,INITIATED,1789017936769
2219496,2,VALIDATED,1789017941425
2219496,3,PROCESSED,1789017955853
2219497,1,INITIATED,1789017936770
2219497,2,VALIDATED,1789017940154
2219497,3,PROCESSED,1789017966418
2219498,1,INITIATED,1789017936765
2219498,2,VALIDATED,1789017940154
2219498,3,PROCESSED,1789017953050
2219499,1,INITIATED,1789017936768
2219499,2,VALIDATED,1789017941428
2219499,3,PROCESSED,1789017955854
2219500,1,INITIATED,1789017936770
2219500,2,VALIDATED,1789017940158
2219500,3,PROCESSED,1789017946425
2219501,1,INITIATED,1789017936770
2219501,2,VALIDATED,1789017940154
2219501,3,REJECTED,1789017972856
2219502,1,INITIATED,1789017936767
2219502,2,VALIDATED,1789017940149
2219502,3,REJECTED,1789017953437
2219503,1,INITIATED,1789017936769
2219503,2,VALIDATED,1789017941423
2219503,3,PROCESSED,1789017972863
2219504,1,INITIATED,1789017936770
2219504,2,VALIDATED,1789017940152
2219504,3,REJECTED,1789017953437
2219505,1,INITIATED,1789017936770
2219505,2,VALIDATED,1789017940157
2219505,3,PROCESSED,1789017955854
2219506,1,INITIATED,1789017936766
2219506,2,VALIDATED,1789017941424
2219506,3,PROCESSED,1789017955857
2219507,1,INITIATED,1789017936771
2219507,2,VALIDATED,1789017941294
2219507,3,PROCESSED,1789017955857
2219508,1,INITIATED,1789017936771
2219508,2,VALIDATED,1789017940149
2219508,3,PROCESSED,1789017966424
2219509,1,INITIATED,1789017936771
2219509,2,VALIDATED,1789017941427
2219509,3,PROCESSED,1789017953569
2219510,1,INITIATED,1789017937113
2219510,2,VALIDATED,1789017940157
2219510,3,PROCESSED,1789017955853
2219511,1,INITIATED,1789017937116
2219511,2,VALIDATED,1789017940286
2219511,3,PROCESSED,1789017946810
2219512,1,INITIATED,1789017937116
2219512,2,VALIDATED,1789017941802
2219512,3,PROCESSED,1789017971563
2219513,1,INITIATED,1789017937115
2219513,2,VALIDATED,1789017940286
2219513,3,PROCESSED,1789017946952
2219514,1,INITIATED,1789017937117
2219514,2,VALIDATED,1789017942814
2219514,3,PROCESSED,1789017966427
2219515,1,INITIATED,1789017937114
2219515,2,VALIDATED,1789017940284
2219515,3,PROCESSED,1789017955857
2219516,1,INITIATED,1789017937115
2219516,2,VALIDATED,1789017938107
2219516,3,PROCESSED,1789017946424
2219517,1,INITIATED,1789017937113
2219517,2,VALIDATED,1789017940286
2219517,3,PROCESSED,1789017955857
2219518,1,INITIATED,1789017937116
2219518,2,VALIDATED,1789017941804
2219518,3,PROCESSED,1789017966424
2219519,1,INITIATED,1789017937117
2219519,2,VALIDATED,1789017940283
2219519,3,PROCESSED,1789017946809
2219520,1,INITIATED,1789017937116
2219520,2,VALIDATED,1789017940285
2219520,3,PROCESSED,1789017946818
2219521,1,INITIATED,1789017937114
2219521,2,VALIDATED,1789017940284
2219521,3,PROCESSED,1789017946818
2219522,1,INITIATED,1789017937117
2219522,2,VALIDATED,1789017940286
2219522,3,PROCESSED,1789017946952
2219523,1,INITIATED,1789017937122
2219523,2,VALIDATED,1789017940335
2219523,3,PROCESSED,1789017955858
2219524,1,INITIATED,1789017937123
2219524,2,VALIDATED,1789017940721
2219524,3,PROCESSED,1789017967437
2219525,1,INITIATED,1789017937122
2219525,2,VALIDATED,1789017940725
2219525,3,PROCESSED,1789017956259
2219526,1,INITIATED,1789017937124
2219526,2,VALIDATED,1789017940336
2219526,3,PROCESSED,1789017955859
2219527,1,INITIATED,1789017937123
2219527,2,VALIDATED,1789017940333
2219527,3,PROCESSED,1789017955859
2219528,1,INITIATED,1789017937123
2219528,2,VALIDATED,1789017940722
2219528,3,PROCESSED,1789017947821
2219529,1,INITIATED,1789017937352
2219529,2,VALIDATED,1789017941839
2219529,3,PROCESSED,1789017966429
2219530,1,INITIATED,1789017937348
2219530,2,VALIDATED,1789017940724
2219530,3,PROCESSED,1789017956259
2219531,1,INITIATED,1789017937348
2219531,2,VALIDATED,1789017940722
2219531,3,PROCESSED,1789017947822
2219532,1,INITIATED,1789017937350
2219532,2,VALIDATED,1789017941937
2219532,3,PROCESSED,1789017956253
2219533,1,INITIATED,1789017937348
2219533,2,VALIDATED,1789017940285
2219533,3,PROCESSED,1789017946952
2219534,1,INITIATED,1789017937350
2219534,2,VALIDATED,1789017940724
2219534,3,PROCESSED,1789017956250
2219535,1,INITIATED,1789017937352
2219535,2,VALIDATED,1789017941935
2219535,3,PROCESSED,1789017956252
2219536,1,INITIATED,1789017937353
2219536,2,VALIDATED,1789017946422
2219536,3,PROCESSED,1789017972281
2219537,1,INITIATED,1789017937352
2219537,2,VALIDATED,1789017940723
2219537,3,PROCESSED,1789017957106
2219538,1,INITIATED,1789017937348
2219538,2,VALIDATED,1789017940335
2219538,3,PROCESSED,1789017946818
2219539,1,INITIATED,1789017937351
2219539,2,VALIDATED,1789017938119
2219539,3,PROCESSED,1789017955858
2219540,1,INITIATED,1789017937349
2219540,2,VALIDATED,1789017940284
2219540,3,PROCESSED,1789017946808
2219541,1,INITIATED,1789017937352
2219541,2,VALIDATED,1789017940722
2219541,3,PROCESSED,1789017956252
2219542,1,INITIATED,1789017937348
2219542,2,VALIDATED,1789017940336
2219542,3,PROCESSED,1789017967436
2219543,1,INITIATED,1789017937348
2219543,2,VALIDATED,1789017941839
2219543,3,PROCESSED,1789017966428
2219544,1,INITIATED,1789017937357
2219544,2,VALIDATED,1789017940724
2219544,3,PROCESSED,1789017947821
2219545,1,INITIATED,1789017937357
2219545,2,VALIDATED,1789017940723
2219545,3,PROCESSED,1789017947821
2219546,1,INITIATED,1789017937358
2219546,2,VALIDATED,1789017940725
2219546,3,PROCESSED,1789017956253
2219547,1,INITIATED,1789017937359
2219547,2,VALIDATED,1789017940723
2219547,3,PROCESSED,1789017947822
2219548,1,INITIATED,1789017937360
2219548,2,VALIDATED,1789017940729
2219548,3,PROCESSED,1789017957107
2219549,1,INITIATED,1789017937444
2219550,1,INITIATED,1789017937446
2219550,2,VALIDATED,1789017939597
2219550,3,REJECTED,1789017942818
2219551,1,INITIATED,1789017937446
2219551,2,VALIDATED,1789017953437
2219551,3,PROCESSED,1789017984524
2219552,1,INITIATED,1789017937451
2219552,2,VALIDATED,1789017939596
2219552,3,PROCESSED,1789017957502
2219553,1,INITIATED,1789017937451
2219553,2,VALIDATED,1789017942308
2219553,3,PROCESSED,1789017967900
2219554,1,INITIATED,1789017937453
2219554,2,VALIDATED,1789017940729
2219554,3,PROCESSED,1789017947822
2219555,1,INITIATED,1789017937456
2219555,2,VALIDATED,1789017940869
2219555,3,PROCESSED,1789017957110
2219556,1,INITIATED,1789017937453
2219556,2,VALIDATED,1789017941961
2219556,3,PROCESSED,1789017972999
2219557,1,INITIATED,1789017937455
2219557,2,VALIDATED,1789017940869
2219557,3,PROCESSED,1789017957111
2219558,1,INITIATED,1789017937454
2219558,2,VALIDATED,1789017946419
2219558,3,PROCESSED,1789017972280
2219559,1,INITIATED,1789017937456
2219559,2,VALIDATED,1789017938128
2219559,3,PROCESSED,1789017942821
2219560,1,INITIATED,1789017937454
2219560,2,VALIDATED,1789017940729
2219560,3,PROCESSED,1789017957105
2219561,1,INITIATED,1789017937455
2219561,2,VALIDATED,1789017940867
2219561,3,PROCESSED,1789017952192
2219562,1,INITIATED,1789017937455
2219562,2,VALIDATED,1789017939596
2219562,3,PROCESSED,1789017942820
2219563,1,INITIATED,1789017937458
2219563,2,VALIDATED,1789017940867
2219563,3,PROCESSED,1789017952192
2219564,1,INITIATED,1789017937458
2219564,2,VALIDATED,1789017940873
2219564,3,PROCESSED,1789017952192
2219565,1,INITIATED,1789017937458
2219565,2,VALIDATED,1789017940873
2219565,3,PROCESSED,1789017952192
2219566,1,INITIATED,1789017937459
2219566,2,VALIDATED,1789017940873
2219566,3,PROCESSED,1789017952190
2219567,1,INITIATED,1789017937459
2219567,2,VALIDATED,1789017942307
2219567,3,PROCESSED,1789017968038
2219568,1,INITIATED,1789017937459
2219568,2,VALIDATED,1789017946423
2219568,3,PROCESSED,1789017972282
2219569,1,INITIATED,1789017937459
2219569,2,VALIDATED,1789017940872
2219569,3,PROCESSED,1789017957502
2219570,1,INITIATED,1789017937683
2219570,2,VALIDATED,1789017940871
2219570,3,PROCESSED,1789017952192
2219571,1,INITIATED,1789017937682
2219571,2,VALIDATED,1789017938126
2219571,3,PROCESSED,1789017942436
2219572,1,INITIATED,1789017937685
2219572,2,VALIDATED,1789017955847
2219572,3,PROCESSED,1789017980376
2219573,1,INITIATED,1789017937686
2219573,2,VALIDATED,1789017939737
2219573,3,PROCESSED,1789017953046
2219574,1,INITIATED,1789017937685
2219574,2,VALIDATED,1789017939740
2219574,3,PROCESSED,1789017957503
2219575,1,INITIATED,1789017937684
2219575,2,VALIDATED,1789017941276
2219575,3,PROCESSED,1789017953047
2219576,1,INITIATED,1789017937681
2219576,2,VALIDATED,1789017941279
2219576,3,PROCESSED,1789017953049
2219577,1,INITIATED,1789017937683
2219577,2,VALIDATED,1789017939736
2219577,3,PROCESSED,1789017945438
2219578,1,INITIATED,1789017937683
2219578,2,VALIDATED,1789017941276
2219578,3,PROCESSED,1789017969553
2219579,1,INITIATED,1789017937686
2219579,2,VALIDATED,1789017941279
2219579,3,PROCESSED,1789017953049
2219580,1,INITIATED,1789017937683
2219580,2,VALIDATED,1789017941280
2219580,3,PROCESSED,1789017953048
2219581,1,INITIATED,1789017937684
2219581,2,VALIDATED,1789017941280
2219581,3,PROCESSED,1789017957502
2219582,1,INITIATED,1789017937684
2219582,2,VALIDATED,1789017941275
2219582,3,PROCESSED,1789017953050
2219583,1,INITIATED,1789017937681
2219583,2,VALIDATED,1789017941278
2219583,3,PROCESSED,1789017963186
2219584,1,INITIATED,1789017937681
2219584,2,VALIDATED,1789017939733
2219584,3,PROCESSED,1789017945438
2219585,1,INITIATED,1789017937687
2219585,2,VALIDATED,1789017939734
2219585,3,PROCESSED,1789017957502
2219586,1,INITIATED,1789017937686
2219586,2,VALIDATED,1789017942432
2219586,3,PROCESSED,1789017969063
2219587,1,INITIATED,1789017937693
2219587,2,VALIDATED,1789017956247
2219587,3,PROCESSED,1789017980379
2219588,1,INITIATED,1789017937694
2219588,2,VALIDATED,1789017942432
2219588,3,PROCESSED,1789017969055
2219589,1,INITIATED,1789017937694
2219589,2,VALIDATED,1789017942479
2219589,3,PROCESSED,1789017972861
2219590,1,INITIATED,1789017937742
2219590,2,VALIDATED,1789017942479
2219590,3,PROCESSED,1789017963188
2219591,1,INITIATED,1789017937742
2219591,2,VALIDATED,1789017940158
2219591,3,PROCESSED,1789017946424
2219592,1,INITIATED,1789017937743
2219592,2,VALIDATED,1789017940156
2219592,3,PROCESSED,1789017966428
2219593,1,INITIATED,1789017937744
2219593,2,VALIDATED,1789017940157
2219593,3,PROCESSED,1789017946425
2219594,1,INITIATED,1789017937748
2219594,2,VALIDATED,1789017938078
2219594,3,PROCESSED,1789017942815
2219595,1,INITIATED,1789017937747
2219595,2,VALIDATED,1789017940157
2219595,3,PROCESSED,1789017946424
2219596,1,INITIATED,1789017937745
2219596,2,VALIDATED,1789017942476
2219596,3,PROCESSED,1789017969065
2219597,1,INITIATED,1789017937745
2219597,2,VALIDATED,1789017940154
2219597,3,PROCESSED,1789017946424
2219598,1,INITIATED,1789017937751
2219598,2,VALIDATED,1789017941427
2219598,3,PROCESSED,1789017953569
2219599,1,INITIATED,1789017937751
2219599,2,VALIDATED,1789017947819
2219599,3,PROCESSED,1789017972868
2219600,1,INITIATED,1789017937746
2219600,2,VALIDATED,1789017942479
2219600,3,REJECTED,1789017972859
2219601,1,INITIATED,1789017937748
2219601,2,VALIDATED,1789017940155
2219601,3,PROCESSED,1789017971563
2219602,1,INITIATED,1789017937750
2219602,2,VALIDATED,1789017942477
2219602,3,PROCESSED,1789017969064
2219603,1,INITIATED,1789017937752
2219603,2,VALIDATED,1789017940155
2219603,3,PROCESSED,1789017971562
2219604,1,INITIATED,1789017937748
2219604,2,VALIDATED,1789017941429
2219604,3,PROCESSED,1789017955852
2219605,1,INITIATED,1789017937751
2219605,2,VALIDATED,1789017940155
2219605,3,PROCESSED,1789017955853
2219606,1,INITIATED,1789017937749
2219606,2,VALIDATED,1789017940157
2219606,3,PROCESSED,1789017946425
2219607,1,INITIATED,1789017937749
2219607,2,VALIDATED,1789017940156
2219607,3,PROCESSED,1789017946425
2219608,1,INITIATED,1789017937750
2219608,2,VALIDATED,1789017941427
2219608,3,PROCESSED,1789017955853
2219609,1,INITIATED,1789017937757
2219609,2,VALIDATED,1789017942479
2219609,3,PROCESSED,1789017963189
2219610,1,INITIATED,1789017937765
2219610,2,VALIDATED,1789017940283
2219610,3,PROCESSED,1789017946816
2219611,1,INITIATED,1789017937760
2219611,2,VALIDATED,1789017941803
2219611,3,PROCESSED,1789017971568
2219612,1,INITIATED,1789017937765
2219612,2,VALIDATED,1789017941803
2219612,3,PROCESSED,1789017971731
2219613,1,INITIATED,1789017937761
2219613,2,VALIDATED,1789017940285
2219613,3,PROCESSED,1789017955858
2219614,1,INITIATED,1789017937761
2219614,2,VALIDATED,1789017940286
2219614,3,PROCESSED,1789017955857
2219615,1,INITIATED,1789017937763
2219615,2,VALIDATED,1789017941428
2219615,3,PROCESSED,1789017953568
2219616,1,INITIATED,1789017937769
2219616,2,VALIDATED,1789017942817
2219616,3,PROCESSED,1789017966428
2219617,1,INITIATED,1789017937770
2219617,2,VALIDATED,1789017942829
2219617,3,PROCESSED,1789017966425
2219618,1,INITIATED,1789017937774
2219618,2,VALIDATED,1789017941840
2219618,3,REJECTED,1789017971721
2219619,1,INITIATED,1789017937775
2219619,2,VALIDATED,1789017940724
2219619,3,PROCESSED,1789017956259
2219620,1,INITIATED,1789017937772
2219620,2,VALIDATED,1789017941840
2219620,3,PROCESSED,1789017967433
2219621,1,INITIATED,1789017937772
2219621,2,VALIDATED,1789017942819
2219621,3,PROCESSED,1789017971563
2219622,1,INITIATED,1789017937774
2219622,2,VALIDATED,1789017940335
2219622,3,REJECTED,1789017946808
2219623,1,INITIATED,1789017937773
2219623,2,VALIDATED,1789017940723
2219623,3,PROCESSED,1789017956259
2219624,1,INITIATED,1789017937777
2219624,2,VALIDATED,1789017941936
2219624,3,PROCESSED,1789017971730
2219625,1,INITIATED,1789017937779
2219625,2,VALIDATED,1789017941935
2219625,3,PROCESSED,1789017967437
2219626,1,INITIATED,1789017937778
2219626,2,VALIDATED,1789017941934
2219626,3,REJECTED,1789017967429
2219627,1,INITIATED,1789017937779
2219627,2,VALIDATED,1789017940723
2219627,3,PROCESSED,1789017947822
2219628,1,INITIATED,1789017937779
2219628,2,VALIDATED,1789017940725
2219628,3,PROCESSED,1789017957105
2219629,1,INITIATED,1789017937779
2219629,2,VALIDATED,1789017941839
2219629,3,PROCESSED,1789017966429
2219630,1,INITIATED,1789017937785
2219630,2,VALIDATED,1789017938107
2219630,3,PROCESSED,1789017953048
2219631,1,INITIATED,1789017937785
2219631,2,VALIDATED,1789017941937
2219631,3,PROCESSED,1789017971726
2219632,1,INITIATED,1789017937787
2219632,2,VALIDATED,1789017945448
2219632,3,REJECTED,1789017971731
2219633,1,INITIATED,1789017937791
2219633,2,VALIDATED,1789017945438
2219633,3,PROCESSED,1789017967435
2219634,1,INITIATED,1789017937787
2219634,2,VALIDATED,1789017953045
2219634,3,REJECTED,1789017981039
2219635,1,INITIATED,1789017937787
2219635,2,VALIDATED,1789017941936
2219635,3,PROCESSED,1789017973526
2219636,1,INITIATED,1789017937787
2219636,2,VALIDATED,1789017940725
2219636,3,PROCESSED,1789017956260
2219637,1,INITIATED,1789017937789
2219637,2,VALIDATED,1789017945447
2219637,3,PROCESSED,1789017967434
2219638,1,INITIATED,1789017937788
2219638,2,VALIDATED,1789017938108
2219638,3,PROCESSED,1789017971564
2219639,1,INITIATED,1789017937789
2219639,2,VALIDATED,1789017941937
2219639,3,PROCESSED,1789017971731
2219640,1,INITIATED,1789017937795
2219640,2,VALIDATED,1789017946418
2219640,3,PROCESSED,1789017967901
2219641,1,INITIATED,1789017937792
2219641,2,VALIDATED,1789017941935
2219641,3,PROCESSED,1789017956253
2219642,1,INITIATED,1789017937793
2219642,2,VALIDATED,1789017942308
2219642,3,PROCESSED,1789017957109
2219643,1,INITIATED,1789017937793
2219643,2,VALIDATED,1789017940870
2219643,3,PROCESSED,1789017952193
2219644,1,INITIATED,1789017937795
2219644,2,VALIDATED,1789017941961
2219644,3,PROCESSED,1789017972282
2219645,1,INITIATED,1789017937794
2219645,2,VALIDATED,1789017941962
2219645,3,PROCESSED,1789017967434
2219646,1,INITIATED,1789017937796
2219646,2,VALIDATED,1789017940728
2219646,3,PROCESSED,1789017967901
2219647,1,INITIATED,1789017937796
2219647,2,VALIDATED,1789017942309
2219647,3,PROCESSED,1789017972281
2219648,1,INITIATED,1789017937798
2219648,2,VALIDATED,1789017940870
2219648,3,PROCESSED,1789017969064
2219649,1,INITIATED,1789017937795
2219649,2,VALIDATED,1789017940729
2219649,3,PROCESSED,1789017957109
2219650,1,INITIATED,1789017937799
2219650,2,VALIDATED,1789017966422
2219650,3,PROCESSED,1789017982038
2219651,1,INITIATED,1789017937798
2219651,2,VALIDATED,1789017940871
2219651,3,PROCESSED,1789017952190
2219652,1,INITIATED,1789017937800
2219652,2,VALIDATED,1789017940872
2219652,3,PROCESSED,1789017952191
2219653,1,INITIATED,1789017937807
2219653,2,VALIDATED,1789017942431
2219653,3,PROCESSED,1789017957504
2219654,1,INITIATED,1789017937804
2219654,2,VALIDATED,1789017940873
2219654,3,PROCESSED,1789017957112
2219655,1,INITIATED,1789017937804
2219655,2,VALIDATED,1789017940870
2219655,3,PROCESSED,1789017957503
2219656,1,INITIATED,1789017937802
2219656,2,VALIDATED,1789017942433
2219656,3,PROCESSED,1789017957110
2219657,1,INITIATED,1789017937812
2219657,2,VALIDATED,1789017941279
2219657,3,PROCESSED,1789017969064
2219658,1,INITIATED,1789017937802
2219658,2,VALIDATED,1789017940873
2219658,3,PROCESSED,1789017957503
2219659,1,INITIATED,1789017937803
2219659,2,VALIDATED,1789017940869
2219659,3,PROCESSED,1789017952191
2219660,1,INITIATED,1789017937805
2219660,2,VALIDATED,1789017947818
2219660,3,PROCESSED,1789017972868
2219661,1,INITIATED,1789017937812
2219661,2,VALIDATED,1789017941278
2219661,3,PROCESSED,1789017953049
2219662,1,INITIATED,1789017937803
2219662,2,VALIDATED,1789017946423
2219662,3,PROCESSED,1789017972281
2219663,1,INITIATED,1789017937804
2219663,2,VALIDATED,1789017942308
2219663,3,PROCESSED,1789017972282
2219664,1,INITIATED,1789017937808
2219664,2,VALIDATED,1789017940870
2219664,3,PROCESSED,1789017957504
2219665,1,INITIATED,1789017937810
2219665,2,VALIDATED,1789017941278
2219665,3,PROCESSED,1789017953049
2219666,1,INITIATED,1789017937806
2219666,2,VALIDATED,1789017940873
2219666,3,PROCESSED,1789017952193
2219667,1,INITIATED,1789017937808
2219667,2,VALIDATED,1789017941279
2219667,3,PROCESSED,1789017963181
2219668,1,INITIATED,1789017937814
2219668,2,VALIDATED,1789017942432
2219668,3,PROCESSED,1789017972862
2219669,1,INITIATED,1789017937809
2219669,2,VALIDATED,1789017940872
2219669,3,PROCESSED,1789017952192
2219670,1,INITIATED,1789017937814
2219670,2,VALIDATED,1789017946810
2219670,3,PROCESSED,1789017980379
2219671,1,INITIATED,1789017937812
2219671,2,VALIDATED,1789017942430
2219671,3,PROCESSED,1789017969062
2219672,1,INITIATED,1789017937810
2219672,2,VALIDATED,1789017956242
2219672,3,PROCESSED,1789017983508
2219673,1,INITIATED,1789017937810
2219673,2,VALIDATED,1789017941280
2219673,3,PROCESSED,1789017953050
2219674,1,INITIATED,1789017937811
2219674,2,VALIDATED,1789017955854
2219674,3,PROCESSED,1789017972475
2219675,1,INITIATED,1789017937811
2219675,2,VALIDATED,1789017946955
2219675,3,PROCESSED,1789017972476
2219676,1,INITIATED,1789017937811
2219676,2,VALIDATED,1789017942431
2219676,3,PROCESSED,1789017969064
2219677,1,INITIATED,1789017937812
2219677,2,VALIDATED,1789017946817
2219677,3,PROCESSED,1789017980378
2219678,1,INITIATED,1789017937812
2219678,2,VALIDATED,1789017941281
2219678,3,PROCESSED,1789017957503
2219679,1,INITIATED,1789017937815
2219679,2,VALIDATED,1789017946956
2219679,3,PROCESSED,1789017972476
2219680,1,INITIATED,1789017937813
2219680,2,VALIDATED,1789017941280
2219680,3,PROCESSED,1789017953049
2219681,1,INITIATED,1789017937814
2219681,2,VALIDATED,1789017953568
2219681,3,PROCESSED,1789017972474
2219682,1,INITIATED,1789017937814
2219682,2,VALIDATED,1789017941280
2219682,3,PROCESSED,1789017963190
2219683,1,INITIATED,1789017937815
2219683,2,VALIDATED,1789017941277
2219683,3,PROCESSED,1789017957500
2219684,1,INITIATED,1789017937815
2219684,2,VALIDATED,1789017941276
2219684,3,PROCESSED,1789017957503
2219685,1,INITIATED,1789017937886
2219685,2,VALIDATED,1789017942434
2219685,3,PROCESSED,1789017969059
2219686,1,INITIATED,1789017938069
2219686,2,VALIDATED,1789017941425
2219686,3,PROCESSED,1789017971562
2219687,1,INITIATED,1789017938073
2219687,2,VALIDATED,1789017942477
2219687,3,PROCESSED,1789017969064
2219688,1,INITIATED,1789017938072
2219688,2,VALIDATED,1789017941429
2219688,3,PROCESSED,1789017955855
2219689,1,INITIATED,1789017938074
2219689,2,VALIDATED,1789017941427
2219689,3,PROCESSED,1789017955857
2219690,1,INITIATED,1789017938071
2219690,2,VALIDATED,1789017956381
2219690,3,PROCESSED,1789017980542
2219691,1,INITIATED,1789017938073
2219691,2,VALIDATED,1789017941427
2219691,3,PROCESSED,1789017953460
2219692,1,INITIATED,1789017938075
2219692,2,VALIDATED,1789017942479
2219692,3,PROCESSED,1789017963185
2219693,1,INITIATED,1789017938076
2219693,2,VALIDATED,1789017941427
2219693,3,PROCESSED,1789017972862
2219694,1,INITIATED,1789017938077
2219694,2,VALIDATED,1789017942809
2219694,3,PROCESSED,1789017972862
2219695,1,INITIATED,1789017938077
2219695,2,VALIDATED,1789017942811
2219695,3,PROCESSED,1789017963185
2219696,1,INITIATED,1789017938074
2219696,2,VALIDATED,1789017942479
2219696,3,PROCESSED,1789017963190
2219697,1,INITIATED,1789017938073
2219697,2,VALIDATED,1789017942477
2219697,3,PROCESSED,1789017969064
2219698,1,INITIATED,1789017938074
2219698,2,VALIDATED,1789017941428
2219698,3,PROCESSED,1789017953568
2219699,1,INITIATED,1789017938076
2219699,2,VALIDATED,1789017956385
2219699,3,PROCESSED,1789017980892
2219700,1,INITIATED,1789017938082
2219700,2,VALIDATED,1789017941804
2219700,3,PROCESSED,1789017972998
2219701,1,INITIATED,1789017938082
2219701,2,VALIDATED,1789017941804
2219701,3,PROCESSED,1789017971730
2219702,1,INITIATED,1789017938082
2219702,2,VALIDATED,1789017952185
2219702,3,PROCESSED,1789017972868
2219703,1,INITIATED,1789017938084
2219703,2,VALIDATED,1789017941802
2219703,3,PROCESSED,1789017971564
2219704,1,INITIATED,1789017938086
2219704,2,VALIDATED,1789017942830
2219704,3,PROCESSED,1789017966426
2219705,1,INITIATED,1789017938086
2219705,2,VALIDATED,1789017957108
2219705,3,PROCESSED,1789017982618
2219706,1,INITIATED,1789017938087
2219706,2,VALIDATED,1789017942829
2219706,3,PROCESSED,1789017966429
2219707,1,INITIATED,1789017938088
2219707,2,VALIDATED,1789017945434
2219707,3,REJECTED,1789017967432
2219708,1,INITIATED,1789017938090
2219708,2,VALIDATED,1789017942830
2219708,3,PROCESSED,1789017966429
2219709,1,INITIATED,1789017938089
2219709,2,VALIDATED,1789017941803
2219709,3,PROCESSED,1789017966428
2219710,1,INITIATED,1789017938093
2219710,2,VALIDATED,1789017953045
2219710,3,PROCESSED,1789017972279
2219711,1,INITIATED,1789017938093
2219711,2,VALIDATED,1789017945438
2219711,3,PROCESSED,1789017967430
2219712,1,INITIATED,1789017938090
2219712,2,VALIDATED,1789017942813
2219712,3,PROCESSED,1789017963188
2219713,1,INITIATED,1789017938090
2219713,2,VALIDATED,1789017941804
2219713,3,PROCESSED,1789017966425
2219714,1,INITIATED,1789017938091
2219714,2,VALIDATED,1789017945438
2219714,3,PROCESSED,1789017971731
2219715,1,INITIATED,1789017938091
2219715,2,VALIDATED,1789017942818
2219715,3,PROCESSED,1789017971563
2219716,1,INITIATED,1789017938092
2219716,2,VALIDATED,1789017945434
2219716,3,PROCESSED,1789017967436
2219717,1,INITIATED,1789017938092
2219717,2,VALIDATED,1789017945436
2219717,3,PROCESSED,1789017967434
2219718,1,INITIATED,1789017938093
2219718,2,VALIDATED,1789017945437
2219718,3,PROCESSED,1789017963191
2219719,1,INITIATED,1789017938093
2219719,2,VALIDATED,1789017952209
2219719,3,PROCESSED,1789017972996
2219720,1,INITIATED,1789017938098
2219720,2,VALIDATED,1789017941935
2219720,3,PROCESSED,1789017956251
2219721,1,INITIATED,1789017938098
2219721,2,VALIDATED,1789017941936
2219721,3,PROCESSED,1789017967431
2219722,1,INITIATED,1789017938100
2219722,2,VALIDATED,1789017957498
2219722,3,PROCESSED,1789017980895
2219723,1,INITIATED,1789017938103
2219723,2,VALIDATED,1789017941936
2219723,3,PROCESSED,1789017956259
2219724,1,INITIATED,1789017938099
2219724,2,VALIDATED,1789017957497
2219724,3,PROCESSED,1789017980894
2219725,1,INITIATED,1789017938101
2219725,2,VALIDATED,1789017941934
2219725,3,PROCESSED,1789017956259
2219726,1,INITIATED,1789017938099
2219726,2,VALIDATED,1789017941934
2219726,3,PROCESSED,1789017956249
2219727,1,INITIATED,1789017938102
2219727,2,VALIDATED,1789017945437
2219727,3,PROCESSED,1789017971731
2219728,1,INITIATED,1789017938104
2219728,2,VALIDATED,1789017946419
2219728,3,PROCESSED,1789017967901
2219729,1,INITIATED,1789017938104
2219729,2,VALIDATED,1789017946420
2219729,3,PROCESSED,1789017972282
2219730,1,INITIATED,1789017938106
2219730,2,VALIDATED,1789017941962
2219730,3,PROCESSED,1789017973524
2219731,1,INITIATED,1789017938107
2219731,2,VALIDATED,1789017946422
2219731,3,PROCESSED,1789017972282
2219732,1,INITIATED,1789017938104
2219732,2,VALIDATED,1789017946418
2219732,3,PROCESSED,1789017967901
2219733,1,INITIATED,1789017938104
2219733,2,VALIDATED,1789017946421
2219733,3,PROCESSED,1789017967876
2219734,1,INITIATED,1789017938105
2219734,2,VALIDATED,1789017945447
2219734,3,PROCESSED,1789017967432
2219735,1,INITIATED,1789017938109
2219735,2,VALIDATED,1789017942309
2219735,3,PROCESSED,1789017972423
2219736,1,INITIATED,1789017938112
2219736,2,VALIDATED,1789017946423
2219736,3,PROCESSED,1789017946953
2219737,1,INITIATED,1789017938110
2219737,2,VALIDATED,1789017953437
2219737,3,PROCESSED,1789017979974
2219738,1,INITIATED,1789017938110
2219738,2,VALIDATED,1789017942305
2219738,3,PROCESSED,1789017972282
2219739,1,INITIATED,1789017938112
2219739,2,VALIDATED,1789017942310
2219739,3,PROCESSED,1789017968043
2219740,1,INITIATED,1789017938111
2219740,2,VALIDATED,1789017946418
2219740,3,PROCESSED,1789017967900
2219741,1,INITIATED,1789017938114
2219741,2,VALIDATED,1789017946805
2219741,3,PROCESSED,1789017972472
2219742,1,INITIATED,1789017938113
2219742,2,VALIDATED,1789017942309
2219742,3,PROCESSED,1789017972282
2219743,1,INITIATED,1789017938113
2219743,2,VALIDATED,1789017942309
2219743,3,PROCESSED,1789017957105
2219744,1,INITIATED,1789017938114
2219744,2,VALIDATED,1789017946423
2219744,3,PROCESSED,1789017972283
2219745,1,INITIATED,1789017938116
2219745,2,VALIDATED,1789017946421
2219745,3,PROCESSED,1789017967902
2219746,1,INITIATED,1789017938120
2219746,2,VALIDATED,1789017955856
2219746,3,PROCESSED,1789017980375
2219747,1,INITIATED,1789017938120
2219747,2,VALIDATED,1789017955853
2219747,3,PROCESSED,1789017972474
2219748,1,INITIATED,1789017938122
2219748,2,VALIDATED,1789017946809
2219748,3,PROCESSED,1789017980371
2219749,1,INITIATED,1789017938122
2219749,2,VALIDATED,1789017955855
2219749,3,PROCESSED,1789017980379
2219750,1,INITIATED,1789017938123
2219750,2,VALIDATED,1789017947818
2219750,3,PROCESSED,1789017969556
2219751,1,INITIATED,1789017938123
2219751,2,VALIDATED,1789017942432
2219751,3,PROCESSED,1789017957506
2219752,1,INITIATED,1789017938124
2219752,2,VALIDATED,1789017956246
2219752,3,PROCESSED,1789017980374
2219753,1,INITIATED,1789017938125
2219753,2,VALIDATED,1789017942433
2219753,3,PROCESSED,1789017969063
2219754,1,INITIATED,1789017938126
2219754,2,VALIDATED,1789017946956
2219754,3,PROCESSED,1789017972474
2219755,1,INITIATED,1789017939591
2219755,2,VALIDATED,1789017952185
2219755,3,PROCESSED,1789017972868
2219756,1,INITIATED,1789017939593
2219756,2,VALIDATED,1789017952186
2219756,3,PROCESSED,1789017972997
2219757,1,INITIATED,1789017939594
2219757,2,VALIDATED,1789017942818
2219757,3,PROCESSED,1789017966425
2219758,1,INITIATED,1789017939593
2219758,2,VALIDATED,1789017952186
2219758,3,PROCESSED,1789017972998
2219759,1,INITIATED,1789017939592
2219759,2,VALIDATED,1789017957106
2219759,3,PROCESSED,1789017982619
2219760,1,INITIATED,1789017939597
2219760,2,VALIDATED,1789017952189
2219760,3,PROCESSED,1789017980895
2219761,1,INITIATED,1789017939591
2219761,2,VALIDATED,1789017957107
2219761,3,PROCESSED,1789017972998
2219762,1,INITIATED,1789017939598
2219762,2,VALIDATED,1789017957105
2219762,3,PROCESSED,1789017980893
2219763,1,INITIATED,1789017939604
2219763,2,VALIDATED,1789017942817
2219763,3,PROCESSED,1789017966427
2219764,1,INITIATED,1789017939734
2219764,2,VALIDATED,1789017945435
2219764,3,REJECTED,1789017972271
2219765,1,INITIATED,1789017939735
2219765,2,VALIDATED,1789017945436
2219765,3,PROCESSED,1789017971731
2219766,1,INITIATED,1789017939735
2219766,2,VALIDATED,1789017953046
2219766,3,PROCESSED,1789017981042
2219767,1,INITIATED,1789017939739
2219767,2,VALIDATED,1789017945434
2219767,3,PROCESSED,1789017971724
2219768,1,INITIATED,1789017939739
2219768,2,VALIDATED,1789017945436
2219768,3,PROCESSED,1789017967433
2219769,1,INITIATED,1789017939739
2219769,2,VALIDATED,1789017945437
2219769,3,PROCESSED,1789017967438
2219770,1,INITIATED,1789017939740
2219770,2,VALIDATED,1789017945438
2219770,3,PROCESSED,1789017967437
2219771,1,INITIATED,1789017940147
2219771,2,VALIDATED,1789017972856
2219771,3,PROCESSED,1789017984518
2219772,1,INITIATED,1789017940284
2219772,2,VALIDATED,1789017955850
2219772,3,PROCESSED,1789017972473
2219773,1,INITIATED,1789017940284
2219773,2,VALIDATED,1789017946810
2219773,3,PROCESSED,1789017972473
2219774,1,INITIATED,1789017940285
2219774,2,VALIDATED,1789017955854
2219774,3,PROCESSED,1789017972474
2219775,1,INITIATED,1789017940287
2219775,2,VALIDATED,1789017946805
2219775,3,PROCESSED,1789017972474
2219776,1,INITIATED,1789017940286
2219776,2,VALIDATED,1789017946810
2219776,3,PROCESSED,1789017980379
2219777,1,INITIATED,1789017940721
2219777,2,VALIDATED,1789017947818
2219777,3,PROCESSED,1789017969554
2219778,1,INITIATED,1789017940721
2219778,2,VALIDATED,1789017956249
2219778,3,PROCESSED,1789017983662
2219779,1,INITIATED,1789017940868
2219779,2,VALIDATED,1789017952188
2219779,3,PROCESSED,1789017971565
2219780,1,INITIATED,1789017940868
2219780,2,VALIDATED,1789017957108
2219780,3,PROCESSED,1789017980896
2219781,1,INITIATED,1789017940869
2219781,2,VALIDATED,1789017952187
2219781,3,PROCESSED,1789017971564
2219782,1,INITIATED,1789017940870
2219782,2,VALIDATED,1789017952189
2219782,3,PROCESSED,1789017972999
2219783,1,INITIATED,1789017940873
2219783,2,VALIDATED,1789017967872
2219783,3,PROCESSED,1789017980896
2219784,1,INITIATED,1789017940870
2219784,2,VALIDATED,1789017952185
2219784,3,PROCESSED,1789017971563
2219785,1,INITIATED,1789017940871
2219785,2,VALIDATED,1789017952188
2219785,3,PROCESSED,1789017972997
2219786,1,INITIATED,1789017940871
2219786,2,VALIDATED,1789017952190
2219786,3,PROCESSED,1789017972996
2219787,1,INITIATED,1789017940872
2219787,2,VALIDATED,1789017952187
2219787,3,REJECTED,1789017980890
2219788,1,INITIATED,1789017941279
2219788,2,VALIDATED,1789017963179
2219788,3,PROCESSED,1789017984524
2219789,1,INITIATED,1789017941278
2219789,2,VALIDATED,1789017957501
2219789,3,PROCESSED,1789017973527
2219790,1,INITIATED,1789017941279
2219790,2,VALIDATED,1789017953046
2219790,3,PROCESSED,1789017982981
2219791,1,INITIATED,1789017941277
2219791,2,VALIDATED,1789017953045
2219791,3,PROCESSED,1789017973528
2219792,1,INITIATED,1789017941275
2219792,2,VALIDATED,1789017957497
2219792,3,PROCESSED,1789017972999
2219793,1,INITIATED,1789017941419
2219793,2,VALIDATED,1789017953434
2219793,3,PROCESSED,1789017979975
2219794,1,INITIATED,1789017941801
2219794,2,VALIDATED,1789017971566
2219794,3,PROCESSED,1789017982133
2219795,1,INITIATED,1789017942305
2219795,2,VALIDATED,1789017956382
2219795,3,PROCESSED,1789017980379
2219796,1,INITIATED,1789017942309
2219796,2,VALIDATED,1789017957104
2219796,3,REJECTED,1789017972994
2219797,1,INITIATED,1789017942306
2219797,2,VALIDATED,1789017956384
2219797,3,PROCESSED,1789017957501
2219798,1,INITIATED,1789017942307
2219798,2,VALIDATED,1789017956383
2219798,3,PROCESSED,1789017980380
2219799,1,INITIATED,1789017942306
2219799,2,VALIDATED,1789017972274
2219799,3,PROCESSED,1789017983663
2219800,1,INITIATED,1789017942304
2219800,2,VALIDATED,1789017956385
2219800,3,PROCESSED,1789017972998
2219801,1,INITIATED,1789017942307
2219801,2,VALIDATED,1789017972278
2219801,3,PROCESSED,1789017982619
2219802,1,INITIATED,1789017942309
2219802,2,VALIDATED,1789017972275
2219802,3,PROCESSED,1789017982623
2219803,1,INITIATED,1789017942308
2219803,2,VALIDATED,1789017967870
2219803,3,PROCESSED,1789017987117
2219804,1,INITIATED,1789017942431
2219804,2,VALIDATED,1789017969547
2219804,3,REJECTED,1789017982978
2219805,1,INITIATED,1789017942429
2219805,2,VALIDATED,1789017969062
2219805,3,PROCESSED,1789017981042
2219806,1,INITIATED,1789017942432
2219806,2,VALIDATED,1789017972862
2219806,3,PROCESSED,1789017984523
2219807,1,INITIATED,1789017942432
2219807,2,VALIDATED,1789017969061
2219807,3,PROCESSED,1789017981043
2219808,1,INITIATED,1789017942434
2219808,2,VALIDATED,1789017969059
2219808,3,PROCESSED,1789017982979
2219809,1,INITIATED,1789017942434
2219809,2,VALIDATED,1789017969057
2219809,3,PROCESSED,1789017981043
2219810,1,INITIATED,1789017942434
2219810,2,VALIDATED,1789017972460
2219810,3,PROCESSED,1789017982982
2219811,1,INITIATED,1789017942475
2219811,2,VALIDATED,1789017969540
2219811,3,PROCESSED,1789017982983
2219812,1,INITIATED,1789017942476
2219812,2,VALIDATED,1789017969059
2219812,3,PROCESSED,1789017981042
2219813,1,INITIATED,1789017942478
2219813,2,VALIDATED,1789017963187
2219813,3,PROCESSED,1789017981877
2219814,1,INITIATED,1789017942476
2219814,2,VALIDATED,1789017969060
2219814,3,PROCESSED,1789017982980
2219815,1,INITIATED,1789017942479
2219815,2,VALIDATED,1789017972855
2219815,3,PROCESSED,1789017985571
2219816,1,INITIATED,1789017942479
2219816,2,VALIDATED,1789017963184
2219816,3,PROCESSED,1789017981878
2219817,1,INITIATED,1789017942478
2219817,2,VALIDATED,1789017972858
2219817,3,PROCESSED,1789017985764
2219818,1,INITIATED,1789017942478
2219818,2,VALIDATED,1789017969062
2219818,3,PROCESSED,1789017984150
2219819,1,INITIATED,1789017942479
2219819,2,VALIDATED,1789017963179
2219819,3,PROCESSED,1789017981878
2219820,1,INITIATED,1789017942479
2219820,2,VALIDATED,1789017963186
2219820,3,PROCESSED,1789017983110
2219821,1,INITIATED,1789017942479
2219821,2,VALIDATED,1789017972857
2219821,3,PROCESSED,1789017984193
2219822,1,INITIATED,1789017942810
2219822,2,VALIDATED,1789017963184
2219822,3,PROCESSED,1789017979974
2219823,1,INITIATED,1789017942812
2219823,2,VALIDATED,1789017963182
2219823,3,PROCESSED,1789017979974
2219824,1,INITIATED,1789017945437
2219824,2,VALIDATED,1789017971726
2219824,3,PROCESSED,1789017982467
2219825,1,INITIATED,1789017945437
2219825,2,VALIDATED,1789017971721
2219825,3,PROCESSED,1789017982039
2219826,1,INITIATED,1789017946419
2219826,2,VALIDATED,1789017967875
2219826,3,PROCESSED,1789017980896
2219827,1,INITIATED,1789017946420
2219827,2,VALIDATED,1789017967873
2219827,3,PROCESSED,1789017982617
2219828,1,INITIATED,1789017946421
2219828,2,VALIDATED,1789017972277
2219828,3,PROCESSED,1789017986432
2219829,1,INITIATED,1789017946419
2219829,2,VALIDATED,1789017967877
2219829,3,PROCESSED,1789017982619
2219830,1,INITIATED,1789017946421
2219830,2,VALIDATED,1789017967875
2219830,3,PROCESSED,1789017982468
2219831,1,INITIATED,1789017946808
2219831,2,VALIDATED,1789017968044
2219831,3,PROCESSED,1789017982983
2219832,1,INITIATED,1789017946809
2219832,2,VALIDATED,1789017972461
2219832,3,PROCESSED,1789017982981
2219833,1,INITIATED,1789017946809
2219833,2,VALIDATED,1789017980372
2219833,3,PROCESSED,1789017985571
2219834,1,INITIATED,1789017946807
2219834,2,VALIDATED,1789017972459
2219834,3,PROCESSED,1789017982979
2219835,1,INITIATED,1789017946817
2219835,2,VALIDATED,1789017972464
2219835,3,PROCESSED,1789017984159
2219836,1,INITIATED,1789017946810
2219836,2,VALIDATED,1789017980374
2219836,3,PROCESSED,1789017985571
2219837,1,INITIATED,1789017946955
2219837,2,VALIDATED,1789017972463
2219837,3,PROCESSED,1789017985190
2219838,1,INITIATED,1789017946955
2219838,2,VALIDATED,1789017972464
2219838,3,PROCESSED,1789017984023
2219839,1,INITIATED,1789017946956
2219839,2,VALIDATED,1789017972858
2219839,3,PROCESSED,1789017985571
2219840,1,INITIATED,1789017946955
2219840,2,VALIDATED,1789017980377
2219840,3,PROCESSED,1789017985569
2219841,1,INITIATED,1789017946956
2219841,2,VALIDATED,1789017972464
2219841,3,PROCESSED,1789017982976
2219842,1,INITIATED,1789017947820
2219842,2,VALIDATED,1789017972957
2219842,3,PROCESSED,1789017984650
2219843,1,INITIATED,1789017947817
2219843,2,VALIDATED,1789017972866
2219843,3,PROCESSED,1789017984522
2219844,1,INITIATED,1789017947818
2219844,2,VALIDATED,1789017972866
2219844,3,PROCESSED,1789017984524
2219845,1,INITIATED,1789017947819
2219845,2,VALIDATED,1789017969552
2219845,3,PROCESSED,1789017981877
2219846,1,INITIATED,1789017947816
2219846,2,VALIDATED,1789017972859
2219846,3,PROCESSED,1789017983108
2219847,1,INITIATED,1789017947819
2219847,2,VALIDATED,1789017969550
2219847,3,PROCESSED,1789017983110
2219848,1,INITIATED,1789017947819
2219848,2,VALIDATED,1789017969551
2219848,3,PROCESSED,1789017981877
2219849,1,INITIATED,1789017947820
2219849,2,VALIDATED,1789017969552
2219849,3,PROCESSED,1789017983106
2219850,1,INITIATED,1789017947817
2219850,2,VALIDATED,1789017972866
2219850,3,PROCESSED,1789017983109
2219851,1,INITIATED,1789017947817
2219851,2,VALIDATED,1789017972992
2219851,3,PROCESSED,1789017984652
2219852,1,INITIATED,1789017947816
2219852,2,VALIDATED,1789017972860
2219852,3,PROCESSED,1789017984523
2219853,1,INITIATED,1789017947820
2219853,2,VALIDATED,1789017972956
2219853,3,PROCESSED,1789017984524
2219854,1,INITIATED,1789017947817
2219854,2,VALIDATED,1789017972862
2219854,3,PROCESSED,1789017985765
2219855,1,INITIATED,1789017947818
2219855,2,VALIDATED,1789017972866
2219855,3,PROCESSED,1789017984524
2219856,1,INITIATED,1789017947820
2219856,2,VALIDATED,1789017972861
2219856,3,PROCESSED,1789017984524
2219857,1,INITIATED,1789017947820
2219857,2,VALIDATED,1789017972996
2219857,3,REJECTED,1789017983507
2219858,1,INITIATED,1789017952182
2219858,2,VALIDATED,1789017972866
2219858,3,PROCESSED,1789017984524
2219859,1,INITIATED,1789017952186
2219859,2,VALIDATED,1789017972993
2219859,3,PROCESSED,1789017983509
2219860,1,INITIATED,1789017952188
2219860,2,VALIDATED,1789017971566
2219860,3,PROCESSED,1789017982040
2219861,1,INITIATED,1789017952189
2219861,2,VALIDATED,1789017972992
2219861,3,PROCESSED,1789017984646
2219862,1,INITIATED,1789017952189
2219862,2,VALIDATED,1789017972995
2219862,3,PROCESSED,1789017987033
2219863,1,INITIATED,1789017953044
2219863,2,VALIDATED,1789017973521
2219863,3,PROCESSED,1789017983662
2219864,1,INITIATED,1789017953045
2219864,2,VALIDATED,1789017973520
2219864,3,PROCESSED,1789017986151
2219865,1,INITIATED,1789017953044
2219865,2,VALIDATED,1789017981041
2219865,3,PROCESSED,1789017986195
2219866,1,INITIATED,1789017953042
2219866,2,VALIDATED,1789017981038
2219866,3,PROCESSED,1789017986190
2219867,1,INITIATED,1789017953046
2219867,2,VALIDATED,1789017982977
2219867,3,PROCESSED,1789017987054
2219868,1,INITIATED,1789017953043
2219868,2,VALIDATED,1789017984146
2219868,3,PROCESSED,1789017987727
2219869,1,INITIATED,1789017953045
2219869,2,VALIDATED,1789017981041
2219869,3,PROCESSED,1789017985030
2219870,1,INITIATED,1789017953043
2219870,2,VALIDATED,1789017981036
2219870,3,PROCESSED,1789017985028
2219871,1,INITIATED,1789017953044
2219871,2,VALIDATED,1789017982975
2219871,3,PROCESSED,1789017986151
2219872,1,INITIATED,1789017953435
2219872,2,VALIDATED,1789017979926
2219872,3,PROCESSED,1789017984024
2219873,1,INITIATED,1789017953435
2219873,2,VALIDATED,1789017979927
2219873,3,PROCESSED,1789017985188
2219874,1,INITIATED,1789017953435
2219874,2,VALIDATED,1789017979924
2219874,3,PROCESSED,1789017985189
2219875,1,INITIATED,1789017953437
2219875,2,VALIDATED,1789017979928
2219875,3,PROCESSED,1789017984024
2219876,1,INITIATED,1789017953437
2219876,2,VALIDATED,1789017979925
2219876,3,PROCESSED,1789017984025
2219877,1,INITIATED,1789017953437
2219877,2,VALIDATED,1789017979921
2219877,3,PROCESSED,1789017985188
2219878,1,INITIATED,1789017953436
2219878,2,VALIDATED,1789017979928
2219878,3,PROCESSED,1789017984024
2219879,1,INITIATED,1789017953436
2219879,2,VALIDATED,1789017981873
2219879,3,PROCESSED,1789017985190
2219880,1,INITIATED,1789017953460
2219880,2,VALIDATED,1789017983101
2219880,3,REJECTED,1789017987116
2219881,1,INITIATED,1789017955850
2219881,2,VALIDATED,1789017980369
2219881,3,PROCESSED,1789017985569
2219882,1,INITIATED,1789017955853
2219882,2,VALIDATED,1789017972461
2219882,3,PROCESSED,1789017984023
2219883,1,INITIATED,1789017955847
2219883,2,VALIDATED,1789017972464
2219883,3,PROCESSED,1789017982981
2219884,1,INITIATED,1789017956243
2219884,2,VALIDATED,1789017972859
2219884,3,PROCESSED,1789017984523
2219885,1,INITIATED,1789017956248
2219885,2,VALIDATED,1789017980373
2219885,3,PROCESSED,1789017984159
2219886,1,INITIATED,1789017956244
2219886,2,VALIDATED,1789017980374
2219886,3,PROCESSED,1789017985571
2219887,1,INITIATED,1789017956245
2219887,2,VALIDATED,1789017980377
2219887,3,PROCESSED,1789017984150
2219888,1,INITIATED,1789017956245
2219888,2,VALIDATED,1789017980370
2219888,3,REJECTED,1789017984146
2219889,1,INITIATED,1789017956246
2219889,2,VALIDATED,1789017982030
2219889,3,PROCESSED,1789017986555
2219890,1,INITIATED,1789017956246
2219890,2,VALIDATED,1789017980371
2219890,3,PROCESSED,1789017985569
2219891,1,INITIATED,1789017956251
2219891,2,VALIDATED,1789017980371
2219891,3,PROCESSED,1789017985569
2219892,1,INITIATED,1789017956247
2219892,2,VALIDATED,1789017982461
2219892,3,PROCESSED,1789017985765
2219893,1,INITIATED,1789017956249
2219893,2,VALIDATED,1789017980496
2219893,3,PROCESSED,1789017984523
2219894,1,INITIATED,1789017956385
2219894,2,VALIDATED,1789017972996
2219894,3,PROCESSED,1789017983508
2219895,1,INITIATED,1789017956382
2219895,2,VALIDATED,1789017983521
2219895,3,REJECTED,1789017987130
2219896,1,INITIATED,1789017956384
2219896,2,VALIDATED,1789017972997
2219896,3,PROCESSED,1789017983507
2219897,1,INITIATED,1789017956383
2219897,2,VALIDATED,1789017980373
2219897,3,PROCESSED,1789017985571
2219898,1,INITIATED,1789017956383
2219898,2,VALIDATED,1789017986189
2219898,3,PROCESSED,1789017988595
2219899,1,INITIATED,1789017956384
2219899,2,VALIDATED,1789017980378
2219899,3,PROCESSED,1789017985571
2219900,1,INITIATED,1789017957107
2219900,2,VALIDATED,1789017980888
2219900,3,PROCESSED,1789017986146
2219901,1,INITIATED,1789017957104
2219901,2,VALIDATED,1789017980503
2219901,3,PROCESSED,1789017986542
2219902,1,INITIATED,1789017957496
2219902,2,VALIDATED,1789017980889
2219902,3,PROCESSED,1789017987178
2219903,1,INITIATED,1789017957497
2219903,2,VALIDATED,1789017973522
2219903,3,PROCESSED,1789017983663
2219904,1,INITIATED,1789017957497
2219904,2,VALIDATED,1789017980891
2219904,3,PROCESSED,1789017984650
2219905,1,INITIATED,1789017957498
2219905,2,VALIDATED,1789017980890
2219905,3,PROCESSED,1789017986147
2219906,1,INITIATED,1789017957498
2219906,2,VALIDATED,1789017981035
2219906,3,PROCESSED,1789017986151
2219907,1,INITIATED,1789017957498
2219907,2,VALIDATED,1789017973522
2219907,3,PROCESSED,1789017983662
2219908,1,INITIATED,1789017957498
2219908,2,VALIDATED,1789017980892
2219908,3,PROCESSED,1789017984650
2219909,1,INITIATED,1789017957500
2219909,2,VALIDATED,1789017980894
2219909,3,PROCESSED,1789017984652
2219910,1,INITIATED,1789017957499
2219910,2,VALIDATED,1789017980893
2219910,3,PROCESSED,1789017987049
2219911,1,INITIATED,1789017957500
2219911,2,VALIDATED,1789017980891
2219911,3,PROCESSED,1789017990109
2219912,1,INITIATED,1789017957501
2219912,2,VALIDATED,1789017973521
2219912,3,PROCESSED,1789017983663
2219913,1,INITIATED,1789017963178
2219913,2,VALIDATED,1789017981871
2219913,3,PROCESSED,1789017986432
2219914,1,INITIATED,1789017963187
2219914,2,VALIDATED,1789017983100
2219914,3,PROCESSED,1789017987122
2219915,1,INITIATED,1789017963189
2219915,2,VALIDATED,1789017979925
2219915,3,PROCESSED,1789017984024
2219916,1,INITIATED,1789017963183
2219916,2,VALIDATED,1789017979921
2219916,3,PROCESSED,1789017985189
2219917,1,INITIATED,1789017963178
2219917,2,VALIDATED,1789017981873
2219917,3,PROCESSED,1789017986431
2219918,1,INITIATED,1789017963189
2219918,2,VALIDATED,1789017979929
2219918,3,PROCESSED,1789017984033
2219919,1,INITIATED,1789017963189
2219919,2,VALIDATED,1789017981873
2219919,3,PROCESSED,1789017986431
2219920,1,INITIATED,1789017963178
2219920,2,VALIDATED,1789017981871
2219920,3,PROCESSED,1789017986430
2219921,1,INITIATED,1789017963188
2219921,2,VALIDATED,1789017981873
2219921,3,PROCESSED,1789017985189
2219922,1,INITIATED,1789017963189
2219922,2,VALIDATED,1789017983106
2219922,3,PROCESSED,1789017987987
2219923,1,INITIATED,1789017963183
2219923,2,VALIDATED,1789017979925
2219923,3,PROCESSED,1789017984033
2219924,1,INITIATED,1789017963183
2219924,2,VALIDATED,1789017979925
2219924,3,PROCESSED,1789017984024
2219925,1,INITIATED,1789017966423
2219925,2,VALIDATED,1789017984648
2219925,3,PROCESSED,1789017987128
2219926,1,INITIATED,1789017966420
2219926,2,VALIDATED,1789017982030
2219926,3,PROCESSED,1789017986545
2219927,1,INITIATED,1789017966419
2219927,2,VALIDATED,1789017982030
2219927,3,PROCESSED,1789017986554
2219928,1,INITIATED,1789017966419
2219928,2,VALIDATED,1789017980370
2219928,3,REJECTED,1789017985567
2219929,1,INITIATED,1789017966419
2219929,2,VALIDATED,1789017984650
2219929,3,PROCESSED,1789017991900
2219930,1,INITIATED,1789017966421
2219930,2,VALIDATED,1789017980376
2219930,3,PROCESSED,1789017984159
2219931,1,INITIATED,1789017966421
2219931,2,VALIDATED,1789017981890
2219931,3,PROCESSED,1789017986546
2219932,1,INITIATED,1789017966421
2219932,2,VALIDATED,1789017982029
2219932,3,PROCESSED,1789017986548
2219933,1,INITIATED,1789017966425
2219933,2,VALIDATED,1789017983506
2219933,3,PROCESSED,1789017987138
2219934,1,INITIATED,1789017966423
2219934,2,VALIDATED,1789017983505
2219934,3,PROCESSED,1789017986557
2219935,1,INITIATED,1789017966426
2219935,2,VALIDATED,1789017971722
2219935,3,REJECTED,1789017989705
2219936,1,INITIATED,1789017966428
2219936,2,VALIDATED,1789017982028
2219936,3,PROCESSED,1789017986556
2219937,1,INITIATED,1789017966426
2219937,2,VALIDATED,1789017983507
2219937,3,PROCESSED,1789017987132
2219938,1,INITIATED,1789017966426
2219938,2,VALIDATED,1789017980368
2219938,3,PROCESSED,1789017984150
2219939,1,INITIATED,1789017966561
2219939,2,VALIDATED,1789017980503
2219939,3,PROCESSED,1789017985764
2219940,1,INITIATED,1789017966560
2219940,2,VALIDATED,1789017982466
2219940,3,PROCESSED,1789017987033
2219941,1,INITIATED,1789017966561
2219941,2,VALIDATED,1789017980504
2219941,3,PROCESSED,1789017987034
2219942,1,INITIATED,1789017967431
2219942,2,VALIDATED,1789017980500
2219942,3,PROCESSED,1789017985766
2219943,1,INITIATED,1789017967435
2219943,2,VALIDATED,1789017982466
2219943,3,PROCESSED,1789017987032
2219944,1,INITIATED,1789017967432
2219944,2,VALIDATED,1789017980504
2219944,3,PROCESSED,1789017987135
2219945,1,INITIATED,1789017967436
2219945,2,VALIDATED,1789017982461
2219945,3,PROCESSED,1789017985765
2219946,1,INITIATED,1789017967433
2219946,2,VALIDATED,1789017980501
2219946,3,REJECTED,1789017985726
2219947,1,INITIATED,1789017967435
2219947,2,VALIDATED,1789017983520
2219947,3,PROCESSED,1789017987132
2219948,1,INITIATED,1789017967435
2219948,2,VALIDATED,1789017980504
2219948,3,PROCESSED,1789017987142
2219949,1,INITIATED,1789017967435
2219949,2,VALIDATED,1789017980500
2219949,3,PROCESSED,1789017985764
2219950,1,INITIATED,1789017967436
2219950,2,VALIDATED,1789017980504
2219950,3,PROCESSED,1789017987033
2219951,1,INITIATED,1789017967431
2219951,2,VALIDATED,1789017980504
2219951,3,PROCESSED,1789017986558
2219952,1,INITIATED,1789017967437
2219952,2,VALIDATED,1789017980499
2219952,3,PROCESSED,1789017984523
2219953,1,INITIATED,1789017967433
2219953,2,VALIDATED,1789017980499
2219953,3,PROCESSED,1789017987033
2219954,1,INITIATED,1789017967873
2219954,2,VALIDATED,1789017982465
2219954,3,PROCESSED,1789017985765
2219955,1,INITIATED,1789017967873
2219955,2,VALIDATED,1789017980502
2219955,3,PROCESSED,1789017985730
2219956,1,INITIATED,1789017967876
2219956,2,VALIDATED,1789017982610
2219956,3,PROCESSED,1789017986145
2219957,1,INITIATED,1789017967877
2219957,2,VALIDATED,1789017980892
2219957,3,PROCESSED,1789017984652
2219958,1,INITIATED,1789017967873
2219958,2,VALIDATED,1789017982467
2219958,3,PROCESSED,1789017985766
2219959,1,INITIATED,1789017967871
2219959,2,VALIDATED,1789017984017
2219959,3,PROCESSED,1789017987048
2219960,1,INITIATED,1789017967874
2219960,2,VALIDATED,1789017982466
2219960,3,PROCESSED,1789017986558
2219961,1,INITIATED,1789017967875
2219961,2,VALIDATED,1789017982616
2219961,3,PROCESSED,1789017986146
2219962,1,INITIATED,1789017967872
2219962,2,VALIDATED,1789017982463
2219962,3,PROCESSED,1789017987033
2219963,1,INITIATED,1789017967874
2219963,2,VALIDATED,1789017980892
2219963,3,PROCESSED,1789017984651
2219964,1,INITIATED,1789017967877
2219964,2,VALIDATED,1789017982611
2219964,3,PROCESSED,1789017986147
2219965,1,INITIATED,1789017967878
2219965,2,VALIDATED,1789017980892
2219965,3,PROCESSED,1789017984652
2219966,1,INITIATED,1789017967877
2219966,2,VALIDATED,1789017984020
2219966,3,PROCESSED,1789017987723
2219967,1,INITIATED,1789017969055
2219967,2,VALIDATED,1789017982978
2219967,3,PROCESSED,1789017987058
2219968,1,INITIATED,1789017969056
2219968,2,VALIDATED,1789017982977
2219968,3,PROCESSED,1789017986191
2219969,1,INITIATED,1789017969057
2219969,2,VALIDATED,1789017981038
2219969,3,PROCESSED,1789017985030
2219970,1,INITIATED,1789017969055
2219970,2,VALIDATED,1789017981036
2219970,3,PROCESSED,1789017985030
2219971,1,INITIATED,1789017969054
2219971,2,VALIDATED,1789017982976
2219971,3,PROCESSED,1789017987056
2219972,1,INITIATED,1789017969056
2219972,2,VALIDATED,1789017981041
2219972,3,PROCESSED,1789017985030
2219973,1,INITIATED,1789017969540
2219973,2,VALIDATED,1789017982981
2219973,3,PROCESSED,1789017987054
2219974,1,INITIATED,1789017969541
2219974,2,VALIDATED,1789017984147
2219974,3,PROCESSED,1789017987727
2219975,1,INITIATED,1789017969543
2219975,2,VALIDATED,1789017982980
2219975,3,PROCESSED,1789017987058
2219976,1,INITIATED,1789017969545
2219976,2,VALIDATED,1789017982974
2219976,3,PROCESSED,1789017987053
2219977,1,INITIATED,1789017969545
2219977,2,VALIDATED,1789017981040
2219977,3,PROCESSED,1789017985027
2219978,1,INITIATED,1789017969546
2219978,2,VALIDATED,1789017981041
2219978,3,PROCESSED,1789017986151
2219979,1,INITIATED,1789017969547
2219979,2,VALIDATED,1789017981038
2219979,3,PROCESSED,1789017985029
2219980,1,INITIATED,1789017969548
2219980,2,VALIDATED,1789017981034
2219980,3,PROCESSED,1789017986190
2219981,1,INITIATED,1789017969547
2219981,2,VALIDATED,1789017981034
2219981,3,PROCESSED,1789017985030
2219982,1,INITIATED,1789017969547
2219982,2,VALIDATED,1789017984148
2219982,3,PROCESSED,1789017987727
2219983,1,INITIATED,1789017969548
2219983,2,VALIDATED,1789017986447
2219983,3,PROCESSED,1789017990113
2219984,1,INITIATED,1789017969548
2219984,2,VALIDATED,1789017982982
2219984,3,PROCESSED,1789017987058
2219985,1,INITIATED,1789017969551
2219985,2,VALIDATED,1789017981874
2219985,3,PROCESSED,1789017985190
2219986,1,INITIATED,1789017969550
2219986,2,VALIDATED,1789017981874
2219986,3,PROCESSED,1789017985190
2219987,1,INITIATED,1789017969550
2219987,2,VALIDATED,1789017981876
2219987,3,PROCESSED,1789017985189
2219988,1,INITIATED,1789017969549
2219988,2,VALIDATED,1789017982977
2219988,3,PROCESSED,1789017987058
2219989,1,INITIATED,1789017969551
2219989,2,VALIDATED,1789017981875
2219989,3,PROCESSED,1789017986431
2219990,1,INITIATED,1789017969552
2219990,2,VALIDATED,1789017983099
2219990,3,PROCESSED,1789017987119
2219991,1,INITIATED,1789017969550
2219991,2,VALIDATED,1789017981874
2219991,3,PROCESSED,1789017985188
2219992,1,INITIATED,1789017969552
2219992,2,VALIDATED,1789017983104
2219992,3,PROCESSED,1789017987058
2219993,1,INITIATED,1789017969552
2219993,2,VALIDATED,1789017983104
2219993,3,PROCESSED,1789017987119
2219994,1,INITIATED,1789017969554
2219994,2,VALIDATED,1789017981875
2219994,3,PROCESSED,1789017985188
2219995,1,INITIATED,1789017971566
2219995,2,VALIDATED,1789017983503
2219995,3,PROCESSED,1789017987126
2219996,1,INITIATED,1789017971568
2219996,2,VALIDATED,1789017983501
2219996,3,PROCESSED,1789017987122
2219997,1,INITIATED,1789017971565
2219997,2,VALIDATED,1789017982027
2219997,3,REJECTED,1789017987128
2219998,1,INITIATED,1789017971567
2219998,2,VALIDATED,1789017982026
2219998,3,PROCESSED,1789017987140
2219999,1,INITIATED,1789017971566
2219999,2,VALIDATED,1789017983107
2219999,3,PROCESSED,1789017987120
2220000,1,INITIATED,1789017971565
2220000,2,VALIDATED,1789017982026
2220000,3,PROCESSED,1789017986540
2220001,1,INITIATED,1789017971567
2220001,2,VALIDATED,1789017983106
2220001,3,PROCESSED,1789017986427
2220002,1,INITIATED,1789017971566
2220002,2,VALIDATED,1789017982464
2220002,3,PROCESSED,1789017987033
2220003,1,INITIATED,1789017971565
2220003,2,VALIDATED,1789017982030
2220003,3,PROCESSED,1789017986541
2220004,1,INITIATED,1789017971566
2220004,2,VALIDATED,1789017982026
2220004,3,PROCESSED,1789017985569
2220005,1,INITIATED,1789017971567
2220005,2,VALIDATED,1789017982030
2220005,3,PROCESSED,1789017986555
2220006,1,INITIATED,1789017971567
2220006,2,VALIDATED,1789017982030
2220006,3,PROCESSED,1789017985570
2220007,1,INITIATED,1789017971566
2220007,2,VALIDATED,1789017982026
2220007,3,PROCESSED,1789017986556
2220008,1,INITIATED,1789017971567
2220008,2,VALIDATED,1789017983504
2220008,3,PROCESSED,1789017987138
2220009,1,INITIATED,1789017971568
2220009,2,VALIDATED,1789017982027
2220009,3,PROCESSED,1789017986541
2220010,1,INITIATED,1789017971565
2220010,2,VALIDATED,1789017982025
2220010,3,REJECTED,1789017985567
2220011,1,INITIATED,1789017971560
2220011,2,VALIDATED,1789017983506
2220011,3,PROCESSED,1789017987128
2220012,1,INITIATED,1789017971558
2220012,2,VALIDATED,1789017983108
2220012,3,PROCESSED,1789017987058
2220013,1,INITIATED,1789017971560
2220013,2,VALIDATED,1789017981872
2220013,3,PROCESSED,1789017985190
2220014,1,INITIATED,1789017971575
2220014,2,VALIDATED,1789017982026
2220014,3,PROCESSED,1789017987134
2220015,1,INITIATED,1789017971721
2220015,2,VALIDATED,1789017983503
2220015,3,PROCESSED,1789017987124
2220016,1,INITIATED,1789017971724
2220016,2,VALIDATED,1789017982028
2220016,3,PROCESSED,1789017985570
2220017,1,INITIATED,1789017971726
2220017,2,VALIDATED,1789017983505
2220017,3,PROCESSED,1789017987135
2220018,1,INITIATED,1789017971722
2220018,2,VALIDATED,1789017982028
2220018,3,PROCESSED,1789017987142
2220019,1,INITIATED,1789017971722
2220019,2,VALIDATED,1789017984648
2220019,3,PROCESSED,1789017988461
2220020,1,INITIATED,1789017971723
2220020,2,VALIDATED,1789017986142
2220020,3,PROCESSED,1789017999133
2220021,1,INITIATED,1789017971723
2220021,2,VALIDATED,1789017983505
2220021,3,PROCESSED,1789017987131
2220022,1,INITIATED,1789017971723
2220022,2,VALIDATED,1789017982030
2220022,3,PROCESSED,1789017986557
2220023,1,INITIATED,1789017971725
2220023,2,VALIDATED,1789017983507
2220023,3,PROCESSED,1789017987135
2220024,1,INITIATED,1789017971725
2220024,2,VALIDATED,1789017983505
2220024,3,PROCESSED,1789017987139
2220025,1,INITIATED,1789017971724
2220025,2,VALIDATED,1789017983505
2220025,3,PROCESSED,1789017986556
2220026,1,INITIATED,1789017971725
2220026,2,VALIDATED,1789017982027
2220026,3,PROCESSED,1789017986556
2220027,1,INITIATED,1789017971726
2220027,2,VALIDATED,1789017983654
2220027,3,PROCESSED,1789017987142
2220028,1,INITIATED,1789017971725
2220028,2,VALIDATED,1789017982466
2220028,3,PROCESSED,1789017985732
2220029,1,INITIATED,1789017971726
2220029,2,VALIDATED,1789017982464
2220029,3,PROCESSED,1789017985766
2220030,1,INITIATED,1789017971732
2220030,2,VALIDATED,1789017983508
2220030,3,PROCESSED,1789017986557
2220031,1,INITIATED,1789017971732
2220031,2,VALIDATED,1789017982467
2220031,3,PROCESSED,1789017986558
2220032,1,INITIATED,1789017972278
2220032,2,VALIDATED,1789017983662
2220032,3,PROCESSED,1789017987144
2220033,1,INITIATED,1789017972273
2220033,2,VALIDATED,1789017984017
2220033,3,PROCESSED,1789017987177
2220034,1,INITIATED,1789017972278
2220034,2,VALIDATED,1789017985184
2220034,3,PROCESSED,1789017993356
2220035,1,INITIATED,1789017972278
2220035,2,VALIDATED,1789017984019
2220035,3,PROCESSED,1789017987050
2220036,1,INITIATED,1789017972279
2220036,2,VALIDATED,1789017982615
2220036,3,PROCESSED,1789017986145
2220037,1,INITIATED,1789017972281
2220037,2,VALIDATED,1789017982615
2220037,3,PROCESSED,1789017986145
2220038,1,INITIATED,1789017972277
2220038,2,VALIDATED,1789017984021
2220038,3,PROCESSED,1789017987044
2220039,1,INITIATED,1789017972272
2220039,2,VALIDATED,1789017983662
2220039,3,PROCESSED,1789017987145
2220040,1,INITIATED,1789017972279
2220040,2,VALIDATED,1789017984018
2220040,3,PROCESSED,1789017987048
2220041,1,INITIATED,1789017972275
2220041,2,VALIDATED,1789017982616
2220041,3,PROCESSED,1789017987726
2220042,1,INITIATED,1789017972279
2220042,2,VALIDATED,1789017986424
2220042,3,PROCESSED,1789017989707
2220043,1,INITIATED,1789017972276
2220043,2,VALIDATED,1789017982614
2220043,3,PROCESSED,1789017986147
2220044,1,INITIATED,1789017972271
2220044,2,VALIDATED,1789017985181
2220044,3,PROCESSED,1789017989708
2220045,1,INITIATED,1789017972280
2220045,2,VALIDATED,1789017982615
2220045,3,PROCESSED,1789017987722
2220046,1,INITIATED,1789017972280
2220046,2,VALIDATED,1789017985186
2220046,3,PROCESSED,1789018002668
2220047,1,INITIATED,1789017972279
2220047,2,VALIDATED,1789017982616
2220047,3,PROCESSED,1789017987152
2220048,1,INITIATED,1789017972421
2220048,2,VALIDATED,1789017986429
2220048,3,PROCESSED,1789017987142
2220049,1,INITIATED,1789017972421
2220049,2,VALIDATED,1789017982616
2220049,3,PROCESSED,1789017986146
2220050,1,INITIATED,1789017972458
2220050,2,VALIDATED,1789017984018
2220050,3,PROCESSED,1789017987725
2220051,1,INITIATED,1789017972459
2220051,2,VALIDATED,1789017982975
2220051,3,PROCESSED,1789017987056
2220052,1,INITIATED,1789017972462
2220052,2,VALIDATED,1789017985186
2220052,3,PROCESSED,1789017989708
2220053,1,INITIATED,1789017972461
2220053,2,VALIDATED,1789017982615
2220053,3,PROCESSED,1789017986146
2220054,1,INITIATED,1789017972461
2220054,2,VALIDATED,1789017982976
2220054,3,PROCESSED,1789017987057
2220055,1,INITIATED,1789017972462
2220055,2,VALIDATED,1789017985185
2220055,3,PROCESSED,1789017989709
2220056,1,INITIATED,1789017972464
2220056,2,VALIDATED,1789017985181
2220056,3,PROCESSED,1789017989709
2220057,1,INITIATED,1789017972462
2220057,2,VALIDATED,1789017982660
2220057,3,PROCESSED,1789017986149
2220058,1,INITIATED,1789017972464
2220058,2,VALIDATED,1789017982660
2220058,3,PROCESSED,1789017987725
2220059,1,INITIATED,1789017972463
2220059,2,VALIDATED,1789017985183
2220059,3,PROCESSED,1789017989708
2220060,1,INITIATED,1789017972861
2220060,2,VALIDATED,1789017985731
2220060,3,PROCESSED,1789017987988
2220061,1,INITIATED,1789017972860
2220061,2,VALIDATED,1789017987026
2220061,3,PROCESSED,1789017991281
2220062,1,INITIATED,1789017972862
2220062,2,VALIDATED,1789017984520
2220062,3,PROCESSED,1789017987985
2220063,1,INITIATED,1789017972856
2220063,2,VALIDATED,1789017984190
2220063,3,PROCESSED,1789017987984
2220064,1,INITIATED,1789017972855
2220064,2,VALIDATED,1789017984192
2220064,3,PROCESSED,1789017987985
2220065,1,INITIATED,1789017972857
2220065,2,VALIDATED,1789017984161
2220065,3,PROCESSED,1789017987728
2220066,1,INITIATED,1789017972860
2220066,2,VALIDATED,1789017985731
2220066,3,PROCESSED,1789017987987
2220067,1,INITIATED,1789017972860
2220067,2,VALIDATED,1789017983105
2220067,3,PROCESSED,1789017987119
2220068,1,INITIATED,1789017972858
2220068,2,VALIDATED,1789017984149
2220068,3,PROCESSED,1789017987728
2220069,1,INITIATED,1789017972859
2220069,2,VALIDATED,1789017983107
2220069,3,PROCESSED,1789017987118
2220070,1,INITIATED,1789017972862
2220070,2,VALIDATED,1789017985728
2220070,3,PROCESSED,1789017987986
2220071,1,INITIATED,1789017972861
2220071,2,VALIDATED,1789017983103
2220071,3,PROCESSED,1789017991284
2220072,1,INITIATED,1789017972861
2220072,2,VALIDATED,1789017984193
2220072,3,PROCESSED,1789017987987
2220073,1,INITIATED,1789017972861
2220073,2,VALIDATED,1789017985725
2220073,3,PROCESSED,1789017991283
2220074,1,INITIATED,1789017972957
2220074,2,VALIDATED,1789017984648
2220074,3,PROCESSED,1789017988459
2220075,1,INITIATED,1789017972956
2220075,2,VALIDATED,1789017984534
2220075,3,PROCESSED,1789017987130
2220076,1,INITIATED,1789017972958
2220076,2,VALIDATED,1789017984649
2220076,3,PROCESSED,1789017991901
2220077,1,INITIATED,1789017972995
2220077,2,VALIDATED,1789017984520
2220077,3,PROCESSED,1789017988459
2220078,1,INITIATED,1789017972995
2220078,2,VALIDATED,1789017984534
2220078,3,PROCESSED,1789017988461
2220079,1,INITIATED,1789017972993
2220079,2,VALIDATED,1789017984534
2220079,3,PROCESSED,1789017995771
2220080,1,INITIATED,1789017972995
2220080,2,VALIDATED,1789017984648
2220080,3,PROCESSED,1789017988459
2220081,1,INITIATED,1789017972995
2220081,2,VALIDATED,1789017984522
2220081,3,PROCESSED,1789017988458
2220082,1,INITIATED,1789017972993
2220082,2,VALIDATED,1789017986138
2220082,3,PROCESSED,1789017988461
2220083,1,INITIATED,1789017972994
2220083,2,VALIDATED,1789017984647
2220083,3,PROCESSED,1789017988460
2220084,1,INITIATED,1789017973002
2220084,2,VALIDATED,1789017986142
2220084,3,PROCESSED,1789017991901
2220085,1,INITIATED,1789017973523
2220085,2,VALIDATED,1789017983659
2220085,3,PROCESSED,1789017988609
2220086,1,INITIATED,1789017973524
2220086,2,VALIDATED,1789017985029
2220086,3,PROCESSED,1789017999904
2220087,1,INITIATED,1789017973527
2220087,2,VALIDATED,1789017985026
2220087,3,PROCESSED,1789017987145
2220088,1,INITIATED,1789017973527
2220088,2,VALIDATED,1789017983659
2220088,3,PROCESSED,1789017987146
2220089,1,INITIATED,1789017973524
2220089,2,VALIDATED,1789017985031
2220089,3,PROCESSED,1789017987146
2220090,1,INITIATED,1789017973525
2220090,2,VALIDATED,1789017983658
2220090,3,PROCESSED,1789017987031
2220091,1,INITIATED,1789017973525
2220091,2,VALIDATED,1789017986189
2220091,3,PROCESSED,1789017988596
2220092,1,INITIATED,1789017973527
2220092,2,VALIDATED,1789017983661
2220092,3,PROCESSED,1789017987033
2220093,1,INITIATED,1789017973526
2220093,2,VALIDATED,1789017985030
2220093,3,PROCESSED,1789017993380
2220094,1,INITIATED,1789017973521
2220094,2,VALIDATED,1789017987048
2220094,3,PROCESSED,1789017991898
2220095,1,INITIATED,1789017973528
2220095,2,VALIDATED,1789017985028
2220095,3,PROCESSED,1789017989709
2220096,1,INITIATED,1789017973527
2220096,2,VALIDATED,1789017983661
2220096,3,PROCESSED,1789017987146
2220097,1,INITIATED,1789017973519
2220097,2,VALIDATED,1789017983659
2220097,3,PROCESSED,1789017987145
2220098,1,INITIATED,1789017973522
2220098,2,VALIDATED,1789017985031
2220098,3,PROCESSED,1789017988606
2220099,1,INITIATED,1789017973526
2220099,2,VALIDATED,1789017985030
2220099,3,PROCESSED,1789018002661
2220100,1,INITIATED,1789017973522
2220100,2,VALIDATED,1789017986149
2220100,3,PROCESSED,1789017992924
2220101,1,INITIATED,1789017973525
2220101,2,VALIDATED,1789017986188
2220101,3,PROCESSED,1789017988595
2220102,1,INITIATED,1789017973526
2220102,2,VALIDATED,1789017987050
2220102,3,PROCESSED,1789017996170
2220103,1,INITIATED,1789017973525
2220103,2,VALIDATED,1789017983661
2220103,3,PROCESSED,1789017987145
2220104,1,INITIATED,1789017973523
2220104,2,VALIDATED,1789017983662
2220104,3,PROCESSED,1789017987136
2220105,1,INITIATED,1789017973528
2220105,2,VALIDATED,1789017983660
2220105,3,REJECTED,1789017987029
2220106,1,INITIATED,1789017973526
2220106,2,VALIDATED,1789017983661
2220106,3,PROCESSED,1789017988609
2220107,1,INITIATED,1789017973555
2220107,2,VALIDATED,1789017984019
2220107,3,REJECTED,1789017987042
2220108,1,INITIATED,1789017979923
2220108,2,VALIDATED,1789017985187
2220108,3,REJECTED,1789017989702
2220109,1,INITIATED,1789017979924
2220109,2,VALIDATED,1789017987056
2220109,3,PROCESSED,1789017996173
2220110,1,INITIATED,1789017979927
2220110,2,VALIDATED,1789017987057
2220110,3,PROCESSED,1789017996173
2220111,1,INITIATED,1789017979930
2220111,2,VALIDATED,1789017986429
2220111,3,PROCESSED,1789017994424
2220112,1,INITIATED,1789017979932
2220112,2,VALIDATED,1789017985184
2220112,3,PROCESSED,1789017994427
2220113,1,INITIATED,1789017979926
2220113,2,VALIDATED,1789017984018
2220113,3,PROCESSED,1789017987046
2220114,1,INITIATED,1789017979926
2220114,2,VALIDATED,1789017984023
2220114,3,REJECTED,1789017987044
2220115,1,INITIATED,1789017979932
2220115,2,VALIDATED,1789017985187
2220115,3,PROCESSED,1789017987726
2220116,1,INITIATED,1789017979930
2220116,2,VALIDATED,1789017985186
2220116,3,PROCESSED,1789017993486
2220117,1,INITIATED,1789017979931
2220117,2,VALIDATED,1789017984017
2220117,3,PROCESSED,1789017984160
2220118,1,INITIATED,1789017979929
2220118,2,VALIDATED,1789017984021
2220118,3,PROCESSED,1789017989709
2220119,1,INITIATED,1789017979931
2220119,2,VALIDATED,1789017986427
2220119,3,PROCESSED,1789017994425
2220120,1,INITIATED,1789017979931
2220120,2,VALIDATED,1789017984022
2220120,3,PROCESSED,1789017989708
2220121,1,INITIATED,1789017979930
2220121,2,VALIDATED,1789017986426
2220121,3,REJECTED,1789017993489
2220122,1,INITIATED,1789017979932
2220122,2,VALIDATED,1789017984149
2220122,3,REJECTED,1789017987725
2220123,1,INITIATED,1789017979975
2220123,2,VALIDATED,1789017985566
2220123,3,PROCESSED,1789017990113
2220124,1,INITIATED,1789017980367
2220124,2,VALIDATED,1789017984148
2220124,3,PROCESSED,1789017987727
2220125,1,INITIATED,1789017980367
2220125,2,VALIDATED,1789017985567
2220125,3,PROCESSED,1789017990113
2220126,1,INITIATED,1789017980367
2220126,2,VALIDATED,1789017984150
2220126,3,PROCESSED,1789017987728
2220127,1,INITIATED,1789017980368
2220127,2,VALIDATED,1789017984149
2220127,3,PROCESSED,1789017990110
2220128,1,INITIATED,1789017980368
2220128,2,VALIDATED,1789017985568
2220128,3,PROCESSED,1789018003221
2220129,1,INITIATED,1789017980373
2220129,2,VALIDATED,1789017984148
2220129,3,PROCESSED,1789017987728
2220130,1,INITIATED,1789017980373
2220130,2,VALIDATED,1789017986542
2220130,3,PROCESSED,1789017990114
2220131,1,INITIATED,1789017980375
2220131,2,VALIDATED,1789017986543
2220131,3,PROCESSED,1789017990110
2220132,1,INITIATED,1789017980377
2220132,2,VALIDATED,1789017986543
2220132,3,PROCESSED,1789017990112
2220133,1,INITIATED,1789017980378
2220133,2,VALIDATED,1789017984150
2220133,3,PROCESSED,1789017987053
2220134,1,INITIATED,1789017980497
2220134,2,VALIDATED,1789017984192
2220134,3,PROCESSED,1789017987728
2220135,1,INITIATED,1789017980498
2220135,2,VALIDATED,1789017984519
2220135,3,PROCESSED,1789017987988
2220136,1,INITIATED,1789017980499
2220136,2,VALIDATED,1789017985727
2220136,3,PROCESSED,1789017994854
2220137,1,INITIATED,1789017980499
2220137,2,VALIDATED,1789017984193
2220137,3,PROCESSED,1789017987988
2220138,1,INITIATED,1789017980504
2220138,2,VALIDATED,1789017984521
2220138,3,PROCESSED,1789017987122
2220139,1,INITIATED,1789017980501
2220139,2,VALIDATED,1789017985728
2220139,3,PROCESSED,1789017987985
2220140,1,INITIATED,1789017980501
2220140,2,VALIDATED,1789017984192
2220140,3,PROCESSED,1789017987988
2220141,1,INITIATED,1789017980504
2220141,2,VALIDATED,1789017987033
2220141,3,PROCESSED,1789017991284
2220142,1,INITIATED,1789017980504
2220142,2,VALIDATED,1789017985730
2220142,3,PROCESSED,1789018001823
2220143,1,INITIATED,1789017980502
2220143,2,VALIDATED,1789017984517
2220143,3,PROCESSED,1789017987989
2220144,1,INITIATED,1789017980503
2220144,2,VALIDATED,1789017985725
2220144,3,PROCESSED,1789017987986
2220145,1,INITIATED,1789017980504
2220145,2,VALIDATED,1789017985727
2220145,3,PROCESSED,1789017994855
2220146,1,INITIATED,1789017980502
2220146,2,VALIDATED,1789017984520
2220146,3,PROCESSED,1789017987988
2220147,1,INITIATED,1789017980504
2220147,2,VALIDATED,1789017987025
2220147,3,PROCESSED,1789017991282
2220148,1,INITIATED,1789017980503
2220148,2,VALIDATED,1789017985730
2220148,3,PROCESSED,1789017987984
2220149,1,INITIATED,1789017980503
2220149,2,VALIDATED,1789017984194
2220149,3,PROCESSED,1789017991286
2220150,1,INITIATED,1789017980504
2220150,2,VALIDATED,1789017987028
2220150,3,PROCESSED,1789017995772
2220151,1,INITIATED,1789017980890
2220151,2,VALIDATED,1789017984648
2220151,3,PROCESSED,1789017988460
2220152,1,INITIATED,1789017980893
2220152,2,VALIDATED,1789017984645
2220152,3,PROCESSED,1789017988460
2220153,1,INITIATED,1789017980895
2220153,2,VALIDATED,1789017984649
2220153,3,PROCESSED,1789017988462
2220154,1,INITIATED,1789017980894
2220154,2,VALIDATED,1789017984646
2220154,3,PROCESSED,1789018002211
2220155,1,INITIATED,1789017980893
2220155,2,VALIDATED,1789017986141
2220155,3,PROCESSED,1789017995773
2220156,1,INITIATED,1789017980894
2220156,2,VALIDATED,1789017987046
2220156,3,PROCESSED,1789017996171
2220157,1,INITIATED,1789017980890
2220157,2,VALIDATED,1789017987044
2220157,3,PROCESSED,1789017995773
2220158,1,INITIATED,1789017980891
2220158,2,VALIDATED,1789017987046
2220158,3,PROCESSED,1789017991900
2220159,1,INITIATED,1789017980886
2220159,2,VALIDATED,1789017986145
2220159,3,PROCESSED,1789017992925
2220160,1,INITIATED,1789017980893
2220160,2,VALIDATED,1789017984644
2220160,3,PROCESSED,1789017988461
2220161,1,INITIATED,1789017980888
2220161,2,VALIDATED,1789017994422
2220161,3,PROCESSED,1789018002326
2220162,1,INITIATED,1789017980893
2220162,2,VALIDATED,1789017986143
2220162,3,PROCESSED,1789017998991
2220163,1,INITIATED,1789017981037
2220163,2,VALIDATED,1789017985028
2220163,3,PROCESSED,1789017988609
2220164,1,INITIATED,1789017981040
2220164,2,VALIDATED,1789017985025
2220164,3,PROCESSED,1789017992929
2220165,1,INITIATED,1789017981037
2220165,2,VALIDATED,1789017987049
2220165,3,PROCESSED,1789017996172
2220166,1,INITIATED,1789017981041
2220166,2,VALIDATED,1789017985026
2220166,3,PROCESSED,1789017992927
2220167,1,INITIATED,1789017981040
2220167,2,VALIDATED,1789017986149
2220167,3,PROCESSED,1789017999908
2220168,1,INITIATED,1789017981036
2220168,2,VALIDATED,1789017984520
2220168,3,PROCESSED,1789017988458
2220169,1,INITIATED,1789017981040
2220169,2,VALIDATED,1789017986147
2220169,3,PROCESSED,1789017999904
2220170,1,INITIATED,1789017981039
2220170,2,VALIDATED,1789017985024
2220170,3,PROCESSED,1789017988596
2220171,1,INITIATED,1789017981041
2220171,2,VALIDATED,1789017985028
2220171,3,PROCESSED,1789017992926
2220172,1,INITIATED,1789017981037
2220172,2,VALIDATED,1789017985025
2220172,3,PROCESSED,1789017987139
2220173,1,INITIATED,1789017981042
2220173,2,VALIDATED,1789017985026
2220173,3,PROCESSED,1789017989708
2220174,1,INITIATED,1789017981041
2220174,2,VALIDATED,1789017986189
2220174,3,PROCESSED,1789017988607
2220175,1,INITIATED,1789017981039
2220175,2,VALIDATED,1789017986146
2220175,3,PROCESSED,1789017992927
2220176,1,INITIATED,1789017981870
2220176,2,VALIDATED,1789017985184
2220176,3,PROCESSED,1789017997099
2220177,1,INITIATED,1789017981875
2220177,2,VALIDATED,1789017987055
2220177,3,PROCESSED,1789017996172
2220178,1,INITIATED,1789017981876
2220178,2,VALIDATED,1789017986429
2220178,3,PROCESSED,1789017997509
2220179,1,INITIATED,1789017981874
2220179,2,VALIDATED,1789017986425
2220179,3,PROCESSED,1789017997096
2220180,1,INITIATED,1789017981873
2220180,2,VALIDATED,1789017987109
2220180,3,PROCESSED,1789017999907
2220181,1,INITIATED,1789017981873
2220181,2,VALIDATED,1789017986426
2220181,3,PROCESSED,1789017989708
2220182,1,INITIATED,1789017981875
2220182,2,VALIDATED,1789017985182
2220182,3,PROCESSED,1789017993380
2220183,1,INITIATED,1789017981876
2220183,2,VALIDATED,1789017986424
2220183,3,PROCESSED,1789017989707
2220184,1,INITIATED,1789017981875
2220184,2,VALIDATED,1789017985183
2220184,3,PROCESSED,1789017989708
2220185,1,INITIATED,1789017981872
2220185,2,VALIDATED,1789017986429
2220185,3,PROCESSED,1789017993381
2220186,1,INITIATED,1789017981876
2220186,2,VALIDATED,1789017986426
2220186,3,PROCESSED,1789017997505
2220187,1,INITIATED,1789017981875
2220187,2,VALIDATED,1789017986429
2220187,3,PROCESSED,1789017994426
2220188,1,INITIATED,1789017981874
2220188,2,VALIDATED,1789017987115
2220188,3,REJECTED,1789017999899
2220189,1,INITIATED,1789017981875
2220189,2,VALIDATED,1789017986428
2220189,3,PROCESSED,1789017993380
2220190,1,INITIATED,1789017982024
2220190,2,VALIDATED,1789017986544
2220190,3,PROCESSED,1789018001283
2220191,1,INITIATED,1789017982025
2220191,2,VALIDATED,1789017986447
2220191,3,PROCESSED,1789017994426
2220192,1,INITIATED,1789017982029
2220192,2,VALIDATED,1789017986547
2220192,3,PROCESSED,1789017990113
2220193,1,INITIATED,1789017982029
2220193,2,VALIDATED,1789017986446
2220193,3,PROCESSED,1789017990113
2220194,1,INITIATED,1789017982028
2220194,2,VALIDATED,1789017985568
2220194,3,PROCESSED,1789017994426
2220195,1,INITIATED,1789017982029
2220195,2,VALIDATED,1789017985564
2220195,3,PROCESSED,1789017994427
2220196,1,INITIATED,1789017982029
2220196,2,VALIDATED,1789017986446
2220196,3,PROCESSED,1789017994425
2220197,1,INITIATED,1789017982135
2220197,2,VALIDATED,1789017987031
2220197,3,PROCESSED,1789017991284
2220198,1,INITIATED,1789017982467
2220198,2,VALIDATED,1789017987029
2220198,3,PROCESSED,1789017991283
2220199,1,INITIATED,1789017982462
2220199,2,VALIDATED,1789017987032
2220199,3,PROCESSED,1789017998549
2220200,1,INITIATED,1789017982465
2220200,2,VALIDATED,1789017987028
2220200,3,PROCESSED,1789017991285
2220201,1,INITIATED,1789017982462
2220201,2,VALIDATED,1789017987032
2220201,3,PROCESSED,1789017991285
2220202,1,INITIATED,1789017982462
2220202,2,VALIDATED,1789017987028
2220202,3,PROCESSED,1789017998549
2220203,1,INITIATED,1789017982461
2220203,2,VALIDATED,1789017987033
2220203,3,PROCESSED,1789017995771
2220204,1,INITIATED,1789017982463
2220204,2,VALIDATED,1789017986555
2220204,3,PROCESSED,1789017994427
2220205,1,INITIATED,1789017982463
2220205,2,VALIDATED,1789017988607
2220205,3,PROCESSED,1789017997507
2220206,1,INITIATED,1789017982462
2220206,2,VALIDATED,1789017987032
2220206,3,PROCESSED,1789017994855
2220207,1,INITIATED,1789017982465
2220207,2,VALIDATED,1789017987145
2220207,3,PROCESSED,1789017993382
2220208,1,INITIATED,1789017982465
2220208,2,VALIDATED,1789017987028
2220208,3,PROCESSED,1789017991283
2220209,1,INITIATED,1789017982467
2220209,2,VALIDATED,1789017985726
2220209,3,PROCESSED,1789017987983
2220210,1,INITIATED,1789017982466
2220210,2,VALIDATED,1789017985732
2220210,3,PROCESSED,1789017995771
2220211,1,INITIATED,1789017982467
2220211,2,VALIDATED,1789017985727
2220211,3,PROCESSED,1789017987988
2220212,1,INITIATED,1789017982466
2220212,2,VALIDATED,1789017985731
2220212,3,PROCESSED,1789017987985
2220213,1,INITIATED,1789017982465
2220213,2,VALIDATED,1789017986547
2220213,3,PROCESSED,1789018002762
2220214,1,INITIATED,1789017982466
2220214,2,VALIDATED,1789017985726
2220214,3,PROCESSED,1789017991283
2220215,1,INITIATED,1789017982477
2220215,2,VALIDATED,1789017987176
2220215,3,PROCESSED,1789018001788
2220216,1,INITIATED,1789017982616
2220216,2,VALIDATED,1789017987176
2220216,3,PROCESSED,1789017994854
2220217,1,INITIATED,1789017982614
2220217,2,VALIDATED,1789017987036
2220217,3,PROCESSED,1789017995772
2220218,1,INITIATED,1789017982616
2220218,2,VALIDATED,1789017987042
2220218,3,PROCESSED,1789017991900
2220219,1,INITIATED,1789017982619
2220219,2,VALIDATED,1789017986141
2220219,3,PROCESSED,1789017988460
2220220,1,INITIATED,1789017982618
2220220,2,VALIDATED,1789017986140
2220220,3,PROCESSED,1789018002326
2220221,1,INITIATED,1789017982619
2220221,2,VALIDATED,1789017986144
2220221,3,PROCESSED,1789017999001
2220222,1,INITIATED,1789017982617
2220222,2,VALIDATED,1789017987032
2220222,3,PROCESSED,1789018003226
2220223,1,INITIATED,1789017982617
2220223,2,VALIDATED,1789017987030
2220223,3,PROCESSED,1789017991284
2220224,1,INITIATED,1789017982618
2220224,2,VALIDATED,1789017987031
2220224,3,PROCESSED,1789017991284
2220225,1,INITIATED,1789017982619
2220225,2,VALIDATED,1789017986143
2220225,3,PROCESSED,1789017998989
2220226,1,INITIATED,1789017982618
2220226,2,VALIDATED,1789017986143
2220226,3,PROCESSED,1789018002210
2220227,1,INITIATED,1789017982618
2220227,2,VALIDATED,1789017987175
2220227,3,PROCESSED,1789018001285
2220228,1,INITIATED,1789017982620
2220228,2,VALIDATED,1789017994423
2220228,3,PROCESSED,1789018006341
2220229,1,INITIATED,1789017982660
2220229,2,VALIDATED,1789017987045
2220229,3,PROCESSED,1789017991899
2220230,1,INITIATED,1789017982660
2220230,2,VALIDATED,1789017986144
2220230,3,PROCESSED,1789017995772
2220231,1,INITIATED,1789017982662
2220231,2,VALIDATED,1789017987046
2220231,3,PROCESSED,1789017991899
2220232,1,INITIATED,1789017982662
2220232,2,VALIDATED,1789017987045
2220232,3,PROCESSED,1789017991898
2220233,1,INITIATED,1789017982977
2220233,2,VALIDATED,1789017986149
2220233,3,PROCESSED,1789017992927
2220234,1,INITIATED,1789017982976
2220234,2,VALIDATED,1789017987048
2220234,3,PROCESSED,1789017998993
2220235,1,INITIATED,1789017982976
2220235,2,VALIDATED,1789017987052
2220235,3,PROCESSED,1789017996170
2220236,1,INITIATED,1789017982980
2220236,2,VALIDATED,1789017987055
2220236,3,PROCESSED,1789017996173
2220237,1,INITIATED,1789017982975
2220237,2,VALIDATED,1789017987047
2220237,3,PROCESSED,1789017991899
2220238,1,INITIATED,1789017982979
2220238,2,VALIDATED,1789017987057
2220238,3,PROCESSED,1789017992929
2220239,1,INITIATED,1789017982978
2220239,2,VALIDATED,1789017987049
2220239,3,PROCESSED,1789017991901
2220240,1,INITIATED,1789017982980
2220240,2,VALIDATED,1789017987056
2220240,3,PROCESSED,1789017992929
2220241,1,INITIATED,1789017982980
2220241,2,VALIDATED,1789017987051
2220241,3,PROCESSED,1789017995772
2220242,1,INITIATED,1789017982981
2220242,2,VALIDATED,1789017987054
2220242,3,PROCESSED,1789017992926
2220243,1,INITIATED,1789017982981
2220243,2,VALIDATED,1789017987052
2220243,3,PROCESSED,1789017995771
2220244,1,INITIATED,1789017983100
2220244,2,VALIDATED,1789017987112
2220244,3,PROCESSED,1789017992928
2220245,1,INITIATED,1789017983107
2220245,2,VALIDATED,1789017987055
2220245,3,PROCESSED,1789017996173
2220246,1,INITIATED,1789017983108
2220246,2,VALIDATED,1789017987110
2220246,3,PROCESSED,1789017992929
2220247,1,INITIATED,1789017983103
2220247,2,VALIDATED,1789017987111
2220247,3,PROCESSED,1789017992928
2220248,1,INITIATED,1789017983102
2220248,2,VALIDATED,1789017987983
2220248,3,PROCESSED,1789017995772
2220249,1,INITIATED,1789017983105
2220249,2,VALIDATED,1789017986197
2220249,3,PROCESSED,1789017988606
2220250,1,INITIATED,1789017983109
2220250,2,VALIDATED,1789017986199
2220250,3,PROCESSED,1789017992929
2220251,1,INITIATED,1789017983106
2220251,2,VALIDATED,1789017987055
2220251,3,PROCESSED,1789017999905
2220252,1,INITIATED,1789017983107
2220252,2,VALIDATED,1789017987109
2220252,3,PROCESSED,1789017992926
2220253,1,INITIATED,1789017983109
2220253,2,VALIDATED,1789017987109
2220253,3,REJECTED,1789017992924
2220254,1,INITIATED,1789017983109
2220254,2,VALIDATED,1789017986198
2220254,3,PROCESSED,1789017999906
2220255,1,INITIATED,1789017983108
2220255,2,VALIDATED,1789017987116
2220255,3,PROCESSED,1789017992928
2220256,1,INITIATED,1789017983109
2220256,2,VALIDATED,1789017986200
2220256,3,PROCESSED,1789018002762
2220257,1,INITIATED,1789017983109
2220257,2,VALIDATED,1789017987109
2220257,3,PROCESSED,1789017999906
2220258,1,INITIATED,1789017983110
2220258,2,VALIDATED,1789017986200
2220258,3,PROCESSED,1789017989707
2220259,1,INITIATED,1789017983502
2220259,2,VALIDATED,1789017987120
2220259,3,PROCESSED,1789017993487
2220260,1,INITIATED,1789017983507
2220260,2,VALIDATED,1789017987132
2220260,3,PROCESSED,1789017997099
2220261,1,INITIATED,1789017983508
2220261,2,VALIDATED,1789017987125
2220261,3,PROCESSED,1789017993488
2220262,1,INITIATED,1789017983504
2220262,2,VALIDATED,1789017987126
2220262,3,PROCESSED,1789017993487
2220263,1,INITIATED,1789017983506
2220263,2,VALIDATED,1789017986543
2220263,3,PROCESSED,1789017994427
2220264,1,INITIATED,1789017983506
2220264,2,VALIDATED,1789017987123
2220264,3,PROCESSED,1789017993381
2220265,1,INITIATED,1789017983511
2220265,2,VALIDATED,1789017987126
2220265,3,PROCESSED,1789018000481
2220266,1,INITIATED,1789017983511
2220266,2,VALIDATED,1789017987125
2220266,3,PROCESSED,1789017993381
2220267,1,INITIATED,1789017983503
2220267,2,VALIDATED,1789017987123
2220267,3,PROCESSED,1789017993488
2220268,1,INITIATED,1789017983511
2220268,2,VALIDATED,1789017988460
2220268,3,PROCESSED,1789017997097
2220269,1,INITIATED,1789017983502
2220269,2,VALIDATED,1789017987117
2220269,3,PROCESSED,1789017993380
2220270,1,INITIATED,1789017983502
2220270,2,VALIDATED,1789017987120
2220270,3,PROCESSED,1789017997097
2220271,1,INITIATED,1789017983504
2220271,2,VALIDATED,1789017987124
2220271,3,PROCESSED,1789017993357
2220272,1,INITIATED,1789017983505
2220272,2,VALIDATED,1789017987124
2220272,3,PROCESSED,1789017993356
2220273,1,INITIATED,1789017983501
2220273,2,VALIDATED,1789017988455
2220273,3,PROCESSED,1789017996173
2220274,1,INITIATED,1789017983520
2220274,2,VALIDATED,1789017988592
2220274,3,PROCESSED,1789017997099
2220275,1,INITIATED,1789017983520
2220275,2,VALIDATED,1789017987129
2220275,3,PROCESSED,1789017993489
2220276,1,INITIATED,1789017983520
2220276,2,VALIDATED,1789017987129
2220276,3,PROCESSED,1789017997099
2220277,1,INITIATED,1789017983656
2220277,2,VALIDATED,1789017987139
2220277,3,PROCESSED,1789018002669
2220278,1,INITIATED,1789017983656
2220278,2,VALIDATED,1789017987139
2220278,3,PROCESSED,1789017994426
2220279,1,INITIATED,1789017983656
2220279,2,VALIDATED,1789017987131
2220279,3,PROCESSED,1789017997099
2220280,1,INITIATED,1789017983658
2220280,2,VALIDATED,1789017987133
2220280,3,PROCESSED,1789018002670
2220281,1,INITIATED,1789017983658
2220281,2,VALIDATED,1789017987031
2220281,3,PROCESSED,1789017991285
2220282,1,INITIATED,1789017983659
2220282,2,VALIDATED,1789017987029
2220282,3,PROCESSED,1789017991282
2220283,1,INITIATED,1789017983660
2220283,2,VALIDATED,1789017989704
2220283,3,PROCESSED,1789017998995
2220284,1,INITIATED,1789017983661
2220284,2,VALIDATED,1789017987141
2220284,3,REJECTED,1789017997504
2220285,1,INITIATED,1789017983661
2220285,2,VALIDATED,1789017987141
2220285,3,PROCESSED,1789017994426
2220286,1,INITIATED,1789017983662
2220286,2,VALIDATED,1789017987141
2220286,3,PROCESSED,1789018002761
2220287,1,INITIATED,1789017984022
2220287,2,VALIDATED,1789017987043
2220287,3,PROCESSED,1789017991900
2220288,1,INITIATED,1789017984020
2220288,2,VALIDATED,1789017987040
2220288,3,PROCESSED,1789017995771
2220289,1,INITIATED,1789017984024
2220289,2,VALIDATED,1789017987041
2220289,3,PROCESSED,1789017991900
2220290,1,INITIATED,1789017984022
2220290,2,VALIDATED,1789017987042
2220290,3,PROCESSED,1789017995771
2220291,1,INITIATED,1789017984023
2220291,2,VALIDATED,1789017987042
2220291,3,PROCESSED,1789017991898
2220292,1,INITIATED,1789017984023
2220292,2,VALIDATED,1789017987038
2220292,3,PROCESSED,1789017995771
2220293,1,INITIATED,1789017984022
2220293,2,VALIDATED,1789017989705
2220293,3,PROCESSED,1789017998995
2220294,1,INITIATED,1789017984016
2220294,2,VALIDATED,1789017987040
2220294,3,PROCESSED,1789017991900
2220295,1,INITIATED,1789017984022
2220295,2,VALIDATED,1789017989702
2220295,3,PROCESSED,1789018003370
2220296,1,INITIATED,1789017984145
2220296,2,VALIDATED,1789017987723
2220296,3,PROCESSED,1789018001786
2220297,1,INITIATED,1789017984146
2220297,2,VALIDATED,1789017990104
2220297,3,PROCESSED,1789017999905
2220298,1,INITIATED,1789017984149
2220298,2,VALIDATED,1789017987044
2220298,3,PROCESSED,1789017991901
2220299,1,INITIATED,1789017984146
2220299,2,VALIDATED,1789017987724
2220299,3,PROCESSED,1789017994854
2220300,1,INITIATED,1789017984149
2220300,2,VALIDATED,1789017987725
2220300,3,PROCESSED,1789017994855
2220301,1,INITIATED,1789017984147
2220301,2,VALIDATED,1789017987723
2220301,3,PROCESSED,1789017995772
2220302,1,INITIATED,1789017984150
2220302,2,VALIDATED,1789017987977
2220302,3,PROCESSED,1789018002300
2220303,1,INITIATED,1789017984148
2220303,2,VALIDATED,1789017987176
2220303,3,PROCESSED,1789017997509
2220304,1,INITIATED,1789017984150
2220304,2,VALIDATED,1789017987724
2220304,3,PROCESSED,1789017998553
2220305,1,INITIATED,1789017984161
2220305,2,VALIDATED,1789017987726
2220305,3,PROCESSED,1789018002202
2220306,1,INITIATED,1789017984192
2220306,2,VALIDATED,1789017987055
2220306,3,PROCESSED,1789017999907
2220307,1,INITIATED,1789017984192
2220307,2,VALIDATED,1789017987728
2220307,3,PROCESSED,1789017999001
2220308,1,INITIATED,1789017984192
2220308,2,VALIDATED,1789017987981
2220308,3,PROCESSED,1789017995771
2220309,1,INITIATED,1789017984193
2220309,2,VALIDATED,1789017988454
2220309,3,PROCESSED,1789017999906
2220310,1,INITIATED,1789017984519
2220310,2,VALIDATED,1789017988459
2220310,3,PROCESSED,1789017997097
2220311,1,INITIATED,1789017984517
2220311,2,VALIDATED,1789017988456
2220311,3,PROCESSED,1789017999906
2220312,1,INITIATED,1789017984518
2220312,2,VALIDATED,1789017987114
2220312,3,PROCESSED,1789018000484
2220313,1,INITIATED,1789017984518
2220313,2,VALIDATED,1789017987119
2220313,3,PROCESSED,1789017993486
2220314,1,INITIATED,1789017984534
2220314,2,VALIDATED,1789017988456
2220314,3,PROCESSED,1789017996173
2220315,1,INITIATED,1789017984647
2220315,2,VALIDATED,1789017988460
2220315,3,PROCESSED,1789017996309
2220316,1,INITIATED,1789017984650
2220316,2,VALIDATED,1789017998991
2220316,3,PROCESSED,1789018007881
2220317,1,INITIATED,1789017984648
2220317,2,VALIDATED,1789017988461
2220317,3,PROCESSED,1789017997096
2220318,1,INITIATED,1789017984650
2220318,2,VALIDATED,1789017987121
2220318,3,PROCESSED,1789017993488
2220319,1,INITIATED,1789017984650
2220319,2,VALIDATED,1789017995768
2220319,3,PROCESSED,1789018017282
2220320,1,INITIATED,1789017984647
2220320,2,VALIDATED,1789017988461
2220320,3,PROCESSED,1789017997093
2220321,1,INITIATED,1789017984648
2220321,2,VALIDATED,1789017988461
2220321,3,PROCESSED,1789017997097
2220322,1,INITIATED,1789017985031
2220322,2,VALIDATED,1789017996307
2220322,3,PROCESSED,1789018002790
2220323,1,INITIATED,1789017985028
2220323,2,VALIDATED,1789017992921
2220323,3,PROCESSED,1789018001823
2220324,1,INITIATED,1789017985031
2220324,2,VALIDATED,1789017989706
2220324,3,PROCESSED,1789017999001
2220325,1,INITIATED,1789017985028
2220325,2,VALIDATED,1789017988607
2220325,3,PROCESSED,1789017997508
2220326,1,INITIATED,1789017985029
2220326,2,VALIDATED,1789017999905
2220326,3,PROCESSED,1789018017655
2220327,1,INITIATED,1789017985032
2220327,2,VALIDATED,1789017989700
2220327,3,PROCESSED,1789017999134
2220328,1,INITIATED,1789017985029
2220328,2,VALIDATED,1789017988608
2220328,3,PROCESSED,1789017997509
2220329,1,INITIATED,1789017985032
2220329,2,VALIDATED,1789017987140
2220329,3,REJECTED,1789017997505
2220330,1,INITIATED,1789017985027
2220330,2,VALIDATED,1789017989702
2220330,3,REJECTED,1789018002208
2220331,1,INITIATED,1789017985030
2220331,2,VALIDATED,1789017988593
2220331,3,PROCESSED,1789017997099
2220332,1,INITIATED,1789017985178
2220332,2,VALIDATED,1789017996308
2220332,3,REJECTED,1789018004761
2220333,1,INITIATED,1789017985178
2220333,2,VALIDATED,1789017989706
2220333,3,PROCESSED,1789017999001
2220334,1,INITIATED,1789017985184
2220334,2,VALIDATED,1789017987175
2220334,3,PROCESSED,1789018001787
2220335,1,INITIATED,1789017985185
2220335,2,VALIDATED,1789017987176
2220335,3,PROCESSED,1789017998551
2220336,1,INITIATED,1789017985187
2220336,2,VALIDATED,1789017987175
2220336,3,PROCESSED,1789018001284
2220337,1,INITIATED,1789017985186
2220337,2,VALIDATED,1789017989707
2220337,3,PROCESSED,1789017998995
2220338,1,INITIATED,1789017985186
2220338,2,VALIDATED,1789017996309
2220338,3,PROCESSED,1789018005260
2220339,1,INITIATED,1789017985198
2220339,2,VALIDATED,1789017990108
2220339,3,PROCESSED,1789018002664
2220340,1,INITIATED,1789017985563
2220340,2,VALIDATED,1789017994422
2220340,3,PROCESSED,1789018003370
2220341,1,INITIATED,1789017985563
2220341,2,VALIDATED,1789017997506
2220341,3,PROCESSED,1789018017654
2220342,1,INITIATED,1789017985564
2220342,2,VALIDATED,1789017987141
2220342,3,PROCESSED,1789017994427
2220343,1,INITIATED,1789017985563
2220343,2,VALIDATED,1789017990106
2220343,3,PROCESSED,1789018018844
2220344,1,INITIATED,1789017985565
2220344,2,VALIDATED,1789017994424
2220344,3,PROCESSED,1789018003370
2220345,1,INITIATED,1789017985563
2220345,2,VALIDATED,1789017990109
2220345,3,PROCESSED,1789018003418
2220346,1,INITIATED,1789017985565
2220346,2,VALIDATED,1789017990110
2220346,3,PROCESSED,1789018003749
2220347,1,INITIATED,1789017985563
2220347,2,VALIDATED,1789017994423
2220347,3,PROCESSED,1789018003369
2220348,1,INITIATED,1789017985566
2220348,2,VALIDATED,1789017994424
2220348,3,PROCESSED,1789018006341
2220349,1,INITIATED,1789017985564
2220349,2,VALIDATED,1789017990105
2220349,3,PROCESSED,1789018003749
2220350,1,INITIATED,1789017985727
2220350,2,VALIDATED,1789017998547
2220350,3,PROCESSED,1789018003755
2220351,1,INITIATED,1789017985729
2220351,2,VALIDATED,1789017991277
2220351,3,PROCESSED,1789018000484
2220352,1,INITIATED,1789017985728
2220352,2,VALIDATED,1789017998547
2220352,3,PROCESSED,1789018003754
2220353,1,INITIATED,1789017985731
2220353,2,VALIDATED,1789017987983
2220353,3,PROCESSED,1789017995772
2220354,1,INITIATED,1789017985766
2220354,2,VALIDATED,1789017998548
2220354,3,PROCESSED,1789018006913
2220355,1,INITIATED,1789017985766
2220355,2,VALIDATED,1789017994852
2220355,3,PROCESSED,1789018003933
2220356,1,INITIATED,1789017985766
2220356,2,VALIDATED,1789017994853
2220356,3,PROCESSED,1789018003755
2220357,1,INITIATED,1789017985766
2220357,2,VALIDATED,1789017994853
2220357,3,PROCESSED,1789018003756
2220358,1,INITIATED,1789017986141
2220358,2,VALIDATED,1789017998991
2220358,3,PROCESSED,1789018007880
2220359,1,INITIATED,1789017986138
2220359,2,VALIDATED,1789017988458
2220359,3,PROCESSED,1789017997096
2220360,1,INITIATED,1789017986139
2220360,2,VALIDATED,1789017998992
2220360,3,PROCESSED,1789018020213
2220361,1,INITIATED,1789017986141
2220361,2,VALIDATED,1789017988459
2220361,3,PROCESSED,1789017997094
2220362,1,INITIATED,1789017986139
2220362,2,VALIDATED,1789017988454
2220362,3,PROCESSED,1789017999908
2220363,1,INITIATED,1789017986144
2220363,2,VALIDATED,1789018002284
2220363,3,PROCESSED,1789018008292
2220364,1,INITIATED,1789017986142
2220364,2,VALIDATED,1789017995768
2220364,3,PROCESSED,1789018003937
2220365,1,INITIATED,1789017986138
2220365,2,VALIDATED,1789017996165
2220365,3,PROCESSED,1789018002794
2220366,1,INITIATED,1789017986139
2220366,2,VALIDATED,1789017988460
2220366,3,PROCESSED,1789017997093
2220367,1,INITIATED,1789017986139
2220367,2,VALIDATED,1789017988455
2220367,3,PROCESSED,1789017999908
2220368,1,INITIATED,1789017986149
2220368,2,VALIDATED,1789017988591
2220368,3,PROCESSED,1789018002761
2220369,1,INITIATED,1789017986149
2220369,2,VALIDATED,1789017992924
2220369,3,PROCESSED,1789018002198
2220370,1,INITIATED,1789017986189
2220370,2,VALIDATED,1789017988595
2220370,3,PROCESSED,1789018002760
2220371,1,INITIATED,1789017986198
2220371,2,VALIDATED,1789017988591
2220371,3,PROCESSED,1789017997508
2220372,1,INITIATED,1789017986188
2220372,2,VALIDATED,1789017992925
2220372,3,PROCESSED,1789018001822
2220373,1,INITIATED,1789017986188
2220373,2,VALIDATED,1789017988594
2220373,3,PROCESSED,1789017997098
2220374,1,INITIATED,1789017986189
2220374,2,VALIDATED,1789017999901
2220374,3,PROCESSED,1789018008291
2220375,1,INITIATED,1789017986189
2220375,2,VALIDATED,1789017988594
2220375,3,PROCESSED,1789017997507
2220376,1,INITIATED,1789017986189
2220376,2,VALIDATED,1789017988592
2220376,3,PROCESSED,1789018001283
2220377,1,INITIATED,1789017986197
2220377,2,VALIDATED,1789017988595
2220377,3,PROCESSED,1789017997098
2220378,1,INITIATED,1789017986197
2220378,2,VALIDATED,1789017988591
2220378,3,PROCESSED,1789018001284
2220379,1,INITIATED,1789017986197
2220379,2,VALIDATED,1789017992928
2220379,3,PROCESSED,1789018002197
2220380,1,INITIATED,1789017986198
2220380,2,VALIDATED,1789017988594
2220380,3,PROCESSED,1789018001281
2220381,1,INITIATED,1789017986200
2220381,2,VALIDATED,1789017994420
2220381,3,PROCESSED,1789018003370
2220382,1,INITIATED,1789017986199
2220382,2,VALIDATED,1789017992924
2220382,3,PROCESSED,1789018001821
2220383,1,INITIATED,1789017986199
2220383,2,VALIDATED,1789017989705
2220383,3,PROCESSED,1789018002202
2220384,1,INITIATED,1789017986199
2220384,2,VALIDATED,1789017989703
2220384,3,PROCESSED,1789017999001
2220385,1,INITIATED,1789017986426
2220385,2,VALIDATED,1789017997096
2220385,3,PROCESSED,1789018009214
2220386,1,INITIATED,1789017986424
2220386,2,VALIDATED,1789017996308
2220386,3,PROCESSED,1789018017284
2220387,1,INITIATED,1789017986423
2220387,2,VALIDATED,1789017993356
2220387,3,PROCESSED,1789018003230
2220388,1,INITIATED,1789017986423
2220388,2,VALIDATED,1789017989701
2220388,3,PROCESSED,1789017998995
2220389,1,INITIATED,1789017986427
2220389,2,VALIDATED,1789017993486
2220389,3,PROCESSED,1789018003227
2220390,1,INITIATED,1789017986425
2220390,2,VALIDATED,1789018000361
2220390,3,PROCESSED,1789018009216
2220391,1,INITIATED,1789017986427
2220391,2,VALIDATED,1789017993354
2220391,3,PROCESSED,1789018003228
2220392,1,INITIATED,1789017986430
2220392,2,VALIDATED,1789017997097
2220392,3,PROCESSED,1789018009213
2220393,1,INITIATED,1789017986431
2220393,2,VALIDATED,1789017997095
2220393,3,PROCESSED,1789018005201
2220394,1,INITIATED,1789017986548
2220394,2,VALIDATED,1789017990106
2220394,3,PROCESSED,1789018003367
2220395,1,INITIATED,1789017986544
2220395,2,VALIDATED,1789017994424
2220395,3,PROCESSED,1789018002301
2220396,1,INITIATED,1789017986546
2220396,2,VALIDATED,1789017990109
2220396,3,PROCESSED,1789017999907
2220397,1,INITIATED,1789017986548
2220397,2,VALIDATED,1789017990111
2220397,3,PROCESSED,1789018002299
2220398,1,INITIATED,1789017987025
2220398,2,VALIDATED,1789017995026
2220398,3,REJECTED,1789018003935
2220399,1,INITIATED,1789017987031
2220399,2,VALIDATED,1789017991275
2220399,3,PROCESSED,1789018002668
2220400,1,INITIATED,1789017987027
2220400,2,VALIDATED,1789017991281
2220400,3,REJECTED,1789018000361
2220401,1,INITIATED,1789017987040
2220401,2,VALIDATED,1789017995026
2220401,3,PROCESSED,1789018003937
2220402,1,INITIATED,1789017987039
2220402,2,VALIDATED,1789017991894
2220402,3,PROCESSED,1789018001284
2220403,1,INITIATED,1789017987039
2220403,2,VALIDATED,1789017995026
2220403,3,PROCESSED,1789018003936
2220404,1,INITIATED,1789017987041
2220404,2,VALIDATED,1789017995769
2220404,3,PROCESSED,1789018003936
2220405,1,INITIATED,1789017987043
2220405,2,VALIDATED,1789017991896
2220405,3,PROCESSED,1789018001282
2220406,1,INITIATED,1789017987043
2220406,2,VALIDATED,1789017991894
2220406,3,PROCESSED,1789018001280
2220407,1,INITIATED,1789017987043
2220407,2,VALIDATED,1789017991892
2220407,3,PROCESSED,1789018002671
2220408,1,INITIATED,1789017987045
2220408,2,VALIDATED,1789017991896
2220408,3,PROCESSED,1789018001282
2220409,1,INITIATED,1789017987054
2220409,2,VALIDATED,1789017992929
2220409,3,PROCESSED,1789018004763
2220410,1,INITIATED,1789017987057
2220410,2,VALIDATED,1789018002298
2220410,3,PROCESSED,1789018017653
2220411,1,INITIATED,1789017987109
2220411,2,VALIDATED,1789017992928
2220411,3,PROCESSED,1789018002201
2220412,1,INITIATED,1789017987111
2220412,2,VALIDATED,1789018002300
2220412,3,PROCESSED,1789018017654
2220413,1,INITIATED,1789017987112
2220413,2,VALIDATED,1789017999905
2220413,3,PROCESSED,1789018017654
2220414,1,INITIATED,1789017987113
2220414,2,VALIDATED,1789017992927
2220414,3,PROCESSED,1789018001820
2220415,1,INITIATED,1789017987116
2220415,2,VALIDATED,1789017993354
2220415,3,PROCESSED,1789018003229
2220416,1,INITIATED,1789017987113
2220416,2,VALIDATED,1789017996305
2220416,3,PROCESSED,1789018008292
2220417,1,INITIATED,1789017987114
2220417,2,VALIDATED,1789018000360
2220417,3,PROCESSED,1789018024539
2220418,1,INITIATED,1789017987114
2220418,2,VALIDATED,1789018002662
2220419,1,INITIATED,1789017987118
2220419,2,VALIDATED,1789017993357
2220419,3,PROCESSED,1789018003228
2220420,1,INITIATED,1789017987116
2220420,2,VALIDATED,1789018000362
2220420,3,PROCESSED,1789018017655
2220421,1,INITIATED,1789017987115
2220421,2,VALIDATED,1789018000363
2220421,3,PROCESSED,1789018017998
2220422,1,INITIATED,1789017987116
2220422,2,VALIDATED,1789018000365
2220422,3,PROCESSED,1789018017653
2220423,1,INITIATED,1789017987118
2220423,2,VALIDATED,1789017993357
2220423,3,PROCESSED,1789018003229
2220424,1,INITIATED,1789017987130
2220424,2,VALIDATED,1789017993355
2220424,3,PROCESSED,1789018003227
2220425,1,INITIATED,1789017987142
2220425,2,VALIDATED,1789018002671
2220425,3,PROCESSED,1789018021609
2220426,1,INITIATED,1789017987142
2220426,2,VALIDATED,1789017997505
2220426,3,PROCESSED,1789018006342
2220427,1,INITIATED,1789017987144
2220427,2,VALIDATED,1789018003934
2220427,3,PROCESSED,1789018024888
2220428,1,INITIATED,1789017987141
2220428,2,VALIDATED,1789017993489
2220428,3,PROCESSED,1789018003230
2220429,1,INITIATED,1789017987143
2220429,2,VALIDATED,1789018000364
2220429,3,PROCESSED,1789018005259
2220430,1,INITIATED,1789017987145
2220430,2,VALIDATED,1789018002757
2220430,3,PROCESSED,1789018021603
2220431,1,INITIATED,1789017987146
2220431,2,VALIDATED,1789018002755
2220431,3,PROCESSED,1789018018839
2220432,1,INITIATED,1789017987150
2220432,2,VALIDATED,1789017997502
2220432,3,PROCESSED,1789018015492
2220433,1,INITIATED,1789017987151
2220433,2,VALIDATED,1789017994422
2220433,3,PROCESSED,1789018006340
2220434,1,INITIATED,1789017987150
2220434,2,VALIDATED,1789018002760
2220434,3,PROCESSED,1789018018844
2220435,1,INITIATED,1789017987151
2220435,2,VALIDATED,1789018002758
2220435,3,PROCESSED,1789018018846
2220436,1,INITIATED,1789017987170
2220436,2,VALIDATED,1789018001277
2220436,3,PROCESSED,1789018024891
2220437,1,INITIATED,1789017987173
2220437,2,VALIDATED,1789018001280
2220437,3,REJECTED,1789018015494
2220438,1,INITIATED,1789017987172
2220438,2,VALIDATED,1789017997503
2220438,3,PROCESSED,1789018003366
2220439,1,INITIATED,1789017987176
2220439,2,VALIDATED,1789017998567
2220439,3,PROCESSED,1789018017145
2220440,1,INITIATED,1789017987176
2220440,2,VALIDATED,1789018001279
2220440,3,PROCESSED,1789018018846
2220441,1,INITIATED,1789017987173
2220441,2,VALIDATED,1789018001278
2220441,3,PROCESSED,1789018006337
2220442,1,INITIATED,1789017987174
2220442,2,VALIDATED,1789017997507
2220442,3,REJECTED,1789018003366
2220443,1,INITIATED,1789017987175
2220443,2,VALIDATED,1789018001284
2220443,3,PROCESSED,1789018015494
2220444,1,INITIATED,1789017987176
2220444,2,VALIDATED,1789017998552
2220444,3,PROCESSED,1789018017142
2220445,1,INITIATED,1789017987175
2220445,2,VALIDATED,1789018001780
2220445,3,PROCESSED,1789018006910
2220446,1,INITIATED,1789017987178
2220446,2,VALIDATED,1789017998552
2220446,3,PROCESSED,1789018006913
2220447,1,INITIATED,1789017987176
2220447,2,VALIDATED,1789017998546
2220447,3,PROCESSED,1789018003756
2220448,1,INITIATED,1789017987722
2220448,2,VALIDATED,1789017994855
2220448,3,PROCESSED,1789018002669
2220449,1,INITIATED,1789017987743
2220449,2,VALIDATED,1789018002208
2220449,3,REJECTED,1789018017259
2220450,1,INITIATED,1789017987978
2220450,2,VALIDATED,1789018002209
2220450,3,PROCESSED,1789018017278
2220451,1,INITIATED,1789017987978
2220451,2,VALIDATED,1789018002209
2220451,3,REJECTED,1789018020206
2220452,1,INITIATED,1789017987979
2220452,2,VALIDATED,1789017998993
2220452,3,PROCESSED,1789018007881
2220453,1,INITIATED,1789017987981
2220453,2,VALIDATED,1789018002209
2220453,3,PROCESSED,1789018007879
2220454,1,INITIATED,1789017987981
2220454,2,VALIDATED,1789017995767
2220454,3,REJECTED,1789018003934
2220455,1,INITIATED,1789017987981
2220455,2,VALIDATED,1789017995026
2220455,3,PROCESSED,1789018003936
2220456,1,INITIATED,1789017987982
2220456,2,VALIDATED,1789018003326
2220456,3,PROCESSED,1789018020683
2220457,1,INITIATED,1789017987982
2220457,2,VALIDATED,1789018002287
2220457,3,PROCESSED,1789018020680
2220458,1,INITIATED,1789017988457
2220458,2,VALIDATED,1789017999902
2220458,3,PROCESSED,1789018004763
2220459,1,INITIATED,1789017988456
2220459,2,VALIDATED,1789017996308
2220459,3,PROCESSED,1789018002795
2220460,1,INITIATED,1789017988456
2220460,2,VALIDATED,1789017999899
2220460,3,PROCESSED,1789018004764
2220461,1,INITIATED,1789017988545
2220461,2,VALIDATED,1789017996309
2220461,3,PROCESSED,1789018009212
2220462,1,INITIATED,1789017988545
2220462,2,VALIDATED,1789018002671
2220462,3,PROCESSED,1789018024889
2220463,1,INITIATED,1789017988546
2220463,2,VALIDATED,1789018002663
2220463,3,PROCESSED,1789018009216
2220464,1,INITIATED,1789017988546
2220464,2,VALIDATED,1789018000365
2220464,3,PROCESSED,1789018009215
2220465,1,INITIATED,1789017988545
2220465,2,VALIDATED,1789018003934
2220465,3,PROCESSED,1789018018844
2220466,1,INITIATED,1789017988546
2220466,2,VALIDATED,1789018002668
2220466,3,PROCESSED,1789018017655
2220467,1,INITIATED,1789017988546
2220467,2,VALIDATED,1789018002666
2220467,3,PROCESSED,1789018009215
2220468,1,INITIATED,1789017988593
2220468,2,VALIDATED,1789017997095
2220468,3,PROCESSED,1789018009216
2220469,1,INITIATED,1789017988594
2220469,2,VALIDATED,1789017997504
2220469,3,PROCESSED,1789018017918
2220470,1,INITIATED,1789017988593
2220470,2,VALIDATED,1789018003932
2220470,3,PROCESSED,1789018024889
2220471,1,INITIATED,1789017988592
2220471,2,VALIDATED,1789017997096
2220471,3,PROCESSED,1789018005259
2220472,1,INITIATED,1789017988593
2220472,2,VALIDATED,1789018003935
2220472,3,PROCESSED,1789018022211
2220473,1,INITIATED,1789017988592
2220473,2,VALIDATED,1789017997097
2220473,3,PROCESSED,1789018005259
2220474,1,INITIATED,1789017988594
2220474,2,VALIDATED,1789018002667
2220474,3,PROCESSED,1789018009210
2220475,1,INITIATED,1789017988608
2220475,2,VALIDATED,1789017997503
2220475,3,PROCESSED,1789018003370
2220476,1,INITIATED,1789017989705
2220476,2,VALIDATED,1789017998990
2220476,3,PROCESSED,1789018017148
2220477,1,INITIATED,1789017989700
2220477,2,VALIDATED,1789018002195
2220477,3,PROCESSED,1789018007877
2220478,1,INITIATED,1789017989702
2220478,2,VALIDATED,1789017998993
2220478,3,PROCESSED,1789018017279
2220479,1,INITIATED,1789017989700
2220479,2,VALIDATED,1789018002196
2220479,3,PROCESSED,1789018017144
2220480,1,INITIATED,1789017989703
2220480,2,VALIDATED,1789017998991
2220480,3,PROCESSED,1789018017280
2220481,1,INITIATED,1789017990106
2220481,2,VALIDATED,1789018002667
2220481,3,PROCESSED,1789018009216
2220482,1,INITIATED,1789017990105
2220482,2,VALIDATED,1789018003327
2220482,3,PROCESSED,1789018020214
2220483,1,INITIATED,1789017990106
2220483,2,VALIDATED,1789018003367
2220483,3,PROCESSED,1789018017285
2220484,1,INITIATED,1789017990107
2220484,2,VALIDATED,1789018002299
2220484,3,PROCESSED,1789018024383
2220485,1,INITIATED,1789017990108
2220485,2,VALIDATED,1789018002299
2220485,3,PROCESSED,1789018017653
2220486,1,INITIATED,1789017990111
2220486,2,VALIDATED,1789018006338
2220486,3,PROCESSED,1789018020692
2220487,1,INITIATED,1789017990107
2220487,2,VALIDATED,1789018003365
2220487,3,PROCESSED,1789018017655
2220488,1,INITIATED,1789017990109
2220488,2,VALIDATED,1789018005427
2220488,3,PROCESSED,1789018025973
2220489,1,INITIATED,1789017990108
2220489,2,VALIDATED,1789018002665
2220489,3,PROCESSED,1789018021601
2220490,1,INITIATED,1789017990111
2220490,2,VALIDATED,1789018003326
2220490,3,PROCESSED,1789018020212
2220491,1,INITIATED,1789017990112
2220491,2,VALIDATED,1789018003367
2220491,3,PROCESSED,1789018017284
2220492,1,INITIATED,1789017990112
2220492,2,VALIDATED,1789017999901
2220492,3,PROCESSED,1789018008292
2220493,1,INITIATED,1789017990112
2220493,2,VALIDATED,1789018002300
2220493,3,PROCESSED,1789018017286
2220494,1,INITIATED,1789017990324
2220494,2,VALIDATED,1789018002668
2220494,3,PROCESSED,1789018009211
2220495,1,INITIATED,1789017990324
2220495,2,VALIDATED,1789018000367
2220495,3,PROCESSED,1789018017997
2220496,1,INITIATED,1789017991278
2220496,2,VALIDATED,1789018002665
2220496,3,PROCESSED,1789018009215
2220497,1,INITIATED,1789017991279
2220497,2,VALIDATED,1789018002666
2220497,3,PROCESSED,1789018021607
2220498,1,INITIATED,1789017991280
2220498,2,VALIDATED,1789018000482
2220498,3,PROCESSED,1789018005201
2220499,1,INITIATED,1789017991276
2220499,2,VALIDATED,1789018000365
2220499,3,PROCESSED,1789018009215
2220500,1,INITIATED,1789017991275
2220500,2,VALIDATED,1789018000364
2220500,3,PROCESSED,1789018009215
2220501,1,INITIATED,1789017991275
2220501,2,VALIDATED,1789018000365
2220501,3,PROCESSED,1789018017997
2220502,1,INITIATED,1789017991280
2220502,2,VALIDATED,1789018002661
2220502,3,PROCESSED,1789018009209
2220503,1,INITIATED,1789017991276
2220503,2,VALIDATED,1789018000364
2220503,3,PROCESSED,1789018009213
2220504,1,INITIATED,1789017991280
2220504,2,VALIDATED,1789018000363
2220504,3,REJECTED,1789018005197
2220505,1,INITIATED,1789017991276
2220505,2,VALIDATED,1789018000373
2220505,3,PROCESSED,1789018015494
2220506,1,INITIATED,1789017991275
2220506,2,VALIDATED,1789018000362
2220506,3,PROCESSED,1789018005259
2220507,1,INITIATED,1789017991297
2220507,2,VALIDATED,1789018002671
2220507,3,PROCESSED,1789018022081
2220508,1,INITIATED,1789017991297
2220508,2,VALIDATED,1789018002661
2220508,3,PROCESSED,1789018020685
2220509,1,INITIATED,1789017991297
2220509,2,VALIDATED,1789018002671
2220509,3,PROCESSED,1789018024539
2220510,1,INITIATED,1789017991893
2220510,2,VALIDATED,1789018001281
2220510,3,PROCESSED,1789018015495
2220511,1,INITIATED,1789017991895
2220511,2,VALIDATED,1789018001279
2220511,3,PROCESSED,1789018015496
2220512,1,INITIATED,1789017991893
2220512,2,VALIDATED,1789018002757
2220512,3,PROCESSED,1789018021608
2220513,1,INITIATED,1789017991893
2220513,2,VALIDATED,1789018000482
2220513,3,PROCESSED,1789018015491
2220514,1,INITIATED,1789017991893
2220514,2,VALIDATED,1789018002760
2220514,3,PROCESSED,1789018021608
2220515,1,INITIATED,1789017991895
2220515,2,VALIDATED,1789018003935
2220515,3,PROCESSED,1789018022205
2220516,1,INITIATED,1789017991894
2220516,2,VALIDATED,1789018003935
2220516,3,PROCESSED,1789018032524
2220517,1,INITIATED,1789017991896
2220517,2,VALIDATED,1789018000482
2220517,3,PROCESSED,1789018006336
2220518,1,INITIATED,1789017991929
2220518,2,VALIDATED,1789018002763
2220518,3,PROCESSED,1789018015495
2220519,1,INITIATED,1789017992928
2220519,2,VALIDATED,1789018002794
2220519,3,PROCESSED,1789018019412
2220520,1,INITIATED,1789017992929
2220520,2,VALIDATED,1789018004763
2220520,3,PROCESSED,1789018020213
2220521,1,INITIATED,1789017992925
2220521,2,VALIDATED,1789018002792
2220521,3,PROCESSED,1789018019302
2220522,1,INITIATED,1789017992921
2220522,2,VALIDATED,1789018002788
2220522,3,PROCESSED,1789018018850
2220523,1,INITIATED,1789017992923
2220523,2,VALIDATED,1789018002793
2220523,3,PROCESSED,1789018023190
2220524,1,INITIATED,1789017992926
2220524,2,VALIDATED,1789018002789
2220524,3,PROCESSED,1789018018843
2220525,1,INITIATED,1789017992925
2220525,2,VALIDATED,1789018002792
2220525,3,PROCESSED,1789018019301
2220526,1,INITIATED,1789017992980
2220526,2,VALIDATED,1789018002795
2220526,3,PROCESSED,1789018023188
2220527,1,INITIATED,1789017992980
2220527,2,VALIDATED,1789018002791
2220527,3,PROCESSED,1789018017140
2220528,1,INITIATED,1789017993356
2220528,2,VALIDATED,1789018003223
2220528,3,PROCESSED,1789018023647
2220529,1,INITIATED,1789017993356
2220529,2,VALIDATED,1789018003223
2220529,3,PROCESSED,1789018023191
2220530,1,INITIATED,1789017993353
2220530,2,VALIDATED,1789018003221
2220530,3,PROCESSED,1789018025128
2220531,1,INITIATED,1789017993353
2220531,2,VALIDATED,1789018003224
2220531,3,PROCESSED,1789018020211
2220532,1,INITIATED,1789017993355
2220532,2,VALIDATED,1789018003225
2220532,3,PROCESSED,1789018020210
2220533,1,INITIATED,1789017994423
2220533,2,VALIDATED,1789018005426
2220533,3,PROCESSED,1789018025969
2220534,1,INITIATED,1789017994419
2220534,2,VALIDATED,1789018003368
2220534,3,PROCESSED,1789018020213
2220535,1,INITIATED,1789017994421
2220535,2,VALIDATED,1789018002301
2220535,3,PROCESSED,1789018017655
2220536,1,INITIATED,1789017994420
2220536,2,VALIDATED,1789018003367
2220536,3,PROCESSED,1789018017286
2220537,1,INITIATED,1789017994421
2220537,2,VALIDATED,1789018002296
2220537,3,PROCESSED,1789018017650
2220538,1,INITIATED,1789017994422
2220538,2,VALIDATED,1789018003367
2220538,3,PROCESSED,1789018017285
2220539,1,INITIATED,1789017994424
2220539,2,VALIDATED,1789018003377
2220539,3,PROCESSED,1789018024383
2220540,1,INITIATED,1789017994847
2220540,2,VALIDATED,1789018003853
2220540,3,PROCESSED,1789018017997
2220541,1,INITIATED,1789017994849
2220541,2,VALIDATED,1789018003752
2220541,3,PROCESSED,1789018024541
2220542,1,INITIATED,1789017994848
2220542,2,VALIDATED,1789018006907
2220542,3,PROCESSED,1789018024537
2220543,1,INITIATED,1789017994848
2220543,2,VALIDATED,1789018006910
2220543,3,PROCESSED,1789018027130
2220544,1,INITIATED,1789017994848
2220544,2,VALIDATED,1789018006909
2220544,3,PROCESSED,1789018024536
2220545,1,INITIATED,1789017994851
2220545,2,VALIDATED,1789018006911
2220545,3,PROCESSED,1789018021607
2220546,1,INITIATED,1789017994850
2220546,2,VALIDATED,1789018003853
2220546,3,PROCESSED,1789018017918
2220547,1,INITIATED,1789017994850
2220547,2,VALIDATED,1789018003753
2220547,3,PROCESSED,1789018017919
2220548,1,INITIATED,1789017994850
2220548,2,VALIDATED,1789018006907
2220548,3,PROCESSED,1789018027128
2220549,1,INITIATED,1789017994852
2220549,2,VALIDATED,1789018003754
2220549,3,PROCESSED,1789018017997
2220550,1,INITIATED,1789017994851
2220550,2,VALIDATED,1789018002666
2220550,3,PROCESSED,1789018009214
2220551,1,INITIATED,1789017994852
2220551,2,VALIDATED,1789018003752
2220551,3,PROCESSED,1789018020692
2220552,1,INITIATED,1789017994852
2220552,2,VALIDATED,1789018003754
2220552,3,PROCESSED,1789018017918
2220553,1,INITIATED,1789017994853
2220553,2,VALIDATED,1789018015534
2220553,3,PROCESSED,1789018025974
2220554,1,INITIATED,1789017994855
2220554,2,VALIDATED,1789018006907
2220554,3,PROCESSED,1789018024418
2220555,1,INITIATED,1789017994854
2220555,2,VALIDATED,1789018003753
2220555,3,PROCESSED,1789018020814
2220556,1,INITIATED,1789017994854
2220556,2,VALIDATED,1789018003750
2220556,3,PROCESSED,1789018021607
2220557,1,INITIATED,1789017994853
2220557,2,VALIDATED,1789018003753
2220557,3,PROCESSED,1789018021606
2220558,1,INITIATED,1789017994854
2220558,2,VALIDATED,1789018003753
2220558,3,PROCESSED,1789018020818
2220559,1,INITIATED,1789017994855
2220559,2,VALIDATED,1789018006909
2220559,3,PROCESSED,1789018021604
2220560,1,INITIATED,1789017994854
2220560,2,VALIDATED,1789018006912
2220560,3,PROCESSED,1789018024541
2220561,1,INITIATED,1789017994853
2220561,2,VALIDATED,1789018003756
2220561,3,PROCESSED,1789018017997
2220562,1,INITIATED,1789017995025
2220562,2,VALIDATED,1789018003934
2220562,3,REJECTED,1789018018837
2220563,1,INITIATED,1789017995025
2220563,2,VALIDATED,1789018002760
2220563,3,PROCESSED,1789018021606
2220564,1,INITIATED,1789017995024
2220564,2,VALIDATED,1789018003854
2220564,3,PROCESSED,1789018017996
2220565,1,INITIATED,1789017995024
2220565,2,VALIDATED,1789018002756
2220565,3,PROCESSED,1789018018844
2220566,1,INITIATED,1789017995025
2220566,2,VALIDATED,1789018017257
2220566,3,PROCESSED,1789018045968
2220567,1,INITIATED,1789017995766
2220567,2,VALIDATED,1789018003936
2220567,3,PROCESSED,1789018024542
2220568,1,INITIATED,1789017995768
2220568,2,VALIDATED,1789018003987
2220568,3,PROCESSED,1789018024887
2220569,1,INITIATED,1789017995766
2220569,2,VALIDATED,1789018003987
2220569,3,REJECTED,1789018022072
2220570,1,INITIATED,1789017995767
2220570,2,VALIDATED,1789018002757
2220570,3,PROCESSED,1789018018846
2220571,1,INITIATED,1789017995768
2220571,2,VALIDATED,1789018003988
2220571,3,REJECTED,1789018024888
2220572,1,INITIATED,1789017995767
2220572,2,VALIDATED,1789018003935
2220572,3,PROCESSED,1789018022072
2220573,1,INITIATED,1789017996169
2220573,2,VALIDATED,1789018004761
2220573,3,PROCESSED,1789018019409
2220574,1,INITIATED,1789017996171
2220574,2,VALIDATED,1789018002790
2220574,3,PROCESSED,1789018017142
2220575,1,INITIATED,1789017996169
2220575,2,VALIDATED,1789018002791
2220575,3,PROCESSED,1789018017138
2220576,1,INITIATED,1789017996171
2220576,2,VALIDATED,1789018002787
2220576,3,PROCESSED,1789018018845
2220577,1,INITIATED,1789017996168
2220577,2,VALIDATED,1789018002789
2220577,3,PROCESSED,1789018018844
2220578,1,INITIATED,1789017996169
2220578,2,VALIDATED,1789018002787
2220578,3,PROCESSED,1789018018846
2220579,1,INITIATED,1789017996172
2220579,2,VALIDATED,1789018004763
2220579,3,PROCESSED,1789018023193
2220580,1,INITIATED,1789017996305
2220580,2,VALIDATED,1789018008288
2220580,3,PROCESSED,1789018040430
2220581,1,INITIATED,1789017996307
2220581,2,VALIDATED,1789018008285
2220581,3,PROCESSED,1789018023190
2220582,1,INITIATED,1789017996305
2220582,2,VALIDATED,1789018004758
2220582,3,PROCESSED,1789018019301
2220583,1,INITIATED,1789017996304
2220583,2,VALIDATED,1789018004757
2220583,3,PROCESSED,1789018023188
2220584,1,INITIATED,1789017996304
2220584,2,VALIDATED,1789018004756
2220584,3,PROCESSED,1789018032525
2220585,1,INITIATED,1789017996304
2220585,2,VALIDATED,1789018008289
2220585,3,PROCESSED,1789018046010
2220586,1,INITIATED,1789017996306
2220586,2,VALIDATED,1789018004763
2220586,3,PROCESSED,1789018022074
2220587,1,INITIATED,1789017996305
2220587,2,VALIDATED,1789018004756
2220587,3,PROCESSED,1789018023191
2220588,1,INITIATED,1789017996304
2220588,2,VALIDATED,1789018004758
2220588,3,PROCESSED,1789018019409
2220589,1,INITIATED,1789017996304
2220589,2,VALIDATED,1789018008287
2220589,3,PROCESSED,1789018040843
2220590,1,INITIATED,1789017996305
2220590,2,VALIDATED,1789018005199
2220590,3,PROCESSED,1789018023647
2220591,1,INITIATED,1789017996307
2220591,2,VALIDATED,1789018017298
2220591,3,PROCESSED,1789018024889
2220592,1,INITIATED,1789017996309
2220592,2,VALIDATED,1789018008412
2220592,3,PROCESSED,1789018025644
2220593,1,INITIATED,1789017996309
2220593,2,VALIDATED,1789018005196
2220593,3,PROCESSED,1789018025652
2220594,1,INITIATED,1789017997094
2220594,2,VALIDATED,1789018008410
2220594,3,PROCESSED,1789018025643
2220595,1,INITIATED,1789017997093
2220595,2,VALIDATED,1789018005200
2220595,3,PROCESSED,1789018045558
2220596,1,INITIATED,1789017997502
2220596,2,VALIDATED,1789018009239
2220596,3,PROCESSED,1789018025973
2220597,1,INITIATED,1789017997503
2220597,2,VALIDATED,1789018009213
2220597,3,PROCESSED,1789018023646
2220598,1,INITIATED,1789017997503
2220598,2,VALIDATED,1789018009239
2220598,3,PROCESSED,1789018025968
2220599,1,INITIATED,1789017997505
2220599,2,VALIDATED,1789018003363
2220599,3,PROCESSED,1789018017656
2220600,1,INITIATED,1789017997506
2220600,2,VALIDATED,1789018003368
2220600,3,PROCESSED,1789018020214
2220601,1,INITIATED,1789017997507
2220601,2,VALIDATED,1789018005426
2220601,3,PROCESSED,1789018024376
2220602,1,INITIATED,1789017997504
2220602,2,VALIDATED,1789018009240
2220602,3,PROCESSED,1789018045696
2220603,1,INITIATED,1789017997505
2220603,2,VALIDATED,1789018005427
2220603,3,PROCESSED,1789018024382
2220604,1,INITIATED,1789017997504
2220604,2,VALIDATED,1789018006339
2220604,3,PROCESSED,1789018020815
2220605,1,INITIATED,1789017997504
2220605,2,VALIDATED,1789018003365
2220605,3,PROCESSED,1789018017650
2220606,1,INITIATED,1789017997504
2220606,2,VALIDATED,1789018006338
2220606,3,PROCESSED,1789018024378
2220607,1,INITIATED,1789017997506
2220607,2,VALIDATED,1789018009239
2220607,3,PROCESSED,1789018040853
2220608,1,INITIATED,1789017997507
2220608,2,VALIDATED,1789018003366
2220608,3,PROCESSED,1789018017286
2220609,1,INITIATED,1789017997506
2220609,2,VALIDATED,1789018006339
2220609,3,PROCESSED,1789018020816
2220610,1,INITIATED,1789017997507
2220610,2,VALIDATED,1789018005427
2220610,3,PROCESSED,1789018020818
2220611,1,INITIATED,1789017998550
2220611,2,VALIDATED,1789018007880
2220611,3,PROCESSED,1789018022205
2220612,1,INITIATED,1789017998547
2220612,2,VALIDATED,1789018017141
2220612,3,PROCESSED,1789018024538
2220613,1,INITIATED,1789017998548
2220613,2,VALIDATED,1789018015489
2220613,3,PROCESSED,1789018042042
2220614,1,INITIATED,1789017998550
2220614,2,VALIDATED,1789018007880
2220614,3,PROCESSED,1789018024887
2220615,1,INITIATED,1789017998547
2220615,2,VALIDATED,1789018017135
2220615,3,PROCESSED,1789018045695
2220616,1,INITIATED,1789017998550
2220616,2,VALIDATED,1789018017135
2220616,3,PROCESSED,1789018027126
2220617,1,INITIATED,1789017998551
2220617,2,VALIDATED,1789018003853
2220617,3,PROCESSED,1789018021608
2220618,1,INITIATED,1789017998547
2220618,2,VALIDATED,1789018006908
2220618,3,PROCESSED,1789018024386
2220619,1,INITIATED,1789017998549
2220619,2,VALIDATED,1789018007878
2220619,3,PROCESSED,1789018024890
2220620,1,INITIATED,1789017998547
2220620,2,VALIDATED,1789018003755
2220620,3,PROCESSED,1789018017918
2220621,1,INITIATED,1789017998546
2220621,2,VALIDATED,1789018006909
2220621,3,PROCESSED,1789018024390
2220622,1,INITIATED,1789017998552
2220622,2,VALIDATED,1789018022211
2220622,3,PROCESSED,1789018032527
2220623,1,INITIATED,1789017998546
2220623,2,VALIDATED,1789018003751
2220623,3,PROCESSED,1789018021609
2220624,1,INITIATED,1789017998552
2220624,2,VALIDATED,1789018007036
2220624,3,PROCESSED,1789018024542
2220625,1,INITIATED,1789017998547
2220625,2,VALIDATED,1789018006910
2220625,3,PROCESSED,1789018027129
2220626,1,INITIATED,1789017998548
2220626,2,VALIDATED,1789018019263
2220626,3,PROCESSED,1789018040854
2220627,1,INITIATED,1789017998552
2220627,2,VALIDATED,1789018007878
2220627,3,PROCESSED,1789018022074
2220628,1,INITIATED,1789017998551
2220628,2,VALIDATED,1789018003854
2220628,3,PROCESSED,1789018017996
2220629,1,INITIATED,1789017998549
2220629,2,VALIDATED,1789018003853
2220629,3,PROCESSED,1789018021609
2220630,1,INITIATED,1789017998552
2220630,2,VALIDATED,1789018017134
2220630,3,PROCESSED,1789018027123
2220631,1,INITIATED,1789017998548
2220631,2,VALIDATED,1789018017137
2220631,3,PROCESSED,1789018027127
2220632,1,INITIATED,1789017998551
2220632,2,VALIDATED,1789018017140
2220632,3,PROCESSED,1789018024541
2220633,1,INITIATED,1789017998550
2220633,2,VALIDATED,1789018003855
2220633,3,PROCESSED,1789018022207
2220634,1,INITIATED,1789017998550
2220634,2,VALIDATED,1789018006910
2220634,3,PROCESSED,1789018021608
2220635,1,INITIATED,1789017998552
2220635,2,VALIDATED,1789018007878
2220635,3,PROCESSED,1789018022072
2220636,1,INITIATED,1789017998567
2220636,2,VALIDATED,1789018017257
2220636,3,PROCESSED,1789018043568
2220637,1,INITIATED,1789017998567
2220637,2,VALIDATED,1789018007878
2220637,3,REJECTED,1789018043563
2220638,1,INITIATED,1789017998567
2220638,2,VALIDATED,1789018017258
2220638,3,PROCESSED,1789018045968
2220639,1,INITIATED,1789017998994
2220639,2,VALIDATED,1789018003935
2220639,3,PROCESSED,1789018024890
2220640,1,INITIATED,1789017998993
2220640,2,VALIDATED,1789018025638
2220640,3,PROCESSED,1789018045693
2220641,1,INITIATED,1789017998994
2220641,2,VALIDATED,1789018017259
2220641,3,PROCESSED,1789018043570
2220642,1,INITIATED,1789017998993
2220642,2,VALIDATED,1789018007879
2220642,3,PROCESSED,1789018022081
2220643,1,INITIATED,1789017998994
2220643,2,VALIDATED,1789018007879
2220643,3,PROCESSED,1789018024886
2220644,1,INITIATED,1789017998993
2220644,2,VALIDATED,1789018007039
2220644,3,PROCESSED,1789018022211
2220645,1,INITIATED,1789017998994
2220645,2,VALIDATED,1789018017257
2220645,3,PROCESSED,1789018043572
2220646,1,INITIATED,1789017999133
2220646,2,VALIDATED,1789018007877
2220646,3,PROCESSED,1789018024888
2220647,1,INITIATED,1789017999135
2220647,2,VALIDATED,1789018008291
2220647,3,PROCESSED,1789018040432
2220648,1,INITIATED,1789017999136
2220648,2,VALIDATED,1789018020675
2220648,3,PROCESSED,1789018042050
2220649,1,INITIATED,1789017999134
2220649,2,VALIDATED,1789018007880
2220649,3,PROCESSED,1789018043572
2220650,1,INITIATED,1789017999135
2220650,2,VALIDATED,1789018008289
2220650,3,PROCESSED,1789018040432
2220651,1,INITIATED,1789017999135
2220651,2,VALIDATED,1789018017649
2220651,3,PROCESSED,1789018032527
2220652,1,INITIATED,1789017999900
2220652,2,VALIDATED,1789018017285
2220652,3,PROCESSED,1789018024890
2220653,1,INITIATED,1789017999898
2220653,2,VALIDATED,1789018008291
2220653,3,PROCESSED,1789018023191
2220654,1,INITIATED,1789017999899
2220654,2,VALIDATED,1789018017645
2220654,3,PROCESSED,1789018040427
2220655,1,INITIATED,1789017999905
2220655,2,VALIDATED,1789018008286
2220655,3,PROCESSED,1789018046012
2220656,1,INITIATED,1789017999902
2220656,2,VALIDATED,1789018008288
2220656,3,PROCESSED,1789018023191
2220657,1,INITIATED,1789017999906
2220657,2,VALIDATED,1789018008286
2220657,3,PROCESSED,1789018024890
2220658,1,INITIATED,1789017999903
2220658,2,VALIDATED,1789018004757
2220658,3,PROCESSED,1789018019301
2220659,1,INITIATED,1789018000361
2220659,2,VALIDATED,1789018005194
2220659,3,PROCESSED,1789018023646
2220660,1,INITIATED,1789018000361
2220660,2,VALIDATED,1789018005195
2220660,3,PROCESSED,1789018045557
2220661,1,INITIATED,1789018000366
2220661,2,VALIDATED,1789018009208
2220661,3,PROCESSED,1789018023647
2220662,1,INITIATED,1789018000372
2220662,2,VALIDATED,1789018005195
2220662,3,PROCESSED,1789018023646
2220663,1,INITIATED,1789018000373
2220663,2,VALIDATED,1789018021605
2220663,3,PROCESSED,1789018027127
2220664,1,INITIATED,1789018000480
2220664,2,VALIDATED,1789018017659
2220664,3,PROCESSED,1789018025641
2220665,1,INITIATED,1789018000483
2220665,2,VALIDATED,1789018009209
2220665,3,PROCESSED,1789018023647
2220666,1,INITIATED,1789018000366
2220666,2,VALIDATED,1789018020816
2220666,3,PROCESSED,1789018045963
2220667,1,INITIATED,1789018000483
2220667,2,VALIDATED,1789018018837
2220667,3,PROCESSED,1789018045002
2220668,1,INITIATED,1789018000484
2220668,2,VALIDATED,1789018015486
2220668,3,PROCESSED,1789018025986
2220669,1,INITIATED,1789018000479
2220669,2,VALIDATED,1789018017866
2220669,3,PROCESSED,1789018040432
2220670,1,INITIATED,1789018001282
2220670,2,VALIDATED,1789018018835
2220670,3,PROCESSED,1789018045003
2220671,1,INITIATED,1789018001275
2220671,2,VALIDATED,1789018017867
2220671,3,PROCESSED,1789018044128
2220672,1,INITIATED,1789018001276
2220672,2,VALIDATED,1789018015493
2220672,3,PROCESSED,1789018045561
2220673,1,INITIATED,1789018001280
2220673,2,VALIDATED,1789018015493
2220673,3,PROCESSED,1789018024386
2220674,1,INITIATED,1789018001278
2220674,2,VALIDATED,1789018009239
2220674,3,PROCESSED,1789018025650
2220675,1,INITIATED,1789018001281
2220675,2,VALIDATED,1789018015491
2220675,3,PROCESSED,1789018042051
2220676,1,INITIATED,1789018001276
2220676,2,VALIDATED,1789018005426
2220676,3,PROCESSED,1789018020814
2220677,1,INITIATED,1789018001276
2220677,2,VALIDATED,1789018022074
2220677,3,PROCESSED,1789018043569
2220678,1,INITIATED,1789018001276
2220678,2,VALIDATED,1789018009214
2220678,3,PROCESSED,1789018025646
2220679,1,INITIATED,1789018001311
2220679,2,VALIDATED,1789018015494
2220679,3,PROCESSED,1789018025986
2220680,1,INITIATED,1789018001311
2220680,2,VALIDATED,1789018015488
2220680,3,PROCESSED,1789018024380
2220681,1,INITIATED,1789018001311
2220681,2,VALIDATED,1789018015491
2220681,3,PROCESSED,1789018042047
2220682,1,INITIATED,1789018001312
2220682,2,VALIDATED,1789018018840
2220682,3,PROCESSED,1789018040430
2220683,1,INITIATED,1789018001313
2220683,2,VALIDATED,1789018019272
2220683,3,PROCESSED,1789018045692
2220684,1,INITIATED,1789018001312
2220684,2,VALIDATED,1789018006911
2220684,3,PROCESSED,1789018024417
2220685,1,INITIATED,1789018001313
2220685,2,VALIDATED,1789018006908
2220685,3,PROCESSED,1789018021606
2220686,1,INITIATED,1789018001782
2220686,2,VALIDATED,1789018019269
2220686,3,PROCESSED,1789018045558
2220687,1,INITIATED,1789018001783
2220687,2,VALIDATED,1789018015491
2220687,3,PROCESSED,1789018024387
2220688,1,INITIATED,1789018001787
2220688,2,VALIDATED,1789018006906
2220688,3,PROCESSED,1789018024539
2220689,1,INITIATED,1789018001785
2220689,2,VALIDATED,1789018017138
2220689,3,PROCESSED,1789018027128
2220690,1,INITIATED,1789018002195
2220690,2,VALIDATED,1789018017137
2220690,3,PROCESSED,1789018024540
2220691,1,INITIATED,1789018001820
2220691,2,VALIDATED,1789018015492
2220691,3,PROCESSED,1789018024382
2220692,1,INITIATED,1789018001822
2220692,2,VALIDATED,1789018015493
2220692,3,PROCESSED,1789018042050
2220693,1,INITIATED,1789018001821
2220693,2,VALIDATED,1789018019268
2220693,3,PROCESSED,1789018040844
2220694,1,INITIATED,1789018002196
2220694,2,VALIDATED,1789018023186
2220694,3,PROCESSED,1789018032525
2220695,1,INITIATED,1789018002202
2220695,2,VALIDATED,1789018017146
2220695,3,PROCESSED,1789018027129
2220696,1,INITIATED,1789018001823
2220696,2,VALIDATED,1789018017138
2220696,3,PROCESSED,1789018024542
2220697,1,INITIATED,1789018002199
2220697,2,VALIDATED,1789018007037
2220697,3,PROCESSED,1789018022073
2220698,1,INITIATED,1789018002199
2220698,2,VALIDATED,1789018017136
2220698,3,PROCESSED,1789018045967
2220699,1,INITIATED,1789018002200
2220699,2,VALIDATED,1789018007037
2220699,3,PROCESSED,1789018024542
2220700,1,INITIATED,1789018002198
2220700,2,VALIDATED,1789018007876
2220700,3,PROCESSED,1789018022074
2220701,1,INITIATED,1789018001820
2220701,2,VALIDATED,1789018017140
2220701,3,PROCESSED,1789018045697
2220702,1,INITIATED,1789018002197
2220702,2,VALIDATED,1789018007037
2220702,3,PROCESSED,1789018024542
2220703,1,INITIATED,1789018002195
2220703,2,VALIDATED,1789018007038
2220703,3,PROCESSED,1789018024890
2220704,1,INITIATED,1789018002200
2220704,2,VALIDATED,1789018017141
2220704,3,PROCESSED,1789018024539
2220705,1,INITIATED,1789018002198
2220705,2,VALIDATED,1789018007879
2220705,3,REJECTED,1789018039356
2220706,1,INITIATED,1789018002199
2220706,2,VALIDATED,1789018007877
2220706,3,PROCESSED,1789018022073
2220707,1,INITIATED,1789018002200
2220707,2,VALIDATED,1789018007880
2220707,3,REJECTED,1789018022074
2220708,1,INITIATED,1789018002202
2220708,2,VALIDATED,1789018007880
2220708,3,PROCESSED,1789018022209
2220709,1,INITIATED,1789018002201
2220709,2,VALIDATED,1789018007038
2220709,3,REJECTED,1789018022071
2220710,1,INITIATED,1789018002200
2220710,2,VALIDATED,1789018017146
2220710,3,PROCESSED,1789018032526
2220711,1,INITIATED,1789018002200
2220711,2,VALIDATED,1789018007039
2220711,3,REJECTED,1789018022067
2220712,1,INITIATED,1789018002199
2220712,2,VALIDATED,1789018007877
2220712,3,PROCESSED,1789018022206
2220713,1,INITIATED,1789018002199
2220713,2,VALIDATED,1789018017146
2220713,3,PROCESSED,1789018043569
2220714,1,INITIATED,1789018002201
2220714,2,VALIDATED,1789018017258
2220714,3,PROCESSED,1789018032527
2220715,1,INITIATED,1789018002197
2220715,2,VALIDATED,1789018006911
2220715,3,PROCESSED,1789018024541
2220716,1,INITIATED,1789018002208
2220716,2,VALIDATED,1789018007876
2220716,3,PROCESSED,1789018022211
2220717,1,INITIATED,1789018002208
2220717,2,VALIDATED,1789018007879
2220717,3,PROCESSED,1789018022081
2220718,1,INITIATED,1789018002209
2220718,2,VALIDATED,1789018007879
2220718,3,PROCESSED,1789018024889
2220719,1,INITIATED,1789018002282
2220719,2,VALIDATED,1789018017281
2220719,3,PROCESSED,1789018024888
2220720,1,INITIATED,1789018002285
2220720,2,VALIDATED,1789018008289
2220720,3,PROCESSED,1789018025166
2220721,1,INITIATED,1789018002283
2220721,2,VALIDATED,1789018017282
2220721,3,PROCESSED,1789018045966
2220722,1,INITIATED,1789018002283
2220722,2,VALIDATED,1789018020211
2220722,3,PROCESSED,1789018025973
2220723,1,INITIATED,1789018002284
2220723,2,VALIDATED,1789018020213
2220723,3,PROCESSED,1789018025983
2220724,1,INITIATED,1789018002284
2220724,2,VALIDATED,1789018017281
2220724,3,PROCESSED,1789018043573
2220725,1,INITIATED,1789018002285
2220725,2,VALIDATED,1789018008285
2220725,3,PROCESSED,1789018025128
2220726,1,INITIATED,1789018002285
2220726,2,VALIDATED,1789018008287
2220726,3,PROCESSED,1789018025642
2220727,1,INITIATED,1789018002288
2220727,2,VALIDATED,1789018017645
2220727,3,PROCESSED,1789018024890
2220728,1,INITIATED,1789018002286
2220728,2,VALIDATED,1789018008289
2220728,3,PROCESSED,1789018025129
2220729,1,INITIATED,1789018002286
2220729,2,VALIDATED,1789018020212
2220729,3,PROCESSED,1789018025984
2220730,1,INITIATED,1789018002286
2220730,2,VALIDATED,1789018008285
2220730,3,PROCESSED,1789018023191
2220731,1,INITIATED,1789018002286
2220731,2,VALIDATED,1789018017282
2220731,3,REJECTED,1789018032523
2220732,1,INITIATED,1789018002287
2220732,2,VALIDATED,1789018020678
2220732,3,PROCESSED,1789018042494
2220733,1,INITIATED,1789018002298
2220733,2,VALIDATED,1789018020682
2220733,3,REJECTED,1789018042479
2220734,1,INITIATED,1789018002326
2220734,2,VALIDATED,1789018017298
2220734,3,REJECTED,1789018024884
2220735,1,INITIATED,1789018002662
2220735,2,VALIDATED,1789018009208
2220735,3,PROCESSED,1789018023647
2220736,1,INITIATED,1789018002661
2220736,2,VALIDATED,1789018017645
2220736,3,PROCESSED,1789018043572
2220737,1,INITIATED,1789018002664
2220737,2,VALIDATED,1789018027126
2220737,3,PROCESSED,1789018045961
2220738,1,INITIATED,1789018002663
2220738,2,VALIDATED,1789018008413
2220738,3,PROCESSED,1789018025646
2220739,1,INITIATED,1789018002662
2220739,2,VALIDATED,1789018017913
2220739,3,PROCESSED,1789018025644
2220740,1,INITIATED,1789018002659
2220740,2,VALIDATED,1789018017649
2220740,3,PROCESSED,1789018040431
2220741,1,INITIATED,1789018002662
2220741,2,VALIDATED,1789018020818
2220741,3,PROCESSED,1789018043566
2220742,1,INITIATED,1789018002665
2220742,2,VALIDATED,1789018008411
2220742,3,PROCESSED,1789018040431
2220743,1,INITIATED,1789018002664
2220743,2,VALIDATED,1789018024415
2220743,3,PROCESSED,1789018040841
2220744,1,INITIATED,1789018002664
2220744,2,VALIDATED,1789018008413
2220744,3,PROCESSED,1789018025647
2220745,1,INITIATED,1789018002659
2220745,2,VALIDATED,1789018021604
2220745,3,PROCESSED,1789018045959
2220746,1,INITIATED,1789018002660
2220747,1,INITIATED,1789018002755
2220747,2,VALIDATED,1789018017998
2220747,3,PROCESSED,1789018025647
2220748,1,INITIATED,1789018002756
2220748,2,VALIDATED,1789018022068
2220748,3,PROCESSED,1789018043568
2220749,1,INITIATED,1789018002758
2220749,2,VALIDATED,1789018021601
2220749,3,PROCESSED,1789018042494
2220750,1,INITIATED,1789018002759
2220750,2,VALIDATED,1789018017996
2220750,3,PROCESSED,1789018040430
2220751,1,INITIATED,1789018002758
2220751,2,VALIDATED,1789018021606
2220751,3,PROCESSED,1789018027128
2220752,1,INITIATED,1789018002758
2220752,2,VALIDATED,1789018018837
2220752,3,PROCESSED,1789018045003
2220753,1,INITIATED,1789018002760
2220753,2,VALIDATED,1789018017913
2220753,3,PROCESSED,1789018046254
2220754,1,INITIATED,1789018002759
2220754,2,VALIDATED,1789018009215
2220754,3,PROCESSED,1789018040844
2220755,1,INITIATED,1789018002760
2220755,2,VALIDATED,1789018022065
2220755,3,PROCESSED,1789018032526
2220756,1,INITIATED,1789018002762
2220756,2,VALIDATED,1789018015489
2220756,3,PROCESSED,1789018025974
2220757,1,INITIATED,1789018002763
2220757,2,VALIDATED,1789018015490
2220757,3,PROCESSED,1789018025985
2220758,1,INITIATED,1789018002763
2220758,2,VALIDATED,1789018015490
2220758,3,PROCESSED,1789018025967
2220759,1,INITIATED,1789018002763
2220759,2,VALIDATED,1789018004763
2220759,3,PROCESSED,1789018020214
2220760,1,INITIATED,1789018002763
2220760,2,VALIDATED,1789018018841
2220760,3,PROCESSED,1789018045001
2220761,1,INITIATED,1789018002764
2220761,2,VALIDATED,1789018015493
2220761,3,PROCESSED,1789018024378
2220762,1,INITIATED,1789018002764
2220762,2,VALIDATED,1789018015490
2220762,3,PROCESSED,1789018025983
2220763,1,INITIATED,1789018002763
2220763,2,VALIDATED,1789018015491
2220763,3,PROCESSED,1789018024384
2220764,1,INITIATED,1789018002785
2220764,2,VALIDATED,1789018018837
2220764,3,PROCESSED,1789018045003
2220765,1,INITIATED,1789018002785
2220765,2,VALIDATED,1789018018835
2220765,3,PROCESSED,1789018025646
2220766,1,INITIATED,1789018002787
2220766,2,VALIDATED,1789018018843
2220766,3,PROCESSED,1789018044999
2220767,1,INITIATED,1789018002785
2220767,2,VALIDATED,1789018018841
2220767,3,PROCESSED,1789018045000
2220768,1,INITIATED,1789018002787
2220768,2,VALIDATED,1789018018843
2220768,3,PROCESSED,1789018025648
2220769,1,INITIATED,1789018002786
2220769,2,VALIDATED,1789018015492
2220769,3,PROCESSED,1789018025986
2220770,1,INITIATED,1789018002791
2220770,2,VALIDATED,1789018017137
2220770,3,PROCESSED,1789018024538
2220771,1,INITIATED,1789018002792
2220771,2,VALIDATED,1789018023188
2220771,3,PROCESSED,1789018043717
2220772,1,INITIATED,1789018002788
2220772,2,VALIDATED,1789018018840
2220772,3,PROCESSED,1789018040430
2220773,1,INITIATED,1789018002788
2220773,2,VALIDATED,1789018018839
2220773,3,PROCESSED,1789018040852
2220774,1,INITIATED,1789018002794
2220774,2,VALIDATED,1789018023184
2220774,3,PROCESSED,1789018032524
2220775,1,INITIATED,1789018002790
2220775,2,VALIDATED,1789018022207
2220775,3,PROCESSED,1789018032526
2220776,1,INITIATED,1789018002794
2220776,2,VALIDATED,1789018019410
2220776,3,PROCESSED,1789018042044
2220777,1,INITIATED,1789018002789
2220777,2,VALIDATED,1789018018839
2220777,3,PROCESSED,1789018040837
2220778,1,INITIATED,1789018002794
2220778,2,VALIDATED,1789018025122
2220778,3,PROCESSED,1789018042050
2220779,1,INITIATED,1789018002791
2220779,2,VALIDATED,1789018017136
2220779,3,PROCESSED,1789018027129
2220780,1,INITIATED,1789018002795
2220780,2,VALIDATED,1789018019411
2220780,3,PROCESSED,1789018040995
2220781,1,INITIATED,1789018002794
2220781,2,VALIDATED,1789018017258
2220781,3,PROCESSED,1789018045967
2220782,1,INITIATED,1789018002795
2220782,2,VALIDATED,1789018025124
2220782,3,PROCESSED,1789018045691
2220783,1,INITIATED,1789018003221
2220783,2,VALIDATED,1789018023213
2220783,3,PROCESSED,1789018046254
2220784,1,INITIATED,1789018003224
2220784,2,VALIDATED,1789018017257
2220784,3,PROCESSED,1789018024889
2220785,1,INITIATED,1789018003222
2220785,2,VALIDATED,1789018020208
2220785,3,PROCESSED,1789018045697
2220786,1,INITIATED,1789018003224
2220786,2,VALIDATED,1789018019412
2220786,3,PROCESSED,1789018025984
2220787,1,INITIATED,1789018003225
2220787,2,VALIDATED,1789018019302
2220787,3,PROCESSED,1789018040996
2220788,1,INITIATED,1789018003227
2220788,2,VALIDATED,1789018017258
2220788,3,PROCESSED,1789018045970
2220789,1,INITIATED,1789018003227
2220789,2,VALIDATED,1789018020210
2220789,3,PROCESSED,1789018042049
2220790,1,INITIATED,1789018003230
2220790,2,VALIDATED,1789018025636
2220790,3,PROCESSED,1789018045694
2220791,1,INITIATED,1789018003230
2220791,2,VALIDATED,1789018020209
2220791,3,PROCESSED,1789018045694
2220792,1,INITIATED,1789018003230
2220792,2,VALIDATED,1789018025638
2220792,3,PROCESSED,1789018045696
2220793,1,INITIATED,1789018003231
2220793,2,VALIDATED,1789018020207
2220793,3,PROCESSED,1789018042047
2220794,1,INITIATED,1789018003325
2220794,2,VALIDATED,1789018023789
2220794,3,PROCESSED,1789018044124
2220795,1,INITIATED,1789018003326
2220795,2,VALIDATED,1789018023785
2220795,3,PROCESSED,1789018044126
2220796,1,INITIATED,1789018003327
2220796,2,VALIDATED,1789018020209
2220796,3,PROCESSED,1789018025983
2220797,1,INITIATED,1789018003369
2220797,2,VALIDATED,1789018020681
2220797,3,PROCESSED,1789018027126
2220798,1,INITIATED,1789018003325
2220798,2,VALIDATED,1789018020209
2220798,3,PROCESSED,1789018025986
2220799,1,INITIATED,1789018003369
2220799,2,VALIDATED,1789018020681
2220799,3,PROCESSED,1789018027126
2220800,1,INITIATED,1789018003369
2220800,2,VALIDATED,1789018020678
2220800,3,PROCESSED,1789018045699
2220801,1,INITIATED,1789018003327
2220801,2,VALIDATED,1789018020209
2220801,3,PROCESSED,1789018042050
2220802,1,INITIATED,1789018003367
2220802,2,VALIDATED,1789018020211
2220802,3,PROCESSED,1789018025983
2220803,1,INITIATED,1789018003368
2220803,2,VALIDATED,1789018020211
2220803,3,PROCESSED,1789018025986
2220804,1,INITIATED,1789018003753
2220804,2,VALIDATED,1789018017867
2220804,3,PROCESSED,1789018025637
2220805,1,INITIATED,1789018003751
2220805,2,VALIDATED,1789018020682
2220805,3,PROCESSED,1789018027125
2220806,1,INITIATED,1789018003749
2220806,2,VALIDATED,1789018017651
2220806,3,PROCESSED,1789018040430
2220807,1,INITIATED,1789018003750
2220807,2,VALIDATED,1789018017648
2220807,3,PROCESSED,1789018040429
2220808,1,INITIATED,1789018003754
2220808,2,VALIDATED,1789018021602
2220808,3,REJECTED,1789018042486
2220809,1,INITIATED,1789018003755
2220809,2,VALIDATED,1789018017866
2220809,3,PROCESSED,1789018025646
2220810,1,INITIATED,1789018003753
2220810,2,VALIDATED,1789018017866
2220810,3,PROCESSED,1789018040431
2220811,1,INITIATED,1789018003755
2220811,2,VALIDATED,1789018017867
2220811,3,PROCESSED,1789018025166
2220812,1,INITIATED,1789018003753
2220812,2,VALIDATED,1789018017866
2220812,3,PROCESSED,1789018025640
2220813,1,INITIATED,1789018003754
2220813,2,VALIDATED,1789018017868
2220813,3,PROCESSED,1789018025640
2220814,1,INITIATED,1789018003752
2220814,2,VALIDATED,1789018025973
2220814,3,PROCESSED,1789018045698
2220815,1,INITIATED,1789018003749
2220815,2,VALIDATED,1789018024381
2220815,3,PROCESSED,1789018040853
2220816,1,INITIATED,1789018003751
2220816,2,VALIDATED,1789018020818
2220816,3,PROCESSED,1789018042625
2220817,1,INITIATED,1789018003853
2220817,2,VALIDATED,1789018017914
2220817,3,PROCESSED,1789018025168
2220818,1,INITIATED,1789018003853
2220818,2,VALIDATED,1789018021601
2220818,3,PROCESSED,1789018045956
2220819,1,INITIATED,1789018003854
2220819,2,VALIDATED,1789018017867
2220819,3,PROCESSED,1789018025645
2220820,1,INITIATED,1789018003854
2220820,2,VALIDATED,1789018017867
2220820,3,PROCESSED,1789018040429
2220821,1,INITIATED,1789018003855
2220821,2,VALIDATED,1789018022068
2220821,3,PROCESSED,1789018032525
2220822,1,INITIATED,1789018003933
2220822,2,VALIDATED,1789018024555
2220822,3,PROCESSED,1789018045561
2220823,1,INITIATED,1789018003933
2220823,2,VALIDATED,1789018022073
2220823,3,PROCESSED,1789018043567
2220824,1,INITIATED,1789018003988
2220824,2,VALIDATED,1789018024886
2220824,3,PROCESSED,1789018046268
2220825,1,INITIATED,1789018003987
2220825,2,VALIDATED,1789018022069
2220825,3,PROCESSED,1789018032527
2220826,1,INITIATED,1789018003987
2220826,2,VALIDATED,1789018024555
2220826,3,PROCESSED,1789018045560
2220827,1,INITIATED,1789018003987
2220827,2,VALIDATED,1789018024886
2220827,3,PROCESSED,1789018045557
2220828,1,INITIATED,1789018003988
2220828,2,VALIDATED,1789018018842
2220828,3,PROCESSED,1789018040431
2220829,1,INITIATED,1789018003988
2220829,2,VALIDATED,1789018022066
2220829,3,PROCESSED,1789018032528
2220830,1,INITIATED,1789018003988
2220830,2,VALIDATED,1789018024540
2220830,3,PROCESSED,1789018045562
2220831,1,INITIATED,1789018004761
2220831,2,VALIDATED,1789018019266
2220831,3,PROCESSED,1789018042040
2220832,1,INITIATED,1789018004758
2220832,2,VALIDATED,1789018046006
2220832,3,PROCESSED,1789018046339
2220833,1,INITIATED,1789018004762
2220833,2,VALIDATED,1789018022210
2220833,3,PROCESSED,1789018032526
2220834,1,INITIATED,1789018004762
2220834,2,VALIDATED,1789018022210
2220834,3,PROCESSED,1789018032526
2220835,1,INITIATED,1789018004761
2220835,2,VALIDATED,1789018019264
2220835,3,PROCESSED,1789018040844
2220836,1,INITIATED,1789018004755
2220836,2,VALIDATED,1789018019264
2220836,3,PROCESSED,1789018040854
2220837,1,INITIATED,1789018004761
2220837,2,VALIDATED,1789018019265
2220837,3,PROCESSED,1789018045559
2220838,1,INITIATED,1789018004759
2220838,2,VALIDATED,1789018019269
2220838,3,PROCESSED,1789018042049
2220839,1,INITIATED,1789018004760
2220839,2,VALIDATED,1789018019266
2220839,3,PROCESSED,1789018040853
2220840,1,INITIATED,1789018004759
2220840,2,VALIDATED,1789018019265
2220840,3,PROCESSED,1789018040852
2220841,1,INITIATED,1789018004761
2220841,2,VALIDATED,1789018023189
2220841,3,PROCESSED,1789018032527
2220842,1,INITIATED,1789018004759
2220842,2,VALIDATED,1789018008410
2220842,3,PROCESSED,1789018025645
2220843,1,INITIATED,1789018004756
2220843,2,VALIDATED,1789018022209
2220843,3,PROCESSED,1789018032527
2220844,1,INITIATED,1789018004759
2220844,2,VALIDATED,1789018019267
2220844,3,PROCESSED,1789018045558
2220845,1,INITIATED,1789018004762
2220845,2,VALIDATED,1789018023185
2220845,3,PROCESSED,1789018032527
2220846,1,INITIATED,1789018004758
2220846,2,VALIDATED,1789018023188
2220846,3,PROCESSED,1789018043722
2220847,1,INITIATED,1789018004760
2220847,2,VALIDATED,1789018022211
2220847,3,PROCESSED,1789018043721
2220848,1,INITIATED,1789018005195
2220848,2,VALIDATED,1789018025638
2220848,3,PROCESSED,1789018045696
2220849,1,INITIATED,1789018005194
2220849,2,VALIDATED,1789018019411
2220849,3,PROCESSED,1789018025970
2220850,1,INITIATED,1789018005195
2220850,2,VALIDATED,1789018023788
2220850,3,REJECTED,1789018040426
2220851,1,INITIATED,1789018005199
2220851,2,VALIDATED,1789018020212
2220851,3,PROCESSED,1789018042048
2220852,1,INITIATED,1789018005198
2220852,2,VALIDATED,1789018025641
2220852,3,PROCESSED,1789018045697
2220853,1,INITIATED,1789018005196
2220853,2,VALIDATED,1789018020208
2220853,3,PROCESSED,1789018042049
2220854,1,INITIATED,1789018005196
2220854,2,VALIDATED,1789018023654
2220854,3,PROCESSED,1789018046248
2220855,1,INITIATED,1789018005196
2220855,2,VALIDATED,1789018023789
2220855,3,PROCESSED,1789018040426
2220856,1,INITIATED,1789018005196
2220856,2,VALIDATED,1789018023654
2220856,3,PROCESSED,1789018046250
2220857,1,INITIATED,1789018005197
2220857,2,VALIDATED,1789018020206
2220857,3,PROCESSED,1789018045559
2220858,1,INITIATED,1789018005198
2220858,2,VALIDATED,1789018023654
2220858,3,PROCESSED,1789018040427
2220859,1,INITIATED,1789018005197
2220859,2,VALIDATED,1789018023654
2220859,3,PROCESSED,1789018044995
2220860,1,INITIATED,1789018005198
2220860,2,VALIDATED,1789018025637
2220860,3,PROCESSED,1789018045694
2220861,1,INITIATED,1789018005200
2220861,2,VALIDATED,1789018023785
2220861,3,PROCESSED,1789018046016
2220862,1,INITIATED,1789018005198
2220862,2,VALIDATED,1789018025649
2220862,3,PROCESSED,1789018042488
2220863,1,INITIATED,1789018005200
2220863,2,VALIDATED,1789018040838
2220863,3,REJECTED,1789018043721
2220864,1,INITIATED,1789018005424
2220864,2,VALIDATED,1789018025636
2220864,3,PROCESSED,1789018042048
2220865,1,INITIATED,1789018005424
2220865,2,VALIDATED,1789018025640
2220865,3,PROCESSED,1789018045693
2220866,1,INITIATED,1789018005427
2220866,2,VALIDATED,1789018020678
2220866,3,PROCESSED,1789018025984
2220867,1,INITIATED,1789018005427
2220867,2,VALIDATED,1789018023791
2220867,3,PROCESSED,1789018046252
2220868,1,INITIATED,1789018005427
2220868,2,VALIDATED,1789018025972
2220868,3,PROCESSED,1789018042626
2220869,1,INITIATED,1789018006337
2220869,2,VALIDATED,1789018020683
2220869,3,PROCESSED,1789018027127
2220870,1,INITIATED,1789018006333
2220870,2,VALIDATED,1789018024381
2220870,3,PROCESSED,1789018046258
2220871,1,INITIATED,1789018006341
2220871,2,VALIDATED,1789018020685
2220871,3,PROCESSED,1789018045699
2220872,1,INITIATED,1789018006338
2220872,2,VALIDATED,1789018020682
2220872,3,PROCESSED,1789018042628
2220873,1,INITIATED,1789018006338
2220873,2,VALIDATED,1789018020685
2220873,3,PROCESSED,1789018045700
2220874,1,INITIATED,1789018006339
2220874,2,VALIDATED,1789018045555
2220874,3,PROCESSED,1789018046277
2220875,1,INITIATED,1789018006340
2220875,2,VALIDATED,1789018020682
2220875,3,PROCESSED,1789018027126
2220876,1,INITIATED,1789018006335
2220876,2,VALIDATED,1789018020684
2220876,3,PROCESSED,1789018042494
2220877,1,INITIATED,1789018006340
2220877,2,VALIDATED,1789018020684
2220877,3,PROCESSED,1789018027127
2220878,1,INITIATED,1789018006340
2220878,2,VALIDATED,1789018024388
2220878,3,PROCESSED,1789018040852
2220879,1,INITIATED,1789018006335
2220879,2,VALIDATED,1789018024379
2220879,3,PROCESSED,1789018040843
2220880,1,INITIATED,1789018006337
2220880,2,VALIDATED,1789018024382
2220880,3,PROCESSED,1789018040840
2220881,1,INITIATED,1789018006337
2220881,2,VALIDATED,1789018024382
2220881,3,PROCESSED,1789018046256
2220882,1,INITIATED,1789018006905
2220882,2,VALIDATED,1789018024388
2220882,3,PROCESSED,1789018040853
2220883,1,INITIATED,1789018006905
2220883,2,VALIDATED,1789018024415
2220883,3,PROCESSED,1789018045561
2220884,1,INITIATED,1789018006906
2220884,2,VALIDATED,1789018020816
2220884,3,PROCESSED,1789018045699
2220885,1,INITIATED,1789018006907
2220885,2,VALIDATED,1789018027127
2220885,3,PROCESSED,1789018043567
2220886,1,INITIATED,1789018006911
2220886,2,VALIDATED,1789018027125
2220886,3,PROCESSED,1789018045964
2220887,1,INITIATED,1789018006910
2220887,2,VALIDATED,1789018027126
2220887,3,PROCESSED,1789018045967
2220888,1,INITIATED,1789018006910
2220888,2,VALIDATED,1789018024415
2220888,3,PROCESSED,1789018040855
2220889,1,INITIATED,1789018006911
2220889,2,VALIDATED,1789018024418
2220889,3,PROCESSED,1789018040854
2220890,1,INITIATED,1789018006910
2220890,2,VALIDATED,1789018024387
2220890,3,PROCESSED,1789018046256
2220891,1,INITIATED,1789018006911
2220891,2,VALIDATED,1789018026136
2220891,3,PROCESSED,1789018043571
2220892,1,INITIATED,1789018006912
2220892,2,VALIDATED,1789018021604
2220892,3,PROCESSED,1789018042626
2220893,1,INITIATED,1789018006912
2220893,2,VALIDATED,1789018024387
2220893,3,PROCESSED,1789018040852
2220894,1,INITIATED,1789018006912
2220894,2,VALIDATED,1789018024417
2220894,3,PROCESSED,1789018045559
2220895,1,INITIATED,1789018007035
2220895,2,VALIDATED,1789018024539
2220895,3,PROCESSED,1789018046269
2220896,1,INITIATED,1789018007039
2220896,2,VALIDATED,1789018027141
2220896,3,PROCESSED,1789018043571
2220897,1,INITIATED,1789018007039
2220897,2,VALIDATED,1789018017647
2220897,3,PROCESSED,1789018043572
2220898,1,INITIATED,1789018007877
2220898,2,VALIDATED,1789018032521
2220898,3,PROCESSED,1789018045970
2220899,1,INITIATED,1789018007877
2220899,2,VALIDATED,1789018022068
2220899,3,PROCESSED,1789018032526
2220900,1,INITIATED,1789018008283
2220900,2,VALIDATED,1789018025124
2220900,3,PROCESSED,1789018045698
2220901,1,INITIATED,1789018008290
2220901,2,VALIDATED,1789018024896
2220901,3,PROCESSED,1789018042038
2220902,1,INITIATED,1789018008286
2220902,2,VALIDATED,1789018024896
2220902,3,PROCESSED,1789018045561
2220903,1,INITIATED,1789018008288
2220903,2,VALIDATED,1789018040423
2220903,3,PROCESSED,1789018046015
2220904,1,INITIATED,1789018008287
2220904,2,VALIDATED,1789018025126
2220904,3,PROCESSED,1789018046277
2220905,1,INITIATED,1789018008290
2220905,2,VALIDATED,1789018024896
2220905,3,PROCESSED,1789018042047
2220906,1,INITIATED,1789018008290
2220906,2,VALIDATED,1789018008411
2220906,3,PROCESSED,1789018025645
2220907,1,INITIATED,1789018008288
2220907,2,VALIDATED,1789018040425
2220907,3,PROCESSED,1789018046256
2220908,1,INITIATED,1789018008290
2220908,2,VALIDATED,1789018024896
2220908,3,PROCESSED,1789018042043
2220909,1,INITIATED,1789018008290
2220909,2,VALIDATED,1789018043718
2220909,3,PROCESSED,1789018046269
2220910,1,INITIATED,1789018008290
2220910,2,VALIDATED,1789018040835
2220910,3,PROCESSED,1789018046015
2220911,1,INITIATED,1789018008289
2220911,2,VALIDATED,1789018024886
2220911,3,PROCESSED,1789018045562
2220912,1,INITIATED,1789018008291
2220912,2,VALIDATED,1789018024896
2220912,3,PROCESSED,1789018040996
2220913,1,INITIATED,1789018008413
2220913,2,VALIDATED,1789018023654
2220913,3,PROCESSED,1789018040431
2220914,1,INITIATED,1789018008413
2220914,2,VALIDATED,1789018023642
2220914,3,PROCESSED,1789018044995
2220915,1,INITIATED,1789018008412
2220915,2,VALIDATED,1789018024377
2220915,3,PROCESSED,1789018046259
2220916,1,INITIATED,1789018008412
2220916,2,VALIDATED,1789018023787
2220916,3,PROCESSED,1789018046013
2220917,1,INITIATED,1789018008413
2220917,2,VALIDATED,1789018023654
2220917,3,PROCESSED,1789018044999
2220918,1,INITIATED,1789018008413
2220918,2,VALIDATED,1789018023641
2220918,3,REJECTED,1789018043720
2220919,1,INITIATED,1789018009206
2220919,2,VALIDATED,1789018023789
2220919,3,REJECTED,1789018044127
2220920,1,INITIATED,1789018009206
2220920,2,VALIDATED,1789018023654
2220920,3,PROCESSED,1789018040427
2220921,1,INITIATED,1789018009213
2220921,2,VALIDATED,1789018025650
2220921,3,PROCESSED,1789018045958
2220922,1,INITIATED,1789018009215
2220922,2,VALIDATED,1789018023654
2220922,3,PROCESSED,1789018040425
2220923,1,INITIATED,1789018015488
2220923,2,VALIDATED,1789018025844
2220923,3,PROCESSED,1789018045967
2220924,1,INITIATED,1789018015534
2220924,2,VALIDATED,1789018025972
2220924,3,PROCESSED,1789018042488
2220925,1,INITIATED,1789018017143
2220925,2,VALIDATED,1789018027123
2220925,3,PROCESSED,1789018045962
2220926,1,INITIATED,1789018017137
2220926,2,VALIDATED,1789018024413
2220926,3,PROCESSED,1789018045558
2220927,1,INITIATED,1789018017139
2220927,2,VALIDATED,1789018026125
2220927,3,PROCESSED,1789018045963
2220928,1,INITIATED,1789018017138
2220928,2,VALIDATED,1789018024415
2220928,3,PROCESSED,1789018046275
2220929,1,INITIATED,1789018017136
2220929,2,VALIDATED,1789018027122
2220929,3,PROCESSED,1789018045967
2220930,1,INITIATED,1789018017144
2220930,2,VALIDATED,1789018024541
2220930,3,PROCESSED,1789018046267
2220931,1,INITIATED,1789018017134
2220931,2,VALIDATED,1789018042486
2220931,3,PROCESSED,1789018045003
2220932,1,INITIATED,1789018017143
2220932,2,VALIDATED,1789018024540
2220932,3,PROCESSED,1789018040854
2220933,1,INITIATED,1789018017144
2220933,2,VALIDATED,1789018045952
2220933,3,PROCESSED,1789018046340
2220934,1,INITIATED,1789018017137
2220934,2,VALIDATED,1789018042485
2220934,3,PROCESSED,1789018046257
2220935,1,INITIATED,1789018017139
2220935,2,VALIDATED,1789018027125
2220935,3,PROCESSED,1789018045962
2220936,1,INITIATED,1789018017142
2220936,2,VALIDATED,1789018027125
2220936,3,PROCESSED,1789018045965
2220937,1,INITIATED,1789018017146
2220937,2,VALIDATED,1789018032522
2220937,3,PROCESSED,1789018045964
2220938,1,INITIATED,1789018017256
2220938,2,VALIDATED,1789018032522
2220938,3,PROCESSED,1789018043570
2220939,1,INITIATED,1789018017256
2220939,2,VALIDATED,1789018032523
2220939,3,PROCESSED,1789018043571
2220940,1,INITIATED,1789018017259
2220940,2,VALIDATED,1789018024884
2220940,3,PROCESSED,1789018045561
2220941,1,INITIATED,1789018017259
2220941,2,VALIDATED,1789018043567
2220941,3,PROCESSED,1789018046258
2220942,1,INITIATED,1789018017279
2220942,2,VALIDATED,1789018043567
2220942,3,PROCESSED,1789018045002
2220943,1,INITIATED,1789018017280
2220943,2,VALIDATED,1789018045955
2220943,3,PROCESSED,1789018046336
2220944,1,INITIATED,1789018017298
2220944,2,VALIDATED,1789018039354
2220944,3,PROCESSED,1789018045970
2220945,1,INITIATED,1789018017648
2220945,2,VALIDATED,1789018032525
2220945,3,PROCESSED,1789018045962
2220946,1,INITIATED,1789018017649
2220946,2,VALIDATED,1789018032523
2220946,3,PROCESSED,1789018043571
2220947,1,INITIATED,1789018017646
2220947,2,VALIDATED,1789018040427
2220947,3,PROCESSED,1789018046002
2220948,1,INITIATED,1789018017644
2220948,2,VALIDATED,1789018024888
2220948,3,PROCESSED,1789018046278
2220949,1,INITIATED,1789018017645
2220949,2,VALIDATED,1789018040425
2220949,3,PROCESSED,1789018045970
2220950,1,INITIATED,1789018017646
2220950,2,VALIDATED,1789018040423
2220950,3,PROCESSED,1789018046010
2220951,1,INITIATED,1789018017646
2220951,2,VALIDATED,1789018024886
2220951,3,PROCESSED,1789018045562
2220952,1,INITIATED,1789018017649
2220952,2,VALIDATED,1789018040422
2220952,3,PROCESSED,1789018046252
2220953,1,INITIATED,1789018017647
2220953,2,VALIDATED,1789018039357
2220953,3,PROCESSED,1789018046012
2220954,1,INITIATED,1789018017659
2220954,2,VALIDATED,1789018024886
2220954,3,PROCESSED,1789018045559
2220955,1,INITIATED,1789018017866
2220955,2,VALIDATED,1789018025128
2220955,3,PROCESSED,1789018042050
2220956,1,INITIATED,1789018017867
2220956,2,VALIDATED,1789018025126
2220956,3,PROCESSED,1789018045693
2220957,1,INITIATED,1789018017867
2220957,2,VALIDATED,1789018025122
2220957,3,PROCESSED,1789018045699
2220958,1,INITIATED,1789018017913
2220958,2,VALIDATED,1789018025126
2220958,3,PROCESSED,1789018042051
2220959,1,INITIATED,1789018018835
2220959,2,VALIDATED,1789018044127
2220959,3,PROCESSED,1789018045560
2220960,1,INITIATED,1789018018837
2220960,2,VALIDATED,1789018044998
2220960,3,PROCESSED,1789018045557
2220961,1,INITIATED,1789018019265
2220961,2,VALIDATED,1789018025642
2220961,3,PROCESSED,1789018045699
2220962,1,INITIATED,1789018019264
2220962,2,VALIDATED,1789018025650
2220962,3,PROCESSED,1789018042488
2220963,1,INITIATED,1789018019267
2220963,2,VALIDATED,1789018042040
2220963,3,PROCESSED,1789018044997
2220964,1,INITIATED,1789018019265
2220964,2,VALIDATED,1789018042040
2220964,3,REJECTED,1789018043718
2220965,1,INITIATED,1789018019265
2220965,2,VALIDATED,1789018040841
2220965,3,PROCESSED,1789018046018
2220966,1,INITIATED,1789018019265
2220966,2,VALIDATED,1789018040995
2220966,3,REJECTED,1789018046003
2220967,1,INITIATED,1789018019267
2220967,2,VALIDATED,1789018040840
2220967,3,PROCESSED,1789018046011
2220968,1,INITIATED,1789018019266
2220968,2,VALIDATED,1789018046264
2220968,3,PROCESSED,1789018046344
2220969,1,INITIATED,1789018019269
2220969,2,VALIDATED,1789018040993
2220969,3,REJECTED,1789018046006
2220970,1,INITIATED,1789018019268
2220970,2,VALIDATED,1789018040993
2220970,3,PROCESSED,1789018046249
2220971,1,INITIATED,1789018019268
2220971,2,VALIDATED,1789018044997
2220971,3,PROCESSED,1789018045558
2220972,1,INITIATED,1789018019412
2220972,2,VALIDATED,1789018025967
2220972,3,PROCESSED,1789018042486
2220973,1,INITIATED,1789018020208
2220973,2,VALIDATED,1789018042043
2220973,3,PROCESSED,1789018044997
2220974,1,INITIATED,1789018020207
2220974,2,VALIDATED,1789018042048
2220974,3,PROCESSED,1789018044129
2220975,1,INITIATED,1789018020207
2220975,2,VALIDATED,1789018040994
2220975,3,PROCESSED,1789018043720
2220976,1,INITIATED,1789018020682
2220976,2,VALIDATED,1789018045692
2220976,3,PROCESSED,1789018046277
2220977,1,INITIATED,1789018020679
2220977,2,VALIDATED,1789018027124
2220977,3,PROCESSED,1789018043570
2220978,1,INITIATED,1789018020682
2220978,2,VALIDATED,1789018042044
2220978,3,PROCESSED,1789018044998
2220979,1,INITIATED,1789018020681
2220979,2,VALIDATED,1789018042046
2220979,3,PROCESSED,1789018046259
2220980,1,INITIATED,1789018020681
2220980,2,VALIDATED,1789018042047
2220980,3,PROCESSED,1789018045964
2220981,1,INITIATED,1789018020684
2220981,2,VALIDATED,1789018042483
2220981,3,PROCESSED,1789018046246
2220982,1,INITIATED,1789018021599
2220982,2,VALIDATED,1789018042484
2220982,3,PROCESSED,1789018044129
2220983,1,INITIATED,1789018021600
2220983,2,VALIDATED,1789018045693
2220983,3,PROCESSED,1789018046277
2220984,1,INITIATED,1789018021602
2220984,2,VALIDATED,1789018045958
2220984,3,PROCESSED,1789018046245
2220985,1,INITIATED,1789018021602
2220985,2,VALIDATED,1789018042488
2220985,3,PROCESSED,1789018046256
2220986,1,INITIATED,1789018021604
2220986,2,VALIDATED,1789018042487
2220986,3,PROCESSED,1789018044128
2220987,1,INITIATED,1789018022067
2220987,2,VALIDATED,1789018045956
2220987,3,PROCESSED,1789018046335
2220988,1,INITIATED,1789018022071
2220988,2,VALIDATED,1789018043564
2220988,3,PROCESSED,1789018045002
2220989,1,INITIATED,1789018022206
2220989,2,VALIDATED,1789018043566
2220989,3,PROCESSED,1789018046262
2220990,1,INITIATED,1789018022208
2220990,2,VALIDATED,1789018045948
2220990,3,PROCESSED,1789018046334
2220991,1,INITIATED,1789018022210
2220991,2,VALIDATED,1789018032523
2220991,3,PROCESSED,1789018046336
2220992,1,INITIATED,1789018022211
2220992,2,VALIDATED,1789018032521
2220992,3,PROCESSED,1789018043569
2220993,1,INITIATED,1789018022208
2220993,2,VALIDATED,1789018032523
2220993,3,PROCESSED,1789018045969
2220994,1,INITIATED,1789018022211
2220994,2,VALIDATED,1789018043716
2220994,3,PROCESSED,1789018046269
2220995,1,INITIATED,1789018022209
2220995,2,VALIDATED,1789018043567
2220995,3,PROCESSED,1789018045001
2220996,1,INITIATED,1789018022210
2220996,2,VALIDATED,1789018032523
2220996,3,PROCESSED,1789018045965
2220997,1,INITIATED,1789018023183
2220997,2,VALIDATED,1789018032522
2220997,3,PROCESSED,1789018045970
2220998,1,INITIATED,1789018023184
2220998,2,VALIDATED,1789018043721
2220998,3,PROCESSED,1789018045562
2220999,1,INITIATED,1789018023189
2220999,2,VALIDATED,1789018043565
2220999,3,PROCESSED,1789018045002
2221000,1,INITIATED,1789018023643
2221000,2,VALIDATED,1789018043721
2221000,3,PROCESSED,1789018046270
2221001,1,INITIATED,1789018023645
2221001,2,VALIDATED,1789018046006
2221001,3,PROCESSED,1789018046340
2221002,1,INITIATED,1789018023644
2221002,2,VALIDATED,1789018043717
2221002,3,PROCESSED,1789018046268
2221003,1,INITIATED,1789018023644
2221003,2,VALIDATED,1789018043718
2221003,3,REJECTED,1789018046272
2221004,1,INITIATED,1789018023645
2221004,2,VALIDATED,1789018046008
2221004,3,PROCESSED,1789018046341
2221005,1,INITIATED,1789018023788
2221005,2,VALIDATED,1789018046249
2221005,3,PROCESSED,1789018046338
2221006,1,INITIATED,1789018023787
2221006,2,VALIDATED,1789018039356
2221006,3,PROCESSED,1789018046248
2221007,1,INITIATED,1789018023788
2221007,2,VALIDATED,1789018044126
2221007,3,PROCESSED,1789018045556
2221008,1,INITIATED,1789018023791
2221008,2,VALIDATED,1789018040841
2221008,3,PROCESSED,1789018046016
2221009,1,INITIATED,1789018023789
2221009,2,VALIDATED,1789018040423
2221009,3,PROCESSED,1789018046010
2221010,1,INITIATED,1789018023790
2221010,2,VALIDATED,1789018046250
2221010,3,PROCESSED,1789018046344
2221011,1,INITIATED,1789018023791
2221011,2,VALIDATED,1789018046328
2221011,3,PROCESSED,1789018046348
2221012,1,INITIATED,1789018024383
2221012,2,VALIDATED,1789018040839
2221012,3,PROCESSED,1789018046254
2221013,1,INITIATED,1789018024377
2221013,2,VALIDATED,1789018040840
2221013,3,PROCESSED,1789018046252
2221014,1,INITIATED,1789018024378
2221014,2,VALIDATED,1789018046259
2221014,3,PROCESSED,1789018046341
2221015,1,INITIATED,1789018024377
2221015,2,VALIDATED,1789018044129
2221015,3,PROCESSED,1789018045561
2221016,1,INITIATED,1789018024375
2221016,2,VALIDATED,1789018046250
2221016,3,PROCESSED,1789018046342
2221017,1,INITIATED,1789018024376
2221017,2,VALIDATED,1789018043722
2221017,3,PROCESSED,1789018046270
2221018,1,INITIATED,1789018024381
2221018,2,VALIDATED,1789018045554
2221018,3,PROCESSED,1789018045698
2221019,1,INITIATED,1789018024384
2221019,2,VALIDATED,1789018046250
2221019,3,PROCESSED,1789018046343
2221020,1,INITIATED,1789018024383
2221020,2,VALIDATED,1789018046254
2221020,3,PROCESSED,1789018046340
2221021,1,INITIATED,1789018024383
2221021,2,VALIDATED,1789018045551
2221021,3,PROCESSED,1789018046278
2221022,1,INITIATED,1789018024384
2221022,2,VALIDATED,1789018046251
2221022,3,PROCESSED,1789018046340
2221023,1,INITIATED,1789018024388
2221023,2,VALIDATED,1789018040835
2221023,3,PROCESSED,1789018043723
2221024,1,INITIATED,1789018024540
2221024,2,VALIDATED,1789018040844
2221024,3,PROCESSED,1789018044128
2221025,1,INITIATED,1789018024885
2221025,2,VALIDATED,1789018046265
2221025,3,PROCESSED,1789018046344
2221026,1,INITIATED,1789018024883
2221026,2,VALIDATED,1789018045552
2221026,3,PROCESSED,1789018046277
2221027,1,INITIATED,1789018024883
2221027,2,VALIDATED,1789018045553
2221027,3,PROCESSED,1789018046277
2221028,1,INITIATED,1789018025122
2221028,2,VALIDATED,1789018045686
2221028,3,PROCESSED,1789018046278
2221029,1,INITIATED,1789018025129
2221029,2,VALIDATED,1789018045692
2221029,3,PROCESSED,1789018046278
2221030,1,INITIATED,1789018025126
2221030,2,VALIDATED,1789018045686
2221030,3,PROCESSED,1789018046277
2221031,1,INITIATED,1789018025639
2221031,2,VALIDATED,1789018045687
2221031,3,PROCESSED,1789018046278
2221032,1,INITIATED,1789018025641
2221032,2,VALIDATED,1789018045691
2221032,3,PROCESSED,1789018046278
2221033,1,INITIATED,1789018025644
2221033,2,VALIDATED,1789018042482
2221033,3,PROCESSED,1789018044999
2221034,1,INITIATED,1789018025648
2221034,2,VALIDATED,1789018042484
2221034,3,PROCESSED,1789018045002
2221035,1,INITIATED,1789018025649
2221035,2,VALIDATED,1789018045950
2221035,3,PROCESSED,1789018046337
2221036,1,INITIATED,1789018025649
2221036,2,VALIDATED,1789018042487
2221036,3,PROCESSED,1789018046255
2221037,1,INITIATED,1789018025649
2221037,2,VALIDATED,1789018045949
2221037,3,PROCESSED,1789018046339
2221038,1,INITIATED,1789018025843
2221038,2,VALIDATED,1789018042482
2221038,3,PROCESSED,1789018046258
2221039,1,INITIATED,1789018025844
2221039,2,VALIDATED,1789018042484
2221039,3,PROCESSED,1789018046259
2221040,1,INITIATED,1789018025843
2221040,2,VALIDATED,1789018042480
2221040,3,PROCESSED,1789018045001
2221041,1,INITIATED,1789018025968
2221041,2,VALIDATED,1789018042482
2221041,3,PROCESSED,1789018045000
2221042,1,INITIATED,1789018025970
2221042,2,VALIDATED,1789018045949
2221042,3,PROCESSED,1789018046278
2221043,1,INITIATED,1789018025985
2221043,2,VALIDATED,1789018045950
2221043,3,PROCESSED,1789018045968
2221044,1,INITIATED,1789018025986
2221044,2,VALIDATED,1789018042488
2221044,3,PROCESSED,1789018045001
2221045,1,INITIATED,1789018025986
2221045,2,VALIDATED,1789018045954
2221045,3,PROCESSED,1789018046339
2221046,1,INITIATED,1789018026125
2221046,2,VALIDATED,1789018045949
2221046,3,PROCESSED,1789018046342
2221047,1,INITIATED,1789018026126
2221047,2,VALIDATED,1789018043566
2221047,3,PROCESSED,1789018046259
2221048,1,INITIATED,1789018027122
2221048,2,VALIDATED,1789018045953
2221048,3,PROCESSED,1789018046338
2221049,1,INITIATED,1789018027122
2221049,2,VALIDATED,1789018043567
2221049,3,PROCESSED,1789018046261
2221050,1,INITIATED,1789018040422
2221050,2,VALIDATED,1789018046002
2221050,3,PROCESSED,1789018046335
2221051,1,INITIATED,1789018040836
2221051,2,VALIDATED,1789018046004
2221051,3,PROCESSED,1789018046338
2221052,1,INITIATED,1789018040837
2221052,2,VALIDATED,1789018046005
2221052,3,PROCESSED,1789018046340
2221053,1,INITIATED,1789018042038
2221053,2,VALIDATED,1789018043720
2221053,3,PROCESSED,1789018045561
2221054,1,INITIATED,1789018042484
2221054,2,VALIDATED,1789018046018
2221054,3,PROCESSED,1789018046344
2221055,1,INITIATED,1789018042481
2221055,2,VALIDATED,1789018043722
2221055,3,PROCESSED,1789018046268
2221056,1,INITIATED,1789018042484
2221056,2,VALIDATED,1789018046012
2221056,3,PROCESSED,1789018046337
2221057,1,INITIATED,1789018043565
2221057,2,VALIDATED,1789018044997
2221057,3,PROCESSED,1789018046269
2221058,1,INITIATED,1789018045690
2221058,2,VALIDATED,1789018046274
2221058,3,PROCESSED,1789018046343
2221059,1,INITIATED,1789018045955
2221059,2,VALIDATED,1789018046329
2221059,3,PROCESSED,1789018046349
