
  .   ____          _            __ _ _
 /\\ / ___'_ __ _ _(_)_ __  __ _ \ \ \ \
( ( )\___ | '_ | '_| | '_ \/ _` | \ \ \ \
 \\/  ___)| |_)| | | | | || (_| |  ) ) ) )
  '  |____| .__|_| |_|_| |_\__, | / / / /
 =========|_|==============|___/=/_/_/_/

 :: Spring Boot ::                (v4.1.1)

2026-09-04T13:54:06.136+05:00  INFO 1414027 --- [a1-observability] [           main] u.m.MasterThesisObservabilityApplication : Starting MasterThesisObservabilityApplication v0.0.1-SNAPSHOT using Java 21.0.12 with PID 1414027 (/mnt/c/Users/O.Ustemirov/IdeaProjects/master-thesis-observability/target/master-thesis-observability-0.0.1-SNAPSHOT.jar started by stemirovustemirov in /mnt/c/Users/O.Ustemirov/IdeaProjects/master-thesis-observability)
2026-09-04T13:54:06.147+05:00  INFO 1414027 --- [a1-observability] [           main] u.m.MasterThesisObservabilityApplication : No active profile set, falling back to 1 default profile: "default"
2026-09-04T13:54:07.655+05:00  INFO 1414027 --- [a1-observability] [           main] .s.d.r.c.RepositoryConfigurationDelegate : Bootstrapping Spring Data JPA repositories in DEFAULT mode.
2026-09-04T13:54:07.727+05:00  INFO 1414027 --- [a1-observability] [           main] .s.d.r.c.RepositoryConfigurationDelegate : Finished Spring Data repository scanning in 54 ms. Found 2 JPA repository interfaces.
2026-09-04T13:54:09.038+05:00  INFO 1414027 --- [a1-observability] [           main] o.s.boot.tomcat.TomcatWebServer          : Tomcat initialized with port 8095 (http)
2026-09-04T13:54:09.060+05:00  INFO 1414027 --- [a1-observability] [           main] o.apache.catalina.core.StandardService   : Starting service [Tomcat]
2026-09-04T13:54:09.061+05:00  INFO 1414027 --- [a1-observability] [           main] o.apache.catalina.core.StandardEngine    : Starting Servlet engine: [Apache Tomcat/11.0.24]
2026-09-04T13:54:09.103+05:00  INFO 1414027 --- [a1-observability] [           main] b.w.c.s.WebApplicationContextInitializer : Root WebApplicationContext: initialization completed in 2835 ms
2026-09-04T13:54:09.785+05:00  INFO 1414027 --- [a1-observability] [           main] org.hibernate.orm.jpa                    : HHH008540: Processing PersistenceUnitInfo [name: default]
2026-09-04T13:54:09.903+05:00  INFO 1414027 --- [a1-observability] [           main] org.hibernate.orm.core                   : HHH000001: Hibernate ORM core version 7.4.5.Final
2026-09-04T13:54:10.844+05:00  INFO 1414027 --- [a1-observability] [           main] com.zaxxer.hikari.HikariDataSource       : a1-oltp - Starting...
2026-09-04T13:54:11.270+05:00  INFO 1414027 --- [a1-observability] [           main] com.zaxxer.hikari.pool.HikariPool        : a1-oltp - Added connection oracle.jdbc.driver.T4CConnection@51566ce0
2026-09-04T13:54:11.273+05:00  INFO 1414027 --- [a1-observability] [           main] com.zaxxer.hikari.HikariDataSource       : a1-oltp - Start completed.
2026-09-04T13:54:11.766+05:00  WARN 1414027 --- [a1-observability] [           main] org.hibernate.orm.jdbc                   : HHH100123: Low default JDBC fetch size: 10 (consider setting 'hibernate.jdbc.fetch_size')
2026-09-04T13:54:11.775+05:00  INFO 1414027 --- [a1-observability] [           main] org.hibernate.orm.connections.pooling    : HHH10001005: Database info:
	Database JDBC URL [jdbc:oracle:thin:@//localhost:1521/OBSVPDB]
	Database driver: Oracle JDBC driver
	Database dialect: OracleDialect
	Database version: 23.26.3
	Default catalog/schema: undefined/OBSV
	Autocommit mode: undefined/unknown
	Isolation level: READ_COMMITTED [default READ_COMMITTED]
	JDBC fetch size: 10
	Pool: DataSourceConnectionProvider
	Minimum pool size: undefined/unknown
	Maximum pool size: undefined/unknown
2026-09-04T13:54:13.336+05:00  INFO 1414027 --- [a1-observability] [           main] org.hibernate.orm.core                   : HHH000489: No JTA platform available (set 'hibernate.transaction.jta.platform' to enable JTA platform integration)
2026-09-04T13:54:13.342+05:00  INFO 1414027 --- [a1-observability] [           main] org.hibernate.orm.jdbc.batch             : HHH100501: Automatic JDBC statement batching enabled (maximum batch size 50)
2026-09-04T13:54:13.675+05:00  INFO 1414027 --- [a1-observability] [           main] o.s.d.j.r.query.QueryEnhancerFactories   : Hibernate is in classpath; If applicable, HQL parser will be used.
2026-09-04T13:54:15.229+05:00  INFO 1414027 --- [a1-observability] [           main] i.u.m.config.EventEmitterConfiguration   : observability.mode=WRAPPER_B3 -> emitter=OutboxEventEmitter
2026-09-04T13:54:15.895+05:00  INFO 1414027 --- [a1-observability] [           main] o.s.b.a.e.web.EndpointLinksResolver      : Exposing 4 endpoints beneath base path '/actuator'
2026-09-04T13:54:15.974+05:00  INFO 1414027 --- [a1-observability] [           main] o.s.boot.tomcat.TomcatWebServer          : Tomcat started on port 8095 (http) with context path '/'
2026-09-04T13:54:15.985+05:00  INFO 1414027 --- [a1-observability] [           main] u.m.MasterThesisObservabilityApplication : Started MasterThesisObservabilityApplication in 10.624 seconds (process running for 11.46)
2026-09-04T13:54:15.993+05:00  INFO 1414027 --- [a1-observability] [           main] i.u.m.harness.EnvironmentAssertions      : environment ok: mode=WRAPPER_B3 oltpPool=a1-oltp maxSize=32
2026-09-04T13:54:16.018+05:00  INFO 1414027 --- [a1-observability] [           main] i.u.m.harness.ModeActivator              : mode=WRAPPER_B3 activated: groundTruth=true aqCapture=false supplementalLogging=none
2026-09-04T13:54:16.632+05:00  INFO 1414027 --- [a1-observability] [nio-8095-exec-1] o.a.c.c.C.[Tomcat].[localhost].[/]       : Initializing Spring DispatcherServlet 'dispatcherServlet'
2026-09-04T13:54:16.633+05:00  INFO 1414027 --- [a1-observability] [nio-8095-exec-1] o.s.web.servlet.DispatcherServlet        : Initializing Servlet 'dispatcherServlet'
2026-09-04T13:54:16.635+05:00  INFO 1414027 --- [a1-observability] [nio-8095-exec-1] o.s.web.servlet.DispatcherServlet        : Completed initialization in 2 ms
2026-09-04T13:54:24.142+05:00  INFO 1414027 --- [a1-observability] [   scheduling-1] o.a.kafka.common.config.AbstractConfig   : ProducerConfig values: 
	acks = -1
	batch.size = 16384
	bootstrap.servers = [localhost:19092, localhost:29092, localhost:39092]
	buffer.memory = 33554432
	client.dns.lookup = use_all_dns_ips
	client.id = a1-observability-producer-1
	compression.gzip.level = -1
	compression.lz4.level = 9
	compression.type = lz4
	compression.zstd.level = 3
	config.providers = []
	connections.max.idle.ms = 540000
	delivery.timeout.ms = 120000
	enable.idempotence = true
	enable.metrics.push = true
	interceptor.classes = []
	key.serializer = class org.apache.kafka.common.serialization.StringSerializer
	linger.ms = 5
	max.block.ms = 60000
	max.in.flight.requests.per.connection = 5
	max.request.size = 1048576
	metadata.max.age.ms = 300000
	metadata.max.idle.ms = 300000
	metadata.recovery.rebootstrap.trigger.ms = 300000
	metadata.recovery.strategy = rebootstrap
	metric.reporters = [org.apache.kafka.common.metrics.JmxReporter]
	metrics.num.samples = 2
	metrics.recording.level = INFO
	metrics.sample.window.ms = 30000
	partitioner.adaptive.partitioning.enable = true
	partitioner.availability.timeout.ms = 0
	partitioner.class = null
	partitioner.ignore.keys = false
	receive.buffer.bytes = 32768
	reconnect.backoff.max.ms = 1000
	reconnect.backoff.ms = 50
	request.timeout.ms = 30000
	retries = 2147483647
	retry.backoff.max.ms = 1000
	retry.backoff.ms = 100
	sasl.client.callback.handler.class = null
	sasl.jaas.config = null
	sasl.kerberos.kinit.cmd = /usr/bin/kinit
	sasl.kerberos.min.time.before.relogin = 60000
	sasl.kerberos.service.name = null
	sasl.kerberos.ticket.renew.jitter = 0.05
	sasl.kerberos.ticket.renew.window.factor = 0.8
	sasl.login.callback.handler.class = null
	sasl.login.class = null
	sasl.login.connect.timeout.ms = null
	sasl.login.read.timeout.ms = null
	sasl.login.refresh.buffer.seconds = 300
	sasl.login.refresh.min.period.seconds = 60
	sasl.login.refresh.window.factor = 0.8
	sasl.login.refresh.window.jitter = 0.05
	sasl.login.retry.backoff.max.ms = 10000
	sasl.login.retry.backoff.ms = 100
	sasl.mechanism = GSSAPI
	sasl.oauthbearer.assertion.algorithm = RS256
	sasl.oauthbearer.assertion.claim.aud = null
	sasl.oauthbearer.assertion.claim.exp.seconds = 300
	sasl.oauthbearer.assertion.claim.iss = null
	sasl.oauthbearer.assertion.claim.jti.include = false
	sasl.oauthbearer.assertion.claim.nbf.seconds = 60
	sasl.oauthbearer.assertion.claim.sub = null
	sasl.oauthbearer.assertion.file = null
	sasl.oauthbearer.assertion.private.key.file = null
	sasl.oauthbearer.assertion.private.key.passphrase = null
	sasl.oauthbearer.assertion.template.file = null
	sasl.oauthbearer.client.credentials.client.id = null
	sasl.oauthbearer.client.credentials.client.secret = null
	sasl.oauthbearer.clock.skew.seconds = 30
	sasl.oauthbearer.expected.audience = []
	sasl.oauthbearer.expected.issuer = null
	sasl.oauthbearer.header.urlencode = false
	sasl.oauthbearer.jwks.endpoint.refresh.ms = 3600000
	sasl.oauthbearer.jwks.endpoint.retry.backoff.max.ms = 10000
	sasl.oauthbearer.jwks.endpoint.retry.backoff.ms = 100
	sasl.oauthbearer.jwks.endpoint.url = null
	sasl.oauthbearer.jwt.retriever.class = class org.apache.kafka.common.security.oauthbearer.DefaultJwtRetriever
	sasl.oauthbearer.jwt.validator.class = class org.apache.kafka.common.security.oauthbearer.DefaultJwtValidator
	sasl.oauthbearer.scope = null
	sasl.oauthbearer.scope.claim.name = scope
	sasl.oauthbearer.sub.claim.name = sub
	sasl.oauthbearer.token.endpoint.url = null
	security.protocol = PLAINTEXT
	security.providers = null
	send.buffer.bytes = 131072
	socket.connection.setup.timeout.max.ms = 30000
	socket.connection.setup.timeout.ms = 10000
	ssl.cipher.suites = []
	ssl.enabled.protocols = [TLSv1.2, TLSv1.3]
	ssl.endpoint.identification.algorithm = https
	ssl.engine.factory.class = null
	ssl.key.password = null
	ssl.keymanager.algorithm = SunX509
	ssl.keystore.certificate.chain = null
	ssl.keystore.key = null
	ssl.keystore.location = null
	ssl.keystore.password = null
	ssl.keystore.type = JKS
	ssl.protocol = TLSv1.3
	ssl.provider = null
	ssl.secure.random.implementation = null
	ssl.trustmanager.algorithm = PKIX
	ssl.truststore.certificates = null
	ssl.truststore.location = null
	ssl.truststore.password = null
	ssl.truststore.type = JKS
	transaction.timeout.ms = 60000
	transaction.two.phase.commit.enable = false
	transactional.id = null
	value.serializer = class org.apache.kafka.common.serialization.StringSerializer

2026-09-04T13:54:24.240+05:00  INFO 1414027 --- [a1-observability] [   scheduling-1] o.a.k.c.t.i.KafkaMetricsCollector        : initializing Kafka metrics collector
2026-09-04T13:54:24.336+05:00  INFO 1414027 --- [a1-observability] [   scheduling-1] o.a.k.clients.producer.KafkaProducer     : [Producer clientId=a1-observability-producer-1] Instantiated an idempotent producer.
2026-09-04T13:54:24.444+05:00  INFO 1414027 --- [a1-observability] [   scheduling-1] o.a.kafka.common.utils.AppInfoParser     : Kafka version: 4.2.1
2026-09-04T13:54:24.445+05:00  INFO 1414027 --- [a1-observability] [   scheduling-1] o.a.kafka.common.utils.AppInfoParser     : Kafka commitId: 92f61c44867f39dc
2026-09-04T13:54:24.446+05:00  INFO 1414027 --- [a1-observability] [   scheduling-1] o.a.kafka.common.utils.AppInfoParser     : Kafka startTimeMs: 1788512064440
2026-09-04T13:54:25.107+05:00  INFO 1414027 --- [a1-observability] [lity-producer-1] org.apache.kafka.clients.Metadata        : [Producer clientId=a1-observability-producer-1] Cluster ID: 4L6g3nShT-eMCtK--X86sw
2026-09-04T13:54:25.214+05:00  INFO 1414027 --- [a1-observability] [lity-producer-1] o.a.k.c.p.internals.TransactionManager   : [Producer clientId=a1-observability-producer-1] ProducerId set to 3012 with epoch 0
2026-09-04T13:55:26.440+05:00  WARN 1414027 --- [a1-observability] [lity-producer-1] o.a.k.clients.producer.internals.Sender  : [Producer clientId=a1-observability-producer-1] Got error produce response with correlation id 804 on topic-partition bank.a1.transaction.events-1, retrying (2147483646 attempts left). Error: NOT_ENOUGH_REPLICAS
2026-09-04T13:55:26.443+05:00  WARN 1414027 --- [a1-observability] [lity-producer-1] o.a.k.clients.producer.internals.Sender  : [Producer clientId=a1-observability-producer-1] Got error produce response with correlation id 804 on topic-partition bank.a1.transaction.events-5, retrying (2147483646 attempts left). Error: NOT_ENOUGH_REPLICAS
2026-09-04T13:55:26.444+05:00  WARN 1414027 --- [a1-observability] [lity-producer-1] o.a.k.clients.producer.internals.Sender  : [Producer clientId=a1-observability-producer-1] Got error produce response with correlation id 802 on topic-partition bank.a1.transaction.events-2, retrying (2147483646 attempts left). Error: NOT_LEADER_OR_FOLLOWER
2026-09-04T13:55:26.446+05:00  WARN 1414027 --- [a1-observability] [lity-producer-1] o.a.k.clients.producer.internals.Sender  : [Producer clientId=a1-observability-producer-1] Received invalid metadata error in produce request on partition bank.a1.transaction.events-2 due to org.apache.kafka.common.errors.NotLeaderOrFollowerException: For requests intended only for the leader, this error indicates that the broker is not the current leader. For requests intended for any replica, this error indicates that the broker is not a replica of the topic partition. Going to request metadata update now
2026-09-04T13:55:26.456+05:00  WARN 1414027 --- [a1-observability] [lity-producer-1] o.a.k.clients.producer.internals.Sender  : [Producer clientId=a1-observability-producer-1] Got error produce response with correlation id 803 on topic-partition bank.a1.transaction.events-0, retrying (2147483646 attempts left). Error: NOT_LEADER_OR_FOLLOWER
2026-09-04T13:55:26.458+05:00  WARN 1414027 --- [a1-observability] [lity-producer-1] o.a.k.clients.producer.internals.Sender  : [Producer clientId=a1-observability-producer-1] Received invalid metadata error in produce request on partition bank.a1.transaction.events-0 due to org.apache.kafka.common.errors.NotLeaderOrFollowerException: For requests intended only for the leader, this error indicates that the broker is not the current leader. For requests intended for any replica, this error indicates that the broker is not a replica of the topic partition. Going to request metadata update now
2026-09-04T13:55:26.459+05:00  WARN 1414027 --- [a1-observability] [lity-producer-1] o.a.k.clients.producer.internals.Sender  : [Producer clientId=a1-observability-producer-1] Got error produce response with correlation id 803 on topic-partition bank.a1.transaction.events-4, retrying (2147483646 attempts left). Error: NOT_LEADER_OR_FOLLOWER
2026-09-04T13:55:26.460+05:00  WARN 1414027 --- [a1-observability] [lity-producer-1] o.a.k.clients.producer.internals.Sender  : [Producer clientId=a1-observability-producer-1] Received invalid metadata error in produce request on partition bank.a1.transaction.events-4 due to org.apache.kafka.common.errors.NotLeaderOrFollowerException: For requests intended only for the leader, this error indicates that the broker is not the current leader. For requests intended for any replica, this error indicates that the broker is not a replica of the topic partition. Going to request metadata update now
2026-09-04T13:55:26.467+05:00  WARN 1414027 --- [a1-observability] [lity-producer-1] o.a.k.clients.producer.internals.Sender  : [Producer clientId=a1-observability-producer-1] Got error produce response with correlation id 806 on topic-partition bank.a1.transaction.events-0, retrying (2147483645 attempts left). Error: NOT_ENOUGH_REPLICAS
2026-09-04T13:55:26.468+05:00  WARN 1414027 --- [a1-observability] [lity-producer-1] o.a.k.clients.producer.internals.Sender  : [Producer clientId=a1-observability-producer-1] Got error produce response with correlation id 806 on topic-partition bank.a1.transaction.events-2, retrying (2147483645 attempts left). Error: NOT_ENOUGH_REPLICAS
2026-09-04T13:55:26.469+05:00  WARN 1414027 --- [a1-observability] [lity-producer-1] o.a.k.clients.producer.internals.Sender  : [Producer clientId=a1-observability-producer-1] Got error produce response with correlation id 806 on topic-partition bank.a1.transaction.events-4, retrying (2147483645 attempts left). Error: NOT_ENOUGH_REPLICAS
2026-09-04T13:55:26.536+05:00  WARN 1414027 --- [a1-observability] [lity-producer-1] o.a.k.clients.producer.internals.Sender  : [Producer clientId=a1-observability-producer-1] Got error produce response with correlation id 807 on topic-partition bank.a1.transaction.events-1, retrying (2147483645 attempts left). Error: NOT_ENOUGH_REPLICAS
2026-09-04T13:55:26.538+05:00  WARN 1414027 --- [a1-observability] [lity-producer-1] o.a.k.clients.producer.internals.Sender  : [Producer clientId=a1-observability-producer-1] Got error produce response with correlation id 808 on topic-partition bank.a1.transaction.events-5, retrying (2147483645 attempts left). Error: NOT_ENOUGH_REPLICAS
2026-09-04T13:55:26.646+05:00  WARN 1414027 --- [a1-observability] [lity-producer-1] o.a.k.clients.producer.internals.Sender  : [Producer clientId=a1-observability-producer-1] Got error produce response with correlation id 809 on topic-partition bank.a1.transaction.events-2, retrying (2147483644 attempts left). Error: NOT_ENOUGH_REPLICAS
2026-09-04T13:55:26.680+05:00  WARN 1414027 --- [a1-observability] [lity-producer-1] o.a.k.clients.producer.internals.Sender  : [Producer clientId=a1-observability-producer-1] Got error produce response with correlation id 810 on topic-partition bank.a1.transaction.events-0, retrying (2147483644 attempts left). Error: NOT_ENOUGH_REPLICAS
2026-09-04T13:55:26.681+05:00  WARN 1414027 --- [a1-observability] [lity-producer-1] o.a.k.clients.producer.internals.Sender  : [Producer clientId=a1-observability-producer-1] Got error produce response with correlation id 810 on topic-partition bank.a1.transaction.events-4, retrying (2147483644 attempts left). Error: NOT_ENOUGH_REPLICAS
2026-09-04T13:55:26.734+05:00  WARN 1414027 --- [a1-observability] [lity-producer-1] o.a.k.clients.producer.internals.Sender  : [Producer clientId=a1-observability-producer-1] Got error produce response with correlation id 811 on topic-partition bank.a1.transaction.events-1, retrying (2147483644 attempts left). Error: NOT_ENOUGH_REPLICAS
2026-09-04T13:55:26.737+05:00  WARN 1414027 --- [a1-observability] [lity-producer-1] o.a.k.clients.producer.internals.Sender  : [Producer clientId=a1-observability-producer-1] Got error produce response with correlation id 812 on topic-partition bank.a1.transaction.events-5, retrying (2147483644 attempts left). Error: NOT_ENOUGH_REPLICAS
2026-09-04T13:55:27.076+05:00  WARN 1414027 --- [a1-observability] [lity-producer-1] o.a.k.clients.producer.internals.Sender  : [Producer clientId=a1-observability-producer-1] Got error produce response with correlation id 813 on topic-partition bank.a1.transaction.events-0, retrying (2147483643 attempts left). Error: NOT_ENOUGH_REPLICAS
2026-09-04T13:55:27.077+05:00  WARN 1414027 --- [a1-observability] [lity-producer-1] o.a.k.clients.producer.internals.Sender  : [Producer clientId=a1-observability-producer-1] Got error produce response with correlation id 813 on topic-partition bank.a1.transaction.events-2, retrying (2147483643 attempts left). Error: NOT_ENOUGH_REPLICAS
2026-09-04T13:55:27.078+05:00  WARN 1414027 --- [a1-observability] [lity-producer-1] o.a.k.clients.producer.internals.Sender  : [Producer clientId=a1-observability-producer-1] Got error produce response with correlation id 813 on topic-partition bank.a1.transaction.events-4, retrying (2147483643 attempts left). Error: NOT_ENOUGH_REPLICAS
2026-09-04T13:55:27.135+05:00  WARN 1414027 --- [a1-observability] [lity-producer-1] o.a.k.clients.producer.internals.Sender  : [Producer clientId=a1-observability-producer-1] Got error produce response with correlation id 814 on topic-partition bank.a1.transaction.events-1, retrying (2147483643 attempts left). Error: NOT_ENOUGH_REPLICAS
2026-09-04T13:55:27.136+05:00  WARN 1414027 --- [a1-observability] [lity-producer-1] o.a.k.clients.producer.internals.Sender  : [Producer clientId=a1-observability-producer-1] Got error produce response with correlation id 814 on topic-partition bank.a1.transaction.events-5, retrying (2147483643 attempts left). Error: NOT_ENOUGH_REPLICAS
2026-09-04T13:55:27.843+05:00  WARN 1414027 --- [a1-observability] [lity-producer-1] o.a.k.clients.producer.internals.Sender  : [Producer clientId=a1-observability-producer-1] Got error produce response with correlation id 815 on topic-partition bank.a1.transaction.events-4, retrying (2147483642 attempts left). Error: NOT_ENOUGH_REPLICAS
2026-09-04T13:55:27.845+05:00  WARN 1414027 --- [a1-observability] [lity-producer-1] o.a.k.clients.producer.internals.Sender  : [Producer clientId=a1-observability-producer-1] Got error produce response with correlation id 816 on topic-partition bank.a1.transaction.events-0, retrying (2147483642 attempts left). Error: NOT_ENOUGH_REPLICAS
2026-09-04T13:55:27.846+05:00  WARN 1414027 --- [a1-observability] [lity-producer-1] o.a.k.clients.producer.internals.Sender  : [Producer clientId=a1-observability-producer-1] Got error produce response with correlation id 817 on topic-partition bank.a1.transaction.events-1, retrying (2147483642 attempts left). Error: NOT_ENOUGH_REPLICAS
2026-09-04T13:55:27.847+05:00  WARN 1414027 --- [a1-observability] [lity-producer-1] o.a.k.clients.producer.internals.Sender  : [Producer clientId=a1-observability-producer-1] Got error produce response with correlation id 818 on topic-partition bank.a1.transaction.events-2, retrying (2147483642 attempts left). Error: NOT_ENOUGH_REPLICAS
2026-09-04T13:55:27.900+05:00  WARN 1414027 --- [a1-observability] [lity-producer-1] o.a.k.clients.producer.internals.Sender  : [Producer clientId=a1-observability-producer-1] Got error produce response with correlation id 819 on topic-partition bank.a1.transaction.events-5, retrying (2147483642 attempts left). Error: NOT_ENOUGH_REPLICAS
2026-09-04T13:55:28.385+05:00  INFO 1414027 --- [a1-observability] [lity-producer-1] org.apache.kafka.clients.NetworkClient   : [Producer clientId=a1-observability-producer-1] Node 2 disconnected.
2026-09-04T13:55:28.388+05:00  INFO 1414027 --- [a1-observability] [lity-producer-1] org.apache.kafka.clients.NetworkClient   : [Producer clientId=a1-observability-producer-1] Node 3 disconnected.
2026-09-04T13:55:28.389+05:00  INFO 1414027 --- [a1-observability] [lity-producer-1] org.apache.kafka.clients.NetworkClient   : [Producer clientId=a1-observability-producer-1] Node -2 disconnected.
2026-09-04T13:55:28.390+05:00  INFO 1414027 --- [a1-observability] [lity-producer-1] org.apache.kafka.clients.NetworkClient   : [Producer clientId=a1-observability-producer-1] Node -3 disconnected.
2026-09-04T13:55:28.731+05:00  WARN 1414027 --- [a1-observability] [lity-producer-1] o.a.k.clients.producer.internals.Sender  : [Producer clientId=a1-observability-producer-1] Got error produce response with correlation id 821 on topic-partition bank.a1.transaction.events-4, retrying (2147483641 attempts left). Error: NOT_ENOUGH_REPLICAS
2026-09-04T13:55:28.732+05:00  WARN 1414027 --- [a1-observability] [lity-producer-1] o.a.k.clients.producer.internals.Sender  : [Producer clientId=a1-observability-producer-1] Got error produce response with correlation id 822 on topic-partition bank.a1.transaction.events-2, retrying (2147483641 attempts left). Error: NOT_ENOUGH_REPLICAS
2026-09-04T13:55:28.733+05:00  WARN 1414027 --- [a1-observability] [lity-producer-1] o.a.k.clients.producer.internals.Sender  : [Producer clientId=a1-observability-producer-1] Got error produce response with correlation id 823 on topic-partition bank.a1.transaction.events-1, retrying (2147483641 attempts left). Error: NOT_ENOUGH_REPLICAS
2026-09-04T13:55:28.759+05:00  WARN 1414027 --- [a1-observability] [lity-producer-1] o.a.k.clients.producer.internals.Sender  : [Producer clientId=a1-observability-producer-1] Got error produce response with correlation id 824 on topic-partition bank.a1.transaction.events-0, retrying (2147483641 attempts left). Error: NOT_ENOUGH_REPLICAS
2026-09-04T13:55:28.760+05:00  WARN 1414027 --- [a1-observability] [lity-producer-1] o.a.k.clients.producer.internals.Sender  : [Producer clientId=a1-observability-producer-1] Got error produce response with correlation id 824 on topic-partition bank.a1.transaction.events-5, retrying (2147483641 attempts left). Error: NOT_ENOUGH_REPLICAS
2026-09-04T13:55:29.694+05:00  WARN 1414027 --- [a1-observability] [lity-producer-1] o.a.k.clients.producer.internals.Sender  : [Producer clientId=a1-observability-producer-1] Got error produce response with correlation id 825 on topic-partition bank.a1.transaction.events-0, retrying (2147483640 attempts left). Error: NOT_ENOUGH_REPLICAS
2026-09-04T13:55:29.695+05:00  WARN 1414027 --- [a1-observability] [lity-producer-1] o.a.k.clients.producer.internals.Sender  : [Producer clientId=a1-observability-producer-1] Got error produce response with correlation id 825 on topic-partition bank.a1.transaction.events-1, retrying (2147483640 attempts left). Error: NOT_ENOUGH_REPLICAS
2026-09-04T13:55:29.696+05:00  WARN 1414027 --- [a1-observability] [lity-producer-1] o.a.k.clients.producer.internals.Sender  : [Producer clientId=a1-observability-producer-1] Got error produce response with correlation id 825 on topic-partition bank.a1.transaction.events-2, retrying (2147483640 attempts left). Error: NOT_ENOUGH_REPLICAS
2026-09-04T13:55:29.696+05:00  WARN 1414027 --- [a1-observability] [lity-producer-1] o.a.k.clients.producer.internals.Sender  : [Producer clientId=a1-observability-producer-1] Got error produce response with correlation id 826 on topic-partition bank.a1.transaction.events-4, retrying (2147483640 attempts left). Error: NOT_ENOUGH_REPLICAS
2026-09-04T13:55:29.760+05:00  WARN 1414027 --- [a1-observability] [lity-producer-1] o.a.k.clients.producer.internals.Sender  : [Producer clientId=a1-observability-producer-1] Got error produce response with correlation id 827 on topic-partition bank.a1.transaction.events-5, retrying (2147483640 attempts left). Error: NOT_ENOUGH_REPLICAS
2026-09-04T13:55:33.627+05:00  WARN 1414027 --- [a1-observability] [lity-producer-1] o.a.k.clients.producer.internals.Sender  : [Producer clientId=a1-observability-producer-1] Got error produce response with correlation id 828 on topic-partition bank.a1.transaction.events-2, retrying (2147483639 attempts left). Error: NOT_ENOUGH_REPLICAS
2026-09-04T13:55:33.627+05:00  WARN 1414027 --- [a1-observability] [lity-producer-1] o.a.k.clients.producer.internals.Sender  : [Producer clientId=a1-observability-producer-1] Got error produce response with correlation id 828 on topic-partition bank.a1.transaction.events-4, retrying (2147483639 attempts left). Error: NOT_ENOUGH_REPLICAS
2026-09-04T13:55:33.628+05:00  WARN 1414027 --- [a1-observability] [lity-producer-1] o.a.k.clients.producer.internals.Sender  : [Producer clientId=a1-observability-producer-1] Got error produce response with correlation id 828 on topic-partition bank.a1.transaction.events-0, retrying (2147483639 attempts left). Error: NOT_ENOUGH_REPLICAS
2026-09-04T13:55:33.628+05:00  WARN 1414027 --- [a1-observability] [lity-producer-1] o.a.k.clients.producer.internals.Sender  : [Producer clientId=a1-observability-producer-1] Got error produce response with correlation id 828 on topic-partition bank.a1.transaction.events-1, retrying (2147483639 attempts left). Error: NOT_ENOUGH_REPLICAS
2026-09-04T13:55:33.629+05:00  WARN 1414027 --- [a1-observability] [lity-producer-1] o.a.k.clients.producer.internals.Sender  : [Producer clientId=a1-observability-producer-1] Got error produce response with correlation id 828 on topic-partition bank.a1.transaction.events-5, retrying (2147483639 attempts left). Error: NOT_ENOUGH_REPLICAS
2026-09-04T13:55:34.508+05:00  WARN 1414027 --- [a1-observability] [lity-producer-1] o.a.k.clients.producer.internals.Sender  : [Producer clientId=a1-observability-producer-1] Got error produce response with correlation id 829 on topic-partition bank.a1.transaction.events-4, retrying (2147483638 attempts left). Error: NOT_ENOUGH_REPLICAS
2026-09-04T13:55:34.509+05:00  WARN 1414027 --- [a1-observability] [lity-producer-1] o.a.k.clients.producer.internals.Sender  : [Producer clientId=a1-observability-producer-1] Got error produce response with correlation id 830 on topic-partition bank.a1.transaction.events-2, retrying (2147483638 attempts left). Error: NOT_ENOUGH_REPLICAS
2026-09-04T13:55:34.628+05:00  WARN 1414027 --- [a1-observability] [lity-producer-1] o.a.k.clients.producer.internals.Sender  : [Producer clientId=a1-observability-producer-1] Got error produce response with correlation id 831 on topic-partition bank.a1.transaction.events-0, retrying (2147483638 attempts left). Error: NOT_ENOUGH_REPLICAS
2026-09-04T13:55:34.629+05:00  WARN 1414027 --- [a1-observability] [lity-producer-1] o.a.k.clients.producer.internals.Sender  : [Producer clientId=a1-observability-producer-1] Got error produce response with correlation id 831 on topic-partition bank.a1.transaction.events-1, retrying (2147483638 attempts left). Error: NOT_ENOUGH_REPLICAS
2026-09-04T13:55:34.629+05:00  WARN 1414027 --- [a1-observability] [lity-producer-1] o.a.k.clients.producer.internals.Sender  : [Producer clientId=a1-observability-producer-1] Got error produce response with correlation id 831 on topic-partition bank.a1.transaction.events-5, retrying (2147483638 attempts left). Error: NOT_ENOUGH_REPLICAS
2026-09-04T13:55:35.510+05:00  WARN 1414027 --- [a1-observability] [lity-producer-1] o.a.k.clients.producer.internals.Sender  : [Producer clientId=a1-observability-producer-1] Got error produce response with correlation id 832 on topic-partition bank.a1.transaction.events-2, retrying (2147483637 attempts left). Error: NOT_ENOUGH_REPLICAS
2026-09-04T13:55:35.510+05:00  WARN 1414027 --- [a1-observability] [lity-producer-1] o.a.k.clients.producer.internals.Sender  : [Producer clientId=a1-observability-producer-1] Got error produce response with correlation id 832 on topic-partition bank.a1.transaction.events-4, retrying (2147483637 attempts left). Error: NOT_ENOUGH_REPLICAS
2026-09-04T13:55:35.511+05:00  WARN 1414027 --- [a1-observability] [lity-producer-1] o.a.k.clients.producer.internals.Sender  : [Producer clientId=a1-observability-producer-1] Got error produce response with correlation id 833 on topic-partition bank.a1.transaction.events-0, retrying (2147483637 attempts left). Error: NOT_ENOUGH_REPLICAS
2026-09-04T13:55:35.511+05:00  WARN 1414027 --- [a1-observability] [lity-producer-1] o.a.k.clients.producer.internals.Sender  : [Producer clientId=a1-observability-producer-1] Got error produce response with correlation id 833 on topic-partition bank.a1.transaction.events-5, retrying (2147483637 attempts left). Error: NOT_ENOUGH_REPLICAS
2026-09-04T13:55:35.629+05:00  WARN 1414027 --- [a1-observability] [lity-producer-1] o.a.k.clients.producer.internals.Sender  : [Producer clientId=a1-observability-producer-1] Got error produce response with correlation id 834 on topic-partition bank.a1.transaction.events-1, retrying (2147483637 attempts left). Error: NOT_ENOUGH_REPLICAS
2026-09-04T13:55:36.430+05:00  WARN 1414027 --- [a1-observability] [lity-producer-1] o.a.k.clients.producer.internals.Sender  : [Producer clientId=a1-observability-producer-1] Got error produce response with correlation id 835 on topic-partition bank.a1.transaction.events-2, retrying (2147483636 attempts left). Error: NOT_ENOUGH_REPLICAS
2026-09-04T13:55:36.431+05:00  WARN 1414027 --- [a1-observability] [lity-producer-1] o.a.k.clients.producer.internals.Sender  : [Producer clientId=a1-observability-producer-1] Got error produce response with correlation id 836 on topic-partition bank.a1.transaction.events-0, retrying (2147483636 attempts left). Error: NOT_ENOUGH_REPLICAS
2026-09-04T13:55:36.431+05:00  WARN 1414027 --- [a1-observability] [lity-producer-1] o.a.k.clients.producer.internals.Sender  : [Producer clientId=a1-observability-producer-1] Got error produce response with correlation id 836 on topic-partition bank.a1.transaction.events-4, retrying (2147483636 attempts left). Error: NOT_ENOUGH_REPLICAS
2026-09-04T13:55:36.512+05:00  WARN 1414027 --- [a1-observability] [lity-producer-1] o.a.k.clients.producer.internals.Sender  : [Producer clientId=a1-observability-producer-1] Got error produce response with correlation id 837 on topic-partition bank.a1.transaction.events-5, retrying (2147483636 attempts left). Error: NOT_ENOUGH_REPLICAS
2026-09-04T13:55:36.514+05:00  WARN 1414027 --- [a1-observability] [lity-producer-1] o.a.k.clients.producer.internals.Sender  : [Producer clientId=a1-observability-producer-1] Got error produce response with correlation id 838 on topic-partition bank.a1.transaction.events-1, retrying (2147483636 attempts left). Error: NOT_ENOUGH_REPLICAS
2026-09-04T13:55:37.382+05:00  WARN 1414027 --- [a1-observability] [lity-producer-1] o.a.k.clients.producer.internals.Sender  : [Producer clientId=a1-observability-producer-1] Got error produce response with correlation id 839 on topic-partition bank.a1.transaction.events-2, retrying (2147483635 attempts left). Error: NOT_ENOUGH_REPLICAS
2026-09-04T13:55:37.383+05:00  WARN 1414027 --- [a1-observability] [lity-producer-1] o.a.k.clients.producer.internals.Sender  : [Producer clientId=a1-observability-producer-1] Got error produce response with correlation id 840 on topic-partition bank.a1.transaction.events-0, retrying (2147483635 attempts left). Error: NOT_ENOUGH_REPLICAS
2026-09-04T13:55:37.384+05:00  WARN 1414027 --- [a1-observability] [lity-producer-1] o.a.k.clients.producer.internals.Sender  : [Producer clientId=a1-observability-producer-1] Got error produce response with correlation id 841 on topic-partition bank.a1.transaction.events-1, retrying (2147483635 attempts left). Error: NOT_ENOUGH_REPLICAS
2026-09-04T13:55:37.385+05:00  WARN 1414027 --- [a1-observability] [lity-producer-1] o.a.k.clients.producer.internals.Sender  : [Producer clientId=a1-observability-producer-1] Got error produce response with correlation id 841 on topic-partition bank.a1.transaction.events-4, retrying (2147483635 attempts left). Error: NOT_ENOUGH_REPLICAS
2026-09-04T13:55:37.513+05:00  WARN 1414027 --- [a1-observability] [lity-producer-1] o.a.k.clients.producer.internals.Sender  : [Producer clientId=a1-observability-producer-1] Got error produce response with correlation id 842 on topic-partition bank.a1.transaction.events-5, retrying (2147483635 attempts left). Error: NOT_ENOUGH_REPLICAS
2026-09-04T13:55:38.342+05:00  WARN 1414027 --- [a1-observability] [lity-producer-1] o.a.k.clients.producer.internals.Sender  : [Producer clientId=a1-observability-producer-1] Got error produce response with correlation id 843 on topic-partition bank.a1.transaction.events-1, retrying (2147483634 attempts left). Error: NOT_ENOUGH_REPLICAS
2026-09-04T13:55:38.342+05:00  WARN 1414027 --- [a1-observability] [lity-producer-1] o.a.k.clients.producer.internals.Sender  : [Producer clientId=a1-observability-producer-1] Got error produce response with correlation id 843 on topic-partition bank.a1.transaction.events-5, retrying (2147483634 attempts left). Error: NOT_ENOUGH_REPLICAS
2026-09-04T13:55:38.343+05:00  WARN 1414027 --- [a1-observability] [lity-producer-1] o.a.k.clients.producer.internals.Sender  : [Producer clientId=a1-observability-producer-1] Got error produce response with correlation id 844 on topic-partition bank.a1.transaction.events-2, retrying (2147483634 attempts left). Error: NOT_ENOUGH_REPLICAS
2026-09-04T13:55:38.344+05:00  WARN 1414027 --- [a1-observability] [lity-producer-1] o.a.k.clients.producer.internals.Sender  : [Producer clientId=a1-observability-producer-1] Got error produce response with correlation id 844 on topic-partition bank.a1.transaction.events-4, retrying (2147483634 attempts left). Error: NOT_ENOUGH_REPLICAS
2026-09-04T13:55:38.345+05:00  WARN 1414027 --- [a1-observability] [lity-producer-1] o.a.k.clients.producer.internals.Sender  : [Producer clientId=a1-observability-producer-1] Got error produce response with correlation id 845 on topic-partition bank.a1.transaction.events-0, retrying (2147483634 attempts left). Error: NOT_ENOUGH_REPLICAS
2026-09-04T13:55:39.249+05:00  WARN 1414027 --- [a1-observability] [lity-producer-1] o.a.k.clients.producer.internals.Sender  : [Producer clientId=a1-observability-producer-1] Got error produce response with correlation id 846 on topic-partition bank.a1.transaction.events-1, retrying (2147483633 attempts left). Error: NOT_ENOUGH_REPLICAS
2026-09-04T13:55:39.250+05:00  WARN 1414027 --- [a1-observability] [lity-producer-1] o.a.k.clients.producer.internals.Sender  : [Producer clientId=a1-observability-producer-1] Got error produce response with correlation id 847 on topic-partition bank.a1.transaction.events-4, retrying (2147483633 attempts left). Error: NOT_ENOUGH_REPLICAS
2026-09-04T13:55:39.251+05:00  WARN 1414027 --- [a1-observability] [lity-producer-1] o.a.k.clients.producer.internals.Sender  : [Producer clientId=a1-observability-producer-1] Got error produce response with correlation id 847 on topic-partition bank.a1.transaction.events-5, retrying (2147483633 attempts left). Error: NOT_ENOUGH_REPLICAS
2026-09-04T13:55:39.252+05:00  WARN 1414027 --- [a1-observability] [lity-producer-1] o.a.k.clients.producer.internals.Sender  : [Producer clientId=a1-observability-producer-1] Got error produce response with correlation id 848 on topic-partition bank.a1.transaction.events-0, retrying (2147483633 attempts left). Error: NOT_ENOUGH_REPLICAS
2026-09-04T13:55:39.252+05:00  WARN 1414027 --- [a1-observability] [lity-producer-1] o.a.k.clients.producer.internals.Sender  : [Producer clientId=a1-observability-producer-1] Got error produce response with correlation id 848 on topic-partition bank.a1.transaction.events-2, retrying (2147483633 attempts left). Error: NOT_ENOUGH_REPLICAS
2026-09-04T13:55:40.083+05:00  WARN 1414027 --- [a1-observability] [lity-producer-1] o.a.k.clients.producer.internals.Sender  : [Producer clientId=a1-observability-producer-1] Got error produce response with correlation id 849 on topic-partition bank.a1.transaction.events-1, retrying (2147483632 attempts left). Error: NOT_ENOUGH_REPLICAS
2026-09-04T13:55:40.208+05:00  WARN 1414027 --- [a1-observability] [lity-producer-1] o.a.k.clients.producer.internals.Sender  : [Producer clientId=a1-observability-producer-1] Got error produce response with correlation id 850 on topic-partition bank.a1.transaction.events-0, retrying (2147483632 attempts left). Error: NOT_ENOUGH_REPLICAS
2026-09-04T13:55:40.208+05:00  WARN 1414027 --- [a1-observability] [lity-producer-1] o.a.k.clients.producer.internals.Sender  : [Producer clientId=a1-observability-producer-1] Got error produce response with correlation id 850 on topic-partition bank.a1.transaction.events-4, retrying (2147483632 attempts left). Error: NOT_ENOUGH_REPLICAS
2026-09-04T13:55:40.209+05:00  WARN 1414027 --- [a1-observability] [lity-producer-1] o.a.k.clients.producer.internals.Sender  : [Producer clientId=a1-observability-producer-1] Got error produce response with correlation id 851 on topic-partition bank.a1.transaction.events-2, retrying (2147483632 attempts left). Error: NOT_ENOUGH_REPLICAS
2026-09-04T13:55:40.210+05:00  WARN 1414027 --- [a1-observability] [lity-producer-1] o.a.k.clients.producer.internals.Sender  : [Producer clientId=a1-observability-producer-1] Got error produce response with correlation id 852 on topic-partition bank.a1.transaction.events-5, retrying (2147483632 attempts left). Error: NOT_ENOUGH_REPLICAS
2026-09-04T13:55:41.084+05:00  WARN 1414027 --- [a1-observability] [lity-producer-1] o.a.k.clients.producer.internals.Sender  : [Producer clientId=a1-observability-producer-1] Got error produce response with correlation id 853 on topic-partition bank.a1.transaction.events-0, retrying (2147483631 attempts left). Error: NOT_ENOUGH_REPLICAS
2026-09-04T13:55:41.085+05:00  WARN 1414027 --- [a1-observability] [lity-producer-1] o.a.k.clients.producer.internals.Sender  : [Producer clientId=a1-observability-producer-1] Got error produce response with correlation id 853 on topic-partition bank.a1.transaction.events-1, retrying (2147483631 attempts left). Error: NOT_ENOUGH_REPLICAS
2026-09-04T13:55:41.085+05:00  WARN 1414027 --- [a1-observability] [lity-producer-1] o.a.k.clients.producer.internals.Sender  : [Producer clientId=a1-observability-producer-1] Got error produce response with correlation id 853 on topic-partition bank.a1.transaction.events-2, retrying (2147483631 attempts left). Error: NOT_ENOUGH_REPLICAS
2026-09-04T13:55:41.198+05:00  WARN 1414027 --- [a1-observability] [lity-producer-1] o.a.k.clients.producer.internals.Sender  : [Producer clientId=a1-observability-producer-1] Got error produce response with correlation id 854 on topic-partition bank.a1.transaction.events-4, retrying (2147483631 attempts left). Error: NOT_ENOUGH_REPLICAS
2026-09-04T13:55:41.199+05:00  WARN 1414027 --- [a1-observability] [lity-producer-1] o.a.k.clients.producer.internals.Sender  : [Producer clientId=a1-observability-producer-1] Got error produce response with correlation id 855 on topic-partition bank.a1.transaction.events-5, retrying (2147483631 attempts left). Error: NOT_ENOUGH_REPLICAS
2026-09-04T13:55:42.025+05:00  WARN 1414027 --- [a1-observability] [lity-producer-1] o.a.k.clients.producer.internals.Sender  : [Producer clientId=a1-observability-producer-1] Got error produce response with correlation id 856 on topic-partition bank.a1.transaction.events-0, retrying (2147483630 attempts left). Error: NOT_ENOUGH_REPLICAS
2026-09-04T13:55:42.025+05:00  WARN 1414027 --- [a1-observability] [lity-producer-1] o.a.k.clients.producer.internals.Sender  : [Producer clientId=a1-observability-producer-1] Got error produce response with correlation id 856 on topic-partition bank.a1.transaction.events-2, retrying (2147483630 attempts left). Error: NOT_ENOUGH_REPLICAS
2026-09-04T13:55:42.026+05:00  WARN 1414027 --- [a1-observability] [lity-producer-1] o.a.k.clients.producer.internals.Sender  : [Producer clientId=a1-observability-producer-1] Got error produce response with correlation id 856 on topic-partition bank.a1.transaction.events-4, retrying (2147483630 attempts left). Error: NOT_ENOUGH_REPLICAS
2026-09-04T13:55:42.085+05:00  WARN 1414027 --- [a1-observability] [lity-producer-1] o.a.k.clients.producer.internals.Sender  : [Producer clientId=a1-observability-producer-1] Got error produce response with correlation id 857 on topic-partition bank.a1.transaction.events-1, retrying (2147483630 attempts left). Error: NOT_ENOUGH_REPLICAS
2026-09-04T13:55:42.200+05:00  WARN 1414027 --- [a1-observability] [lity-producer-1] o.a.k.clients.producer.internals.Sender  : [Producer clientId=a1-observability-producer-1] Got error produce response with correlation id 858 on topic-partition bank.a1.transaction.events-5, retrying (2147483630 attempts left). Error: NOT_ENOUGH_REPLICAS
2026-09-04T13:55:43.025+05:00  WARN 1414027 --- [a1-observability] [lity-producer-1] o.a.k.clients.producer.internals.Sender  : [Producer clientId=a1-observability-producer-1] Got error produce response with correlation id 859 on topic-partition bank.a1.transaction.events-0, retrying (2147483629 attempts left). Error: NOT_ENOUGH_REPLICAS
2026-09-04T13:55:43.026+05:00  WARN 1414027 --- [a1-observability] [lity-producer-1] o.a.k.clients.producer.internals.Sender  : [Producer clientId=a1-observability-producer-1] Got error produce response with correlation id 859 on topic-partition bank.a1.transaction.events-2, retrying (2147483629 attempts left). Error: NOT_ENOUGH_REPLICAS
2026-09-04T13:55:43.027+05:00  WARN 1414027 --- [a1-observability] [lity-producer-1] o.a.k.clients.producer.internals.Sender  : [Producer clientId=a1-observability-producer-1] Got error produce response with correlation id 859 on topic-partition bank.a1.transaction.events-4, retrying (2147483629 attempts left). Error: NOT_ENOUGH_REPLICAS
2026-09-04T13:55:43.028+05:00  WARN 1414027 --- [a1-observability] [lity-producer-1] o.a.k.clients.producer.internals.Sender  : [Producer clientId=a1-observability-producer-1] Got error produce response with correlation id 860 on topic-partition bank.a1.transaction.events-1, retrying (2147483629 attempts left). Error: NOT_ENOUGH_REPLICAS
2026-09-04T13:55:43.201+05:00  WARN 1414027 --- [a1-observability] [lity-producer-1] o.a.k.clients.producer.internals.Sender  : [Producer clientId=a1-observability-producer-1] Got error produce response with correlation id 861 on topic-partition bank.a1.transaction.events-5, retrying (2147483629 attempts left). Error: NOT_ENOUGH_REPLICAS
2026-09-04T13:55:44.027+05:00  WARN 1414027 --- [a1-observability] [lity-producer-1] o.a.k.clients.producer.internals.Sender  : [Producer clientId=a1-observability-producer-1] Got error produce response with correlation id 862 on topic-partition bank.a1.transaction.events-0, retrying (2147483628 attempts left). Error: NOT_ENOUGH_REPLICAS
2026-09-04T13:55:44.028+05:00  WARN 1414027 --- [a1-observability] [lity-producer-1] o.a.k.clients.producer.internals.Sender  : [Producer clientId=a1-observability-producer-1] Got error produce response with correlation id 862 on topic-partition bank.a1.transaction.events-2, retrying (2147483628 attempts left). Error: NOT_ENOUGH_REPLICAS
2026-09-04T13:55:44.028+05:00  WARN 1414027 --- [a1-observability] [lity-producer-1] o.a.k.clients.producer.internals.Sender  : [Producer clientId=a1-observability-producer-1] Got error produce response with correlation id 862 on topic-partition bank.a1.transaction.events-4, retrying (2147483628 attempts left). Error: NOT_ENOUGH_REPLICAS
2026-09-04T13:55:44.029+05:00  WARN 1414027 --- [a1-observability] [lity-producer-1] o.a.k.clients.producer.internals.Sender  : [Producer clientId=a1-observability-producer-1] Got error produce response with correlation id 863 on topic-partition bank.a1.transaction.events-1, retrying (2147483628 attempts left). Error: NOT_ENOUGH_REPLICAS
2026-09-04T13:55:44.198+05:00  WARN 1414027 --- [a1-observability] [lity-producer-1] o.a.k.clients.producer.internals.Sender  : [Producer clientId=a1-observability-producer-1] Got error produce response with correlation id 864 on topic-partition bank.a1.transaction.events-5, retrying (2147483628 attempts left). Error: NOT_ENOUGH_REPLICAS
2026-09-04T13:55:44.980+05:00  WARN 1414027 --- [a1-observability] [lity-producer-1] o.a.k.clients.producer.internals.Sender  : [Producer clientId=a1-observability-producer-1] Got error produce response with correlation id 865 on topic-partition bank.a1.transaction.events-4, retrying (2147483627 attempts left). Error: NOT_ENOUGH_REPLICAS
2026-09-04T13:55:44.981+05:00  WARN 1414027 --- [a1-observability] [lity-producer-1] o.a.k.clients.producer.internals.Sender  : [Producer clientId=a1-observability-producer-1] Got error produce response with correlation id 866 on topic-partition bank.a1.transaction.events-0, retrying (2147483627 attempts left). Error: NOT_ENOUGH_REPLICAS
2026-09-04T13:55:44.982+05:00  WARN 1414027 --- [a1-observability] [lity-producer-1] o.a.k.clients.producer.internals.Sender  : [Producer clientId=a1-observability-producer-1] Got error produce response with correlation id 867 on topic-partition bank.a1.transaction.events-1, retrying (2147483627 attempts left). Error: NOT_ENOUGH_REPLICAS
2026-09-04T13:55:44.983+05:00  WARN 1414027 --- [a1-observability] [lity-producer-1] o.a.k.clients.producer.internals.Sender  : [Producer clientId=a1-observability-producer-1] Got error produce response with correlation id 867 on topic-partition bank.a1.transaction.events-2, retrying (2147483627 attempts left). Error: NOT_ENOUGH_REPLICAS
2026-09-04T13:55:45.199+05:00  WARN 1414027 --- [a1-observability] [lity-producer-1] o.a.k.clients.producer.internals.Sender  : [Producer clientId=a1-observability-producer-1] Got error produce response with correlation id 868 on topic-partition bank.a1.transaction.events-5, retrying (2147483627 attempts left). Error: NOT_ENOUGH_REPLICAS
2026-09-04T13:55:45.832+05:00  WARN 1414027 --- [a1-observability] [lity-producer-1] o.a.k.clients.producer.internals.Sender  : [Producer clientId=a1-observability-producer-1] Got error produce response with correlation id 869 on topic-partition bank.a1.transaction.events-4, retrying (2147483626 attempts left). Error: NOT_ENOUGH_REPLICAS
2026-09-04T13:55:45.935+05:00  WARN 1414027 --- [a1-observability] [lity-producer-1] o.a.k.clients.producer.internals.Sender  : [Producer clientId=a1-observability-producer-1] Got error produce response with correlation id 870 on topic-partition bank.a1.transaction.events-0, retrying (2147483626 attempts left). Error: NOT_ENOUGH_REPLICAS
2026-09-04T13:55:45.935+05:00  WARN 1414027 --- [a1-observability] [lity-producer-1] o.a.k.clients.producer.internals.Sender  : [Producer clientId=a1-observability-producer-1] Got error produce response with correlation id 871 on topic-partition bank.a1.transaction.events-2, retrying (2147483626 attempts left). Error: NOT_ENOUGH_REPLICAS
2026-09-04T13:55:45.936+05:00  WARN 1414027 --- [a1-observability] [lity-producer-1] o.a.k.clients.producer.internals.Sender  : [Producer clientId=a1-observability-producer-1] Got error produce response with correlation id 872 on topic-partition bank.a1.transaction.events-1, retrying (2147483626 attempts left). Error: NOT_ENOUGH_REPLICAS
2026-09-04T13:55:46.200+05:00  WARN 1414027 --- [a1-observability] [lity-producer-1] o.a.k.clients.producer.internals.Sender  : [Producer clientId=a1-observability-producer-1] Got error produce response with correlation id 873 on topic-partition bank.a1.transaction.events-5, retrying (2147483626 attempts left). Error: NOT_ENOUGH_REPLICAS
2026-09-04T13:55:46.763+05:00  WARN 1414027 --- [a1-observability] [lity-producer-1] o.a.k.clients.producer.internals.Sender  : [Producer clientId=a1-observability-producer-1] Got error produce response with correlation id 874 on topic-partition bank.a1.transaction.events-2, retrying (2147483625 attempts left). Error: NOT_ENOUGH_REPLICAS
2026-09-04T13:55:46.764+05:00  WARN 1414027 --- [a1-observability] [lity-producer-1] o.a.k.clients.producer.internals.Sender  : [Producer clientId=a1-observability-producer-1] Got error produce response with correlation id 875 on topic-partition bank.a1.transaction.events-4, retrying (2147483625 attempts left). Error: NOT_ENOUGH_REPLICAS
2026-09-04T13:55:46.870+05:00  WARN 1414027 --- [a1-observability] [lity-producer-1] o.a.k.clients.producer.internals.Sender  : [Producer clientId=a1-observability-producer-1] Got error produce response with correlation id 876 on topic-partition bank.a1.transaction.events-0, retrying (2147483625 attempts left). Error: NOT_ENOUGH_REPLICAS
2026-09-04T13:55:46.921+05:00  WARN 1414027 --- [a1-observability] [lity-producer-1] o.a.k.clients.producer.internals.Sender  : [Producer clientId=a1-observability-producer-1] Got error produce response with correlation id 877 on topic-partition bank.a1.transaction.events-1, retrying (2147483625 attempts left). Error: NOT_ENOUGH_REPLICAS
2026-09-04T13:55:47.115+05:00  WARN 1414027 --- [a1-observability] [lity-producer-1] o.a.k.clients.producer.internals.Sender  : [Producer clientId=a1-observability-producer-1] Got error produce response with correlation id 878 on topic-partition bank.a1.transaction.events-5, retrying (2147483625 attempts left). Error: NOT_ENOUGH_REPLICAS
2026-09-04T13:55:47.765+05:00  WARN 1414027 --- [a1-observability] [lity-producer-1] o.a.k.clients.producer.internals.Sender  : [Producer clientId=a1-observability-producer-1] Got error produce response with correlation id 879 on topic-partition bank.a1.transaction.events-2, retrying (2147483624 attempts left). Error: NOT_ENOUGH_REPLICAS
2026-09-04T13:55:47.766+05:00  WARN 1414027 --- [a1-observability] [lity-producer-1] o.a.k.clients.producer.internals.Sender  : [Producer clientId=a1-observability-producer-1] Got error produce response with correlation id 879 on topic-partition bank.a1.transaction.events-4, retrying (2147483624 attempts left). Error: NOT_ENOUGH_REPLICAS
2026-09-04T13:55:47.864+05:00  WARN 1414027 --- [a1-observability] [lity-producer-1] o.a.k.clients.producer.internals.Sender  : [Producer clientId=a1-observability-producer-1] Got error produce response with correlation id 880 on topic-partition bank.a1.transaction.events-1, retrying (2147483624 attempts left). Error: NOT_ENOUGH_REPLICAS
2026-09-04T13:55:47.871+05:00  WARN 1414027 --- [a1-observability] [lity-producer-1] o.a.k.clients.producer.internals.Sender  : [Producer clientId=a1-observability-producer-1] Got error produce response with correlation id 881 on topic-partition bank.a1.transaction.events-0, retrying (2147483624 attempts left). Error: NOT_ENOUGH_REPLICAS
2026-09-04T13:55:48.116+05:00  WARN 1414027 --- [a1-observability] [lity-producer-1] o.a.k.clients.producer.internals.Sender  : [Producer clientId=a1-observability-producer-1] Got error produce response with correlation id 882 on topic-partition bank.a1.transaction.events-5, retrying (2147483624 attempts left). Error: NOT_ENOUGH_REPLICAS
2026-09-04T13:55:48.717+05:00  WARN 1414027 --- [a1-observability] [lity-producer-1] o.a.k.clients.producer.internals.Sender  : [Producer clientId=a1-observability-producer-1] Got error produce response with correlation id 883 on topic-partition bank.a1.transaction.events-2, retrying (2147483623 attempts left). Error: NOT_ENOUGH_REPLICAS
2026-09-04T13:55:48.717+05:00  WARN 1414027 --- [a1-observability] [lity-producer-1] o.a.k.clients.producer.internals.Sender  : [Producer clientId=a1-observability-producer-1] Got error produce response with correlation id 883 on topic-partition bank.a1.transaction.events-4, retrying (2147483623 attempts left). Error: NOT_ENOUGH_REPLICAS
2026-09-04T13:55:48.787+05:00  WARN 1414027 --- [a1-observability] [lity-producer-1] o.a.k.clients.producer.internals.Sender  : [Producer clientId=a1-observability-producer-1] Got error produce response with correlation id 884 on topic-partition bank.a1.transaction.events-0, retrying (2147483623 attempts left). Error: NOT_ENOUGH_REPLICAS
2026-09-04T13:55:48.865+05:00  WARN 1414027 --- [a1-observability] [lity-producer-1] o.a.k.clients.producer.internals.Sender  : [Producer clientId=a1-observability-producer-1] Got error produce response with correlation id 885 on topic-partition bank.a1.transaction.events-1, retrying (2147483623 attempts left). Error: NOT_ENOUGH_REPLICAS
2026-09-04T13:55:49.117+05:00  WARN 1414027 --- [a1-observability] [lity-producer-1] o.a.k.clients.producer.internals.Sender  : [Producer clientId=a1-observability-producer-1] Got error produce response with correlation id 886 on topic-partition bank.a1.transaction.events-5, retrying (2147483623 attempts left). Error: NOT_ENOUGH_REPLICAS
2026-09-04T13:55:49.606+05:00  WARN 1414027 --- [a1-observability] [lity-producer-1] o.a.k.clients.producer.internals.Sender  : [Producer clientId=a1-observability-producer-1] Got error produce response with correlation id 887 on topic-partition bank.a1.transaction.events-4, retrying (2147483622 attempts left). Error: NOT_ENOUGH_REPLICAS
2026-09-04T13:55:49.607+05:00  WARN 1414027 --- [a1-observability] [lity-producer-1] o.a.k.clients.producer.internals.Sender  : [Producer clientId=a1-observability-producer-1] Got error produce response with correlation id 888 on topic-partition bank.a1.transaction.events-2, retrying (2147483622 attempts left). Error: NOT_ENOUGH_REPLICAS
2026-09-04T13:55:49.788+05:00  WARN 1414027 --- [a1-observability] [lity-producer-1] o.a.k.clients.producer.internals.Sender  : [Producer clientId=a1-observability-producer-1] Got error produce response with correlation id 889 on topic-partition bank.a1.transaction.events-0, retrying (2147483622 attempts left). Error: NOT_ENOUGH_REPLICAS
2026-09-04T13:55:49.789+05:00  WARN 1414027 --- [a1-observability] [lity-producer-1] o.a.k.clients.producer.internals.Sender  : [Producer clientId=a1-observability-producer-1] Got error produce response with correlation id 890 on topic-partition bank.a1.transaction.events-1, retrying (2147483622 attempts left). Error: NOT_ENOUGH_REPLICAS
2026-09-04T13:55:50.118+05:00  WARN 1414027 --- [a1-observability] [lity-producer-1] o.a.k.clients.producer.internals.Sender  : [Producer clientId=a1-observability-producer-1] Got error produce response with correlation id 891 on topic-partition bank.a1.transaction.events-5, retrying (2147483622 attempts left). Error: NOT_ENOUGH_REPLICAS
2026-09-04T13:55:50.608+05:00  WARN 1414027 --- [a1-observability] [lity-producer-1] o.a.k.clients.producer.internals.Sender  : [Producer clientId=a1-observability-producer-1] Got error produce response with correlation id 892 on topic-partition bank.a1.transaction.events-2, retrying (2147483621 attempts left). Error: NOT_ENOUGH_REPLICAS
2026-09-04T13:55:50.608+05:00  WARN 1414027 --- [a1-observability] [lity-producer-1] o.a.k.clients.producer.internals.Sender  : [Producer clientId=a1-observability-producer-1] Got error produce response with correlation id 892 on topic-partition bank.a1.transaction.events-4, retrying (2147483621 attempts left). Error: NOT_ENOUGH_REPLICAS
2026-09-04T13:55:50.742+05:00  WARN 1414027 --- [a1-observability] [lity-producer-1] o.a.k.clients.producer.internals.Sender  : [Producer clientId=a1-observability-producer-1] Got error produce response with correlation id 893 on topic-partition bank.a1.transaction.events-1, retrying (2147483621 attempts left). Error: NOT_ENOUGH_REPLICAS
2026-09-04T13:55:50.789+05:00  WARN 1414027 --- [a1-observability] [lity-producer-1] o.a.k.clients.producer.internals.Sender  : [Producer clientId=a1-observability-producer-1] Got error produce response with correlation id 894 on topic-partition bank.a1.transaction.events-0, retrying (2147483621 attempts left). Error: NOT_ENOUGH_REPLICAS
2026-09-04T13:55:51.118+05:00  WARN 1414027 --- [a1-observability] [lity-producer-1] o.a.k.clients.producer.internals.Sender  : [Producer clientId=a1-observability-producer-1] Got error produce response with correlation id 895 on topic-partition bank.a1.transaction.events-5, retrying (2147483621 attempts left). Error: NOT_ENOUGH_REPLICAS
2026-09-04T13:55:51.528+05:00  WARN 1414027 --- [a1-observability] [lity-producer-1] o.a.k.clients.producer.internals.Sender  : [Producer clientId=a1-observability-producer-1] Got error produce response with correlation id 896 on topic-partition bank.a1.transaction.events-2, retrying (2147483620 attempts left). Error: NOT_ENOUGH_REPLICAS
2026-09-04T13:55:51.529+05:00  WARN 1414027 --- [a1-observability] [lity-producer-1] o.a.k.clients.producer.internals.Sender  : [Producer clientId=a1-observability-producer-1] Got error produce response with correlation id 896 on topic-partition bank.a1.transaction.events-4, retrying (2147483620 attempts left). Error: NOT_ENOUGH_REPLICAS
2026-09-04T13:55:51.743+05:00  WARN 1414027 --- [a1-observability] [lity-producer-1] o.a.k.clients.producer.internals.Sender  : [Producer clientId=a1-observability-producer-1] Got error produce response with correlation id 897 on topic-partition bank.a1.transaction.events-1, retrying (2147483620 attempts left). Error: NOT_ENOUGH_REPLICAS
2026-09-04T13:55:51.790+05:00  WARN 1414027 --- [a1-observability] [lity-producer-1] o.a.k.clients.producer.internals.Sender  : [Producer clientId=a1-observability-producer-1] Got error produce response with correlation id 898 on topic-partition bank.a1.transaction.events-0, retrying (2147483620 attempts left). Error: NOT_ENOUGH_REPLICAS
2026-09-04T13:55:52.119+05:00  WARN 1414027 --- [a1-observability] [lity-producer-1] o.a.k.clients.producer.internals.Sender  : [Producer clientId=a1-observability-producer-1] Got error produce response with correlation id 899 on topic-partition bank.a1.transaction.events-5, retrying (2147483620 attempts left). Error: NOT_ENOUGH_REPLICAS
2026-09-04T13:55:52.492+05:00  WARN 1414027 --- [a1-observability] [lity-producer-1] o.a.k.clients.producer.internals.Sender  : [Producer clientId=a1-observability-producer-1] Got error produce response with correlation id 900 on topic-partition bank.a1.transaction.events-2, retrying (2147483619 attempts left). Error: NOT_ENOUGH_REPLICAS
2026-09-04T13:55:52.492+05:00  WARN 1414027 --- [a1-observability] [lity-producer-1] o.a.k.clients.producer.internals.Sender  : [Producer clientId=a1-observability-producer-1] Got error produce response with correlation id 900 on topic-partition bank.a1.transaction.events-4, retrying (2147483619 attempts left). Error: NOT_ENOUGH_REPLICAS
2026-09-04T13:55:52.745+05:00  WARN 1414027 --- [a1-observability] [lity-producer-1] o.a.k.clients.producer.internals.Sender  : [Producer clientId=a1-observability-producer-1] Got error produce response with correlation id 901 on topic-partition bank.a1.transaction.events-1, retrying (2147483619 attempts left). Error: NOT_ENOUGH_REPLICAS
2026-09-04T13:55:52.791+05:00  WARN 1414027 --- [a1-observability] [lity-producer-1] o.a.k.clients.producer.internals.Sender  : [Producer clientId=a1-observability-producer-1] Got error produce response with correlation id 902 on topic-partition bank.a1.transaction.events-0, retrying (2147483619 attempts left). Error: NOT_ENOUGH_REPLICAS
2026-09-04T13:55:53.120+05:00  WARN 1414027 --- [a1-observability] [lity-producer-1] o.a.k.clients.producer.internals.Sender  : [Producer clientId=a1-observability-producer-1] Got error produce response with correlation id 903 on topic-partition bank.a1.transaction.events-5, retrying (2147483619 attempts left). Error: NOT_ENOUGH_REPLICAS
2026-09-04T13:55:53.405+05:00  WARN 1414027 --- [a1-observability] [lity-producer-1] o.a.k.clients.producer.internals.Sender  : [Producer clientId=a1-observability-producer-1] Got error produce response with correlation id 904 on topic-partition bank.a1.transaction.events-4, retrying (2147483618 attempts left). Error: NOT_ENOUGH_REPLICAS
2026-09-04T13:55:53.456+05:00  WARN 1414027 --- [a1-observability] [lity-producer-1] o.a.k.clients.producer.internals.Sender  : [Producer clientId=a1-observability-producer-1] Got error produce response with correlation id 905 on topic-partition bank.a1.transaction.events-2, retrying (2147483618 attempts left). Error: NOT_ENOUGH_REPLICAS
2026-09-04T13:55:53.746+05:00  WARN 1414027 --- [a1-observability] [lity-producer-1] o.a.k.clients.producer.internals.Sender  : [Producer clientId=a1-observability-producer-1] Got error produce response with correlation id 906 on topic-partition bank.a1.transaction.events-0, retrying (2147483618 attempts left). Error: NOT_ENOUGH_REPLICAS
2026-09-04T13:55:53.747+05:00  WARN 1414027 --- [a1-observability] [lity-producer-1] o.a.k.clients.producer.internals.Sender  : [Producer clientId=a1-observability-producer-1] Got error produce response with correlation id 906 on topic-partition bank.a1.transaction.events-1, retrying (2147483618 attempts left). Error: NOT_ENOUGH_REPLICAS
2026-09-04T13:55:54.121+05:00  WARN 1414027 --- [a1-observability] [lity-producer-1] o.a.k.clients.producer.internals.Sender  : [Producer clientId=a1-observability-producer-1] Got error produce response with correlation id 907 on topic-partition bank.a1.transaction.events-5, retrying (2147483618 attempts left). Error: NOT_ENOUGH_REPLICAS
2026-09-04T13:55:54.406+05:00  WARN 1414027 --- [a1-observability] [lity-producer-1] o.a.k.clients.producer.internals.Sender  : [Producer clientId=a1-observability-producer-1] Got error produce response with correlation id 908 on topic-partition bank.a1.transaction.events-4, retrying (2147483617 attempts left). Error: NOT_ENOUGH_REPLICAS
2026-09-04T13:55:54.457+05:00  WARN 1414027 --- [a1-observability] [lity-producer-1] o.a.k.clients.producer.internals.Sender  : [Producer clientId=a1-observability-producer-1] Got error produce response with correlation id 909 on topic-partition bank.a1.transaction.events-2, retrying (2147483617 attempts left). Error: NOT_ENOUGH_REPLICAS
2026-09-04T13:55:54.737+05:00  WARN 1414027 --- [a1-observability] [lity-producer-1] o.a.k.clients.producer.internals.Sender  : [Producer clientId=a1-observability-producer-1] Got error produce response with correlation id 910 on topic-partition bank.a1.transaction.events-0, retrying (2147483617 attempts left). Error: NOT_ENOUGH_REPLICAS
2026-09-04T13:55:54.747+05:00  WARN 1414027 --- [a1-observability] [lity-producer-1] o.a.k.clients.producer.internals.Sender  : [Producer clientId=a1-observability-producer-1] Got error produce response with correlation id 911 on topic-partition bank.a1.transaction.events-1, retrying (2147483617 attempts left). Error: NOT_ENOUGH_REPLICAS
2026-09-04T13:55:55.122+05:00  WARN 1414027 --- [a1-observability] [lity-producer-1] o.a.k.clients.producer.internals.Sender  : [Producer clientId=a1-observability-producer-1] Got error produce response with correlation id 912 on topic-partition bank.a1.transaction.events-5, retrying (2147483617 attempts left). Error: NOT_ENOUGH_REPLICAS
2026-09-04T13:55:55.407+05:00  WARN 1414027 --- [a1-observability] [lity-producer-1] o.a.k.clients.producer.internals.Sender  : [Producer clientId=a1-observability-producer-1] Got error produce response with correlation id 913 on topic-partition bank.a1.transaction.events-2, retrying (2147483616 attempts left). Error: NOT_ENOUGH_REPLICAS
2026-09-04T13:55:55.408+05:00  WARN 1414027 --- [a1-observability] [lity-producer-1] o.a.k.clients.producer.internals.Sender  : [Producer clientId=a1-observability-producer-1] Got error produce response with correlation id 913 on topic-partition bank.a1.transaction.events-4, retrying (2147483616 attempts left). Error: NOT_ENOUGH_REPLICAS
2026-09-04T13:55:55.738+05:00  WARN 1414027 --- [a1-observability] [lity-producer-1] o.a.k.clients.producer.internals.Sender  : [Producer clientId=a1-observability-producer-1] Got error produce response with correlation id 914 on topic-partition bank.a1.transaction.events-0, retrying (2147483616 attempts left). Error: NOT_ENOUGH_REPLICAS
2026-09-04T13:55:55.739+05:00  WARN 1414027 --- [a1-observability] [lity-producer-1] o.a.k.clients.producer.internals.Sender  : [Producer clientId=a1-observability-producer-1] Got error produce response with correlation id 915 on topic-partition bank.a1.transaction.events-1, retrying (2147483616 attempts left). Error: NOT_ENOUGH_REPLICAS
2026-09-04T13:55:56.124+05:00  WARN 1414027 --- [a1-observability] [lity-producer-1] o.a.k.clients.producer.internals.Sender  : [Producer clientId=a1-observability-producer-1] Got error produce response with correlation id 916 on topic-partition bank.a1.transaction.events-5, retrying (2147483616 attempts left). Error: NOT_ENOUGH_REPLICAS
2026-09-04T13:55:56.408+05:00  WARN 1414027 --- [a1-observability] [lity-producer-1] o.a.k.clients.producer.internals.Sender  : [Producer clientId=a1-observability-producer-1] Got error produce response with correlation id 917 on topic-partition bank.a1.transaction.events-2, retrying (2147483615 attempts left). Error: NOT_ENOUGH_REPLICAS
2026-09-04T13:55:56.409+05:00  WARN 1414027 --- [a1-observability] [lity-producer-1] o.a.k.clients.producer.internals.Sender  : [Producer clientId=a1-observability-producer-1] Got error produce response with correlation id 917 on topic-partition bank.a1.transaction.events-4, retrying (2147483615 attempts left). Error: NOT_ENOUGH_REPLICAS
2026-09-04T13:55:56.740+05:00  WARN 1414027 --- [a1-observability] [lity-producer-1] o.a.k.clients.producer.internals.Sender  : [Producer clientId=a1-observability-producer-1] Got error produce response with correlation id 918 on topic-partition bank.a1.transaction.events-0, retrying (2147483615 attempts left). Error: NOT_ENOUGH_REPLICAS
2026-09-04T13:55:56.740+05:00  WARN 1414027 --- [a1-observability] [lity-producer-1] o.a.k.clients.producer.internals.Sender  : [Producer clientId=a1-observability-producer-1] Got error produce response with correlation id 918 on topic-partition bank.a1.transaction.events-1, retrying (2147483615 attempts left). Error: NOT_ENOUGH_REPLICAS
2026-09-04T13:55:57.119+05:00  WARN 1414027 --- [a1-observability] [lity-producer-1] o.a.k.clients.producer.internals.Sender  : [Producer clientId=a1-observability-producer-1] Got error produce response with correlation id 919 on topic-partition bank.a1.transaction.events-5, retrying (2147483615 attempts left). Error: NOT_ENOUGH_REPLICAS
2026-09-04T13:55:57.409+05:00  WARN 1414027 --- [a1-observability] [lity-producer-1] o.a.k.clients.producer.internals.Sender  : [Producer clientId=a1-observability-producer-1] Got error produce response with correlation id 920 on topic-partition bank.a1.transaction.events-2, retrying (2147483614 attempts left). Error: NOT_ENOUGH_REPLICAS
2026-09-04T13:55:57.409+05:00  WARN 1414027 --- [a1-observability] [lity-producer-1] o.a.k.clients.producer.internals.Sender  : [Producer clientId=a1-observability-producer-1] Got error produce response with correlation id 920 on topic-partition bank.a1.transaction.events-4, retrying (2147483614 attempts left). Error: NOT_ENOUGH_REPLICAS
2026-09-04T13:55:57.731+05:00  WARN 1414027 --- [a1-observability] [lity-producer-1] o.a.k.clients.producer.internals.Sender  : [Producer clientId=a1-observability-producer-1] Got error produce response with correlation id 921 on topic-partition bank.a1.transaction.events-0, retrying (2147483614 attempts left). Error: NOT_ENOUGH_REPLICAS
2026-09-04T13:55:57.731+05:00  WARN 1414027 --- [a1-observability] [lity-producer-1] o.a.k.clients.producer.internals.Sender  : [Producer clientId=a1-observability-producer-1] Got error produce response with correlation id 921 on topic-partition bank.a1.transaction.events-1, retrying (2147483614 attempts left). Error: NOT_ENOUGH_REPLICAS
2026-09-04T13:55:58.101+05:00  WARN 1414027 --- [a1-observability] [lity-producer-1] o.a.k.clients.producer.internals.Sender  : [Producer clientId=a1-observability-producer-1] Got error produce response with correlation id 922 on topic-partition bank.a1.transaction.events-5, retrying (2147483614 attempts left). Error: NOT_ENOUGH_REPLICAS
2026-09-04T13:55:58.410+05:00  WARN 1414027 --- [a1-observability] [lity-producer-1] o.a.k.clients.producer.internals.Sender  : [Producer clientId=a1-observability-producer-1] Got error produce response with correlation id 923 on topic-partition bank.a1.transaction.events-2, retrying (2147483613 attempts left). Error: NOT_ENOUGH_REPLICAS
2026-09-04T13:55:58.411+05:00  WARN 1414027 --- [a1-observability] [lity-producer-1] o.a.k.clients.producer.internals.Sender  : [Producer clientId=a1-observability-producer-1] Got error produce response with correlation id 923 on topic-partition bank.a1.transaction.events-4, retrying (2147483613 attempts left). Error: NOT_ENOUGH_REPLICAS
2026-09-04T13:55:58.730+05:00  WARN 1414027 --- [a1-observability] [lity-producer-1] o.a.k.clients.producer.internals.Sender  : [Producer clientId=a1-observability-producer-1] Got error produce response with correlation id 924 on topic-partition bank.a1.transaction.events-0, retrying (2147483613 attempts left). Error: NOT_ENOUGH_REPLICAS
2026-09-04T13:55:58.731+05:00  WARN 1414027 --- [a1-observability] [lity-producer-1] o.a.k.clients.producer.internals.Sender  : [Producer clientId=a1-observability-producer-1] Got error produce response with correlation id 924 on topic-partition bank.a1.transaction.events-1, retrying (2147483613 attempts left). Error: NOT_ENOUGH_REPLICAS
2026-09-04T13:55:59.103+05:00  WARN 1414027 --- [a1-observability] [lity-producer-1] o.a.k.clients.producer.internals.Sender  : [Producer clientId=a1-observability-producer-1] Got error produce response with correlation id 925 on topic-partition bank.a1.transaction.events-5, retrying (2147483613 attempts left). Error: NOT_ENOUGH_REPLICAS
2026-09-04T13:55:59.411+05:00  WARN 1414027 --- [a1-observability] [lity-producer-1] o.a.k.clients.producer.internals.Sender  : [Producer clientId=a1-observability-producer-1] Got error produce response with correlation id 926 on topic-partition bank.a1.transaction.events-2, retrying (2147483612 attempts left). Error: NOT_ENOUGH_REPLICAS
2026-09-04T13:55:59.411+05:00  WARN 1414027 --- [a1-observability] [lity-producer-1] o.a.k.clients.producer.internals.Sender  : [Producer clientId=a1-observability-producer-1] Got error produce response with correlation id 926 on topic-partition bank.a1.transaction.events-4, retrying (2147483612 attempts left). Error: NOT_ENOUGH_REPLICAS
2026-09-04T13:55:59.705+05:00  WARN 1414027 --- [a1-observability] [lity-producer-1] o.a.k.clients.producer.internals.Sender  : [Producer clientId=a1-observability-producer-1] Got error produce response with correlation id 927 on topic-partition bank.a1.transaction.events-0, retrying (2147483612 attempts left). Error: NOT_ENOUGH_REPLICAS
2026-09-04T13:55:59.706+05:00  WARN 1414027 --- [a1-observability] [lity-producer-1] o.a.k.clients.producer.internals.Sender  : [Producer clientId=a1-observability-producer-1] Got error produce response with correlation id 928 on topic-partition bank.a1.transaction.events-1, retrying (2147483612 attempts left). Error: NOT_ENOUGH_REPLICAS
2026-09-04T13:56:00.104+05:00  WARN 1414027 --- [a1-observability] [lity-producer-1] o.a.k.clients.producer.internals.Sender  : [Producer clientId=a1-observability-producer-1] Got error produce response with correlation id 929 on topic-partition bank.a1.transaction.events-5, retrying (2147483612 attempts left). Error: NOT_ENOUGH_REPLICAS
2026-09-04T13:56:00.412+05:00  WARN 1414027 --- [a1-observability] [lity-producer-1] o.a.k.clients.producer.internals.Sender  : [Producer clientId=a1-observability-producer-1] Got error produce response with correlation id 930 on topic-partition bank.a1.transaction.events-2, retrying (2147483611 attempts left). Error: NOT_ENOUGH_REPLICAS
2026-09-04T13:56:00.412+05:00  WARN 1414027 --- [a1-observability] [lity-producer-1] o.a.k.clients.producer.internals.Sender  : [Producer clientId=a1-observability-producer-1] Got error produce response with correlation id 930 on topic-partition bank.a1.transaction.events-4, retrying (2147483611 attempts left). Error: NOT_ENOUGH_REPLICAS
2026-09-04T13:56:00.706+05:00  WARN 1414027 --- [a1-observability] [lity-producer-1] o.a.k.clients.producer.internals.Sender  : [Producer clientId=a1-observability-producer-1] Got error produce response with correlation id 931 on topic-partition bank.a1.transaction.events-0, retrying (2147483611 attempts left). Error: NOT_ENOUGH_REPLICAS
2026-09-04T13:56:00.707+05:00  WARN 1414027 --- [a1-observability] [lity-producer-1] o.a.k.clients.producer.internals.Sender  : [Producer clientId=a1-observability-producer-1] Got error produce response with correlation id 931 on topic-partition bank.a1.transaction.events-1, retrying (2147483611 attempts left). Error: NOT_ENOUGH_REPLICAS
2026-09-04T13:56:01.105+05:00  WARN 1414027 --- [a1-observability] [lity-producer-1] o.a.k.clients.producer.internals.Sender  : [Producer clientId=a1-observability-producer-1] Got error produce response with correlation id 932 on topic-partition bank.a1.transaction.events-5, retrying (2147483611 attempts left). Error: NOT_ENOUGH_REPLICAS
2026-09-04T13:56:01.356+05:00  WARN 1414027 --- [a1-observability] [lity-producer-1] o.a.k.clients.producer.internals.Sender  : [Producer clientId=a1-observability-producer-1] Got error produce response with correlation id 933 on topic-partition bank.a1.transaction.events-4, retrying (2147483610 attempts left). Error: NOT_ENOUGH_REPLICAS
2026-09-04T13:56:01.413+05:00  WARN 1414027 --- [a1-observability] [lity-producer-1] o.a.k.clients.producer.internals.Sender  : [Producer clientId=a1-observability-producer-1] Got error produce response with correlation id 934 on topic-partition bank.a1.transaction.events-2, retrying (2147483610 attempts left). Error: NOT_ENOUGH_REPLICAS
2026-09-04T13:56:01.642+05:00  WARN 1414027 --- [a1-observability] [lity-producer-1] o.a.k.clients.producer.internals.Sender  : [Producer clientId=a1-observability-producer-1] Got error produce response with correlation id 935 on topic-partition bank.a1.transaction.events-0, retrying (2147483610 attempts left). Error: NOT_ENOUGH_REPLICAS
2026-09-04T13:56:01.642+05:00  WARN 1414027 --- [a1-observability] [lity-producer-1] o.a.k.clients.producer.internals.Sender  : [Producer clientId=a1-observability-producer-1] Got error produce response with correlation id 935 on topic-partition bank.a1.transaction.events-1, retrying (2147483610 attempts left). Error: NOT_ENOUGH_REPLICAS
2026-09-04T13:56:02.106+05:00  WARN 1414027 --- [a1-observability] [lity-producer-1] o.a.k.clients.producer.internals.Sender  : [Producer clientId=a1-observability-producer-1] Got error produce response with correlation id 936 on topic-partition bank.a1.transaction.events-5, retrying (2147483610 attempts left). Error: NOT_ENOUGH_REPLICAS
2026-09-04T13:56:02.357+05:00  WARN 1414027 --- [a1-observability] [lity-producer-1] o.a.k.clients.producer.internals.Sender  : [Producer clientId=a1-observability-producer-1] Got error produce response with correlation id 937 on topic-partition bank.a1.transaction.events-2, retrying (2147483609 attempts left). Error: NOT_ENOUGH_REPLICAS
2026-09-04T13:56:02.357+05:00  WARN 1414027 --- [a1-observability] [lity-producer-1] o.a.k.clients.producer.internals.Sender  : [Producer clientId=a1-observability-producer-1] Got error produce response with correlation id 937 on topic-partition bank.a1.transaction.events-4, retrying (2147483609 attempts left). Error: NOT_ENOUGH_REPLICAS
2026-09-04T13:56:02.490+05:00  WARN 1414027 --- [a1-observability] [lity-producer-1] o.a.k.clients.producer.internals.Sender  : [Producer clientId=a1-observability-producer-1] Got error produce response with correlation id 938 on topic-partition bank.a1.transaction.events-0, retrying (2147483609 attempts left). Error: NOT_ENOUGH_REPLICAS
2026-09-04T13:56:02.642+05:00  WARN 1414027 --- [a1-observability] [lity-producer-1] o.a.k.clients.producer.internals.Sender  : [Producer clientId=a1-observability-producer-1] Got error produce response with correlation id 939 on topic-partition bank.a1.transaction.events-1, retrying (2147483609 attempts left). Error: NOT_ENOUGH_REPLICAS
2026-09-04T13:56:03.031+05:00  WARN 1414027 --- [a1-observability] [lity-producer-1] o.a.k.clients.producer.internals.Sender  : [Producer clientId=a1-observability-producer-1] Got error produce response with correlation id 940 on topic-partition bank.a1.transaction.events-5, retrying (2147483609 attempts left). Error: NOT_ENOUGH_REPLICAS
2026-09-04T13:56:03.358+05:00  WARN 1414027 --- [a1-observability] [lity-producer-1] o.a.k.clients.producer.internals.Sender  : [Producer clientId=a1-observability-producer-1] Got error produce response with correlation id 941 on topic-partition bank.a1.transaction.events-2, retrying (2147483608 attempts left). Error: NOT_ENOUGH_REPLICAS
2026-09-04T13:56:03.359+05:00  WARN 1414027 --- [a1-observability] [lity-producer-1] o.a.k.clients.producer.internals.Sender  : [Producer clientId=a1-observability-producer-1] Got error produce response with correlation id 941 on topic-partition bank.a1.transaction.events-4, retrying (2147483608 attempts left). Error: NOT_ENOUGH_REPLICAS
2026-09-04T13:56:03.485+05:00  WARN 1414027 --- [a1-observability] [lity-producer-1] o.a.k.clients.producer.internals.Sender  : [Producer clientId=a1-observability-producer-1] Got error produce response with correlation id 942 on topic-partition bank.a1.transaction.events-0, retrying (2147483608 attempts left). Error: NOT_ENOUGH_REPLICAS
2026-09-04T13:56:03.643+05:00  WARN 1414027 --- [a1-observability] [lity-producer-1] o.a.k.clients.producer.internals.Sender  : [Producer clientId=a1-observability-producer-1] Got error produce response with correlation id 943 on topic-partition bank.a1.transaction.events-1, retrying (2147483608 attempts left). Error: NOT_ENOUGH_REPLICAS
2026-09-04T13:56:04.032+05:00  WARN 1414027 --- [a1-observability] [lity-producer-1] o.a.k.clients.producer.internals.Sender  : [Producer clientId=a1-observability-producer-1] Got error produce response with correlation id 944 on topic-partition bank.a1.transaction.events-5, retrying (2147483608 attempts left). Error: NOT_ENOUGH_REPLICAS
2026-09-04T13:56:04.340+05:00  WARN 1414027 --- [a1-observability] [lity-producer-1] o.a.k.clients.producer.internals.Sender  : [Producer clientId=a1-observability-producer-1] Got error produce response with correlation id 945 on topic-partition bank.a1.transaction.events-4, retrying (2147483607 attempts left). Error: NOT_ENOUGH_REPLICAS
2026-09-04T13:56:04.340+05:00  WARN 1414027 --- [a1-observability] [lity-producer-1] o.a.k.clients.producer.internals.Sender  : [Producer clientId=a1-observability-producer-1] Got error produce response with correlation id 946 on topic-partition bank.a1.transaction.events-2, retrying (2147483607 attempts left). Error: NOT_ENOUGH_REPLICAS
2026-09-04T13:56:04.477+05:00  WARN 1414027 --- [a1-observability] [lity-producer-1] o.a.k.clients.producer.internals.Sender  : [Producer clientId=a1-observability-producer-1] Got error produce response with correlation id 947 on topic-partition bank.a1.transaction.events-0, retrying (2147483607 attempts left). Error: NOT_ENOUGH_REPLICAS
2026-09-04T13:56:04.644+05:00  WARN 1414027 --- [a1-observability] [lity-producer-1] o.a.k.clients.producer.internals.Sender  : [Producer clientId=a1-observability-producer-1] Got error produce response with correlation id 948 on topic-partition bank.a1.transaction.events-1, retrying (2147483607 attempts left). Error: NOT_ENOUGH_REPLICAS
2026-09-04T13:56:07.965+05:00  WARN 1414027 --- [a1-observability] [lity-producer-1] o.a.k.clients.producer.internals.Sender  : [Producer clientId=a1-observability-producer-1] Got error produce response with correlation id 949 on topic-partition bank.a1.transaction.events-2, retrying (2147483606 attempts left). Error: NOT_ENOUGH_REPLICAS
2026-09-04T13:56:07.965+05:00  WARN 1414027 --- [a1-observability] [lity-producer-1] o.a.k.clients.producer.internals.Sender  : [Producer clientId=a1-observability-producer-1] Got error produce response with correlation id 949 on topic-partition bank.a1.transaction.events-4, retrying (2147483606 attempts left). Error: NOT_ENOUGH_REPLICAS
2026-09-04T13:56:07.966+05:00  WARN 1414027 --- [a1-observability] [lity-producer-1] o.a.k.clients.producer.internals.Sender  : [Producer clientId=a1-observability-producer-1] Got error produce response with correlation id 949 on topic-partition bank.a1.transaction.events-0, retrying (2147483606 attempts left). Error: NOT_ENOUGH_REPLICAS
2026-09-04T13:56:07.966+05:00  WARN 1414027 --- [a1-observability] [lity-producer-1] o.a.k.clients.producer.internals.Sender  : [Producer clientId=a1-observability-producer-1] Got error produce response with correlation id 949 on topic-partition bank.a1.transaction.events-1, retrying (2147483606 attempts left). Error: NOT_ENOUGH_REPLICAS
2026-09-04T13:56:07.967+05:00  WARN 1414027 --- [a1-observability] [lity-producer-1] o.a.k.clients.producer.internals.Sender  : [Producer clientId=a1-observability-producer-1] Got error produce response with correlation id 949 on topic-partition bank.a1.transaction.events-5, retrying (2147483607 attempts left). Error: NOT_ENOUGH_REPLICAS
2026-09-04T13:56:08.937+05:00  WARN 1414027 --- [a1-observability] [lity-producer-1] o.a.k.clients.producer.internals.Sender  : [Producer clientId=a1-observability-producer-1] Got error produce response with correlation id 950 on topic-partition bank.a1.transaction.events-2, retrying (2147483605 attempts left). Error: NOT_ENOUGH_REPLICAS
2026-09-04T13:56:08.937+05:00  WARN 1414027 --- [a1-observability] [lity-producer-1] o.a.k.clients.producer.internals.Sender  : [Producer clientId=a1-observability-producer-1] Got error produce response with correlation id 950 on topic-partition bank.a1.transaction.events-4, retrying (2147483605 attempts left). Error: NOT_ENOUGH_REPLICAS
2026-09-04T13:56:08.938+05:00  WARN 1414027 --- [a1-observability] [lity-producer-1] o.a.k.clients.producer.internals.Sender  : [Producer clientId=a1-observability-producer-1] Got error produce response with correlation id 950 on topic-partition bank.a1.transaction.events-5, retrying (2147483606 attempts left). Error: NOT_ENOUGH_REPLICAS
2026-09-04T13:56:08.938+05:00  WARN 1414027 --- [a1-observability] [lity-producer-1] o.a.k.clients.producer.internals.Sender  : [Producer clientId=a1-observability-producer-1] Got error produce response with correlation id 951 on topic-partition bank.a1.transaction.events-0, retrying (2147483605 attempts left). Error: NOT_ENOUGH_REPLICAS
2026-09-04T13:56:08.966+05:00  WARN 1414027 --- [a1-observability] [lity-producer-1] o.a.k.clients.producer.internals.Sender  : [Producer clientId=a1-observability-producer-1] Got error produce response with correlation id 952 on topic-partition bank.a1.transaction.events-1, retrying (2147483605 attempts left). Error: NOT_ENOUGH_REPLICAS
2026-09-04T13:56:09.870+05:00  WARN 1414027 --- [a1-observability] [lity-producer-1] o.a.k.clients.producer.internals.Sender  : [Producer clientId=a1-observability-producer-1] Got error produce response with correlation id 953 on topic-partition bank.a1.transaction.events-5, retrying (2147483605 attempts left). Error: NOT_ENOUGH_REPLICAS
2026-09-04T13:56:09.871+05:00  WARN 1414027 --- [a1-observability] [lity-producer-1] o.a.k.clients.producer.internals.Sender  : [Producer clientId=a1-observability-producer-1] Got error produce response with correlation id 954 on topic-partition bank.a1.transaction.events-0, retrying (2147483604 attempts left). Error: NOT_ENOUGH_REPLICAS
2026-09-04T13:56:09.872+05:00  WARN 1414027 --- [a1-observability] [lity-producer-1] o.a.k.clients.producer.internals.Sender  : [Producer clientId=a1-observability-producer-1] Got error produce response with correlation id 955 on topic-partition bank.a1.transaction.events-1, retrying (2147483604 attempts left). Error: NOT_ENOUGH_REPLICAS
2026-09-04T13:56:09.873+05:00  WARN 1414027 --- [a1-observability] [lity-producer-1] o.a.k.clients.producer.internals.Sender  : [Producer clientId=a1-observability-producer-1] Got error produce response with correlation id 956 on topic-partition bank.a1.transaction.events-2, retrying (2147483604 attempts left). Error: NOT_ENOUGH_REPLICAS
2026-09-04T13:56:09.938+05:00  WARN 1414027 --- [a1-observability] [lity-producer-1] o.a.k.clients.producer.internals.Sender  : [Producer clientId=a1-observability-producer-1] Got error produce response with correlation id 957 on topic-partition bank.a1.transaction.events-4, retrying (2147483604 attempts left). Error: NOT_ENOUGH_REPLICAS
2026-09-04T13:56:10.774+05:00  WARN 1414027 --- [a1-observability] [lity-producer-1] o.a.k.clients.producer.internals.Sender  : [Producer clientId=a1-observability-producer-1] Got error produce response with correlation id 958 on topic-partition bank.a1.transaction.events-2, retrying (2147483603 attempts left). Error: NOT_ENOUGH_REPLICAS
2026-09-04T13:56:10.775+05:00  WARN 1414027 --- [a1-observability] [lity-producer-1] o.a.k.clients.producer.internals.Sender  : [Producer clientId=a1-observability-producer-1] Got error produce response with correlation id 959 on topic-partition bank.a1.transaction.events-4, retrying (2147483603 attempts left). Error: NOT_ENOUGH_REPLICAS
2026-09-04T13:56:10.776+05:00  WARN 1414027 --- [a1-observability] [lity-producer-1] o.a.k.clients.producer.internals.Sender  : [Producer clientId=a1-observability-producer-1] Got error produce response with correlation id 959 on topic-partition bank.a1.transaction.events-5, retrying (2147483604 attempts left). Error: NOT_ENOUGH_REPLICAS
2026-09-04T13:56:10.872+05:00  WARN 1414027 --- [a1-observability] [lity-producer-1] o.a.k.clients.producer.internals.Sender  : [Producer clientId=a1-observability-producer-1] Got error produce response with correlation id 960 on topic-partition bank.a1.transaction.events-0, retrying (2147483603 attempts left). Error: NOT_ENOUGH_REPLICAS
2026-09-04T13:56:10.873+05:00  WARN 1414027 --- [a1-observability] [lity-producer-1] o.a.k.clients.producer.internals.Sender  : [Producer clientId=a1-observability-producer-1] Got error produce response with correlation id 960 on topic-partition bank.a1.transaction.events-1, retrying (2147483603 attempts left). Error: NOT_ENOUGH_REPLICAS
2026-09-04T13:56:11.703+05:00  WARN 1414027 --- [a1-observability] [lity-producer-1] o.a.k.clients.producer.internals.Sender  : [Producer clientId=a1-observability-producer-1] Got error produce response with correlation id 961 on topic-partition bank.a1.transaction.events-4, retrying (2147483602 attempts left). Error: NOT_ENOUGH_REPLICAS
2026-09-04T13:56:11.704+05:00  WARN 1414027 --- [a1-observability] [lity-producer-1] o.a.k.clients.producer.internals.Sender  : [Producer clientId=a1-observability-producer-1] Got error produce response with correlation id 962 on topic-partition bank.a1.transaction.events-0, retrying (2147483602 attempts left). Error: NOT_ENOUGH_REPLICAS
2026-09-04T13:56:11.704+05:00  WARN 1414027 --- [a1-observability] [lity-producer-1] o.a.k.clients.producer.internals.Sender  : [Producer clientId=a1-observability-producer-1] Got error produce response with correlation id 962 on topic-partition bank.a1.transaction.events-5, retrying (2147483603 attempts left). Error: NOT_ENOUGH_REPLICAS
2026-09-04T13:56:11.705+05:00  WARN 1414027 --- [a1-observability] [lity-producer-1] o.a.k.clients.producer.internals.Sender  : [Producer clientId=a1-observability-producer-1] Got error produce response with correlation id 963 on topic-partition bank.a1.transaction.events-2, retrying (2147483602 attempts left). Error: NOT_ENOUGH_REPLICAS
2026-09-04T13:56:11.873+05:00  WARN 1414027 --- [a1-observability] [lity-producer-1] o.a.k.clients.producer.internals.Sender  : [Producer clientId=a1-observability-producer-1] Got error produce response with correlation id 964 on topic-partition bank.a1.transaction.events-1, retrying (2147483602 attempts left). Error: NOT_ENOUGH_REPLICAS
2026-09-04T13:56:12.586+05:00  WARN 1414027 --- [a1-observability] [lity-producer-1] o.a.k.clients.producer.internals.Sender  : [Producer clientId=a1-observability-producer-1] Got error produce response with correlation id 965 on topic-partition bank.a1.transaction.events-4, retrying (2147483601 attempts left). Error: NOT_ENOUGH_REPLICAS
2026-09-04T13:56:12.587+05:00  WARN 1414027 --- [a1-observability] [lity-producer-1] o.a.k.clients.producer.internals.Sender  : [Producer clientId=a1-observability-producer-1] Got error produce response with correlation id 966 on topic-partition bank.a1.transaction.events-5, retrying (2147483602 attempts left). Error: NOT_ENOUGH_REPLICAS
2026-09-04T13:56:12.705+05:00  WARN 1414027 --- [a1-observability] [lity-producer-1] o.a.k.clients.producer.internals.Sender  : [Producer clientId=a1-observability-producer-1] Got error produce response with correlation id 967 on topic-partition bank.a1.transaction.events-0, retrying (2147483601 attempts left). Error: NOT_ENOUGH_REPLICAS
2026-09-04T13:56:12.706+05:00  WARN 1414027 --- [a1-observability] [lity-producer-1] o.a.k.clients.producer.internals.Sender  : [Producer clientId=a1-observability-producer-1] Got error produce response with correlation id 968 on topic-partition bank.a1.transaction.events-2, retrying (2147483601 attempts left). Error: NOT_ENOUGH_REPLICAS
2026-09-04T13:56:12.874+05:00  WARN 1414027 --- [a1-observability] [lity-producer-1] o.a.k.clients.producer.internals.Sender  : [Producer clientId=a1-observability-producer-1] Got error produce response with correlation id 969 on topic-partition bank.a1.transaction.events-1, retrying (2147483601 attempts left). Error: NOT_ENOUGH_REPLICAS
2026-09-04T13:56:13.587+05:00  WARN 1414027 --- [a1-observability] [lity-producer-1] o.a.k.clients.producer.internals.Sender  : [Producer clientId=a1-observability-producer-1] Got error produce response with correlation id 970 on topic-partition bank.a1.transaction.events-0, retrying (2147483600 attempts left). Error: NOT_ENOUGH_REPLICAS
2026-09-04T13:56:13.588+05:00  WARN 1414027 --- [a1-observability] [lity-producer-1] o.a.k.clients.producer.internals.Sender  : [Producer clientId=a1-observability-producer-1] Got error produce response with correlation id 970 on topic-partition bank.a1.transaction.events-4, retrying (2147483600 attempts left). Error: NOT_ENOUGH_REPLICAS
2026-09-04T13:56:13.590+05:00  WARN 1414027 --- [a1-observability] [lity-producer-1] o.a.k.clients.producer.internals.Sender  : [Producer clientId=a1-observability-producer-1] Got error produce response with correlation id 970 on topic-partition bank.a1.transaction.events-5, retrying (2147483601 attempts left). Error: NOT_ENOUGH_REPLICAS
2026-09-04T13:56:13.707+05:00  WARN 1414027 --- [a1-observability] [lity-producer-1] o.a.k.clients.producer.internals.Sender  : [Producer clientId=a1-observability-producer-1] Got error produce response with correlation id 971 on topic-partition bank.a1.transaction.events-2, retrying (2147483600 attempts left). Error: NOT_ENOUGH_REPLICAS
2026-09-04T13:56:13.875+05:00  WARN 1414027 --- [a1-observability] [lity-producer-1] o.a.k.clients.producer.internals.Sender  : [Producer clientId=a1-observability-producer-1] Got error produce response with correlation id 972 on topic-partition bank.a1.transaction.events-1, retrying (2147483600 attempts left). Error: NOT_ENOUGH_REPLICAS
2026-09-04T13:56:14.514+05:00  WARN 1414027 --- [a1-observability] [lity-producer-1] o.a.k.clients.producer.internals.Sender  : [Producer clientId=a1-observability-producer-1] Got error produce response with correlation id 973 on topic-partition bank.a1.transaction.events-0, retrying (2147483599 attempts left). Error: NOT_ENOUGH_REPLICAS
2026-09-04T13:56:14.514+05:00  WARN 1414027 --- [a1-observability] [lity-producer-1] o.a.k.clients.producer.internals.Sender  : [Producer clientId=a1-observability-producer-1] Got error produce response with correlation id 974 on topic-partition bank.a1.transaction.events-4, retrying (2147483599 attempts left). Error: NOT_ENOUGH_REPLICAS
2026-09-04T13:56:14.515+05:00  WARN 1414027 --- [a1-observability] [lity-producer-1] o.a.k.clients.producer.internals.Sender  : [Producer clientId=a1-observability-producer-1] Got error produce response with correlation id 975 on topic-partition bank.a1.transaction.events-5, retrying (2147483600 attempts left). Error: NOT_ENOUGH_REPLICAS
2026-09-04T13:56:14.708+05:00  WARN 1414027 --- [a1-observability] [lity-producer-1] o.a.k.clients.producer.internals.Sender  : [Producer clientId=a1-observability-producer-1] Got error produce response with correlation id 976 on topic-partition bank.a1.transaction.events-2, retrying (2147483599 attempts left). Error: NOT_ENOUGH_REPLICAS
2026-09-04T13:56:14.876+05:00  WARN 1414027 --- [a1-observability] [lity-producer-1] o.a.k.clients.producer.internals.Sender  : [Producer clientId=a1-observability-producer-1] Got error produce response with correlation id 977 on topic-partition bank.a1.transaction.events-1, retrying (2147483599 attempts left). Error: NOT_ENOUGH_REPLICAS
2026-09-04T13:56:15.514+05:00  WARN 1414027 --- [a1-observability] [lity-producer-1] o.a.k.clients.producer.internals.Sender  : [Producer clientId=a1-observability-producer-1] Got error produce response with correlation id 978 on topic-partition bank.a1.transaction.events-0, retrying (2147483598 attempts left). Error: NOT_ENOUGH_REPLICAS
2026-09-04T13:56:15.515+05:00  WARN 1414027 --- [a1-observability] [lity-producer-1] o.a.k.clients.producer.internals.Sender  : [Producer clientId=a1-observability-producer-1] Got error produce response with correlation id 978 on topic-partition bank.a1.transaction.events-5, retrying (2147483599 attempts left). Error: NOT_ENOUGH_REPLICAS
2026-09-04T13:56:15.516+05:00  WARN 1414027 --- [a1-observability] [lity-producer-1] o.a.k.clients.producer.internals.Sender  : [Producer clientId=a1-observability-producer-1] Got error produce response with correlation id 979 on topic-partition bank.a1.transaction.events-4, retrying (2147483598 attempts left). Error: NOT_ENOUGH_REPLICAS
2026-09-04T13:56:15.709+05:00  WARN 1414027 --- [a1-observability] [lity-producer-1] o.a.k.clients.producer.internals.Sender  : [Producer clientId=a1-observability-producer-1] Got error produce response with correlation id 980 on topic-partition bank.a1.transaction.events-2, retrying (2147483598 attempts left). Error: NOT_ENOUGH_REPLICAS
2026-09-04T13:56:15.847+05:00  WARN 1414027 --- [a1-observability] [lity-producer-1] o.a.k.clients.producer.internals.Sender  : [Producer clientId=a1-observability-producer-1] Got error produce response with correlation id 981 on topic-partition bank.a1.transaction.events-1, retrying (2147483598 attempts left). Error: NOT_ENOUGH_REPLICAS
2026-09-04T13:56:16.516+05:00  WARN 1414027 --- [a1-observability] [lity-producer-1] o.a.k.clients.producer.internals.Sender  : [Producer clientId=a1-observability-producer-1] Got error produce response with correlation id 982 on topic-partition bank.a1.transaction.events-0, retrying (2147483597 attempts left). Error: NOT_ENOUGH_REPLICAS
2026-09-04T13:56:16.516+05:00  WARN 1414027 --- [a1-observability] [lity-producer-1] o.a.k.clients.producer.internals.Sender  : [Producer clientId=a1-observability-producer-1] Got error produce response with correlation id 982 on topic-partition bank.a1.transaction.events-5, retrying (2147483598 attempts left). Error: NOT_ENOUGH_REPLICAS
2026-09-04T13:56:16.518+05:00  WARN 1414027 --- [a1-observability] [lity-producer-1] o.a.k.clients.producer.internals.Sender  : [Producer clientId=a1-observability-producer-1] Got error produce response with correlation id 983 on topic-partition bank.a1.transaction.events-4, retrying (2147483597 attempts left). Error: NOT_ENOUGH_REPLICAS
2026-09-04T13:56:16.709+05:00  WARN 1414027 --- [a1-observability] [lity-producer-1] o.a.k.clients.producer.internals.Sender  : [Producer clientId=a1-observability-producer-1] Got error produce response with correlation id 984 on topic-partition bank.a1.transaction.events-1, retrying (2147483597 attempts left). Error: NOT_ENOUGH_REPLICAS
2026-09-04T13:56:16.710+05:00  WARN 1414027 --- [a1-observability] [lity-producer-1] o.a.k.clients.producer.internals.Sender  : [Producer clientId=a1-observability-producer-1] Got error produce response with correlation id 984 on topic-partition bank.a1.transaction.events-2, retrying (2147483597 attempts left). Error: NOT_ENOUGH_REPLICAS
2026-09-04T13:56:17.478+05:00  WARN 1414027 --- [a1-observability] [lity-producer-1] o.a.k.clients.producer.internals.Sender  : [Producer clientId=a1-observability-producer-1] Got error produce response with correlation id 985 on topic-partition bank.a1.transaction.events-0, retrying (2147483596 attempts left). Error: NOT_ENOUGH_REPLICAS
2026-09-04T13:56:17.478+05:00  WARN 1414027 --- [a1-observability] [lity-producer-1] o.a.k.clients.producer.internals.Sender  : [Producer clientId=a1-observability-producer-1] Got error produce response with correlation id 985 on topic-partition bank.a1.transaction.events-4, retrying (2147483596 attempts left). Error: NOT_ENOUGH_REPLICAS
2026-09-04T13:56:17.479+05:00  WARN 1414027 --- [a1-observability] [lity-producer-1] o.a.k.clients.producer.internals.Sender  : [Producer clientId=a1-observability-producer-1] Got error produce response with correlation id 986 on topic-partition bank.a1.transaction.events-5, retrying (2147483597 attempts left). Error: NOT_ENOUGH_REPLICAS
2026-09-04T13:56:17.695+05:00  WARN 1414027 --- [a1-observability] [lity-producer-1] o.a.k.clients.producer.internals.Sender  : [Producer clientId=a1-observability-producer-1] Got error produce response with correlation id 987 on topic-partition bank.a1.transaction.events-1, retrying (2147483596 attempts left). Error: NOT_ENOUGH_REPLICAS
2026-09-04T13:56:17.696+05:00  WARN 1414027 --- [a1-observability] [lity-producer-1] o.a.k.clients.producer.internals.Sender  : [Producer clientId=a1-observability-producer-1] Got error produce response with correlation id 988 on topic-partition bank.a1.transaction.events-2, retrying (2147483596 attempts left). Error: NOT_ENOUGH_REPLICAS
2026-09-04T13:56:18.402+05:00  WARN 1414027 --- [a1-observability] [lity-producer-1] o.a.k.clients.producer.internals.Sender  : [Producer clientId=a1-observability-producer-1] Got error produce response with correlation id 989 on topic-partition bank.a1.transaction.events-0, retrying (2147483595 attempts left). Error: NOT_ENOUGH_REPLICAS
2026-09-04T13:56:18.403+05:00  WARN 1414027 --- [a1-observability] [lity-producer-1] o.a.k.clients.producer.internals.Sender  : [Producer clientId=a1-observability-producer-1] Got error produce response with correlation id 989 on topic-partition bank.a1.transaction.events-4, retrying (2147483595 attempts left). Error: NOT_ENOUGH_REPLICAS
2026-09-04T13:56:18.475+05:00  WARN 1414027 --- [a1-observability] [lity-producer-1] o.a.k.clients.producer.internals.Sender  : [Producer clientId=a1-observability-producer-1] Got error produce response with correlation id 990 on topic-partition bank.a1.transaction.events-5, retrying (2147483596 attempts left). Error: NOT_ENOUGH_REPLICAS
2026-09-04T13:56:18.623+05:00  WARN 1414027 --- [a1-observability] [lity-producer-1] o.a.k.clients.producer.internals.Sender  : [Producer clientId=a1-observability-producer-1] Got error produce response with correlation id 991 on topic-partition bank.a1.transaction.events-1, retrying (2147483595 attempts left). Error: NOT_ENOUGH_REPLICAS
2026-09-04T13:56:18.624+05:00  WARN 1414027 --- [a1-observability] [lity-producer-1] o.a.k.clients.producer.internals.Sender  : [Producer clientId=a1-observability-producer-1] Got error produce response with correlation id 991 on topic-partition bank.a1.transaction.events-2, retrying (2147483595 attempts left). Error: NOT_ENOUGH_REPLICAS
2026-09-04T13:56:19.373+05:00  WARN 1414027 --- [a1-observability] [lity-producer-1] o.a.k.clients.producer.internals.Sender  : [Producer clientId=a1-observability-producer-1] Got error produce response with correlation id 992 on topic-partition bank.a1.transaction.events-0, retrying (2147483594 attempts left). Error: NOT_ENOUGH_REPLICAS
2026-09-04T13:56:19.373+05:00  WARN 1414027 --- [a1-observability] [lity-producer-1] o.a.k.clients.producer.internals.Sender  : [Producer clientId=a1-observability-producer-1] Got error produce response with correlation id 993 on topic-partition bank.a1.transaction.events-4, retrying (2147483594 attempts left). Error: NOT_ENOUGH_REPLICAS
2026-09-04T13:56:19.475+05:00  WARN 1414027 --- [a1-observability] [lity-producer-1] o.a.k.clients.producer.internals.Sender  : [Producer clientId=a1-observability-producer-1] Got error produce response with correlation id 994 on topic-partition bank.a1.transaction.events-5, retrying (2147483595 attempts left). Error: NOT_ENOUGH_REPLICAS
2026-09-04T13:56:19.476+05:00  WARN 1414027 --- [a1-observability] [lity-producer-1] o.a.k.clients.producer.internals.Sender  : [Producer clientId=a1-observability-producer-1] Got error produce response with correlation id 995 on topic-partition bank.a1.transaction.events-1, retrying (2147483594 attempts left). Error: NOT_ENOUGH_REPLICAS
2026-09-04T13:56:19.624+05:00  WARN 1414027 --- [a1-observability] [lity-producer-1] o.a.k.clients.producer.internals.Sender  : [Producer clientId=a1-observability-producer-1] Got error produce response with correlation id 996 on topic-partition bank.a1.transaction.events-2, retrying (2147483594 attempts left). Error: NOT_ENOUGH_REPLICAS
2026-09-04T13:56:20.269+05:00  WARN 1414027 --- [a1-observability] [lity-producer-1] o.a.k.clients.producer.internals.Sender  : [Producer clientId=a1-observability-producer-1] Got error produce response with correlation id 997 on topic-partition bank.a1.transaction.events-4, retrying (2147483593 attempts left). Error: NOT_ENOUGH_REPLICAS
2026-09-04T13:56:20.355+05:00  WARN 1414027 --- [a1-observability] [lity-producer-1] o.a.k.clients.producer.internals.Sender  : [Producer clientId=a1-observability-producer-1] Got error produce response with correlation id 998 on topic-partition bank.a1.transaction.events-0, retrying (2147483593 attempts left). Error: NOT_ENOUGH_REPLICAS
2026-09-04T13:56:20.355+05:00  WARN 1414027 --- [a1-observability] [lity-producer-1] o.a.k.clients.producer.internals.Sender  : [Producer clientId=a1-observability-producer-1] Got error produce response with correlation id 998 on topic-partition bank.a1.transaction.events-5, retrying (2147483594 attempts left). Error: NOT_ENOUGH_REPLICAS
2026-09-04T13:56:20.477+05:00  WARN 1414027 --- [a1-observability] [lity-producer-1] o.a.k.clients.producer.internals.Sender  : [Producer clientId=a1-observability-producer-1] Got error produce response with correlation id 999 on topic-partition bank.a1.transaction.events-1, retrying (2147483593 attempts left). Error: NOT_ENOUGH_REPLICAS
2026-09-04T13:56:20.625+05:00  WARN 1414027 --- [a1-observability] [lity-producer-1] o.a.k.clients.producer.internals.Sender  : [Producer clientId=a1-observability-producer-1] Got error produce response with correlation id 1000 on topic-partition bank.a1.transaction.events-2, retrying (2147483593 attempts left). Error: NOT_ENOUGH_REPLICAS
2026-09-04T13:56:21.270+05:00  WARN 1414027 --- [a1-observability] [lity-producer-1] o.a.k.clients.producer.internals.Sender  : [Producer clientId=a1-observability-producer-1] Got error produce response with correlation id 1001 on topic-partition bank.a1.transaction.events-0, retrying (2147483592 attempts left). Error: NOT_ENOUGH_REPLICAS
2026-09-04T13:56:21.271+05:00  WARN 1414027 --- [a1-observability] [lity-producer-1] o.a.k.clients.producer.internals.Sender  : [Producer clientId=a1-observability-producer-1] Got error produce response with correlation id 1001 on topic-partition bank.a1.transaction.events-4, retrying (2147483592 attempts left). Error: NOT_ENOUGH_REPLICAS
2026-09-04T13:56:21.332+05:00  WARN 1414027 --- [a1-observability] [lity-producer-1] o.a.k.clients.producer.internals.Sender  : [Producer clientId=a1-observability-producer-1] Got error produce response with correlation id 1002 on topic-partition bank.a1.transaction.events-1, retrying (2147483592 attempts left). Error: NOT_ENOUGH_REPLICAS
2026-09-04T13:56:21.333+05:00  WARN 1414027 --- [a1-observability] [lity-producer-1] o.a.k.clients.producer.internals.Sender  : [Producer clientId=a1-observability-producer-1] Got error produce response with correlation id 1002 on topic-partition bank.a1.transaction.events-5, retrying (2147483593 attempts left). Error: NOT_ENOUGH_REPLICAS
2026-09-04T13:56:21.626+05:00  WARN 1414027 --- [a1-observability] [lity-producer-1] o.a.k.clients.producer.internals.Sender  : [Producer clientId=a1-observability-producer-1] Got error produce response with correlation id 1003 on topic-partition bank.a1.transaction.events-2, retrying (2147483592 attempts left). Error: NOT_ENOUGH_REPLICAS
2026-09-04T13:56:22.176+05:00  WARN 1414027 --- [a1-observability] [lity-producer-1] o.a.k.clients.producer.internals.Sender  : [Producer clientId=a1-observability-producer-1] Got error produce response with correlation id 1004 on topic-partition bank.a1.transaction.events-4, retrying (2147483591 attempts left). Error: NOT_ENOUGH_REPLICAS
2026-09-04T13:56:22.213+05:00  WARN 1414027 --- [a1-observability] [lity-producer-1] o.a.k.clients.producer.internals.Sender  : [Producer clientId=a1-observability-producer-1] Got error produce response with correlation id 1005 on topic-partition bank.a1.transaction.events-5, retrying (2147483592 attempts left). Error: NOT_ENOUGH_REPLICAS
2026-09-04T13:56:22.271+05:00  WARN 1414027 --- [a1-observability] [lity-producer-1] o.a.k.clients.producer.internals.Sender  : [Producer clientId=a1-observability-producer-1] Got error produce response with correlation id 1006 on topic-partition bank.a1.transaction.events-0, retrying (2147483591 attempts left). Error: NOT_ENOUGH_REPLICAS
2026-09-04T13:56:22.272+05:00  WARN 1414027 --- [a1-observability] [lity-producer-1] o.a.k.clients.producer.internals.Sender  : [Producer clientId=a1-observability-producer-1] Got error produce response with correlation id 1007 on topic-partition bank.a1.transaction.events-1, retrying (2147483591 attempts left). Error: NOT_ENOUGH_REPLICAS
2026-09-04T13:56:22.626+05:00  WARN 1414027 --- [a1-observability] [lity-producer-1] o.a.k.clients.producer.internals.Sender  : [Producer clientId=a1-observability-producer-1] Got error produce response with correlation id 1008 on topic-partition bank.a1.transaction.events-2, retrying (2147483591 attempts left). Error: NOT_ENOUGH_REPLICAS
2026-09-04T13:56:23.157+05:00  WARN 1414027 --- [a1-observability] [lity-producer-1] o.a.k.clients.producer.internals.Sender  : [Producer clientId=a1-observability-producer-1] Got error produce response with correlation id 1009 on topic-partition bank.a1.transaction.events-1, retrying (2147483590 attempts left). Error: NOT_ENOUGH_REPLICAS
2026-09-04T13:56:23.157+05:00  WARN 1414027 --- [a1-observability] [lity-producer-1] o.a.k.clients.producer.internals.Sender  : [Producer clientId=a1-observability-producer-1] Got error produce response with correlation id 1009 on topic-partition bank.a1.transaction.events-5, retrying (2147483591 attempts left). Error: NOT_ENOUGH_REPLICAS
2026-09-04T13:56:23.177+05:00  WARN 1414027 --- [a1-observability] [lity-producer-1] o.a.k.clients.producer.internals.Sender  : [Producer clientId=a1-observability-producer-1] Got error produce response with correlation id 1010 on topic-partition bank.a1.transaction.events-0, retrying (2147483590 attempts left). Error: NOT_ENOUGH_REPLICAS
2026-09-04T13:56:23.177+05:00  WARN 1414027 --- [a1-observability] [lity-producer-1] o.a.k.clients.producer.internals.Sender  : [Producer clientId=a1-observability-producer-1] Got error produce response with correlation id 1010 on topic-partition bank.a1.transaction.events-4, retrying (2147483590 attempts left). Error: NOT_ENOUGH_REPLICAS
2026-09-04T13:56:23.626+05:00  WARN 1414027 --- [a1-observability] [lity-producer-1] o.a.k.clients.producer.internals.Sender  : [Producer clientId=a1-observability-producer-1] Got error produce response with correlation id 1011 on topic-partition bank.a1.transaction.events-2, retrying (2147483590 attempts left). Error: NOT_ENOUGH_REPLICAS
2026-09-04T13:56:24.036+05:00  WARN 1414027 --- [a1-observability] [lity-producer-1] o.a.k.clients.producer.internals.Sender  : [Producer clientId=a1-observability-producer-1] Got error produce response with correlation id 1012 on topic-partition bank.a1.transaction.events-0, retrying (2147483589 attempts left). Error: NOT_ENOUGH_REPLICAS
2026-09-04T13:56:24.037+05:00  WARN 1414027 --- [a1-observability] [lity-producer-1] o.a.k.clients.producer.internals.Sender  : [Producer clientId=a1-observability-producer-1] Got error produce response with correlation id 1013 on topic-partition bank.a1.transaction.events-1, retrying (2147483589 attempts left). Error: NOT_ENOUGH_REPLICAS
2026-09-04T13:56:24.158+05:00  WARN 1414027 --- [a1-observability] [lity-producer-1] o.a.k.clients.producer.internals.Sender  : [Producer clientId=a1-observability-producer-1] Got error produce response with correlation id 1014 on topic-partition bank.a1.transaction.events-4, retrying (2147483589 attempts left). Error: NOT_ENOUGH_REPLICAS
2026-09-04T13:56:24.159+05:00  WARN 1414027 --- [a1-observability] [lity-producer-1] o.a.k.clients.producer.internals.Sender  : [Producer clientId=a1-observability-producer-1] Got error produce response with correlation id 1014 on topic-partition bank.a1.transaction.events-5, retrying (2147483590 attempts left). Error: NOT_ENOUGH_REPLICAS
2026-09-04T13:56:24.627+05:00  WARN 1414027 --- [a1-observability] [lity-producer-1] o.a.k.clients.producer.internals.Sender  : [Producer clientId=a1-observability-producer-1] Got error produce response with correlation id 1015 on topic-partition bank.a1.transaction.events-2, retrying (2147483589 attempts left). Error: NOT_ENOUGH_REPLICAS
2026-09-04T13:56:25.001+05:00  WARN 1414027 --- [a1-observability] [lity-producer-1] o.a.k.clients.producer.internals.Sender  : [Producer clientId=a1-observability-producer-1] Got error produce response with correlation id 1016 on topic-partition bank.a1.transaction.events-0, retrying (2147483588 attempts left). Error: NOT_ENOUGH_REPLICAS
2026-09-04T13:56:25.002+05:00  WARN 1414027 --- [a1-observability] [lity-producer-1] o.a.k.clients.producer.internals.Sender  : [Producer clientId=a1-observability-producer-1] Got error produce response with correlation id 1016 on topic-partition bank.a1.transaction.events-1, retrying (2147483588 attempts left). Error: NOT_ENOUGH_REPLICAS
2026-09-04T13:56:25.004+05:00  WARN 1414027 --- [a1-observability] [lity-producer-1] o.a.k.clients.producer.internals.Sender  : [Producer clientId=a1-observability-producer-1] Got error produce response with correlation id 1017 on topic-partition bank.a1.transaction.events-5, retrying (2147483589 attempts left). Error: NOT_ENOUGH_REPLICAS
2026-09-04T13:56:25.159+05:00  WARN 1414027 --- [a1-observability] [lity-producer-1] o.a.k.clients.producer.internals.Sender  : [Producer clientId=a1-observability-producer-1] Got error produce response with correlation id 1018 on topic-partition bank.a1.transaction.events-4, retrying (2147483588 attempts left). Error: NOT_ENOUGH_REPLICAS
2026-09-04T13:56:25.628+05:00  WARN 1414027 --- [a1-observability] [lity-producer-1] o.a.k.clients.producer.internals.Sender  : [Producer clientId=a1-observability-producer-1] Got error produce response with correlation id 1019 on topic-partition bank.a1.transaction.events-2, retrying (2147483588 attempts left). Error: NOT_ENOUGH_REPLICAS
2026-09-04T13:56:25.932+05:00  WARN 1414027 --- [a1-observability] [lity-producer-1] o.a.k.clients.producer.internals.Sender  : [Producer clientId=a1-observability-producer-1] Got error produce response with correlation id 1020 on topic-partition bank.a1.transaction.events-1, retrying (2147483587 attempts left). Error: NOT_ENOUGH_REPLICAS
2026-09-04T13:56:25.933+05:00  WARN 1414027 --- [a1-observability] [lity-producer-1] o.a.k.clients.producer.internals.Sender  : [Producer clientId=a1-observability-producer-1] Got error produce response with correlation id 1021 on topic-partition bank.a1.transaction.events-0, retrying (2147483587 attempts left). Error: NOT_ENOUGH_REPLICAS
2026-09-04T13:56:25.933+05:00  WARN 1414027 --- [a1-observability] [lity-producer-1] o.a.k.clients.producer.internals.Sender  : [Producer clientId=a1-observability-producer-1] Got error produce response with correlation id 1022 on topic-partition bank.a1.transaction.events-5, retrying (2147483588 attempts left). Error: NOT_ENOUGH_REPLICAS
2026-09-04T13:56:26.160+05:00  WARN 1414027 --- [a1-observability] [lity-producer-1] o.a.k.clients.producer.internals.Sender  : [Producer clientId=a1-observability-producer-1] Got error produce response with correlation id 1023 on topic-partition bank.a1.transaction.events-4, retrying (2147483587 attempts left). Error: NOT_ENOUGH_REPLICAS
2026-09-04T13:56:26.629+05:00  WARN 1414027 --- [a1-observability] [lity-producer-1] o.a.k.clients.producer.internals.Sender  : [Producer clientId=a1-observability-producer-1] Got error produce response with correlation id 1024 on topic-partition bank.a1.transaction.events-2, retrying (2147483587 attempts left). Error: NOT_ENOUGH_REPLICAS
2026-09-04T13:56:26.926+05:00  WARN 1414027 --- [a1-observability] [lity-producer-1] o.a.k.clients.producer.internals.Sender  : [Producer clientId=a1-observability-producer-1] Got error produce response with correlation id 1025 on topic-partition bank.a1.transaction.events-1, retrying (2147483586 attempts left). Error: NOT_ENOUGH_REPLICAS
2026-09-04T13:56:26.927+05:00  WARN 1414027 --- [a1-observability] [lity-producer-1] o.a.k.clients.producer.internals.Sender  : [Producer clientId=a1-observability-producer-1] Got error produce response with correlation id 1026 on topic-partition bank.a1.transaction.events-5, retrying (2147483587 attempts left). Error: NOT_ENOUGH_REPLICAS
2026-09-04T13:56:26.934+05:00  WARN 1414027 --- [a1-observability] [lity-producer-1] o.a.k.clients.producer.internals.Sender  : [Producer clientId=a1-observability-producer-1] Got error produce response with correlation id 1027 on topic-partition bank.a1.transaction.events-0, retrying (2147483586 attempts left). Error: NOT_ENOUGH_REPLICAS
2026-09-04T13:56:27.162+05:00  WARN 1414027 --- [a1-observability] [lity-producer-1] o.a.k.clients.producer.internals.Sender  : [Producer clientId=a1-observability-producer-1] Got error produce response with correlation id 1028 on topic-partition bank.a1.transaction.events-4, retrying (2147483586 attempts left). Error: NOT_ENOUGH_REPLICAS
2026-09-04T13:56:27.630+05:00  WARN 1414027 --- [a1-observability] [lity-producer-1] o.a.k.clients.producer.internals.Sender  : [Producer clientId=a1-observability-producer-1] Got error produce response with correlation id 1029 on topic-partition bank.a1.transaction.events-2, retrying (2147483586 attempts left). Error: NOT_ENOUGH_REPLICAS
2026-09-04T13:56:27.786+05:00  WARN 1414027 --- [a1-observability] [lity-producer-1] o.a.k.clients.producer.internals.Sender  : [Producer clientId=a1-observability-producer-1] Got error produce response with correlation id 1030 on topic-partition bank.a1.transaction.events-5, retrying (2147483586 attempts left). Error: NOT_ENOUGH_REPLICAS
2026-09-04T13:56:27.787+05:00  WARN 1414027 --- [a1-observability] [lity-producer-1] o.a.k.clients.producer.internals.Sender  : [Producer clientId=a1-observability-producer-1] Got error produce response with correlation id 1031 on topic-partition bank.a1.transaction.events-0, retrying (2147483585 attempts left). Error: NOT_ENOUGH_REPLICAS
2026-09-04T13:56:27.788+05:00  WARN 1414027 --- [a1-observability] [lity-producer-1] o.a.k.clients.producer.internals.Sender  : [Producer clientId=a1-observability-producer-1] Got error produce response with correlation id 1031 on topic-partition bank.a1.transaction.events-1, retrying (2147483585 attempts left). Error: NOT_ENOUGH_REPLICAS
2026-09-04T13:56:28.163+05:00  WARN 1414027 --- [a1-observability] [lity-producer-1] o.a.k.clients.producer.internals.Sender  : [Producer clientId=a1-observability-producer-1] Got error produce response with correlation id 1032 on topic-partition bank.a1.transaction.events-4, retrying (2147483585 attempts left). Error: NOT_ENOUGH_REPLICAS
2026-09-04T13:56:28.593+05:00  WARN 1414027 --- [a1-observability] [lity-producer-1] o.a.k.clients.producer.internals.Sender  : [Producer clientId=a1-observability-producer-1] Got error produce response with correlation id 1033 on topic-partition bank.a1.transaction.events-2, retrying (2147483585 attempts left). Error: NOT_ENOUGH_REPLICAS
2026-09-04T13:56:28.708+05:00  WARN 1414027 --- [a1-observability] [lity-producer-1] o.a.k.clients.producer.internals.Sender  : [Producer clientId=a1-observability-producer-1] Got error produce response with correlation id 1034 on topic-partition bank.a1.transaction.events-1, retrying (2147483584 attempts left). Error: NOT_ENOUGH_REPLICAS
2026-09-04T13:56:28.708+05:00  WARN 1414027 --- [a1-observability] [lity-producer-1] o.a.k.clients.producer.internals.Sender  : [Producer clientId=a1-observability-producer-1] Got error produce response with correlation id 1034 on topic-partition bank.a1.transaction.events-5, retrying (2147483585 attempts left). Error: NOT_ENOUGH_REPLICAS
2026-09-04T13:56:28.788+05:00  WARN 1414027 --- [a1-observability] [lity-producer-1] o.a.k.clients.producer.internals.Sender  : [Producer clientId=a1-observability-producer-1] Got error produce response with correlation id 1035 on topic-partition bank.a1.transaction.events-0, retrying (2147483584 attempts left). Error: NOT_ENOUGH_REPLICAS
2026-09-04T13:56:29.164+05:00  WARN 1414027 --- [a1-observability] [lity-producer-1] o.a.k.clients.producer.internals.Sender  : [Producer clientId=a1-observability-producer-1] Got error produce response with correlation id 1036 on topic-partition bank.a1.transaction.events-4, retrying (2147483584 attempts left). Error: NOT_ENOUGH_REPLICAS
2026-09-04T13:56:29.594+05:00  WARN 1414027 --- [a1-observability] [lity-producer-1] o.a.k.clients.producer.internals.Sender  : [Producer clientId=a1-observability-producer-1] Got error produce response with correlation id 1037 on topic-partition bank.a1.transaction.events-2, retrying (2147483584 attempts left). Error: NOT_ENOUGH_REPLICAS
2026-09-04T13:56:29.709+05:00  WARN 1414027 --- [a1-observability] [lity-producer-1] o.a.k.clients.producer.internals.Sender  : [Producer clientId=a1-observability-producer-1] Got error produce response with correlation id 1038 on topic-partition bank.a1.transaction.events-1, retrying (2147483583 attempts left). Error: NOT_ENOUGH_REPLICAS
2026-09-04T13:56:29.710+05:00  WARN 1414027 --- [a1-observability] [lity-producer-1] o.a.k.clients.producer.internals.Sender  : [Producer clientId=a1-observability-producer-1] Got error produce response with correlation id 1038 on topic-partition bank.a1.transaction.events-5, retrying (2147483584 attempts left). Error: NOT_ENOUGH_REPLICAS
2026-09-04T13:56:29.789+05:00  WARN 1414027 --- [a1-observability] [lity-producer-1] o.a.k.clients.producer.internals.Sender  : [Producer clientId=a1-observability-producer-1] Got error produce response with correlation id 1039 on topic-partition bank.a1.transaction.events-0, retrying (2147483583 attempts left). Error: NOT_ENOUGH_REPLICAS
2026-09-04T13:56:30.164+05:00  WARN 1414027 --- [a1-observability] [lity-producer-1] o.a.k.clients.producer.internals.Sender  : [Producer clientId=a1-observability-producer-1] Got error produce response with correlation id 1040 on topic-partition bank.a1.transaction.events-4, retrying (2147483583 attempts left). Error: NOT_ENOUGH_REPLICAS
2026-09-04T13:56:30.595+05:00  WARN 1414027 --- [a1-observability] [lity-producer-1] o.a.k.clients.producer.internals.Sender  : [Producer clientId=a1-observability-producer-1] Got error produce response with correlation id 1041 on topic-partition bank.a1.transaction.events-1, retrying (2147483582 attempts left). Error: NOT_ENOUGH_REPLICAS
2026-09-04T13:56:30.596+05:00  WARN 1414027 --- [a1-observability] [lity-producer-1] o.a.k.clients.producer.internals.Sender  : [Producer clientId=a1-observability-producer-1] Got error produce response with correlation id 1041 on topic-partition bank.a1.transaction.events-2, retrying (2147483583 attempts left). Error: NOT_ENOUGH_REPLICAS
2026-09-04T13:56:30.697+05:00  WARN 1414027 --- [a1-observability] [lity-producer-1] o.a.k.clients.producer.internals.Sender  : [Producer clientId=a1-observability-producer-1] Got error produce response with correlation id 1042 on topic-partition bank.a1.transaction.events-5, retrying (2147483583 attempts left). Error: NOT_ENOUGH_REPLICAS
2026-09-04T13:56:30.790+05:00  WARN 1414027 --- [a1-observability] [lity-producer-1] o.a.k.clients.producer.internals.Sender  : [Producer clientId=a1-observability-producer-1] Got error produce response with correlation id 1043 on topic-partition bank.a1.transaction.events-0, retrying (2147483582 attempts left). Error: NOT_ENOUGH_REPLICAS
2026-09-04T13:56:31.165+05:00  WARN 1414027 --- [a1-observability] [lity-producer-1] o.a.k.clients.producer.internals.Sender  : [Producer clientId=a1-observability-producer-1] Got error produce response with correlation id 1044 on topic-partition bank.a1.transaction.events-4, retrying (2147483582 attempts left). Error: NOT_ENOUGH_REPLICAS
2026-09-04T13:56:31.557+05:00  WARN 1414027 --- [a1-observability] [lity-producer-1] o.a.k.clients.producer.internals.Sender  : [Producer clientId=a1-observability-producer-1] Got error produce response with correlation id 1045 on topic-partition bank.a1.transaction.events-1, retrying (2147483581 attempts left). Error: NOT_ENOUGH_REPLICAS
2026-09-04T13:56:31.558+05:00  WARN 1414027 --- [a1-observability] [lity-producer-1] o.a.k.clients.producer.internals.Sender  : [Producer clientId=a1-observability-producer-1] Got error produce response with correlation id 1045 on topic-partition bank.a1.transaction.events-2, retrying (2147483582 attempts left). Error: NOT_ENOUGH_REPLICAS
2026-09-04T13:56:31.659+05:00  WARN 1414027 --- [a1-observability] [lity-producer-1] o.a.k.clients.producer.internals.Sender  : [Producer clientId=a1-observability-producer-1] Got error produce response with correlation id 1046 on topic-partition bank.a1.transaction.events-0, retrying (2147483581 attempts left). Error: NOT_ENOUGH_REPLICAS
2026-09-04T13:56:31.660+05:00  WARN 1414027 --- [a1-observability] [lity-producer-1] o.a.k.clients.producer.internals.Sender  : [Producer clientId=a1-observability-producer-1] Got error produce response with correlation id 1046 on topic-partition bank.a1.transaction.events-5, retrying (2147483582 attempts left). Error: NOT_ENOUGH_REPLICAS
2026-09-04T13:56:32.166+05:00  WARN 1414027 --- [a1-observability] [lity-producer-1] o.a.k.clients.producer.internals.Sender  : [Producer clientId=a1-observability-producer-1] Got error produce response with correlation id 1047 on topic-partition bank.a1.transaction.events-4, retrying (2147483581 attempts left). Error: NOT_ENOUGH_REPLICAS
2026-09-04T13:56:32.532+05:00  WARN 1414027 --- [a1-observability] [lity-producer-1] o.a.k.clients.producer.internals.Sender  : [Producer clientId=a1-observability-producer-1] Got error produce response with correlation id 1048 on topic-partition bank.a1.transaction.events-1, retrying (2147483580 attempts left). Error: NOT_ENOUGH_REPLICAS
2026-09-04T13:56:32.533+05:00  WARN 1414027 --- [a1-observability] [lity-producer-1] o.a.k.clients.producer.internals.Sender  : [Producer clientId=a1-observability-producer-1] Got error produce response with correlation id 1048 on topic-partition bank.a1.transaction.events-2, retrying (2147483581 attempts left). Error: NOT_ENOUGH_REPLICAS
2026-09-04T13:56:32.660+05:00  WARN 1414027 --- [a1-observability] [lity-producer-1] o.a.k.clients.producer.internals.Sender  : [Producer clientId=a1-observability-producer-1] Got error produce response with correlation id 1049 on topic-partition bank.a1.transaction.events-0, retrying (2147483580 attempts left). Error: NOT_ENOUGH_REPLICAS
2026-09-04T13:56:32.661+05:00  WARN 1414027 --- [a1-observability] [lity-producer-1] o.a.k.clients.producer.internals.Sender  : [Producer clientId=a1-observability-producer-1] Got error produce response with correlation id 1049 on topic-partition bank.a1.transaction.events-5, retrying (2147483581 attempts left). Error: NOT_ENOUGH_REPLICAS
2026-09-04T13:56:33.167+05:00  WARN 1414027 --- [a1-observability] [lity-producer-1] o.a.k.clients.producer.internals.Sender  : [Producer clientId=a1-observability-producer-1] Got error produce response with correlation id 1050 on topic-partition bank.a1.transaction.events-4, retrying (2147483580 attempts left). Error: NOT_ENOUGH_REPLICAS
2026-09-04T13:56:33.491+05:00  WARN 1414027 --- [a1-observability] [lity-producer-1] o.a.k.clients.producer.internals.Sender  : [Producer clientId=a1-observability-producer-1] Got error produce response with correlation id 1051 on topic-partition bank.a1.transaction.events-1, retrying (2147483579 attempts left). Error: NOT_ENOUGH_REPLICAS
2026-09-04T13:56:33.491+05:00  WARN 1414027 --- [a1-observability] [lity-producer-1] o.a.k.clients.producer.internals.Sender  : [Producer clientId=a1-observability-producer-1] Got error produce response with correlation id 1051 on topic-partition bank.a1.transaction.events-2, retrying (2147483580 attempts left). Error: NOT_ENOUGH_REPLICAS
2026-09-04T13:56:33.661+05:00  WARN 1414027 --- [a1-observability] [lity-producer-1] o.a.k.clients.producer.internals.Sender  : [Producer clientId=a1-observability-producer-1] Got error produce response with correlation id 1052 on topic-partition bank.a1.transaction.events-0, retrying (2147483579 attempts left). Error: NOT_ENOUGH_REPLICAS
2026-09-04T13:56:33.661+05:00  WARN 1414027 --- [a1-observability] [lity-producer-1] o.a.k.clients.producer.internals.Sender  : [Producer clientId=a1-observability-producer-1] Got error produce response with correlation id 1052 on topic-partition bank.a1.transaction.events-5, retrying (2147483580 attempts left). Error: NOT_ENOUGH_REPLICAS
2026-09-04T13:56:34.168+05:00  WARN 1414027 --- [a1-observability] [lity-producer-1] o.a.k.clients.producer.internals.Sender  : [Producer clientId=a1-observability-producer-1] Got error produce response with correlation id 1053 on topic-partition bank.a1.transaction.events-4, retrying (2147483579 attempts left). Error: NOT_ENOUGH_REPLICAS
2026-09-04T13:56:34.492+05:00  WARN 1414027 --- [a1-observability] [lity-producer-1] o.a.k.clients.producer.internals.Sender  : [Producer clientId=a1-observability-producer-1] Got error produce response with correlation id 1054 on topic-partition bank.a1.transaction.events-1, retrying (2147483578 attempts left). Error: NOT_ENOUGH_REPLICAS
2026-09-04T13:56:34.492+05:00  WARN 1414027 --- [a1-observability] [lity-producer-1] o.a.k.clients.producer.internals.Sender  : [Producer clientId=a1-observability-producer-1] Got error produce response with correlation id 1054 on topic-partition bank.a1.transaction.events-2, retrying (2147483579 attempts left). Error: NOT_ENOUGH_REPLICAS
2026-09-04T13:56:34.493+05:00  WARN 1414027 --- [a1-observability] [lity-producer-1] o.a.k.clients.producer.internals.Sender  : [Producer clientId=a1-observability-producer-1] Got error produce response with correlation id 1054 on topic-partition bank.a1.transaction.events-5, retrying (2147483579 attempts left). Error: NOT_ENOUGH_REPLICAS
2026-09-04T13:56:34.648+05:00  WARN 1414027 --- [a1-observability] [lity-producer-1] o.a.k.clients.producer.internals.Sender  : [Producer clientId=a1-observability-producer-1] Got error produce response with correlation id 1055 on topic-partition bank.a1.transaction.events-0, retrying (2147483578 attempts left). Error: NOT_ENOUGH_REPLICAS
2026-09-04T13:56:35.135+05:00  WARN 1414027 --- [a1-observability] [lity-producer-1] o.a.k.clients.producer.internals.Sender  : [Producer clientId=a1-observability-producer-1] Got error produce response with correlation id 1056 on topic-partition bank.a1.transaction.events-4, retrying (2147483578 attempts left). Error: NOT_ENOUGH_REPLICAS
2026-09-04T13:56:35.359+05:00  WARN 1414027 --- [a1-observability] [lity-producer-1] o.a.k.clients.producer.internals.Sender  : [Producer clientId=a1-observability-producer-1] Got error produce response with correlation id 1057 on topic-partition bank.a1.transaction.events-1, retrying (2147483577 attempts left). Error: NOT_ENOUGH_REPLICAS
2026-09-04T13:56:35.493+05:00  WARN 1414027 --- [a1-observability] [lity-producer-1] o.a.k.clients.producer.internals.Sender  : [Producer clientId=a1-observability-producer-1] Got error produce response with correlation id 1058 on topic-partition bank.a1.transaction.events-2, retrying (2147483578 attempts left). Error: NOT_ENOUGH_REPLICAS
2026-09-04T13:56:35.494+05:00  WARN 1414027 --- [a1-observability] [lity-producer-1] o.a.k.clients.producer.internals.Sender  : [Producer clientId=a1-observability-producer-1] Got error produce response with correlation id 1058 on topic-partition bank.a1.transaction.events-5, retrying (2147483578 attempts left). Error: NOT_ENOUGH_REPLICAS
2026-09-04T13:56:35.649+05:00  WARN 1414027 --- [a1-observability] [lity-producer-1] o.a.k.clients.producer.internals.Sender  : [Producer clientId=a1-observability-producer-1] Got error produce response with correlation id 1059 on topic-partition bank.a1.transaction.events-0, retrying (2147483577 attempts left). Error: NOT_ENOUGH_REPLICAS
2026-09-04T13:56:36.135+05:00  WARN 1414027 --- [a1-observability] [lity-producer-1] o.a.k.clients.producer.internals.Sender  : [Producer clientId=a1-observability-producer-1] Got error produce response with correlation id 1060 on topic-partition bank.a1.transaction.events-4, retrying (2147483577 attempts left). Error: NOT_ENOUGH_REPLICAS
2026-09-04T13:56:36.360+05:00  WARN 1414027 --- [a1-observability] [lity-producer-1] o.a.k.clients.producer.internals.Sender  : [Producer clientId=a1-observability-producer-1] Got error produce response with correlation id 1061 on topic-partition bank.a1.transaction.events-1, retrying (2147483576 attempts left). Error: NOT_ENOUGH_REPLICAS
2026-09-04T13:56:36.473+05:00  WARN 1414027 --- [a1-observability] [lity-producer-1] o.a.k.clients.producer.internals.Sender  : [Producer clientId=a1-observability-producer-1] Got error produce response with correlation id 1062 on topic-partition bank.a1.transaction.events-2, retrying (2147483577 attempts left). Error: NOT_ENOUGH_REPLICAS
2026-09-04T13:56:36.474+05:00  WARN 1414027 --- [a1-observability] [lity-producer-1] o.a.k.clients.producer.internals.Sender  : [Producer clientId=a1-observability-producer-1] Got error produce response with correlation id 1063 on topic-partition bank.a1.transaction.events-5, retrying (2147483577 attempts left). Error: NOT_ENOUGH_REPLICAS
2026-09-04T13:56:36.650+05:00  WARN 1414027 --- [a1-observability] [lity-producer-1] o.a.k.clients.producer.internals.Sender  : [Producer clientId=a1-observability-producer-1] Got error produce response with correlation id 1064 on topic-partition bank.a1.transaction.events-0, retrying (2147483576 attempts left). Error: NOT_ENOUGH_REPLICAS
2026-09-04T13:56:37.137+05:00  WARN 1414027 --- [a1-observability] [lity-producer-1] o.a.k.clients.producer.internals.Sender  : [Producer clientId=a1-observability-producer-1] Got error produce response with correlation id 1065 on topic-partition bank.a1.transaction.events-4, retrying (2147483576 attempts left). Error: NOT_ENOUGH_REPLICAS
2026-09-04T13:56:37.361+05:00  WARN 1414027 --- [a1-observability] [lity-producer-1] o.a.k.clients.producer.internals.Sender  : [Producer clientId=a1-observability-producer-1] Got error produce response with correlation id 1066 on topic-partition bank.a1.transaction.events-1, retrying (2147483575 attempts left). Error: NOT_ENOUGH_REPLICAS
2026-09-04T13:56:37.362+05:00  WARN 1414027 --- [a1-observability] [lity-producer-1] o.a.k.clients.producer.internals.Sender  : [Producer clientId=a1-observability-producer-1] Got error produce response with correlation id 1066 on topic-partition bank.a1.transaction.events-5, retrying (2147483576 attempts left). Error: NOT_ENOUGH_REPLICAS
2026-09-04T13:56:37.474+05:00  WARN 1414027 --- [a1-observability] [lity-producer-1] o.a.k.clients.producer.internals.Sender  : [Producer clientId=a1-observability-producer-1] Got error produce response with correlation id 1067 on topic-partition bank.a1.transaction.events-2, retrying (2147483576 attempts left). Error: NOT_ENOUGH_REPLICAS
2026-09-04T13:56:37.475+05:00  WARN 1414027 --- [a1-observability] [lity-producer-1] o.a.k.clients.producer.internals.Sender  : [Producer clientId=a1-observability-producer-1] Got error produce response with correlation id 1068 on topic-partition bank.a1.transaction.events-0, retrying (2147483575 attempts left). Error: NOT_ENOUGH_REPLICAS
2026-09-04T13:56:38.137+05:00  WARN 1414027 --- [a1-observability] [lity-producer-1] o.a.k.clients.producer.internals.Sender  : [Producer clientId=a1-observability-producer-1] Got error produce response with correlation id 1069 on topic-partition bank.a1.transaction.events-4, retrying (2147483575 attempts left). Error: NOT_ENOUGH_REPLICAS
2026-09-04T13:56:38.362+05:00  WARN 1414027 --- [a1-observability] [lity-producer-1] o.a.k.clients.producer.internals.Sender  : [Producer clientId=a1-observability-producer-1] Got error produce response with correlation id 1070 on topic-partition bank.a1.transaction.events-1, retrying (2147483574 attempts left). Error: NOT_ENOUGH_REPLICAS
2026-09-04T13:56:38.363+05:00  WARN 1414027 --- [a1-observability] [lity-producer-1] o.a.k.clients.producer.internals.Sender  : [Producer clientId=a1-observability-producer-1] Got error produce response with correlation id 1070 on topic-partition bank.a1.transaction.events-2, retrying (2147483575 attempts left). Error: NOT_ENOUGH_REPLICAS
2026-09-04T13:56:38.363+05:00  WARN 1414027 --- [a1-observability] [lity-producer-1] o.a.k.clients.producer.internals.Sender  : [Producer clientId=a1-observability-producer-1] Got error produce response with correlation id 1070 on topic-partition bank.a1.transaction.events-5, retrying (2147483575 attempts left). Error: NOT_ENOUGH_REPLICAS
2026-09-04T13:56:38.476+05:00  WARN 1414027 --- [a1-observability] [lity-producer-1] o.a.k.clients.producer.internals.Sender  : [Producer clientId=a1-observability-producer-1] Got error produce response with correlation id 1071 on topic-partition bank.a1.transaction.events-0, retrying (2147483574 attempts left). Error: NOT_ENOUGH_REPLICAS
2026-09-04T13:56:39.138+05:00  WARN 1414027 --- [a1-observability] [lity-producer-1] o.a.k.clients.producer.internals.Sender  : [Producer clientId=a1-observability-producer-1] Got error produce response with correlation id 1072 on topic-partition bank.a1.transaction.events-4, retrying (2147483574 attempts left). Error: NOT_ENOUGH_REPLICAS
2026-09-04T13:56:39.314+05:00  WARN 1414027 --- [a1-observability] [lity-producer-1] o.a.k.clients.producer.internals.Sender  : [Producer clientId=a1-observability-producer-1] Got error produce response with correlation id 1073 on topic-partition bank.a1.transaction.events-2, retrying (2147483574 attempts left). Error: NOT_ENOUGH_REPLICAS
2026-09-04T13:56:39.315+05:00  WARN 1414027 --- [a1-observability] [lity-producer-1] o.a.k.clients.producer.internals.Sender  : [Producer clientId=a1-observability-producer-1] Got error produce response with correlation id 1074 on topic-partition bank.a1.transaction.events-1, retrying (2147483573 attempts left). Error: NOT_ENOUGH_REPLICAS
2026-09-04T13:56:39.315+05:00  WARN 1414027 --- [a1-observability] [lity-producer-1] o.a.k.clients.producer.internals.Sender  : [Producer clientId=a1-observability-producer-1] Got error produce response with correlation id 1075 on topic-partition bank.a1.transaction.events-5, retrying (2147483574 attempts left). Error: NOT_ENOUGH_REPLICAS
2026-09-04T13:56:39.476+05:00  WARN 1414027 --- [a1-observability] [lity-producer-1] o.a.k.clients.producer.internals.Sender  : [Producer clientId=a1-observability-producer-1] Got error produce response with correlation id 1076 on topic-partition bank.a1.transaction.events-0, retrying (2147483573 attempts left). Error: NOT_ENOUGH_REPLICAS
2026-09-04T13:56:40.139+05:00  WARN 1414027 --- [a1-observability] [lity-producer-1] o.a.k.clients.producer.internals.Sender  : [Producer clientId=a1-observability-producer-1] Got error produce response with correlation id 1077 on topic-partition bank.a1.transaction.events-2, retrying (2147483573 attempts left). Error: NOT_ENOUGH_REPLICAS
2026-09-04T13:56:40.140+05:00  WARN 1414027 --- [a1-observability] [lity-producer-1] o.a.k.clients.producer.internals.Sender  : [Producer clientId=a1-observability-producer-1] Got error produce response with correlation id 1077 on topic-partition bank.a1.transaction.events-4, retrying (2147483573 attempts left). Error: NOT_ENOUGH_REPLICAS
2026-09-04T13:56:43.170+05:00  WARN 1414027 --- [a1-observability] [lity-producer-1] o.a.k.clients.producer.internals.Sender  : [Producer clientId=a1-observability-producer-1] Got error produce response with correlation id 1078 on topic-partition bank.a1.transaction.events-2, retrying (2147483572 attempts left). Error: NOT_ENOUGH_REPLICAS
2026-09-04T13:56:43.171+05:00  WARN 1414027 --- [a1-observability] [lity-producer-1] o.a.k.clients.producer.internals.Sender  : [Producer clientId=a1-observability-producer-1] Got error produce response with correlation id 1078 on topic-partition bank.a1.transaction.events-4, retrying (2147483572 attempts left). Error: NOT_ENOUGH_REPLICAS
2026-09-04T13:56:43.171+05:00  WARN 1414027 --- [a1-observability] [lity-producer-1] o.a.k.clients.producer.internals.Sender  : [Producer clientId=a1-observability-producer-1] Got error produce response with correlation id 1078 on topic-partition bank.a1.transaction.events-0, retrying (2147483572 attempts left). Error: NOT_ENOUGH_REPLICAS
2026-09-04T13:56:43.171+05:00  WARN 1414027 --- [a1-observability] [lity-producer-1] o.a.k.clients.producer.internals.Sender  : [Producer clientId=a1-observability-producer-1] Got error produce response with correlation id 1078 on topic-partition bank.a1.transaction.events-1, retrying (2147483572 attempts left). Error: NOT_ENOUGH_REPLICAS
2026-09-04T13:56:43.172+05:00  WARN 1414027 --- [a1-observability] [lity-producer-1] o.a.k.clients.producer.internals.Sender  : [Producer clientId=a1-observability-producer-1] Got error produce response with correlation id 1078 on topic-partition bank.a1.transaction.events-5, retrying (2147483573 attempts left). Error: NOT_ENOUGH_REPLICAS
2026-09-04T13:56:44.045+05:00  WARN 1414027 --- [a1-observability] [lity-producer-1] o.a.k.clients.producer.internals.Sender  : [Producer clientId=a1-observability-producer-1] Got error produce response with correlation id 1079 on topic-partition bank.a1.transaction.events-1, retrying (2147483571 attempts left). Error: NOT_ENOUGH_REPLICAS
2026-09-04T13:56:44.046+05:00  WARN 1414027 --- [a1-observability] [lity-producer-1] o.a.k.clients.producer.internals.Sender  : [Producer clientId=a1-observability-producer-1] Got error produce response with correlation id 1079 on topic-partition bank.a1.transaction.events-5, retrying (2147483572 attempts left). Error: NOT_ENOUGH_REPLICAS
2026-09-04T13:56:44.047+05:00  WARN 1414027 --- [a1-observability] [lity-producer-1] o.a.k.clients.producer.internals.Sender  : [Producer clientId=a1-observability-producer-1] Got error produce response with correlation id 1080 on topic-partition bank.a1.transaction.events-2, retrying (2147483571 attempts left). Error: NOT_ENOUGH_REPLICAS
2026-09-04T13:56:44.047+05:00  WARN 1414027 --- [a1-observability] [lity-producer-1] o.a.k.clients.producer.internals.Sender  : [Producer clientId=a1-observability-producer-1] Got error produce response with correlation id 1081 on topic-partition bank.a1.transaction.events-0, retrying (2147483571 attempts left). Error: NOT_ENOUGH_REPLICAS
2026-09-04T13:56:44.171+05:00  WARN 1414027 --- [a1-observability] [lity-producer-1] o.a.k.clients.producer.internals.Sender  : [Producer clientId=a1-observability-producer-1] Got error produce response with correlation id 1082 on topic-partition bank.a1.transaction.events-4, retrying (2147483571 attempts left). Error: NOT_ENOUGH_REPLICAS
2026-09-04T13:56:45.047+05:00  WARN 1414027 --- [a1-observability] [lity-producer-1] o.a.k.clients.producer.internals.Sender  : [Producer clientId=a1-observability-producer-1] Got error produce response with correlation id 1083 on topic-partition bank.a1.transaction.events-1, retrying (2147483570 attempts left). Error: NOT_ENOUGH_REPLICAS
2026-09-04T13:56:45.048+05:00  WARN 1414027 --- [a1-observability] [lity-producer-1] o.a.k.clients.producer.internals.Sender  : [Producer clientId=a1-observability-producer-1] Got error produce response with correlation id 1083 on topic-partition bank.a1.transaction.events-5, retrying (2147483571 attempts left). Error: NOT_ENOUGH_REPLICAS
2026-09-04T13:56:45.048+05:00  WARN 1414027 --- [a1-observability] [lity-producer-1] o.a.k.clients.producer.internals.Sender  : [Producer clientId=a1-observability-producer-1] Got error produce response with correlation id 1084 on topic-partition bank.a1.transaction.events-0, retrying (2147483570 attempts left). Error: NOT_ENOUGH_REPLICAS
2026-09-04T13:56:45.048+05:00  WARN 1414027 --- [a1-observability] [lity-producer-1] o.a.k.clients.producer.internals.Sender  : [Producer clientId=a1-observability-producer-1] Got error produce response with correlation id 1085 on topic-partition bank.a1.transaction.events-2, retrying (2147483570 attempts left). Error: NOT_ENOUGH_REPLICAS
2026-09-04T13:56:45.172+05:00  WARN 1414027 --- [a1-observability] [lity-producer-1] o.a.k.clients.producer.internals.Sender  : [Producer clientId=a1-observability-producer-1] Got error produce response with correlation id 1086 on topic-partition bank.a1.transaction.events-4, retrying (2147483570 attempts left). Error: NOT_ENOUGH_REPLICAS
2026-09-04T13:56:46.035+05:00  WARN 1414027 --- [a1-observability] [lity-producer-1] o.a.k.clients.producer.internals.Sender  : [Producer clientId=a1-observability-producer-1] Got error produce response with correlation id 1087 on topic-partition bank.a1.transaction.events-1, retrying (2147483569 attempts left). Error: NOT_ENOUGH_REPLICAS
2026-09-04T13:56:46.035+05:00  WARN 1414027 --- [a1-observability] [lity-producer-1] o.a.k.clients.producer.internals.Sender  : [Producer clientId=a1-observability-producer-1] Got error produce response with correlation id 1087 on topic-partition bank.a1.transaction.events-2, retrying (2147483569 attempts left). Error: NOT_ENOUGH_REPLICAS
2026-09-04T13:56:46.036+05:00  WARN 1414027 --- [a1-observability] [lity-producer-1] o.a.k.clients.producer.internals.Sender  : [Producer clientId=a1-observability-producer-1] Got error produce response with correlation id 1088 on topic-partition bank.a1.transaction.events-5, retrying (2147483570 attempts left). Error: NOT_ENOUGH_REPLICAS
2026-09-04T13:56:46.037+05:00  WARN 1414027 --- [a1-observability] [lity-producer-1] o.a.k.clients.producer.internals.Sender  : [Producer clientId=a1-observability-producer-1] Got error produce response with correlation id 1089 on topic-partition bank.a1.transaction.events-4, retrying (2147483569 attempts left). Error: NOT_ENOUGH_REPLICAS
2026-09-04T13:56:46.049+05:00  WARN 1414027 --- [a1-observability] [lity-producer-1] o.a.k.clients.producer.internals.Sender  : [Producer clientId=a1-observability-producer-1] Got error produce response with correlation id 1090 on topic-partition bank.a1.transaction.events-0, retrying (2147483569 attempts left). Error: NOT_ENOUGH_REPLICAS
2026-09-04T13:56:46.965+05:00  WARN 1414027 --- [a1-observability] [lity-producer-1] o.a.k.clients.producer.internals.Sender  : [Producer clientId=a1-observability-producer-1] Got error produce response with correlation id 1091 on topic-partition bank.a1.transaction.events-0, retrying (2147483568 attempts left). Error: NOT_ENOUGH_REPLICAS
2026-09-04T13:56:46.966+05:00  WARN 1414027 --- [a1-observability] [lity-producer-1] o.a.k.clients.producer.internals.Sender  : [Producer clientId=a1-observability-producer-1] Got error produce response with correlation id 1091 on topic-partition bank.a1.transaction.events-4, retrying (2147483568 attempts left). Error: NOT_ENOUGH_REPLICAS
2026-09-04T13:56:46.966+05:00  WARN 1414027 --- [a1-observability] [lity-producer-1] o.a.k.clients.producer.internals.Sender  : [Producer clientId=a1-observability-producer-1] Got error produce response with correlation id 1091 on topic-partition bank.a1.transaction.events-5, retrying (2147483569 attempts left). Error: NOT_ENOUGH_REPLICAS
2026-09-04T13:56:46.967+05:00  WARN 1414027 --- [a1-observability] [lity-producer-1] o.a.k.clients.producer.internals.Sender  : [Producer clientId=a1-observability-producer-1] Got error produce response with correlation id 1092 on topic-partition bank.a1.transaction.events-1, retrying (2147483568 attempts left). Error: NOT_ENOUGH_REPLICAS
2026-09-04T13:56:46.968+05:00  WARN 1414027 --- [a1-observability] [lity-producer-1] o.a.k.clients.producer.internals.Sender  : [Producer clientId=a1-observability-producer-1] Got error produce response with correlation id 1092 on topic-partition bank.a1.transaction.events-2, retrying (2147483568 attempts left). Error: NOT_ENOUGH_REPLICAS
2026-09-04T13:56:47.920+05:00  WARN 1414027 --- [a1-observability] [lity-producer-1] o.a.k.clients.producer.internals.Sender  : [Producer clientId=a1-observability-producer-1] Got error produce response with correlation id 1093 on topic-partition bank.a1.transaction.events-0, retrying (2147483567 attempts left). Error: NOT_ENOUGH_REPLICAS
2026-09-04T13:56:47.923+05:00  WARN 1414027 --- [a1-observability] [lity-producer-1] o.a.k.clients.producer.internals.Sender  : [Producer clientId=a1-observability-producer-1] Got error produce response with correlation id 1093 on topic-partition bank.a1.transaction.events-1, retrying (2147483567 attempts left). Error: NOT_ENOUGH_REPLICAS
2026-09-04T13:56:47.924+05:00  WARN 1414027 --- [a1-observability] [lity-producer-1] o.a.k.clients.producer.internals.Sender  : [Producer clientId=a1-observability-producer-1] Got error produce response with correlation id 1094 on topic-partition bank.a1.transaction.events-4, retrying (2147483567 attempts left). Error: NOT_ENOUGH_REPLICAS
2026-09-04T13:56:47.924+05:00  WARN 1414027 --- [a1-observability] [lity-producer-1] o.a.k.clients.producer.internals.Sender  : [Producer clientId=a1-observability-producer-1] Got error produce response with correlation id 1095 on topic-partition bank.a1.transaction.events-2, retrying (2147483567 attempts left). Error: NOT_ENOUGH_REPLICAS
2026-09-04T13:56:47.925+05:00  WARN 1414027 --- [a1-observability] [lity-producer-1] o.a.k.clients.producer.internals.Sender  : [Producer clientId=a1-observability-producer-1] Got error produce response with correlation id 1096 on topic-partition bank.a1.transaction.events-5, retrying (2147483568 attempts left). Error: NOT_ENOUGH_REPLICAS
2026-09-04T13:56:48.922+05:00  WARN 1414027 --- [a1-observability] [lity-producer-1] o.a.k.clients.producer.internals.Sender  : [Producer clientId=a1-observability-producer-1] Got error produce response with correlation id 1097 on topic-partition bank.a1.transaction.events-0, retrying (2147483566 attempts left). Error: NOT_ENOUGH_REPLICAS
2026-09-04T13:56:48.923+05:00  WARN 1414027 --- [a1-observability] [lity-producer-1] o.a.k.clients.producer.internals.Sender  : [Producer clientId=a1-observability-producer-1] Got error produce response with correlation id 1097 on topic-partition bank.a1.transaction.events-1, retrying (2147483566 attempts left). Error: NOT_ENOUGH_REPLICAS
2026-09-04T13:56:48.923+05:00  WARN 1414027 --- [a1-observability] [lity-producer-1] o.a.k.clients.producer.internals.Sender  : [Producer clientId=a1-observability-producer-1] Got error produce response with correlation id 1097 on topic-partition bank.a1.transaction.events-5, retrying (2147483567 attempts left). Error: NOT_ENOUGH_REPLICAS
2026-09-04T13:56:48.924+05:00  WARN 1414027 --- [a1-observability] [lity-producer-1] o.a.k.clients.producer.internals.Sender  : [Producer clientId=a1-observability-producer-1] Got error produce response with correlation id 1098 on topic-partition bank.a1.transaction.events-2, retrying (2147483566 attempts left). Error: NOT_ENOUGH_REPLICAS
2026-09-04T13:56:48.924+05:00  WARN 1414027 --- [a1-observability] [lity-producer-1] o.a.k.clients.producer.internals.Sender  : [Producer clientId=a1-observability-producer-1] Got error produce response with correlation id 1098 on topic-partition bank.a1.transaction.events-4, retrying (2147483566 attempts left). Error: NOT_ENOUGH_REPLICAS
2026-09-04T13:56:49.822+05:00  WARN 1414027 --- [a1-observability] [lity-producer-1] o.a.k.clients.producer.internals.Sender  : [Producer clientId=a1-observability-producer-1] Got error produce response with correlation id 1099 on topic-partition bank.a1.transaction.events-0, retrying (2147483565 attempts left). Error: NOT_ENOUGH_REPLICAS
2026-09-04T13:56:49.823+05:00  WARN 1414027 --- [a1-observability] [lity-producer-1] o.a.k.clients.producer.internals.Sender  : [Producer clientId=a1-observability-producer-1] Got error produce response with correlation id 1099 on topic-partition bank.a1.transaction.events-2, retrying (2147483565 attempts left). Error: NOT_ENOUGH_REPLICAS
2026-09-04T13:56:49.823+05:00  WARN 1414027 --- [a1-observability] [lity-producer-1] o.a.k.clients.producer.internals.Sender  : [Producer clientId=a1-observability-producer-1] Got error produce response with correlation id 1099 on topic-partition bank.a1.transaction.events-4, retrying (2147483565 attempts left). Error: NOT_ENOUGH_REPLICAS
2026-09-04T13:56:49.825+05:00  WARN 1414027 --- [a1-observability] [lity-producer-1] o.a.k.clients.producer.internals.Sender  : [Producer clientId=a1-observability-producer-1] Got error produce response with correlation id 1100 on topic-partition bank.a1.transaction.events-5, retrying (2147483566 attempts left). Error: NOT_ENOUGH_REPLICAS
2026-09-04T13:56:49.922+05:00  WARN 1414027 --- [a1-observability] [lity-producer-1] o.a.k.clients.producer.internals.Sender  : [Producer clientId=a1-observability-producer-1] Got error produce response with correlation id 1101 on topic-partition bank.a1.transaction.events-1, retrying (2147483565 attempts left). Error: NOT_ENOUGH_REPLICAS
2026-09-04T13:56:50.716+05:00  WARN 1414027 --- [a1-observability] [lity-producer-1] o.a.k.clients.producer.internals.Sender  : [Producer clientId=a1-observability-producer-1] Got error produce response with correlation id 1102 on topic-partition bank.a1.transaction.events-2, retrying (2147483564 attempts left). Error: NOT_ENOUGH_REPLICAS
2026-09-04T13:56:50.823+05:00  WARN 1414027 --- [a1-observability] [lity-producer-1] o.a.k.clients.producer.internals.Sender  : [Producer clientId=a1-observability-producer-1] Got error produce response with correlation id 1103 on topic-partition bank.a1.transaction.events-0, retrying (2147483564 attempts left). Error: NOT_ENOUGH_REPLICAS
2026-09-04T13:56:50.824+05:00  WARN 1414027 --- [a1-observability] [lity-producer-1] o.a.k.clients.producer.internals.Sender  : [Producer clientId=a1-observability-producer-1] Got error produce response with correlation id 1103 on topic-partition bank.a1.transaction.events-4, retrying (2147483564 attempts left). Error: NOT_ENOUGH_REPLICAS
2026-09-04T13:56:50.824+05:00  WARN 1414027 --- [a1-observability] [lity-producer-1] o.a.k.clients.producer.internals.Sender  : [Producer clientId=a1-observability-producer-1] Got error produce response with correlation id 1103 on topic-partition bank.a1.transaction.events-5, retrying (2147483565 attempts left). Error: NOT_ENOUGH_REPLICAS
2026-09-04T13:56:50.923+05:00  WARN 1414027 --- [a1-observability] [lity-producer-1] o.a.k.clients.producer.internals.Sender  : [Producer clientId=a1-observability-producer-1] Got error produce response with correlation id 1104 on topic-partition bank.a1.transaction.events-1, retrying (2147483564 attempts left). Error: NOT_ENOUGH_REPLICAS
2026-09-04T13:56:51.635+05:00  WARN 1414027 --- [a1-observability] [lity-producer-1] o.a.k.clients.producer.internals.Sender  : [Producer clientId=a1-observability-producer-1] Got error produce response with correlation id 1105 on topic-partition bank.a1.transaction.events-2, retrying (2147483563 attempts left). Error: NOT_ENOUGH_REPLICAS
2026-09-04T13:56:51.739+05:00  WARN 1414027 --- [a1-observability] [lity-producer-1] o.a.k.clients.producer.internals.Sender  : [Producer clientId=a1-observability-producer-1] Got error produce response with correlation id 1106 on topic-partition bank.a1.transaction.events-4, retrying (2147483563 attempts left). Error: NOT_ENOUGH_REPLICAS
2026-09-04T13:56:51.739+05:00  WARN 1414027 --- [a1-observability] [lity-producer-1] o.a.k.clients.producer.internals.Sender  : [Producer clientId=a1-observability-producer-1] Got error produce response with correlation id 1106 on topic-partition bank.a1.transaction.events-5, retrying (2147483564 attempts left). Error: NOT_ENOUGH_REPLICAS
2026-09-04T13:56:51.824+05:00  WARN 1414027 --- [a1-observability] [lity-producer-1] o.a.k.clients.producer.internals.Sender  : [Producer clientId=a1-observability-producer-1] Got error produce response with correlation id 1107 on topic-partition bank.a1.transaction.events-0, retrying (2147483563 attempts left). Error: NOT_ENOUGH_REPLICAS
2026-09-04T13:56:51.924+05:00  WARN 1414027 --- [a1-observability] [lity-producer-1] o.a.k.clients.producer.internals.Sender  : [Producer clientId=a1-observability-producer-1] Got error produce response with correlation id 1108 on topic-partition bank.a1.transaction.events-1, retrying (2147483563 attempts left). Error: NOT_ENOUGH_REPLICAS
2026-09-04T13:56:52.636+05:00  WARN 1414027 --- [a1-observability] [lity-producer-1] o.a.k.clients.producer.internals.Sender  : [Producer clientId=a1-observability-producer-1] Got error produce response with correlation id 1109 on topic-partition bank.a1.transaction.events-2, retrying (2147483562 attempts left). Error: NOT_ENOUGH_REPLICAS
2026-09-04T13:56:52.637+05:00  WARN 1414027 --- [a1-observability] [lity-producer-1] o.a.k.clients.producer.internals.Sender  : [Producer clientId=a1-observability-producer-1] Got error produce response with correlation id 1110 on topic-partition bank.a1.transaction.events-4, retrying (2147483562 attempts left). Error: NOT_ENOUGH_REPLICAS
2026-09-04T13:56:52.740+05:00  WARN 1414027 --- [a1-observability] [lity-producer-1] o.a.k.clients.producer.internals.Sender  : [Producer clientId=a1-observability-producer-1] Got error produce response with correlation id 1111 on topic-partition bank.a1.transaction.events-0, retrying (2147483562 attempts left). Error: NOT_ENOUGH_REPLICAS
2026-09-04T13:56:52.740+05:00  WARN 1414027 --- [a1-observability] [lity-producer-1] o.a.k.clients.producer.internals.Sender  : [Producer clientId=a1-observability-producer-1] Got error produce response with correlation id 1111 on topic-partition bank.a1.transaction.events-5, retrying (2147483563 attempts left). Error: NOT_ENOUGH_REPLICAS
2026-09-04T13:56:52.925+05:00  WARN 1414027 --- [a1-observability] [lity-producer-1] o.a.k.clients.producer.internals.Sender  : [Producer clientId=a1-observability-producer-1] Got error produce response with correlation id 1112 on topic-partition bank.a1.transaction.events-1, retrying (2147483562 attempts left). Error: NOT_ENOUGH_REPLICAS
2026-09-04T13:56:53.457+05:00  WARN 1414027 --- [a1-observability] [lity-producer-1] o.a.k.clients.producer.internals.Sender  : [Producer clientId=a1-observability-producer-1] Got error produce response with correlation id 1113 on topic-partition bank.a1.transaction.events-2, retrying (2147483561 attempts left). Error: NOT_ENOUGH_REPLICAS
2026-09-04T13:56:53.633+05:00  WARN 1414027 --- [a1-observability] [lity-producer-1] o.a.k.clients.producer.internals.Sender  : [Producer clientId=a1-observability-producer-1] Got error produce response with correlation id 1114 on topic-partition bank.a1.transaction.events-5, retrying (2147483562 attempts left). Error: NOT_ENOUGH_REPLICAS
2026-09-04T13:56:53.634+05:00  WARN 1414027 --- [a1-observability] [lity-producer-1] o.a.k.clients.producer.internals.Sender  : [Producer clientId=a1-observability-producer-1] Got error produce response with correlation id 1115 on topic-partition bank.a1.transaction.events-4, retrying (2147483561 attempts left). Error: NOT_ENOUGH_REPLICAS
2026-09-04T13:56:53.742+05:00  WARN 1414027 --- [a1-observability] [lity-producer-1] o.a.k.clients.producer.internals.Sender  : [Producer clientId=a1-observability-producer-1] Got error produce response with correlation id 1116 on topic-partition bank.a1.transaction.events-0, retrying (2147483561 attempts left). Error: NOT_ENOUGH_REPLICAS
2026-09-04T13:56:53.900+05:00  WARN 1414027 --- [a1-observability] [lity-producer-1] o.a.k.clients.producer.internals.Sender  : [Producer clientId=a1-observability-producer-1] Got error produce response with correlation id 1117 on topic-partition bank.a1.transaction.events-1, retrying (2147483561 attempts left). Error: NOT_ENOUGH_REPLICAS
2026-09-04T13:56:54.458+05:00  WARN 1414027 --- [a1-observability] [lity-producer-1] o.a.k.clients.producer.internals.Sender  : [Producer clientId=a1-observability-producer-1] Got error produce response with correlation id 1118 on topic-partition bank.a1.transaction.events-2, retrying (2147483560 attempts left). Error: NOT_ENOUGH_REPLICAS
2026-09-04T13:56:54.634+05:00  WARN 1414027 --- [a1-observability] [lity-producer-1] o.a.k.clients.producer.internals.Sender  : [Producer clientId=a1-observability-producer-1] Got error produce response with correlation id 1119 on topic-partition bank.a1.transaction.events-4, retrying (2147483560 attempts left). Error: NOT_ENOUGH_REPLICAS
2026-09-04T13:56:54.635+05:00  WARN 1414027 --- [a1-observability] [lity-producer-1] o.a.k.clients.producer.internals.Sender  : [Producer clientId=a1-observability-producer-1] Got error produce response with correlation id 1119 on topic-partition bank.a1.transaction.events-5, retrying (2147483561 attempts left). Error: NOT_ENOUGH_REPLICAS
2026-09-04T13:56:54.743+05:00  WARN 1414027 --- [a1-observability] [lity-producer-1] o.a.k.clients.producer.internals.Sender  : [Producer clientId=a1-observability-producer-1] Got error produce response with correlation id 1120 on topic-partition bank.a1.transaction.events-0, retrying (2147483560 attempts left). Error: NOT_ENOUGH_REPLICAS
2026-09-04T13:56:54.901+05:00  WARN 1414027 --- [a1-observability] [lity-producer-1] o.a.k.clients.producer.internals.Sender  : [Producer clientId=a1-observability-producer-1] Got error produce response with correlation id 1121 on topic-partition bank.a1.transaction.events-1, retrying (2147483560 attempts left). Error: NOT_ENOUGH_REPLICAS
2026-09-04T13:56:55.459+05:00  WARN 1414027 --- [a1-observability] [lity-producer-1] o.a.k.clients.producer.internals.Sender  : [Producer clientId=a1-observability-producer-1] Got error produce response with correlation id 1122 on topic-partition bank.a1.transaction.events-2, retrying (2147483559 attempts left). Error: NOT_ENOUGH_REPLICAS
2026-09-04T13:56:55.588+05:00  WARN 1414027 --- [a1-observability] [lity-producer-1] o.a.k.clients.producer.internals.Sender  : [Producer clientId=a1-observability-producer-1] Got error produce response with correlation id 1123 on topic-partition bank.a1.transaction.events-4, retrying (2147483559 attempts left). Error: NOT_ENOUGH_REPLICAS
2026-09-04T13:56:55.589+05:00  WARN 1414027 --- [a1-observability] [lity-producer-1] o.a.k.clients.producer.internals.Sender  : [Producer clientId=a1-observability-producer-1] Got error produce response with correlation id 1124 on topic-partition bank.a1.transaction.events-5, retrying (2147483560 attempts left). Error: NOT_ENOUGH_REPLICAS
2026-09-04T13:56:55.744+05:00  WARN 1414027 --- [a1-observability] [lity-producer-1] o.a.k.clients.producer.internals.Sender  : [Producer clientId=a1-observability-producer-1] Got error produce response with correlation id 1125 on topic-partition bank.a1.transaction.events-0, retrying (2147483559 attempts left). Error: NOT_ENOUGH_REPLICAS
2026-09-04T13:56:55.902+05:00  WARN 1414027 --- [a1-observability] [lity-producer-1] o.a.k.clients.producer.internals.Sender  : [Producer clientId=a1-observability-producer-1] Got error produce response with correlation id 1126 on topic-partition bank.a1.transaction.events-1, retrying (2147483559 attempts left). Error: NOT_ENOUGH_REPLICAS
2026-09-04T13:56:56.460+05:00  WARN 1414027 --- [a1-observability] [lity-producer-1] o.a.k.clients.producer.internals.Sender  : [Producer clientId=a1-observability-producer-1] Got error produce response with correlation id 1127 on topic-partition bank.a1.transaction.events-2, retrying (2147483558 attempts left). Error: NOT_ENOUGH_REPLICAS
2026-09-04T13:56:56.461+05:00  WARN 1414027 --- [a1-observability] [lity-producer-1] o.a.k.clients.producer.internals.Sender  : [Producer clientId=a1-observability-producer-1] Got error produce response with correlation id 1127 on topic-partition bank.a1.transaction.events-4, retrying (2147483558 attempts left). Error: NOT_ENOUGH_REPLICAS
2026-09-04T13:56:56.590+05:00  WARN 1414027 --- [a1-observability] [lity-producer-1] o.a.k.clients.producer.internals.Sender  : [Producer clientId=a1-observability-producer-1] Got error produce response with correlation id 1128 on topic-partition bank.a1.transaction.events-5, retrying (2147483559 attempts left). Error: NOT_ENOUGH_REPLICAS
2026-09-04T13:56:56.745+05:00  WARN 1414027 --- [a1-observability] [lity-producer-1] o.a.k.clients.producer.internals.Sender  : [Producer clientId=a1-observability-producer-1] Got error produce response with correlation id 1129 on topic-partition bank.a1.transaction.events-0, retrying (2147483558 attempts left). Error: NOT_ENOUGH_REPLICAS
2026-09-04T13:56:56.745+05:00  WARN 1414027 --- [a1-observability] [lity-producer-1] o.a.k.clients.producer.internals.Sender  : [Producer clientId=a1-observability-producer-1] Got error produce response with correlation id 1129 on topic-partition bank.a1.transaction.events-1, retrying (2147483558 attempts left). Error: NOT_ENOUGH_REPLICAS
2026-09-04T13:56:57.383+05:00  WARN 1414027 --- [a1-observability] [lity-producer-1] o.a.k.clients.producer.internals.Sender  : [Producer clientId=a1-observability-producer-1] Got error produce response with correlation id 1130 on topic-partition bank.a1.transaction.events-4, retrying (2147483557 attempts left). Error: NOT_ENOUGH_REPLICAS
2026-09-04T13:56:57.461+05:00  WARN 1414027 --- [a1-observability] [lity-producer-1] o.a.k.clients.producer.internals.Sender  : [Producer clientId=a1-observability-producer-1] Got error produce response with correlation id 1131 on topic-partition bank.a1.transaction.events-2, retrying (2147483557 attempts left). Error: NOT_ENOUGH_REPLICAS
2026-09-04T13:56:57.591+05:00  WARN 1414027 --- [a1-observability] [lity-producer-1] o.a.k.clients.producer.internals.Sender  : [Producer clientId=a1-observability-producer-1] Got error produce response with correlation id 1132 on topic-partition bank.a1.transaction.events-5, retrying (2147483558 attempts left). Error: NOT_ENOUGH_REPLICAS
2026-09-04T13:56:57.746+05:00  WARN 1414027 --- [a1-observability] [lity-producer-1] o.a.k.clients.producer.internals.Sender  : [Producer clientId=a1-observability-producer-1] Got error produce response with correlation id 1133 on topic-partition bank.a1.transaction.events-0, retrying (2147483557 attempts left). Error: NOT_ENOUGH_REPLICAS
2026-09-04T13:56:57.747+05:00  WARN 1414027 --- [a1-observability] [lity-producer-1] o.a.k.clients.producer.internals.Sender  : [Producer clientId=a1-observability-producer-1] Got error produce response with correlation id 1133 on topic-partition bank.a1.transaction.events-1, retrying (2147483557 attempts left). Error: NOT_ENOUGH_REPLICAS
2026-09-04T13:56:58.385+05:00  WARN 1414027 --- [a1-observability] [lity-producer-1] o.a.k.clients.producer.internals.Sender  : [Producer clientId=a1-observability-producer-1] Got error produce response with correlation id 1134 on topic-partition bank.a1.transaction.events-4, retrying (2147483556 attempts left). Error: NOT_ENOUGH_REPLICAS
2026-09-04T13:56:58.449+05:00  WARN 1414027 --- [a1-observability] [lity-producer-1] o.a.k.clients.producer.internals.Sender  : [Producer clientId=a1-observability-producer-1] Got error produce response with correlation id 1135 on topic-partition bank.a1.transaction.events-2, retrying (2147483556 attempts left). Error: NOT_ENOUGH_REPLICAS
2026-09-04T13:56:58.592+05:00  WARN 1414027 --- [a1-observability] [lity-producer-1] o.a.k.clients.producer.internals.Sender  : [Producer clientId=a1-observability-producer-1] Got error produce response with correlation id 1136 on topic-partition bank.a1.transaction.events-5, retrying (2147483557 attempts left). Error: NOT_ENOUGH_REPLICAS
2026-09-04T13:56:58.748+05:00  WARN 1414027 --- [a1-observability] [lity-producer-1] o.a.k.clients.producer.internals.Sender  : [Producer clientId=a1-observability-producer-1] Got error produce response with correlation id 1137 on topic-partition bank.a1.transaction.events-0, retrying (2147483556 attempts left). Error: NOT_ENOUGH_REPLICAS
2026-09-04T13:56:58.748+05:00  WARN 1414027 --- [a1-observability] [lity-producer-1] o.a.k.clients.producer.internals.Sender  : [Producer clientId=a1-observability-producer-1] Got error produce response with correlation id 1137 on topic-partition bank.a1.transaction.events-1, retrying (2147483556 attempts left). Error: NOT_ENOUGH_REPLICAS
2026-09-04T13:56:59.348+05:00  WARN 1414027 --- [a1-observability] [lity-producer-1] o.a.k.clients.producer.internals.Sender  : [Producer clientId=a1-observability-producer-1] Got error produce response with correlation id 1138 on topic-partition bank.a1.transaction.events-4, retrying (2147483555 attempts left). Error: NOT_ENOUGH_REPLICAS
2026-09-04T13:56:59.450+05:00  WARN 1414027 --- [a1-observability] [lity-producer-1] o.a.k.clients.producer.internals.Sender  : [Producer clientId=a1-observability-producer-1] Got error produce response with correlation id 1139 on topic-partition bank.a1.transaction.events-2, retrying (2147483555 attempts left). Error: NOT_ENOUGH_REPLICAS
2026-09-04T13:56:59.549+05:00  WARN 1414027 --- [a1-observability] [lity-producer-1] o.a.k.clients.producer.internals.Sender  : [Producer clientId=a1-observability-producer-1] Got error produce response with correlation id 1140 on topic-partition bank.a1.transaction.events-5, retrying (2147483556 attempts left). Error: NOT_ENOUGH_REPLICAS
2026-09-04T13:56:59.749+05:00  WARN 1414027 --- [a1-observability] [lity-producer-1] o.a.k.clients.producer.internals.Sender  : [Producer clientId=a1-observability-producer-1] Got error produce response with correlation id 1141 on topic-partition bank.a1.transaction.events-0, retrying (2147483555 attempts left). Error: NOT_ENOUGH_REPLICAS
2026-09-04T13:56:59.749+05:00  WARN 1414027 --- [a1-observability] [lity-producer-1] o.a.k.clients.producer.internals.Sender  : [Producer clientId=a1-observability-producer-1] Got error produce response with correlation id 1141 on topic-partition bank.a1.transaction.events-1, retrying (2147483555 attempts left). Error: NOT_ENOUGH_REPLICAS
2026-09-04T13:57:00.349+05:00  WARN 1414027 --- [a1-observability] [lity-producer-1] o.a.k.clients.producer.internals.Sender  : [Producer clientId=a1-observability-producer-1] Got error produce response with correlation id 1142 on topic-partition bank.a1.transaction.events-4, retrying (2147483554 attempts left). Error: NOT_ENOUGH_REPLICAS
2026-09-04T13:57:00.451+05:00  WARN 1414027 --- [a1-observability] [lity-producer-1] o.a.k.clients.producer.internals.Sender  : [Producer clientId=a1-observability-producer-1] Got error produce response with correlation id 1143 on topic-partition bank.a1.transaction.events-2, retrying (2147483554 attempts left). Error: NOT_ENOUGH_REPLICAS
2026-09-04T13:57:00.550+05:00  WARN 1414027 --- [a1-observability] [lity-producer-1] o.a.k.clients.producer.internals.Sender  : [Producer clientId=a1-observability-producer-1] Got error produce response with correlation id 1144 on topic-partition bank.a1.transaction.events-5, retrying (2147483555 attempts left). Error: NOT_ENOUGH_REPLICAS
2026-09-04T13:57:00.749+05:00  WARN 1414027 --- [a1-observability] [lity-producer-1] o.a.k.clients.producer.internals.Sender  : [Producer clientId=a1-observability-producer-1] Got error produce response with correlation id 1145 on topic-partition bank.a1.transaction.events-0, retrying (2147483554 attempts left). Error: NOT_ENOUGH_REPLICAS
2026-09-04T13:57:00.750+05:00  WARN 1414027 --- [a1-observability] [lity-producer-1] o.a.k.clients.producer.internals.Sender  : [Producer clientId=a1-observability-producer-1] Got error produce response with correlation id 1145 on topic-partition bank.a1.transaction.events-1, retrying (2147483554 attempts left). Error: NOT_ENOUGH_REPLICAS
2026-09-04T13:57:01.348+05:00  WARN 1414027 --- [a1-observability] [lity-producer-1] o.a.k.clients.producer.internals.Sender  : [Producer clientId=a1-observability-producer-1] Got error produce response with correlation id 1146 on topic-partition bank.a1.transaction.events-4, retrying (2147483553 attempts left). Error: NOT_ENOUGH_REPLICAS
2026-09-04T13:57:01.451+05:00  WARN 1414027 --- [a1-observability] [lity-producer-1] o.a.k.clients.producer.internals.Sender  : [Producer clientId=a1-observability-producer-1] Got error produce response with correlation id 1147 on topic-partition bank.a1.transaction.events-2, retrying (2147483553 attempts left). Error: NOT_ENOUGH_REPLICAS
2026-09-04T13:57:01.551+05:00  WARN 1414027 --- [a1-observability] [lity-producer-1] o.a.k.clients.producer.internals.Sender  : [Producer clientId=a1-observability-producer-1] Got error produce response with correlation id 1148 on topic-partition bank.a1.transaction.events-5, retrying (2147483554 attempts left). Error: NOT_ENOUGH_REPLICAS
2026-09-04T13:57:01.735+05:00  WARN 1414027 --- [a1-observability] [lity-producer-1] o.a.k.clients.producer.internals.Sender  : [Producer clientId=a1-observability-producer-1] Got error produce response with correlation id 1149 on topic-partition bank.a1.transaction.events-0, retrying (2147483553 attempts left). Error: NOT_ENOUGH_REPLICAS
2026-09-04T13:57:01.736+05:00  WARN 1414027 --- [a1-observability] [lity-producer-1] o.a.k.clients.producer.internals.Sender  : [Producer clientId=a1-observability-producer-1] Got error produce response with correlation id 1149 on topic-partition bank.a1.transaction.events-1, retrying (2147483553 attempts left). Error: NOT_ENOUGH_REPLICAS
2026-09-04T13:57:02.349+05:00  WARN 1414027 --- [a1-observability] [lity-producer-1] o.a.k.clients.producer.internals.Sender  : [Producer clientId=a1-observability-producer-1] Got error produce response with correlation id 1150 on topic-partition bank.a1.transaction.events-4, retrying (2147483552 attempts left). Error: NOT_ENOUGH_REPLICAS
2026-09-04T13:57:02.351+05:00  WARN 1414027 --- [a1-observability] [lity-producer-1] o.a.k.clients.producer.internals.Sender  : [Producer clientId=a1-observability-producer-1] Got error produce response with correlation id 1151 on topic-partition bank.a1.transaction.events-2, retrying (2147483552 attempts left). Error: NOT_ENOUGH_REPLICAS
2026-09-04T13:57:02.552+05:00  WARN 1414027 --- [a1-observability] [lity-producer-1] o.a.k.clients.producer.internals.Sender  : [Producer clientId=a1-observability-producer-1] Got error produce response with correlation id 1152 on topic-partition bank.a1.transaction.events-5, retrying (2147483553 attempts left). Error: NOT_ENOUGH_REPLICAS
2026-09-04T13:57:02.669+05:00  WARN 1414027 --- [a1-observability] [lity-producer-1] o.a.k.clients.producer.internals.Sender  : [Producer clientId=a1-observability-producer-1] Got error produce response with correlation id 1153 on topic-partition bank.a1.transaction.events-0, retrying (2147483552 attempts left). Error: NOT_ENOUGH_REPLICAS
2026-09-04T13:57:02.670+05:00  WARN 1414027 --- [a1-observability] [lity-producer-1] o.a.k.clients.producer.internals.Sender  : [Producer clientId=a1-observability-producer-1] Got error produce response with correlation id 1153 on topic-partition bank.a1.transaction.events-1, retrying (2147483552 attempts left). Error: NOT_ENOUGH_REPLICAS
2026-09-04T13:57:03.350+05:00  WARN 1414027 --- [a1-observability] [lity-producer-1] o.a.k.clients.producer.internals.Sender  : [Producer clientId=a1-observability-producer-1] Got error produce response with correlation id 1154 on topic-partition bank.a1.transaction.events-2, retrying (2147483551 attempts left). Error: NOT_ENOUGH_REPLICAS
2026-09-04T13:57:03.350+05:00  WARN 1414027 --- [a1-observability] [lity-producer-1] o.a.k.clients.producer.internals.Sender  : [Producer clientId=a1-observability-producer-1] Got error produce response with correlation id 1154 on topic-partition bank.a1.transaction.events-4, retrying (2147483551 attempts left). Error: NOT_ENOUGH_REPLICAS
2026-09-04T13:57:03.525+05:00  WARN 1414027 --- [a1-observability] [lity-producer-1] o.a.k.clients.producer.internals.Sender  : [Producer clientId=a1-observability-producer-1] Got error produce response with correlation id 1155 on topic-partition bank.a1.transaction.events-0, retrying (2147483551 attempts left). Error: NOT_ENOUGH_REPLICAS
2026-09-04T13:57:03.525+05:00  WARN 1414027 --- [a1-observability] [lity-producer-1] o.a.k.clients.producer.internals.Sender  : [Producer clientId=a1-observability-producer-1] Got error produce response with correlation id 1155 on topic-partition bank.a1.transaction.events-5, retrying (2147483552 attempts left). Error: NOT_ENOUGH_REPLICAS
2026-09-04T13:57:03.670+05:00  WARN 1414027 --- [a1-observability] [lity-producer-1] o.a.k.clients.producer.internals.Sender  : [Producer clientId=a1-observability-producer-1] Got error produce response with correlation id 1156 on topic-partition bank.a1.transaction.events-1, retrying (2147483551 attempts left). Error: NOT_ENOUGH_REPLICAS
2026-09-04T13:57:04.295+05:00  WARN 1414027 --- [a1-observability] [lity-producer-1] o.a.k.clients.producer.internals.Sender  : [Producer clientId=a1-observability-producer-1] Got error produce response with correlation id 1157 on topic-partition bank.a1.transaction.events-2, retrying (2147483550 attempts left). Error: NOT_ENOUGH_REPLICAS
2026-09-04T13:57:04.295+05:00  WARN 1414027 --- [a1-observability] [lity-producer-1] o.a.k.clients.producer.internals.Sender  : [Producer clientId=a1-observability-producer-1] Got error produce response with correlation id 1157 on topic-partition bank.a1.transaction.events-4, retrying (2147483550 attempts left). Error: NOT_ENOUGH_REPLICAS
2026-09-04T13:57:04.526+05:00  WARN 1414027 --- [a1-observability] [lity-producer-1] o.a.k.clients.producer.internals.Sender  : [Producer clientId=a1-observability-producer-1] Got error produce response with correlation id 1158 on topic-partition bank.a1.transaction.events-0, retrying (2147483550 attempts left). Error: NOT_ENOUGH_REPLICAS
2026-09-04T13:57:04.526+05:00  WARN 1414027 --- [a1-observability] [lity-producer-1] o.a.k.clients.producer.internals.Sender  : [Producer clientId=a1-observability-producer-1] Got error produce response with correlation id 1158 on topic-partition bank.a1.transaction.events-5, retrying (2147483551 attempts left). Error: NOT_ENOUGH_REPLICAS
2026-09-04T13:57:04.670+05:00  WARN 1414027 --- [a1-observability] [lity-producer-1] o.a.k.clients.producer.internals.Sender  : [Producer clientId=a1-observability-producer-1] Got error produce response with correlation id 1159 on topic-partition bank.a1.transaction.events-1, retrying (2147483550 attempts left). Error: NOT_ENOUGH_REPLICAS
2026-09-04T13:57:05.242+05:00  WARN 1414027 --- [a1-observability] [lity-producer-1] o.a.k.clients.producer.internals.Sender  : [Producer clientId=a1-observability-producer-1] Got error produce response with correlation id 1160 on topic-partition bank.a1.transaction.events-2, retrying (2147483549 attempts left). Error: NOT_ENOUGH_REPLICAS
2026-09-04T13:57:05.243+05:00  WARN 1414027 --- [a1-observability] [lity-producer-1] o.a.k.clients.producer.internals.Sender  : [Producer clientId=a1-observability-producer-1] Got error produce response with correlation id 1161 on topic-partition bank.a1.transaction.events-4, retrying (2147483549 attempts left). Error: NOT_ENOUGH_REPLICAS
2026-09-04T13:57:05.527+05:00  WARN 1414027 --- [a1-observability] [lity-producer-1] o.a.k.clients.producer.internals.Sender  : [Producer clientId=a1-observability-producer-1] Got error produce response with correlation id 1162 on topic-partition bank.a1.transaction.events-0, retrying (2147483549 attempts left). Error: NOT_ENOUGH_REPLICAS
2026-09-04T13:57:05.528+05:00  WARN 1414027 --- [a1-observability] [lity-producer-1] o.a.k.clients.producer.internals.Sender  : [Producer clientId=a1-observability-producer-1] Got error produce response with correlation id 1162 on topic-partition bank.a1.transaction.events-5, retrying (2147483550 attempts left). Error: NOT_ENOUGH_REPLICAS
2026-09-04T13:57:05.671+05:00  WARN 1414027 --- [a1-observability] [lity-producer-1] o.a.k.clients.producer.internals.Sender  : [Producer clientId=a1-observability-producer-1] Got error produce response with correlation id 1163 on topic-partition bank.a1.transaction.events-1, retrying (2147483549 attempts left). Error: NOT_ENOUGH_REPLICAS
2026-09-04T13:57:06.243+05:00  WARN 1414027 --- [a1-observability] [lity-producer-1] o.a.k.clients.producer.internals.Sender  : [Producer clientId=a1-observability-producer-1] Got error produce response with correlation id 1164 on topic-partition bank.a1.transaction.events-2, retrying (2147483548 attempts left). Error: NOT_ENOUGH_REPLICAS
2026-09-04T13:57:06.244+05:00  WARN 1414027 --- [a1-observability] [lity-producer-1] o.a.k.clients.producer.internals.Sender  : [Producer clientId=a1-observability-producer-1] Got error produce response with correlation id 1165 on topic-partition bank.a1.transaction.events-4, retrying (2147483548 attempts left). Error: NOT_ENOUGH_REPLICAS
2026-09-04T13:57:06.468+05:00  WARN 1414027 --- [a1-observability] [lity-producer-1] o.a.k.clients.producer.internals.Sender  : [Producer clientId=a1-observability-producer-1] Got error produce response with correlation id 1166 on topic-partition bank.a1.transaction.events-0, retrying (2147483548 attempts left). Error: NOT_ENOUGH_REPLICAS
2026-09-04T13:57:06.469+05:00  WARN 1414027 --- [a1-observability] [lity-producer-1] o.a.k.clients.producer.internals.Sender  : [Producer clientId=a1-observability-producer-1] Got error produce response with correlation id 1167 on topic-partition bank.a1.transaction.events-5, retrying (2147483549 attempts left). Error: NOT_ENOUGH_REPLICAS
2026-09-04T13:57:06.672+05:00  WARN 1414027 --- [a1-observability] [lity-producer-1] o.a.k.clients.producer.internals.Sender  : [Producer clientId=a1-observability-producer-1] Got error produce response with correlation id 1168 on topic-partition bank.a1.transaction.events-1, retrying (2147483548 attempts left). Error: NOT_ENOUGH_REPLICAS
2026-09-04T13:57:07.244+05:00  WARN 1414027 --- [a1-observability] [lity-producer-1] o.a.k.clients.producer.internals.Sender  : [Producer clientId=a1-observability-producer-1] Got error produce response with correlation id 1169 on topic-partition bank.a1.transaction.events-2, retrying (2147483547 attempts left). Error: NOT_ENOUGH_REPLICAS
2026-09-04T13:57:07.244+05:00  WARN 1414027 --- [a1-observability] [lity-producer-1] o.a.k.clients.producer.internals.Sender  : [Producer clientId=a1-observability-producer-1] Got error produce response with correlation id 1169 on topic-partition bank.a1.transaction.events-4, retrying (2147483547 attempts left). Error: NOT_ENOUGH_REPLICAS
2026-09-04T13:57:07.362+05:00  WARN 1414027 --- [a1-observability] [lity-producer-1] o.a.k.clients.producer.internals.Sender  : [Producer clientId=a1-observability-producer-1] Got error produce response with correlation id 1170 on topic-partition bank.a1.transaction.events-0, retrying (2147483547 attempts left). Error: NOT_ENOUGH_REPLICAS
2026-09-04T13:57:07.470+05:00  WARN 1414027 --- [a1-observability] [lity-producer-1] o.a.k.clients.producer.internals.Sender  : [Producer clientId=a1-observability-producer-1] Got error produce response with correlation id 1171 on topic-partition bank.a1.transaction.events-5, retrying (2147483548 attempts left). Error: NOT_ENOUGH_REPLICAS
2026-09-04T13:57:07.557+05:00  WARN 1414027 --- [a1-observability] [lity-producer-1] o.a.k.clients.producer.internals.Sender  : [Producer clientId=a1-observability-producer-1] Got error produce response with correlation id 1172 on topic-partition bank.a1.transaction.events-1, retrying (2147483547 attempts left). Error: NOT_ENOUGH_REPLICAS
2026-09-04T13:57:08.246+05:00  WARN 1414027 --- [a1-observability] [lity-producer-1] o.a.k.clients.producer.internals.Sender  : [Producer clientId=a1-observability-producer-1] Got error produce response with correlation id 1173 on topic-partition bank.a1.transaction.events-2, retrying (2147483546 attempts left). Error: NOT_ENOUGH_REPLICAS
2026-09-04T13:57:08.247+05:00  WARN 1414027 --- [a1-observability] [lity-producer-1] o.a.k.clients.producer.internals.Sender  : [Producer clientId=a1-observability-producer-1] Got error produce response with correlation id 1173 on topic-partition bank.a1.transaction.events-4, retrying (2147483546 attempts left). Error: NOT_ENOUGH_REPLICAS
2026-09-04T13:57:08.363+05:00  WARN 1414027 --- [a1-observability] [lity-producer-1] o.a.k.clients.producer.internals.Sender  : [Producer clientId=a1-observability-producer-1] Got error produce response with correlation id 1174 on topic-partition bank.a1.transaction.events-0, retrying (2147483546 attempts left). Error: NOT_ENOUGH_REPLICAS
2026-09-04T13:57:08.468+05:00  WARN 1414027 --- [a1-observability] [lity-producer-1] o.a.k.clients.producer.internals.Sender  : [Producer clientId=a1-observability-producer-1] Got error produce response with correlation id 1175 on topic-partition bank.a1.transaction.events-1, retrying (2147483546 attempts left). Error: NOT_ENOUGH_REPLICAS
2026-09-04T13:57:08.468+05:00  WARN 1414027 --- [a1-observability] [lity-producer-1] o.a.k.clients.producer.internals.Sender  : [Producer clientId=a1-observability-producer-1] Got error produce response with correlation id 1176 on topic-partition bank.a1.transaction.events-5, retrying (2147483547 attempts left). Error: NOT_ENOUGH_REPLICAS
2026-09-04T13:57:09.247+05:00  WARN 1414027 --- [a1-observability] [lity-producer-1] o.a.k.clients.producer.internals.Sender  : [Producer clientId=a1-observability-producer-1] Got error produce response with correlation id 1177 on topic-partition bank.a1.transaction.events-0, retrying (2147483545 attempts left). Error: NOT_ENOUGH_REPLICAS
2026-09-04T13:57:09.247+05:00  WARN 1414027 --- [a1-observability] [lity-producer-1] o.a.k.clients.producer.internals.Sender  : [Producer clientId=a1-observability-producer-1] Got error produce response with correlation id 1177 on topic-partition bank.a1.transaction.events-2, retrying (2147483545 attempts left). Error: NOT_ENOUGH_REPLICAS
2026-09-04T13:57:09.248+05:00  WARN 1414027 --- [a1-observability] [lity-producer-1] o.a.k.clients.producer.internals.Sender  : [Producer clientId=a1-observability-producer-1] Got error produce response with correlation id 1177 on topic-partition bank.a1.transaction.events-4, retrying (2147483545 attempts left). Error: NOT_ENOUGH_REPLICAS
2026-09-04T13:57:09.469+05:00  WARN 1414027 --- [a1-observability] [lity-producer-1] o.a.k.clients.producer.internals.Sender  : [Producer clientId=a1-observability-producer-1] Got error produce response with correlation id 1178 on topic-partition bank.a1.transaction.events-1, retrying (2147483545 attempts left). Error: NOT_ENOUGH_REPLICAS
2026-09-04T13:57:09.470+05:00  WARN 1414027 --- [a1-observability] [lity-producer-1] o.a.k.clients.producer.internals.Sender  : [Producer clientId=a1-observability-producer-1] Got error produce response with correlation id 1178 on topic-partition bank.a1.transaction.events-5, retrying (2147483546 attempts left). Error: NOT_ENOUGH_REPLICAS
2026-09-04T13:57:10.120+05:00  WARN 1414027 --- [a1-observability] [lity-producer-1] o.a.k.clients.producer.internals.Sender  : [Producer clientId=a1-observability-producer-1] Got error produce response with correlation id 1179 on topic-partition bank.a1.transaction.events-2, retrying (2147483544 attempts left). Error: NOT_ENOUGH_REPLICAS
2026-09-04T13:57:10.121+05:00  WARN 1414027 --- [a1-observability] [lity-producer-1] o.a.k.clients.producer.internals.Sender  : [Producer clientId=a1-observability-producer-1] Got error produce response with correlation id 1180 on topic-partition bank.a1.transaction.events-4, retrying (2147483544 attempts left). Error: NOT_ENOUGH_REPLICAS
2026-09-04T13:57:10.247+05:00  WARN 1414027 --- [a1-observability] [lity-producer-1] o.a.k.clients.producer.internals.Sender  : [Producer clientId=a1-observability-producer-1] Got error produce response with correlation id 1181 on topic-partition bank.a1.transaction.events-0, retrying (2147483544 attempts left). Error: NOT_ENOUGH_REPLICAS
2026-09-04T13:57:10.470+05:00  WARN 1414027 --- [a1-observability] [lity-producer-1] o.a.k.clients.producer.internals.Sender  : [Producer clientId=a1-observability-producer-1] Got error produce response with correlation id 1182 on topic-partition bank.a1.transaction.events-1, retrying (2147483544 attempts left). Error: NOT_ENOUGH_REPLICAS
2026-09-04T13:57:10.471+05:00  WARN 1414027 --- [a1-observability] [lity-producer-1] o.a.k.clients.producer.internals.Sender  : [Producer clientId=a1-observability-producer-1] Got error produce response with correlation id 1182 on topic-partition bank.a1.transaction.events-5, retrying (2147483545 attempts left). Error: NOT_ENOUGH_REPLICAS
2026-09-04T13:57:11.100+05:00  WARN 1414027 --- [a1-observability] [lity-producer-1] o.a.k.clients.producer.internals.Sender  : [Producer clientId=a1-observability-producer-1] Got error produce response with correlation id 1183 on topic-partition bank.a1.transaction.events-0, retrying (2147483543 attempts left). Error: NOT_ENOUGH_REPLICAS
2026-09-04T13:57:11.101+05:00  WARN 1414027 --- [a1-observability] [lity-producer-1] o.a.k.clients.producer.internals.Sender  : [Producer clientId=a1-observability-producer-1] Got error produce response with correlation id 1183 on topic-partition bank.a1.transaction.events-2, retrying (2147483543 attempts left). Error: NOT_ENOUGH_REPLICAS
2026-09-04T13:57:11.122+05:00  WARN 1414027 --- [a1-observability] [lity-producer-1] o.a.k.clients.producer.internals.Sender  : [Producer clientId=a1-observability-producer-1] Got error produce response with correlation id 1184 on topic-partition bank.a1.transaction.events-4, retrying (2147483543 attempts left). Error: NOT_ENOUGH_REPLICAS
2026-09-04T13:57:11.364+05:00  WARN 1414027 --- [a1-observability] [lity-producer-1] o.a.k.clients.producer.internals.Sender  : [Producer clientId=a1-observability-producer-1] Got error produce response with correlation id 1185 on topic-partition bank.a1.transaction.events-1, retrying (2147483543 attempts left). Error: NOT_ENOUGH_REPLICAS
2026-09-04T13:57:11.364+05:00  WARN 1414027 --- [a1-observability] [lity-producer-1] o.a.k.clients.producer.internals.Sender  : [Producer clientId=a1-observability-producer-1] Got error produce response with correlation id 1186 on topic-partition bank.a1.transaction.events-5, retrying (2147483544 attempts left). Error: NOT_ENOUGH_REPLICAS
2026-09-04T13:57:12.012+05:00  WARN 1414027 --- [a1-observability] [lity-producer-1] o.a.k.clients.producer.internals.Sender  : [Producer clientId=a1-observability-producer-1] Got error produce response with correlation id 1187 on topic-partition bank.a1.transaction.events-0, retrying (2147483542 attempts left). Error: NOT_ENOUGH_REPLICAS
2026-09-04T13:57:12.052+05:00  WARN 1414027 --- [a1-observability] [lity-producer-1] o.a.k.clients.producer.internals.Sender  : [Producer clientId=a1-observability-producer-1] Got error produce response with correlation id 1188 on topic-partition bank.a1.transaction.events-2, retrying (2147483542 attempts left). Error: NOT_ENOUGH_REPLICAS
2026-09-04T13:57:12.054+05:00  WARN 1414027 --- [a1-observability] [lity-producer-1] o.a.k.clients.producer.internals.Sender  : [Producer clientId=a1-observability-producer-1] Got error produce response with correlation id 1189 on topic-partition bank.a1.transaction.events-4, retrying (2147483542 attempts left). Error: NOT_ENOUGH_REPLICAS
2026-09-04T13:57:12.365+05:00  WARN 1414027 --- [a1-observability] [lity-producer-1] o.a.k.clients.producer.internals.Sender  : [Producer clientId=a1-observability-producer-1] Got error produce response with correlation id 1190 on topic-partition bank.a1.transaction.events-1, retrying (2147483542 attempts left). Error: NOT_ENOUGH_REPLICAS
2026-09-04T13:57:12.366+05:00  WARN 1414027 --- [a1-observability] [lity-producer-1] o.a.k.clients.producer.internals.Sender  : [Producer clientId=a1-observability-producer-1] Got error produce response with correlation id 1190 on topic-partition bank.a1.transaction.events-5, retrying (2147483543 attempts left). Error: NOT_ENOUGH_REPLICAS
2026-09-04T13:57:13.014+05:00  WARN 1414027 --- [a1-observability] [lity-producer-1] o.a.k.clients.producer.internals.Sender  : [Producer clientId=a1-observability-producer-1] Got error produce response with correlation id 1191 on topic-partition bank.a1.transaction.events-0, retrying (2147483541 attempts left). Error: NOT_ENOUGH_REPLICAS
2026-09-04T13:57:13.014+05:00  WARN 1414027 --- [a1-observability] [lity-producer-1] o.a.k.clients.producer.internals.Sender  : [Producer clientId=a1-observability-producer-1] Got error produce response with correlation id 1191 on topic-partition bank.a1.transaction.events-2, retrying (2147483541 attempts left). Error: NOT_ENOUGH_REPLICAS
2026-09-04T13:57:13.015+05:00  WARN 1414027 --- [a1-observability] [lity-producer-1] o.a.k.clients.producer.internals.Sender  : [Producer clientId=a1-observability-producer-1] Got error produce response with correlation id 1192 on topic-partition bank.a1.transaction.events-4, retrying (2147483541 attempts left). Error: NOT_ENOUGH_REPLICAS
2026-09-04T13:57:13.367+05:00  WARN 1414027 --- [a1-observability] [lity-producer-1] o.a.k.clients.producer.internals.Sender  : [Producer clientId=a1-observability-producer-1] Got error produce response with correlation id 1193 on topic-partition bank.a1.transaction.events-1, retrying (2147483541 attempts left). Error: NOT_ENOUGH_REPLICAS
2026-09-04T13:57:13.368+05:00  WARN 1414027 --- [a1-observability] [lity-producer-1] o.a.k.clients.producer.internals.Sender  : [Producer clientId=a1-observability-producer-1] Got error produce response with correlation id 1193 on topic-partition bank.a1.transaction.events-5, retrying (2147483542 attempts left). Error: NOT_ENOUGH_REPLICAS
2026-09-04T13:57:14.016+05:00  WARN 1414027 --- [a1-observability] [lity-producer-1] o.a.k.clients.producer.internals.Sender  : [Producer clientId=a1-observability-producer-1] Got error produce response with correlation id 1194 on topic-partition bank.a1.transaction.events-0, retrying (2147483540 attempts left). Error: NOT_ENOUGH_REPLICAS
2026-09-04T13:57:14.017+05:00  WARN 1414027 --- [a1-observability] [lity-producer-1] o.a.k.clients.producer.internals.Sender  : [Producer clientId=a1-observability-producer-1] Got error produce response with correlation id 1194 on topic-partition bank.a1.transaction.events-2, retrying (2147483540 attempts left). Error: NOT_ENOUGH_REPLICAS
2026-09-04T13:57:14.018+05:00  WARN 1414027 --- [a1-observability] [lity-producer-1] o.a.k.clients.producer.internals.Sender  : [Producer clientId=a1-observability-producer-1] Got error produce response with correlation id 1195 on topic-partition bank.a1.transaction.events-4, retrying (2147483540 attempts left). Error: NOT_ENOUGH_REPLICAS
2026-09-04T13:57:14.281+05:00  WARN 1414027 --- [a1-observability] [lity-producer-1] o.a.k.clients.producer.internals.Sender  : [Producer clientId=a1-observability-producer-1] Got error produce response with correlation id 1196 on topic-partition bank.a1.transaction.events-1, retrying (2147483540 attempts left). Error: NOT_ENOUGH_REPLICAS
2026-09-04T13:57:14.369+05:00  WARN 1414027 --- [a1-observability] [lity-producer-1] o.a.k.clients.producer.internals.Sender  : [Producer clientId=a1-observability-producer-1] Got error produce response with correlation id 1197 on topic-partition bank.a1.transaction.events-5, retrying (2147483541 attempts left). Error: NOT_ENOUGH_REPLICAS
2026-09-04T13:57:14.877+05:00  WARN 1414027 --- [a1-observability] [lity-producer-1] o.a.k.clients.producer.internals.Sender  : [Producer clientId=a1-observability-producer-1] Got error produce response with correlation id 1198 on topic-partition bank.a1.transaction.events-0, retrying (2147483539 attempts left). Error: NOT_ENOUGH_REPLICAS
2026-09-04T13:58:33.958+05:00  INFO 1414027 --- [a1-observability] [ionShutdownHook] o.s.boot.tomcat.GracefulShutdown         : Commencing graceful shutdown. Waiting for active requests to complete
2026-09-04T13:58:33.962+05:00  INFO 1414027 --- [a1-observability] [tomcat-shutdown] o.s.boot.tomcat.GracefulShutdown         : Graceful shutdown complete
2026-09-04T13:58:33.968+05:00  INFO 1414027 --- [a1-observability] [ionShutdownHook] o.a.k.clients.producer.KafkaProducer     : [Producer clientId=a1-observability-producer-1] Closing the Kafka producer with timeoutMillis = 30000 ms.
2026-09-04T13:58:33.976+05:00  INFO 1414027 --- [a1-observability] [ionShutdownHook] o.apache.kafka.common.metrics.Metrics    : Metrics scheduler closed
2026-09-04T13:58:33.976+05:00  INFO 1414027 --- [a1-observability] [ionShutdownHook] o.apache.kafka.common.metrics.Metrics    : Closing reporter org.apache.kafka.common.metrics.JmxReporter
2026-09-04T13:58:33.977+05:00  INFO 1414027 --- [a1-observability] [ionShutdownHook] o.apache.kafka.common.metrics.Metrics    : Closing reporter org.apache.kafka.common.telemetry.internals.ClientTelemetryReporter
2026-09-04T13:58:33.977+05:00  INFO 1414027 --- [a1-observability] [ionShutdownHook] o.apache.kafka.common.metrics.Metrics    : Metrics reporters closed
2026-09-04T13:58:33.980+05:00  INFO 1414027 --- [a1-observability] [ionShutdownHook] o.a.kafka.common.utils.AppInfoParser     : App info kafka.producer for a1-observability-producer-1 unregistered
2026-09-04T13:58:33.988+05:00  INFO 1414027 --- [a1-observability] [ionShutdownHook] com.zaxxer.hikari.HikariDataSource       : a1-oltp - Shutdown initiated...
2026-09-04T13:58:34.008+05:00  INFO 1414027 --- [a1-observability] [ionShutdownHook] com.zaxxer.hikari.HikariDataSource       : a1-oltp - Shutdown completed.
